event_id,generated_at,source_node,service_name,status_code,is_synthetic,scenario_tag,telemetry_profile,cpu_pct,memory_pct,latency_ms,disk_io_pct,net_error_rate,queue_length,throughput_rate,http_5xx_rate
a3f4c82d-b688-4433-a440-05d20018992d,2026-04-25T17:21:22.791240-04:00,node-01,payments-api,200,True,anomalous,market_aware_v1,44.092,53.529,113.372,27.732,0.7,49.289,65.357,1.214
bb222061-b3d5-4231-9868-c9d1b7e6a3e2,2026-04-25T17:21:22.804506-04:00,node-01,orders-api,200,True,normal,market_aware_v1,50.272,50.184,80.223,31.236,0.271,42.566,103.979,0.522
164e1230-009d-4070-85b5-e4d8a234c2e2,2026-04-25T17:21:22.815109-04:00,node-01,checkout-api,200,True,normal,market_aware_v1,49.653,49.855,92.894,30.563,0.39,40.099,80.134,0.797
7a70d81f-e976-4d0a-88dc-4091f6a1c4f5,2026-04-25T17:21:22.825616-04:00,node-01,payments-api,200,True,normal,market_aware_v1,42.144,49.506,94.315,27.388,0.271,40.5,70.182,0.546
f48b4941-bea8-4e9d-ab9f-05891e8f79c6,2026-04-25T17:21:22.836126-04:00,node-01,orders-api,200,True,normal,market_aware_v1,51.612,45.092,69.877,36.612,0.252,37.22,113.931,0.526
ee1ec57f-b52f-4f75-9103-494a96fe0489,2026-04-25T17:21:22.846637-04:00,node-01,checkout-api,200,True,normal,market_aware_v1,51.703,53.008,105.174,31.838,0.504,46.461,79.796,0.921
d60ce9e8-c896-4fca-b513-aa336ea2ccc3,2026-04-25T17:21:22.857155-04:00,node-01,payments-api,200,True,normal,market_aware_v1,47.369,52.004,107.542,26.576,0.26,41.536,69.642,0.498
455e3a01-4c0e-491b-9f11-ce172a6444d8,2026-04-25T17:21:22.867600-04:00,node-01,orders-api,200,True,normal,market_aware_v1,52.709,48.777,81.032,34.145,0.213,42.507,108.817,0.508
e867a60c-574e-4731-a8f0-cd21a8b48dfc,2026-04-25T17:21:22.878125-04:00,node-01,checkout-api,200,True,normal,market_aware_v1,51.092,48.504,86.966,32.364,0.373,45.379,85.58,0.815
e9bf4c12-2893-4561-a6e1-53f97ec5b691,2026-04-25T17:21:22.888602-04:00,node-01,payments-api,200,True,normal,market_aware_v1,50.159,52.611,105.355,27.289,0.449,43.14,74.0,0.863
82fc8eee-eb18-4e58-b0bc-0f773e44b101,2026-04-25T17:21:22.899109-04:00,node-01,orders-api,200,True,normal,market_aware_v1,50.384,48.788,68.904,32.536,0.185,39.769,109.066,0.398
797d5573-f0e9-4b8c-8e97-d24eeffa4af5,2026-04-25T17:21:22.909636-04:00,node-01,checkout-api,200,True,normal,market_aware_v1,50.947,49.059,95.313,32.584,0.524,45.281,81.021,0.928
802995cb-043a-473d-a02f-5efcb0ba9f0f,2026-04-25T17:21:22.920171-04:00,node-01,payments-api,200,True,normal,market_aware_v1,44.769,51.639,89.401,27.515,0.363,45.762,74.357,0.738
b313e95f-6c7a-46e9-b505-39e4d9ad676e,2026-04-25T17:21:22.930662-04:00,node-01,orders-api,200,True,normal,market_aware_v1,54.011,45.24,89.58,31.551,0.355,50.524,105.644,0.82
4dbe611f-99f9-4a94-80e1-35010d936a09,2026-04-25T17:21:22.941161-04:00,node-01,checkout-api,200,True,normal,market_aware_v1,47.653,49.295,89.55,29.288,0.308,35.11,79.507,0.542
18c9d397-8abe-4a19-abdc-c820c0f189f3,2026-04-25T17:21:22.951645-04:00,node-01,payments-api,429,True,anomalous,market_aware_v1,46.079,49.968,129.012,27.818,0.666,50.175,70.626,1.3
78513070-d50f-4bd6-898a-19bc19e99a95,2026-04-25T17:21:22.962161-04:00,node-01,orders-api,200,True,anomalous,market_aware_v1,56.041,47.74,110.605,31.575,0.782,52.288,99.399,1.563
21d76f4b-7731-46e1-8ec5-fe969e501ae0,2026-04-25T17:21:22.972583-04:00,node-01,checkout-api,200,True,normal,market_aware_v1,47.445,48.095,100.942,30.102,0.49,47.44,82.859,0.921
3b6b686c-c1d9-4e9c-9660-a96e3b67e9bd,2026-04-25T17:21:22.983116-04:00,node-01,payments-api,200,True,normal,market_aware_v1,40.862,50.208,89.102,24.624,0.389,36.414,66.947,0.626
05942dcc-fd0a-4402-9795-7b36cd81ac33,2026-04-25T17:21:22.993568-04:00,node-01,orders-api,200,True,normal,market_aware_v1,49.594,44.851,65.757,28.822,0.248,32.364,97.388,0.441
910a980d-7756-470f-9e80-eb3488f3a134,2026-04-25T17:21:23.004056-04:00,node-01,checkout-api,200,True,normal,market_aware_v1,43.093,48.977,77.519,28.73,0.458,36.439,81.696,0.682
2a0ef0a7-febf-48bb-b678-231fe28ffe62,2026-04-25T17:21:23.014512-04:00,node-01,payments-api,200,True,normal,market_aware_v1,38.911,50.257,93.677,27.376,0.348,43.555,66.032,0.725
3de22d47-1416-42d2-9e0f-2986dfa97769,2026-04-25T17:21:23.024999-04:00,node-01,orders-api,200,True,anomalous,market_aware_v1,48.613,43.629,91.106,31.489,0.588,49.812,91.644,0.94
2472971b-9563-43b9-a9a5-dea5d3bdbbbe,2026-04-25T17:21:23.035476-04:00,node-01,checkout-api,200,True,normal,market_aware_v1,40.598,46.523,95.71,27.576,0.433,43.874,71.237,0.754
2e046fcb-5b80-459b-b459-980f471fd345,2026-04-25T17:21:23.045971-04:00,node-01,payments-api,200,True,normal,market_aware_v1,40.441,46.665,98.539,22.321,0.325,41.758,61.491,0.593
4d556c35-5e0a-4f22-9e40-a18aed2e65dd,2026-04-25T17:21:23.056494-04:00,node-01,orders-api,200,True,normal,market_aware_v1,43.927,37.095,79.406,28.997,0.37,40.667,98.15,0.637
7df2f13d-6910-47fd-8a8e-94839f3e85af,2026-04-25T17:21:23.066993-04:00,node-01,checkout-api,200,True,normal,market_aware_v1,40.266,42.748,87.768,27.168,0.303,34.085,75.914,0.508
2891c1f4-3598-4b7c-81a2-c2c759d38b35,2026-04-25T17:21:23.077495-04:00,node-01,payments-api,200,True,normal,market_aware_v1,34.607,45.614,106.905,26.036,0.346,47.165,53.864,0.889
673b4cae-8410-4b48-9724-43321657e2f9,2026-04-25T17:21:23.088036-04:00,node-01,orders-api,200,True,normal,market_aware_v1,43.171,39.723,70.336,30.016,0.2,33.36,97.461,0.181
231359f6-0924-44d5-abf9-6d0cad763fe5,2026-04-25T17:21:23.098583-04:00,node-01,checkout-api,200,True,normal,market_aware_v1,44.383,44.371,71.153,27.517,0.249,29.356,75.519,0.337
c2b482d3-7a90-48e6-a812-0446f8cea2cf,2026-04-25T17:21:23.109088-04:00,node-01,payments-api,200,True,normal,market_aware_v1,34.347,49.246,94.559,24.038,0.293,37.48,60.239,0.604
504d1ead-d5b9-4ede-81d0-11bd667f680c,2026-04-25T17:21:23.119725-04:00,node-01,orders-api,200,True,normal,market_aware_v1,41.235,37.86,65.418,27.893,0.175,31.48,95.544,0.292
13cb784d-8c21-4b31-bb4a-3ab3af95c6fd,2026-04-25T17:21:23.130193-04:00,node-01,checkout-api,200,True,anomalous,market_aware_v1,43.24,48.864,99.106,28.931,0.726,47.065,59.177,1.127
fd370c50-d1cb-46fa-8758-9fa96bc3a5a2,2026-04-25T17:21:23.140662-04:00,node-01,payments-api,200,True,normal,market_aware_v1,31.873,44.985,85.923,26.583,0.383,45.641,61.753,0.804
5df010fb-41de-4fa0-8b0c-1e5dac98b7b9,2026-04-25T17:21:23.151090-04:00,node-01,orders-api,200,True,normal,market_aware_v1,41.063,37.828,81.877,30.818,0.188,42.39,93.924,0.481
60c54aba-8379-45ce-9d1e-0c7f6d2799ca,2026-04-25T17:21:23.161504-04:00,node-01,checkout-api,200,True,normal,market_aware_v1,39.45,45.439,81.932,26.698,0.276,31.935,72.096,0.549
2ba7cf32-6046-472b-bbca-47981007aad5,2026-04-25T17:21:23.171913-04:00,node-01,payments-api,200,True,normal,market_aware_v1,40.946,47.178,101.957,27.252,0.361,40.074,59.155,0.641
62bab527-2330-4c28-bb47-d8b705294ea8,2026-04-25T17:21:23.182300-04:00,node-01,orders-api,200,True,normal,market_aware_v1,47.704,40.109,77.047,28.988,0.198,39.802,95.176,0.385
09526c95-64c0-4c42-9a03-690adb82bab1,2026-04-25T17:21:23.192737-04:00,node-01,checkout-api,200,True,normal,market_aware_v1,43.291,48.917,89.703,27.952,0.441,40.998,75.863,0.747
e5493f4a-1abb-4e8f-8eec-3345e9a86ab5,2026-04-25T17:21:23.203109-04:00,node-01,payments-api,200,True,normal,market_aware_v1,40.553,50.085,85.149,25.656,0.337,41.091,66.303,0.831
92a6708f-d77d-4625-af59-9faa085374a8,2026-04-25T17:21:23.213512-04:00,node-01,orders-api,200,True,normal,market_aware_v1,43.963,45.193,77.819,31.493,0.133,41.824,94.506,0.485
c4da94b8-0ccd-4c70-ba72-d2b1e5a4030a,2026-04-25T17:21:23.223892-04:00,node-01,checkout-api,200,True,normal,market_aware_v1,47.76,48.92,111.591,29.41,0.571,49.375,80.458,1.188
3dd8468a-71ab-474b-a373-3ecc7b52afdc,2026-04-25T17:21:23.234309-04:00,node-01,payments-api,200,True,anomalous,market_aware_v1,42.348,53.008,109.178,28.939,0.718,48.713,59.961,1.332
2c65f477-7e6a-4661-8e81-a012734c5359,2026-04-25T17:21:23.244742-04:00,node-01,orders-api,200,True,normal,market_aware_v1,47.788,43.639,74.561,29.906,0.27,42.126,99.513,0.569
ad4b1e89-37d5-4f4a-83e1-a41aef0be7c2,2026-04-25T17:21:23.255141-04:00,node-01,checkout-api,200,True,normal,market_aware_v1,46.461,50.701,95.919,29.696,0.482,47.686,77.923,0.995
d2210d1f-77d7-4b6e-894d-5d22ff5994cf,2026-04-25T17:21:23.265546-04:00,node-01,payments-api,200,True,normal,market_aware_v1,42.892,49.885,98.571,24.541,0.301,37.476,68.941,0.603
00afc266-1e0e-4eb3-937a-adb51ba9dc4a,2026-04-25T17:21:23.275950-04:00,node-01,orders-api,200,True,normal,market_aware_v1,50.025,45.822,90.306,31.496,0.281,44.088,97.665,0.466
9ee1611f-e5e7-4af4-9d25-3a797f01c176,2026-04-25T17:21:23.286346-04:00,node-01,checkout-api,200,True,normal,market_aware_v1,44.966,49.869,99.095,30.831,0.386,41.429,83.709,0.897
cffa1b14-262e-494a-b0e3-64b28d01400a,2026-04-25T17:21:23.296791-04:00,node-01,payments-api,200,True,normal,market_aware_v1,49.397,52.435,121.736,28.496,0.568,53.171,62.931,1.309
99646215-ff51-4f00-9c14-bdd568fb2eee,2026-04-25T17:21:23.307232-04:00,node-01,orders-api,200,True,normal,market_aware_v1,44.215,49.859,81.908,31.415,0.272,43.012,107.474,0.539
afc31cb8-708b-4305-924c-898b7eb89cae,2026-04-25T17:21:23.317693-04:00,node-01,checkout-api,200,True,normal,market_aware_v1,49.732,49.248,111.338,29.609,0.466,51.242,78.759,1.08
18dc9f2a-2807-42d4-9acd-b3ac89d79f39,2026-04-25T17:21:23.328086-04:00,node-01,payments-api,200,True,normal,market_aware_v1,45.261,48.066,92.168,25.464,0.343,37.968,79.112,0.597
49b91ec9-ba84-442d-991b-1d831a621fec,2026-04-25T17:21:23.338519-04:00,node-01,orders-api,200,True,anomalous,market_aware_v1,54.381,47.258,104.236,33.444,0.64,55.521,93.168,1.133
7eaef46e-e022-457d-9e88-9c0be2f4ae06,2026-04-25T17:21:23.348944-04:00,node-01,checkout-api,200,True,normal,market_aware_v1,48.175,47.63,93.777,29.835,0.342,41.624,80.051,0.562
40146d41-14a5-4079-b858-a826b66dd84a,2026-04-25T17:21:23.359392-04:00,node-01,payments-api,200,True,normal,market_aware_v1,41.998,50.865,99.327,24.922,0.371,43.721,66.968,0.638
71998c6a-d012-4e04-a9cd-9e63fdc55305,2026-04-25T17:21:23.369832-04:00,node-01,orders-api,200,True,normal,market_aware_v1,49.498,43.395,86.731,32.926,0.266,44.076,99.603,0.743
9504ef04-b2f1-4311-a7af-adff8320ab3c,2026-04-25T17:21:23.380242-04:00,node-01,checkout-api,200,True,normal,market_aware_v1,48.489,51.657,79.758,28.912,0.359,34.017,81.064,0.522
42d4f259-8e01-453c-bf17-36e73db30c1f,2026-04-25T17:21:23.390726-04:00,node-01,payments-api,200,True,normal,market_aware_v1,40.183,48.425,104.388,26.195,0.431,43.118,58.23,0.734
2630b50d-9653-41d5-9f73-0fdd043d92dd,2026-04-25T17:21:23.401140-04:00,node-01,orders-api,200,True,normal,market_aware_v1,46.117,46.417,83.916,33.025,0.25,47.775,96.771,0.559
277e6cff-df86-402a-95cf-1371d9e5a9c8,2026-04-25T17:21:23.411539-04:00,node-01,checkout-api,200,True,normal,market_aware_v1,40.994,44.839,87.054,29.694,0.308,34.654,73.231,0.585
86a57ae9-d19f-499e-a536-6c4eb4db5014,2026-04-25T17:21:23.421929-04:00,node-01,payments-api,200,True,normal,market_aware_v1,42.651,46.88,105.423,24.806,0.427,52.51,60.368,0.936
b44eebc0-a950-41c0-b2a6-1a28b876a919,2026-04-25T17:21:23.432340-04:00,node-01,orders-api,200,True,normal,market_aware_v1,48.172,41.022,74.846,28.311,0.273,37.325,101.414,0.365
1e904156-3ac3-4bce-8f7d-ca08d68fd6ed,2026-04-25T17:21:23.442761-04:00,node-01,checkout-api,200,True,normal,market_aware_v1,43.322,45.592,88.449,27.107,0.379,37.476,76.487,0.634
5b4b5abb-8441-4780-b056-c95e82896d6c,2026-04-25T17:21:23.453152-04:00,node-01,payments-api,200,True,normal,market_aware_v1,36.436,47.005,90.472,23.227,0.325,41.997,67.44,0.57
e1e9daf2-4296-489c-8bc1-afa0de13fa16,2026-04-25T17:21:23.463564-04:00,node-01,orders-api,200,True,normal,market_aware_v1,43.059,44.732,89.988,29.472,0.334,42.7,93.841,0.648
007f6acf-3810-417a-8670-dcb3116af41c,2026-04-25T17:21:23.473970-04:00,node-01,checkout-api,200,True,normal,market_aware_v1,41.372,46.143,91.676,26.988,0.386,37.462,74.276,0.497
5cbfc1e3-596f-42ac-a408-22776eaefb1f,2026-04-25T17:21:23.484387-04:00,node-01,payments-api,200,True,normal,market_aware_v1,38.42,46.863,89.465,25.22,0.355,37.787,68.64,0.662
f921800b-6fa1-4785-b034-874e942f1c74,2026-04-25T17:21:23.494797-04:00,node-01,orders-api,200,True,normal,market_aware_v1,44.424,45.127,85.557,32.026,0.299,43.905,92.457,0.574
d38ccb69-e9af-4b44-8478-c2c33981f7a4,2026-04-25T17:21:23.505189-04:00,node-01,checkout-api,200,True,normal,market_aware_v1,42.29,48.34,94.973,27.696,0.478,45.033,70.582,0.795
8be6ad49-8b0b-4f8a-80a5-648eef10857a,2026-04-25T17:21:23.515686-04:00,node-01,payments-api,200,True,anomalous,market_aware_v1,43.168,49.803,107.273,27.345,0.615,41.361,59.521,1.038
de89fb2c-62d1-46dd-b3dc-4d3cf79205c3,2026-04-25T17:21:23.526135-04:00,node-01,orders-api,200,True,normal,market_aware_v1,44.548,41.908,72.742,30.682,0.194,33.448,102.968,0.322
e8aea2b2-6ab8-4ba2-87a2-856a98d484b3,2026-04-25T17:21:23.536582-04:00,node-01,checkout-api,200,True,normal,market_aware_v1,45.687,46.298,95.982,27.243,0.395,41.218,79.304,0.848
ae19d8c5-0292-4dc2-a53a-d6c306e7ae2d,2026-04-25T17:21:23.547117-04:00,node-01,payments-api,200,True,normal,market_aware_v1,44.418,47.149,98.632,25.45,0.338,42.242,72.687,0.659
989926ff-befc-4607-8936-1317064bcfb9,2026-04-25T17:21:23.557542-04:00,node-01,orders-api,200,True,normal,market_aware_v1,45.499,46.375,70.715,31.854,0.263,41.741,98.485,0.595
75834a3e-06f1-47ea-ac4e-1bc27bba31ae,2026-04-25T17:21:23.567970-04:00,node-01,checkout-api,200,True,normal,market_aware_v1,47.686,48.124,101.32,28.985,0.433,48.278,76.418,0.949
1d20e997-564e-4651-9e0c-09f45d9455a1,2026-04-25T17:21:23.578427-04:00,node-01,payments-api,200,True,normal,market_aware_v1,44.031,50.977,104.748,26.445,0.392,47.013,62.88,0.947
311f2e8b-cee9-463b-924b-5730113f06fc,2026-04-25T17:21:23.588861-04:00,node-01,orders-api,200,True,normal,market_aware_v1,53.068,45.505,86.159,30.816,0.284,48.192,99.891,0.62
b6284046-493f-47b8-8479-d909042a9ca4,2026-04-25T17:21:23.599320-04:00,node-01,checkout-api,200,True,normal,market_aware_v1,51.496,49.169,101.314,29.338,0.465,47.407,81.381,0.846
d4785fe7-357a-42ae-bfd6-9dae9405b9ae,2026-04-25T17:21:23.609808-04:00,node-01,payments-api,200,True,normal,market_aware_v1,42.149,52.682,98.878,27.5,0.327,44.941,71.986,0.79
a3f99393-67f5-4c36-ae43-64d03718de98,2026-04-25T17:21:23.620216-04:00,node-01,orders-api,200,True,normal,market_aware_v1,55.616,45.743,77.377,30.993,0.296,43.668,106.889,0.571
ef5f27ad-56c0-4a8b-b4f0-2ff70ed1f62b,2026-04-25T17:21:23.630659-04:00,node-01,checkout-api,200,True,normal,market_aware_v1,50.145,52.157,98.63,29.666,0.349,40.15,85.322,0.628
e944af27-0f7f-4b34-a115-be7516351a49,2026-04-25T17:21:23.641067-04:00,node-01,payments-api,200,True,normal,market_aware_v1,43.776,52.975,95.178,28.73,0.291,41.518,79.559,0.637
386e8d4b-e312-495c-9bed-7bfd8623ecec,2026-04-25T17:21:23.651518-04:00,node-01,orders-api,200,True,normal,market_aware_v1,49.892,47.082,90.277,33.143,0.39,47.023,106.837,0.637
ecf10b66-dac7-4028-88c9-e6bf0b6b1f7b,2026-04-25T17:21:23.661932-04:00,node-01,checkout-api,200,True,normal,market_aware_v1,50.288,51.733,97.934,27.443,0.438,44.694,87.599,0.808
7234b989-dcd4-42e1-9a41-097337d2bfa6,2026-04-25T17:21:23.672375-04:00,node-01,payments-api,200,True,normal,market_aware_v1,45.67,54.938,98.073,29.327,0.303,40.57,70.811,0.553
680f2302-2e36-4878-99ce-727ce596d472,2026-04-25T17:21:23.682868-04:00,node-01,orders-api,200,True,normal,market_aware_v1,50.854,47.414,75.636,33.883,0.272,43.436,108.915,0.517
ce093709-d2cb-4dbe-82b6-3959ccbd04c0,2026-04-25T17:21:23.693313-04:00,node-01,checkout-api,200,True,normal,market_aware_v1,51.853,50.332,103.181,30.361,0.449,46.568,88.102,0.922
1fd1ab62-39f4-4910-874e-7b1744d13028,2026-04-25T17:21:23.703792-04:00,node-01,payments-api,200,True,anomalous,market_aware_v1,50.161,54.804,126.578,30.507,0.744,55.99,67.511,1.429
45fd0f2e-35b8-4fe6-aec7-74af66b6eede,2026-04-25T17:21:23.714210-04:00,node-01,orders-api,200,True,normal,market_aware_v1,53.439,45.354,104.472,33.424,0.321,53.226,100.466,0.842
3f3de1e5-c6e8-4de2-8a68-b8d0f74651a2,2026-04-25T17:21:23.724647-04:00,node-01,checkout-api,200,True,normal,market_aware_v1,48.765,50.035,96.987,31.071,0.436,41.992,81.552,0.695
ac4ec18a-a8c7-4f3c-b9fe-c004b44a8411,2026-04-25T17:21:23.735105-04:00,node-01,payments-api,200,True,normal,market_aware_v1,47.643,53.679,105.891,29.593,0.338,43.765,72.306,0.752
aa67fe9b-d455-4276-b0af-0f9a1e93bcba,2026-04-25T17:21:23.745531-04:00,node-01,orders-api,200,True,normal,market_aware_v1,50.22,46.012,74.277,29.991,0.208,36.196,104.751,0.448
a07aef31-0a28-41a7-b487-8ccf8396828f,2026-04-25T17:21:23.755941-04:00,node-01,checkout-api,200,True,normal,market_aware_v1,45.407,50.322,98.335,30.462,0.43,43.761,81.246,0.906
a9146ced-9e00-4061-b1a3-f8f30d7be120,2026-04-25T17:21:23.766374-04:00,node-01,payments-api,200,True,normal,market_aware_v1,43.116,52.733,100.622,28.924,0.361,45.527,59.778,0.713
5fba5609-2c04-4aea-a14a-a724be25c1b6,2026-04-25T17:21:23.776794-04:00,node-01,orders-api,200,True,normal,market_aware_v1,46.796,44.139,85.344,31.411,0.217,45.371,97.694,0.584
a25bca63-9964-4f16-8731-4400275cb51b,2026-04-25T17:21:23.787220-04:00,node-01,checkout-api,200,True,normal,market_aware_v1,43.347,46.499,101.275,29.94,0.468,46.35,73.21,0.928
4c9200eb-87b7-43d8-90eb-23bed219acdb,2026-04-25T17:21:23.797649-04:00,node-01,payments-api,200,True,normal,market_aware_v1,37.813,44.73,89.18,24.461,0.329,43.175,71.389,0.584
1a62ea19-bfee-4032-ab49-04593aac9dde,2026-04-25T17:21:23.808087-04:00,node-01,orders-api,200,True,normal,market_aware_v1,47.859,41.668,72.987,30.484,0.241,42.046,100.687,0.518
d7f950f0-7e8b-41b3-8c31-767574216303,2026-04-25T17:21:23.818521-04:00,node-01,checkout-api,200,True,normal,market_aware_v1,45.833,42.893,102.286,27.761,0.414,47.34,67.726,0.89
0f07035d-2e40-46f9-8fab-21153deea6e2,2026-04-25T17:21:23.828945-04:00,node-01,payments-api,200,True,normal,market_aware_v1,37.731,50.548,82.624,25.114,0.26,39.593,61.729,0.532
0127e715-3142-444a-9b11-a2acdb0c7358,2026-04-25T17:21:23.839375-04:00,node-01,orders-api,200,True,normal,market_aware_v1,44.277,42.158,85.468,29.493,0.366,49.524,90.995,0.713
948b2632-ba85-427b-bcae-2652b9482f72,2026-04-25T17:21:23.849798-04:00,node-01,checkout-api,200,True,normal,market_aware_v1,44.769,46.653,109.102,27.855,0.459,45.774,73.832,0.876
2ecd4444-ab5f-47eb-aa12-cf26c562c88f,2026-04-25T17:21:23.860220-04:00,node-01,payments-api,200,True,normal,market_aware_v1,36.029,45.24,84.48,24.951,0.267,30.69,60.441,0.513
c44012b5-a92e-432f-99f1-bafeb5368863,2026-04-25T17:21:23.870639-04:00,node-01,orders-api,200,True,normal,market_aware_v1,47.402,41.6,84.83,29.067,0.188,43.18,91.766,0.469
d4fe8093-5c0d-415e-8362-72b6f36d5a4b,2026-04-25T17:21:23.881135-04:00,node-01,checkout-api,200,True,normal,market_aware_v1,41.894,46.852,91.321,29.079,0.33,43.41,65.051,0.865
4c82f84f-c3ad-4c9a-90ff-caa728da38a6,2026-04-25T17:21:23.891605-04:00,node-01,payments-api,200,True,normal,market_aware_v1,33.598,46.502,91.931,24.266,0.234,43.167,62.668,0.615
2d83e307-b2e2-45ab-91d1-452abfd21302,2026-04-25T17:21:23.902127-04:00,node-01,orders-api,200,True,normal,market_aware_v1,47.617,41.431,74.78,28.285,0.13,36.754,96.395,0.223
ae345be9-d95b-4326-a97d-fd2b0944fef8,2026-04-25T17:21:23.912590-04:00,node-01,checkout-api,200,True,normal,market_aware_v1,35.411,43.551,79.898,28.89,0.321,37.431,70.316,0.555
40650bcf-a342-4162-bdfd-2ba9c6fc9cfe,2026-04-25T17:21:23.923057-04:00,node-01,payments-api,200,True,normal,market_aware_v1,39.106,45.424,100.711,25.623,0.4,46.02,56.929,0.756
1706c962-1c8c-4323-8987-8bdc55772dfc,2026-04-25T17:21:23.933537-04:00,node-01,orders-api,200,True,normal,market_aware_v1,43.809,39.836,81.155,30.827,0.237,46.348,96.355,0.504
c476e9b5-ee24-4508-be78-06422dae4497,2026-04-25T17:21:23.944010-04:00,node-01,checkout-api,200,True,normal,market_aware_v1,43.251,46.929,98.047,27.228,0.402,43.741,71.788,0.797
e943c1ae-d3d5-48ac-89ae-0c61c679b1ba,2026-04-25T17:21:23.954419-04:00,node-01,payments-api,200,True,normal,market_aware_v1,34.66,49.721,93.352,20.828,0.462,44.886,60.16,0.831
96da2578-563a-4a6c-b386-ea9fdbe19233,2026-04-25T17:21:23.964908-04:00,node-01,orders-api,200,True,normal,market_aware_v1,46.172,40.446,75.992,29.954,0.154,39.952,97.105,0.294
4538741b-83e4-42e9-943d-feb0fdb71b95,2026-04-25T17:21:23.975337-04:00,node-01,checkout-api,200,True,normal,market_aware_v1,42.268,50.143,81.909,30.326,0.307,41.938,72.651,0.575
691d240e-7b5e-4ce9-8513-863f7091b4a2,2026-04-25T17:21:23.985771-04:00,node-01,payments-api,200,True,normal,market_aware_v1,42.138,48.392,91.05,25.647,0.282,36.438,62.315,0.444
594742fe-b9b4-43e2-a2c1-ab613b61e5c6,2026-04-25T17:21:23.996202-04:00,node-01,orders-api,200,True,normal,market_aware_v1,48.806,41.229,88.425,29.927,0.294,42.56,94.324,0.5
ca3e416b-6034-4285-8545-6defa49630f7,2026-04-25T17:21:24.006623-04:00,node-01,checkout-api,200,True,normal,market_aware_v1,49.14,48.831,104.221,28.622,0.557,53.401,78.67,1.353
98d46ed6-9677-4604-962a-2dd7ae093fe0,2026-04-25T17:21:24.017028-04:00,node-01,payments-api,200,True,anomalous,market_aware_v1,44.268,51.532,116.577,28.732,0.664,52.016,60.426,1.322
d949c015-3801-4dae-9e44-ac75f0408470,2026-04-25T17:21:24.027399-04:00,node-01,orders-api,200,True,normal,market_aware_v1,51.882,45.943,78.155,30.145,0.195,41.379,106.346,0.515
b80c5c7b-27f6-44eb-9ef7-b280cc6d9a3a,2026-04-25T17:21:24.037826-04:00,node-01,checkout-api,200,True,normal,market_aware_v1,49.733,46.933,98.524,27.58,0.394,38.182,73.256,0.509
9ba7e69e-43ea-4e99-b8d0-40dc5651fdac,2026-04-25T17:21:24.048244-04:00,node-01,payments-api,200,True,normal,market_aware_v1,46.022,51.873,97.668,27.901,0.297,41.284,72.575,0.633
ea87f9e0-ce4b-4aa4-b431-0a87559a52ba,2026-04-25T17:21:24.058676-04:00,node-01,orders-api,200,True,normal,market_aware_v1,50.493,49.76,87.807,34.326,0.25,35.713,108.8,0.456
505aedc1-6c3d-4d53-aec0-147258c1400d,2026-04-25T17:21:24.069096-04:00,node-01,checkout-api,503,True,anomalous,market_aware_v1,55.616,52.268,136.779,32.869,1.069,67.136,73.449,2.386
c16f45a3-8a81-4a42-9893-fb519de2f1ba,2026-04-25T17:21:24.079543-04:00,node-01,payments-api,200,True,normal,market_aware_v1,40.601,48.306,92.663,25.713,0.317,38.971,71.634,0.705
a07e36f9-701a-46ed-be60-1fe7e2b0ebd1,2026-04-25T17:21:24.089975-04:00,node-01,orders-api,200,True,normal,market_aware_v1,48.605,46.35,81.847,31.964,0.248,41.874,106.028,0.634
fca09840-7c3b-4870-8fdf-9c948ed48053,2026-04-25T17:21:24.100406-04:00,node-01,checkout-api,200,True,normal,market_aware_v1,48.591,50.526,97.659,31.463,0.457,48.09,76.832,0.792
996dfb6f-9a7f-4f34-b628-95fb5524ccfd,2026-04-25T17:21:24.110835-04:00,node-01,payments-api,200,True,normal,market_aware_v1,44.76,47.975,120.599,30.267,0.373,56.758,60.29,1.041
7b45f57a-1bc1-443f-a7ec-b751c3c430d0,2026-04-25T17:21:24.121252-04:00,node-01,orders-api,200,True,normal,market_aware_v1,46.887,45.652,83.546,33.197,0.3,41.445,100.51,0.633
856bf0f9-e34d-4b3e-b204-c7147b63acb8,2026-04-25T17:21:24.131692-04:00,node-01,checkout-api,200,True,normal,market_aware_v1,46.695,47.625,92.034,27.333,0.408,42.598,82.595,0.831
f9ffdb4a-4ed8-4073-8d8f-5b5eb361be62,2026-04-25T17:21:24.142114-04:00,node-01,payments-api,200,True,normal,market_aware_v1,43.953,50.175,103.79,27.93,0.438,50.914,63.862,1.036
371d6afb-4bb1-4608-b292-32a1f60ac62d,2026-04-25T17:21:24.152547-04:00,node-01,orders-api,200,True,normal,market_aware_v1,47.491,42.968,86.796,31.394,0.216,38.374,102.159,0.4
a62c8622-32d2-472b-8474-373a7c2e5e0d,2026-04-25T17:21:24.162972-04:00,node-01,checkout-api,200,True,normal,market_aware_v1,45.457,47.555,86.654,29.117,0.35,35.378,80.366,0.601
24a196b3-a8eb-497c-b2c4-99ee4fe0209a,2026-04-25T17:21:24.173397-04:00,node-01,payments-api,200,True,normal,market_aware_v1,42.148,47.797,105.25,27.636,0.3,50.364,66.069,0.902
3589f05c-5d10-43b3-a921-9560fadd981f,2026-04-25T17:21:24.183837-04:00,node-01,orders-api,200,True,normal,market_aware_v1,49.056,46.723,84.377,31.197,0.301,39.712,98.891,0.484
563f7e5a-0f1e-42ff-84c7-ba1b5b4a46fa,2026-04-25T17:21:24.194267-04:00,node-01,checkout-api,200,True,normal,market_aware_v1,40.888,45.452,104.377,28.224,0.429,41.139,74.933,0.813
12687255-5474-42a4-bdf0-27d2ddac86fd,2026-04-25T17:21:24.204689-04:00,node-01,payments-api,200,True,normal,market_aware_v1,39.733,46.535,92.594,24.716,0.419,42.862,65.975,0.727
ded3872b-2137-4969-8b62-a35f0d4c3960,2026-04-25T17:21:24.215175-04:00,node-01,orders-api,200,True,normal,market_aware_v1,42.339,41.265,76.665,30.365,0.276,40.446,91.462,0.58
60153ed5-a7d7-4e5d-a7e0-3192f3477e73,2026-04-25T17:21:24.225639-04:00,node-01,checkout-api,200,True,anomalous,market_aware_v1,42.736,49.76,102.188,29.421,0.699,44.108,66.626,1.263
d99e133e-23ed-4834-874a-15856d8a85d7,2026-04-25T17:21:24.236238-04:00,node-01,payments-api,200,True,normal,market_aware_v1,39.363,50.501,110.871,23.198,0.308,43.621,56.178,0.729
4d2b6a44-980e-4fc4-9dcb-1ba68a38726b,2026-04-25T17:21:24.246974-04:00,node-01,orders-api,200,True,normal,market_aware_v1,45.639,43.116,109.785,28.508,0.521,59.898,87.348,1.329
5ca40028-fcb9-4fe4-a9b7-82752171556c,2026-04-25T17:21:24.257621-04:00,node-01,checkout-api,200,True,normal,market_aware_v1,45.225,45.811,89.328,27.141,0.347,39.803,80.612,0.68
154e2d38-05e1-4bc5-96e0-394478904fba,2026-04-25T17:21:24.268316-04:00,node-01,payments-api,200,True,normal,market_aware_v1,37.161,49.142,113.957,24.128,0.439,48.342,61.655,0.873
7267864e-ca09-40ea-a188-b016d3d0c8b7,2026-04-25T17:21:24.278987-04:00,node-01,orders-api,200,True,normal,market_aware_v1,44.96,42.426,80.641,28.708,0.205,39.882,100.635,0.464
bf7deb32-ced1-4d36-b786-f3e6e5c50274,2026-04-25T17:21:24.289652-04:00,node-01,checkout-api,200,True,normal,market_aware_v1,47.213,48.205,106.487,27.748,0.508,47.361,69.003,0.991
33424969-fd32-4605-989a-9076bb0bada6,2026-04-25T17:21:24.300276-04:00,node-01,payments-api,200,True,anomalous,market_aware_v1,42.53,53.386,115.735,27.74,0.682,41.729,60.548,1.154
638c1453-6769-4adb-8405-63e5f24adb06,2026-04-25T17:21:24.310950-04:00,node-01,orders-api,200,True,normal,market_aware_v1,43.575,43.258,69.864,31.907,0.284,42.918,100.157,0.497
5e6c7ec7-dcb9-4245-beff-9db3c9fe82ab,2026-04-25T17:21:24.321547-04:00,node-01,checkout-api,200,True,normal,market_aware_v1,46.079,47.962,94.103,29.187,0.384,44.671,75.978,0.833
16addf49-2ec4-4a7e-a530-93a33561a663,2026-04-25T17:21:24.332070-04:00,node-01,payments-api,200,True,normal,market_aware_v1,37.1,50.187,102.146,25.733,0.379,45.258,58.764,0.83
2fe2e3a7-1377-4ecc-840f-d076911c1bdd,2026-04-25T17:21:24.342488-04:00,node-01,orders-api,200,True,normal,market_aware_v1,52.168,47.569,70.49,29.494,0.133,35.018,103.26,0.125
3258ac74-e8f9-4bb2-823f-96fc548e3740,2026-04-25T17:21:24.352865-04:00,node-01,checkout-api,200,True,normal,market_aware_v1,49.845,48.372,93.503,29.866,0.383,43.996,87.195,0.783
a8ac05eb-f66c-454f-9ef7-e6c6f1ea4f9c,2026-04-25T17:21:24.363303-04:00,node-01,payments-api,200,True,normal,market_aware_v1,40.959,51.14,114.798,25.067,0.373,49.789,58.742,0.863
d8cd9a2d-1ba0-4c6a-b7d4-c7491edef2ca,2026-04-25T17:21:24.373796-04:00,node-01,orders-api,429,True,normal,market_aware_v1,51.197,44.713,105.676,34.396,0.44,58.515,99.273,1.175
f1e17c9b-cb46-4167-8eb0-c067eb4d378f,2026-04-25T17:21:24.384270-04:00,node-01,checkout-api,200,True,normal,market_aware_v1,50.073,48.051,119.181,30.444,0.505,52.088,78.225,1.047
d6df9655-775e-4172-8e3e-7553b011e63a,2026-04-25T17:21:24.394855-04:00,node-01,payments-api,200,True,normal,market_aware_v1,47.102,52.43,103.672,26.913,0.358,41.744,77.008,0.678
b9288d60-0fae-4567-afa1-1a64aa32ff4a,2026-04-25T17:21:24.405333-04:00,node-01,orders-api,200,True,normal,market_aware_v1,52.473,44.524,99.675,31.665,0.377,50.466,100.409,0.843
88bf6006-c8b6-48ca-8aee-72044ae433ca,2026-04-25T17:21:24.415842-04:00,node-01,checkout-api,200,True,anomalous,market_aware_v1,57.289,54.067,131.904,32.622,0.845,56.97,69.557,1.612
3808ecd8-a84e-4429-8dcd-e3cd654fb137,2026-04-25T17:21:24.426307-04:00,node-01,payments-api,200,True,normal,market_aware_v1,47.339,55.164,103.706,27.571,0.414,50.366,72.57,0.922
fd98daac-34bd-4581-ab1c-04828fbcbcaf,2026-04-25T17:21:24.436804-04:00,node-01,orders-api,200,True,normal,market_aware_v1,61.045,50.932,90.636,32.939,0.274,40.094,113.206,0.543
38385242-ae21-4fbe-9215-b357496bb85f,2026-04-25T17:21:24.447259-04:00,node-01,checkout-api,200,True,normal,market_aware_v1,54.092,50.355,100.924,30.892,0.357,43.075,91.009,0.721
a3ae6128-26ff-48f8-ad00-5e9ad7f1d83b,2026-04-25T17:21:24.457728-04:00,node-01,payments-api,200,True,anomalous,market_aware_v1,49.189,56.442,132.049,30.475,0.87,57.96,60.13,1.543
0f8f5541-658e-4136-b8e8-64667f8b4bf1,2026-04-25T17:21:24.468173-04:00,node-01,orders-api,200,True,normal,market_aware_v1,50.194,47.828,78.582,34.42,0.198,45.705,106.139,0.507
fbc02bb2-3bb1-42f4-9450-df3e428615b6,2026-04-25T17:21:24.478657-04:00,node-01,checkout-api,200,True,normal,market_aware_v1,51.668,52.899,104.435,31.473,0.453,45.441,81.885,0.795
66ffa7c5-e50d-49b8-9380-28957a53be06,2026-04-25T17:21:24.489103-04:00,node-01,payments-api,200,True,normal,market_aware_v1,43.681,54.995,106.91,27.057,0.4,43.543,75.423,0.835
25a18f09-ec12-4a60-b490-ab4a7e94dd8d,2026-04-25T17:21:24.499537-04:00,node-01,orders-api,200,True,normal,market_aware_v1,53.755,48.594,87.843,31.244,0.245,45.34,101.757,0.556
8aef6f27-9f22-43d2-8079-38a287ee61c6,2026-04-25T17:21:24.510008-04:00,node-01,checkout-api,200,True,normal,market_aware_v1,52.248,52.552,95.451,28.814,0.252,41.302,85.637,0.635
fdf39781-72c6-419c-82a5-54da242db9f6,2026-04-25T17:21:24.520476-04:00,node-01,payments-api,200,True,normal,market_aware_v1,43.971,52.575,103.381,25.822,0.359,45.764,69.267,0.642
bf0bdc35-b2d2-488a-a05e-acd0ba04f8ef,2026-04-25T17:21:24.530946-04:00,node-01,orders-api,200,True,normal,market_aware_v1,50.219,42.243,84.741,30.501,0.209,39.25,103.226,0.458
d6143632-9c5c-4caf-85cd-5734fc3e5708,2026-04-25T17:21:24.541463-04:00,node-01,checkout-api,200,True,normal,market_aware_v1,49.446,47.488,93.871,29.37,0.45,48.051,82.275,0.811
ca1c99f6-8c3c-46bb-bcab-5170c9df1009,2026-04-25T17:21:24.551927-04:00,node-01,payments-api,200,True,normal,market_aware_v1,42.428,53.127,112.194,27.341,0.407,45.633,63.167,0.757
9deb63f4-b59f-4f22-9c82-d8bef059a059,2026-04-25T17:21:24.562383-04:00,node-01,orders-api,200,True,normal,market_aware_v1,51.37,44.419,86.781,29.454,0.292,46.152,99.713,0.606
21734212-9a52-46b9-9656-b49a770e7cb7,2026-04-25T17:21:24.572859-04:00,node-01,checkout-api,200,True,anomalous,market_aware_v1,47.533,49.56,98.57,29.062,0.725,46.022,70.741,1.275
0db6c264-6a4c-4d5c-b109-38847e391d6c,2026-04-25T17:21:24.583327-04:00,node-01,payments-api,200,True,normal,market_aware_v1,38.839,45.607,108.05,26.906,0.366,48.496,58.188,0.923
93d871c1-4d3e-4bca-811b-ee7108f69eaa,2026-04-25T17:21:24.593873-04:00,node-01,orders-api,200,True,normal,market_aware_v1,46.205,42.957,88.678,31.02,0.291,48.148,100.865,0.687
a5f41d61-728a-4b32-9458-16668efedf15,2026-04-25T17:21:24.604332-04:00,node-01,checkout-api,200,True,anomalous,market_aware_v1,48.745,46.396,116.703,30.476,0.769,48.897,63.797,1.4
5c6f9209-f6f4-4bf4-80a7-70aca0da2a5d,2026-04-25T17:21:24.614841-04:00,node-01,payments-api,200,True,normal,market_aware_v1,40.804,44.764,109.594,24.148,0.396,48.709,58.995,0.855
e6b63744-55a3-4bd8-b3a9-923a2735d786,2026-04-25T17:21:24.625318-04:00,node-01,orders-api,200,True,normal,market_aware_v1,44.08,43.45,73.781,31.244,0.283,40.783,96.373,0.481
5a4d9827-6c0a-430c-83f1-d541473fb750,2026-04-25T17:21:24.635820-04:00,node-01,checkout-api,429,True,normal,market_aware_v1,40.304,48.956,114.147,27.625,0.649,55.355,63.484,1.317
f00f5ea9-04fa-4b1c-9bcf-ff4e45f57243,2026-04-25T17:21:24.646305-04:00,node-01,payments-api,200,True,normal,market_aware_v1,37.485,45.086,97.955,24.142,0.314,44.989,55.671,0.63
0a7e2020-b6af-4b05-9125-b27b74beab71,2026-04-25T17:21:24.656778-04:00,node-01,orders-api,200,True,normal,market_aware_v1,42.477,39.801,78.163,28.525,0.207,35.85,88.453,0.251
7da7798b-4841-4fea-b2a6-779d8e196695,2026-04-25T17:21:24.667244-04:00,node-01,checkout-api,200,True,normal,market_aware_v1,43.477,43.388,96.371,28.226,0.377,43.288,73.131,0.661
126d9fc6-d4f5-47a5-9ac7-276796031ab8,2026-04-25T17:21:24.677622-04:00,node-01,payments-api,200,True,normal,market_aware_v1,37.002,48.645,97.79,23.842,0.432,47.323,56.106,0.87
0ab714e3-611d-403b-9c03-d0228dde5ae8,2026-04-25T17:21:24.688090-04:00,node-01,orders-api,200,True,normal,market_aware_v1,45.332,37.832,63.006,30.222,0.21,38.603,90.385,0.539
8073a92a-53dc-4423-8559-fe72fcb4d5a3,2026-04-25T17:21:24.698492-04:00,node-01,checkout-api,200,True,normal,market_aware_v1,44.221,43.691,85.85,28.162,0.397,39.672,68.833,0.696
83e85223-7414-43ca-a131-886f13b2a851,2026-04-25T17:21:24.708860-04:00,node-01,payments-api,200,True,normal,market_aware_v1,38.134,47.073,102.577,25.407,0.439,43.734,57.602,0.948
e0ca13af-ee2a-4585-9151-7fca3e5128b4,2026-04-25T17:21:24.719350-04:00,node-01,orders-api,200,True,normal,market_aware_v1,38.803,37.15,80.94,29.467,0.339,46.304,94.847,0.633
5b7d7bc4-3cd9-49ab-9aba-add41a77cde9,2026-04-25T17:21:24.729823-04:00,node-01,checkout-api,200,True,normal,market_aware_v1,43.202,48.225,103.039,30.05,0.389,43.036,68.636,0.725
4b82cc26-aff0-43b8-9c84-8c9ed78cae83,2026-04-25T17:21:24.740291-04:00,node-01,payments-api,200,True,normal,market_aware_v1,41.627,47.886,116.669,24.611,0.467,50.826,57.664,1.045
b6a5ebf3-bfa1-4fca-8080-e852561ce88b,2026-04-25T17:21:24.750902-04:00,node-01,orders-api,200,True,normal,market_aware_v1,41.231,43.31,94.245,30.137,0.316,43.535,100.162,0.522
22ccd15c-a5e6-4b43-970b-edc504a2c343,2026-04-25T17:21:24.761433-04:00,node-01,checkout-api,200,True,normal,market_aware_v1,41.156,43.142,90.441,27.345,0.382,43.238,73.644,0.689
e1fbabdf-2786-4cfd-b8a0-37bff82444fc,2026-04-25T17:21:24.771967-04:00,node-01,payments-api,200,True,normal,market_aware_v1,43.032,44.369,107.221,25.594,0.365,42.211,67.533,0.726
027fc9a9-5e25-4b8d-b52f-5d839c452911,2026-04-25T17:21:24.782505-04:00,node-01,orders-api,200,True,normal,market_aware_v1,50.154,42.426,84.908,31.698,0.318,46.842,91.466,0.615
a25c6535-44f4-4871-b66a-c608b2d06ff0,2026-04-25T17:21:24.793075-04:00,node-01,checkout-api,200,True,normal,market_aware_v1,42.49,47.355,108.912,30.631,0.502,51.342,73.925,0.951
acc8d625-3e37-41da-890c-6d8a497fa366,2026-04-25T17:21:24.803529-04:00,node-01,payments-api,200,True,normal,market_aware_v1,41.216,50.11,114.52,26.782,0.54,50.651,59.749,1.06
9738ea79-531a-40d5-a1c2-bce28f995176,2026-04-25T17:21:24.814008-04:00,node-01,orders-api,200,True,normal,market_aware_v1,49.823,42.906,75.002,29.909,0.346,44.78,100.211,0.736
cf550b50-717d-4880-b94e-c8c2cd976e96,2026-04-25T17:21:24.824518-04:00,node-01,checkout-api,200,True,normal,market_aware_v1,44.953,48.883,86.897,31.239,0.498,44.683,80.07,0.924
fd5907e7-0d36-4abb-8916-2b236362072a,2026-04-25T17:21:24.835036-04:00,node-01,payments-api,200,True,normal,market_aware_v1,44.975,50.819,108.068,28.425,0.401,47.14,69.602,0.814
480b5fe3-1bdb-49ff-95dd-60c4d57679e1,2026-04-25T17:21:24.845621-04:00,node-01,orders-api,200,True,normal,market_aware_v1,54.432,45.903,96.639,33.61,0.38,51.092,101.181,0.81
c520fe29-efa0-4cb4-914f-37f8e2b391a7,2026-04-25T17:21:24.856090-04:00,node-01,checkout-api,200,True,anomalous,market_aware_v1,51.916,52.484,111.666,32.289,0.789,51.214,76.009,1.361
2bf7584e-5c39-431f-91e6-d3bb2eec412c,2026-04-25T17:21:24.866591-04:00,node-01,payments-api,200,True,normal,market_aware_v1,45.012,47.988,93.414,26.482,0.354,47.218,71.117,0.831
8ea64bd5-87e0-48d1-9b94-3e004275242f,2026-04-25T17:21:24.877093-04:00,node-01,orders-api,200,True,normal,market_aware_v1,53.418,45.605,96.474,31.615,0.186,46.266,106.228,0.522
c697bea3-9098-4a95-8a0c-6cafd10be19b,2026-04-25T17:21:24.887612-04:00,node-01,checkout-api,200,True,normal,market_aware_v1,49.442,47.886,98.027,30.912,0.521,48.395,79.327,0.931
049b50d0-0344-4330-af37-db5ae96a5427,2026-04-25T17:21:24.898211-04:00,node-01,payments-api,200,True,normal,market_aware_v1,42.45,50.594,110.579,28.13,0.454,48.952,68.598,1.031
23362e30-e65a-45d3-8652-3f0c8164394d,2026-04-25T17:21:24.908632-04:00,node-01,orders-api,200,True,normal,market_aware_v1,52.841,46.681,100.919,31.13,0.324,50.987,100.404,0.743
66d84fff-02a4-412d-a4f3-a73f969823e4,2026-04-25T17:21:24.919056-04:00,node-01,checkout-api,200,True,normal,market_aware_v1,49.302,47.391,97.015,30.534,0.395,40.32,86.219,0.727
27edaa1e-b232-4c92-b44d-baab81bace80,2026-04-25T17:21:24.929629-04:00,node-01,payments-api,200,True,normal,market_aware_v1,47.493,52.406,106.6,26.522,0.324,44.056,69.166,0.751
7e93f22c-a235-43a7-a62c-a4db268cdff1,2026-04-25T17:21:24.940198-04:00,node-01,orders-api,200,True,normal,market_aware_v1,52.559,43.138,87.94,31.414,0.214,41.849,100.523,0.429
b437975c-f134-496e-af0b-49b1352bceca,2026-04-25T17:21:24.950621-04:00,node-01,checkout-api,200,True,normal,market_aware_v1,48.404,49.379,117.966,30.275,0.71,61.097,75.164,1.573
00c41646-1e0a-4c44-a052-ba9d6f0a95da,2026-04-25T17:21:24.961207-04:00,node-01,payments-api,200,True,normal,market_aware_v1,45.466,50.374,95.994,27.723,0.264,44.466,63.915,0.472
fb135644-aba8-4557-bb89-07e3f44c8482,2026-04-25T17:21:24.971650-04:00,node-01,orders-api,200,True,normal,market_aware_v1,45.794,45.114,73.1,32.883,0.221,43.173,101.127,0.437
457c7132-766d-4196-bbe4-4a2970ab51ba,2026-04-25T17:21:24.982150-04:00,node-01,checkout-api,200,True,anomalous,market_aware_v1,43.887,49.683,115.537,28.992,0.692,49.355,66.876,1.341
5ad54050-34a3-4c63-84c8-327349fb6117,2026-04-25T17:21:24.992573-04:00,node-01,payments-api,200,True,normal,market_aware_v1,41.262,48.438,105.346,22.974,0.501,52.175,62.94,1.039
2605d307-97b8-47df-8765-8a622c03b6d7,2026-04-25T17:21:25.003014-04:00,node-01,orders-api,200,True,normal,market_aware_v1,50.637,43.613,72.843,29.812,0.235,39.882,94.257,0.47
b66a515a-d177-45c7-aca6-765149460216,2026-04-25T17:21:25.013403-04:00,node-01,checkout-api,200,True,normal,market_aware_v1,49.637,46.151,96.386,27.815,0.373,47.173,72.557,0.922
dffe899a-8753-4e00-88a0-6ba67c781e36,2026-04-25T17:21:25.023895-04:00,node-01,payments-api,200,True,anomalous,market_aware_v1,41.799,48.275,126.649,25.804,0.828,57.885,50.04,1.601
99c2bc7c-b9dd-406c-9e39-afb1677b33ec,2026-04-25T17:21:25.034405-04:00,node-01,orders-api,200,True,normal,market_aware_v1,46.978,43.855,82.274,31.616,0.27,39.526,100.566,0.583
c4fdd616-dde3-4f93-9a77-c8b030599822,2026-04-25T17:21:25.044915-04:00,node-01,checkout-api,200,True,normal,market_aware_v1,46.632,45.355,93.651,25.813,0.367,42.981,70.611,0.683
5fc2618a-0107-44fb-b0d8-2011afa07c0d,2026-04-25T17:21:25.055336-04:00,node-01,payments-api,200,True,normal,market_aware_v1,41.31,49.553,104.218,26.545,0.43,48.236,59.482,1.022
ab1a854b-e1ee-46b0-9167-7ae7cb4bd87d,2026-04-25T17:21:25.065862-04:00,node-01,orders-api,200,True,normal,market_aware_v1,46.395,43.987,113.993,31.766,0.483,53.752,96.703,1.283
f627b3de-8853-45ab-beb1-a2d5aa9c9104,2026-04-25T17:21:25.076340-04:00,node-01,checkout-api,200,True,normal,market_aware_v1,47.839,44.771,102.7,27.447,0.424,47.512,72.843,0.913
cca0e884-4583-4882-beb5-61fb220b0fdd,2026-04-25T17:21:25.086844-04:00,node-01,payments-api,200,True,anomalous,market_aware_v1,40.891,49.384,129.621,27.481,0.739,56.673,47.941,1.413
bf76291b-5f05-48ae-a1f0-32c82f4a32fb,2026-04-25T17:21:25.097298-04:00,node-01,orders-api,200,True,normal,market_aware_v1,49.75,41.85,87.263,30.897,0.29,43.978,95.793,0.588
b3fecab2-5ab3-43d5-b96c-338f0f145250,2026-04-25T17:21:25.107826-04:00,node-01,checkout-api,200,True,normal,market_aware_v1,43.504,45.549,91.353,28.4,0.415,37.983,73.384,0.731
7557e2f1-d876-4661-9c16-0dc2c8496e17,2026-04-25T17:21:25.118278-04:00,node-01,payments-api,200,True,normal,market_aware_v1,43.044,48.865,116.819,26.904,0.421,52.725,57.157,0.862
62b65595-cd46-4199-8d50-887dc8cc50b6,2026-04-25T17:21:25.128774-04:00,node-01,orders-api,200,True,normal,market_aware_v1,41.508,43.725,70.022,31.974,0.16,38.57,105.095,0.309
93cf5870-d8c4-4983-9f71-10bb073aa377,2026-04-25T17:21:25.139244-04:00,node-01,checkout-api,200,True,normal,market_aware_v1,48.868,46.987,88.913,31.423,0.456,45.752,84.462,0.855
f44a20df-d9ae-44a9-8fee-c62d3fe9907c,2026-04-25T17:21:25.149701-04:00,node-01,payments-api,200,True,normal,market_aware_v1,46.413,50.943,122.357,26.272,0.596,49.233,68.143,1.434
b9e91094-bf69-49ff-a0ed-a9595602d777,2026-04-25T17:21:25.160188-04:00,node-01,orders-api,200,True,anomalous,market_aware_v1,55.151,46.338,98.007,32.232,0.606,56.11,92.951,1.159
14aaf181-273a-4779-8290-7a97d7a9eb0c,2026-04-25T17:21:25.170724-04:00,node-01,checkout-api,200,True,normal,market_aware_v1,48.904,52.466,99.498,31.206,0.46,42.918,83.509,0.806
3bd6dd49-5151-450c-b472-28e3a86ddb68,2026-04-25T17:21:25.181238-04:00,node-01,payments-api,200,True,normal,market_aware_v1,44.955,50.848,111.49,25.151,0.388,48.679,66.706,0.716
089ef605-ac53-4f44-89fe-75f734c97037,2026-04-25T17:21:25.191825-04:00,node-01,orders-api,200,True,anomalous,market_aware_v1,54.866,48.103,108.323,32.229,0.528,53.073,95.225,1.046
c25bb00d-686b-488f-9d5b-78066bb1abc1,2026-04-25T17:21:25.202388-04:00,node-01,checkout-api,200,True,normal,market_aware_v1,49.432,49.28,103.087,30.514,0.425,43.168,82.161,0.765
e4fd28c4-b9a0-4585-9eb0-45ebc2cf9bdc,2026-04-25T17:21:25.212931-04:00,node-01,payments-api,200,True,normal,market_aware_v1,45.072,49.576,118.589,29.769,0.404,52.373,72.93,0.845
63421829-5dc3-4ebb-b9cb-c597a2e05096,2026-04-25T17:21:25.223463-04:00,node-01,orders-api,200,True,normal,market_aware_v1,51.553,46.514,87.273,31.709,0.227,43.594,104.471,0.495
f09ee1a4-888d-4f3f-ade7-168ecda43b94,2026-04-25T17:21:25.234007-04:00,node-01,checkout-api,200,True,normal,market_aware_v1,53.249,50.576,103.633,29.207,0.349,46.643,89.276,0.733
f8438f71-2cee-445a-8ded-c6be35241074,2026-04-25T17:21:25.244550-04:00,node-01,payments-api,200,True,normal,market_aware_v1,49.189,51.398,94.938,27.341,0.337,47.171,76.825,0.61
4ab28f21-f89b-4977-a29c-23ec6f86d08c,2026-04-25T17:21:25.255093-04:00,node-01,orders-api,200,True,normal,market_aware_v1,56.315,49.208,84.013,33.759,0.227,46.294,107.587,0.572
848faafd-f2c9-43ec-8baa-8da02adfb691,2026-04-25T17:21:25.265634-04:00,node-01,checkout-api,200,True,normal,market_aware_v1,54.09,50.012,94.058,31.501,0.478,46.031,88.776,0.958
5912e556-b142-4a89-9e79-7bd130c14632,2026-04-25T17:21:25.276196-04:00,node-01,payments-api,200,True,normal,market_aware_v1,46.413,51.543,118.816,26.804,0.594,58.987,77.477,1.49
41b2bb26-8063-4b42-9419-9898837a9746,2026-04-25T17:21:25.286656-04:00,node-01,orders-api,200,True,normal,market_aware_v1,55.465,47.946,99.463,29.788,0.273,49.335,107.183,0.667
5cd4051b-4201-4f8c-b920-5230d58f9741,2026-04-25T17:21:25.297221-04:00,node-01,checkout-api,200,True,normal,market_aware_v1,51.241,49.464,103.712,31.935,0.665,54.481,82.783,1.117
5d3a4712-c274-4e26-944a-94d9ea250103,2026-04-25T17:21:25.307637-04:00,node-01,payments-api,200,True,normal,market_aware_v1,41.783,52.934,89.83,25.854,0.213,43.689,69.581,0.613
3a1a0274-b1e1-4aaf-ab16-51bbd6b8ce11,2026-04-25T17:21:25.318147-04:00,node-01,orders-api,200,True,normal,market_aware_v1,53.134,47.066,98.691,30.363,0.403,51.995,101.951,0.772
c2557713-4e83-40d4-bdd1-ab68c5a57e78,2026-04-25T17:21:25.328625-04:00,node-01,checkout-api,200,True,normal,market_aware_v1,50.399,50.739,104.013,29.637,0.451,45.819,84.071,0.929
ef0bb3a8-2d36-4176-9a72-eb8bca10d261,2026-04-25T17:21:25.339153-04:00,node-01,payments-api,200,True,normal,market_aware_v1,42.786,50.867,108.858,23.715,0.386,48.987,69.545,0.847
62c3dd3c-da0d-49cf-8538-1c5d045ea420,2026-04-25T17:21:25.349614-04:00,node-01,orders-api,200,True,normal,market_aware_v1,47.822,43.921,82.255,30.1,0.263,43.285,99.677,0.537
fb1ae58c-b1f5-4826-8f6a-d1ea3e30c817,2026-04-25T17:21:25.360185-04:00,node-01,checkout-api,200,True,normal,market_aware_v1,45.843,48.571,96.115,26.496,0.451,41.97,76.231,0.831
49f458bd-9727-4028-a6e5-9a60aec87bb3,2026-04-25T17:21:25.370679-04:00,node-01,payments-api,200,True,anomalous,market_aware_v1,42.993,48.998,118.018,29.128,0.692,52.966,55.544,1.397
4d8190e8-9105-4309-826a-ebee8859b08c,2026-04-25T17:21:25.381209-04:00,node-01,orders-api,200,True,normal,market_aware_v1,47.754,43.509,86.965,30.764,0.281,43.236,100.181,0.471
4d956815-e5ed-4e6e-99f3-6e85441f511e,2026-04-25T17:21:25.391655-04:00,node-01,checkout-api,200,True,normal,market_aware_v1,42.554,48.182,93.007,28.26,0.374,42.927,73.846,0.659
16bd7c4d-c6d0-4a18-92f6-2f871712d56f,2026-04-25T17:21:25.402123-04:00,node-01,payments-api,200,True,normal,market_aware_v1,43.389,45.654,108.088,24.79,0.424,54.087,55.447,0.93
16d186ad-256d-4ece-8b64-161e1a2a72bd,2026-04-25T17:21:25.412591-04:00,node-01,orders-api,200,True,normal,market_aware_v1,42.585,41.865,84.665,29.816,0.26,43.759,89.667,0.624
ebc416a8-c08d-481a-8959-f02cf9677590,2026-04-25T17:21:25.423158-04:00,node-01,checkout-api,200,True,anomalous,market_aware_v1,47.868,45.293,115.12,28.175,0.775,55.592,63.05,1.468
f0198bef-6be7-4579-9406-f20eb006fbae,2026-04-25T17:21:25.433573-04:00,node-01,payments-api,200,True,normal,market_aware_v1,35.773,44.516,91.384,23.691,0.302,37.474,55.852,0.484
b7056782-c359-49de-a30b-2fe306dd9663,2026-04-25T17:21:25.444134-04:00,node-01,orders-api,200,True,anomalous,market_aware_v1,48.177,45.387,96.419,30.25,0.587,47.629,82.635,1.086
a94c4227-ea25-4f30-86f8-3b7564a63299,2026-04-25T17:21:25.454574-04:00,node-01,checkout-api,200,True,normal,market_aware_v1,43.89,40.581,91.4,27.829,0.44,39.19,72.114,0.648
4df600bd-2eb2-4cac-9409-513b5683d782,2026-04-25T17:21:25.465109-04:00,node-01,payments-api,200,True,normal,market_aware_v1,38.9,45.374,114.121,23.771,0.456,54.133,51.006,1.024
36201e96-ac76-4d1d-9e71-a4060ff16d3a,2026-04-25T17:21:25.475540-04:00,node-01,orders-api,200,True,normal,market_aware_v1,40.401,39.387,73.263,30.46,0.304,42.486,92.192,0.555
5e62f2e1-f08f-4230-b6ba-ff6b63662224,2026-04-25T17:21:25.486103-04:00,node-01,checkout-api,200,True,normal,market_aware_v1,39.677,41.621,86.026,27.134,0.3,37.701,73.066,0.603
5f32331c-131c-41b2-8d06-91e984f70563,2026-04-25T17:21:25.496531-04:00,node-01,payments-api,200,True,normal,market_aware_v1,34.505,47.253,101.865,25.484,0.404,48.308,57.043,0.809
2fbad5b7-8707-4fbc-9c24-a698a2a9effd,2026-04-25T17:21:25.507074-04:00,node-01,orders-api,200,True,normal,market_aware_v1,44.559,40.923,82.905,29.198,0.167,39.411,96.157,0.494
1eb80cdf-d833-48c7-9623-67ea3d416096,2026-04-25T17:21:25.517527-04:00,node-01,checkout-api,200,True,normal,market_aware_v1,42.055,43.791,86.775,26.816,0.344,37.241,75.045,0.664
c08ac360-f2e1-4e52-ab50-3d9ab53855a2,2026-04-25T17:21:25.528051-04:00,node-01,payments-api,200,True,normal,market_aware_v1,39.989,46.554,107.767,26.034,0.416,50.768,58.377,0.956
8f27c599-a60c-41f6-bcb8-8e025ddede4c,2026-04-25T17:21:25.538579-04:00,node-01,orders-api,200,True,normal,market_aware_v1,47.497,40.678,101.42,25.557,0.436,53.396,91.541,0.845
c609fc1d-3b7e-4e87-a634-8ad58021b93f,2026-04-25T17:21:25.549087-04:00,node-01,checkout-api,200,True,normal,market_aware_v1,43.097,48.689,98.605,28.608,0.409,42.994,69.352,0.827
11e9a58e-4213-4c83-a6e3-99459353a468,2026-04-25T17:21:25.559574-04:00,node-01,payments-api,200,True,normal,market_aware_v1,42.811,50.439,117.957,24.231,0.373,49.654,61.402,0.827
83a859c5-d97d-404c-b8be-172575a4ad26,2026-04-25T17:21:25.570073-04:00,node-01,orders-api,200,True,normal,market_aware_v1,47.6,42.797,83.784,30.841,0.177,42.547,99.455,0.407
c0a3c696-4c5d-461e-a141-0ccd0d11b7a8,2026-04-25T17:21:25.580589-04:00,node-01,checkout-api,200,True,normal,market_aware_v1,44.364,49.456,100.228,29.349,0.422,44.542,77.717,0.79
e0705eab-70be-4f51-afc7-3d9168d3b0ff,2026-04-25T17:21:25.591072-04:00,node-01,payments-api,200,True,normal,market_aware_v1,40.877,52.824,94.246,25.91,0.361,44.836,64.984,0.654
7bd4de1a-f6c8-4c36-90bf-e4bc1900c7be,2026-04-25T17:21:25.601531-04:00,node-01,orders-api,200,True,normal,market_aware_v1,52.448,45.282,90.847,29.642,0.311,46.29,106.553,0.668
045e4aee-fa1a-4212-9f9e-c61205fcd509,2026-04-25T17:21:25.612044-04:00,node-01,checkout-api,200,True,anomalous,market_aware_v1,53.413,50.066,117.157,32.023,0.933,63.034,73.276,1.71
9c433b89-1955-4f9d-81be-92f5d7af2fc8,2026-04-25T17:21:25.622530-04:00,node-01,payments-api,200,True,normal,market_aware_v1,44.0,53.133,113.533,28.528,0.497,55.626,68.396,1.34
9fbcca8f-b2f5-487e-8977-ab31c9182598,2026-04-25T17:21:25.633059-04:00,node-01,orders-api,429,True,normal,market_aware_v1,49.306,46.855,91.843,31.988,0.386,55.664,97.534,0.968
cf372657-06e6-4e56-98ad-e707c559a02f,2026-04-25T17:21:25.643481-04:00,node-01,checkout-api,200,True,normal,market_aware_v1,51.525,49.8,96.985,29.084,0.455,44.591,82.999,0.866
1379fad9-2fe6-4309-ade3-aa637e0fa387,2026-04-25T17:21:25.653947-04:00,node-01,payments-api,200,True,normal,market_aware_v1,47.297,49.318,99.037,27.471,0.457,51.13,68.78,0.967
2a47f1d4-44db-4595-8585-c40b9c68e646,2026-04-25T17:21:25.664499-04:00,node-01,orders-api,200,True,anomalous,market_aware_v1,55.503,47.703,107.215,34.262,0.63,51.96,95.299,1.241
6babfe3b-9deb-421d-8d3f-ce684f94286b,2026-04-25T17:21:25.674939-04:00,node-01,checkout-api,200,True,anomalous,market_aware_v1,54.486,52.315,119.874,31.797,0.843,55.213,72.405,1.456
d4888e83-8aed-48b3-978e-c4582048e0d4,2026-04-25T17:21:25.685416-04:00,node-01,payments-api,200,True,normal,market_aware_v1,42.15,50.562,126.811,26.771,0.488,55.411,69.986,1.021
ee3bcda2-dc2f-4451-b62a-dbc82f65015c,2026-04-25T17:21:25.695833-04:00,node-01,orders-api,200,True,normal,market_aware_v1,53.689,43.17,99.853,33.356,0.38,54.406,101.132,0.996
df6e1eb4-3615-4a57-bbcb-0a0581f01ebc,2026-04-25T17:21:25.706371-04:00,node-01,checkout-api,200,True,anomalous,market_aware_v1,55.145,49.652,112.684,31.89,0.698,51.859,75.173,1.297
9634e825-805f-474d-9219-5d22d18b2ae9,2026-04-25T17:21:25.716934-04:00,node-01,payments-api,200,True,normal,market_aware_v1,47.84,49.189,120.991,27.684,0.423,48.295,68.286,0.832
5afeadf7-389b-40e2-819b-602f37356af1,2026-04-25T17:21:25.727423-04:00,node-01,orders-api,200,True,normal,market_aware_v1,51.019,45.503,96.462,30.506,0.357,52.001,95.49,0.816
6bb51d63-9e91-4f73-bfd4-70a18ebfc462,2026-04-25T17:21:25.738021-04:00,node-01,checkout-api,200,True,normal,market_aware_v1,47.114,46.797,107.729,25.337,0.428,51.84,74.543,1.026
facef9be-dacf-42ec-94aa-024675d66206,2026-04-25T17:21:25.748563-04:00,node-01,payments-api,200,True,normal,market_aware_v1,45.166,47.665,98.048,25.296,0.286,43.405,64.306,0.563
2d718ff6-b067-4663-a727-a4138884bfa0,2026-04-25T17:21:25.759112-04:00,node-01,orders-api,200,True,normal,market_aware_v1,46.518,41.94,82.007,29.896,0.329,42.171,97.4,0.535
6f20fc9c-1d24-434a-8b8c-199ffbccd42d,2026-04-25T17:21:25.769575-04:00,node-01,checkout-api,200,True,normal,market_aware_v1,42.717,45.439,98.267,27.87,0.519,48.146,72.805,1.007
fb132943-6ead-4493-a8f1-0e673c8df612,2026-04-25T17:21:25.780093-04:00,node-01,payments-api,200,True,normal,market_aware_v1,39.434,48.308,98.88,24.779,0.31,38.623,73.698,0.644
d476985e-6d1d-4754-ac37-4b3fee3a4c3d,2026-04-25T17:21:25.790604-04:00,node-01,orders-api,200,True,normal,market_aware_v1,46.215,45.587,83.938,29.048,0.222,41.641,93.853,0.548
0e9a699c-9742-4d1d-8859-86f505a411ad,2026-04-25T17:21:25.801114-04:00,node-01,checkout-api,200,True,normal,market_aware_v1,46.49,45.543,96.052,28.404,0.38,37.982,78.607,0.604
8327f1dd-265d-43b5-8c84-f12303a905e8,2026-04-25T17:21:25.811594-04:00,node-01,payments-api,200,True,normal,market_aware_v1,38.879,50.313,110.996,27.021,0.462,56.282,53.431,1.091
655da0e3-56a6-44e3-a193-ddd530169475,2026-04-25T17:21:25.822037-04:00,node-01,orders-api,200,True,normal,market_aware_v1,44.627,40.364,96.445,29.385,0.369,49.848,102.144,0.654
47ceb93a-9bd8-4157-b77b-571224ab17a4,2026-04-25T17:21:25.832486-04:00,node-01,checkout-api,200,True,normal,market_aware_v1,42.354,44.333,105.577,26.6,0.46,53.868,70.843,1.103
03abb9cb-dc1e-4b7f-9b1a-350a6249ad56,2026-04-25T17:21:25.842916-04:00,node-01,payments-api,200,True,normal,market_aware_v1,42.309,46.825,106.25,25.039,0.409,46.879,60.176,0.627
69446b21-f4a0-4d25-b7c7-e97da4fc5180,2026-04-25T17:21:25.853341-04:00,node-01,orders-api,200,True,anomalous,market_aware_v1,51.573,45.282,115.2,32.077,0.846,64.04,85.57,1.866
da19ae5f-2d2b-43ee-9317-7e975e0d206d,2026-04-25T17:21:25.863827-04:00,node-01,checkout-api,200,True,normal,market_aware_v1,46.247,43.09,113.942,25.56,0.498,52.984,73.744,0.971
e5c77222-d9cd-4355-b860-23af30b426f8,2026-04-25T17:21:25.874238-04:00,node-01,payments-api,200,True,normal,market_aware_v1,34.954,48.773,112.619,23.432,0.499,54.398,67.157,0.965
f7b47391-43f4-4f7a-b93e-a867cea66af3,2026-04-25T17:21:25.884692-04:00,node-01,orders-api,200,True,normal,market_aware_v1,46.528,45.533,82.904,30.981,0.312,44.382,96.446,0.645
94eab5a0-b434-44dc-8efb-fc062827f016,2026-04-25T17:21:25.895150-04:00,node-01,checkout-api,200,True,normal,market_aware_v1,42.837,47.538,98.11,28.824,0.442,50.908,73.297,0.912
b6475c44-ff2f-4559-baad-e2dad0b6c007,2026-04-25T17:21:25.905650-04:00,node-01,payments-api,200,True,normal,market_aware_v1,43.715,51.096,112.469,25.781,0.431,54.653,58.495,0.936
504b60c6-f35e-41ce-9cec-e5bb5284dc91,2026-04-25T17:21:25.916092-04:00,node-01,orders-api,200,True,normal,market_aware_v1,44.686,42.011,82.361,31.067,0.269,45.887,100.23,0.541
7f12c2a3-814f-4574-8456-cef18e709972,2026-04-25T17:21:25.926551-04:00,node-01,checkout-api,200,True,normal,market_aware_v1,48.153,47.455,104.761,28.498,0.563,51.127,69.803,0.991
56e05f18-a0b0-4425-be45-062d57c91871,2026-04-25T17:21:25.936971-04:00,node-01,payments-api,200,True,normal,market_aware_v1,41.308,51.46,109.402,25.673,0.331,48.753,66.281,0.78
a6636536-ef83-4f25-b718-08c7e445f5d0,2026-04-25T17:21:25.947388-04:00,node-01,orders-api,200,True,normal,market_aware_v1,50.363,42.838,96.305,32.995,0.351,46.365,99.829,0.775
81b671a2-8a6a-49a0-be73-1b38c28a7260,2026-04-25T17:21:25.957821-04:00,node-01,checkout-api,200,True,normal,market_aware_v1,52.631,48.641,104.257,28.325,0.437,50.391,78.26,0.813
ebd6db74-b8c6-462e-8c3f-74fcb9af161e,2026-04-25T17:21:25.968198-04:00,node-01,payments-api,200,True,normal,market_aware_v1,45.838,52.929,123.527,28.243,0.443,54.653,63.949,1.077
21419f92-d519-4261-82d4-927e3c2dc583,2026-04-25T17:21:25.978665-04:00,node-01,orders-api,200,True,normal,market_aware_v1,51.844,43.988,109.309,31.613,0.401,52.929,93.649,0.898
637aac53-dbda-4e39-af02-3e3d775caced,2026-04-25T17:21:25.989054-04:00,node-01,checkout-api,200,True,normal,market_aware_v1,51.59,50.166,109.148,32.023,0.438,50.297,78.949,0.866
efbd3bf5-f081-4cdc-9c00-6f59fd4816bf,2026-04-25T17:21:25.999470-04:00,node-01,payments-api,200,True,normal,market_aware_v1,45.913,53.461,114.892,28.509,0.365,46.228,77.368,0.787
7da99c74-8db8-4a1d-b0c4-3af3787c12ab,2026-04-25T17:21:26.009850-04:00,node-01,orders-api,200,True,normal,market_aware_v1,51.913,44.552,99.135,31.399,0.417,56.408,101.799,0.883
3325822b-6816-4fe9-83b9-a4889e18dcaf,2026-04-25T17:21:26.020240-04:00,node-01,checkout-api,200,True,normal,market_aware_v1,52.152,50.459,113.672,34.221,0.491,54.174,78.191,1.133
1f95afbd-060f-4f74-a896-54314c18b905,2026-04-25T17:21:26.030667-04:00,node-01,payments-api,200,True,normal,market_aware_v1,53.141,52.584,121.704,28.495,0.535,55.508,66.55,1.158
4350070c-71e5-491a-8184-296a8d8ff7a8,2026-04-25T17:21:26.041043-04:00,node-01,orders-api,200,True,normal,market_aware_v1,53.046,47.962,103.406,33.153,0.394,53.928,104.255,0.77
fc4376a2-8a71-4c11-824a-70c3d30869a6,2026-04-25T17:21:26.051448-04:00,node-01,checkout-api,200,True,normal,market_aware_v1,54.232,51.547,117.458,30.633,0.534,61.265,74.265,1.073
a3677e77-7d85-42fb-b290-4cd0002b935f,2026-04-25T17:21:26.061845-04:00,node-01,payments-api,200,True,normal,market_aware_v1,54.174,56.025,133.0,26.167,0.451,60.72,61.266,1.068
e8f60347-04a4-43d2-bb55-c2036a8a6237,2026-04-25T17:21:26.072256-04:00,node-01,orders-api,200,True,normal,market_aware_v1,54.038,49.767,105.84,32.268,0.412,53.805,101.59,1.032
ba354691-2528-4930-8052-0e6ce01309e4,2026-04-25T17:21:26.082687-04:00,node-01,checkout-api,200,True,normal,market_aware_v1,54.546,51.213,112.173,30.178,0.488,51.362,83.719,0.955
d6b15f78-5102-439d-98da-5624ff83d0e9,2026-04-25T17:21:26.093068-04:00,node-01,payments-api,200,True,normal,market_aware_v1,48.164,54.139,105.506,29.049,0.321,47.837,65.327,0.704
c4db2c86-6c24-4aa4-b0e5-8c66024d0c3e,2026-04-25T17:21:26.103488-04:00,node-01,orders-api,200,True,normal,market_aware_v1,50.389,45.026,94.051,33.063,0.188,47.779,103.921,0.542
1f42bab3-6111-490d-bc31-efa9d59a406b,2026-04-25T17:21:26.113992-04:00,node-01,checkout-api,200,True,normal,market_aware_v1,49.785,48.248,106.468,28.539,0.465,47.206,83.213,0.895
837ae9ef-7b2e-4f0f-8637-0a825d987bb8,2026-04-25T17:21:26.124420-04:00,node-01,payments-api,200,True,anomalous,market_aware_v1,48.995,54.469,129.733,27.749,0.838,58.696,60.596,1.471
cd1ea8e4-36c8-43ed-91b1-741f4a13641a,2026-04-25T17:21:26.134842-04:00,node-01,orders-api,200,True,normal,market_aware_v1,55.339,44.549,95.823,32.904,0.31,50.782,98.907,0.692
a677879b-d249-4cc9-a79f-5c76087742dc,2026-04-25T17:21:26.145222-04:00,node-01,checkout-api,200,True,normal,market_aware_v1,43.305,50.235,97.841,30.396,0.397,46.144,81.959,0.876
bb2081ce-64a6-4a86-8825-33e9a3b562d4,2026-04-25T17:21:26.155690-04:00,node-01,payments-api,200,True,anomalous,market_aware_v1,44.616,50.574,127.604,26.892,0.784,54.353,59.378,1.521
6b9133fe-fcaa-4a0b-b4f7-6c66537a56cb,2026-04-25T17:21:26.166079-04:00,node-01,orders-api,200,True,normal,market_aware_v1,48.88,45.284,103.046,30.93,0.476,54.92,91.376,1.159
5a2d09fd-9e13-4b0c-a7f1-4c087a7b296d,2026-04-25T17:21:26.176526-04:00,node-01,checkout-api,200,True,normal,market_aware_v1,43.763,47.066,98.51,29.493,0.353,40.56,73.071,0.518
2c37ae5c-9cf1-43be-92e6-e5ec475ca7cc,2026-04-25T17:21:26.186906-04:00,node-01,payments-api,200,True,normal,market_aware_v1,41.053,47.979,119.013,23.444,0.418,50.269,58.537,1.092
532cd796-beb5-45f3-aaf1-ed144c297589,2026-04-25T17:21:26.197314-04:00,node-01,orders-api,200,True,normal,market_aware_v1,45.505,43.794,85.109,31.281,0.31,44.541,95.453,0.644
e2222160-3f03-471b-a751-c58464176513,2026-04-25T17:21:26.207758-04:00,node-01,checkout-api,200,True,anomalous,market_aware_v1,44.94,44.573,112.038,28.046,0.781,50.925,71.312,1.455
361eb47d-c77b-4a6e-b28c-4b5a387c23c1,2026-04-25T17:21:26.218150-04:00,node-01,payments-api,200,True,normal,market_aware_v1,38.048,48.6,116.29,25.529,0.402,52.179,49.713,1.015
a5be5cb0-8932-4dfc-a728-c4ac30f57577,2026-04-25T17:21:26.228578-04:00,node-01,orders-api,200,True,normal,market_aware_v1,43.966,43.047,102.653,27.974,0.365,49.471,89.202,0.869
0d764c67-078f-4776-a3ff-6303e983a3f0,2026-04-25T17:21:26.238989-04:00,node-01,checkout-api,200,True,normal,market_aware_v1,38.121,46.63,103.63,26.215,0.484,45.049,67.191,0.954
a92524d8-ef43-4b91-a45f-e5c350a8e706,2026-04-25T17:21:26.249460-04:00,node-01,payments-api,200,True,normal,market_aware_v1,40.798,46.881,116.414,24.533,0.575,55.682,51.282,1.134
fa9c9a8b-720c-4be8-9af1-2d3dc75d38af,2026-04-25T17:21:26.259866-04:00,node-01,orders-api,200,True,anomalous,market_aware_v1,47.693,41.684,88.949,30.52,0.573,40.799,87.139,0.909
f18eb4be-04fe-42a8-b966-1ac0586dc4fa,2026-04-25T17:21:26.270312-04:00,node-01,checkout-api,200,True,normal,market_aware_v1,40.755,46.918,100.744,24.847,0.519,49.47,73.156,0.978
6fde21f7-4966-44af-8f86-c99d69a61a69,2026-04-25T17:21:26.280853-04:00,node-01,payments-api,200,True,normal,market_aware_v1,37.376,47.491,99.486,21.905,0.304,41.326,52.695,0.664
27b79e7f-27d7-41d9-95db-4d142fa9c34d,2026-04-25T17:21:26.291518-04:00,node-01,orders-api,200,True,normal,market_aware_v1,43.498,44.149,75.216,29.904,0.282,43.901,87.101,0.576
a721df2f-34e1-4e0f-911a-ddcd636d53cf,2026-04-25T17:21:26.302174-04:00,node-01,checkout-api,200,True,normal,market_aware_v1,46.538,46.343,104.55,27.423,0.49,45.212,67.843,0.963
3019cd11-640f-48e1-b53c-b5becf22a703,2026-04-25T17:21:26.312693-04:00,node-01,payments-api,200,True,normal,market_aware_v1,38.566,47.662,124.084,24.185,0.548,60.689,53.386,1.229
7dc12b2c-76ea-44ce-88cc-08ec8b6baef7,2026-04-25T17:21:26.323327-04:00,node-01,orders-api,200,True,normal,market_aware_v1,44.909,41.377,83.001,31.404,0.263,45.12,94.463,0.516
1619c43b-7e94-401a-91bb-d94dc40ef66e,2026-04-25T17:21:26.333901-04:00,node-01,checkout-api,200,True,normal,market_aware_v1,46.214,45.646,107.171,28.817,0.535,49.472,71.252,1.085
2482a540-be95-417a-a85b-90ac8bb23089,2026-04-25T17:21:26.344417-04:00,node-01,payments-api,200,True,normal,market_aware_v1,43.068,47.919,112.413,24.493,0.397,56.344,61.776,1.051
8e4f077a-5528-4ca9-8c9e-e93b544ae864,2026-04-25T17:21:26.354985-04:00,node-01,orders-api,200,True,normal,market_aware_v1,50.374,43.088,98.324,31.113,0.472,47.285,100.026,1.186
e24a583a-67dc-4429-b190-90b4deb76182,2026-04-25T17:21:26.365521-04:00,node-01,checkout-api,200,True,normal,market_aware_v1,45.034,46.962,86.628,26.534,0.403,39.42,80.591,0.63
07c8d523-a77f-4ccf-a21c-6f6212fe1083,2026-04-25T17:21:26.376080-04:00,node-01,payments-api,200,True,normal,market_aware_v1,41.219,46.01,125.941,23.224,0.427,54.377,54.841,1.115
23557860-58b4-4286-95fd-6fd855815b6a,2026-04-25T17:21:26.386656-04:00,node-01,orders-api,200,True,normal,market_aware_v1,49.244,49.437,108.298,32.96,0.372,53.157,94.3,0.872
f6045dbf-6e5d-4575-aaa5-0ee364b2f8f8,2026-04-25T17:21:26.397223-04:00,node-01,checkout-api,200,True,normal,market_aware_v1,50.626,51.96,107.693,29.74,0.485,45.988,73.998,0.929
285736cb-58f5-4750-b833-c62ada4e847b,2026-04-25T17:21:26.407681-04:00,node-01,payments-api,200,True,normal,market_aware_v1,42.825,52.112,111.952,26.127,0.391,53.394,66.242,1.097
ac8e3287-106f-454f-bb4a-09badfed9442,2026-04-25T17:21:26.418272-04:00,node-01,orders-api,200,True,normal,market_aware_v1,54.855,48.476,98.868,31.979,0.373,55.858,99.564,0.826
f7179f67-14d2-4741-87d3-7bcc135a9e5f,2026-04-25T17:21:26.428698-04:00,node-01,checkout-api,200,True,normal,market_aware_v1,48.627,49.629,116.613,29.929,0.37,46.681,79.818,0.794
e6c774a5-e261-4328-9ef4-a23b2f79e07b,2026-04-25T17:21:26.439257-04:00,node-01,payments-api,200,True,normal,market_aware_v1,46.899,51.24,116.917,24.946,0.523,51.152,67.092,0.902
df728cf6-4b27-47cf-85fa-5ef0f729d38a,2026-04-25T17:21:26.449791-04:00,node-01,orders-api,200,True,anomalous,market_aware_v1,53.704,50.343,112.93,34.296,0.662,54.471,98.68,1.263
5be6c4cc-a4aa-4b31-9278-21e8f1665d03,2026-04-25T17:21:26.460282-04:00,node-01,checkout-api,200,True,normal,market_aware_v1,50.439,47.931,109.742,32.04,0.465,46.313,76.492,0.933
35e2c8ff-5017-4936-ae8b-0b72cd7f73f6,2026-04-25T17:21:26.470816-04:00,node-01,payments-api,200,True,normal,market_aware_v1,45.765,49.346,104.133,28.059,0.42,49.514,66.631,0.98
f44c0e21-3c5d-4059-8a39-300ce7b4125b,2026-04-25T17:21:26.481339-04:00,node-01,orders-api,200,True,normal,market_aware_v1,48.681,46.963,101.116,30.308,0.279,46.429,98.737,0.556
ce61784b-b5e4-4ba8-869e-8b9160c15d61,2026-04-25T17:21:26.491833-04:00,node-01,checkout-api,200,True,normal,market_aware_v1,49.586,51.194,101.743,28.628,0.427,45.848,78.761,0.752
3fcee57a-5cc5-4881-8f6b-3ec00d65d18c,2026-04-25T17:21:26.502255-04:00,node-01,payments-api,429,True,anomalous,market_aware_v1,47.19,56.937,134.028,28.374,0.744,59.466,60.418,1.484
3a4e9d46-23e3-4004-a3de-3096d064c695,2026-04-25T17:21:26.512805-04:00,node-01,orders-api,200,True,normal,market_aware_v1,53.682,48.544,90.892,31.619,0.273,45.876,95.739,0.607
08692ed4-18d5-4466-907d-33f3006c8853,2026-04-25T17:21:26.523184-04:00,node-01,checkout-api,200,True,normal,market_aware_v1,48.156,49.896,109.434,29.667,0.471,45.989,79.796,0.787
014216c9-8154-4159-9a89-29f621b5e27b,2026-04-25T17:21:26.533599-04:00,node-01,payments-api,200,True,normal,market_aware_v1,42.211,50.356,96.162,26.644,0.432,49.984,68.154,0.976
1b8d2c57-dac8-4cd1-88d4-3a6b6de72ca9,2026-04-25T17:21:26.544060-04:00,node-01,orders-api,200,True,normal,market_aware_v1,52.885,46.084,102.898,29.578,0.304,49.397,97.842,0.578
08afecca-8f65-41c9-a3ca-21885dd3818f,2026-04-25T17:21:26.554401-04:00,node-01,checkout-api,200,True,normal,market_aware_v1,46.397,48.313,102.504,29.227,0.501,56.52,62.713,1.137
00e0604b-d591-4d61-81ae-701f8349d9ee,2026-04-25T17:21:26.564803-04:00,node-01,payments-api,200,True,anomalous,market_aware_v1,47.501,49.286,138.816,27.77,0.805,63.597,54.677,1.77
303f71dc-fb52-4ffd-9322-c8719a958d50,2026-04-25T17:21:26.575400-04:00,node-01,orders-api,200,True,normal,market_aware_v1,44.514,45.185,76.173,29.333,0.313,44.654,94.781,0.594
7bc9bfc0-c1ed-4527-b6ec-9d5e7b2693bf,2026-04-25T17:21:26.585905-04:00,node-01,checkout-api,200,True,normal,market_aware_v1,45.342,47.747,113.22,29.068,0.469,52.102,67.512,1.017
48f86b56-810c-43e1-9ef1-d2a217255acb,2026-04-25T17:21:26.596355-04:00,node-01,payments-api,200,True,normal,market_aware_v1,40.369,47.606,109.916,22.188,0.404,49.329,59.285,0.814
8a309ec0-ac66-48bc-af05-9e034e207846,2026-04-25T17:21:26.606894-04:00,node-01,orders-api,200,True,normal,market_aware_v1,49.319,48.295,100.154,29.278,0.295,49.946,90.408,0.78
794c456c-8149-44bf-a194-fcbc6258460f,2026-04-25T17:21:26.617391-04:00,node-01,checkout-api,200,True,normal,market_aware_v1,46.537,44.335,104.258,30.341,0.459,49.584,67.536,0.854
9498c611-90b4-48ab-89ae-0e0bf78dd40b,2026-04-25T17:21:26.627847-04:00,node-01,payments-api,200,True,normal,market_aware_v1,39.168,51.124,126.117,25.425,0.563,58.088,55.048,1.453
ff5fb360-8ef3-4e0a-bc5c-81a06b7c9700,2026-04-25T17:21:26.638328-04:00,node-01,orders-api,200,True,normal,market_aware_v1,44.002,44.786,86.38,29.097,0.219,45.436,93.036,0.539
3ce13555-0d7f-421c-afa4-311e42c39ad6,2026-04-25T17:21:26.648767-04:00,node-01,checkout-api,200,True,normal,market_aware_v1,46.551,46.227,93.342,27.816,0.427,44.653,71.837,0.721
76a02b20-af72-4f25-b81e-7ffc1ebc6956,2026-04-25T17:21:26.659265-04:00,node-01,payments-api,200,True,normal,market_aware_v1,40.964,45.562,119.141,26.421,0.493,53.058,73.788,1.008
f962bf14-c43c-45f4-ae1f-edb4bdaeaec0,2026-04-25T17:21:26.669761-04:00,node-01,orders-api,200,True,normal,market_aware_v1,50.217,42.577,82.473,29.734,0.313,49.857,95.253,0.643
4cff13b0-fd6c-4400-ad6e-1c911e1b1263,2026-04-25T17:21:26.680244-04:00,node-01,checkout-api,200,True,normal,market_aware_v1,47.236,47.023,147.029,33.098,0.706,63.071,60.412,1.812
59e3d311-115a-4fad-9802-4eb763644498,2026-04-25T17:21:26.690668-04:00,node-01,payments-api,200,True,normal,market_aware_v1,41.511,49.212,106.845,26.148,0.404,49.039,57.538,0.899
9ba01575-95bd-4e78-a945-c42a694c647e,2026-04-25T17:21:26.701154-04:00,node-01,orders-api,200,True,normal,market_aware_v1,49.403,44.999,99.934,31.434,0.275,52.153,100.454,0.681
93f3f37e-f07c-44be-9ade-34e693d3319f,2026-04-25T17:21:26.711575-04:00,node-01,checkout-api,200,True,normal,market_aware_v1,48.545,48.744,108.478,27.285,0.52,49.582,72.235,0.889
6f02ee72-452a-4996-b792-0ef7dd8737b2,2026-04-25T17:21:26.722045-04:00,node-01,payments-api,200,True,normal,market_aware_v1,41.311,51.13,116.05,28.091,0.487,52.728,60.334,1.066
961fdb04-4590-42c8-ba63-b4a053b6162a,2026-04-25T17:21:26.732549-04:00,node-01,orders-api,200,True,normal,market_aware_v1,51.311,47.202,94.424,30.149,0.31,50.781,97.636,0.608
abd2f126-577d-46bf-b219-ed8a3c64df5b,2026-04-25T17:21:26.743036-04:00,node-01,checkout-api,200,True,normal,market_aware_v1,52.059,48.629,112.344,29.261,0.547,53.25,80.111,1.125
29beaa80-3033-48b4-9bdf-fd215c9b2255,2026-04-25T17:21:26.753527-04:00,node-01,payments-api,200,True,normal,market_aware_v1,44.435,51.996,117.541,24.612,0.448,51.283,66.956,1.028
2f6026da-3cb2-4d1e-a810-a1cd059e3264,2026-04-25T17:21:26.763992-04:00,node-01,orders-api,200,True,normal,market_aware_v1,56.9,45.454,99.121,33.372,0.258,44.723,101.81,0.583
5fcd5059-8bdd-4b5a-8101-64618a81faad,2026-04-25T17:21:26.774479-04:00,node-01,checkout-api,200,True,anomalous,market_aware_v1,54.872,54.101,132.018,31.677,0.976,63.887,72.379,1.788
b0630b92-227f-4d0d-8156-8af1cdf6e946,2026-04-25T17:21:26.784875-04:00,node-01,payments-api,200,True,normal,market_aware_v1,50.803,51.613,117.503,25.908,0.348,47.564,68.813,0.863
ce8dfe8e-b68c-4659-8be2-763d19154c1d,2026-04-25T17:21:26.795328-04:00,node-01,orders-api,200,True,normal,market_aware_v1,55.316,46.983,114.343,30.156,0.389,56.529,106.063,0.877
2105bc12-e079-488b-965a-e1b980d160ce,2026-04-25T17:21:26.805873-04:00,node-01,checkout-api,200,True,normal,market_aware_v1,54.395,52.853,108.475,30.066,0.527,50.534,76.635,0.989
bc6e174a-9f1c-4294-b579-8317821b963e,2026-04-25T17:21:26.816355-04:00,node-01,payments-api,200,True,normal,market_aware_v1,50.25,55.777,115.061,26.423,0.528,55.446,62.506,1.142
1eb39c61-e48b-4577-bda3-f417e831db3f,2026-04-25T17:21:26.826831-04:00,node-01,orders-api,200,True,normal,market_aware_v1,57.46,48.19,100.868,33.907,0.187,43.87,106.796,0.476
fe7444a1-53bd-494c-8579-168ab1836fa9,2026-04-25T17:21:26.837259-04:00,node-01,checkout-api,200,True,normal,market_aware_v1,50.111,53.215,108.493,31.53,0.585,53.637,82.189,0.991
cb43f299-af30-46bc-90c6-c5ecfaa31f88,2026-04-25T17:21:26.847677-04:00,node-01,payments-api,429,True,normal,market_aware_v1,49.733,52.257,120.732,27.174,0.44,55.5,63.546,0.956
f84e1c9d-8db8-4a49-9d6a-296323189025,2026-04-25T17:21:26.858065-04:00,node-01,orders-api,200,True,normal,market_aware_v1,52.465,51.52,87.628,33.142,0.301,49.246,107.322,0.656
531f689c-fec9-4153-987f-724448b142b9,2026-04-25T17:21:26.868451-04:00,node-01,checkout-api,200,True,normal,market_aware_v1,52.799,52.221,124.12,29.89,0.605,53.283,76.904,1.133
eb92f5d6-26e5-4a74-b143-26eb38770dfa,2026-04-25T17:21:26.878822-04:00,node-01,payments-api,200,True,normal,market_aware_v1,49.643,51.766,121.602,26.754,0.405,54.942,66.747,0.871
2610b422-e035-49ab-bd77-b2c83180a2e2,2026-04-25T17:21:26.889193-04:00,node-01,orders-api,200,True,normal,market_aware_v1,54.836,47.925,101.76,31.116,0.303,49.814,107.469,0.727
7e776bce-c804-4824-ad96-a07b5f8d1b4e,2026-04-25T17:21:26.899669-04:00,node-01,checkout-api,200,True,normal,market_aware_v1,55.834,51.214,119.299,29.619,0.542,52.038,78.791,1.099
85c53980-360c-4d4a-89fa-117df5e56205,2026-04-25T17:21:26.910106-04:00,node-01,payments-api,200,True,normal,market_aware_v1,39.551,53.055,106.987,25.231,0.389,49.825,64.982,0.887
d39c01f8-aae4-4cdc-bfea-668d2da91d0a,2026-04-25T17:21:26.920546-04:00,node-01,orders-api,200,True,normal,market_aware_v1,54.921,46.329,106.846,30.708,0.306,51.119,99.33,0.739
37f23f4d-4734-4799-b159-40986ea07ddc,2026-04-25T17:21:26.930928-04:00,node-01,checkout-api,200,True,anomalous,market_aware_v1,55.495,50.984,128.52,30.127,0.868,59.111,64.765,1.767
b603c723-c98a-44f6-bb89-850d1e8b3417,2026-04-25T17:21:26.941346-04:00,node-01,payments-api,429,True,normal,market_aware_v1,43.702,49.262,113.655,22.835,0.427,57.492,60.929,1.081
743fe931-7482-4f9c-a541-63c03abcdb9c,2026-04-25T17:21:26.951747-04:00,node-01,orders-api,200,True,normal,market_aware_v1,51.628,42.275,109.243,30.836,0.428,55.885,92.089,0.974
89e51230-e026-4d07-a0e9-419792f12698,2026-04-25T17:21:26.962122-04:00,node-01,checkout-api,200,True,normal,market_aware_v1,43.065,47.515,108.167,26.927,0.645,51.638,69.888,1.149
f495e31c-9904-46c2-81b6-3d85a0fdb6ec,2026-04-25T17:21:26.972507-04:00,node-01,payments-api,429,True,normal,market_aware_v1,39.977,48.496,121.166,25.266,0.41,54.702,53.748,0.95
70b26c15-624f-49b6-984e-4d8545a6c18f,2026-04-25T17:21:26.982869-04:00,node-01,orders-api,200,True,normal,market_aware_v1,46.717,41.562,97.04,30.1,0.492,51.969,95.671,1.142
e7e0faa7-a4ba-4861-a117-77fc5ea8058f,2026-04-25T17:21:26.993231-04:00,node-01,checkout-api,200,True,normal,market_aware_v1,43.223,45.203,106.687,26.502,0.425,43.986,72.074,0.834
99ad3a9b-a24f-4605-8c95-bba315363595,2026-04-25T17:21:27.003655-04:00,node-01,payments-api,429,True,normal,market_aware_v1,42.049,45.94,123.956,24.26,0.505,54.344,59.033,1.086
9b097d95-0c9f-4f12-92f4-3317f1757bdb,2026-04-25T17:21:27.014023-04:00,node-01,orders-api,200,True,normal,market_aware_v1,46.235,43.755,85.818,30.483,0.173,46.227,90.369,0.52
bc0dfa09-519b-481e-bfbc-6970b82d9f91,2026-04-25T17:21:27.024401-04:00,node-01,checkout-api,200,True,normal,market_aware_v1,43.212,46.566,112.076,26.602,0.386,46.704,66.247,0.811
4b72e876-90b7-4328-9529-3b070b4973e4,2026-04-25T17:21:27.034827-04:00,node-01,payments-api,200,True,normal,market_aware_v1,39.999,44.071,115.023,25.906,0.428,49.675,53.959,0.92
09a2ea72-59a7-4c5e-be0e-09236a16f982,2026-04-25T17:21:27.045213-04:00,node-01,orders-api,200,True,normal,market_aware_v1,46.438,41.52,106.022,28.34,0.309,45.968,93.038,0.809
84637560-85b1-4403-aaba-2c3c78502bcc,2026-04-25T17:21:27.055658-04:00,node-01,checkout-api,200,True,anomalous,market_aware_v1,45.276,48.055,113.945,28.656,0.796,56.075,60.606,1.494
ee88148b-b248-43dc-a7a5-f9bbc2a8eeb3,2026-04-25T17:21:27.066034-04:00,node-01,payments-api,200,True,normal,market_aware_v1,38.69,46.128,103.447,25.753,0.396,47.693,57.677,0.732
648c0133-6370-4bcd-9c36-1e8a13a83024,2026-04-25T17:21:27.076435-04:00,node-01,orders-api,429,True,normal,market_aware_v1,47.103,41.02,98.79,31.467,0.371,57.383,86.249,0.755
be266d7a-af66-424b-949b-eed3e6c7b836,2026-04-25T17:21:27.086823-04:00,node-01,checkout-api,200,True,normal,market_aware_v1,46.117,46.628,122.303,29.495,0.496,51.604,64.135,1.059
acac7fdb-8fbc-45a6-b57f-fd4eb7fb0fd5,2026-04-25T17:21:27.097200-04:00,node-01,payments-api,200,True,normal,market_aware_v1,39.938,44.086,122.651,23.808,0.427,55.505,55.552,1.064
9a0edd1c-4355-4a86-a284-dfdcd4fff886,2026-04-25T17:21:27.107658-04:00,node-01,orders-api,200,True,normal,market_aware_v1,43.698,42.495,96.781,29.829,0.372,52.716,92.36,0.756
568717fb-22a4-44ed-b1f5-ac5dff7eadc0,2026-04-25T17:21:27.118043-04:00,node-01,checkout-api,200,True,normal,market_aware_v1,45.185,47.373,109.961,28.578,0.493,48.431,71.399,0.922
007646ce-116b-4742-b6ba-2c3653fe739e,2026-04-25T17:21:27.128403-04:00,node-01,payments-api,200,True,anomalous,market_aware_v1,46.369,48.919,126.789,27.587,0.822,56.1,51.234,1.529
e87fac97-c5f1-468f-af36-cf9ebce61926,2026-04-25T17:21:27.138792-04:00,node-01,orders-api,200,True,normal,market_aware_v1,49.43,39.017,106.268,29.35,0.303,50.263,94.642,0.644
e5af1cc6-7a4b-4d7f-91f4-e75c206954db,2026-04-25T17:21:27.149182-04:00,node-01,checkout-api,200,True,normal,market_aware_v1,48.148,47.121,102.66,30.159,0.506,45.214,83.43,0.826
c62ff18e-dd84-4c51-9f74-357136cc83ef,2026-04-25T17:21:27.159601-04:00,node-01,payments-api,200,True,normal,market_aware_v1,39.878,47.545,104.279,27.036,0.368,53.563,62.473,0.986
fe49c6b4-48ae-4df9-a05c-72102bf39e97,2026-04-25T17:21:27.169984-04:00,node-01,orders-api,200,True,normal,market_aware_v1,52.694,47.813,97.583,30.888,0.288,45.31,100.43,0.642
86aae2f3-ac2e-464d-bd9a-fe27515f90b8,2026-04-25T17:21:27.180413-04:00,node-01,checkout-api,200,True,normal,market_aware_v1,49.825,49.621,116.695,27.822,0.56,45.062,76.042,1.183
d8e5c715-9822-424e-9d41-6a974422b4e4,2026-04-25T17:21:27.190810-04:00,node-01,payments-api,200,True,normal,market_aware_v1,46.681,52.889,114.417,26.822,0.425,47.816,67.0,0.774
b1cb52cd-041e-443d-abcf-2a46e6fdb3e1,2026-04-25T17:21:27.201179-04:00,node-01,orders-api,200,True,anomalous,market_aware_v1,55.366,49.279,113.845,32.587,0.751,60.591,93.965,1.486
7b56e007-29e0-40c3-b9a8-0327596ab645,2026-04-25T17:21:27.211635-04:00,node-01,checkout-api,200,True,normal,market_aware_v1,47.121,53.732,106.811,30.25,0.497,51.969,77.316,0.992
20af1df4-e282-4a91-8d68-a99aa967625f,2026-04-25T17:21:27.222226-04:00,node-01,payments-api,429,True,normal,market_aware_v1,48.203,52.385,121.732,27.898,0.455,57.87,63.509,1.048
92d4da7e-1f48-489e-8d59-6840bc795eec,2026-04-25T17:21:27.232678-04:00,node-01,orders-api,200,True,normal,market_aware_v1,56.528,50.0,109.939,31.081,0.257,53.459,99.186,0.783
6e474830-c599-4429-8b38-027cd1a8e969,2026-04-25T17:21:27.243050-04:00,node-01,checkout-api,200,True,normal,market_aware_v1,50.724,48.235,107.05,30.255,0.544,54.075,79.5,1.117
8a0c8141-045d-466b-9fbb-281cbb6359ff,2026-04-25T17:21:27.253462-04:00,node-01,payments-api,200,True,normal,market_aware_v1,52.451,52.523,128.812,25.975,0.508,60.654,61.248,1.243
5e272140-322a-459a-a2fd-06c4d25c8031,2026-04-25T17:21:27.263828-04:00,node-01,orders-api,200,True,normal,market_aware_v1,52.521,46.582,95.613,31.309,0.299,49.952,95.182,0.719
6e957ef8-fe53-497d-9d44-17e5215eed8c,2026-04-25T17:21:27.274210-04:00,node-01,checkout-api,200,True,normal,market_aware_v1,49.945,48.389,134.214,29.765,0.585,59.093,73.194,1.339
ae37a7cc-d6eb-4bf1-acf5-c88a013ee27e,2026-04-25T17:21:27.284636-04:00,node-01,payments-api,200,True,normal,market_aware_v1,47.958,50.472,130.316,25.62,0.546,63.86,67.871,1.358
72b13555-ef2c-422a-a04f-a89f5d549e10,2026-04-25T17:21:27.295008-04:00,node-01,orders-api,200,True,normal,market_aware_v1,52.242,46.223,100.41,33.223,0.265,55.194,98.592,0.836
703ca47e-cf63-4676-9e00-8c7bcf805b25,2026-04-25T17:21:27.305430-04:00,node-01,checkout-api,200,True,normal,market_aware_v1,46.955,51.58,104.214,29.128,0.606,52.054,80.154,1.075
01430d53-6de4-49b5-b384-3b2f340894a0,2026-04-25T17:21:27.315834-04:00,node-01,payments-api,200,True,normal,market_aware_v1,46.364,48.383,110.499,26.185,0.408,49.432,64.412,0.97
b2e0ae9e-fd14-4a9a-87b9-7d4bdc8537c6,2026-04-25T17:21:27.326265-04:00,node-01,orders-api,200,True,normal,market_aware_v1,50.209,43.204,110.787,29.296,0.351,53.878,92.749,0.801
116db209-4979-4620-8b50-a351fbdcb5c8,2026-04-25T17:21:27.336690-04:00,node-01,checkout-api,200,True,normal,market_aware_v1,44.566,48.631,105.495,30.73,0.464,47.602,76.381,0.99
4ad1cec2-8b67-4dc8-ab33-dec0e37d14f1,2026-04-25T17:21:27.347103-04:00,node-01,payments-api,200,True,normal,market_aware_v1,43.106,52.753,114.216,28.073,0.435,48.204,64.966,1.068
48e22544-8365-4c1c-965d-f53639377562,2026-04-25T17:21:27.357502-04:00,node-01,orders-api,200,True,normal,market_aware_v1,53.353,42.397,96.71,29.82,0.368,51.158,90.502,0.733
59587de9-868d-4fff-ad92-b0a43dd817d8,2026-04-25T17:21:27.367881-04:00,node-01,checkout-api,429,True,normal,market_aware_v1,44.608,50.74,120.237,29.648,0.485,54.11,68.987,1.052
b5a11655-6582-4037-a227-8a575936b5a8,2026-04-25T17:21:27.378432-04:00,node-01,payments-api,200,True,normal,market_aware_v1,42.313,47.139,108.356,27.641,0.334,47.475,61.524,0.797
bce5a310-30e2-456a-890b-d8668741378b,2026-04-25T17:21:27.388831-04:00,node-01,orders-api,200,True,normal,market_aware_v1,45.36,42.576,97.358,31.451,0.219,46.076,96.671,0.602
580a5c57-bbbb-423f-b2ff-0dbefd5ee7bd,2026-04-25T17:21:27.399235-04:00,node-01,checkout-api,200,True,normal,market_aware_v1,47.774,45.642,124.936,25.928,0.65,58.76,65.183,1.367
ab433912-7b4e-44c2-a58d-da024f7d04fe,2026-04-25T17:21:27.409719-04:00,node-01,payments-api,200,True,normal,market_aware_v1,39.193,48.435,105.753,25.693,0.401,56.549,56.285,1.085
bc3db716-845b-4979-94b1-1d029da5233a,2026-04-25T17:21:27.420141-04:00,node-01,orders-api,200,True,normal,market_aware_v1,42.257,46.352,92.509,31.789,0.277,46.818,92.663,0.629
af323072-8d23-4867-8d7e-60297c093898,2026-04-25T17:21:27.430560-04:00,node-01,checkout-api,200,True,anomalous,market_aware_v1,48.874,49.99,131.491,29.824,0.949,64.078,63.536,1.694
3d439490-3c68-4f1d-b17b-4026af3a9728,2026-04-25T17:21:27.440954-04:00,node-01,payments-api,200,True,normal,market_aware_v1,43.662,49.045,125.251,22.694,0.498,55.348,56.304,1.142
1943f934-de47-41a6-8c29-d9cae0aadd32,2026-04-25T17:21:27.451371-04:00,node-01,orders-api,200,True,normal,market_aware_v1,46.494,42.014,99.658,29.764,0.278,49.435,92.585,0.744
01b090ce-9f20-47bb-8e68-3794da87b499,2026-04-25T17:21:27.461770-04:00,node-01,checkout-api,200,True,normal,market_aware_v1,44.014,48.168,107.625,28.924,0.503,48.721,75.925,0.914
b4865dbd-6927-40a5-95a5-8e457c321dbf,2026-04-25T17:21:27.472161-04:00,node-01,payments-api,200,True,normal,market_aware_v1,42.395,47.79,98.808,26.166,0.365,42.455,63.361,0.671
7364d2f0-29d7-4d97-9d2e-5284c55cdf16,2026-04-25T17:21:27.482635-04:00,node-01,orders-api,200,True,normal,market_aware_v1,51.244,40.399,98.356,30.915,0.269,46.195,97.386,0.576
911a039f-30f0-4e57-88c8-cf5939678279,2026-04-25T17:21:27.493019-04:00,node-01,checkout-api,200,True,normal,market_aware_v1,50.378,50.968,95.159,29.071,0.415,37.856,84.538,0.584
30819039-ade9-4a43-ad68-018841a47a52,2026-04-25T17:21:27.503429-04:00,node-01,payments-api,200,True,normal,market_aware_v1,43.933,50.228,116.52,25.354,0.488,52.971,58.981,0.984
40111bd7-88da-424c-8178-daa658032c3b,2026-04-25T17:21:27.513856-04:00,node-01,orders-api,200,True,normal,market_aware_v1,50.302,46.026,99.967,30.263,0.352,50.001,92.478,0.826
208cd4eb-4686-4909-9f43-e36170ac147b,2026-04-25T17:21:27.524228-04:00,node-01,checkout-api,200,True,normal,market_aware_v1,45.898,48.992,106.189,28.485,0.413,45.782,83.409,0.76
d9842d2e-f60c-44ea-bd2c-33cdf02ea902,2026-04-25T17:21:27.534691-04:00,node-01,payments-api,429,True,normal,market_aware_v1,46.008,49.486,120.762,29.006,0.382,47.516,67.454,0.825
652606fd-ad0a-4715-88eb-d5c3336e2fc4,2026-04-25T17:21:27.545128-04:00,node-01,orders-api,200,True,normal,market_aware_v1,52.813,47.569,100.639,32.941,0.295,47.368,95.366,0.541
8c0ccc74-9d95-4983-aa1f-0d30db9a80e2,2026-04-25T17:21:27.555622-04:00,node-01,checkout-api,200,True,anomalous,market_aware_v1,55.452,55.339,124.551,31.301,0.798,52.092,74.88,1.316
46f269ee-dd6c-4bb5-ac37-b7dbb2c41706,2026-04-25T17:21:27.566121-04:00,node-01,payments-api,429,True,normal,market_aware_v1,49.402,51.595,126.451,27.435,0.44,58.884,66.202,1.18
cc019179-cee0-4ebd-9802-9881795eb6fd,2026-04-25T17:21:27.576632-04:00,node-01,orders-api,200,True,normal,market_aware_v1,53.817,47.058,107.252,34.349,0.368,51.444,99.409,0.922
c7699842-cb6e-4cb4-82dc-c726a08be117,2026-04-25T17:21:27.587109-04:00,node-01,checkout-api,200,True,normal,market_aware_v1,57.432,50.23,114.718,28.349,0.524,53.714,73.848,1.04
bf6788c9-5ea3-4b4e-9fcc-3ac67cfc1198,2026-04-25T17:21:27.597660-04:00,node-01,payments-api,200,True,normal,market_aware_v1,48.341,52.505,128.115,28.871,0.546,58.271,67.791,1.238
9a1a5793-d338-4b0d-90dc-77eef553bf1a,2026-04-25T17:21:27.608116-04:00,node-01,orders-api,200,True,normal,market_aware_v1,53.302,49.53,97.429,32.803,0.321,49.809,105.351,0.851
4875bda9-bb7a-4c99-8e99-7148f7d96034,2026-04-25T17:21:27.618622-04:00,node-01,checkout-api,200,True,normal,market_aware_v1,52.922,53.325,137.867,31.518,0.548,62.225,77.977,1.298
43cd4935-08c8-490f-bf51-97a15bea6f2b,2026-04-25T17:21:27.629107-04:00,node-01,payments-api,200,True,normal,market_aware_v1,45.242,55.541,125.542,28.78,0.515,58.064,60.027,1.19
3a6acd1f-f5e1-4b48-91ff-41f6c2d1ed83,2026-04-25T17:21:27.639632-04:00,node-01,orders-api,429,True,normal,market_aware_v1,57.094,49.497,116.367,33.715,0.367,56.123,105.22,0.914
d3acaa3a-c335-4439-ab69-716ba8e6c106,2026-04-25T17:21:27.650093-04:00,node-01,checkout-api,200,True,normal,market_aware_v1,56.247,48.861,114.503,29.166,0.502,47.176,83.105,0.889
390c0a10-95de-4e7b-8d0f-d95268d15ef4,2026-04-25T17:21:27.660614-04:00,node-01,payments-api,200,True,normal,market_aware_v1,48.805,51.916,128.1,28.233,0.483,59.736,66.062,1.18
822ad615-6e45-40ae-b7d4-4c00aef264c6,2026-04-25T17:21:27.671080-04:00,node-01,orders-api,200,True,normal,market_aware_v1,54.487,51.347,101.13,32.33,0.306,45.984,103.892,0.694
f541394f-1054-4406-b883-a88d16fe25b4,2026-04-25T17:21:27.681570-04:00,node-01,checkout-api,429,True,normal,market_aware_v1,52.785,49.713,119.687,28.838,0.501,56.109,76.559,1.13
5f50c6b8-5b9d-4dd1-9009-9418a2d51dce,2026-04-25T17:21:27.692075-04:00,node-01,payments-api,200,True,normal,market_aware_v1,45.71,54.523,126.534,25.341,0.444,52.947,66.897,0.972
6f39b7ad-c029-4eff-949a-56f75718634f,2026-04-25T17:21:27.702665-04:00,node-01,orders-api,200,True,normal,market_aware_v1,51.506,48.96,104.296,31.727,0.369,57.245,97.857,0.922
de437933-6f19-4564-aa2e-4239bdf95512,2026-04-25T17:21:27.713324-04:00,node-01,checkout-api,200,True,normal,market_aware_v1,51.748,50.161,113.696,31.37,0.491,48.235,79.489,0.874
928d6cdd-178b-4514-adf0-0d741e395997,2026-04-25T17:21:27.723965-04:00,node-01,payments-api,200,True,normal,market_aware_v1,47.59,53.2,138.195,26.328,0.534,59.513,55.802,1.123
ab1861f5-fb6f-43b9-977a-0da5be53dff0,2026-04-25T17:21:27.734647-04:00,node-01,orders-api,200,True,normal,market_aware_v1,49.788,43.319,106.18,29.213,0.339,53.78,97.652,0.848
0b5e69f4-9e60-4754-affd-819a57d3a9a1,2026-04-25T17:21:27.745227-04:00,node-01,checkout-api,200,True,normal,market_aware_v1,48.25,46.298,111.284,29.797,0.437,54.8,71.189,1.116
70e14715-9322-477a-9786-917d128caabf,2026-04-25T17:21:27.756041-04:00,node-01,payments-api,200,True,normal,market_aware_v1,41.358,46.955,123.797,26.237,0.444,57.113,54.801,1.092
aa82c903-509c-4107-bc29-d594fd3bdc53,2026-04-25T17:21:27.766691-04:00,node-01,orders-api,200,True,normal,market_aware_v1,46.787,42.239,89.48,29.328,0.223,43.348,95.562,0.424
31e8ae70-5119-4f06-af35-5c7830b46092,2026-04-25T17:21:27.777281-04:00,node-01,checkout-api,429,True,normal,market_aware_v1,44.3,44.623,122.403,27.031,0.5,51.098,67.474,1.044
9b41290e-9c02-4dac-ab95-77b32149d4ca,2026-04-25T17:21:27.787806-04:00,node-01,payments-api,200,True,normal,market_aware_v1,40.215,49.73,117.371,24.835,0.459,54.189,51.186,0.985
e3b5ae7e-ebea-47c5-9086-83d27b6349a2,2026-04-25T17:21:27.798337-04:00,node-01,orders-api,200,True,normal,market_aware_v1,47.057,42.313,101.902,29.605,0.343,49.374,88.698,0.757
5018e9b1-08ca-4fd9-b4e1-3e3e6b99a339,2026-04-25T17:21:27.808878-04:00,node-01,checkout-api,200,True,normal,market_aware_v1,44.718,45.361,96.456,27.916,0.356,44.107,67.993,0.693
3eb1f7ee-d922-40da-8a1e-ee3b4b7d5991,2026-04-25T17:21:27.819367-04:00,node-01,payments-api,200,True,normal,market_aware_v1,41.46,46.547,131.172,25.605,0.421,57.096,52.068,0.93
9a991049-9387-4294-83a2-95f130189dd2,2026-04-25T17:21:27.829901-04:00,node-01,orders-api,200,True,normal,market_aware_v1,46.271,42.29,100.772,30.968,0.332,53.757,82.266,0.743
88951a08-89c1-4417-9f55-c754723e92d1,2026-04-25T17:21:27.840466-04:00,node-01,checkout-api,200,True,normal,market_aware_v1,45.77,46.123,104.861,25.984,0.535,49.03,69.709,0.975
66182a6c-74d6-4999-b017-19edd9568610,2026-04-25T17:21:27.850941-04:00,node-01,payments-api,200,True,normal,market_aware_v1,40.242,50.502,115.938,25.198,0.336,47.564,55.711,0.754
ace6b3d0-ce6b-492c-a06b-820480e64bd4,2026-04-25T17:21:27.861371-04:00,node-01,orders-api,200,True,normal,market_aware_v1,44.991,42.322,84.036,29.409,0.297,46.384,96.642,0.511
2d55cd3c-d5f7-48d3-8998-89f7a72305c7,2026-04-25T17:21:27.871789-04:00,node-01,checkout-api,200,True,normal,market_aware_v1,43.258,46.912,114.714,28.771,0.611,55.507,69.665,1.25
03d010af-e051-483a-9a05-a567495ad8b4,2026-04-25T17:21:27.882196-04:00,node-01,payments-api,200,True,normal,market_aware_v1,42.731,46.274,130.363,24.22,0.399,52.149,57.643,0.918
9aa1b40b-fa74-455d-8f44-192948f5b716,2026-04-25T17:21:27.892600-04:00,node-01,orders-api,200,True,normal,market_aware_v1,48.447,41.231,91.928,29.147,0.239,48.586,96.03,0.657
418a354e-8bb6-43c6-945f-2d09adb7600f,2026-04-25T17:21:27.903008-04:00,node-01,checkout-api,200,True,normal,market_aware_v1,47.584,49.099,118.438,26.422,0.577,54.73,71.67,1.214
8e24c8e9-38ea-45fe-858f-f5c152e1728c,2026-04-25T17:21:27.913578-04:00,node-01,payments-api,200,True,normal,market_aware_v1,44.475,49.298,120.085,24.765,0.482,53.966,55.683,0.961
358caebd-1e1c-4b91-8a14-9788543bcb40,2026-04-25T17:21:27.924099-04:00,node-01,orders-api,429,True,normal,market_aware_v1,50.117,44.783,109.367,29.753,0.411,55.135,92.009,0.911
32c7acbb-42c2-4d93-91b4-f9ffe3db535b,2026-04-25T17:21:27.934552-04:00,node-01,checkout-api,200,True,normal,market_aware_v1,48.063,43.471,113.557,28.697,0.465,49.74,75.749,1.007
74200fae-88a9-4c54-9a11-302648fd70ad,2026-04-25T17:21:27.944935-04:00,node-01,payments-api,200,True,normal,market_aware_v1,43.755,48.493,121.374,25.922,0.509,54.28,54.72,1.022
b0584187-b10f-4109-9e71-ff2e1759c9f3,2026-04-25T17:21:27.955343-04:00,node-01,orders-api,200,True,normal,market_aware_v1,50.355,45.084,98.504,31.472,0.369,51.45,98.378,0.83
2a330e66-db04-45d6-b952-fa7f95908e77,2026-04-25T17:21:27.965757-04:00,node-01,checkout-api,429,True,normal,market_aware_v1,50.701,50.02,142.669,31.144,0.687,65.753,60.317,1.798
ece7ffda-1023-4624-b786-02d42b0be7fd,2026-04-25T17:21:27.976143-04:00,node-01,payments-api,200,True,normal,market_aware_v1,51.458,50.274,150.906,27.91,0.693,72.008,50.823,1.626
7658ddaa-5bf6-460c-9646-07ded7ec7e90,2026-04-25T17:21:27.986557-04:00,node-01,orders-api,200,True,normal,market_aware_v1,49.698,47.255,92.701,32.322,0.34,47.394,101.439,0.625
41c6ff8b-c135-4224-866a-fe2f2a5fb999,2026-04-25T17:21:27.996951-04:00,node-01,checkout-api,200,True,normal,market_aware_v1,45.516,47.64,108.228,31.383,0.495,53.772,76.08,0.988
55edc9c5-0317-4dbf-86a2-5f45fe9a6bd8,2026-04-25T17:21:28.007349-04:00,node-01,payments-api,429,True,normal,market_aware_v1,49.532,53.542,157.642,27.569,0.479,64.926,60.729,1.191
6810dc41-1bd4-4176-b627-90547b0f4005,2026-04-25T17:21:28.017772-04:00,node-01,orders-api,200,True,normal,market_aware_v1,50.407,49.65,108.014,31.508,0.368,54.939,97.715,0.919
130682d4-e4a8-4d70-8314-c0674e32a7e7,2026-04-25T17:21:28.028171-04:00,node-01,checkout-api,429,True,normal,market_aware_v1,51.274,52.62,127.331,29.02,0.571,64.396,72.263,1.355
a6272e5c-e86c-4fe2-a1d7-189c6841d00c,2026-04-25T17:21:28.038603-04:00,node-01,payments-api,200,True,normal,market_aware_v1,50.801,51.004,133.164,27.765,0.432,54.271,65.547,0.929
29ddec23-8837-49c4-b6e2-7704762fe708,2026-04-25T17:21:28.048986-04:00,node-01,orders-api,200,True,normal,market_aware_v1,53.462,50.112,117.286,34.442,0.535,63.91,96.695,1.391
0f1fb483-f474-4c95-ad1b-6707b8536bad,2026-04-25T17:21:28.059450-04:00,node-01,checkout-api,200,True,normal,market_aware_v1,53.089,50.222,114.375,27.624,0.536,49.729,83.871,0.99
bdb35b6c-0229-45ef-8f2b-f52f5030fa6d,2026-04-25T17:21:28.069840-04:00,node-01,payments-api,200,True,normal,market_aware_v1,44.288,50.515,118.828,25.833,0.502,54.779,62.345,1.086
fafd893b-0cf8-4907-a741-41ffca7aed67,2026-04-25T17:21:28.080242-04:00,node-01,orders-api,429,True,normal,market_aware_v1,54.069,45.404,115.591,29.335,0.496,59.22,94.828,1.089
ea934eb6-74b8-4d4e-b3af-a21810b3a013,2026-04-25T17:21:28.090701-04:00,node-01,checkout-api,429,True,normal,market_aware_v1,51.169,48.614,119.432,30.824,0.512,56.069,79.402,1.114
43073473-ba20-45e1-9ede-eab2334b506a,2026-04-25T17:21:28.101082-04:00,node-01,payments-api,429,True,normal,market_aware_v1,45.573,49.45,122.233,24.339,0.475,53.764,64.121,1.033
3de13840-1ba8-4d3a-9791-28e4112064b3,2026-04-25T17:21:28.111499-04:00,node-01,orders-api,200,True,normal,market_aware_v1,51.292,45.808,109.211,32.33,0.319,52.418,94.618,0.654
652ddb21-c97a-48b9-a7e9-148a0738759e,2026-04-25T17:21:28.121891-04:00,node-01,checkout-api,200,True,normal,market_aware_v1,52.028,47.527,126.684,30.328,0.549,58.502,74.816,1.296
17e32cd3-39e8-4aec-8ab6-5c253256c13f,2026-04-25T17:21:28.132306-04:00,node-01,payments-api,200,True,normal,market_aware_v1,43.652,50.962,117.391,26.331,0.463,56.469,59.721,1.007
aea62119-1187-4415-ac8a-6ea1a2f2c925,2026-04-25T17:21:28.142764-04:00,node-01,orders-api,200,True,normal,market_aware_v1,48.026,44.796,101.351,32.102,0.366,49.712,97.977,0.789
b2e8eeca-7e7b-4488-8941-ebe2ae9cc614,2026-04-25T17:21:28.153185-04:00,node-01,checkout-api,429,True,anomalous,market_aware_v1,51.675,47.957,121.371,30.279,0.805,51.574,62.473,1.431
9bc37815-28a0-45ff-a974-68d732945546,2026-04-25T17:21:28.163652-04:00,node-01,payments-api,200,True,normal,market_aware_v1,44.324,48.878,123.212,28.345,0.456,53.077,56.339,0.978
88284d48-e75c-4b74-9d3b-67772a9d923c,2026-04-25T17:21:28.174118-04:00,node-01,orders-api,200,True,normal,market_aware_v1,52.13,45.869,100.195,30.419,0.453,56.21,92.883,1.017
892d3fc7-8cfd-4643-9bc4-e8300ad43dca,2026-04-25T17:21:28.184646-04:00,node-01,checkout-api,200,True,normal,market_aware_v1,45.801,48.057,117.886,26.565,0.549,55.359,67.468,1.069
81e9a167-21b2-481d-abd1-63ff07a20d1c,2026-04-25T17:21:28.195154-04:00,node-01,payments-api,200,True,normal,market_aware_v1,39.318,48.278,103.234,25.207,0.325,52.209,68.859,0.809
6fe60d9a-37c5-47b1-8b75-9721a12d7779,2026-04-25T17:21:28.205720-04:00,node-01,orders-api,200,True,normal,market_aware_v1,43.416,42.687,98.122,30.694,0.356,49.013,89.695,0.749
568ed2f1-e8d9-402e-bf62-fab2aeacc025,2026-04-25T17:21:28.216174-04:00,node-01,checkout-api,200,True,normal,market_aware_v1,46.742,43.674,119.798,26.979,0.503,50.582,71.456,1.033
5a61dafb-7660-43b2-914c-e269f3e7e41e,2026-04-25T17:21:28.226723-04:00,node-01,payments-api,429,True,normal,market_aware_v1,41.621,49.299,143.559,22.847,0.554,61.069,54.591,1.281
0ff73f7c-54a5-472f-8282-91a216e4edbd,2026-04-25T17:21:28.237201-04:00,node-01,orders-api,200,True,normal,market_aware_v1,51.32,42.326,99.885,27.639,0.42,60.133,92.133,0.91
d87dc536-6159-49fe-a76f-320fbd83d212,2026-04-25T17:21:28.247686-04:00,node-01,checkout-api,200,True,normal,market_aware_v1,46.809,44.686,101.957,29.827,0.424,43.28,80.335,0.761
0b6a08c9-c068-4d01-9dd2-829a9407e670,2026-04-25T17:21:28.258153-04:00,node-01,payments-api,200,True,normal,market_aware_v1,41.854,48.763,122.939,23.618,0.472,57.284,56.618,1.174
fe34417d-5b6a-4c29-9886-5b38c9afdf06,2026-04-25T17:21:28.268613-04:00,node-01,orders-api,200,True,normal,market_aware_v1,49.811,45.752,96.607,30.197,0.304,51.49,90.667,0.812
b9084724-2786-4228-bc71-f212784de8f1,2026-04-25T17:21:28.279089-04:00,node-01,checkout-api,200,True,normal,market_aware_v1,45.977,47.854,110.802,30.354,0.547,53.126,72.776,1.038
7715f43d-99fd-4f09-a8b5-c7145f497c7d,2026-04-25T17:21:28.289615-04:00,node-01,payments-api,429,True,normal,market_aware_v1,43.836,52.997,126.392,27.52,0.432,51.885,63.526,0.979
698947af-1add-4ba2-ba48-001f1baa0629,2026-04-25T17:21:28.300107-04:00,node-01,orders-api,200,True,normal,market_aware_v1,55.681,47.159,101.08,29.026,0.308,46.16,98.499,0.621
7c0cabb1-b864-4370-847b-ce0d5d4e5998,2026-04-25T17:21:28.310567-04:00,node-01,checkout-api,200,True,normal,market_aware_v1,52.616,51.427,124.513,30.885,0.593,59.776,72.991,1.199
f10ecd2f-8460-4027-a12d-36681a7986e4,2026-04-25T17:21:28.321059-04:00,node-01,payments-api,200,True,anomalous,market_aware_v1,47.333,53.12,136.33,28.307,0.858,65.908,55.111,1.854
e9ecb4d3-c567-4fbe-8ea0-322d6adc8e23,2026-04-25T17:21:28.331491-04:00,node-01,orders-api,429,True,normal,market_aware_v1,55.829,47.471,107.275,31.506,0.439,57.538,104.912,1.096
375022fd-e0d7-4634-8bc1-a06fd0afa449,2026-04-25T17:21:28.342121-04:00,node-01,checkout-api,200,True,normal,market_aware_v1,54.106,53.552,128.709,30.881,0.593,62.276,77.802,1.335
c7a4dc25-7bd8-4621-884d-ba2a07dd3e8d,2026-04-25T17:21:28.352698-04:00,node-01,payments-api,200,True,normal,market_aware_v1,50.237,54.617,117.211,27.58,0.555,57.74,65.909,1.206
cd0d50ed-d8e3-4333-a97e-f380ebb19a0d,2026-04-25T17:21:28.363224-04:00,node-01,orders-api,200,True,anomalous,market_aware_v1,59.105,51.609,123.823,36.332,0.702,61.704,100.274,1.53
5935bcfd-da23-441e-9669-685b59a1d030,2026-04-25T17:21:28.373861-04:00,node-01,checkout-api,429,True,normal,market_aware_v1,52.26,50.597,137.064,29.196,0.524,60.212,78.727,1.265
7288a3c6-db89-428a-9106-059b4dc774fe,2026-04-25T17:21:28.384404-04:00,node-01,payments-api,429,True,normal,market_aware_v1,50.572,54.285,137.862,28.54,0.483,58.162,70.741,1.23
91006e90-0dc4-4309-9374-dfae38536ae1,2026-04-25T17:21:28.394951-04:00,node-01,orders-api,200,True,normal,market_aware_v1,54.408,47.044,124.467,32.806,0.439,62.264,98.894,1.149
8d042cb8-2f04-4b94-904e-2e0400f6f6fd,2026-04-25T17:21:28.405508-04:00,node-01,checkout-api,200,True,normal,market_aware_v1,55.134,51.789,114.067,31.6,0.513,54.432,85.875,1.142
ba937e1b-6941-46e4-b03e-437754c49ae8,2026-04-25T17:21:28.416099-04:00,node-01,payments-api,429,True,normal,market_aware_v1,49.39,53.507,133.669,29.953,0.501,54.302,64.633,1.044
891e6e1d-6335-48c9-b1e3-95c3e69a7a87,2026-04-25T17:21:28.426546-04:00,node-01,orders-api,200,True,normal,market_aware_v1,55.392,49.774,105.809,31.943,0.432,59.653,97.448,0.949
c5ed3d7f-82e9-49a7-9939-48600932c7a7,2026-04-25T17:21:28.437070-04:00,node-01,checkout-api,200,True,normal,market_aware_v1,52.962,52.87,123.925,32.625,0.6,60.946,81.151,1.319
c3fc9fb7-5dcf-417c-ad77-b3d52402446f,2026-04-25T17:21:28.447556-04:00,node-01,payments-api,200,True,normal,market_aware_v1,49.011,54.741,117.811,28.799,0.485,51.406,74.953,1.007
ac3e3752-ea0f-4b73-a1cd-952eae81b135,2026-04-25T17:21:28.458036-04:00,node-01,orders-api,200,True,normal,market_aware_v1,52.665,51.913,110.692,31.391,0.363,52.589,105.225,0.842
3c62b090-c3e9-4a10-b230-805eab8896e6,2026-04-25T17:21:28.468568-04:00,node-01,checkout-api,200,True,normal,market_aware_v1,54.774,51.345,113.509,29.669,0.522,54.92,83.877,1.021
d80e226f-f791-4836-a4a0-cdc2860340ae,2026-04-25T17:21:28.479055-04:00,node-01,payments-api,429,True,normal,market_aware_v1,47.893,51.545,131.123,25.577,0.541,62.176,66.664,1.29
3076964f-246e-4c8d-b282-575c5a96a57a,2026-04-25T17:21:28.489569-04:00,node-01,orders-api,200,True,normal,market_aware_v1,54.285,48.56,99.224,29.467,0.347,51.308,96.886,0.844
531a38e5-01d5-4b8a-a269-837854963dca,2026-04-25T17:21:28.500049-04:00,node-01,checkout-api,200,True,normal,market_aware_v1,48.495,48.243,121.787,30.646,0.557,59.613,70.488,1.192
bd5be787-781e-4ba8-b860-b0d7089b1264,2026-04-25T17:21:28.510593-04:00,node-01,payments-api,200,True,normal,market_aware_v1,42.202,49.843,115.105,26.529,0.497,54.039,64.671,0.965
76d7ef32-cf08-48a1-88f7-60ecfadc8972,2026-04-25T17:21:28.521054-04:00,node-01,orders-api,200,True,normal,market_aware_v1,51.566,45.689,102.173,31.567,0.405,53.431,96.557,0.946
5781b0bb-dce3-437b-80c5-3bf782303565,2026-04-25T17:21:28.531587-04:00,node-01,checkout-api,200,True,normal,market_aware_v1,51.552,43.78,116.224,28.655,0.547,55.966,71.741,1.149
97b24fde-967c-4652-8a52-ca358a62dca6,2026-04-25T17:21:28.542065-04:00,node-01,payments-api,200,True,normal,market_aware_v1,40.015,51.545,120.826,27.21,0.464,57.745,58.261,1.126
31818830-d892-43f8-b54d-4a99f4de35cf,2026-04-25T17:21:28.552595-04:00,node-01,orders-api,200,True,normal,market_aware_v1,49.741,44.873,103.838,29.035,0.389,57.919,87.667,1.006
99397f50-ebd4-4ca7-92da-8dfdef451150,2026-04-25T17:21:28.563053-04:00,node-01,checkout-api,200,True,normal,market_aware_v1,47.547,50.016,117.621,29.822,0.418,52.445,65.98,0.941
2ee0240d-8dd7-46df-9390-24673ffc2a13,2026-04-25T17:21:28.573413-04:00,node-01,payments-api,200,True,anomalous,market_aware_v1,45.675,50.566,133.202,22.932,0.729,61.149,45.399,1.703
cd1cb5a5-b62b-4f3c-9a25-4ab3b7f8cb88,2026-04-25T17:21:28.583793-04:00,node-01,orders-api,200,True,anomalous,market_aware_v1,50.936,45.907,121.5,31.528,0.789,65.279,82.91,1.5
0c0ada9b-421c-4f6d-bb63-eeafc3c881b2,2026-04-25T17:21:28.594140-04:00,node-01,checkout-api,200,True,normal,market_aware_v1,46.326,44.718,113.822,27.375,0.446,48.323,70.737,0.933
f717b657-9d15-4845-9b18-33cb1969d011,2026-04-25T17:21:28.604564-04:00,node-01,payments-api,200,True,normal,market_aware_v1,36.785,44.988,113.141,27.683,0.389,52.373,54.327,0.791
cc648876-8b09-49f1-861f-e1907e3ffcb5,2026-04-25T17:21:28.615053-04:00,node-01,orders-api,200,True,normal,market_aware_v1,50.731,43.976,105.009,27.494,0.409,52.595,85.198,0.992
82bd7783-908b-4912-bc2d-26fdd7e090eb,2026-04-25T17:21:28.625729-04:00,node-01,checkout-api,200,True,normal,market_aware_v1,46.07,48.173,127.996,26.317,0.475,53.981,61.569,1.066
dba4b658-f80f-4b18-9c86-f05aa55971f7,2026-04-25T17:21:28.636121-04:00,node-01,payments-api,200,True,normal,market_aware_v1,42.27,45.081,104.899,24.73,0.29,42.81,60.825,0.68
494ee3fd-ce75-4671-b80c-fec4ccc80beb,2026-04-25T17:21:28.646520-04:00,node-01,orders-api,200,True,normal,market_aware_v1,44.951,44.168,88.899,29.647,0.277,48.811,89.98,0.545
03ef7f01-9e0d-483c-8135-fe6d03c602b5,2026-04-25T17:21:28.656892-04:00,node-01,checkout-api,200,True,normal,market_aware_v1,43.613,42.963,111.943,27.84,0.476,51.829,68.414,0.924
01a2cb34-8f7a-4076-8958-c64fa0944019,2026-04-25T17:21:28.667284-04:00,node-01,payments-api,200,True,normal,market_aware_v1,39.802,49.966,122.547,25.203,0.42,53.372,52.038,0.917
23a6cc87-2cde-4dd0-a470-13189cc48e56,2026-04-25T17:21:28.677718-04:00,node-01,orders-api,200,True,normal,market_aware_v1,44.791,43.945,99.408,28.82,0.353,53.758,88.0,0.841
d46f29bd-9bf5-424d-94c6-8dac2ba19c5d,2026-04-25T17:21:28.688108-04:00,node-01,checkout-api,200,True,anomalous,market_aware_v1,48.89,48.507,130.017,28.587,0.88,57.386,61.57,1.544
5a69749d-d364-4ccf-a661-9b8c017320f5,2026-04-25T17:21:28.698521-04:00,node-01,payments-api,200,True,normal,market_aware_v1,39.034,48.458,119.484,23.46,0.426,51.303,59.845,0.964
eb9b1510-64e5-41ab-a532-ca5c2f7eb3d4,2026-04-25T17:21:28.708895-04:00,node-01,orders-api,200,True,normal,market_aware_v1,48.121,43.613,101.43,31.054,0.379,53.876,100.105,0.746
408006c6-5d63-402b-bf3c-be8c674c8cd0,2026-04-25T17:21:28.719298-04:00,node-01,checkout-api,200,True,normal,market_aware_v1,43.119,45.375,108.239,29.568,0.498,48.93,78.785,0.883
bdc0d3b4-2ed9-437a-99f5-9375a772b2fe,2026-04-25T17:21:28.729772-04:00,node-01,payments-api,200,True,anomalous,market_aware_v1,45.443,50.898,139.571,27.231,0.734,59.031,56.634,1.484
04dd9010-4362-433f-a78d-0a3e2e91d430,2026-04-25T17:21:28.740155-04:00,node-01,orders-api,200,True,normal,market_aware_v1,50.72,46.38,102.498,27.637,0.404,54.095,93.788,0.914
9fc15df1-1b66-4f10-b138-9cc47e4edda4,2026-04-25T17:21:28.750588-04:00,node-01,checkout-api,200,True,normal,market_aware_v1,50.354,50.002,108.628,30.172,0.503,52.748,76.205,0.983
684f96b3-cf62-48f1-81a9-5ed43b9a59a1,2026-04-25T17:21:28.760975-04:00,node-01,payments-api,200,True,normal,market_aware_v1,45.128,51.658,117.378,26.779,0.36,52.28,62.166,0.987
bc2d1d80-905b-42af-a511-51cb16ce3e3a,2026-04-25T17:21:28.771352-04:00,node-01,orders-api,200,True,normal,market_aware_v1,53.565,43.424,96.389,31.176,0.502,57.144,101.379,1.143
460bbac1-f00d-4b3d-aacb-6c339fc27027,2026-04-25T17:21:28.781786-04:00,node-01,checkout-api,200,True,normal,market_aware_v1,49.188,48.182,122.075,30.248,0.555,57.524,77.255,1.238
4dcbb0f6-5bca-435d-b4a1-16bd32685015,2026-04-25T17:21:28.792209-04:00,node-01,payments-api,429,True,anomalous,market_aware_v1,52.092,52.431,134.468,28.249,0.79,61.354,59.33,1.559
8970d599-0357-4aef-98b1-9afe6983fcb6,2026-04-25T17:21:28.802709-04:00,node-01,orders-api,200,True,normal,market_aware_v1,53.498,49.549,102.832,30.202,0.371,51.749,102.7,0.774
ed3c2573-1444-41ee-b5c1-33aed3db43ff,2026-04-25T17:21:28.813140-04:00,node-01,checkout-api,429,True,normal,market_aware_v1,56.208,47.395,133.254,30.063,0.565,62.731,76.711,1.34
99b891fb-5cc5-4d62-9510-3efd3731b80f,2026-04-25T17:21:28.823579-04:00,node-01,payments-api,200,True,normal,market_aware_v1,44.695,52.808,120.739,23.205,0.52,57.184,66.862,1.185
0f55dfce-315a-4b42-854c-59eb6474e10d,2026-04-25T17:21:28.834082-04:00,node-01,orders-api,200,True,normal,market_aware_v1,54.082,49.055,107.8,32.969,0.363,51.226,95.803,0.75
ebca29db-8f16-4136-a2f6-b7159684f706,2026-04-25T17:21:28.844607-04:00,node-01,checkout-api,200,True,normal,market_aware_v1,49.11,48.338,124.103,31.918,0.541,56.263,75.207,1.321
5b16e09e-63ca-4646-b503-f1eea910e903,2026-04-25T17:21:28.855094-04:00,node-01,payments-api,200,True,normal,market_aware_v1,46.879,54.457,127.052,25.446,0.434,56.989,60.122,1.077
512006da-6769-4f33-800a-bdd5360340a9,2026-04-25T17:21:28.865542-04:00,node-01,orders-api,200,True,normal,market_aware_v1,53.78,48.326,103.041,30.2,0.405,54.784,98.0,0.834
309dbb90-8b6c-4171-bfa0-0cae795c38fa,2026-04-25T17:21:28.875951-04:00,node-01,checkout-api,200,True,normal,market_aware_v1,52.302,49.719,121.99,28.764,0.478,55.161,71.128,1.005
be5156a1-33c7-44e8-9d27-a2a1844d4a30,2026-04-25T17:21:28.886400-04:00,node-01,payments-api,200,True,normal,market_aware_v1,44.891,49.935,131.997,26.25,0.453,60.271,66.885,1.073
c92d4f73-608a-4ab9-b9a6-6bbc0ee4e35c,2026-04-25T17:21:28.896822-04:00,node-01,orders-api,429,True,normal,market_aware_v1,49.941,45.901,96.191,32.823,0.374,61.19,90.563,0.984
42c9ba71-8aa9-4150-adce-8c2be2c66da4,2026-04-25T17:21:28.907244-04:00,node-01,checkout-api,200,True,normal,market_aware_v1,49.948,50.015,116.755,28.649,0.559,55.024,73.591,1.171
a19b212c-5387-4a1c-bc28-db80176f7ded,2026-04-25T17:21:28.917745-04:00,node-01,payments-api,200,True,normal,market_aware_v1,44.564,51.627,134.535,27.814,0.514,59.898,57.481,1.364
b629580a-7cc0-4813-92ee-95b02ff98a92,2026-04-25T17:21:28.928164-04:00,node-01,orders-api,200,True,normal,market_aware_v1,51.179,42.943,125.597,31.506,0.492,62.401,84.5,1.068
95619c69-aea2-46b0-b1e5-a55fac884058,2026-04-25T17:21:28.938611-04:00,node-01,checkout-api,200,True,normal,market_aware_v1,48.081,48.538,112.653,26.95,0.586,56.505,68.734,1.36
6f83d2ad-2754-4150-b3d3-da25aabcff45,2026-04-25T17:21:28.949047-04:00,node-01,payments-api,200,True,normal,market_aware_v1,42.914,50.371,125.396,26.262,0.465,51.599,54.691,1.063
d49fa082-f9f0-41b4-a006-5102b83b3e70,2026-04-25T17:21:28.959468-04:00,node-01,orders-api,200,True,normal,market_aware_v1,43.953,46.557,100.81,32.995,0.376,49.052,96.973,0.759
0a46ee64-d301-4fcc-be23-15b486792a10,2026-04-25T17:21:28.969891-04:00,node-01,checkout-api,200,True,anomalous,market_aware_v1,48.338,53.027,125.811,29.751,0.767,55.407,66.486,1.547
57140669-88c0-4afc-8605-0b5eda86fd2b,2026-04-25T17:21:28.980332-04:00,node-01,payments-api,200,True,normal,market_aware_v1,42.743,47.643,117.486,23.095,0.528,53.964,53.407,1.087
209cdf2a-039d-4099-a15b-174e7aa87d73,2026-04-25T17:21:28.990840-04:00,node-01,orders-api,200,True,normal,market_aware_v1,51.877,46.156,106.418,31.383,0.312,54.983,89.822,0.818
bef1bc9e-4eaf-4d61-b41f-013333e2ed98,2026-04-25T17:21:29.001285-04:00,node-01,checkout-api,200,True,normal,market_aware_v1,46.386,46.038,131.216,29.443,0.559,63.873,68.578,1.348
8120d25d-6b84-46d8-9c61-d09c917212ab,2026-04-25T17:21:29.011765-04:00,node-01,payments-api,200,True,normal,market_aware_v1,44.324,50.296,122.831,24.516,0.415,49.798,59.737,0.975
fe3071b8-d8f9-4920-89d4-e782f6176e52,2026-04-25T17:21:29.022176-04:00,node-01,orders-api,200,True,normal,market_aware_v1,50.845,47.016,97.005,29.577,0.235,43.899,99.575,0.571
68dd9528-deb3-4412-a1c8-b3e7b512f323,2026-04-25T17:21:29.032642-04:00,node-01,checkout-api,200,True,normal,market_aware_v1,45.406,50.673,111.291,26.992,0.46,53.622,70.385,1.027
61f6383e-242a-42ee-96bc-de690c9aa475,2026-04-25T17:21:29.043053-04:00,node-01,payments-api,200,True,anomalous,market_aware_v1,47.788,53.709,127.674,27.239,0.849,57.462,57.137,1.571
beac038a-e15e-4381-8f06-1687f3f9a9c4,2026-04-25T17:21:29.053520-04:00,node-01,orders-api,200,True,normal,market_aware_v1,50.169,46.069,104.895,30.089,0.405,56.398,90.958,1.001
e8b0b2ed-ac87-41c2-bbb4-dc9116c33d54,2026-04-25T17:21:29.063969-04:00,node-01,checkout-api,429,True,normal,market_aware_v1,47.476,46.458,122.199,29.481,0.511,59.314,69.543,1.223
d9164b94-bf6b-4d3e-b622-1295be9c4f25,2026-04-25T17:21:29.074417-04:00,node-01,payments-api,429,True,anomalous,market_aware_v1,50.025,54.969,158.719,28.318,0.814,74.442,43.83,1.96
7d69a0c6-5eeb-4fa7-81d8-50faa87f70cf,2026-04-25T17:21:29.084868-04:00,node-01,orders-api,200,True,normal,market_aware_v1,54.856,44.578,104.144,29.532,0.364,54.893,87.747,0.842
90ebbdb5-d460-4038-bebb-a1ccd75a19ff,2026-04-25T17:21:29.095295-04:00,node-01,checkout-api,200,True,normal,market_aware_v1,54.611,48.464,114.608,29.093,0.472,54.212,71.086,1.088
27000153-c184-4ae2-a9a1-d13d9850a380,2026-04-25T17:21:29.105800-04:00,node-01,payments-api,200,True,normal,market_aware_v1,51.774,54.679,132.926,25.027,0.591,66.499,63.8,1.415
02f9ef3d-065e-4132-9efc-95e4c277b3e7,2026-04-25T17:21:29.116231-04:00,node-01,orders-api,429,True,anomalous,market_aware_v1,57.714,46.856,119.063,33.569,0.815,66.178,92.085,1.723
7fcff9b3-b636-484b-b47e-fe55e99a200f,2026-04-25T17:21:29.126718-04:00,node-01,checkout-api,429,True,anomalous,market_aware_v1,51.568,52.78,141.209,32.252,0.84,64.991,70.276,1.823
25332e48-7615-4cb8-b9fb-454176564565,2026-04-25T17:21:29.137151-04:00,node-01,payments-api,200,True,normal,market_aware_v1,47.995,56.168,120.251,28.054,0.565,58.496,62.464,1.171
43814d89-fa04-4023-a8ca-f1c9ed80f694,2026-04-25T17:21:29.147595-04:00,node-01,orders-api,429,True,normal,market_aware_v1,59.192,48.242,117.652,33.258,0.455,55.583,98.889,1.056
52824f00-131c-4ed2-81b3-b40d3d14c47f,2026-04-25T17:21:29.158053-04:00,node-01,checkout-api,200,True,anomalous,market_aware_v1,60.932,55.492,143.688,32.59,0.925,61.566,75.08,1.757
5d68e7c9-7d7f-48ff-a10e-d23602a0f00b,2026-04-25T17:21:29.168504-04:00,node-01,payments-api,429,True,normal,market_aware_v1,45.926,54.584,133.556,27.617,0.539,59.321,71.292,1.312
b2b9a9ab-0046-4a14-904d-6f75511b9d28,2026-04-25T17:21:29.178966-04:00,node-01,orders-api,200,True,normal,market_aware_v1,57.204,47.669,107.608,32.397,0.367,59.29,105.806,0.89
eb367856-9129-4978-8aec-b43ec386a79f,2026-04-25T17:21:29.189387-04:00,node-01,checkout-api,200,True,anomalous,market_aware_v1,58.402,56.072,139.062,32.51,0.951,65.342,71.206,1.926
089c2372-25c5-44d5-8e99-50c4a6b2dd33,2026-04-25T17:21:29.199905-04:00,node-01,payments-api,200,True,normal,market_aware_v1,50.119,52.867,143.071,27.666,0.62,71.997,59.835,1.551
5c6651d9-11ce-4f44-8b75-29a8c5e24afe,2026-04-25T17:21:29.210458-04:00,node-01,orders-api,200,True,normal,market_aware_v1,57.412,49.049,97.666,32.88,0.309,47.536,102.776,0.736
ce37041d-e541-4156-8dc0-71f7e30e9685,2026-04-25T17:21:29.220973-04:00,node-01,checkout-api,200,True,normal,market_aware_v1,56.851,52.79,145.582,33.262,0.746,65.906,82.874,1.777
58dd4f57-bc3d-4e3a-997f-3ac0451e8b9c,2026-04-25T17:21:29.231480-04:00,node-01,payments-api,200,True,normal,market_aware_v1,50.28,50.035,124.141,25.69,0.487,59.255,63.615,1.32
83d8115c-0726-4769-80d1-0db4faa01c0e,2026-04-25T17:21:29.241966-04:00,node-01,orders-api,200,True,normal,market_aware_v1,57.055,48.108,116.783,32.076,0.379,58.096,93.008,0.978
03a07380-ff68-4f60-83f1-8fa323ead2a1,2026-04-25T17:21:29.252423-04:00,node-01,checkout-api,200,True,normal,market_aware_v1,52.415,50.759,136.77,31.112,0.649,59.798,73.303,1.358
e881ab79-22b9-42ed-bc67-8e0da81260af,2026-04-25T17:21:29.262942-04:00,node-01,payments-api,200,True,normal,market_aware_v1,51.72,50.768,152.976,27.128,0.633,68.775,58.7,1.584
307f0235-6f8e-4521-a971-354b04b23f52,2026-04-25T17:21:29.273432-04:00,node-01,orders-api,429,True,normal,market_aware_v1,52.398,48.183,125.582,32.909,0.664,65.931,95.917,1.71
b4a815b3-98a1-46a1-8eb8-660254b3ae1d,2026-04-25T17:21:29.283950-04:00,node-01,checkout-api,200,True,normal,market_aware_v1,52.471,50.294,136.153,28.386,0.619,63.978,73.481,1.371
7ef52f45-457f-4332-92e8-120f5f9ef91a,2026-04-25T17:21:29.294416-04:00,node-01,payments-api,200,True,anomalous,market_aware_v1,51.042,55.416,146.82,28.007,0.874,64.622,56.974,1.67
4160d69b-5a64-4016-99b8-5a9e61876e61,2026-04-25T17:21:29.304832-04:00,node-01,orders-api,200,True,normal,market_aware_v1,52.669,44.275,96.24,30.369,0.298,51.862,97.724,0.72
2b39cbb9-a88f-4cd6-9892-140e79ed83f0,2026-04-25T17:21:29.315256-04:00,node-01,checkout-api,429,True,normal,market_aware_v1,48.74,46.058,111.262,30.613,0.588,58.073,71.801,1.205
90979f11-3ce9-421f-8655-3dde6b8c7740,2026-04-25T17:21:29.325750-04:00,node-01,payments-api,200,True,normal,market_aware_v1,46.022,52.673,135.107,25.209,0.536,56.757,57.142,1.122
df08f862-25f3-4da5-9d27-25f250251b18,2026-04-25T17:21:29.336263-04:00,node-01,orders-api,200,True,normal,market_aware_v1,50.172,46.019,105.85,27.702,0.406,51.55,93.622,0.787
be7c368c-0930-47bb-be16-60672ce65d47,2026-04-25T17:21:29.346766-04:00,node-01,checkout-api,200,True,normal,market_aware_v1,45.21,46.098,107.983,28.291,0.34,44.499,68.296,0.846
9c49c251-f3c0-49a4-9cfe-5fb761166626,2026-04-25T17:21:29.357253-04:00,node-01,payments-api,200,True,normal,market_aware_v1,46.735,46.7,128.265,24.017,0.587,60.461,51.44,1.308
b2280b8c-57ac-4b4b-bcff-de534dcec067,2026-04-25T17:21:29.367748-04:00,node-01,orders-api,200,True,normal,market_aware_v1,48.56,41.683,93.241,28.963,0.345,55.0,85.588,0.854
6abf6f2b-be35-47c7-a489-33a1fa8e3de7,2026-04-25T17:21:29.378219-04:00,node-01,checkout-api,200,True,normal,market_aware_v1,46.048,44.518,107.581,29.41,0.458,47.224,66.079,0.907
6563fe7a-66be-4527-9ece-57fa4e84ddad,2026-04-25T17:21:29.388615-04:00,node-01,payments-api,200,True,normal,market_aware_v1,42.446,44.434,116.523,25.199,0.459,52.49,53.776,0.972
53fb7ac4-e8bc-4d2e-9861-56b1d6a5388a,2026-04-25T17:21:29.399086-04:00,node-01,orders-api,200,True,normal,market_aware_v1,44.268,44.883,99.868,28.082,0.399,52.614,92.986,0.762
9c3b02da-aba4-4f36-9438-94f3e83db987,2026-04-25T17:21:29.409592-04:00,node-01,checkout-api,200,True,normal,market_aware_v1,41.838,45.965,138.506,30.735,0.81,63.826,64.564,1.736
a2830a4a-ee55-4c8a-b4d1-2f0dd4adfcef,2026-04-25T17:21:29.420132-04:00,node-01,payments-api,200,True,normal,market_aware_v1,41.09,47.671,121.793,24.549,0.4,57.778,54.003,1.089
37acb90e-a92b-4aa5-8293-eb50926b6348,2026-04-25T17:21:29.430682-04:00,node-01,orders-api,200,True,anomalous,market_aware_v1,50.86,43.813,122.732,29.025,0.65,63.954,74.85,1.291
5b5a9c18-18a1-41e3-be7a-601e85772c9b,2026-04-25T17:21:29.441163-04:00,node-01,checkout-api,200,True,normal,market_aware_v1,47.305,47.292,122.99,27.76,0.531,56.598,59.013,1.177
271a7d3d-f4cd-46bc-8d29-50e087517aec,2026-04-25T17:21:29.451596-04:00,node-01,payments-api,200,True,normal,market_aware_v1,44.453,47.154,124.916,23.965,0.47,55.214,49.41,1.087
eadb761a-9e0c-4a59-b56a-ed3fe503f181,2026-04-25T17:21:29.462052-04:00,node-01,orders-api,200,True,normal,market_aware_v1,47.22,42.838,102.013,30.369,0.283,53.353,85.055,0.704
50dbe424-9a85-4c75-87dd-8bbfed826a22,2026-04-25T17:21:29.472487-04:00,node-01,checkout-api,200,True,normal,market_aware_v1,45.649,47.46,112.743,30.745,0.534,53.85,66.082,1.064
086afcc1-57a3-41f7-9776-6743399259a9,2026-04-25T17:21:29.482966-04:00,node-01,payments-api,200,True,normal,market_aware_v1,43.052,46.792,128.565,25.483,0.597,59.808,61.305,1.413
f1fb5f5c-cf25-45e7-95fd-5a5a1959c8bc,2026-04-25T17:21:29.493429-04:00,node-01,orders-api,200,True,normal,market_aware_v1,49.766,42.535,101.333,29.593,0.409,53.862,90.578,0.901
89b2ee32-904e-46ed-baf9-c06368bbff1f,2026-04-25T17:21:29.503890-04:00,node-01,checkout-api,200,True,normal,market_aware_v1,49.531,47.004,134.64,27.094,0.612,60.177,64.754,1.272
f0d9e23e-0146-455f-a64b-5b66bf3dc298,2026-04-25T17:21:29.514338-04:00,node-01,payments-api,200,True,normal,market_aware_v1,41.116,49.523,123.912,25.957,0.492,57.976,61.869,1.181
e145f7f1-3208-40e4-bbe4-6448398951db,2026-04-25T17:21:29.524833-04:00,node-01,orders-api,200,True,anomalous,market_aware_v1,53.962,47.031,112.687,34.848,0.701,64.242,86.794,1.468
a82898a4-0c52-4771-bb7f-09d1367cf763,2026-04-25T17:21:29.535310-04:00,node-01,checkout-api,200,True,normal,market_aware_v1,53.389,50.138,116.425,29.235,0.478,55.706,74.709,1.12
3771dbee-7f0f-4c19-b66b-2bd774998aa3,2026-04-25T17:21:29.545857-04:00,node-01,payments-api,200,True,normal,market_aware_v1,46.171,51.794,138.602,25.994,0.563,62.233,61.018,1.31
895b315a-b223-49f1-a8d9-03e8010e13b0,2026-04-25T17:21:29.556373-04:00,node-01,orders-api,429,True,normal,market_aware_v1,53.692,45.181,112.918,31.564,0.367,56.844,96.824,0.866
ef2b573a-7f45-4812-bed6-0545eafa40b2,2026-04-25T17:21:29.566905-04:00,node-01,checkout-api,200,True,normal,market_aware_v1,49.906,50.401,117.123,29.655,0.352,51.611,72.535,0.919
67d80a65-aecc-43b1-9d52-3ffd8a77b03c,2026-04-25T17:21:29.577414-04:00,node-01,payments-api,429,True,anomalous,market_aware_v1,50.522,53.143,146.717,28.893,0.864,65.838,48.409,1.87
01228fc3-bc21-4ccc-b88c-6f8fd34e5f24,2026-04-25T17:21:29.587908-04:00,node-01,orders-api,200,True,normal,market_aware_v1,51.33,45.309,110.979,34.49,0.337,52.907,101.676,0.804
b4b36fab-9f8d-457c-b946-8dfba6593758,2026-04-25T17:21:29.598442-04:00,node-01,checkout-api,200,True,normal,market_aware_v1,51.289,49.359,119.189,28.454,0.601,55.215,77.849,1.208
0f7cd12e-ccaf-4053-9b08-49a6fb07bef6,2026-04-25T17:21:29.608913-04:00,node-01,payments-api,200,True,normal,market_aware_v1,47.205,50.192,137.733,24.703,0.626,61.458,67.026,1.447
4d0ce273-fb72-4e01-b3d5-cee09780ab47,2026-04-25T17:21:29.619364-04:00,node-01,orders-api,429,True,normal,market_aware_v1,54.411,47.331,114.859,30.806,0.382,55.15,99.16,0.872
61946ae2-a017-4f02-9979-3165650a0141,2026-04-25T17:21:29.629908-04:00,node-01,checkout-api,200,True,normal,market_aware_v1,51.815,49.843,126.03,30.044,0.575,58.137,74.367,1.282
524d3dc7-649a-46c5-8106-20e740c701b4,2026-04-25T17:21:29.640414-04:00,node-01,payments-api,200,True,normal,market_aware_v1,43.527,49.974,128.351,25.321,0.409,57.145,64.391,1.107
78d2906d-6356-40d2-9c4e-31050b2ff0ca,2026-04-25T17:21:29.650917-04:00,node-01,orders-api,200,True,normal,market_aware_v1,56.716,49.242,128.304,33.371,0.411,58.051,97.631,1.058
75ffadfc-81ee-4206-94de-f55b6db842e7,2026-04-25T17:21:29.661390-04:00,node-01,checkout-api,200,True,normal,market_aware_v1,53.774,51.704,132.944,30.029,0.61,57.868,74.974,1.32
2baa86dd-2b76-465a-b567-ee3fb6522bc9,2026-04-25T17:21:29.671827-04:00,node-01,payments-api,200,True,normal,market_aware_v1,44.6,50.949,136.266,27.169,0.554,63.082,55.478,1.337
831cd590-ad72-4f66-85e9-3b2b3b27d707,2026-04-25T17:21:29.682333-04:00,node-01,orders-api,200,True,normal,market_aware_v1,51.495,45.305,109.305,29.744,0.445,61.677,94.645,1.148
7a818356-8fc3-4fc4-ba5e-758fe2dfcb07,2026-04-25T17:21:29.692818-04:00,node-01,checkout-api,200,True,normal,market_aware_v1,53.916,49.728,134.71,30.16,0.675,60.059,75.861,1.339
d55ece44-c597-41db-8318-3c534cc8bb3a,2026-04-25T17:21:29.703354-04:00,node-01,payments-api,200,True,normal,market_aware_v1,47.491,48.722,131.421,28.32,0.437,58.82,60.504,1.175
299647f5-1a84-44e5-9829-6a1aaf53fba6,2026-04-25T17:21:29.713850-04:00,node-01,orders-api,429,True,anomalous,market_aware_v1,53.414,47.062,109.267,33.955,0.813,62.601,89.741,1.552
9d511e12-0fa2-4141-8215-1230f4e59c97,2026-04-25T17:21:29.724320-04:00,node-01,checkout-api,200,True,anomalous,market_aware_v1,51.518,48.464,114.263,28.713,0.824,56.111,66.467,1.512
5619a20f-7630-4468-b655-98a4a2bb585d,2026-04-25T17:21:29.734847-04:00,node-01,payments-api,200,True,normal,market_aware_v1,40.975,54.867,116.921,26.02,0.499,49.716,62.256,0.928
7e16d2c0-e97a-4736-a388-92f1d5039fa9,2026-04-25T17:21:29.745621-04:00,node-01,orders-api,200,True,normal,market_aware_v1,55.234,50.558,122.798,30.243,0.517,66.884,85.896,1.198
d213b9d6-1b65-4a28-ac9d-17b9eb006669,2026-04-25T17:21:29.756070-04:00,node-01,checkout-api,200,True,normal,market_aware_v1,49.611,44.056,117.318,28.987,0.484,51.156,70.855,1.016
6f52e1fd-de42-40c5-814c-c0ece83093c0,2026-04-25T17:21:29.766503-04:00,node-01,payments-api,200,True,normal,market_aware_v1,44.332,52.015,127.67,26.577,0.47,61.266,54.087,1.204
da3fe453-ee71-4487-9fd6-68ac7eee3e2c,2026-04-25T17:21:29.776956-04:00,node-01,orders-api,200,True,normal,market_aware_v1,47.206,42.549,103.935,31.049,0.274,46.715,95.305,0.575
af40f83c-3306-4e84-8957-55f3aef268ee,2026-04-25T17:21:29.787416-04:00,node-01,checkout-api,200,True,normal,market_aware_v1,47.155,46.861,120.095,28.115,0.598,61.611,66.467,1.338
309e4933-8fc4-4299-be2b-c03289ad1249,2026-04-25T17:21:29.797893-04:00,node-01,payments-api,200,True,anomalous,market_aware_v1,48.32,50.943,140.915,29.729,0.949,64.963,45.267,1.792
bd3565b0-dc9f-4a81-838d-21e03ecae345,2026-04-25T17:21:29.808375-04:00,node-01,orders-api,200,True,normal,market_aware_v1,47.621,42.779,116.901,29.63,0.438,56.237,90.984,1.01
90ecc3af-301b-46ab-b29d-92f0e1e80101,2026-04-25T17:21:29.818850-04:00,node-01,checkout-api,200,True,normal,market_aware_v1,45.778,48.807,111.006,28.336,0.523,52.745,73.364,1.133
c515da82-1bd2-456c-acc2-5ba9c32d2658,2026-04-25T17:21:29.829254-04:00,node-01,payments-api,429,True,normal,market_aware_v1,44.341,50.611,125.893,25.377,0.456,53.688,57.132,1.057
774bfcb1-24fd-4738-af22-e578ac6102b8,2026-04-25T17:21:29.839724-04:00,node-01,orders-api,200,True,normal,market_aware_v1,46.731,46.203,88.954,31.501,0.335,50.913,98.403,0.651
d6f05344-e30b-4217-8882-936e7d4a6473,2026-04-25T17:21:29.850220-04:00,node-01,checkout-api,429,True,normal,market_aware_v1,49.919,53.449,136.494,30.175,0.711,62.037,69.442,1.567
7b98bd74-810b-4dd8-b55e-d947a9330758,2026-04-25T17:21:29.860700-04:00,node-01,payments-api,200,True,normal,market_aware_v1,47.374,49.309,122.838,24.327,0.594,58.287,58.553,1.305
9788cf8d-5dcc-486c-8944-022f78310cbf,2026-04-25T17:21:29.871196-04:00,node-01,orders-api,200,True,anomalous,market_aware_v1,55.215,48.674,124.717,34.085,0.71,63.021,92.437,1.505
6285b3db-fb02-4159-a37b-742bc13def0f,2026-04-25T17:21:29.881656-04:00,node-01,checkout-api,200,True,normal,market_aware_v1,51.777,51.404,122.672,30.112,0.565,56.078,73.851,1.179
ba795977-eabd-4bb0-91dc-7a9e97435c63,2026-04-25T17:21:29.892108-04:00,node-01,payments-api,200,True,normal,market_aware_v1,46.058,49.38,127.787,25.411,0.527,56.207,58.468,1.062
cb67ab50-feb7-4010-8fdd-d15bc491f798,2026-04-25T17:21:29.902531-04:00,node-01,orders-api,200,True,normal,market_aware_v1,55.877,46.614,112.124,31.636,0.43,61.079,95.571,1.042
492dc1e8-bf8c-4914-a1cd-c3a6bd01ae1b,2026-04-25T17:21:29.912986-04:00,node-01,checkout-api,200,True,normal,market_aware_v1,53.692,48.935,126.116,28.878,0.497,59.783,77.961,1.242
a1e29523-311c-462b-8ac0-2a106a2903d1,2026-04-25T17:21:29.923538-04:00,node-01,payments-api,429,True,normal,market_aware_v1,48.879,55.855,134.62,26.809,0.564,61.903,62.018,1.379
87b442a3-5023-40ff-9477-afa1fa74d153,2026-04-25T17:21:29.933982-04:00,node-01,orders-api,200,True,normal,market_aware_v1,60.183,47.588,111.706,32.23,0.381,64.067,93.132,1.204
8f0e107d-52d9-4de4-bd0d-cf6574157c69,2026-04-25T17:21:29.944407-04:00,node-01,checkout-api,200,True,normal,market_aware_v1,51.888,52.349,120.723,31.364,0.544,57.582,75.882,1.276
5ed786dd-bcdf-41ff-8de4-5349a35878e9,2026-04-25T17:21:29.954906-04:00,node-01,payments-api,429,True,normal,market_aware_v1,48.908,53.85,137.434,28.626,0.532,62.899,60.84,1.321
73e54beb-e01f-4158-9833-547071323522,2026-04-25T17:21:29.965353-04:00,node-01,orders-api,200,True,normal,market_aware_v1,55.391,48.627,104.14,33.365,0.386,52.357,106.077,1.057
26f5dc34-a892-4227-9c05-68467915a5a3,2026-04-25T17:21:29.975754-04:00,node-01,checkout-api,200,True,normal,market_aware_v1,52.421,50.247,131.635,30.948,0.601,60.475,82.931,1.351
c6334ba9-8043-4f7a-b66a-29ae39516c61,2026-04-25T17:21:29.986150-04:00,node-01,payments-api,429,True,normal,market_aware_v1,51.655,53.322,139.84,28.97,0.496,61.341,65.668,1.245
88f499d9-b05a-4996-b77b-7dc72e4afa34,2026-04-25T17:21:29.996572-04:00,node-01,orders-api,200,True,normal,market_aware_v1,56.56,49.75,119.481,34.523,0.427,56.094,106.086,0.97
d47e130e-4070-4edd-8008-4b82fca8aae3,2026-04-25T17:21:30.006957-04:00,node-01,checkout-api,200,True,normal,market_aware_v1,53.477,50.529,124.882,32.331,0.54,58.79,82.669,1.26
b0e96251-fc5a-409f-956b-72cc0a260ee9,2026-04-25T17:21:30.017347-04:00,node-01,payments-api,429,True,normal,market_aware_v1,49.665,55.555,145.813,27.658,0.569,66.856,57.788,1.449
34b6ad61-7fb6-4eda-95bc-bcb7a09489c0,2026-04-25T17:21:30.027775-04:00,node-01,orders-api,429,True,normal,market_aware_v1,53.694,51.413,112.132,35.52,0.397,59.645,100.521,0.948
72a9229e-4e83-4080-a5c0-ddc4794e150a,2026-04-25T17:21:30.038170-04:00,node-01,checkout-api,200,True,normal,market_aware_v1,51.393,55.173,114.24,28.771,0.546,54.499,82.181,1.087
b1577360-d400-41bc-8659-c95551d9aae3,2026-04-25T17:21:30.048613-04:00,node-01,payments-api,200,True,normal,market_aware_v1,47.407,56.149,130.736,25.761,0.515,63.068,63.101,1.249
b1676a40-b7aa-4248-98f7-99895e48a21c,2026-04-25T17:21:30.059012-04:00,node-01,orders-api,200,True,normal,market_aware_v1,59.217,48.259,117.809,31.94,0.364,59.642,92.38,0.97
773159d1-193f-4ef1-aab6-2f113ee3f30a,2026-04-25T17:21:30.069497-04:00,node-01,checkout-api,200,True,anomalous,market_aware_v1,52.984,55.139,146.814,31.057,0.899,66.744,66.883,1.786
126e7f53-ed8b-40d1-85a5-37bd8e39ccdd,2026-04-25T17:21:30.079982-04:00,node-01,payments-api,200,True,normal,market_aware_v1,47.219,51.768,120.163,29.266,0.508,57.827,63.499,1.098
590ae70c-9c2a-4143-bbf2-0df91e143ed2,2026-04-25T17:21:30.090520-04:00,node-01,orders-api,200,True,normal,market_aware_v1,47.305,48.117,116.977,29.436,0.363,49.726,92.229,0.812
9d95e374-2a84-432e-a3fc-b81bc6f6a1b3,2026-04-25T17:21:30.100974-04:00,node-01,checkout-api,200,True,normal,market_aware_v1,50.811,51.885,125.231,30.113,0.557,56.714,69.185,1.211
81986992-6034-49e9-b191-64502a1a81fd,2026-04-25T17:21:30.111429-04:00,node-01,payments-api,200,True,normal,market_aware_v1,46.842,49.103,129.751,23.384,0.508,62.573,60.068,1.163
19cec271-e806-4450-ae7a-62b8b2a76ba4,2026-04-25T17:21:30.121892-04:00,node-01,orders-api,429,True,normal,market_aware_v1,48.713,44.426,105.109,32.437,0.379,55.781,87.365,0.86
357a846c-4b4a-4d30-9a93-e16593676e06,2026-04-25T17:21:30.132384-04:00,node-01,checkout-api,200,True,normal,market_aware_v1,49.37,46.498,125.293,27.281,0.566,57.149,70.61,1.215
66d19f3e-13f1-4b04-ab9c-56bc60102dc3,2026-04-25T17:21:30.142847-04:00,node-01,payments-api,200,True,normal,market_aware_v1,42.903,45.725,123.522,27.429,0.445,61.737,54.417,1.245
e273e69d-e830-4e66-bc52-8acba539b6bc,2026-04-25T17:21:30.153322-04:00,node-01,orders-api,200,True,normal,market_aware_v1,51.23,44.973,113.39,28.96,0.252,53.125,92.216,0.692
2a0b9f72-bca3-4f5a-b686-dca95df6b561,2026-04-25T17:21:30.163858-04:00,node-01,checkout-api,502,True,anomalous,market_aware_v1,49.106,50.173,139.772,28.815,0.977,64.355,68.168,2.18
0a78efa6-3ab8-47c1-bf42-eede2284f448,2026-04-25T17:21:30.174343-04:00,node-01,payments-api,429,True,normal,market_aware_v1,43.192,49.857,138.656,25.027,0.508,62.012,52.616,1.221
d37ada4d-4804-45e9-b11f-dfa3f6bcc35e,2026-04-25T17:21:30.184848-04:00,node-01,orders-api,200,True,normal,market_aware_v1,45.55,44.589,98.05,28.595,0.373,55.674,86.719,0.917
bf5492a9-aa4e-415b-8a7b-314d6f03bda3,2026-04-25T17:21:30.195321-04:00,node-01,checkout-api,502,True,normal,market_aware_v1,48.765,49.469,162.896,27.799,0.88,74.699,56.973,2.115
a6883f75-ddaa-42e7-9eb8-7c29ad3e0311,2026-04-25T17:21:30.205825-04:00,node-01,payments-api,200,True,normal,market_aware_v1,41.977,46.147,139.705,23.033,0.562,61.874,51.51,1.392
1e2ec8f6-e611-4873-9e99-54c867c254e6,2026-04-25T17:21:30.216289-04:00,node-01,orders-api,200,True,normal,market_aware_v1,45.746,43.655,101.626,28.263,0.409,57.483,80.039,0.971
fac00dec-87cc-4aa4-9568-42d206f8ba8d,2026-04-25T17:21:30.226736-04:00,node-01,checkout-api,429,True,normal,market_aware_v1,46.741,44.948,125.811,27.934,0.608,60.118,63.04,1.317
8b64e6f1-b420-4bf1-a4e7-c2dd8bd1d20f,2026-04-25T17:21:30.237196-04:00,node-01,payments-api,200,True,anomalous,market_aware_v1,45.536,48.852,126.904,26.526,0.826,58.894,44.709,1.647
ec45bd0b-42cf-443b-aff4-142e722d0fea,2026-04-25T17:21:30.247664-04:00,node-01,orders-api,200,True,normal,market_aware_v1,49.06,44.769,110.404,31.444,0.392,54.299,87.181,0.845
ce7718a2-d21e-4a6b-9ff6-9ee13dc211d8,2026-04-25T17:21:30.258105-04:00,node-01,checkout-api,200,True,normal,market_aware_v1,47.192,48.791,115.366,29.076,0.55,56.842,65.441,1.182
3a7c109d-740e-4798-936d-5077cb8fb8c9,2026-04-25T17:21:30.268564-04:00,node-01,payments-api,200,True,normal,market_aware_v1,44.192,49.952,135.659,24.281,0.54,64.855,49.79,1.264
0fbcbd3b-e48f-4579-8b79-d242c1abb7fa,2026-04-25T17:21:30.279084-04:00,node-01,orders-api,200,True,normal,market_aware_v1,47.818,43.272,77.935,30.433,0.295,43.804,94.042,0.65
427bf276-5dbb-464b-aa47-01524dba36f1,2026-04-25T17:21:30.289549-04:00,node-01,checkout-api,429,True,anomalous,market_aware_v1,50.085,50.772,127.851,29.795,0.94,59.835,65.46,1.812
7b006d87-23b5-4711-8cc3-690902fc6da1,2026-04-25T17:21:30.300040-04:00,node-01,payments-api,200,True,normal,market_aware_v1,45.241,51.96,137.53,25.418,0.462,60.57,58.018,1.094
4256c151-6b9b-43c0-b919-df92eaaf8b41,2026-04-25T17:21:30.310579-04:00,node-01,orders-api,200,True,normal,market_aware_v1,52.812,46.983,117.311,30.772,0.368,60.69,90.676,0.974
83b43a62-db27-409c-a42d-788ed98a4bf8,2026-04-25T17:21:30.321087-04:00,node-01,checkout-api,200,True,normal,market_aware_v1,46.895,50.426,121.512,28.838,0.605,57.162,68.501,1.197
402d1110-0acb-46c6-9a3f-be4b6ed10c4f,2026-04-25T17:21:30.331613-04:00,node-01,payments-api,200,True,normal,market_aware_v1,48.473,49.176,136.76,29.207,0.513,59.683,61.419,1.162
16f9b163-d87b-4445-bb8b-8014d4f7d580,2026-04-25T17:21:30.342045-04:00,node-01,orders-api,429,True,normal,market_aware_v1,54.866,45.599,120.413,31.654,0.491,66.108,93.786,1.144
4240cd1f-9a1c-4be9-889a-63685c57ca93,2026-04-25T17:21:30.352489-04:00,node-01,checkout-api,429,True,anomalous,market_aware_v1,53.137,51.93,142.141,32.249,0.925,67.083,63.965,1.835
b5f88044-1fcd-4e78-855f-fe2549f435a9,2026-04-25T17:21:30.362868-04:00,node-01,payments-api,200,True,normal,market_aware_v1,47.187,53.727,124.82,25.038,0.421,53.457,61.018,1.039
fe85e8d3-2deb-4119-b4b8-dd57fb4b30a8,2026-04-25T17:21:30.373302-04:00,node-01,orders-api,429,True,normal,market_aware_v1,57.415,49.341,106.705,29.139,0.491,56.842,94.836,1.055
a9cebc75-b123-4ca7-b6d0-b0137a6cf373,2026-04-25T17:21:30.383814-04:00,node-01,checkout-api,200,True,normal,market_aware_v1,53.826,48.73,130.523,32.896,0.588,56.245,74.582,1.236
0f6dfa67-2351-437b-8fe5-2ccda3411eef,2026-04-25T17:21:30.394450-04:00,node-01,payments-api,200,True,anomalous,market_aware_v1,54.267,55.039,139.763,31.427,0.991,69.119,58.929,1.858
adcd308b-e732-4cae-a214-ebcea0a46363,2026-04-25T17:21:30.405030-04:00,node-01,orders-api,200,True,normal,market_aware_v1,55.685,48.275,101.415,30.474,0.322,52.813,102.174,0.687
6736056e-4bcc-4210-80b1-8873205a2eb4,2026-04-25T17:21:30.415726-04:00,node-01,checkout-api,200,True,normal,market_aware_v1,53.459,51.688,132.713,27.309,0.635,60.686,76.014,1.247
250a4d65-077d-4df1-a718-7aa000223624,2026-04-25T17:21:30.426262-04:00,node-01,payments-api,200,True,normal,market_aware_v1,52.266,51.875,133.979,27.568,0.515,62.919,61.919,1.372
2f377dcb-2600-4ff1-a5db-663165a8552f,2026-04-25T17:21:30.436827-04:00,node-01,orders-api,200,True,normal,market_aware_v1,49.432,47.316,105.004,32.532,0.51,59.398,94.548,1.089
4c1256af-93a8-4150-9cb8-cd1bae8c0f00,2026-04-25T17:21:30.447253-04:00,node-01,checkout-api,429,True,anomalous,market_aware_v1,56.848,53.585,136.55,31.662,0.996,63.466,66.786,1.816
26ef0915-4d5a-4d88-bcc8-02c4e6cca1ba,2026-04-25T17:21:30.457698-04:00,node-01,payments-api,200,True,normal,market_aware_v1,47.339,49.689,144.269,27.338,0.626,70.785,56.488,1.392
dca42a94-19ec-4a76-822a-50cee55a6b31,2026-04-25T17:21:30.468281-04:00,node-01,orders-api,200,True,normal,market_aware_v1,52.113,46.85,115.023,32.213,0.376,56.467,96.477,0.903
c9ab396b-924b-4b79-b630-2ddfc84a7f84,2026-04-25T17:21:30.478840-04:00,node-01,checkout-api,200,True,normal,market_aware_v1,50.194,49.836,130.076,26.961,0.5,60.076,69.635,1.264
87039145-3412-4562-b2d4-7b833d8313c7,2026-04-25T17:21:30.489409-04:00,node-01,payments-api,200,True,normal,market_aware_v1,44.546,51.573,137.159,26.767,0.532,57.105,57.651,1.116
427cac0a-973a-4e18-9dba-d8668defc18e,2026-04-25T17:21:30.499968-04:00,node-01,orders-api,429,True,normal,market_aware_v1,54.385,47.41,115.452,31.617,0.382,58.174,94.487,1.08
bd751600-c9e9-4819-b744-541e467bf558,2026-04-25T17:21:30.510533-04:00,node-01,checkout-api,200,True,normal,market_aware_v1,50.674,47.537,123.878,28.213,0.535,57.861,70.918,1.054
3274c532-8f0a-4843-8c26-46ccd0a7afab,2026-04-25T17:21:30.521069-04:00,node-01,payments-api,200,True,normal,market_aware_v1,44.842,47.894,133.686,26.432,0.475,56.501,54.996,1.048
a3d193da-d377-4e43-b81f-dc00526846bb,2026-04-25T17:21:30.531636-04:00,node-01,orders-api,429,True,normal,market_aware_v1,50.023,43.936,112.203,27.802,0.54,62.761,85.243,1.231
43e02d17-2a17-475a-aded-dc56be799bf9,2026-04-25T17:21:30.542174-04:00,node-01,checkout-api,200,True,normal,market_aware_v1,48.62,46.945,124.262,26.748,0.587,55.453,63.827,1.057
9b537012-4fa3-4546-bf6a-953a561eb98b,2026-04-25T17:21:30.552584-04:00,node-01,payments-api,200,True,normal,market_aware_v1,41.123,49.448,119.946,26.841,0.427,54.509,64.229,0.862
dc5b8c54-e4c3-467e-8712-8c60bbc55135,2026-04-25T17:21:30.563106-04:00,node-01,orders-api,200,True,normal,market_aware_v1,51.591,45.094,124.728,30.143,0.492,60.08,87.253,1.075
7929f1ce-4ae9-45d3-a2f1-90ce08ed7b03,2026-04-25T17:21:30.573523-04:00,node-01,checkout-api,429,True,normal,market_aware_v1,46.932,45.912,115.392,25.787,0.628,56.016,68.139,1.176
62ea8a39-d2fa-493f-a7c5-10a0025322c9,2026-04-25T17:21:30.584029-04:00,node-01,payments-api,200,True,anomalous,market_aware_v1,48.16,50.601,136.165,26.106,0.872,64.169,45.602,1.672
e56f35d3-a64b-4782-87c4-68d550fa61c3,2026-04-25T17:21:30.594550-04:00,node-01,orders-api,200,True,normal,market_aware_v1,48.162,46.862,96.13,32.012,0.286,51.519,93.976,0.69
cb04ff5d-8b23-4788-826d-2305c0af9992,2026-04-25T17:21:30.605001-04:00,node-01,checkout-api,429,True,normal,market_aware_v1,49.283,47.432,131.543,27.257,0.646,64.688,63.876,1.579
a306c70c-cd81-4bea-8b9e-ec6597910f6d,2026-04-25T17:21:30.615564-04:00,node-01,payments-api,200,True,normal,market_aware_v1,45.519,51.936,122.561,23.87,0.446,55.422,56.695,1.038
a63438fe-ec57-409a-a9e8-458eadaf29f7,2026-04-25T17:21:30.626091-04:00,node-01,orders-api,200,True,anomalous,market_aware_v1,57.133,44.905,131.366,30.036,0.783,62.127,91.258,1.476
005446af-8c6d-4d5e-a86e-2ba186174927,2026-04-25T17:21:30.636627-04:00,node-01,checkout-api,200,True,normal,market_aware_v1,51.774,49.267,127.414,27.776,0.609,56.382,70.22,1.268
6339bf7f-0340-4604-a0d8-a3efac795cdb,2026-04-25T17:21:30.647188-04:00,node-01,payments-api,200,True,normal,market_aware_v1,47.5,50.032,135.76,26.003,0.457,61.388,59.44,1.261
30fa93dd-b3e4-4866-993c-cca07ad0e9e6,2026-04-25T17:21:30.657622-04:00,node-01,orders-api,429,True,normal,market_aware_v1,50.555,48.866,108.482,30.635,0.422,56.572,97.772,0.905
94353f44-06de-4cb3-b849-93e4aa671396,2026-04-25T17:21:30.668176-04:00,node-01,checkout-api,200,True,normal,market_aware_v1,53.237,49.947,135.303,29.309,0.547,60.403,71.323,1.241
e00b2628-8ad3-4e5c-a706-1aa745c18232,2026-04-25T17:21:30.678604-04:00,node-01,payments-api,429,True,normal,market_aware_v1,44.373,51.606,127.319,24.845,0.568,64.373,61.44,1.423
0e5b19f6-d78d-4a22-bba6-7e139c4696e6,2026-04-25T17:21:30.689186-04:00,node-01,orders-api,200,True,normal,market_aware_v1,55.39,45.943,111.805,33.405,0.396,62.738,100.263,1.1
11f73a10-c0d9-4ea1-91ba-d15b64159127,2026-04-25T17:21:30.699595-04:00,node-01,checkout-api,200,True,normal,market_aware_v1,50.763,51.033,136.618,29.101,0.615,65.624,69.494,1.478
854d3072-f878-4d57-9cec-c2493be958b7,2026-04-25T17:21:30.710060-04:00,node-01,payments-api,200,True,normal,market_aware_v1,48.473,52.114,137.14,28.758,0.54,60.306,62.671,1.263
5b2b9bb6-b8ae-44ec-89b0-6fc27eb8e0fb,2026-04-25T17:21:30.720561-04:00,node-01,orders-api,200,True,normal,market_aware_v1,55.541,48.478,104.977,34.041,0.354,52.143,101.06,0.845
5ee5808f-56b6-42d0-9a93-767555905156,2026-04-25T17:21:30.731021-04:00,node-01,checkout-api,200,True,normal,market_aware_v1,51.024,51.389,132.852,29.626,0.637,61.199,77.236,1.342
8e0910be-b534-4546-a21b-9f7748acfc86,2026-04-25T17:21:30.741505-04:00,node-01,payments-api,200,True,normal,market_aware_v1,49.731,57.988,151.003,26.547,0.54,67.628,66.965,1.363
5088749b-4084-44d9-ab59-e99e435023f9,2026-04-25T17:21:30.752035-04:00,node-01,orders-api,429,True,normal,market_aware_v1,58.533,50.636,119.464,32.423,0.456,58.963,96.409,1.073
edd31199-5c03-4eeb-b758-5e5a9405a46e,2026-04-25T17:21:30.762486-04:00,node-01,checkout-api,429,True,anomalous,market_aware_v1,57.065,54.699,154.245,34.215,0.996,68.589,69.737,1.86
431c0172-e800-476b-b5d0-f3405dbeb30d,2026-04-25T17:21:30.773019-04:00,node-01,payments-api,200,True,normal,market_aware_v1,49.974,52.946,132.035,27.45,0.548,58.64,68.931,1.113
aebb62c2-c427-4f7c-b9ce-373bdf944876,2026-04-25T17:21:30.783588-04:00,node-01,orders-api,200,True,normal,market_aware_v1,58.351,49.76,123.445,33.119,0.374,59.257,104.107,0.914
332f5ee3-ccef-4a13-9366-cf730f7ef8a4,2026-04-25T17:21:30.794161-04:00,node-01,checkout-api,200,True,normal,market_aware_v1,53.826,52.123,125.385,32.601,0.475,56.747,84.217,1.107
47b0d633-bcc4-47aa-9107-a998cfc77f73,2026-04-25T17:21:30.804583-04:00,node-01,payments-api,429,True,normal,market_aware_v1,51.867,50.219,139.06,27.654,0.485,58.738,61.594,1.262
19e3feaa-3e80-4908-a9f8-752993e91375,2026-04-25T17:21:30.815158-04:00,node-01,orders-api,200,True,normal,market_aware_v1,54.02,49.707,112.149,33.121,0.327,53.238,101.644,0.703
4ebbe0bb-1622-4975-ae90-38a24d329060,2026-04-25T17:21:30.825582-04:00,node-01,checkout-api,200,True,normal,market_aware_v1,57.862,54.376,125.023,31.692,0.631,61.132,84.103,1.33
9f6005b5-48ec-47dc-9cb9-516eb029c7b1,2026-04-25T17:21:30.836136-04:00,node-01,payments-api,200,True,normal,market_aware_v1,49.237,57.071,142.746,26.837,0.491,64.315,59.583,1.275
f7bec68c-5fe4-4ea0-ad00-54244a0ee4f9,2026-04-25T17:21:30.846573-04:00,node-01,orders-api,200,True,normal,market_aware_v1,56.006,52.847,111.927,31.956,0.368,56.216,101.341,0.911
74ebaa5c-25b9-4793-a9eb-5050f28a5ada,2026-04-25T17:21:30.857114-04:00,node-01,checkout-api,429,True,normal,market_aware_v1,53.114,51.873,135.767,28.892,0.627,61.998,72.559,1.459
ffd29ec4-c18e-4bdd-8c33-d9f18dec4bea,2026-04-25T17:21:30.867534-04:00,node-01,payments-api,200,True,normal,market_aware_v1,48.439,51.291,122.824,25.499,0.489,61.597,67.527,1.208
acfc5c90-0496-4bee-857c-6da85d817416,2026-04-25T17:21:30.878092-04:00,node-01,orders-api,200,True,normal,market_aware_v1,54.356,45.632,123.081,31.943,0.5,64.275,88.138,1.326
55dc5472-0f4c-4afa-8f48-ea004161111b,2026-04-25T17:21:30.888511-04:00,node-01,checkout-api,429,True,normal,market_aware_v1,48.252,51.962,118.273,28.893,0.543,61.545,73.203,1.243
c616fed9-75ed-4a9f-86c6-fc54097f7fd1,2026-04-25T17:21:30.899057-04:00,node-01,payments-api,200,True,normal,market_aware_v1,46.944,52.433,132.375,24.868,0.617,69.535,56.302,1.306
86a29b19-37f1-4dbf-99a9-8e7e3d0484d1,2026-04-25T17:21:30.909491-04:00,node-01,orders-api,200,True,normal,market_aware_v1,50.334,47.439,108.943,30.088,0.417,60.65,89.432,1.013
7a013ff8-3706-4cbc-ad3c-0735deeb7e3d,2026-04-25T17:21:30.920026-04:00,node-01,checkout-api,429,True,normal,market_aware_v1,48.733,46.485,130.484,27.649,0.603,60.159,70.311,1.204
ce6332aa-c736-41a5-8c44-96c973514b69,2026-04-25T17:21:30.930531-04:00,node-01,payments-api,429,True,normal,market_aware_v1,40.005,50.813,143.682,25.431,0.651,65.793,51.366,1.563
6648dacb-7a49-4e10-81af-368bda33badb,2026-04-25T17:21:30.941076-04:00,node-01,orders-api,200,True,normal,market_aware_v1,49.847,44.635,96.189,30.082,0.368,51.811,91.458,0.735
cfce6e87-4d0c-40c0-95e5-7de96754576e,2026-04-25T17:21:30.951507-04:00,node-01,checkout-api,200,True,normal,market_aware_v1,49.162,45.735,119.809,25.867,0.431,49.895,69.738,0.922
1b9745aa-2970-43bb-a0a6-7bee8e1a6384,2026-04-25T17:21:30.962082-04:00,node-01,payments-api,200,True,normal,market_aware_v1,43.841,47.287,121.441,24.728,0.416,61.558,48.343,1.121
6ea5d9f8-ee63-4e4e-a1a7-fdd14cc6f0ce,2026-04-25T17:21:30.972515-04:00,node-01,orders-api,200,True,normal,market_aware_v1,49.704,40.999,118.386,29.314,0.432,64.017,79.714,1.067
34a51663-6d60-468e-92b1-8b0dd668dd17,2026-04-25T17:21:30.983043-04:00,node-01,checkout-api,429,True,normal,market_aware_v1,45.104,44.899,134.385,27.294,0.599,61.824,63.562,1.365
eb2dbd12-141e-4db1-9031-ac0d2aee7b71,2026-04-25T17:21:30.993608-04:00,node-01,payments-api,200,True,normal,market_aware_v1,42.796,44.793,127.283,24.043,0.533,59.397,49.763,1.171
f452bc68-4511-45d1-8651-4447df4a63e8,2026-04-25T17:21:31.004184-04:00,node-01,orders-api,200,True,normal,market_aware_v1,49.342,41.718,116.243,30.134,0.475,58.353,86.325,1.044
1964604f-6ae4-473d-acf1-03c4e42918c8,2026-04-25T17:21:31.014597-04:00,node-01,checkout-api,429,True,normal,market_aware_v1,42.337,45.343,128.918,29.33,0.676,70.585,66.844,1.525
a5b9b538-b7cf-4a44-ab22-93452e258161,2026-04-25T17:21:31.025163-04:00,node-01,payments-api,200,True,normal,market_aware_v1,42.491,44.696,139.286,23.724,0.512,62.088,53.559,1.175
0628faeb-01c8-4f5d-b68f-f8d7cca495d3,2026-04-25T17:21:31.035601-04:00,node-01,orders-api,429,True,normal,market_aware_v1,44.444,45.323,105.938,30.197,0.428,58.68,90.09,1.05
3f95ea05-f428-40f4-aa55-21ac38d55823,2026-04-25T17:21:31.046152-04:00,node-01,checkout-api,502,True,normal,market_aware_v1,50.512,46.306,164.368,28.288,0.924,78.254,56.58,2.268
a26449de-8c26-41f7-845d-0c68f6893e78,2026-04-25T17:21:31.056589-04:00,node-01,payments-api,429,True,normal,market_aware_v1,41.17,49.743,139.879,25.506,0.608,69.233,53.234,1.41
eb3da0c0-df4e-431e-9b86-2ccdc75f724c,2026-04-25T17:21:31.067148-04:00,node-01,orders-api,200,True,normal,market_aware_v1,49.461,45.736,118.66,30.51,0.343,59.915,86.954,0.957
65970d20-0de9-44ca-a1b5-8a55a49e0ec4,2026-04-25T17:21:31.077568-04:00,node-01,checkout-api,200,True,normal,market_aware_v1,52.887,47.622,127.487,26.489,0.573,58.227,63.606,1.244
347af4cd-2b36-487b-b2ed-163ba87966c3,2026-04-25T17:21:31.088143-04:00,node-01,payments-api,429,True,normal,market_aware_v1,44.542,51.37,140.475,23.337,0.427,57.325,57.812,1.072
e3aa5d4c-9a38-4505-ae91-a4df0678b50c,2026-04-25T17:21:31.098571-04:00,node-01,orders-api,429,True,normal,market_aware_v1,51.211,45.746,105.054,29.732,0.288,58.105,86.428,0.845
83a8d8f2-e5ab-4575-82dd-273abb25c1c0,2026-04-25T17:21:31.109140-04:00,node-01,checkout-api,200,True,normal,market_aware_v1,50.249,47.038,123.387,25.136,0.52,60.734,70.93,1.279
e60ad422-a42f-481a-9898-5b3d8076b3ab,2026-04-25T17:21:31.119548-04:00,node-01,payments-api,200,True,normal,market_aware_v1,46.509,54.367,145.371,29.046,0.471,59.992,58.128,1.141
8dee9f4c-9b6d-4867-ad9c-435cd69bdfa2,2026-04-25T17:21:31.130111-04:00,node-01,orders-api,200,True,normal,market_aware_v1,53.72,44.511,126.759,30.517,0.356,58.164,99.393,0.847
ef8d2b22-d216-4c99-afc6-4f83402670cf,2026-04-25T17:21:31.140522-04:00,node-01,checkout-api,502,True,normal,market_aware_v1,54.313,55.11,157.667,29.945,0.812,73.929,69.121,2.094
55218483-20b0-45e3-93d6-e7a8bba0d1f6,2026-04-25T17:21:31.151070-04:00,node-01,payments-api,200,True,normal,market_aware_v1,49.444,48.587,149.812,27.643,0.566,69.971,55.971,1.542
a071918d-ae73-4c20-9bdc-4f619e10c286,2026-04-25T17:21:31.161639-04:00,node-01,orders-api,429,True,normal,market_aware_v1,56.834,51.384,122.001,33.093,0.373,55.817,90.605,0.99
af5a82d0-806f-4312-9b00-c3cec19a25f1,2026-04-25T17:21:31.172194-04:00,node-01,checkout-api,200,True,normal,market_aware_v1,52.983,49.665,146.125,30.108,0.613,65.713,69.872,1.393
441a5a59-1343-4e6e-b09f-59c6beb94e8e,2026-04-25T17:21:31.182629-04:00,node-01,payments-api,200,True,normal,market_aware_v1,51.725,52.806,146.444,29.505,0.655,65.719,53.891,1.642
6c4bf0c9-2202-4807-aa4c-b2d7933f7d04,2026-04-25T17:21:31.193105-04:00,node-01,orders-api,200,True,normal,market_aware_v1,53.302,45.311,120.389,32.753,0.401,62.834,94.438,0.946
9c9a091e-cfaf-40ef-a7d8-f04cee3fb1ed,2026-04-25T17:21:31.203569-04:00,node-01,checkout-api,429,True,normal,market_aware_v1,55.844,51.367,140.74,31.971,0.653,69.102,71.524,1.49
6bc98177-3e10-455b-9067-3cf7cf8e05e3,2026-04-25T17:21:31.214136-04:00,node-01,payments-api,200,True,normal,market_aware_v1,51.193,52.244,145.288,26.08,0.529,63.456,59.986,1.312
b185c240-306f-45f3-bc81-eff51a1f2cec,2026-04-25T17:21:31.224563-04:00,node-01,orders-api,200,True,normal,market_aware_v1,57.735,50.012,119.484,31.429,0.481,64.325,96.637,1.097
02c56519-ee24-441a-b92a-9304acd2738d,2026-04-25T17:21:31.235167-04:00,node-01,checkout-api,200,True,normal,market_aware_v1,53.421,51.098,125.487,30.086,0.557,55.394,73.56,1.263
226421a8-09b8-4a28-a572-47a99dc1bd51,2026-04-25T17:21:31.245602-04:00,node-01,payments-api,200,True,normal,market_aware_v1,48.705,54.809,139.362,26.972,0.53,63.741,60.222,1.391
a2e5daaa-151e-4e0d-804f-929b47bf1e38,2026-04-25T17:21:31.256206-04:00,node-01,orders-api,429,True,anomalous,market_aware_v1,55.378,50.233,122.366,32.075,0.798,63.706,84.806,1.587
ed10693b-1a9b-4e3a-b939-73a34a0495da,2026-04-25T17:21:31.266643-04:00,node-01,checkout-api,429,True,normal,market_aware_v1,52.523,50.089,131.034,30.169,0.545,60.947,73.915,1.242
2258f778-fe36-41e7-951a-dfc22fa242de,2026-04-25T17:21:31.277215-04:00,node-01,payments-api,200,True,normal,market_aware_v1,45.113,51.606,132.577,27.666,0.537,69.219,61.863,1.526
2849f315-aec1-4ef4-ba63-23e06b5e3ce3,2026-04-25T17:21:31.287633-04:00,node-01,orders-api,429,True,normal,market_aware_v1,52.965,46.095,121.96,31.494,0.507,65.563,91.448,1.289
6835cab7-379e-4b0e-bd01-046e4881df06,2026-04-25T17:21:31.298095-04:00,node-01,checkout-api,200,True,normal,market_aware_v1,52.589,47.717,133.845,27.611,0.582,56.017,69.541,1.139
ced50047-a6b2-472c-9bb4-b90c59a26611,2026-04-25T17:21:31.308598-04:00,node-01,payments-api,429,True,normal,market_aware_v1,46.411,51.344,138.875,24.697,0.496,65.25,58.08,1.334
905af2a3-d09f-4679-8d05-eb44bc23cd3a,2026-04-25T17:21:31.319102-04:00,node-01,orders-api,200,True,normal,market_aware_v1,52.948,44.371,137.414,30.306,0.612,68.877,85.896,1.586
8b3e6fca-e622-4c9f-b4b2-7853a2ed98ff,2026-04-25T17:21:31.329541-04:00,node-01,checkout-api,200,True,normal,market_aware_v1,50.396,45.862,114.91,31.935,0.545,54.358,74.812,1.145
eb9c7ba8-d653-4608-9445-d9348ec4f7d4,2026-04-25T17:21:31.340065-04:00,node-01,payments-api,200,True,normal,market_aware_v1,44.928,48.997,135.793,26.423,0.548,60.692,52.458,1.256
cfe477b8-4c4f-455a-ad46-b53aae0d6597,2026-04-25T17:21:31.350582-04:00,node-01,orders-api,429,True,normal,market_aware_v1,53.6,44.033,128.172,31.148,0.433,63.822,93.122,1.118
3daf751a-7803-42ae-9d98-85ea7c3a15fd,2026-04-25T17:21:31.361067-04:00,node-01,checkout-api,200,True,normal,market_aware_v1,48.061,46.234,124.948,27.913,0.495,56.045,74.116,1.15
98a09a81-9280-4687-b415-bec32c300a45,2026-04-25T17:21:31.371492-04:00,node-01,payments-api,200,True,normal,market_aware_v1,46.926,47.561,154.317,24.443,0.607,71.934,56.193,1.42
38cbabaf-df28-473a-991f-4ff7bab177c3,2026-04-25T17:21:31.381916-04:00,node-01,orders-api,200,True,anomalous,market_aware_v1,52.482,46.271,126.191,32.517,0.794,62.747,83.682,1.546
ab523cd0-81b4-4adc-94a1-ecef077f8ea5,2026-04-25T17:21:31.392476-04:00,node-01,checkout-api,200,True,normal,market_aware_v1,47.954,47.349,121.855,30.62,0.558,57.402,64.942,1.189
85f7a4b7-8385-4b1d-88bb-8efa5f857749,2026-04-25T17:21:31.403032-04:00,node-01,payments-api,200,True,normal,market_aware_v1,45.542,48.22,128.575,23.219,0.52,62.653,50.277,1.155
30bb5f2f-ad11-4e05-8988-b07b43072b4f,2026-04-25T17:21:31.413424-04:00,node-01,orders-api,200,True,normal,market_aware_v1,53.732,44.785,130.763,31.374,0.535,63.979,88.835,1.471
2dbfbb21-dabc-4cb5-b8a9-de754ec57a47,2026-04-25T17:21:31.423990-04:00,node-01,checkout-api,200,True,normal,market_aware_v1,49.45,49.28,132.836,30.507,0.661,64.71,70.957,1.339
2adff0ce-ebf3-413e-8358-da6a3c30ba3c,2026-04-25T17:21:31.434423-04:00,node-01,payments-api,429,True,normal,market_aware_v1,49.065,51.992,175.77,25.587,0.836,80.465,47.115,2.114
33874cfb-ad65-4070-8a54-5eb5bc11828d,2026-04-25T17:21:31.444977-04:00,node-01,orders-api,429,True,normal,market_aware_v1,53.99,48.281,122.116,28.103,0.431,59.105,91.983,0.989
1e7a6b1e-c013-4788-8f9c-73d99f9dd3e4,2026-04-25T17:21:31.455417-04:00,node-01,checkout-api,200,True,normal,market_aware_v1,50.024,52.218,133.331,30.094,0.578,62.321,69.969,1.366
acd9ad41-7f17-4b38-820b-539ab5a27f69,2026-04-25T17:21:31.465976-04:00,node-01,payments-api,200,True,normal,market_aware_v1,46.408,48.017,135.357,26.517,0.601,65.89,55.96,1.312
e42125a2-dd5c-4a61-9395-b59c6d55c61f,2026-04-25T17:21:31.476414-04:00,node-01,orders-api,429,True,normal,market_aware_v1,53.159,47.211,119.803,28.257,0.394,61.627,93.412,1.06
43343e1b-b89a-4052-a2ca-3a24dcdc05b6,2026-04-25T17:21:31.486984-04:00,node-01,checkout-api,200,True,normal,market_aware_v1,56.233,47.739,122.213,30.439,0.474,54.783,76.618,1.05
4d7e1351-ac90-4e1e-9961-615481442ed6,2026-04-25T17:21:31.497534-04:00,node-01,payments-api,200,True,normal,market_aware_v1,51.699,55.342,165.088,27.887,0.641,72.567,54.724,1.663
c5e76ba0-86b1-4dd4-8d36-f7118e9d6793,2026-04-25T17:21:31.508110-04:00,node-01,orders-api,429,True,normal,market_aware_v1,58.138,47.707,120.352,32.859,0.404,61.851,100.308,1.096
30656239-abd7-49d8-8fea-128e3af0631d,2026-04-25T17:21:31.518540-04:00,node-01,checkout-api,200,True,normal,market_aware_v1,57.951,49.552,139.583,30.312,0.684,71.211,72.724,1.609
3b9bf69e-f641-443c-98b2-26fd337b8d41,2026-04-25T17:21:31.529098-04:00,node-01,payments-api,429,True,normal,market_aware_v1,51.509,54.8,149.639,27.729,0.578,67.928,65.485,1.6
7a595f88-b190-4f61-a00e-24d5d505667d,2026-04-25T17:21:31.539530-04:00,node-01,orders-api,200,True,normal,market_aware_v1,55.744,49.496,106.39,32.462,0.316,55.919,102.272,0.851
b89598cc-1f9f-4c3a-8ce6-a50e52c17fb2,2026-04-25T17:21:31.550077-04:00,node-01,checkout-api,200,True,normal,market_aware_v1,59.086,54.152,120.325,31.654,0.543,53.756,82.138,1.18
a1c63c69-4aee-41c8-a8ac-c73025d6a555,2026-04-25T17:21:31.560505-04:00,node-01,payments-api,200,True,normal,market_aware_v1,52.83,57.235,143.784,27.464,0.654,65.615,64.348,1.597
b4929b42-ed72-4553-bbcd-e4dbf5e6cc8c,2026-04-25T17:21:31.571097-04:00,node-01,orders-api,200,True,normal,market_aware_v1,62.095,50.312,149.75,34.088,0.619,74.634,95.363,1.845
5f56559f-8824-4359-ac1f-48598b644f73,2026-04-25T17:21:31.581521-04:00,node-01,checkout-api,200,True,normal,market_aware_v1,54.424,51.492,119.873,30.672,0.625,60.435,73.762,1.323
206a3b6e-9517-4bec-b60b-4331081b1c27,2026-04-25T17:21:31.592081-04:00,node-01,payments-api,200,True,normal,market_aware_v1,54.519,53.447,151.892,25.965,0.486,67.374,61.544,1.314
410a5ac5-6874-4f16-ae4a-c6ae45a17c46,2026-04-25T17:21:31.602502-04:00,node-01,orders-api,200,True,normal,market_aware_v1,61.279,50.52,142.108,33.613,0.686,72.92,103.417,1.785
86288086-0a54-4274-896b-914dfa385cd3,2026-04-25T17:21:31.613067-04:00,node-01,checkout-api,429,True,normal,market_aware_v1,52.18,50.275,123.976,29.386,0.571,54.225,82.738,1.176
23a1c396-29f5-4b03-9c93-c3f02e22e10e,2026-04-25T17:21:31.623643-04:00,node-01,payments-api,200,True,normal,market_aware_v1,53.35,52.977,156.791,27.085,0.64,76.497,54.432,1.618
84705a7f-557e-47d3-b739-94cd9dcd121b,2026-04-25T17:21:31.634210-04:00,node-01,orders-api,200,True,normal,market_aware_v1,54.212,51.196,129.93,32.682,0.536,70.601,89.116,1.362
07f44a95-0f96-447b-97a9-105951edc7cf,2026-04-25T17:21:31.644630-04:00,node-01,checkout-api,200,True,normal,market_aware_v1,55.727,49.599,146.829,29.428,0.667,65.594,70.086,1.464
5dad8b28-d03d-4f72-a702-8af9341783c0,2026-04-25T17:21:31.655171-04:00,node-01,payments-api,200,True,normal,market_aware_v1,47.427,53.798,148.306,26.977,0.597,66.769,62.067,1.522
3eed340c-9c7b-4030-887c-e5ac9830631e,2026-04-25T17:21:31.665585-04:00,node-01,orders-api,200,True,anomalous,market_aware_v1,57.13,48.729,121.065,32.28,0.681,63.085,86.424,1.491
dd949a92-43a3-4c80-9dae-8cf746b91cae,2026-04-25T17:21:31.676151-04:00,node-01,checkout-api,429,True,normal,market_aware_v1,50.092,51.625,128.498,29.015,0.525,57.02,71.632,1.138
a2b08e76-d2cd-4a2b-b8ad-44bc109ac539,2026-04-25T17:21:31.686568-04:00,node-01,payments-api,429,True,normal,market_aware_v1,49.597,49.121,148.422,26.2,0.539,65.387,60.391,1.321
ed8ea700-3540-4844-b902-644a48ebbdd6,2026-04-25T17:21:31.697132-04:00,node-01,orders-api,200,True,normal,market_aware_v1,52.993,44.779,109.086,29.9,0.313,56.058,95.91,0.835
c566d4f3-e9a1-4c8e-8093-cb0b919aa876,2026-04-25T17:21:31.707542-04:00,node-01,checkout-api,200,True,normal,market_aware_v1,47.337,49.325,124.707,27.582,0.458,54.91,72.994,1.03
2a2c5308-9105-40ab-b5c0-6492bd9d55ea,2026-04-25T17:21:31.718083-04:00,node-01,payments-api,503,True,normal,market_aware_v1,47.743,47.573,175.577,28.671,0.796,77.811,50.969,2.1
c6965750-1ca7-465a-a955-725295c5451d,2026-04-25T17:21:31.728533-04:00,node-01,orders-api,200,True,normal,market_aware_v1,49.919,42.512,126.761,29.579,0.496,62.485,86.924,1.174
26a4ba59-3ceb-41c2-94f3-23f6aee0fbba,2026-04-25T17:21:31.739105-04:00,node-01,checkout-api,200,True,normal,market_aware_v1,47.844,46.742,129.183,26.195,0.648,61.865,64.208,1.402
f0c74f13-a1d8-4e19-940e-da18d1dfadae,2026-04-25T17:21:31.749518-04:00,node-01,payments-api,200,True,normal,market_aware_v1,43.403,48.837,141.353,23.092,0.488,59.94,46.482,1.271
1ad00871-3717-4251-92a9-2c31bb4e9735,2026-04-25T17:21:31.760082-04:00,node-01,orders-api,200,True,normal,market_aware_v1,47.859,44.994,106.583,30.796,0.423,51.638,90.046,0.781
a3cd4a62-b3f5-46dc-be1f-d3f4bbe6945b,2026-04-25T17:21:31.770502-04:00,node-01,checkout-api,200,True,normal,market_aware_v1,44.209,51.166,135.357,27.601,0.529,62.153,60.315,1.288
17316d70-b900-4e8c-92b6-a12530fa0aaf,2026-04-25T17:21:31.781073-04:00,node-01,payments-api,200,True,normal,market_aware_v1,40.698,47.287,148.109,25.579,0.633,65.532,43.414,1.465
76b61fc7-f120-447a-9556-bf95ef75d1a7,2026-04-25T17:21:31.791499-04:00,node-01,orders-api,200,True,normal,market_aware_v1,45.053,43.008,113.118,29.433,0.36,56.24,82.13,0.867
40b99d1d-1359-4766-9095-f286bd209673,2026-04-25T17:21:31.802013-04:00,node-01,checkout-api,200,True,normal,market_aware_v1,47.238,46.376,137.355,28.31,0.64,61.224,61.388,1.519
970e3b9a-0844-416c-b168-a1ad30db859c,2026-04-25T17:21:31.812427-04:00,node-01,payments-api,429,True,anomalous,market_aware_v1,42.536,49.041,139.799,24.811,0.9,66.73,41.635,1.897
065aa992-900c-4ee5-9ae0-450e00c68202,2026-04-25T17:21:31.822804-04:00,node-01,orders-api,200,True,normal,market_aware_v1,42.678,47.949,108.929,30.546,0.46,59.79,87.741,0.98
ee796c03-0747-4be2-91fd-28eae70355c8,2026-04-25T17:21:31.833179-04:00,node-01,checkout-api,200,True,normal,market_aware_v1,47.865,47.208,146.794,29.359,0.687,63.407,57.641,1.434
c3a12c5c-1da0-46b0-b574-bac890ac78dc,2026-04-25T17:21:31.843607-04:00,node-01,payments-api,200,True,normal,market_aware_v1,41.995,46.907,154.856,26.066,0.552,69.579,48.802,1.438
a82eb26b-cc42-4c66-b721-87ab352d5bb7,2026-04-25T17:21:31.854039-04:00,node-01,orders-api,200,True,normal,market_aware_v1,52.343,43.632,109.159,30.133,0.369,61.9,84.731,0.971
6555eac9-9ba5-4048-89df-c5f861198165,2026-04-25T17:21:31.864414-04:00,node-01,checkout-api,429,True,normal,market_aware_v1,48.137,52.191,133.314,29.233,0.61,58.859,67.463,1.279
0f59b59e-212b-4783-8609-a4388d2779b5,2026-04-25T17:21:31.874817-04:00,node-01,payments-api,200,True,normal,market_aware_v1,48.241,49.764,156.652,25.16,0.637,71.152,51.386,1.616
670941f6-1f7e-41db-8aa7-3ae0979d45da,2026-04-25T17:21:31.885197-04:00,node-01,orders-api,200,True,normal,market_aware_v1,53.201,43.651,132.513,27.826,0.511,69.684,86.895,1.416
cb7359d7-22d5-43fb-9d18-22c6914d763b,2026-04-25T17:21:31.895627-04:00,node-01,checkout-api,200,True,normal,market_aware_v1,52.692,50.655,151.282,28.95,0.738,71.937,70.893,1.7
b9a2628b-2448-4347-a3e8-c24575767c83,2026-04-25T17:21:31.906006-04:00,node-01,payments-api,200,True,normal,market_aware_v1,47.882,50.934,142.056,26.296,0.702,69.279,52.996,1.513
c7f5e27a-0aeb-4f2d-8319-36c4e0e96cf0,2026-04-25T17:21:31.916411-04:00,node-01,orders-api,200,True,normal,market_aware_v1,53.369,47.037,121.022,29.158,0.555,64.503,90.157,1.284
3e6e3c80-9b4f-4ac6-b90f-3498bd029bfe,2026-04-25T17:21:31.926831-04:00,node-01,checkout-api,200,True,normal,market_aware_v1,50.727,50.562,134.097,28.563,0.592,63.924,68.726,1.206
639ff06b-0f2d-4735-bf77-9eb8ec845361,2026-04-25T17:21:31.937312-04:00,node-01,payments-api,200,True,normal,market_aware_v1,48.454,52.396,142.802,26.68,0.612,68.44,55.383,1.457
d3dea9f8-52f4-4545-9781-c0a123232be5,2026-04-25T17:21:31.947751-04:00,node-01,orders-api,200,True,normal,market_aware_v1,55.272,46.377,136.423,31.805,0.528,66.267,92.518,1.262
26b53190-aa0c-47a2-80df-51b2d8d8abd3,2026-04-25T17:21:31.958134-04:00,node-01,checkout-api,200,True,normal,market_aware_v1,53.65,54.27,119.829,30.891,0.564,56.613,77.391,1.177
d08bcec7-ecb1-47c6-884d-d64b3745a3c3,2026-04-25T17:21:31.968597-04:00,node-01,payments-api,200,True,normal,market_aware_v1,49.05,53.858,139.451,26.06,0.492,63.873,62.926,1.246
fd7bfde4-156e-4971-8cc0-5d4aeb96b456,2026-04-25T17:21:31.979037-04:00,node-01,orders-api,200,True,normal,market_aware_v1,60.873,52.986,126.63,31.041,0.533,59.942,94.61,1.23
d3647e23-5c8a-4598-adf1-35aab349f6df,2026-04-25T17:21:31.989505-04:00,node-01,checkout-api,200,True,normal,market_aware_v1,57.102,46.486,150.379,25.731,0.614,70.045,67.893,1.572
39b19442-473e-4c66-ba35-229050d0667d,2026-04-25T17:21:31.999981-04:00,node-01,payments-api,200,True,normal,market_aware_v1,48.561,54.367,134.053,25.993,0.497,61.343,59.326,1.424
7eadff51-07bc-4aa4-b498-330bc7fc2b60,2026-04-25T17:21:32.010415-04:00,node-01,orders-api,429,True,normal,market_aware_v1,58.768,50.231,120.573,31.595,0.409,60.366,98.863,1.076
0a8fd16d-cda3-4958-ac8f-7789fa8d44e3,2026-04-25T17:21:32.020865-04:00,node-01,checkout-api,200,True,normal,market_aware_v1,50.606,49.047,141.909,28.964,0.659,66.131,74.584,1.586
47d4eb2d-2454-4ebd-9b6d-49bff58d5506,2026-04-25T17:21:32.031326-04:00,node-01,payments-api,429,True,normal,market_aware_v1,49.287,51.933,137.958,28.333,0.562,63.954,63.763,1.392
0bd77ff8-1b87-46a2-a7c5-89ffa0a99f4e,2026-04-25T17:21:32.041839-04:00,node-01,orders-api,429,True,normal,market_aware_v1,56.992,45.875,124.384,30.462,0.457,64.935,87.066,1.17
69879d38-d1be-49bc-8f06-f40150ee2d92,2026-04-25T17:21:32.052292-04:00,node-01,checkout-api,429,True,normal,market_aware_v1,55.642,48.19,129.812,28.761,0.432,55.238,74.631,0.97
d50fc9e0-b89c-4b6f-a0cc-14600ebca739,2026-04-25T17:21:32.062731-04:00,node-01,payments-api,429,True,normal,market_aware_v1,47.219,50.686,135.079,23.921,0.522,58.526,58.809,1.182
f7b8fe52-0ae9-49c4-b170-8f76c0948111,2026-04-25T17:21:32.073114-04:00,node-01,orders-api,200,True,normal,market_aware_v1,56.277,47.913,132.923,30.585,0.429,64.942,86.471,1.086
b7fa957c-48e9-4972-ba4f-3d57acd53dd8,2026-04-25T17:21:32.083581-04:00,node-01,checkout-api,200,True,normal,market_aware_v1,49.291,50.2,120.611,27.765,0.634,60.148,68.488,1.199
56d2022d-9d3d-4eff-af23-27450fa1dc63,2026-04-25T17:21:32.093980-04:00,node-01,payments-api,429,True,normal,market_aware_v1,49.416,50.871,144.557,25.994,0.53,62.992,64.088,1.314
07e20750-753f-4391-839d-5772d33503c3,2026-04-25T17:21:32.104370-04:00,node-01,orders-api,429,True,normal,market_aware_v1,55.717,49.106,147.895,32.907,0.544,66.36,86.977,1.434
91faa3fa-8c89-48f3-9e35-0388cad24d63,2026-04-25T17:21:32.114775-04:00,node-01,checkout-api,200,True,normal,market_aware_v1,50.25,51.41,136.552,28.568,0.541,62.964,69.238,1.326
1b4cd30b-086e-49e3-9ff3-68a7b6624ee3,2026-04-25T17:21:32.125189-04:00,node-01,payments-api,200,True,normal,market_aware_v1,39.006,51.998,137.972,24.718,0.625,66.699,48.625,1.374
7ebd56ed-41c2-4085-bf03-fc0cb209882f,2026-04-25T17:21:32.135575-04:00,node-01,orders-api,200,True,normal,market_aware_v1,53.688,44.32,122.372,31.705,0.373,57.067,86.386,0.936
043db45b-a419-4602-bece-3a3939d33857,2026-04-25T17:21:32.145957-04:00,node-01,checkout-api,429,True,normal,market_aware_v1,49.622,47.792,128.31,31.59,0.595,59.569,58.692,1.229
58b28787-0e2a-4514-921f-fc9eb1d27bc4,2026-04-25T17:21:32.156347-04:00,node-01,payments-api,429,True,normal,market_aware_v1,46.219,49.606,148.043,24.163,0.518,63.99,54.55,1.315
58b9afae-cbcc-42d4-9d79-0caccbf6e24b,2026-04-25T17:21:32.166743-04:00,node-01,orders-api,200,True,normal,market_aware_v1,55.044,43.871,127.557,28.816,0.515,69.491,86.902,1.317
00272007-8871-46ff-9e95-d6756027acd2,2026-04-25T17:21:32.177132-04:00,node-01,checkout-api,429,True,normal,market_aware_v1,50.615,47.555,139.066,29.507,0.619,62.946,71.199,1.299
8a6389c5-2167-4d1a-b842-68502853b779,2026-04-25T17:21:32.187578-04:00,node-01,payments-api,429,True,normal,market_aware_v1,46.141,50.817,132.946,24.394,0.549,67.113,53.056,1.42
d6b1616f-5251-4d84-9323-52f0c12d90ea,2026-04-25T17:21:32.197956-04:00,node-01,orders-api,200,True,normal,market_aware_v1,53.225,45.784,121.027,28.246,0.417,64.947,90.208,1.13
da8958c2-7eaf-4379-95ba-d3f952a5027f,2026-04-25T17:21:32.208349-04:00,node-01,checkout-api,200,True,normal,market_aware_v1,52.842,48.523,129.786,28.225,0.678,66.513,65.211,1.491
8c2fb97b-3a7a-4af1-80ef-515ab606269c,2026-04-25T17:21:32.218754-04:00,node-01,payments-api,200,True,normal,market_aware_v1,49.663,48.198,166.506,27.233,0.748,79.17,56.69,1.758
417fcadf-c795-4103-bc02-6b9aa6c80b8a,2026-04-25T17:21:32.229126-04:00,node-01,orders-api,429,True,anomalous,market_aware_v1,54.98,47.417,131.22,33.445,0.811,70.597,83.787,1.759
b739c661-4a45-4eed-9c36-9992944a205b,2026-04-25T17:21:32.239538-04:00,node-01,checkout-api,200,True,normal,market_aware_v1,48.78,50.348,131.118,27.597,0.586,59.722,72.101,1.348
d6908884-4e76-4ccc-89ef-2df65442c89c,2026-04-25T17:21:32.249915-04:00,node-01,payments-api,503,True,normal,market_aware_v1,49.438,54.282,168.878,27.733,0.875,78.046,61.576,2.327
3b9b84d2-5034-4528-acb7-6a2701ceea27,2026-04-25T17:21:32.260310-04:00,node-01,orders-api,200,True,normal,market_aware_v1,52.234,42.407,106.494,32.092,0.345,56.685,90.623,0.856
70bfe458-3fa4-4c52-8b51-48aad2a4508d,2026-04-25T17:21:32.270743-04:00,node-01,checkout-api,200,True,normal,market_aware_v1,58.729,50.187,133.507,29.254,0.555,60.758,72.922,1.327
a942b7bb-b282-40cf-a983-0ba82a656e71,2026-04-25T17:21:32.281123-04:00,node-01,payments-api,200,True,normal,market_aware_v1,51.987,53.306,143.53,27.464,0.573,66.289,58.288,1.266
3d4ae421-cc55-46f5-8d12-7ea86d1287a4,2026-04-25T17:21:32.291536-04:00,node-01,orders-api,200,True,normal,market_aware_v1,55.453,49.348,122.904,31.803,0.493,62.827,95.304,1.035
49c01d68-5f9c-409f-9d92-c742787a7134,2026-04-25T17:21:32.301933-04:00,node-01,checkout-api,429,True,normal,market_aware_v1,56.757,50.75,131.003,30.984,0.551,64.909,71.714,1.339
0199d803-71fd-44aa-8415-84cf8c3a3f56,2026-04-25T17:21:32.312312-04:00,node-01,payments-api,503,True,normal,market_aware_v1,51.904,54.703,164.88,28.527,0.806,77.104,56.065,2.133
12c501a5-3937-4011-88cb-0a1a8af578b4,2026-04-25T17:21:32.322708-04:00,node-01,orders-api,200,True,normal,market_aware_v1,60.079,51.868,135.194,35.988,0.523,72.419,94.995,1.254
5da4dde7-a5b6-4ad5-8fc7-510d9e39501d,2026-04-25T17:21:32.333098-04:00,node-01,checkout-api,200,True,normal,market_aware_v1,56.359,53.092,123.02,32.165,0.562,55.2,85.942,1.202
2799e2ed-282b-45d0-b159-fc4e36ab7808,2026-04-25T17:21:32.343506-04:00,node-01,payments-api,200,True,anomalous,market_aware_v1,57.384,58.054,152.063,31.727,0.924,67.939,60.968,1.874
a6c4e227-e100-44f8-a8b3-d6e017ba6a38,2026-04-25T17:21:32.353883-04:00,node-01,orders-api,429,True,normal,market_aware_v1,58.962,50.206,138.249,31.982,0.458,64.768,94.873,1.203
870fc4a9-330f-4c92-8d7d-dbcc0df18404,2026-04-25T17:21:32.364322-04:00,node-01,checkout-api,429,True,normal,market_aware_v1,57.44,52.746,152.598,31.316,0.733,70.353,75.097,1.812
6a55c556-fea0-4d4f-a4c9-a09aaf3ceb8e,2026-04-25T17:21:32.374751-04:00,node-01,payments-api,503,True,anomalous,market_aware_v1,51.894,57.595,157.921,26.457,1.004,80.004,57.468,2.161
1c9d18cd-94bd-48bd-b4f0-518c03bda9c7,2026-04-25T17:21:32.385134-04:00,node-01,orders-api,429,True,normal,market_aware_v1,58.642,50.634,137.03,33.426,0.491,67.802,96.071,1.148
e838fc99-dae0-4a9c-aa26-3a840a1b01fb,2026-04-25T17:21:32.395567-04:00,node-01,checkout-api,200,True,normal,market_aware_v1,54.375,53.798,145.393,31.885,0.702,67.533,72.026,1.568
a8cb18bd-84e2-46da-b42d-494a696ffa4f,2026-04-25T17:21:32.405938-04:00,node-01,payments-api,200,True,normal,market_aware_v1,50.269,54.692,134.393,26.289,0.552,62.086,60.977,1.221
56512244-7b88-4927-8540-a859817bbdd0,2026-04-25T17:21:32.416333-04:00,node-01,orders-api,200,True,normal,market_aware_v1,57.972,49.171,140.19,30.902,0.585,70.835,89.059,1.42
bf177b2f-5889-4b6a-abad-1a496375276e,2026-04-25T17:21:32.426778-04:00,node-01,checkout-api,429,True,normal,market_aware_v1,55.028,52.328,139.454,29.029,0.634,65.536,72.705,1.431
3c285c46-30a7-4ab1-9d9f-1d34b9e16b57,2026-04-25T17:21:32.437389-04:00,node-01,payments-api,200,True,normal,market_aware_v1,47.071,53.994,128.25,25.507,0.502,60.239,64.839,1.283
65f876f8-9919-4667-bf7d-6594148bb804,2026-04-25T17:21:32.448082-04:00,node-01,orders-api,200,True,normal,market_aware_v1,54.507,49.438,130.556,30.428,0.575,67.525,88.253,1.429
03bb5d1a-3842-4d30-a0e9-6d648c37adfd,2026-04-25T17:21:32.458730-04:00,node-01,checkout-api,200,True,normal,market_aware_v1,58.058,50.273,138.618,30.005,0.631,60.958,67.989,1.39
82275976-4211-4d07-ae4e-ceed8e9360c0,2026-04-25T17:21:32.469414-04:00,node-01,payments-api,429,True,normal,market_aware_v1,50.846,53.078,136.288,26.141,0.534,66.524,55.592,1.312
508b6e57-cbf9-43f5-98fb-14a075b4639b,2026-04-25T17:21:32.479938-04:00,node-01,orders-api,429,True,normal,market_aware_v1,55.837,47.154,123.865,29.658,0.386,63.551,89.287,1.034
ab445c29-cb0f-47d0-a2d0-ae57ce7fc069,2026-04-25T17:21:32.490399-04:00,node-01,checkout-api,429,True,normal,market_aware_v1,44.794,45.211,130.453,29.286,0.549,62.295,64.164,1.323
a442d880-1596-4f95-99f7-d7bb44fb7f8d,2026-04-25T17:21:32.500860-04:00,node-01,payments-api,200,True,normal,market_aware_v1,44.736,50.504,145.284,24.726,0.55,68.316,46.947,1.473
e76f7cd1-2db6-4d80-99f6-ed14cc1bd3f1,2026-04-25T17:21:32.511265-04:00,node-01,orders-api,200,True,anomalous,market_aware_v1,56.991,46.095,131.41,30.944,0.781,62.341,76.034,1.564
02e482f5-22d7-4ed6-9fe4-b3293f584414,2026-04-25T17:21:32.521749-04:00,node-01,checkout-api,200,True,normal,market_aware_v1,50.019,47.256,167.734,28.961,0.883,71.989,62.356,1.987
4ed7076e-c64f-4f2e-ab80-d31adf6b3431,2026-04-25T17:21:32.532181-04:00,node-01,payments-api,200,True,normal,market_aware_v1,43.468,46.785,138.23,26.008,0.549,64.365,49.954,1.334
04e6f3ed-03e6-43c7-ac04-61d9cf293496,2026-04-25T17:21:32.542689-04:00,node-01,orders-api,200,True,normal,market_aware_v1,46.6,44.738,112.474,27.035,0.431,58.414,85.672,1.113
e7d6bca4-b7e6-43ba-a0f0-eebb64345c44,2026-04-25T17:21:32.553172-04:00,node-01,checkout-api,200,True,normal,market_aware_v1,44.104,49.449,136.545,26.792,0.687,70.687,60.047,1.629
af39dafe-93dc-451f-ab64-c69c505fc7df,2026-04-25T17:21:32.563635-04:00,node-01,payments-api,200,True,normal,market_aware_v1,42.314,47.962,135.285,24.074,0.479,55.901,54.319,1.1
d9227cc1-9576-4930-a83c-d93b49843a41,2026-04-25T17:21:32.574149-04:00,node-01,orders-api,429,True,normal,market_aware_v1,46.276,38.382,105.688,29.152,0.353,55.07,95.714,0.843
638af092-6817-46f5-8785-8c0589f5814e,2026-04-25T17:21:32.584577-04:00,node-01,checkout-api,200,True,normal,market_aware_v1,47.318,45.593,135.552,30.379,0.613,64.461,62.915,1.504
44247a8a-7297-4062-8c9f-c4f08fd83c54,2026-04-25T17:21:32.595052-04:00,node-01,payments-api,429,True,normal,market_aware_v1,45.279,50.698,143.145,25.449,0.509,64.06,50.104,1.43
f845b0f2-be4f-4946-8b2b-55c36a41ac8b,2026-04-25T17:21:32.605556-04:00,node-01,orders-api,200,True,normal,market_aware_v1,50.457,45.159,116.108,27.878,0.34,57.659,82.58,0.946
4fed2251-4b23-4653-8d16-cb2e8b5f8c98,2026-04-25T17:21:32.616030-04:00,node-01,checkout-api,200,True,normal,market_aware_v1,45.848,47.021,125.529,25.737,0.52,54.371,71.815,1.083
d0ee1068-e4eb-4335-b8ed-1aa0b8b7ee15,2026-04-25T17:21:32.626525-04:00,node-01,payments-api,429,True,normal,market_aware_v1,43.993,49.208,143.999,23.071,0.493,56.119,52.846,1.171
3c2f3733-c0e7-4c5d-b857-900b9a3c7fd5,2026-04-25T17:21:32.637004-04:00,node-01,orders-api,200,True,normal,market_aware_v1,52.739,46.553,117.53,28.507,0.367,58.388,87.319,1.008
f74f076c-43a6-418b-b385-8a7ff13acbb0,2026-04-25T17:21:32.647513-04:00,node-01,checkout-api,200,True,normal,market_aware_v1,49.84,48.365,147.117,26.932,0.617,66.794,66.552,1.335
4fc58044-77a0-4060-9f06-3f695209da9e,2026-04-25T17:21:32.658011-04:00,node-01,payments-api,200,True,normal,market_aware_v1,44.842,50.212,141.348,23.935,0.666,69.101,50.509,1.618
67e3452a-d49f-4413-8a8f-108fc48a87d2,2026-04-25T17:21:32.668559-04:00,node-01,orders-api,429,True,normal,market_aware_v1,53.334,45.722,138.268,31.59,0.498,74.302,77.363,1.403
13d4170c-e7d0-4f13-bed8-bcd742d2f6c8,2026-04-25T17:21:32.679041-04:00,node-01,checkout-api,429,True,normal,market_aware_v1,52.485,48.949,134.0,28.383,0.654,60.092,71.818,1.365
942342a7-af7b-4fa6-b944-e884010cc015,2026-04-25T17:21:32.689501-04:00,node-01,payments-api,429,True,normal,market_aware_v1,45.39,50.098,134.955,25.64,0.494,61.416,56.352,1.312
0fb5449a-0716-4472-b9ed-5911ac430519,2026-04-25T17:21:32.699956-04:00,node-01,orders-api,200,True,normal,market_aware_v1,52.642,47.584,109.274,31.076,0.322,54.754,91.51,0.935
a1cbecd6-48c4-4805-9057-cc1feac59a45,2026-04-25T17:21:32.710485-04:00,node-01,checkout-api,200,True,normal,market_aware_v1,53.305,50.869,131.51,27.847,0.583,59.252,75.058,1.197
d373abe7-6683-45d9-8f7c-0fdb90ba3fb3,2026-04-25T17:21:32.720968-04:00,node-01,payments-api,503,True,anomalous,market_aware_v1,49.728,55.856,182.803,27.046,0.96,84.396,47.789,2.343
b1ab241b-1839-42f2-98ae-fa76b0d8e6ea,2026-04-25T17:21:32.731464-04:00,node-01,orders-api,200,True,normal,market_aware_v1,56.565,46.016,109.463,32.675,0.407,57.701,93.497,1.091
ec880660-0937-4e2b-afe4-433bec538d37,2026-04-25T17:21:32.741959-04:00,node-01,checkout-api,200,True,normal,market_aware_v1,55.043,49.725,152.139,30.263,0.588,67.866,71.948,1.412
a43e67de-9f28-45ea-b5cf-f97cacb69dcd,2026-04-25T17:21:32.752407-04:00,node-01,payments-api,200,True,normal,market_aware_v1,46.734,51.903,142.399,27.989,0.676,67.046,58.62,1.536
94640c03-8494-4df4-9d59-4c7f14dd4b98,2026-04-25T17:21:32.762860-04:00,node-01,orders-api,200,True,normal,market_aware_v1,60.393,48.668,148.654,33.357,0.713,71.201,91.242,1.741
1d5dd53d-b0f0-4ed2-9b70-f1b51f0a222d,2026-04-25T17:21:32.773326-04:00,node-01,checkout-api,200,True,normal,market_aware_v1,52.686,47.069,158.02,28.649,0.762,77.569,69.966,1.811
344c2833-227e-40b7-bbd1-415b9c4f158c,2026-04-25T17:21:32.783839-04:00,node-01,payments-api,200,True,normal,market_aware_v1,51.597,52.631,149.964,25.036,0.586,66.407,57.911,1.413
0b2df110-9577-4dde-bbf0-71dd71623208,2026-04-25T17:21:32.794296-04:00,node-01,orders-api,200,True,normal,market_aware_v1,56.981,50.258,133.547,30.208,0.524,66.424,91.671,1.393
61e723cd-472b-4519-bbf9-679ea78e4494,2026-04-25T17:21:32.804803-04:00,node-01,checkout-api,200,True,normal,market_aware_v1,56.502,49.984,138.308,29.223,0.611,63.176,71.26,1.215
a10998ba-6847-47c9-a9ca-cdc1bed7094d,2026-04-25T17:21:32.815291-04:00,node-01,payments-api,429,True,normal,market_aware_v1,49.994,54.418,145.364,28.452,0.515,67.458,61.383,1.404
49a70eb4-5b20-4551-8523-78ed5a12d8c6,2026-04-25T17:21:32.825815-04:00,node-01,orders-api,200,True,anomalous,market_aware_v1,60.936,48.608,142.844,32.767,0.86,62.251,88.099,1.557
407c2e85-bf52-4878-b2e6-96dedc87b781,2026-04-25T17:21:32.836294-04:00,node-01,checkout-api,200,True,normal,market_aware_v1,55.237,51.321,147.144,29.012,0.668,69.235,68.54,1.629
f3e915c7-422f-4413-8038-5fc49098a03f,2026-04-25T17:21:32.846856-04:00,node-01,payments-api,200,True,normal,market_aware_v1,46.211,51.331,142.926,26.163,0.638,68.839,53.585,1.501
6dd3654f-21d2-4f68-8aaa-11b2a9a9bc16,2026-04-25T17:21:32.857370-04:00,node-01,orders-api,200,True,anomalous,market_aware_v1,60.059,50.421,149.273,31.716,0.824,71.678,81.622,1.722
e3c9ba3c-8e90-42f7-a0a6-4c9196bf1353,2026-04-25T17:21:32.867824-04:00,node-01,checkout-api,500,True,normal,market_aware_v1,54.931,52.139,168.827,28.993,0.929,74.148,63.567,2.126
5dd92cf8-7b92-4b74-807e-5e527430d387,2026-04-25T17:21:32.878433-04:00,node-01,payments-api,200,True,normal,market_aware_v1,44.926,54.765,140.163,28.07,0.542,59.748,55.839,1.366
da4c1c0e-2b73-46db-8d3b-32b018be1903,2026-04-25T17:21:32.888911-04:00,node-01,orders-api,200,True,normal,market_aware_v1,56.618,44.219,112.207,30.038,0.378,58.732,91.819,0.912
1896b332-a58c-48ef-938b-46195e3f1108,2026-04-25T17:21:32.899350-04:00,node-01,checkout-api,200,True,normal,market_aware_v1,50.387,51.362,134.938,26.88,0.639,64.17,60.809,1.534
c38ed139-4fa0-4702-ac8f-b4e19fbdaf3c,2026-04-25T17:21:32.909867-04:00,node-01,payments-api,200,True,normal,market_aware_v1,46.966,49.342,134.139,26.596,0.505,59.773,54.619,1.179
3dfa58e0-dd4d-4fe2-9c03-e14c6fab061f,2026-04-25T17:21:32.920319-04:00,node-01,orders-api,200,True,normal,market_aware_v1,50.51,45.822,125.839,31.519,0.442,60.507,87.013,1.044
1fc21902-3421-4563-974b-f3ac3d4f7a07,2026-04-25T17:21:32.930731-04:00,node-01,checkout-api,200,True,normal,market_aware_v1,48.862,49.615,127.92,27.802,0.576,60.237,74.233,1.226
b8faed2e-9f63-4422-ac3c-609299c40cce,2026-04-25T17:21:32.941177-04:00,node-01,payments-api,200,True,normal,market_aware_v1,46.841,51.576,137.669,27.889,0.681,67.164,55.021,1.48
ccf0081d-35f6-4b42-ba53-2848b9ac021c,2026-04-25T17:21:32.951707-04:00,node-01,orders-api,200,True,normal,market_aware_v1,52.588,46.292,122.37,31.473,0.409,57.88,85.055,1.032
c64bb117-251a-4be1-b09a-3d1bb0dcae69,2026-04-25T17:21:32.962219-04:00,node-01,checkout-api,200,True,normal,market_aware_v1,48.655,50.382,151.977,29.075,0.743,75.142,62.127,1.626
681ebbdd-d6dc-41f8-8928-5a50d93ef65d,2026-04-25T17:21:32.973110-04:00,node-01,payments-api,200,True,normal,market_aware_v1,45.166,48.127,129.377,26.853,0.569,61.878,55.832,1.391
78213c8a-5ce5-404d-990c-ed57897bfe96,2026-04-25T17:21:32.983511-04:00,node-01,orders-api,200,True,normal,market_aware_v1,51.261,41.961,114.123,30.19,0.425,57.025,90.634,1.017
4764986b-56d9-4898-835c-fc6ab7606359,2026-04-25T17:21:32.993863-04:00,node-01,checkout-api,200,True,normal,market_aware_v1,53.119,46.837,126.491,29.201,0.513,60.226,67.286,1.222
fdcbd0f4-4bf0-4885-a34d-6985edb8d2aa,2026-04-25T17:21:33.004247-04:00,node-01,payments-api,200,True,anomalous,market_aware_v1,50.145,49.713,166.292,28.842,0.887,70.574,45.141,1.962
9ba6debc-bc20-40b3-a91e-265311dd3305,2026-04-25T17:21:33.014652-04:00,node-01,orders-api,429,True,normal,market_aware_v1,55.15,47.05,127.27,31.039,0.528,67.389,85.066,1.278
05d50606-abed-40a2-810a-1f92e2864ea9,2026-04-25T17:21:33.025039-04:00,node-01,checkout-api,200,True,anomalous,market_aware_v1,53.107,52.848,144.655,30.792,0.906,63.639,69.758,1.796
998fe050-0128-4d68-941d-e3dcbbdae844,2026-04-25T17:21:33.035501-04:00,node-01,payments-api,200,True,normal,market_aware_v1,51.058,51.255,161.487,25.131,0.712,76.756,56.124,1.861
bd635d78-ea30-499c-b223-2274711bf72b,2026-04-25T17:21:33.045874-04:00,node-01,orders-api,200,True,normal,market_aware_v1,55.966,46.121,129.785,31.464,0.476,65.486,98.747,1.26
70e52443-9795-4be5-9349-39c260400371,2026-04-25T17:21:33.056278-04:00,node-01,checkout-api,200,True,normal,market_aware_v1,54.457,48.934,148.475,27.114,0.585,64.339,72.273,1.338
665e9bfa-18ae-48f9-856a-675f81eb5ced,2026-04-25T17:21:33.066731-04:00,node-01,payments-api,429,True,anomalous,market_aware_v1,57.203,57.479,168.181,30.403,1.074,79.814,44.695,2.559
d9416541-6961-4ff0-b892-9b72c41e70b0,2026-04-25T17:21:33.077151-04:00,node-01,orders-api,429,True,normal,market_aware_v1,59.127,48.585,124.622,31.646,0.409,65.836,94.813,1.035
b08cc366-0b54-418d-81d7-1b70953ddd6f,2026-04-25T17:21:33.087570-04:00,node-01,checkout-api,200,True,normal,market_aware_v1,53.421,53.992,128.511,27.856,0.54,58.613,80.498,1.273
866f7fe5-d5a5-4047-ab12-242090562ac7,2026-04-25T17:21:33.098043-04:00,node-01,payments-api,200,True,normal,market_aware_v1,53.941,56.56,159.571,27.441,0.646,78.344,60.719,1.723
fa0f0528-163f-453e-861a-5a12b7517eee,2026-04-25T17:21:33.108597-04:00,node-01,orders-api,200,True,normal,market_aware_v1,57.61,49.433,117.701,32.349,0.486,63.883,99.146,1.203
1ddacaf3-fa75-4c2d-81c4-4d3f819838e1,2026-04-25T17:21:33.119032-04:00,node-01,checkout-api,200,True,normal,market_aware_v1,53.221,55.41,141.772,28.643,0.576,60.886,84.02,1.369
e2a3250f-d75c-46c4-b44d-f6fa6a2f578b,2026-04-25T17:21:33.129437-04:00,node-01,payments-api,500,True,anomalous,market_aware_v1,53.09,57.592,181.587,28.414,1.029,79.151,51.854,2.136
fe29e917-c42b-4f30-9330-963a43eac018,2026-04-25T17:21:33.139836-04:00,node-01,orders-api,200,True,normal,market_aware_v1,60.208,49.121,139.219,32.325,0.598,68.142,96.793,1.395
d6f58a4c-06b9-40ac-b331-6a8c016f67ad,2026-04-25T17:21:33.150254-04:00,node-01,checkout-api,500,True,anomalous,market_aware_v1,58.483,50.361,157.134,31.864,0.986,68.707,70.972,2.005
b34ce43d-70b6-44c4-8dda-b5c7839183fd,2026-04-25T17:21:33.160649-04:00,node-01,payments-api,429,True,normal,market_aware_v1,54.66,54.127,161.721,29.004,0.697,72.758,60.165,1.742
89dff0f4-452c-424d-b4bc-6f1c7ba394b7,2026-04-25T17:21:33.171044-04:00,node-01,orders-api,200,True,normal,market_aware_v1,60.773,47.364,128.346,33.79,0.484,65.551,96.199,1.197
812f563d-dad6-4ffc-b082-97313e593ff9,2026-04-25T17:21:33.181485-04:00,node-01,checkout-api,429,True,normal,market_aware_v1,55.908,53.895,126.961,30.507,0.578,63.382,73.812,1.411
e7b836ac-268e-4f1a-80c9-eb27c66e933a,2026-04-25T17:21:33.191907-04:00,node-01,payments-api,200,True,normal,market_aware_v1,56.065,56.134,156.057,26.393,0.619,71.654,64.032,1.513
4329113a-c555-43ad-b9b5-7a73a3f63957,2026-04-25T17:21:33.202435-04:00,node-01,orders-api,429,True,normal,market_aware_v1,58.065,51.175,135.509,31.763,0.476,70.077,90.25,1.301
13d88dca-d477-4d8b-be4b-7c734fcef8bf,2026-04-25T17:21:33.212911-04:00,node-01,checkout-api,200,True,normal,market_aware_v1,56.847,54.485,145.785,30.332,0.692,67.389,74.249,1.47
1984f3a9-dcab-49b5-87be-00e4245470f0,2026-04-25T17:21:33.223311-04:00,node-01,payments-api,503,True,anomalous,market_aware_v1,53.374,56.482,167.846,29.663,0.989,75.374,54.543,2.159
e4cd5afe-43e5-4b9c-83ae-5fdc3a1abd08,2026-04-25T17:21:33.233784-04:00,node-01,orders-api,429,True,anomalous,market_aware_v1,60.915,51.424,150.241,31.842,0.958,76.706,89.424,1.89
bba2164f-2f28-4d97-8800-97047f2d0405,2026-04-25T17:21:33.244203-04:00,node-01,checkout-api,200,True,normal,market_aware_v1,54.929,51.319,141.247,27.841,0.652,69.937,66.635,1.455
1f114b2d-17db-41f7-baef-46f59cf0ffca,2026-04-25T17:21:33.254675-04:00,node-01,payments-api,200,True,normal,market_aware_v1,46.2,51.12,134.566,24.65,0.59,62.931,62.613,1.276
37b07cb9-132d-4c71-9f3d-f6de56a70a29,2026-04-25T17:21:33.265127-04:00,node-01,orders-api,200,True,normal,market_aware_v1,54.306,47.221,135.55,29.417,0.495,64.096,86.996,1.275
fbcf203e-d263-4990-9ef0-c82d48f9f9cf,2026-04-25T17:21:33.275869-04:00,node-01,checkout-api,200,True,normal,market_aware_v1,49.261,48.698,142.0,27.997,0.594,66.325,65.859,1.268
cb7cec52-9d72-4c27-963b-f981431bda90,2026-04-25T17:21:33.286347-04:00,node-01,payments-api,502,True,anomalous,market_aware_v1,50.115,52.979,173.009,26.069,0.958,75.92,48.803,2.125
e14a0a1b-4491-4873-856a-989c99522d22,2026-04-25T17:21:33.296875-04:00,node-01,orders-api,200,True,normal,market_aware_v1,46.913,43.459,113.214,31.971,0.409,53.489,87.943,0.827
d3f2f032-114f-4f40-b627-7b749fadc2b7,2026-04-25T17:21:33.307384-04:00,node-01,checkout-api,200,True,normal,market_aware_v1,47.565,47.194,130.084,29.322,0.623,60.747,66.129,1.366
22245ed7-2156-47d6-bd97-4cf4d8977c11,2026-04-25T17:21:33.317932-04:00,node-01,payments-api,502,True,anomalous,market_aware_v1,48.7,51.347,170.771,27.127,1.029,78.728,46.125,2.206
583d011f-fcdd-43a2-8cdc-2b9dba7390d0,2026-04-25T17:21:33.328394-04:00,node-01,orders-api,200,True,normal,market_aware_v1,52.963,43.338,120.032,30.405,0.419,61.45,78.326,1.142
6a60781f-cd47-4e0f-b347-77c2bdbfceae,2026-04-25T17:21:33.338847-04:00,node-01,checkout-api,200,True,normal,market_aware_v1,47.9,49.386,116.606,26.132,0.492,55.503,61.837,1.037
353eed32-08b8-4324-a950-3df1698f3fa1,2026-04-25T17:21:33.349240-04:00,node-01,payments-api,200,True,normal,market_aware_v1,42.648,52.584,150.955,22.597,0.621,63.672,48.184,1.539
b048ebc3-a16f-482e-98c7-3f22a0396e04,2026-04-25T17:21:33.359635-04:00,node-01,orders-api,429,True,normal,market_aware_v1,52.546,43.54,127.197,28.814,0.449,63.853,81.084,1.22
e98e323e-8a74-4084-9e56-3a6edca08571,2026-04-25T17:21:33.370052-04:00,node-01,checkout-api,200,True,normal,market_aware_v1,43.689,47.188,133.024,26.785,0.636,62.912,67.037,1.46
01a317b4-6527-46ab-940b-488264bf31ed,2026-04-25T17:21:33.380404-04:00,node-01,payments-api,200,True,normal,market_aware_v1,40.335,49.866,130.961,26.782,0.483,63.506,51.526,1.171
4b7d0474-1245-442f-88fb-8305dbb3664c,2026-04-25T17:21:33.390830-04:00,node-01,orders-api,429,True,normal,market_aware_v1,49.132,45.839,118.951,27.442,0.468,62.224,78.891,1.156
50d46172-df5f-4954-bd62-d24c895bb8c0,2026-04-25T17:21:33.401218-04:00,node-01,checkout-api,200,True,normal,market_aware_v1,46.746,45.27,148.086,28.432,0.62,66.656,57.455,1.504
686a134b-ca54-4f77-8625-dab79fb65e69,2026-04-25T17:21:33.411648-04:00,node-01,payments-api,429,True,normal,market_aware_v1,44.762,44.548,138.655,24.356,0.564,71.259,50.28,1.597
f053738f-6c07-4600-94ac-0dc92ce47ad3,2026-04-25T17:21:33.422037-04:00,node-01,orders-api,200,True,normal,market_aware_v1,47.674,44.681,126.883,27.325,0.41,63.372,83.714,1.13
fd213a8b-800e-464d-b37c-46f0f912635f,2026-04-25T17:21:33.432427-04:00,node-01,checkout-api,200,True,normal,market_aware_v1,49.355,48.831,141.371,28.075,0.638,65.684,57.51,1.39
d3905677-db7b-4e37-b659-fc2da628ca6e,2026-04-25T17:21:33.442910-04:00,node-01,payments-api,200,True,normal,market_aware_v1,48.846,50.796,147.016,24.361,0.588,64.769,63.198,1.337
8f3513e9-9912-4e1a-bb8c-4b0272ebd86d,2026-04-25T17:21:33.453483-04:00,node-01,orders-api,200,True,normal,market_aware_v1,51.969,44.844,125.772,30.245,0.585,68.88,83.275,1.266
f498b1e6-335d-49fe-8e9c-36151249c0b6,2026-04-25T17:21:33.463965-04:00,node-01,checkout-api,200,True,normal,market_aware_v1,49.092,51.834,135.917,27.207,0.639,63.774,66.933,1.361
16d41747-e7b5-42fa-a46c-979b7b8c306c,2026-04-25T17:21:33.474443-04:00,node-01,payments-api,200,True,normal,market_aware_v1,46.999,51.52,139.842,26.702,0.591,64.662,54.894,1.423
c23de194-ea79-4316-90b3-2949560c2894,2026-04-25T17:21:33.484941-04:00,node-01,orders-api,200,True,normal,market_aware_v1,52.123,45.321,118.717,31.632,0.329,51.186,90.189,0.718
f22fb48c-b9f2-40c0-ba91-2fd5961c3cce,2026-04-25T17:21:33.495353-04:00,node-01,checkout-api,200,True,anomalous,market_aware_v1,52.852,54.457,146.799,28.884,0.905,69.477,62.615,1.911
380722c2-34aa-49f0-ab10-678ad753443d,2026-04-25T17:21:33.505865-04:00,node-01,payments-api,429,True,normal,market_aware_v1,49.253,55.469,144.095,25.065,0.609,65.362,55.157,1.36
fff3bcd8-10d3-438d-a951-e45317847022,2026-04-25T17:21:33.516346-04:00,node-01,orders-api,200,True,normal,market_aware_v1,55.711,48.091,129.815,34.104,0.476,62.768,92.061,1.202
d2c98ccf-44a9-4b8e-a8c8-ea4b8735826c,2026-04-25T17:21:33.526852-04:00,node-01,checkout-api,200,True,normal,market_aware_v1,53.715,51.17,137.085,28.429,0.619,71.751,68.149,1.488
4c5f04ba-1ca7-49ac-9478-9de2c8370ec7,2026-04-25T17:21:33.537250-04:00,node-01,payments-api,200,True,normal,market_aware_v1,52.436,53.227,142.402,27.166,0.542,71.761,53.959,1.41
f0b8bdd6-7263-4f3d-8745-f49254d38f5a,2026-04-25T17:21:33.547696-04:00,node-01,orders-api,429,True,normal,market_aware_v1,58.5,50.466,131.128,31.774,0.412,65.776,89.777,1.138
10056bb2-e32e-49fb-9ed3-be65c7f236f6,2026-04-25T17:21:33.558133-04:00,node-01,checkout-api,200,True,normal,market_aware_v1,55.99,51.546,141.133,31.208,0.699,67.396,73.458,1.438
822087eb-faab-4626-96e7-21090fdfd67f,2026-04-25T17:21:33.568586-04:00,node-01,payments-api,200,True,normal,market_aware_v1,50.271,55.703,141.179,28.415,0.696,75.163,60.88,1.706
b69d40a4-450a-4922-9075-e7b94cee62f8,2026-04-25T17:21:33.579065-04:00,node-01,orders-api,429,True,normal,market_aware_v1,57.187,46.352,146.843,29.557,0.494,67.138,88.693,1.282
6b23264f-e9be-4a70-998b-546ebb4d2801,2026-04-25T17:21:33.589499-04:00,node-01,checkout-api,200,True,normal,market_aware_v1,55.514,54.522,128.073,27.706,0.628,58.738,74.22,1.34
1eb586d9-a4b6-4f24-9cf5-d6a417885d34,2026-04-25T17:21:33.599839-04:00,node-01,payments-api,429,True,normal,market_aware_v1,49.51,53.456,140.117,26.397,0.687,70.528,58.424,1.537
539f4b20-fc90-4055-85dd-2c9a8323605d,2026-04-25T17:21:33.610386-04:00,node-01,orders-api,200,True,normal,market_aware_v1,56.887,48.829,129.447,31.861,0.446,63.345,92.237,1.179
c0988455-065a-4c53-8dee-d5123f988239,2026-04-25T17:21:33.620886-04:00,node-01,checkout-api,200,True,normal,market_aware_v1,50.861,52.382,144.15,31.465,0.593,61.389,71.057,1.327
a0d9305b-19b4-4b96-b6ee-fc90da2bf0f5,2026-04-25T17:21:33.631389-04:00,node-01,payments-api,429,True,normal,market_aware_v1,48.796,55.083,155.175,25.366,0.685,74.963,53.021,1.695
fb9a78c3-fc0b-444b-a2d1-68d545e3da9a,2026-04-25T17:21:33.641966-04:00,node-01,orders-api,200,True,normal,market_aware_v1,57.252,44.707,142.069,31.794,0.454,71.107,92.163,1.245
0cfd76e6-4c20-4857-a267-b62d60a922fd,2026-04-25T17:21:33.652461-04:00,node-01,checkout-api,200,True,normal,market_aware_v1,53.483,50.628,160.135,27.337,0.625,74.217,55.858,1.525
280db56e-9cd6-472f-b63f-04bcdf04cb43,2026-04-25T17:21:33.662919-04:00,node-01,payments-api,200,True,normal,market_aware_v1,49.759,51.862,147.826,26.288,0.668,75.265,51.847,1.688
a3b03edb-b075-47e6-910e-5db19273d55c,2026-04-25T17:21:33.673534-04:00,node-01,orders-api,200,True,normal,market_aware_v1,56.046,47.029,122.229,30.27,0.449,60.959,87.959,1.093
dbf35f52-3b3c-4f25-8c13-63f2b1f9faae,2026-04-25T17:21:33.683970-04:00,node-01,checkout-api,200,True,normal,market_aware_v1,54.405,52.276,135.511,27.338,0.626,64.739,68.408,1.449
4f877c5b-fa86-4ab6-a860-c87a0c44bc42,2026-04-25T17:21:33.694415-04:00,node-01,payments-api,429,True,normal,market_aware_v1,51.663,52.525,154.809,26.704,0.611,73.117,50.559,1.552
b96a53e7-559a-4e61-aac4-6d06aa4987c3,2026-04-25T17:21:33.704896-04:00,node-01,orders-api,200,True,normal,market_aware_v1,54.408,44.307,133.556,31.569,0.571,67.63,85.687,1.382
36df01b9-c048-4ab9-977c-c18ab5b37218,2026-04-25T17:21:33.715394-04:00,node-01,checkout-api,200,True,normal,market_aware_v1,49.364,49.955,136.445,26.068,0.65,62.726,64.227,1.476
53c19e50-463b-4481-8f9c-16cdb82e2ab7,2026-04-25T17:21:33.725899-04:00,node-01,payments-api,429,True,normal,market_aware_v1,46.623,46.637,144.257,26.266,0.564,69.714,57.167,1.528
f22ccf31-0ca2-4f45-b09f-943c25337930,2026-04-25T17:21:33.736375-04:00,node-01,orders-api,200,True,normal,market_aware_v1,53.59,45.067,124.537,29.513,0.5,67.075,83.548,1.29
be75b2d9-a242-4593-a399-7583a2a642c6,2026-04-25T17:21:33.746925-04:00,node-01,checkout-api,200,True,normal,market_aware_v1,51.947,47.592,126.952,27.206,0.654,64.21,61.209,1.433
59eab438-3077-4562-8d77-03ab1fd29f6f,2026-04-25T17:21:33.757322-04:00,node-01,payments-api,200,True,normal,market_aware_v1,47.237,53.275,141.764,23.761,0.472,65.668,52.369,1.303
c05485cb-e4ba-49f8-9f8a-8c4891ec3117,2026-04-25T17:21:33.767859-04:00,node-01,orders-api,200,True,normal,market_aware_v1,49.463,46.808,129.12,31.827,0.447,60.728,94.258,1.0
f97aead5-4da4-4b8a-896c-140b5eb7b623,2026-04-25T17:21:33.778385-04:00,node-01,checkout-api,200,True,normal,market_aware_v1,49.335,50.45,135.804,28.107,0.652,61.286,67.647,1.475
fad252ae-9279-4bf4-a5e9-1311e19bf77c,2026-04-25T17:21:33.788868-04:00,node-01,payments-api,200,True,normal,market_aware_v1,47.418,51.149,145.644,24.996,0.562,68.642,56.119,1.485
2f9f0c6e-778e-4bc5-9a73-5a8f86e1156b,2026-04-25T17:21:33.799313-04:00,node-01,orders-api,429,True,normal,market_aware_v1,53.721,45.5,121.1,33.103,0.359,58.38,95.27,1.038
075b19ea-b35a-4d85-a2c9-685674d61a7e,2026-04-25T17:21:33.809843-04:00,node-01,checkout-api,200,True,normal,market_aware_v1,49.732,49.068,140.96,26.543,0.656,66.907,61.528,1.376
7a8d4b31-b4ec-4366-b453-2b4c3e40209d,2026-04-25T17:21:33.820342-04:00,node-01,payments-api,429,True,normal,market_aware_v1,49.648,52.978,157.555,25.064,0.612,69.506,52.349,1.394
e4fb42e2-4da0-4191-926d-0c92f51b5b47,2026-04-25T17:21:33.830826-04:00,node-01,orders-api,429,True,normal,market_aware_v1,57.938,46.311,122.342,33.784,0.402,62.979,92.01,1.135
2541046e-3a44-419c-a091-d79397dfd0fe,2026-04-25T17:21:33.841315-04:00,node-01,checkout-api,200,True,normal,market_aware_v1,57.591,48.723,148.358,31.103,0.748,70.443,66.86,1.602
9c30792b-76c9-4547-9593-ebee75eb23c1,2026-04-25T17:21:33.851918-04:00,node-01,payments-api,200,True,normal,market_aware_v1,50.628,54.527,158.152,24.184,0.592,67.588,60.652,1.313
e1ffc5d8-ba3e-4d62-bc1e-2e1f1996611e,2026-04-25T17:21:33.862369-04:00,node-01,orders-api,429,True,normal,market_aware_v1,56.793,50.081,117.287,30.198,0.398,61.739,99.835,1.074
ef7689e0-91bd-47df-86d5-7c04409a5403,2026-04-25T17:21:33.872823-04:00,node-01,checkout-api,200,True,normal,market_aware_v1,56.603,51.671,146.664,28.591,0.632,71.815,71.017,1.623
420cea90-ea9d-422a-ac2f-5fc3791ca735,2026-04-25T17:21:33.883284-04:00,node-01,payments-api,429,True,normal,market_aware_v1,51.41,53.554,150.356,26.099,0.625,68.481,61.531,1.432
74452a5a-2770-49eb-86ac-ad3f4fb79394,2026-04-25T17:21:33.893821-04:00,node-01,orders-api,200,True,normal,market_aware_v1,59.455,53.239,140.798,32.218,0.559,68.063,95.22,1.359
667ad748-49ce-43c2-a651-06df33f81c9e,2026-04-25T17:21:33.904265-04:00,node-01,checkout-api,200,True,normal,market_aware_v1,56.491,52.599,143.642,31.467,0.537,66.69,80.451,1.41
baec9df0-e08f-45ad-8954-57385e135403,2026-04-25T17:21:33.914781-04:00,node-01,payments-api,200,True,normal,market_aware_v1,56.009,55.173,158.16,25.651,0.627,68.942,62.086,1.514
184e0422-6567-492f-b10e-d6802d0c5f07,2026-04-25T17:21:33.925227-04:00,node-01,orders-api,200,True,normal,market_aware_v1,59.515,52.862,131.395,34.367,0.515,70.568,93.757,1.289
7829737e-fd70-4150-8fc8-c057eb2223fc,2026-04-25T17:21:33.935723-04:00,node-01,checkout-api,429,True,normal,market_aware_v1,58.464,53.453,140.016,34.23,0.723,65.617,77.72,1.545
f4607ad0-160e-4d02-abc4-8bb9c467405c,2026-04-25T17:21:33.946180-04:00,node-01,payments-api,200,True,normal,market_aware_v1,56.422,55.209,151.1,26.994,0.588,68.891,64.56,1.47
9539902e-2831-465e-9ef7-47fca3e62b25,2026-04-25T17:21:33.956760-04:00,node-01,orders-api,200,True,normal,market_aware_v1,60.071,51.794,121.47,33.14,0.542,64.431,95.848,1.23
fe5257cd-a78a-4936-80e4-d43caae0f639,2026-04-25T17:21:33.967208-04:00,node-01,checkout-api,503,True,anomalous,market_aware_v1,62.083,56.4,176.258,32.178,1.106,79.228,64.507,2.12
c65209ff-0e7a-423c-808a-c24311283038,2026-04-25T17:21:33.977648-04:00,node-01,payments-api,429,True,normal,market_aware_v1,57.181,56.413,160.559,28.87,0.639,68.837,66.424,1.514
7d45a1f0-c2ff-40f4-9d52-c4b02ab5d110,2026-04-25T17:21:33.988098-04:00,node-01,orders-api,429,True,normal,market_aware_v1,57.545,51.182,138.262,31.809,0.635,75.764,90.717,1.494
96edaa6e-ca75-4b08-8595-777902441adf,2026-04-25T17:21:33.998521-04:00,node-01,checkout-api,429,True,anomalous,market_aware_v1,60.115,58.299,185.772,31.708,1.227,82.464,66.186,2.734
c299dffd-41a5-4a64-936e-721a8142ac59,2026-04-25T17:21:34.008980-04:00,node-01,payments-api,200,True,normal,market_aware_v1,52.844,51.963,154.206,27.348,0.659,68.978,58.578,1.412
bf150370-f1fb-4760-a690-ca69545007ed,2026-04-25T17:21:34.019400-04:00,node-01,orders-api,200,True,normal,market_aware_v1,55.721,48.94,127.618,29.343,0.447,63.026,96.446,1.175
50179afd-dbf9-490f-abbf-95695119bbff,2026-04-25T17:21:34.029848-04:00,node-01,checkout-api,200,True,anomalous,market_aware_v1,57.558,48.777,149.934,31.784,0.982,69.176,63.583,1.983
c6b6695d-7878-440a-bcae-ebc1ec7cb1e2,2026-04-25T17:21:34.040320-04:00,node-01,payments-api,200,True,normal,market_aware_v1,50.349,53.339,162.945,23.972,0.62,77.157,54.962,1.724
7a5b951f-af64-483d-a6f3-48a03c3c331d,2026-04-25T17:21:34.050830-04:00,node-01,orders-api,429,True,normal,market_aware_v1,56.194,47.744,147.048,29.855,0.535,77.135,89.831,1.508
fc60c778-78aa-4bcf-88fc-324b63ae1c26,2026-04-25T17:21:34.061270-04:00,node-01,checkout-api,200,True,normal,market_aware_v1,53.917,48.271,145.381,29.583,0.716,69.394,69.252,1.519
3378fe78-ad96-47d7-872f-d6d78be2786d,2026-04-25T17:21:34.071814-04:00,node-01,payments-api,200,True,normal,market_aware_v1,49.473,49.03,172.509,25.398,0.773,78.236,48.725,1.946
304e7a63-ca5b-4e74-b670-3a6a8e1759da,2026-04-25T17:21:34.082725-04:00,node-01,orders-api,200,True,normal,market_aware_v1,55.578,43.99,139.507,29.567,0.485,71.533,85.985,1.278
de947664-5f80-457f-802b-ce18fa844837,2026-04-25T17:21:34.093205-04:00,node-01,checkout-api,200,True,normal,market_aware_v1,43.985,49.45,137.802,25.605,0.655,64.897,61.758,1.467
9e612c34-71d8-4921-9e39-7017eb9beebe,2026-04-25T17:21:34.103616-04:00,node-01,payments-api,200,True,normal,market_aware_v1,43.851,47.483,151.179,26.528,0.681,73.891,45.818,1.749
1a989f89-a211-4ab9-807b-a2f515d51fe7,2026-04-25T17:21:34.114087-04:00,node-01,orders-api,429,True,normal,market_aware_v1,51.252,48.335,131.617,32.585,0.467,69.255,82.588,1.231
49bc82ba-ca1b-4730-b68e-c59705ad463a,2026-04-25T17:21:34.124508-04:00,node-01,checkout-api,200,True,normal,market_aware_v1,46.356,47.073,149.93,26.881,0.697,62.784,60.839,1.386
29102be3-c9f1-459f-97a4-a2fb47f80e3b,2026-04-25T17:21:34.134977-04:00,node-01,payments-api,200,True,normal,market_aware_v1,42.358,48.724,139.408,24.543,0.491,62.995,57.442,1.294
0bfd15cd-55ea-4266-a410-6f5af9bc70ad,2026-04-25T17:21:34.145519-04:00,node-01,orders-api,200,True,normal,market_aware_v1,50.844,47.013,123.239,28.034,0.562,65.872,81.91,1.251
5b9e70af-97bd-4b4d-b569-f189a1841d64,2026-04-25T17:21:34.155972-04:00,node-01,checkout-api,200,True,normal,market_aware_v1,43.94,45.744,138.406,28.498,0.591,60.177,63.008,1.307
c012789c-8ec8-496e-8a90-09a04ddaf1e3,2026-04-25T17:21:34.166411-04:00,node-01,payments-api,200,True,normal,market_aware_v1,38.329,44.943,144.442,24.333,0.516,60.863,51.383,1.33
5ca96a02-0eb1-4837-bb6b-201de58b66be,2026-04-25T17:21:34.176874-04:00,node-01,orders-api,200,True,normal,market_aware_v1,48.422,42.782,127.832,28.336,0.486,63.848,79.211,1.18
cdee151b-7db1-477b-b497-b3a441011d19,2026-04-25T17:21:34.187311-04:00,node-01,checkout-api,200,True,normal,market_aware_v1,47.39,47.018,138.403,26.047,0.685,68.678,61.448,1.606
b07e0eb4-a584-4d5f-a816-e7980f232e83,2026-04-25T17:21:34.197749-04:00,node-01,payments-api,200,True,normal,market_aware_v1,43.95,50.6,131.552,24.14,0.521,63.574,47.876,1.287
e722fef5-d011-4fe6-a601-886719f6c1e2,2026-04-25T17:21:34.208157-04:00,node-01,orders-api,200,True,normal,market_aware_v1,51.207,42.502,136.618,28.789,0.567,72.126,84.709,1.518
18f6f03f-746f-4d12-b976-6b94beda74a0,2026-04-25T17:21:34.218576-04:00,node-01,checkout-api,200,True,normal,market_aware_v1,49.801,47.881,137.903,29.334,0.707,66.027,71.303,1.514
591ba7f1-a3f9-49cb-ba71-03ec3a9f390a,2026-04-25T17:21:34.228983-04:00,node-01,payments-api,200,True,normal,market_aware_v1,48.891,52.048,151.411,25.645,0.565,66.107,53.377,1.34
7cd97bdf-90f7-4cd7-85f0-00e0bb6abcaa,2026-04-25T17:21:34.239403-04:00,node-01,orders-api,200,True,normal,market_aware_v1,51.472,47.885,126.76,31.111,0.434,64.63,88.016,1.153
8840258a-a8db-4371-90d7-3128d621aae3,2026-04-25T17:21:34.249832-04:00,node-01,checkout-api,429,True,normal,market_aware_v1,49.28,49.663,147.39,28.179,0.599,65.241,66.351,1.58
749bd9db-3a75-4a70-a4c1-e1288b3ee9fd,2026-04-25T17:21:34.260254-04:00,node-01,payments-api,429,True,anomalous,market_aware_v1,48.997,52.056,169.078,29.372,0.988,78.081,43.694,2.29
a188aedb-908c-4284-aedc-a749494da4ad,2026-04-25T17:21:34.270740-04:00,node-01,orders-api,429,True,normal,market_aware_v1,55.01,47.887,117.236,32.719,0.47,63.351,92.208,0.971
73934de3-2939-4fc2-bdd5-f9e4cfb8c0b1,2026-04-25T17:21:34.281173-04:00,node-01,checkout-api,200,True,normal,market_aware_v1,55.087,52.901,153.295,28.935,0.621,69.263,71.23,1.548
63b9f1e5-aafe-4d72-9b07-dd74794aada8,2026-04-25T17:21:34.291599-04:00,node-01,payments-api,200,True,normal,market_aware_v1,51.455,55.16,151.59,25.973,0.65,71.484,53.455,1.558
617d6d9a-ac87-4dc2-843a-b40bccbd27c0,2026-04-25T17:21:34.302075-04:00,node-01,orders-api,429,True,normal,market_aware_v1,58.214,47.554,121.476,30.242,0.428,62.796,92.542,1.211
b363747e-144f-4968-8691-9daaa7b2151e,2026-04-25T17:21:34.312497-04:00,node-01,checkout-api,200,True,normal,market_aware_v1,56.589,49.61,150.627,29.491,0.674,67.421,69.089,1.53
9e83d65e-a3d2-4ec3-88a7-b28229fef1aa,2026-04-25T17:21:34.322986-04:00,node-01,payments-api,200,True,normal,market_aware_v1,50.833,53.424,161.126,28.92,0.614,74.004,54.904,1.621
5d1cb01c-3f82-44af-b45a-95ca588ef1bc,2026-04-25T17:21:34.333616-04:00,node-01,orders-api,200,True,normal,market_aware_v1,55.325,49.286,129.781,33.215,0.467,63.002,96.86,1.104
abf6da50-b674-4029-a05e-7b3dfbf85d42,2026-04-25T17:21:34.344212-04:00,node-01,checkout-api,200,True,normal,market_aware_v1,55.795,48.853,150.221,29.43,0.67,66.725,74.335,1.519
24d739e4-b7da-4aea-996a-3c51946607c2,2026-04-25T17:21:34.354781-04:00,node-01,payments-api,200,True,normal,market_aware_v1,52.356,52.807,157.887,27.58,0.649,72.625,58.072,1.576
68742e0f-29cc-4ef1-8cc7-249d2c9aa7db,2026-04-25T17:21:34.365491-04:00,node-01,orders-api,200,True,normal,market_aware_v1,58.645,51.572,130.847,30.89,0.618,71.166,94.576,1.432
561a9f94-4cd1-4c74-8f99-ba57a28ce438,2026-04-25T17:21:34.376026-04:00,node-01,checkout-api,429,True,normal,market_aware_v1,51.886,53.907,144.917,28.934,0.675,64.726,74.632,1.499
b507af17-712f-4581-8351-be098be3a586,2026-04-25T17:21:34.386492-04:00,node-01,payments-api,200,True,normal,market_aware_v1,49.635,52.087,163.224,26.861,0.775,77.517,54.652,1.681
34bd506b-061e-45e9-ac9f-e17c61efac63,2026-04-25T17:21:34.396946-04:00,node-01,orders-api,200,True,normal,market_aware_v1,57.751,49.235,144.026,29.327,0.574,67.16,90.447,1.415
1b29c590-f945-4d5d-9da1-7a146454d02f,2026-04-25T17:21:34.407427-04:00,node-01,checkout-api,200,True,normal,market_aware_v1,51.894,52.7,149.643,31.188,0.641,73.799,69.899,1.557
48f8a0cc-169f-4501-96e7-df2db79d3150,2026-04-25T17:21:34.417871-04:00,node-01,payments-api,200,True,normal,market_aware_v1,49.587,52.849,158.324,26.734,0.707,75.917,50.74,1.653
493431f1-842d-4b92-8768-7b12cfd3c67d,2026-04-25T17:21:34.428301-04:00,node-01,orders-api,200,True,normal,market_aware_v1,56.997,47.407,151.802,31.483,0.652,78.231,83.033,1.611
8937bf7a-7c1d-4b54-83a6-73968811972f,2026-04-25T17:21:34.438735-04:00,node-01,checkout-api,429,True,normal,market_aware_v1,57.286,50.236,145.129,29.675,0.602,64.304,71.148,1.451
f84239f8-9280-4c73-9efd-a6e759264dc6,2026-04-25T17:21:34.449172-04:00,node-01,payments-api,200,True,normal,market_aware_v1,53.251,51.577,151.428,27.503,0.554,69.813,54.845,1.45
0f59243e-be72-4993-9978-b8fd3b7e80d3,2026-04-25T17:21:34.459666-04:00,node-01,orders-api,200,True,normal,market_aware_v1,50.101,45.006,117.343,31.439,0.438,64.708,88.929,1.119
d0c7349c-6cff-4c4b-863b-4395a867df80,2026-04-25T17:21:34.470128-04:00,node-01,checkout-api,429,True,normal,market_aware_v1,52.032,52.436,149.616,28.134,0.639,70.785,61.42,1.514
c9cd9fee-a7e1-406e-9095-0739a1fec251,2026-04-25T17:21:34.480692-04:00,node-01,payments-api,503,True,anomalous,market_aware_v1,51.9,55.026,161.867,25.685,0.911,75.426,45.149,2.007
e7cb33a6-d78c-4a5f-8738-25600d8a6bcb,2026-04-25T17:21:34.491349-04:00,node-01,orders-api,200,True,anomalous,market_aware_v1,56.253,50.455,137.125,30.434,0.843,79.152,77.107,1.918
a7f8600c-08ea-4108-b0f3-d962cfce876d,2026-04-25T17:21:34.502017-04:00,node-01,checkout-api,200,True,normal,market_aware_v1,52.553,46.531,151.128,29.189,0.694,71.065,60.948,1.566
462d0b33-a696-424e-a055-eeff223e3bf2,2026-04-25T17:21:34.512695-04:00,node-01,payments-api,429,True,normal,market_aware_v1,47.755,48.07,167.279,26.178,0.673,79.682,48.635,1.814
91de3f7a-32cf-4a4f-a105-526c37752619,2026-04-25T17:21:34.523256-04:00,node-01,orders-api,429,True,normal,market_aware_v1,57.029,46.221,132.958,30.461,0.422,60.459,87.822,1.041
9c380078-1246-4c99-853b-b2564578c274,2026-04-25T17:21:34.533820-04:00,node-01,checkout-api,200,True,normal,market_aware_v1,46.71,48.975,143.844,28.93,0.57,66.649,65.034,1.411
b7b18f66-6b23-4fa4-8fca-ee51565208d9,2026-04-25T17:21:34.544242-04:00,node-01,payments-api,200,True,normal,market_aware_v1,45.756,46.559,154.414,24.496,0.589,70.328,52.899,1.425
a7fa878c-0487-4d3c-91d0-64642507522b,2026-04-25T17:21:34.554699-04:00,node-01,orders-api,200,True,normal,market_aware_v1,52.822,45.501,125.924,32.703,0.437,67.74,89.282,1.142
7f778a90-aa66-4601-9ced-d49e4ad1bb05,2026-04-25T17:21:34.565096-04:00,node-01,checkout-api,429,True,normal,market_aware_v1,47.556,47.433,154.209,28.961,0.628,69.741,61.849,1.457
da8c7dcf-c337-4294-a4a1-45a53510d589,2026-04-25T17:21:34.575517-04:00,node-01,payments-api,200,True,normal,market_aware_v1,45.562,50.706,154.728,25.254,0.606,77.361,49.009,1.707
454c12a1-e818-4fbd-8d88-f40f2c84286a,2026-04-25T17:21:34.585897-04:00,node-01,orders-api,200,True,normal,market_aware_v1,54.108,45.336,127.063,30.232,0.474,64.596,91.147,1.219
624a2632-e1c4-440c-bfe8-321b49e6122b,2026-04-25T17:21:34.596354-04:00,node-01,checkout-api,200,True,normal,market_aware_v1,51.896,51.631,130.794,28.076,0.58,60.926,66.444,1.334
c3d153a7-9f64-49cf-a384-0daa70638a74,2026-04-25T17:21:34.606807-04:00,node-01,payments-api,200,True,normal,market_aware_v1,52.451,50.743,161.658,25.397,0.713,80.36,47.58,1.848
59a143de-84c0-4350-8294-e4f1c2bb960d,2026-04-25T17:21:34.617191-04:00,node-01,orders-api,200,True,normal,market_aware_v1,57.048,45.292,130.692,31.252,0.481,63.64,92.98,1.194
e0a98f47-4ba4-4772-97ef-8b94313cb8a1,2026-04-25T17:21:34.627579-04:00,node-01,checkout-api,200,True,normal,market_aware_v1,55.289,49.259,150.494,30.923,0.774,72.49,66.189,1.633
3088c17f-c1b9-4796-b353-4087361fd2a3,2026-04-25T17:21:34.637972-04:00,node-01,payments-api,200,True,normal,market_aware_v1,50.536,54.915,154.676,25.224,0.535,71.599,57.279,1.585
6e02fe76-9d57-4bd4-975c-9bac4bc64437,2026-04-25T17:21:34.648384-04:00,node-01,orders-api,200,True,normal,market_aware_v1,52.882,47.067,131.301,31.565,0.548,69.078,97.747,1.327
d5c491ac-4052-4c5b-9918-ad1bd3f60de6,2026-04-25T17:21:34.658793-04:00,node-01,checkout-api,200,True,normal,market_aware_v1,56.643,56.404,160.804,30.308,0.733,75.059,69.718,1.644
b76e996d-c0a2-4c45-bdfc-1034518e4b90,2026-04-25T17:21:34.669230-04:00,node-01,payments-api,429,True,anomalous,market_aware_v1,55.752,58.385,174.715,28.012,1.038,79.613,54.889,2.179
8a3decac-ca0c-4c5f-b657-a9eba7c83aa6,2026-04-25T17:21:34.679686-04:00,node-01,orders-api,200,True,normal,market_aware_v1,59.702,52.355,130.024,33.804,0.606,74.275,92.745,1.441
0e617e7b-7c40-483c-b915-c21133a5c923,2026-04-25T17:21:34.690119-04:00,node-01,checkout-api,200,True,normal,market_aware_v1,58.648,52.438,156.005,28.163,0.641,69.406,69.902,1.546
74dd16ac-e3cd-47d2-b1ca-02e1d3dc693c,2026-04-25T17:21:34.700577-04:00,node-01,payments-api,200,True,normal,market_aware_v1,56.742,58.051,158.787,30.079,0.57,71.762,59.861,1.464
721d3f3a-8153-46ff-82a8-bbf14f6ed26d,2026-04-25T17:21:34.710990-04:00,node-01,orders-api,200,True,normal,market_aware_v1,62.274,48.17,141.061,33.735,0.59,74.218,91.947,1.373
53e7d6cf-2da9-4abe-9fd7-4ddb2217904a,2026-04-25T17:21:34.721405-04:00,node-01,checkout-api,429,True,anomalous,market_aware_v1,56.721,54.013,168.188,30.232,1.096,77.785,63.648,2.253
0e5d8a00-2d73-4bef-b68d-ea620ea0d7f5,2026-04-25T17:21:34.732011-04:00,node-01,payments-api,200,True,normal,market_aware_v1,58.861,54.342,176.447,28.398,0.74,77.083,59.958,1.806
213132b6-0bf1-4690-85e7-5c748c343b0a,2026-04-25T17:21:34.742421-04:00,node-01,orders-api,200,True,normal,market_aware_v1,56.507,51.327,128.13,33.678,0.55,65.259,95.777,1.328
d8339d2d-5c1b-4829-8943-0e2f2513517d,2026-04-25T17:21:34.752805-04:00,node-01,checkout-api,200,True,normal,market_aware_v1,58.554,53.708,154.109,32.27,0.837,79.72,62.421,1.894
035da7e3-2646-4158-ac5a-235a077d96c3,2026-04-25T17:21:34.763184-04:00,node-01,payments-api,429,True,normal,market_aware_v1,52.165,55.86,159.206,26.011,0.675,71.806,60.038,1.641
52080234-fc67-4b94-b432-cb1a3d32e884,2026-04-25T17:21:34.773603-04:00,node-01,orders-api,200,True,normal,market_aware_v1,63.519,48.08,156.992,31.288,0.585,77.62,93.48,1.644
23b7326a-4825-448f-8275-95f740df9e27,2026-04-25T17:21:34.784101-04:00,node-01,checkout-api,200,True,normal,market_aware_v1,58.897,54.779,151.779,30.882,0.631,66.793,73.098,1.513
85639c42-353c-4d44-9fca-74e570379853,2026-04-25T17:21:34.794539-04:00,node-01,payments-api,200,True,normal,market_aware_v1,53.173,54.001,152.234,27.296,0.623,68.917,63.105,1.469
720fb179-ccc3-462e-a4a5-f3077d774b0e,2026-04-25T17:21:34.805036-04:00,node-01,orders-api,429,True,normal,market_aware_v1,53.68,49.025,132.637,31.693,0.493,63.276,92.46,1.098
f6d1c519-409e-495a-a257-2842bc997622,2026-04-25T17:21:34.815529-04:00,node-01,checkout-api,200,True,normal,market_aware_v1,59.566,51.196,152.809,29.577,0.689,70.399,72.164,1.587
12c55ce2-0750-4014-8cce-05933583452d,2026-04-25T17:21:34.826012-04:00,node-01,payments-api,200,True,normal,market_aware_v1,48.573,53.598,144.463,26.752,0.587,67.665,60.866,1.386
5e7e0b86-82f9-4073-b8a0-71bf46ce97fd,2026-04-25T17:21:34.836524-04:00,node-01,orders-api,200,True,normal,market_aware_v1,54.363,46.824,119.507,29.969,0.485,64.882,95.606,1.192
e0bf255f-0790-4f9d-a19b-aeff08b9b779,2026-04-25T17:21:34.847018-04:00,node-01,checkout-api,200,True,normal,market_aware_v1,48.583,48.944,144.368,29.449,0.784,71.147,65.559,1.677
576d3a8d-6998-4cad-bd8a-f1d49e2a9518,2026-04-25T17:21:34.857512-04:00,node-01,payments-api,200,True,normal,market_aware_v1,46.83,53.634,153.065,25.267,0.59,70.974,48.556,1.454
89fdebaa-345e-41af-a9bc-fea5c278589d,2026-04-25T17:21:34.868002-04:00,node-01,orders-api,502,True,anomalous,market_aware_v1,53.003,46.673,159.127,32.422,0.91,83.091,70.41,2.08
be3c2f95-20dd-4ad6-bf15-c946927bba01,2026-04-25T17:21:34.878535-04:00,node-01,checkout-api,429,True,normal,market_aware_v1,51.401,46.562,124.221,28.786,0.539,61.729,67.38,1.27
14fffeec-90a1-41de-8c5e-a8cb17d2b26a,2026-04-25T17:21:34.889026-04:00,node-01,payments-api,200,True,normal,market_aware_v1,44.533,48.213,154.828,24.063,0.599,71.164,51.149,1.616
6068ccee-0c44-4dc5-8d81-8ba719b540b4,2026-04-25T17:21:34.899556-04:00,node-01,orders-api,200,True,normal,market_aware_v1,47.718,45.174,128.192,26.97,0.568,69.014,84.773,1.483
1510874f-6a6a-46be-892c-8cc4ce0c6a8f,2026-04-25T17:21:34.910023-04:00,node-01,checkout-api,200,True,normal,market_aware_v1,46.812,50.695,134.349,27.597,0.646,66.6,61.682,1.355
9e0995d3-8e82-42e7-831a-e53fbdc8c925,2026-04-25T17:21:34.920533-04:00,node-01,payments-api,429,True,normal,market_aware_v1,43.931,50.424,146.773,23.706,0.516,63.251,51.266,1.326
21cf950e-5b2f-4be8-be7f-75df1284e168,2026-04-25T17:21:34.931021-04:00,node-01,orders-api,200,True,normal,market_aware_v1,50.486,42.631,134.437,28.467,0.555,69.539,78.762,1.196
d0ba380e-43a5-48e9-af91-e5bf28b4fd01,2026-04-25T17:21:34.941530-04:00,node-01,checkout-api,502,True,anomalous,market_aware_v1,54.673,47.313,143.069,27.805,0.983,71.398,52.865,2.026
8f6c6d4f-c6ae-4d2d-9ac7-e6c00821a423,2026-04-25T17:21:34.952081-04:00,node-01,payments-api,200,True,normal,market_aware_v1,45.727,47.618,150.815,24.504,0.619,68.513,45.477,1.446
af96cedb-744f-4cdf-b743-a2232d0507cd,2026-04-25T17:21:34.962601-04:00,node-01,orders-api,200,True,normal,market_aware_v1,52.736,44.284,132.53,28.557,0.448,66.097,80.958,1.159
ab46a3d8-6ffa-4e06-b911-f04366ddfaed,2026-04-25T17:21:34.973057-04:00,node-01,checkout-api,200,True,normal,market_aware_v1,48.211,49.215,154.418,26.588,0.736,66.609,63.587,1.736
bf7b8d21-e3cf-403a-86b5-33231f277183,2026-04-25T17:21:34.983607-04:00,node-01,payments-api,200,True,normal,market_aware_v1,43.924,49.124,141.302,27.047,0.557,66.902,50.246,1.323
0f1c04bd-605b-4c23-bda6-4058af0b25dc,2026-04-25T17:21:34.994076-04:00,node-01,orders-api,200,True,normal,market_aware_v1,50.644,44.145,117.064,31.995,0.416,64.679,82.531,1.114
5d084d37-2fa6-4383-ae6b-675929375346,2026-04-25T17:21:35.004609-04:00,node-01,checkout-api,200,True,anomalous,market_aware_v1,50.274,52.446,146.425,27.288,0.888,70.859,52.926,1.831
305694d4-73e7-4183-bf7a-b751e2d2f5bb,2026-04-25T17:21:35.015109-04:00,node-01,payments-api,200,True,normal,market_aware_v1,45.263,53.531,163.489,24.467,0.669,75.084,43.889,1.603
7e67bdd6-255d-4834-a38b-18dbb20a2f06,2026-04-25T17:21:35.025563-04:00,node-01,orders-api,429,True,normal,market_aware_v1,59.128,44.406,144.334,30.483,0.555,74.884,79.733,1.516
b26d1080-3bc3-4771-8cd0-b021fb64381c,2026-04-25T17:21:35.036059-04:00,node-01,checkout-api,502,True,normal,market_aware_v1,54.114,49.467,159.975,32.803,0.805,74.816,64.656,2.05
80d8d9cd-efa1-43bd-8a3b-2ac77d359044,2026-04-25T17:21:35.046564-04:00,node-01,payments-api,200,True,normal,market_aware_v1,49.389,51.459,157.674,25.456,0.645,73.491,45.851,1.668
554c11bf-8060-42ce-823d-b042a39f9f73,2026-04-25T17:21:35.057045-04:00,node-01,orders-api,200,True,normal,market_aware_v1,55.45,49.997,122.924,31.555,0.423,66.249,93.114,1.249
c53a02f7-8518-44bd-8625-89e8efcfa122,2026-04-25T17:21:35.067557-04:00,node-01,checkout-api,200,True,normal,market_aware_v1,55.915,53.42,161.64,30.518,0.631,73.153,63.238,1.452
108a915a-72e2-4ddd-bfb0-cfb4f5bf654f,2026-04-25T17:21:35.078007-04:00,node-01,payments-api,200,True,normal,market_aware_v1,51.806,52.628,155.071,26.734,0.726,76.636,53.244,1.706
687d9274-e6b7-4501-a599-6fe813974844,2026-04-25T17:21:35.088468-04:00,node-01,orders-api,200,True,normal,market_aware_v1,56.079,47.633,126.725,28.813,0.495,67.857,90.486,1.301
f2156506-7202-4659-877d-54b9483303ec,2026-04-25T17:21:35.098976-04:00,node-01,checkout-api,200,True,normal,market_aware_v1,54.863,51.873,150.097,30.706,0.723,70.975,71.671,1.593
bb7afecd-0158-4b00-8f34-1a63228cd267,2026-04-25T17:21:35.109486-04:00,node-01,payments-api,200,True,normal,market_aware_v1,51.688,54.72,149.409,26.669,0.643,71.467,54.565,1.596
2ae8546a-ade9-4c01-bc7f-3425326efa43,2026-04-25T17:21:35.119962-04:00,node-01,orders-api,200,True,normal,market_aware_v1,57.475,48.602,135.524,32.789,0.488,70.763,90.376,1.259
c7f93a2f-7f7d-49cf-b227-a787f89b4309,2026-04-25T17:21:35.130487-04:00,node-01,checkout-api,200,True,normal,market_aware_v1,53.681,51.789,149.621,29.223,0.777,70.02,66.931,1.643
ba3567b3-a46a-47ce-8c25-fbe5cedcef92,2026-04-25T17:21:35.140948-04:00,node-01,payments-api,200,True,normal,market_aware_v1,54.413,55.167,153.842,26.826,0.624,70.886,60.042,1.535
6c5c449f-b677-4b74-80bf-40daa7e7f262,2026-04-25T17:21:35.151398-04:00,node-01,orders-api,200,True,normal,market_aware_v1,58.894,47.306,134.117,34.307,0.536,68.739,95.511,1.392
129f8d4b-7934-4714-94c6-f7a0c56a8c2b,2026-04-25T17:21:35.161857-04:00,node-01,checkout-api,429,True,normal,market_aware_v1,54.093,51.653,149.018,27.68,0.636,68.905,70.573,1.456
5345929e-d7f4-46ce-9366-d90ea3e8dd50,2026-04-25T17:21:35.172368-04:00,node-01,payments-api,429,True,normal,market_aware_v1,48.956,55.446,155.907,28.471,0.612,74.589,59.314,1.46
77c364c4-7354-441b-b9c9-ee267f318ae2,2026-04-25T17:21:35.182803-04:00,node-01,orders-api,429,True,normal,market_aware_v1,59.698,49.178,148.201,34.24,0.613,74.825,94.536,1.628
7a12dc39-7c25-4827-bd85-1fcf562469bf,2026-04-25T17:21:35.193274-04:00,node-01,checkout-api,200,True,normal,market_aware_v1,52.324,53.346,152.505,30.068,0.676,70.362,65.474,1.63
a4c6aa2a-1e54-4c61-9155-16b3cc164020,2026-04-25T17:21:35.203718-04:00,node-01,payments-api,200,True,normal,market_aware_v1,50.38,54.505,131.962,26.257,0.582,62.768,63.344,1.277
26c93e25-e8f3-4741-887c-f7de1c1c62d2,2026-04-25T17:21:35.214181-04:00,node-01,orders-api,200,True,normal,market_aware_v1,53.626,45.38,120.35,29.093,0.47,62.601,94.28,1.098
ba230f7e-777e-4e95-9486-472d8eef2d0c,2026-04-25T17:21:35.224634-04:00,node-01,checkout-api,200,True,normal,market_aware_v1,52.875,49.182,147.454,29.562,0.675,69.329,62.671,1.592
5f127b3d-3f21-434c-9fe3-72f846bd4b9d,2026-04-25T17:21:35.235142-04:00,node-01,payments-api,200,True,normal,market_aware_v1,50.939,50.45,161.697,27.041,0.728,76.967,54.544,1.792
fdce6314-1e36-4dc9-9dd3-0c6422f124c3,2026-04-25T17:21:35.245568-04:00,node-01,orders-api,200,True,normal,market_aware_v1,50.67,46.391,133.519,30.862,0.443,69.172,86.547,1.278
fb03d6eb-b1fa-4e4e-9f8f-ce183be20703,2026-04-25T17:21:35.256059-04:00,node-01,checkout-api,429,True,normal,market_aware_v1,53.895,49.345,164.203,27.895,0.656,76.428,65.919,1.704
60b070b9-72cc-4b14-a9a8-45bec9a5e614,2026-04-25T17:21:35.266541-04:00,node-01,payments-api,429,True,normal,market_aware_v1,45.037,50.863,146.027,24.128,0.631,72.457,50.227,1.517
4b5c07e6-bc4c-4397-8fa5-2f0840972348,2026-04-25T17:21:35.277053-04:00,node-01,orders-api,200,True,normal,market_aware_v1,57.794,47.609,145.713,29.479,0.599,72.617,82.921,1.461
f5637727-5128-4ca4-a8df-fc36a2e95271,2026-04-25T17:21:35.287545-04:00,node-01,checkout-api,500,True,normal,market_aware_v1,56.507,51.537,172.92,27.926,0.98,80.46,55.328,2.298
4d0b2d25-ffa9-4107-847c-08d742b33847,2026-04-25T17:21:35.298051-04:00,node-01,payments-api,200,True,normal,market_aware_v1,47.712,52.288,155.589,23.875,0.723,74.764,47.257,1.856
c672b574-5e32-4299-b14d-33e42d24ea30,2026-04-25T17:21:35.308556-04:00,node-01,orders-api,429,True,normal,market_aware_v1,55.817,43.302,144.487,28.249,0.638,71.886,84.932,1.551
1d06b8db-5c3f-44d1-827f-fe061e2e6f20,2026-04-25T17:21:35.319028-04:00,node-01,checkout-api,200,True,normal,market_aware_v1,49.391,49.393,147.149,25.489,0.605,65.691,73.801,1.413
49dfc66e-7760-4aab-9dce-174f27137127,2026-04-25T17:21:35.329551-04:00,node-01,payments-api,200,True,normal,market_aware_v1,45.392,52.344,153.316,24.477,0.644,71.888,49.987,1.377
1d6863c3-31cf-4ee5-92a3-e258f75c04d4,2026-04-25T17:21:35.340021-04:00,node-01,orders-api,200,True,normal,market_aware_v1,46.89,45.081,137.779,30.975,0.54,72.414,81.124,1.443
5f8a8bea-71bd-420e-afcf-4306610b142c,2026-04-25T17:21:35.350516-04:00,node-01,checkout-api,429,True,normal,market_aware_v1,52.098,50.567,159.4,26.649,0.645,69.154,65.824,1.534
cec8d55b-6ba7-4263-97cf-9dd574e6c278,2026-04-25T17:21:35.361042-04:00,node-01,payments-api,200,True,normal,market_aware_v1,48.954,49.195,148.566,25.811,0.597,69.582,54.333,1.503
cc652c9b-e7d4-4e56-9eb7-cd389117a8dc,2026-04-25T17:21:35.371550-04:00,node-01,orders-api,200,True,normal,market_aware_v1,55.403,47.78,146.567,29.549,0.569,72.768,88.279,1.453
1a745d7a-bdc8-41ee-961e-dcfc6852f1fa,2026-04-25T17:21:35.382056-04:00,node-01,checkout-api,429,True,normal,market_aware_v1,51.455,50.553,139.753,30.13,0.619,62.513,70.083,1.361
63dd996d-c768-40e3-bb69-6719fb15204c,2026-04-25T17:21:35.392583-04:00,node-01,payments-api,200,True,normal,market_aware_v1,50.764,55.712,144.131,25.5,0.526,69.382,55.235,1.303
6aee504f-795b-41ba-b81d-4ac1842208db,2026-04-25T17:21:35.403074-04:00,node-01,orders-api,200,True,normal,market_aware_v1,55.24,46.866,133.383,31.05,0.652,75.446,86.43,1.681
5ada288e-ddd8-46df-adf0-7cef7cbbb4aa,2026-04-25T17:21:35.413594-04:00,node-01,checkout-api,200,True,normal,market_aware_v1,54.685,52.551,154.339,27.701,0.709,70.202,69.51,1.586
9c3c36e8-5479-48d3-b10d-28f8f0e74605,2026-04-25T17:21:35.424119-04:00,node-01,payments-api,429,True,normal,market_aware_v1,51.995,55.324,163.886,26.245,0.668,70.564,55.514,1.602
b9be7f82-adbd-4e84-a235-bdae83464f71,2026-04-25T17:21:35.434592-04:00,node-01,orders-api,200,True,normal,market_aware_v1,60.336,46.072,135.046,30.84,0.455,65.972,91.813,1.239
ea2d2f0e-ba49-46c6-bc3b-82746f5c4549,2026-04-25T17:21:35.445089-04:00,node-01,checkout-api,200,True,normal,market_aware_v1,52.858,50.327,138.08,30.312,0.666,65.975,74.917,1.477
b761b633-6853-4465-803b-9372830c1927,2026-04-25T17:21:35.455598-04:00,node-01,payments-api,200,True,normal,market_aware_v1,56.061,57.582,162.29,29.07,0.681,76.492,56.029,1.778
006fc944-e637-4524-825b-473a6cf89477,2026-04-25T17:21:35.466138-04:00,node-01,orders-api,502,True,anomalous,market_aware_v1,65.157,49.36,149.825,35.861,0.911,77.854,88.608,2.04
6bef6cd4-a10b-4b03-aca1-cb48c4b7576a,2026-04-25T17:21:35.476619-04:00,node-01,checkout-api,429,True,normal,market_aware_v1,59.758,57.136,173.526,30.946,0.777,80.634,67.18,1.85
80193df8-c720-47c2-b142-0206f1212098,2026-04-25T17:21:35.487157-04:00,node-01,payments-api,503,True,anomalous,market_aware_v1,61.212,59.466,171.947,29.962,1.117,76.791,57.425,2.315
55104800-3509-450a-961d-764f24e0baca,2026-04-25T17:21:35.497579-04:00,node-01,orders-api,500,True,anomalous,market_aware_v1,65.632,53.921,164.426,35.305,0.949,82.115,84.045,2.061
75d57185-b51c-44d2-aaf0-988de9b59179,2026-04-25T17:21:35.508069-04:00,node-01,checkout-api,200,True,normal,market_aware_v1,61.632,52.954,160.463,30.868,0.725,74.331,76.035,1.743
f541b261-adf0-42b0-945a-17eaaf3dd858,2026-04-25T17:21:35.518528-04:00,node-01,payments-api,429,True,normal,market_aware_v1,51.589,54.811,162.042,28.258,0.63,75.157,60.683,1.523
ec67c5e7-5db2-45f3-a6f9-a8fe4b02ce76,2026-04-25T17:21:35.529023-04:00,node-01,orders-api,200,True,normal,market_aware_v1,65.227,52.456,133.711,30.699,0.602,72.281,93.632,1.528
a9cf264d-ac3a-4ac3-be9b-4a58f8ad228d,2026-04-25T17:21:35.539545-04:00,node-01,checkout-api,200,True,normal,market_aware_v1,56.292,53.277,140.552,28.669,0.675,69.512,70.556,1.54
6f917c6c-b0ff-4afc-abb8-ead60b0a70b4,2026-04-25T17:21:35.550026-04:00,node-01,payments-api,200,True,normal,market_aware_v1,53.139,55.488,155.941,26.739,0.598,72.876,61.295,1.537
63252521-506b-427a-ad3d-3841ac7387cf,2026-04-25T17:21:35.560539-04:00,node-01,orders-api,200,True,normal,market_aware_v1,61.553,50.983,138.661,33.589,0.497,70.175,92.175,1.328
e1aa631e-f480-4b6d-83ec-f4b2101c8da2,2026-04-25T17:21:35.571032-04:00,node-01,checkout-api,200,True,normal,market_aware_v1,59.213,52.853,146.355,29.109,0.723,71.06,78.307,1.689
e77e7fc2-286e-4c98-8996-53d659093a9a,2026-04-25T17:21:35.581525-04:00,node-01,payments-api,200,True,normal,market_aware_v1,50.769,52.593,155.89,28.452,0.56,69.602,59.837,1.55
b519673f-e269-4baa-9a86-88ac8b720e26,2026-04-25T17:21:35.592110-04:00,node-01,orders-api,200,True,normal,market_aware_v1,57.463,49.088,150.322,29.884,0.637,78.768,90.106,1.544
3afe7f0a-4f76-4940-a659-7f852f50d76a,2026-04-25T17:21:35.602709-04:00,node-01,checkout-api,200,True,normal,market_aware_v1,55.867,53.89,161.433,30.583,0.749,75.329,63.521,1.743
1d57e0af-3725-443b-bdb3-500d8dcade03,2026-04-25T17:21:35.613169-04:00,node-01,payments-api,200,True,normal,market_aware_v1,54.553,52.262,160.199,27.035,0.594,70.678,50.055,1.448
5ecbbf78-e852-4866-ae75-58f6c7565933,2026-04-25T17:21:35.623587-04:00,node-01,orders-api,200,True,normal,market_aware_v1,56.209,46.039,143.049,30.578,0.502,67.75,88.849,1.178
3737978d-af12-492f-ae21-3ed0ba44cae8,2026-04-25T17:21:35.634056-04:00,node-01,checkout-api,200,True,normal,market_aware_v1,57.133,53.171,174.172,29.537,0.808,80.518,63.096,1.839
ac374136-deb7-4b26-a1b7-9e99b25de3ff,2026-04-25T17:21:35.644551-04:00,node-01,payments-api,200,True,normal,market_aware_v1,45.987,49.07,157.92,25.462,0.694,71.752,50.515,1.631
4bb1ff55-a4b5-4697-819e-cfe225d30169,2026-04-25T17:21:35.655033-04:00,node-01,orders-api,200,True,normal,market_aware_v1,53.517,46.039,126.177,30.802,0.558,65.874,86.785,1.249
00f9d8af-479c-4d66-8b0b-91b1b741717c,2026-04-25T17:21:35.665515-04:00,node-01,checkout-api,200,True,normal,market_aware_v1,50.886,49.678,152.949,30.62,0.714,70.462,60.352,1.681
d26496b8-6e3c-47d4-979d-6b5e742c6887,2026-04-25T17:21:35.676010-04:00,node-01,payments-api,200,True,normal,market_aware_v1,46.1,52.533,159.149,25.521,0.73,76.544,50.101,1.59
f2e5079d-c3a1-4531-8553-c2a221e997d3,2026-04-25T17:21:35.686417-04:00,node-01,orders-api,200,True,normal,market_aware_v1,48.001,48.904,130.819,28.861,0.557,69.565,84.105,1.352
7d08725e-af25-49e2-80f7-b5f4871d59ed,2026-04-25T17:21:35.696811-04:00,node-01,checkout-api,200,True,normal,market_aware_v1,49.299,49.619,147.302,27.296,0.742,69.721,61.642,1.641
3c13f8f4-55d5-479a-bcd1-a6af3694f66a,2026-04-25T17:21:35.707300-04:00,node-01,payments-api,200,True,normal,market_aware_v1,47.497,48.616,140.033,24.147,0.563,74.771,43.271,1.583
2aa1c636-8110-4eb7-b3ae-1742ee0906d7,2026-04-25T17:21:35.717836-04:00,node-01,orders-api,200,True,normal,market_aware_v1,50.279,44.949,130.451,30.297,0.52,73.14,77.207,1.434
3b3edf69-3b38-4055-ac1e-145d84683abd,2026-04-25T17:21:35.728252-04:00,node-01,checkout-api,200,True,normal,market_aware_v1,51.083,44.815,149.52,28.409,0.679,69.132,61.122,1.508
388415c9-03df-4ea6-8bd8-ffbf88981a28,2026-04-25T17:21:35.738765-04:00,node-01,payments-api,200,True,normal,market_aware_v1,47.184,49.77,172.457,23.155,0.584,76.051,48.947,1.546
cfa4c351-df6f-464e-aff1-58587a3adb7d,2026-04-25T17:21:35.749285-04:00,node-01,orders-api,429,True,normal,market_aware_v1,52.845,43.705,159.301,28.433,0.552,76.775,78.014,1.54
40c1795f-63e0-46bf-b4b5-3e2a4de97f3b,2026-04-25T17:21:35.759782-04:00,node-01,checkout-api,200,True,normal,market_aware_v1,49.565,47.589,153.691,28.829,0.789,77.263,56.573,1.788
c7555cc6-f6a3-425e-9971-0362a6e19810,2026-04-25T17:21:35.770293-04:00,node-01,payments-api,200,True,normal,market_aware_v1,47.763,49.412,156.388,24.841,0.667,74.366,41.785,1.618
f1cd0dbb-1413-4e8c-ba75-be6c128b1005,2026-04-25T17:21:35.780702-04:00,node-01,orders-api,429,True,normal,market_aware_v1,52.963,44.985,143.502,31.044,0.638,76.838,78.052,1.553
95f9077d-5e2a-4b49-9f34-76eed3ad8dbf,2026-04-25T17:21:35.791195-04:00,node-01,checkout-api,200,True,normal,market_aware_v1,53.981,50.28,156.553,28.632,0.745,74.134,63.533,1.751
0f4a84ca-b9c2-4720-b941-63ce5b91c5db,2026-04-25T17:21:35.801675-04:00,node-01,payments-api,200,True,normal,market_aware_v1,45.911,51.774,150.698,22.884,0.647,71.316,44.943,1.623
d32b3537-2c16-423a-84a9-893debb615f5,2026-04-25T17:21:35.812149-04:00,node-01,orders-api,429,True,normal,market_aware_v1,52.274,44.399,147.536,31.744,0.554,72.892,78.898,1.502
5d98aaf5-c8d6-4ba1-9ad3-40ae387b08e2,2026-04-25T17:21:35.822606-04:00,node-01,checkout-api,429,True,normal,market_aware_v1,50.682,51.779,152.753,30.359,0.751,70.599,62.35,1.654
0044f743-9711-45ef-b08d-a606b73c85e0,2026-04-25T17:21:35.833098-04:00,node-01,payments-api,200,True,normal,market_aware_v1,48.346,52.374,162.106,25.619,0.653,74.516,49.649,1.706
3e96be12-0628-4341-af97-3b159caba900,2026-04-25T17:21:35.843488-04:00,node-01,orders-api,200,True,normal,market_aware_v1,49.873,45.836,124.238,30.696,0.427,67.57,84.857,1.151
bd48e75c-2cdb-4d85-a977-5cddb79bff0c,2026-04-25T17:21:35.853984-04:00,node-01,checkout-api,200,True,normal,market_aware_v1,55.087,48.238,164.185,28.851,0.707,76.919,61.76,1.751
f41e190d-752b-4e4e-bb08-6f5406f86982,2026-04-25T17:21:35.864400-04:00,node-01,payments-api,200,True,normal,market_aware_v1,49.113,51.236,152.05,27.452,0.623,68.684,55.314,1.457
fca3e277-f72b-478b-839e-ac1124e413eb,2026-04-25T17:21:35.874851-04:00,node-01,orders-api,200,True,normal,market_aware_v1,56.66,47.865,147.899,31.275,0.487,76.752,93.923,1.496
ca5c9f4d-3fa9-4458-9296-34c224631f46,2026-04-25T17:21:35.885372-04:00,node-01,checkout-api,500,True,anomalous,market_aware_v1,55.965,53.568,174.4,29.763,1.074,77.477,62.406,2.265
6ac75cdf-1c3a-451c-a903-f9163dddd6be,2026-04-25T17:21:35.895848-04:00,node-01,payments-api,429,True,normal,market_aware_v1,53.831,52.699,153.548,27.544,0.614,71.275,53.083,1.553
617c341e-14ce-4978-8b5c-6d638851b875,2026-04-25T17:21:35.906404-04:00,node-01,orders-api,429,True,normal,market_aware_v1,57.961,51.907,134.441,31.829,0.552,68.674,101.272,1.263
d9813c5b-d259-4f9b-92bc-490ace720072,2026-04-25T17:21:35.916876-04:00,node-01,checkout-api,200,True,normal,market_aware_v1,60.459,51.435,159.357,29.984,0.745,71.713,64.7,1.697
88045457-60d8-40f9-9496-c5e6564a7d15,2026-04-25T17:21:35.927382-04:00,node-01,payments-api,200,True,normal,market_aware_v1,50.732,53.769,151.167,28.573,0.569,67.435,61.508,1.379
09721036-a7f2-4904-a8f3-13ccbfe6782f,2026-04-25T17:21:35.937837-04:00,node-01,orders-api,200,True,normal,market_aware_v1,57.16,49.33,142.709,32.125,0.521,72.102,87.882,1.385
4563cc6d-2eef-4f23-8bf2-64c36ad1de73,2026-04-25T17:21:35.948324-04:00,node-01,checkout-api,429,True,normal,market_aware_v1,58.814,52.182,148.003,29.456,0.565,62.421,73.294,1.345
425d21ae-4a83-4c68-8da4-a9f8bcbdcab0,2026-04-25T17:21:35.958761-04:00,node-01,payments-api,200,True,normal,market_aware_v1,52.321,52.123,187.511,26.057,0.677,79.849,54.323,1.85
3e08369f-d36a-4748-bcad-71b9cab5d101,2026-04-25T17:21:35.969310-04:00,node-01,orders-api,200,True,normal,market_aware_v1,58.693,52.316,138.669,31.842,0.527,67.894,89.711,1.169
6825da33-c516-4a1f-a483-4b8e0b9acb82,2026-04-25T17:21:35.979929-04:00,node-01,checkout-api,429,True,normal,market_aware_v1,56.7,50.848,145.26,31.619,0.694,65.394,69.69,1.466
498d20c6-87fa-4a29-9a16-1067374be533,2026-04-25T17:21:35.990421-04:00,node-01,payments-api,200,True,normal,market_aware_v1,50.525,51.828,158.672,28.035,0.642,73.018,57.41,1.518
279815fa-ed6c-4c35-83fb-2ad079aef91c,2026-04-25T17:21:36.000898-04:00,node-01,orders-api,429,True,normal,market_aware_v1,59.511,50.589,142.089,32.233,0.476,68.91,93.411,1.253
3e466ac2-e438-4391-a0ff-550a2f028562,2026-04-25T17:21:36.011403-04:00,node-01,checkout-api,200,True,normal,market_aware_v1,55.228,52.914,155.56,29.677,0.701,80.576,65.697,1.736
59488745-932a-4f52-ab22-5013e5f3df0c,2026-04-25T17:21:36.021850-04:00,node-01,payments-api,429,True,normal,market_aware_v1,49.057,55.915,161.7,25.944,0.673,74.126,46.991,1.613
053b2c14-61e6-4dcd-8fe5-bc20b33123c0,2026-04-25T17:21:36.032332-04:00,node-01,orders-api,200,True,anomalous,market_aware_v1,56.645,50.632,138.908,31.463,0.808,67.852,93.206,1.701
256258eb-9a6c-4561-8016-b3f129fca59c,2026-04-25T17:21:36.042762-04:00,node-01,checkout-api,429,True,normal,market_aware_v1,53.441,48.394,149.202,27.827,0.693,75.34,61.575,1.589
63d7effe-2bd3-4ba3-bfb6-ff4769aae361,2026-04-25T17:21:36.053222-04:00,node-01,payments-api,200,True,normal,market_aware_v1,53.095,50.727,167.441,26.719,0.696,74.446,47.634,1.727
97745c63-c62b-4c12-9be7-8c1aa1f7307b,2026-04-25T17:21:36.063663-04:00,node-01,orders-api,429,True,normal,market_aware_v1,55.238,44.754,142.656,30.343,0.567,71.31,81.7,1.371
75c0ac02-2ed0-4b6f-b611-37645da26419,2026-04-25T17:21:36.074138-04:00,node-01,checkout-api,429,True,normal,market_aware_v1,53.039,49.175,153.089,29.552,0.628,69.36,61.279,1.553
c21b72c2-f10a-474b-bbbd-d380d49c7324,2026-04-25T17:21:36.084582-04:00,node-01,payments-api,200,True,normal,market_aware_v1,48.73,52.728,177.238,26.155,0.673,73.691,52.862,1.933
2ae89748-6b41-45d7-9b5f-585e27d35015,2026-04-25T17:21:36.095061-04:00,node-01,orders-api,429,True,normal,market_aware_v1,53.81,46.744,147.412,30.031,0.499,75.463,82.803,1.377
709e7db9-b6d3-4292-9fb8-7418e6ddc1bb,2026-04-25T17:21:36.105482-04:00,node-01,checkout-api,200,True,normal,market_aware_v1,50.266,50.716,150.384,28.923,0.622,70.8,60.46,1.572
abc6ed98-1445-4c48-b706-ceb9888f7393,2026-04-25T17:21:36.115944-04:00,node-01,payments-api,200,True,normal,market_aware_v1,44.436,52.371,156.803,24.735,0.53,66.746,51.572,1.32
14ef9f6f-3399-4d97-abfe-3ea0e4eacc4d,2026-04-25T17:21:36.126380-04:00,node-01,orders-api,200,True,normal,market_aware_v1,48.57,46.797,138.918,29.819,0.535,70.389,82.35,1.461
f35b23b0-08cc-404d-929f-1e275c6e0176,2026-04-25T17:21:36.136851-04:00,node-01,checkout-api,503,True,normal,market_aware_v1,49.64,51.173,166.986,27.286,0.882,84.811,62.856,2.268
9f0a563c-1af9-407b-8e66-0625b091a6e6,2026-04-25T17:21:36.147339-04:00,node-01,payments-api,429,True,normal,market_aware_v1,50.694,50.05,166.856,27.118,0.807,83.92,47.307,1.933
5e3a5e16-a206-4aef-9177-fe32ea1cde85,2026-04-25T17:21:36.157814-04:00,node-01,orders-api,429,True,normal,market_aware_v1,57.562,48.366,150.506,32.094,0.495,74.456,91.61,1.416
9105cf08-cc08-4992-8f3f-30759fc1dfe1,2026-04-25T17:21:36.168279-04:00,node-01,checkout-api,429,True,normal,market_aware_v1,53.408,49.499,141.248,27.599,0.65,66.009,63.887,1.391
623fbd7f-bb5d-4458-8fcc-dc76f086c069,2026-04-25T17:21:36.178718-04:00,node-01,payments-api,200,True,normal,market_aware_v1,52.112,52.687,159.991,25.217,0.681,71.693,50.52,1.524
7f23ea23-7206-4b72-959d-be3cd63b6bae,2026-04-25T17:21:36.189173-04:00,node-01,orders-api,200,True,normal,market_aware_v1,60.396,48.418,152.155,27.592,0.616,75.395,83.273,1.597
84b922ec-c4f0-435f-910a-74d29b4f4ad2,2026-04-25T17:21:36.199970-04:00,node-01,checkout-api,200,True,normal,market_aware_v1,53.337,49.225,143.147,28.201,0.693,72.859,67.537,1.606
58522ac7-1c93-4028-8758-cef0c501245b,2026-04-25T17:21:36.210391-04:00,node-01,payments-api,200,True,normal,market_aware_v1,49.791,55.325,167.82,26.719,0.729,82.79,55.649,1.76
64217df9-8466-46d2-86fe-b069411e16d0,2026-04-25T17:21:36.220864-04:00,node-01,orders-api,429,True,normal,market_aware_v1,57.378,47.449,148.286,31.246,0.488,74.228,88.002,1.407
f45a8b81-896c-433f-b1bf-beab282a7b4f,2026-04-25T17:21:36.231373-04:00,node-01,checkout-api,200,True,normal,market_aware_v1,56.285,53.365,153.666,30.384,0.704,70.712,69.798,1.641
9ed6795f-5158-40e0-9565-37b3720768e9,2026-04-25T17:21:36.241909-04:00,node-01,payments-api,200,True,normal,market_aware_v1,54.529,56.419,173.926,28.592,0.686,79.318,59.665,1.769
aec56fe5-768f-40d7-8fb7-48556494ec04,2026-04-25T17:21:36.252377-04:00,node-01,orders-api,200,True,normal,market_aware_v1,57.847,46.964,140.04,34.135,0.44,63.516,88.477,1.085
d57adbc5-6f3e-4083-9864-e66c72f3b153,2026-04-25T17:21:36.262878-04:00,node-01,checkout-api,429,True,normal,market_aware_v1,59.19,51.996,155.995,30.567,0.677,73.673,75.26,1.544
c7ea919b-6233-4ab5-a10e-49f598b05d17,2026-04-25T17:21:36.273356-04:00,node-01,payments-api,429,True,normal,market_aware_v1,55.954,52.646,172.417,28.41,0.674,78.936,57.118,1.779
556c5e7c-9a13-4150-9d3d-b52b6a5c9b2c,2026-04-25T17:21:36.283806-04:00,node-01,orders-api,429,True,normal,market_aware_v1,63.29,53.06,140.126,32.266,0.522,72.454,96.824,1.387
7d5e2fbc-022b-494f-84b8-f5f6cf875f2d,2026-04-25T17:21:36.294273-04:00,node-01,checkout-api,429,True,normal,market_aware_v1,61.127,55.87,150.331,29.341,0.713,71.463,73.276,1.775
0e746cd6-dfb3-4175-adc4-5128f6b91ea3,2026-04-25T17:21:36.304760-04:00,node-01,payments-api,200,True,normal,market_aware_v1,52.503,56.285,147.568,28.112,0.524,60.442,66.077,1.239
68e0e573-72fe-4bcd-b7cc-b73bac55bb78,2026-04-25T17:21:36.315246-04:00,node-01,orders-api,200,True,normal,market_aware_v1,64.336,54.473,142.19,31.92,0.608,73.33,98.971,1.516
8ace63f5-f21c-4165-9ef2-dc82ae47de89,2026-04-25T17:21:36.325699-04:00,node-01,checkout-api,200,True,normal,market_aware_v1,56.081,55.238,158.097,29.708,0.712,74.118,67.458,1.708
4b0ebf59-daa8-45e2-9ac3-ab27318c18d2,2026-04-25T17:21:36.336183-04:00,node-01,payments-api,200,True,normal,market_aware_v1,53.668,57.309,173.64,27.197,0.693,78.077,52.872,1.828
9cec1355-63f1-4b89-9efd-d7f215f8278c,2026-04-25T17:21:36.346706-04:00,node-01,orders-api,200,True,normal,market_aware_v1,60.296,51.063,146.39,31.848,0.575,78.577,89.867,1.585
dd86ae86-2f4e-4cfb-81b9-58a65ed21a8c,2026-04-25T17:21:36.357248-04:00,node-01,checkout-api,503,True,normal,market_aware_v1,58.382,60.717,174.489,30.978,0.942,82.978,69.826,2.429
14024a90-08cb-49f8-967e-505fb0ebf945,2026-04-25T17:21:36.367783-04:00,node-01,payments-api,429,True,normal,market_aware_v1,59.959,53.644,175.825,26.902,0.601,76.341,57.288,1.59
2104c3cc-90d0-4af4-a600-2a2a3e0c9299,2026-04-25T17:21:36.378326-04:00,node-01,orders-api,200,True,normal,market_aware_v1,60.16,50.443,142.644,33.494,0.529,71.961,92.168,1.469
8a7e03ac-5592-4d86-af6f-55f65807e238,2026-04-25T17:21:36.388857-04:00,node-01,checkout-api,200,True,normal,market_aware_v1,59.258,50.941,152.595,33.088,0.561,66.386,68.124,1.418
e3bf45fb-a567-4f2d-abce-a22fa10453a2,2026-04-25T17:21:36.399400-04:00,node-01,payments-api,200,True,normal,market_aware_v1,52.517,56.914,160.232,25.705,0.582,71.583,58.35,1.454
763a726f-eabd-4f99-8c8d-3f9dc4903faa,2026-04-25T17:21:36.409952-04:00,node-01,orders-api,429,True,normal,market_aware_v1,54.457,49.76,136.554,30.439,0.458,67.027,91.201,1.253
c9482dc6-387b-4b5e-b97a-c0d896085ba6,2026-04-25T17:21:36.420495-04:00,node-01,checkout-api,200,True,normal,market_aware_v1,54.127,51.021,157.597,28.433,0.667,72.913,58.463,1.687
d5e51355-27f9-488b-8f84-b415ae517187,2026-04-25T17:21:36.431021-04:00,node-01,payments-api,200,True,normal,market_aware_v1,47.753,52.419,166.938,24.447,0.574,74.509,50.476,1.484
a4193255-6945-4e70-9df8-fbed9f907b6e,2026-04-25T17:21:36.441571-04:00,node-01,orders-api,200,True,normal,market_aware_v1,52.356,48.815,145.782,28.642,0.675,75.169,80.983,1.619
17a051f4-a0fb-4cea-8434-0968480bb6e9,2026-04-25T17:21:36.452047-04:00,node-01,checkout-api,429,True,anomalous,market_aware_v1,56.511,54.88,160.208,30.816,1.006,73.397,56.717,2.027
3ee2bda9-2f09-4df7-9efb-962e73aa42f9,2026-04-25T17:21:36.462592-04:00,node-01,payments-api,429,True,normal,market_aware_v1,48.109,53.514,153.142,24.651,0.691,76.951,43.452,1.701
91bc8dc7-203b-48ab-9e37-b752b2a42619,2026-04-25T17:21:36.473191-04:00,node-01,orders-api,200,True,normal,market_aware_v1,55.142,50.598,154.788,30.282,0.763,72.267,85.236,1.929
7cdbb7c9-a571-4033-b06d-908ae57f12fa,2026-04-25T17:21:36.483607-04:00,node-01,checkout-api,200,True,normal,market_aware_v1,52.059,45.146,148.405,27.778,0.645,67.657,53.923,1.439
84cdab79-f94b-43b9-a907-34444819e6c8,2026-04-25T17:21:36.494159-04:00,node-01,payments-api,429,True,normal,market_aware_v1,46.328,47.874,144.236,23.244,0.552,67.498,51.291,1.364
3dc3b665-9403-4b75-91a6-b2f0a755fe98,2026-04-25T17:21:36.504570-04:00,node-01,orders-api,200,True,normal,market_aware_v1,54.176,42.499,132.825,29.23,0.515,71.582,80.453,1.378
e8c0ec4c-7a25-4bd1-8322-fb5172b89b06,2026-04-25T17:21:36.515153-04:00,node-01,checkout-api,200,True,normal,market_aware_v1,51.72,43.61,149.701,27.645,0.722,73.513,59.403,1.657
25b0ee05-18cf-47d2-9cfb-1b10b2ed2fff,2026-04-25T17:21:36.525715-04:00,node-01,payments-api,429,True,normal,market_aware_v1,44.676,50.761,170.536,22.508,0.716,76.343,44.434,1.595
7473a138-5127-401c-9a2e-5b0a014f5664,2026-04-25T17:21:36.536413-04:00,node-01,orders-api,200,True,normal,market_aware_v1,50.594,46.902,134.102,27.058,0.516,71.416,85.523,1.5
06ba7ce8-bb9b-4acf-ad91-88e1d6539fd5,2026-04-25T17:21:36.547049-04:00,node-01,checkout-api,200,True,normal,market_aware_v1,48.385,45.907,144.248,29.264,0.699,70.279,57.143,1.557
60592cee-6a54-4778-a4b0-1b128c734dd3,2026-04-25T17:21:36.557638-04:00,node-01,payments-api,429,True,anomalous,market_aware_v1,50.333,52.527,165.363,26.569,0.948,76.197,41.681,2.112
8345413a-19f7-4baa-9f80-d4f6ed26a675,2026-04-25T17:21:36.568140-04:00,node-01,orders-api,429,True,normal,market_aware_v1,54.941,44.805,149.306,30.723,0.542,71.61,75.511,1.405
89fa41f4-65ee-4dee-bc08-29e48c655b32,2026-04-25T17:21:36.578564-04:00,node-01,checkout-api,200,True,normal,market_aware_v1,50.199,44.987,160.113,28.803,0.729,73.281,57.113,1.675
c9d24fca-6f7e-43a7-9612-e8a3f6920ff4,2026-04-25T17:21:36.589056-04:00,node-01,payments-api,200,True,normal,market_aware_v1,46.655,52.449,157.347,25.006,0.569,75.944,47.94,1.587
9e0d7af9-2db5-4bc2-b15a-3815b3d62d75,2026-04-25T17:21:36.599568-04:00,node-01,orders-api,200,True,normal,market_aware_v1,54.444,46.709,135.306,29.304,0.448,69.638,82.708,1.221
11a2dd6b-4567-4532-b7b9-1438e9594fcc,2026-04-25T17:21:36.610071-04:00,node-01,checkout-api,200,True,normal,market_aware_v1,52.083,51.057,157.171,29.709,0.703,75.901,63.039,1.623
b3c72cf8-aee3-44fb-80d2-7893393e0022,2026-04-25T17:21:36.620544-04:00,node-01,payments-api,200,True,normal,market_aware_v1,52.125,50.538,164.521,26.768,0.588,74.775,53.635,1.608
4d7722eb-b3dc-4e19-95aa-d28c85608996,2026-04-25T17:21:36.631006-04:00,node-01,orders-api,429,True,normal,market_aware_v1,59.869,49.25,142.296,29.752,0.484,73.509,86.102,1.377
3014f892-1d03-4ea9-ad23-7ef8e39fc321,2026-04-25T17:21:36.641493-04:00,node-01,checkout-api,502,True,normal,market_aware_v1,54.583,50.249,175.576,28.852,0.83,81.111,64.347,2.048
17cad97c-0bb4-4fc3-bd2e-4cc51a768dab,2026-04-25T17:21:36.651965-04:00,node-01,payments-api,200,True,normal,market_aware_v1,52.048,50.192,170.174,26.196,0.683,79.364,47.689,1.786
9bceb7c5-4194-4c7c-bde5-5992211d2bca,2026-04-25T17:21:36.662464-04:00,node-01,orders-api,200,True,normal,market_aware_v1,57.676,48.132,138.694,30.313,0.43,63.791,89.058,1.134
6f3f10ef-3f1f-4e3f-bc60-2c301614811f,2026-04-25T17:21:36.672903-04:00,node-01,checkout-api,200,True,normal,market_aware_v1,56.972,52.401,160.135,28.785,0.784,77.178,65.405,1.813
5f244cb1-6dd7-4b55-bb5d-39220b129c8c,2026-04-25T17:21:36.683377-04:00,node-01,payments-api,429,True,normal,market_aware_v1,51.966,51.951,158.496,25.953,0.622,74.443,55.307,1.601
48824373-6dea-4e14-8be5-71622e310865,2026-04-25T17:21:36.693847-04:00,node-01,orders-api,200,True,normal,market_aware_v1,57.486,51.136,145.369,32.492,0.48,74.162,91.999,1.397
6b07e18e-4530-4536-880f-30fcc6fa36fc,2026-04-25T17:21:36.704313-04:00,node-01,checkout-api,502,True,anomalous,market_aware_v1,58.246,55.886,164.731,32.234,1.002,77.661,68.533,2.161
def17288-bda3-4bf8-ac2a-33abab4e4869,2026-04-25T17:21:36.714787-04:00,node-01,payments-api,200,True,normal,market_aware_v1,52.965,53.868,169.576,27.669,0.743,81.915,50.978,1.862
24817978-735b-4ee5-9359-fe830a9d9b07,2026-04-25T17:21:36.725247-04:00,node-01,orders-api,429,True,normal,market_aware_v1,59.133,49.87,174.551,34.607,0.761,83.724,92.247,2.131
3760aec2-ea9f-4a4e-be28-b30e12df8820,2026-04-25T17:21:36.735680-04:00,node-01,checkout-api,200,True,normal,market_aware_v1,54.876,51.515,146.845,31.772,0.63,69.185,78.372,1.672
e2e2afc0-edfc-48c5-a7a5-7dc38cf5794b,2026-04-25T17:21:36.746191-04:00,node-01,payments-api,200,True,normal,market_aware_v1,51.445,54.845,164.712,27.683,0.613,75.171,53.87,1.565
01a6b37a-4c5a-45ae-97fd-f9868f2bc725,2026-04-25T17:21:36.756585-04:00,node-01,orders-api,200,True,normal,market_aware_v1,56.294,53.0,125.226,28.159,0.564,71.231,96.023,1.305
ace1fd51-8487-4303-9772-812bda7e3fa4,2026-04-25T17:21:36.767048-04:00,node-01,checkout-api,200,True,normal,market_aware_v1,57.372,50.067,162.117,27.993,0.758,77.266,64.868,1.808
0ab87b8f-8f6c-432b-b6cb-2f18233967ca,2026-04-25T17:21:36.777528-04:00,node-01,payments-api,429,True,normal,market_aware_v1,54.798,53.854,164.581,25.942,0.679,79.191,46.387,1.738
fbdeb44d-6850-44f1-94fa-2a6869371d3e,2026-04-25T17:21:36.788007-04:00,node-01,orders-api,200,True,anomalous,market_aware_v1,57.4,51.837,149.867,31.246,0.885,76.669,86.619,1.903
c636bfa0-6918-4b1b-8e6e-777c8ba54a5c,2026-04-25T17:21:36.798516-04:00,node-01,checkout-api,429,True,normal,market_aware_v1,54.633,48.303,146.876,29.111,0.612,68.968,68.975,1.608
ee5a20e8-d540-4752-b579-a2caa7429f46,2026-04-25T17:21:36.808984-04:00,node-01,payments-api,200,True,normal,market_aware_v1,51.226,53.274,168.509,25.609,0.66,73.298,57.283,1.574
85d9d104-b2eb-4d26-9b7e-92908e4e3d4d,2026-04-25T17:21:36.819450-04:00,node-01,orders-api,200,True,normal,market_aware_v1,55.597,46.792,150.881,33.026,0.566,74.509,84.768,1.446
090d9777-8962-45dc-94a6-ac31a1245b20,2026-04-25T17:21:36.829940-04:00,node-01,checkout-api,200,True,normal,market_aware_v1,52.657,51.234,146.135,27.043,0.707,67.399,67.71,1.525
5acb8756-15ec-4963-b7ef-262fc95bd4e5,2026-04-25T17:21:36.840399-04:00,node-01,payments-api,200,True,normal,market_aware_v1,53.162,52.58,172.357,26.102,0.717,79.23,50.429,1.905
bbf3ccf2-1a34-4934-9e75-89594a3fbf5a,2026-04-25T17:21:36.850903-04:00,node-01,orders-api,200,True,normal,market_aware_v1,55.634,48.519,149.889,30.361,0.595,78.11,80.041,1.607
a3b14503-ce52-4135-85b8-e464566162eb,2026-04-25T17:21:36.861390-04:00,node-01,checkout-api,200,True,normal,market_aware_v1,54.459,47.891,163.992,28.289,0.713,77.252,59.818,1.795
79239e73-a32c-4237-acd7-4f4383743a9d,2026-04-25T17:21:36.871874-04:00,node-01,payments-api,200,True,normal,market_aware_v1,51.672,52.368,169.857,24.363,0.622,77.032,47.047,1.673
4ad13b0d-7842-479f-a155-7459a115e2cf,2026-04-25T17:21:36.882332-04:00,node-01,orders-api,500,True,anomalous,market_aware_v1,60.084,51.589,166.28,34.174,0.959,82.009,79.589,2.224
cb087edd-f7fe-4b17-92ad-adfc3cabb010,2026-04-25T17:21:36.892878-04:00,node-01,checkout-api,200,True,normal,market_aware_v1,52.715,49.949,162.145,27.975,0.726,75.622,58.595,1.712
db346f70-698c-47f1-9983-584d96ce83d5,2026-04-25T17:21:36.903374-04:00,node-01,payments-api,429,True,normal,market_aware_v1,51.672,48.791,171.024,27.004,0.703,80.969,50.747,1.824
aa6db88a-81f6-40ce-b2bc-cb54700cdf22,2026-04-25T17:21:36.913833-04:00,node-01,orders-api,200,True,normal,market_aware_v1,55.503,45.54,142.575,28.062,0.563,75.229,84.725,1.513
7914284f-0594-4a9d-b90b-364010557a8a,2026-04-25T17:21:36.924307-04:00,node-01,checkout-api,200,True,normal,market_aware_v1,54.519,45.631,146.863,29.709,0.663,73.616,57.676,1.604
3b9f1466-3d1f-45c9-80a0-2c73bc392890,2026-04-25T17:21:36.934884-04:00,node-01,payments-api,502,True,anomalous,market_aware_v1,52.432,54.706,183.573,26.37,1.147,88.341,45.172,2.331
c86b5547-ace2-4560-9520-706be37eb276,2026-04-25T17:21:36.945398-04:00,node-01,orders-api,200,True,normal,market_aware_v1,55.704,44.864,138.633,29.996,0.557,73.789,87.567,1.432
0de58c79-370e-4d12-9fed-e3360592ceff,2026-04-25T17:21:36.955880-04:00,node-01,checkout-api,200,True,normal,market_aware_v1,53.334,49.619,162.997,28.931,0.761,75.695,63.916,1.735
5a59d0b8-16db-4910-8b88-918c31ba7190,2026-04-25T17:21:36.966348-04:00,node-01,payments-api,200,True,normal,market_aware_v1,52.291,50.945,164.98,24.754,0.727,75.586,50.868,1.734
5f785c7f-2dc3-48cc-aae5-fd8b6b466381,2026-04-25T17:21:36.976918-04:00,node-01,orders-api,200,True,normal,market_aware_v1,54.329,48.734,158.392,31.53,0.594,78.885,87.116,1.66
b99cf64e-2d3f-411c-b352-f0292fc9bd92,2026-04-25T17:21:36.987478-04:00,node-01,checkout-api,503,True,normal,market_aware_v1,55.91,51.704,174.127,29.487,0.815,83.787,59.9,2.178
179afd62-2d7e-4f02-93bb-792ba4efd76e,2026-04-25T17:21:36.998054-04:00,node-01,payments-api,200,True,normal,market_aware_v1,54.804,55.719,166.925,25.341,0.635,73.417,55.184,1.475
a2180241-8855-4481-a1b4-924c97679504,2026-04-25T17:21:37.008605-04:00,node-01,orders-api,200,True,normal,market_aware_v1,58.26,47.841,147.221,33.42,0.56,76.58,85.74,1.645
577ac01e-da0b-4b7b-90e3-1e9c37cfe90c,2026-04-25T17:21:37.019165-04:00,node-01,checkout-api,200,True,normal,market_aware_v1,57.995,53.336,156.892,31.662,0.681,77.78,69.989,1.763
0f02bd7a-a786-418b-9e80-e1c9e90b1b9b,2026-04-25T17:21:37.029568-04:00,node-01,payments-api,429,True,normal,market_aware_v1,51.29,54.837,175.035,27.864,0.677,82.599,52.893,1.811
3788b221-4a7c-4f05-ac23-c1c9470ea4fe,2026-04-25T17:21:37.040054-04:00,node-01,orders-api,200,True,anomalous,market_aware_v1,60.472,49.307,156.411,33.773,0.916,81.534,89.539,1.991
d71b0b08-03fd-44cb-b718-08f903c567cb,2026-04-25T17:21:37.050584-04:00,node-01,checkout-api,200,True,normal,market_aware_v1,62.451,55.352,160.251,32.253,0.748,76.913,67.457,1.821
2ac972ab-24ed-4cf2-9cd4-c1c7e8f18539,2026-04-25T17:21:37.061066-04:00,node-01,payments-api,502,True,normal,market_aware_v1,55.296,54.853,164.266,28.075,0.847,80.483,61.029,2.035
aac9e193-e0a4-4295-868f-acdf2b5ac052,2026-04-25T17:21:37.071580-04:00,node-01,orders-api,200,True,normal,market_aware_v1,60.528,53.265,137.113,34.257,0.489,74.121,96.915,1.44
6b7732ce-4d27-4fbc-8c51-0220414f6d7b,2026-04-25T17:21:37.082138-04:00,node-01,checkout-api,429,True,normal,market_aware_v1,59.523,56.086,158.707,32.524,0.804,74.665,73.245,1.727
3adbf745-66cb-4ed0-ab49-822455ddc3ab,2026-04-25T17:21:37.092590-04:00,node-01,payments-api,200,True,normal,market_aware_v1,60.041,57.252,173.743,28.14,0.708,80.383,55.292,1.718
279e2864-1e42-4acc-97e8-bd1a97807fc6,2026-04-25T17:21:37.103054-04:00,node-01,orders-api,200,True,normal,market_aware_v1,63.951,54.346,156.494,35.244,0.583,84.265,91.6,1.638
1fa4d0d6-69f6-4235-a270-84d48fa03640,2026-04-25T17:21:37.113587-04:00,node-01,checkout-api,503,True,normal,market_aware_v1,61.983,55.393,171.57,29.517,0.833,82.192,68.884,2.02
9a8943f8-d494-43f0-abab-3da6510d7a8c,2026-04-25T17:21:37.124092-04:00,node-01,payments-api,200,True,normal,market_aware_v1,55.751,55.937,161.866,29.549,0.726,74.44,51.673,1.825
f393dc75-17ee-4b9b-8c99-aed2f338e1df,2026-04-25T17:21:37.134581-04:00,node-01,orders-api,200,True,normal,market_aware_v1,62.882,50.768,144.886,33.642,0.476,69.594,92.763,1.278
7466c2f5-8f89-4e41-b4e3-f5f61399b91b,2026-04-25T17:21:37.145041-04:00,node-01,checkout-api,200,True,normal,market_aware_v1,58.344,55.807,168.9,32.238,0.808,83.62,71.98,1.935
5b60f5ad-7726-481b-bfac-5cebb755c01d,2026-04-25T17:21:37.155473-04:00,node-01,payments-api,200,True,normal,market_aware_v1,52.771,56.397,179.278,28.738,0.64,81.965,54.7,1.638
a8b5bbf8-b40c-4273-980f-472f7a890842,2026-04-25T17:21:37.165940-04:00,node-01,orders-api,200,True,normal,market_aware_v1,62.394,51.169,153.195,29.836,0.557,71.984,94.57,1.534
fd18c14e-f853-4090-9735-4961493543a7,2026-04-25T17:21:37.176416-04:00,node-01,checkout-api,200,True,normal,market_aware_v1,61.789,53.457,161.668,29.974,0.751,78.491,66.308,1.929
b6504593-70be-4c88-9034-d8de80d8854c,2026-04-25T17:21:37.186937-04:00,node-01,payments-api,429,True,normal,market_aware_v1,53.286,49.999,159.391,25.474,0.699,77.83,57.447,1.728
a1dba19e-f77e-47f5-b059-4997b2a2d270,2026-04-25T17:21:37.197414-04:00,node-01,orders-api,429,True,normal,market_aware_v1,55.459,46.477,142.847,31.143,0.399,62.501,94.899,0.98
b781a66a-82f6-4236-ba41-58358b7600f4,2026-04-25T17:21:37.207838-04:00,node-01,checkout-api,200,True,normal,market_aware_v1,54.409,50.586,163.582,28.809,0.797,78.513,67.956,1.971
b8a62dcc-f003-4b5a-ab1c-da8248238225,2026-04-25T17:21:37.218322-04:00,node-01,payments-api,429,True,anomalous,market_aware_v1,58.078,55.662,171.93,28.959,1.051,81.135,42.336,2.315
40c733ad-251f-49bd-a9f3-53957491b4e9,2026-04-25T17:21:37.228745-04:00,node-01,orders-api,200,True,normal,market_aware_v1,56.589,46.539,149.143,28.178,0.516,74.958,88.489,1.355
df76cbfa-a59d-4184-a082-8ab34cea45b5,2026-04-25T17:21:37.239217-04:00,node-01,checkout-api,200,True,normal,market_aware_v1,55.005,48.301,149.453,28.089,0.692,70.948,61.955,1.579
86695cb8-b235-4a4d-b9f6-c76b0027e10a,2026-04-25T17:21:37.249668-04:00,node-01,payments-api,503,True,anomalous,market_aware_v1,57.483,49.742,181.559,26.333,1.11,86.12,45.589,2.52
3fab3431-1f41-4538-bca7-9db1f4c4aa43,2026-04-25T17:21:37.260154-04:00,node-01,orders-api,200,True,normal,market_aware_v1,51.75,41.809,145.529,27.758,0.545,72.377,77.117,1.352
4f79ec5b-8ce7-4a95-8f99-00cb1773cbce,2026-04-25T17:21:37.270590-04:00,node-01,checkout-api,429,True,normal,market_aware_v1,55.115,52.862,175.839,26.215,0.882,84.465,47.613,2.068
872586bf-faf0-48e8-b2b0-d048d5f73b70,2026-04-25T17:21:37.281071-04:00,node-01,payments-api,200,True,normal,market_aware_v1,45.676,50.99,146.467,24.808,0.574,71.212,48.218,1.53
a6b558e2-e80f-43cd-bd77-3b4280abc9e9,2026-04-25T17:21:37.291497-04:00,node-01,orders-api,200,True,normal,market_aware_v1,49.703,46.671,148.887,28.602,0.576,82.197,77.825,1.612
26fc10c4-221b-4536-b035-f82f144a08f3,2026-04-25T17:21:37.302016-04:00,node-01,checkout-api,429,True,normal,market_aware_v1,50.729,45.587,163.824,25.352,0.786,77.268,64.065,1.976
0cdc4cbc-07fa-4838-9cde-48cdf49eb069,2026-04-25T17:21:37.312624-04:00,node-01,payments-api,429,True,normal,market_aware_v1,45.628,49.195,165.395,23.962,0.75,79.981,41.304,1.705
d3fd0760-9a99-4dc3-aa55-28b7053c0483,2026-04-25T17:21:37.323063-04:00,node-01,orders-api,200,True,normal,market_aware_v1,54.728,47.79,138.722,28.535,0.384,60.921,82.041,1.038
8dae3f26-678a-40e8-a646-5eda186a76ca,2026-04-25T17:21:37.333400-04:00,node-01,checkout-api,429,True,normal,market_aware_v1,49.328,46.802,157.941,26.705,0.678,76.706,55.96,1.755
c507e207-35a9-4957-96db-082bcf1620ad,2026-04-25T17:21:37.343871-04:00,node-01,payments-api,200,True,normal,market_aware_v1,40.393,49.121,145.698,25.273,0.557,64.526,44.97,1.368
c3505555-78b2-4311-bca7-46c9d376afa5,2026-04-25T17:21:37.354337-04:00,node-01,orders-api,200,True,anomalous,market_aware_v1,52.534,45.618,150.94,33.292,0.976,78.035,71.465,1.996
8cb1c678-d202-414f-8648-f99a42d70b82,2026-04-25T17:21:37.364874-04:00,node-01,checkout-api,200,True,normal,market_aware_v1,48.946,48.495,153.676,26.854,0.742,72.182,57.36,1.712
106539f8-67d5-4ea7-8694-12b018cfb4a5,2026-04-25T17:21:37.375323-04:00,node-01,payments-api,200,True,normal,market_aware_v1,47.862,48.732,165.007,24.348,0.648,70.997,52.4,1.577
5c051c03-2956-4c08-882f-6c01baeec305,2026-04-25T17:21:37.385833-04:00,node-01,orders-api,429,True,normal,market_aware_v1,54.747,44.74,156.757,31.115,0.606,80.72,80.976,1.756
d70332cb-8771-49d3-a899-cf0ae199ff5c,2026-04-25T17:21:37.396315-04:00,node-01,checkout-api,503,True,normal,market_aware_v1,50.77,53.286,162.239,28.009,0.974,83.007,61.138,2.22
340e2677-3eb2-4886-9eb1-52cf972996c5,2026-04-25T17:21:37.406845-04:00,node-01,payments-api,200,True,normal,market_aware_v1,49.454,51.01,163.75,28.475,0.766,78.002,46.073,1.784
82866f6c-f8d2-40e4-86ed-4f31eba7d8b2,2026-04-25T17:21:37.417310-04:00,node-01,orders-api,200,True,normal,market_aware_v1,59.84,46.114,152.336,29.633,0.52,73.874,83.474,1.326
391bfec2-441b-4cd9-8f50-f93f15801bf6,2026-04-25T17:21:37.427850-04:00,node-01,checkout-api,200,True,normal,market_aware_v1,58.558,46.823,169.824,30.212,0.81,81.778,68.888,1.888
528b5c91-595c-4f70-9911-fb01936ad03c,2026-04-25T17:21:37.438345-04:00,node-01,payments-api,200,True,normal,market_aware_v1,50.895,53.026,174.972,25.442,0.685,77.144,46.161,1.73
26440c9b-869a-4878-90ec-95062534956f,2026-04-25T17:21:37.448884-04:00,node-01,orders-api,429,True,normal,market_aware_v1,60.419,47.772,166.031,32.139,0.697,82.467,82.066,1.816
773a409b-85b3-4557-a182-f3e728f7df8c,2026-04-25T17:21:37.459405-04:00,node-01,checkout-api,502,True,normal,market_aware_v1,54.033,52.923,164.045,31.11,0.879,82.345,63.208,2.012
272e6014-79d6-4190-91f1-e6c675e88f07,2026-04-25T17:21:37.469926-04:00,node-01,payments-api,200,True,normal,market_aware_v1,54.291,55.472,183.162,26.1,0.737,82.871,54.944,1.91
96cdd022-ca79-43dc-ab6f-0084fa17a9d6,2026-04-25T17:21:37.480550-04:00,node-01,orders-api,200,True,normal,market_aware_v1,58.372,47.518,137.588,30.568,0.441,66.739,85.08,1.092
9a0ec87a-f4b8-45f1-bfdf-abaea91a80cc,2026-04-25T17:21:37.491019-04:00,node-01,checkout-api,200,True,normal,market_aware_v1,56.73,55.4,150.276,28.738,0.641,71.853,69.71,1.413
e7aa51f0-9506-469e-847a-bdbb1992b767,2026-04-25T17:21:37.501437-04:00,node-01,payments-api,503,True,anomalous,market_aware_v1,60.85,57.645,185.642,25.317,1.071,87.191,49.26,2.444
4d997af0-e434-438b-b640-d510fb669731,2026-04-25T17:21:37.511909-04:00,node-01,orders-api,429,True,normal,market_aware_v1,54.486,49.462,151.728,33.653,0.659,77.719,87.793,1.644
7e64e091-1774-4e5a-af96-3cd463b9c284,2026-04-25T17:21:37.522342-04:00,node-01,checkout-api,429,True,normal,market_aware_v1,58.43,53.964,151.666,32.228,0.738,71.631,69.551,1.535
e2807ff3-d1b4-4d66-9375-964b9b8edcda,2026-04-25T17:21:37.532868-04:00,node-01,payments-api,429,True,normal,market_aware_v1,52.856,54.964,162.41,26.373,0.657,79.538,54.339,1.684
c7123adc-32f5-46ad-9044-703b3223bce7,2026-04-25T17:21:37.543318-04:00,node-01,orders-api,200,True,normal,market_aware_v1,59.54,48.996,160.239,33.128,0.656,78.368,88.185,1.549
c85b12a5-0374-4eb0-b62d-fd9d7b2acb9e,2026-04-25T17:21:37.553823-04:00,node-01,checkout-api,429,True,normal,market_aware_v1,58.444,53.728,159.322,27.405,0.662,70.392,68.877,1.602
9d6b6b5a-5b37-457e-8864-568b98d86c02,2026-04-25T17:21:37.564288-04:00,node-01,payments-api,429,True,normal,market_aware_v1,52.956,53.195,163.274,27.223,0.636,75.916,56.13,1.665
623c83ea-9e58-4bf0-9940-bfd431f7123d,2026-04-25T17:21:37.574835-04:00,node-01,orders-api,200,True,normal,market_aware_v1,61.817,48.801,154.835,29.025,0.551,78.941,79.328,1.582
fed2d08c-ae76-440d-b28c-a6db6557d8e5,2026-04-25T17:21:37.585343-04:00,node-01,checkout-api,503,True,anomalous,market_aware_v1,56.7,53.075,161.338,31.386,1.004,70.451,62.137,2.06
1843754e-d5a8-494e-a3af-6f9330c2cf88,2026-04-25T17:21:37.595858-04:00,node-01,payments-api,200,True,normal,market_aware_v1,53.954,50.444,165.059,26.914,0.759,83.023,50.766,1.948
fd84883a-3bbb-4b6e-81eb-e3881af94637,2026-04-25T17:21:37.606340-04:00,node-01,orders-api,429,True,normal,market_aware_v1,57.629,45.38,157.214,31.291,0.627,85.209,80.163,1.637
7ff112a4-59a4-4f2e-95df-213eaf7c1f67,2026-04-25T17:21:37.616860-04:00,node-01,checkout-api,200,True,normal,market_aware_v1,54.494,51.702,166.597,27.862,0.695,78.435,62.376,1.783
d6d452cd-3fba-48df-b8a4-941be1eab43a,2026-04-25T17:21:37.627353-04:00,node-01,payments-api,429,True,normal,market_aware_v1,53.105,55.864,150.24,24.976,0.698,74.39,53.366,1.564
fccf3a86-bf21-472c-a0ca-fd357a43f4e3,2026-04-25T17:21:37.637954-04:00,node-01,orders-api,429,True,normal,market_aware_v1,55.656,47.026,146.239,29.6,0.548,78.185,84.637,1.511
8517539e-2d27-4bc6-9806-ea7b5217e6de,2026-04-25T17:21:37.648401-04:00,node-01,checkout-api,503,True,normal,market_aware_v1,54.809,46.936,172.901,28.541,0.859,85.859,54.867,2.136
fdd7d019-76a6-43be-b7dc-b0ec0af2a8d1,2026-04-25T17:21:37.658896-04:00,node-01,payments-api,429,True,normal,market_aware_v1,49.8,51.809,170.132,25.935,0.709,77.524,44.93,1.751
c8d9bf44-b64b-49f4-a648-3610b5338a3a,2026-04-25T17:21:37.669388-04:00,node-01,orders-api,429,True,normal,market_aware_v1,54.588,45.295,139.806,30.982,0.527,69.493,85.859,1.337
2d26e2b3-2f94-4dee-9963-2a3c22a45131,2026-04-25T17:21:37.679883-04:00,node-01,checkout-api,200,True,normal,market_aware_v1,48.885,47.664,146.557,29.741,0.701,71.302,64.359,1.621
045ed859-248b-4073-95ec-d67f4d7514c8,2026-04-25T17:21:37.690386-04:00,node-01,payments-api,200,True,normal,market_aware_v1,48.234,54.277,175.169,25.735,0.697,81.166,47.459,1.805
354333a7-d3bc-4006-a408-18852c922b0b,2026-04-25T17:21:37.700878-04:00,node-01,orders-api,429,True,anomalous,market_aware_v1,55.553,50.577,150.205,30.952,0.833,76.74,81.558,1.877
1cca85e9-3a27-4939-9d0e-8f2ad5008013,2026-04-25T17:21:37.711347-04:00,node-01,checkout-api,429,True,normal,market_aware_v1,50.91,51.06,151.987,26.511,0.791,76.61,62.404,1.815
0a6fc1c1-75fe-41f5-9a99-67a02f976ead,2026-04-25T17:21:37.721904-04:00,node-01,payments-api,200,True,normal,market_aware_v1,51.816,55.249,172.83,24.449,0.706,76.72,47.836,1.814
356112cb-d1b1-41eb-bf13-30a5b97d82b8,2026-04-25T17:21:37.732396-04:00,node-01,orders-api,200,True,normal,market_aware_v1,59.027,46.531,143.525,30.359,0.646,80.785,85.056,1.732
9a99a032-6c7e-431f-830c-7b316ec15b1d,2026-04-25T17:21:37.742981-04:00,node-01,checkout-api,200,True,normal,market_aware_v1,48.976,54.131,140.334,29.478,0.595,63.959,64.195,1.212
a66b7be1-e229-4665-9770-2cf09d86612a,2026-04-25T17:21:37.753435-04:00,node-01,payments-api,200,True,normal,market_aware_v1,52.181,49.853,174.279,25.598,0.63,81.446,45.96,1.687
f1080dec-0c5d-4703-be41-969e79be1616,2026-04-25T17:21:37.763922-04:00,node-01,orders-api,200,True,normal,market_aware_v1,58.564,48.825,152.416,31.877,0.577,77.632,84.202,1.574
3d43311c-e16a-4ca5-bfde-dd41ce176634,2026-04-25T17:21:37.774429-04:00,node-01,checkout-api,200,True,normal,market_aware_v1,55.712,50.542,169.727,26.64,0.705,74.846,63.91,1.661
9ab508e1-f81e-49ad-8254-3f48252b8e4a,2026-04-25T17:21:37.784926-04:00,node-01,payments-api,200,True,normal,market_aware_v1,48.803,52.721,167.823,25.723,0.716,79.185,56.582,1.923
9104a007-214e-4e2c-ba2d-ec543d258a29,2026-04-25T17:21:37.795425-04:00,node-01,orders-api,200,True,normal,market_aware_v1,59.907,48.475,150.396,32.111,0.563,74.868,87.902,1.461
8a698816-57cc-4227-8fa5-f5ad348ac655,2026-04-25T17:21:37.805957-04:00,node-01,checkout-api,500,True,normal,market_aware_v1,58.461,55.484,190.382,32.121,0.852,88.818,67.288,2.042
5973a13f-617d-4cb9-b82f-2d8e59ca3a0a,2026-04-25T17:21:37.816551-04:00,node-01,payments-api,200,True,normal,market_aware_v1,54.307,53.201,166.694,26.668,0.719,75.828,52.0,1.639
0bb37b3f-a948-4e37-b777-b46b8d2ff7f9,2026-04-25T17:21:37.827031-04:00,node-01,orders-api,429,True,normal,market_aware_v1,62.282,52.404,175.646,35.051,0.734,88.53,93.038,2.111
63f1b020-a5d9-42f2-9cb7-5690a61ce36a,2026-04-25T17:21:37.837570-04:00,node-01,checkout-api,200,True,normal,market_aware_v1,57.039,53.942,170.739,31.642,0.831,76.584,74.801,1.886
aa480b99-0cce-4584-83cd-c1590dc084d6,2026-04-25T17:21:37.848050-04:00,node-01,payments-api,200,True,normal,market_aware_v1,55.006,59.172,174.095,28.188,0.784,84.27,66.969,1.944
22f1b062-6ce0-4023-a029-99229c9cf06b,2026-04-25T17:21:37.858518-04:00,node-01,orders-api,200,True,normal,market_aware_v1,58.878,51.371,151.796,32.557,0.695,75.191,95.976,1.715
592d66e9-a943-4b05-b106-8d16090bda20,2026-04-25T17:21:37.869013-04:00,node-01,checkout-api,429,True,normal,market_aware_v1,59.845,56.464,171.474,30.983,0.759,75.824,73.868,1.7
d0184b45-05e7-4faf-aeba-0c027fd1c299,2026-04-25T17:21:37.879480-04:00,node-01,payments-api,200,True,normal,market_aware_v1,55.644,54.683,173.243,27.397,0.683,82.471,54.762,1.856
4336aa02-71cc-431a-ac92-b84fd2fb9927,2026-04-25T17:21:37.889967-04:00,node-01,orders-api,429,True,normal,market_aware_v1,65.824,52.529,163.891,34.278,0.66,79.195,90.525,1.586
43f5f292-8960-4b54-9974-e4e9b0e6e0e0,2026-04-25T17:21:37.900448-04:00,node-01,checkout-api,503,True,normal,market_aware_v1,60.385,53.794,167.745,31.742,0.822,77.876,72.584,2.035
bf047712-91d7-472b-bf2e-1ed9f04331af,2026-04-25T17:21:37.910864-04:00,node-01,payments-api,502,True,normal,market_aware_v1,58.172,55.866,187.8,27.313,0.752,87.0,49.752,2.017
5cc30208-80f9-4ab4-a450-0f0b7dbb7f4b,2026-04-25T17:21:37.921326-04:00,node-01,orders-api,429,True,normal,market_aware_v1,59.466,53.446,150.125,31.159,0.638,75.527,90.999,1.583
791ee38d-b804-4109-8b5e-d9fb8e330430,2026-04-25T17:21:37.931857-04:00,node-01,checkout-api,429,True,normal,market_aware_v1,61.199,54.03,173.34,30.567,0.963,93.336,66.523,2.361
1d7ec844-1947-463c-aced-eb6796539a25,2026-04-25T17:21:37.942324-04:00,node-01,payments-api,429,True,normal,market_aware_v1,55.923,58.546,198.319,26.025,0.964,92.234,53.043,2.516
3cb80e59-3fbf-41b3-9ef1-d7af772f685f,2026-04-25T17:21:37.952849-04:00,node-01,orders-api,200,True,normal,market_aware_v1,63.36,51.333,143.312,33.476,0.574,77.502,92.365,1.513
e91440fb-9fdd-4d64-9e95-3e8bb583e7c7,2026-04-25T17:21:37.963338-04:00,node-01,checkout-api,200,True,normal,market_aware_v1,57.036,54.23,167.113,31.45,0.759,73.973,72.465,1.818
22673b6b-5d8d-4459-bec3-97526c59aa9b,2026-04-25T17:21:37.973776-04:00,node-01,payments-api,429,True,anomalous,market_aware_v1,59.599,56.914,183.815,28.959,0.991,80.683,45.571,2.103
5ea24e66-126e-4524-a5c0-88c762d351a0,2026-04-25T17:21:37.984282-04:00,node-01,orders-api,200,True,normal,market_aware_v1,61.001,45.189,160.84,33.308,0.65,78.978,80.603,1.652
29a24fc4-781c-4e90-9c36-2380a0cb7fe5,2026-04-25T17:21:37.994955-04:00,node-01,checkout-api,200,True,normal,market_aware_v1,56.316,52.287,165.225,29.546,0.747,82.315,59.109,1.784
6485f4c6-ab4e-47c9-a9e9-fe5c46bbf403,2026-04-25T17:21:38.005402-04:00,node-01,payments-api,200,True,normal,market_aware_v1,50.675,54.947,172.508,23.785,0.72,85.242,47.197,1.961
c737d583-1238-470f-a0c6-0c6cf7fc3047,2026-04-25T17:21:38.015849-04:00,node-01,orders-api,200,True,normal,market_aware_v1,58.165,44.859,147.747,28.584,0.532,70.411,90.405,1.456
c313b25e-4881-4e7f-87e1-71f722d930f5,2026-04-25T17:21:38.026331-04:00,node-01,checkout-api,429,True,normal,market_aware_v1,55.612,53.488,175.695,31.146,0.638,78.912,59.262,1.716
c96bf136-f0ca-4fe3-9b3a-68e512b96a29,2026-04-25T17:21:38.036761-04:00,node-01,payments-api,429,True,normal,market_aware_v1,48.455,52.212,161.67,24.852,0.768,77.666,45.811,1.752
1c74bd3d-3532-4688-82aa-e09bf156f543,2026-04-25T17:21:38.047222-04:00,node-01,orders-api,429,True,normal,market_aware_v1,56.12,45.815,133.404,30.708,0.509,72.893,84.564,1.393
66b1210a-8bfc-47dd-8100-e692bed6519a,2026-04-25T17:21:38.057688-04:00,node-01,checkout-api,429,True,normal,market_aware_v1,53.29,50.916,167.865,26.81,0.753,76.857,49.025,1.767
1b88312a-0b9f-4440-ad2d-3066f794a63b,2026-04-25T17:21:38.068173-04:00,node-01,payments-api,200,True,normal,market_aware_v1,47.565,51.023,165.272,23.038,0.694,75.468,45.095,1.616
c778a574-90ee-4792-b164-2fa28651c5fd,2026-04-25T17:21:38.078728-04:00,node-01,orders-api,429,True,normal,market_aware_v1,54.545,46.365,161.649,25.806,0.682,84.512,75.311,2.049
5d74ac22-2348-4256-9133-dd3123f2878b,2026-04-25T17:21:38.089198-04:00,node-01,checkout-api,429,True,normal,market_aware_v1,54.033,48.219,157.733,26.82,0.815,74.836,59.408,1.884
2b4ace70-ae6c-4c0c-8793-bb0a657de204,2026-04-25T17:21:38.099724-04:00,node-01,payments-api,200,True,normal,market_aware_v1,46.114,50.033,152.503,24.157,0.635,74.583,47.022,1.682
36069af4-6283-4bc1-8128-81dd50c7baba,2026-04-25T17:21:38.110200-04:00,node-01,orders-api,200,True,normal,market_aware_v1,55.06,47.402,171.313,27.191,0.702,81.472,75.414,1.698
6ea1c386-69da-4ce8-a8f1-811aa133f647,2026-04-25T17:21:38.120704-04:00,node-01,checkout-api,200,True,normal,market_aware_v1,48.879,46.122,166.606,29.172,0.748,80.578,53.754,1.865
eefd9e3a-d283-4555-b72f-fe21fd7b4715,2026-04-25T17:21:38.131177-04:00,node-01,payments-api,200,True,normal,market_aware_v1,47.909,49.42,167.481,25.86,0.683,80.132,50.12,1.71
985f53f8-7607-4845-8d82-299c2205c314,2026-04-25T17:21:38.141682-04:00,node-01,orders-api,200,True,normal,market_aware_v1,49.825,46.869,137.876,29.861,0.475,70.472,72.195,1.328
009b0cef-e6b0-4e47-9eb8-ebae0f14cc59,2026-04-25T17:21:38.152172-04:00,node-01,checkout-api,200,True,normal,market_aware_v1,52.045,46.081,173.165,27.081,0.723,78.879,52.276,1.754
10c0e3c0-fb68-4a22-821c-e42857d7cc45,2026-04-25T17:21:38.162711-04:00,node-01,payments-api,429,True,normal,market_aware_v1,49.108,49.695,165.873,27.242,0.609,69.069,46.73,1.527
15952a72-6f65-4400-982c-aca24cbd0a6f,2026-04-25T17:21:38.173191-04:00,node-01,orders-api,200,True,normal,market_aware_v1,53.864,46.836,149.04,28.507,0.563,76.482,77.929,1.543
1406fdd6-be94-42f6-a48b-3ebafd8afc71,2026-04-25T17:21:38.183679-04:00,node-01,checkout-api,429,True,normal,market_aware_v1,55.83,48.506,160.19,29.372,0.652,72.834,56.151,1.626
06713411-7818-40f6-b127-628b84170eb9,2026-04-25T17:21:38.194163-04:00,node-01,payments-api,200,True,normal,market_aware_v1,50.856,52.543,165.386,25.558,0.718,80.579,43.883,1.763
6cda97e1-b923-48d8-9e62-0d5dcf6b1817,2026-04-25T17:21:38.204609-04:00,node-01,orders-api,200,True,normal,market_aware_v1,57.52,49.251,148.505,30.87,0.687,76.814,80.021,1.608
6e380c47-b555-4059-8aae-b21f029112ec,2026-04-25T17:21:38.215110-04:00,node-01,checkout-api,200,True,normal,market_aware_v1,51.103,50.137,180.736,30.176,0.807,83.741,58.142,1.917
83da3576-f736-4b28-88e4-3fcbf285487a,2026-04-25T17:21:38.225593-04:00,node-01,payments-api,200,True,normal,market_aware_v1,51.275,52.664,173.548,26.901,0.765,78.245,47.793,1.808
776536b1-aaf2-45fd-82b0-6395ce70fca4,2026-04-25T17:21:38.236053-04:00,node-01,orders-api,200,True,normal,market_aware_v1,59.067,48.06,142.225,30.307,0.61,79.112,86.206,1.562
66fe7e66-2bac-467b-9037-429f1a41e533,2026-04-25T17:21:38.246516-04:00,node-01,checkout-api,200,True,normal,market_aware_v1,59.13,53.506,164.809,27.296,0.733,72.557,70.976,1.598
0eaa1436-90d6-422b-8898-7f3fdbd0a7bc,2026-04-25T17:21:38.256995-04:00,node-01,payments-api,429,True,normal,market_aware_v1,49.437,56.533,177.342,28.634,0.738,82.064,51.349,1.874
a3916317-3188-4b00-b04f-c293f47741af,2026-04-25T17:21:38.267423-04:00,node-01,orders-api,200,True,normal,market_aware_v1,62.596,47.515,165.239,34.008,0.68,85.337,84.201,1.765
3ff4a3cc-7454-4698-96e7-bbfdbebae4e2,2026-04-25T17:21:38.277937-04:00,node-01,checkout-api,429,True,normal,market_aware_v1,57.385,52.447,169.402,31.253,0.733,79.786,56.043,1.925
88a89593-b871-4dcd-b74d-c7b9db73e77e,2026-04-25T17:21:38.288439-04:00,node-01,payments-api,200,True,normal,market_aware_v1,60.284,54.737,186.863,27.721,0.689,89.497,50.081,1.927
a810ef01-dfcf-4252-bbdf-8d792b0cd5aa,2026-04-25T17:21:38.298852-04:00,node-01,orders-api,502,True,anomalous,market_aware_v1,62.528,51.785,186.36,35.586,1.182,90.036,82.63,2.743
69f933a9-f2e2-4983-9d4e-71c4faecf08a,2026-04-25T17:21:38.309357-04:00,node-01,checkout-api,503,True,anomalous,market_aware_v1,58.779,53.204,174.891,31.317,1.095,83.932,60.568,2.324
e5444ebe-d14c-461e-9fef-be009453c480,2026-04-25T17:21:38.319831-04:00,node-01,payments-api,200,True,normal,market_aware_v1,56.624,57.702,181.013,28.275,0.732,82.628,57.515,1.845
b4b2f97e-ac14-4cf3-ab47-75a4bcced48a,2026-04-25T17:21:38.330255-04:00,node-01,orders-api,200,True,normal,market_aware_v1,61.412,51.477,156.711,30.954,0.595,77.307,84.581,1.524
84d6b191-7cd1-4ec4-adc3-c658ca393ad6,2026-04-25T17:21:38.340775-04:00,node-01,checkout-api,503,True,anomalous,market_aware_v1,60.731,56.404,178.975,31.588,1.189,85.396,55.26,2.429
141435c4-82db-4a97-b254-8b3fed8bbc8c,2026-04-25T17:21:38.351229-04:00,node-01,payments-api,200,True,normal,market_aware_v1,54.857,56.38,180.295,24.489,0.672,81.239,52.59,1.793
6a479c04-e108-4c6d-94a1-499d240e02c9,2026-04-25T17:21:38.361709-04:00,node-01,orders-api,429,True,normal,market_aware_v1,60.745,49.661,163.261,28.58,0.757,82.307,88.831,1.793
68a14a9a-18fb-4cd2-9c1b-0ea5889af217,2026-04-25T17:21:38.372239-04:00,node-01,checkout-api,200,True,normal,market_aware_v1,52.795,53.865,160.396,29.401,0.715,76.127,72.499,1.66
7fd5f988-dca6-40cc-8ce9-cd2273569043,2026-04-25T17:21:38.382783-04:00,node-01,payments-api,500,True,normal,market_aware_v1,54.402,53.764,183.641,27.05,0.78,87.393,50.167,2.076
5400e870-ba73-48d8-8689-1008f43335e3,2026-04-25T17:21:38.393221-04:00,node-01,orders-api,200,True,normal,market_aware_v1,59.013,46.22,148.129,31.302,0.552,75.587,86.591,1.421
f9926081-65a0-468b-b008-0c406f75219a,2026-04-25T17:21:38.403701-04:00,node-01,checkout-api,503,True,normal,market_aware_v1,58.629,52.443,170.561,26.302,0.853,85.07,61.313,2.177
d19a0ab5-5e0c-41bc-8856-0fbe100b2522,2026-04-25T17:21:38.414163-04:00,node-01,payments-api,200,True,normal,market_aware_v1,50.356,51.855,161.397,24.095,0.622,72.318,58.833,1.637
80e08906-1308-438e-94dd-bbed0b12b339,2026-04-25T17:21:38.424710-04:00,node-01,orders-api,200,True,normal,market_aware_v1,53.677,49.056,140.354,32.896,0.567,72.708,87.825,1.344
50bc79af-5428-4f9e-93dd-be56eb97de15,2026-04-25T17:21:38.435410-04:00,node-01,checkout-api,429,True,normal,market_aware_v1,56.731,51.125,165.875,28.789,0.767,79.392,58.279,1.873
edfcbcc9-b37d-4496-8704-a87145334bdf,2026-04-25T17:21:38.445912-04:00,node-01,payments-api,200,True,normal,market_aware_v1,49.205,53.665,184.007,25.18,0.72,81.788,43.097,1.904
de5ffb27-9b2d-4337-a2b0-a7f6b92a40fb,2026-04-25T17:21:38.456375-04:00,node-01,orders-api,429,True,normal,market_aware_v1,55.247,48.794,148.072,29.361,0.549,72.151,79.546,1.496
a34e9902-318e-4a04-8d97-7254e8ff4d36,2026-04-25T17:21:38.466854-04:00,node-01,checkout-api,429,True,normal,market_aware_v1,51.494,50.522,166.058,29.484,0.751,73.019,61.427,1.744
0257e391-2fa6-4c15-9fac-476b3c40ce72,2026-04-25T17:21:38.477313-04:00,node-01,payments-api,429,True,normal,market_aware_v1,50.502,55.976,172.876,25.063,0.644,75.639,49.531,1.766
338d0bbf-aa82-43bc-a7e3-31e81a2a3c17,2026-04-25T17:21:38.487917-04:00,node-01,orders-api,429,True,normal,market_aware_v1,51.544,49.717,149.973,30.834,0.569,72.077,85.079,1.408
b276e24e-4567-4b02-8a8c-b58a0dbf11c0,2026-04-25T17:21:38.498464-04:00,node-01,checkout-api,429,True,normal,market_aware_v1,53.171,50.587,165.681,29.225,0.776,78.465,61.204,1.862
4d84acbe-2cc4-4cc4-baa4-ba2ba7cd4646,2026-04-25T17:21:38.508951-04:00,node-01,payments-api,502,True,normal,market_aware_v1,50.005,51.532,180.074,24.334,0.789,87.877,42.794,2.113
b35051eb-c1dd-44d3-a1cc-c52b33d20f8f,2026-04-25T17:21:38.519435-04:00,node-01,orders-api,429,True,normal,market_aware_v1,57.96,43.283,154.335,33.388,0.545,81.107,83.612,1.556
b1c48eb1-6cc0-4206-b52b-b064da40d55f,2026-04-25T17:21:38.529918-04:00,node-01,checkout-api,200,True,normal,market_aware_v1,53.494,44.379,158.888,28.702,0.79,77.074,59.498,1.888
91e23b75-4dcc-46a9-8aef-b48082e94925,2026-04-25T17:21:38.540412-04:00,node-01,payments-api,502,True,anomalous,market_aware_v1,53.031,58.323,183.302,29.282,0.975,77.962,47.668,2.136
6e8f9b7d-11b5-420a-bca5-17450d05768a,2026-04-25T17:21:38.550907-04:00,node-01,orders-api,200,True,normal,market_aware_v1,54.918,46.3,143.372,31.824,0.563,74.185,87.168,1.513
1511f71e-50d4-43ed-ad69-965b9a5a2b50,2026-04-25T17:21:38.561440-04:00,node-01,checkout-api,200,True,normal,market_aware_v1,57.73,50.05,166.251,31.144,0.8,78.198,67.155,1.877
a1a9da3a-6a3d-4ebb-a9db-e527099cd825,2026-04-25T17:21:38.572087-04:00,node-01,payments-api,502,True,normal,market_aware_v1,53.248,56.774,177.896,27.484,0.77,86.722,51.197,2.017
067dccb9-e9c2-4b3f-b248-5f6dfb2f50f6,2026-04-25T17:21:38.582712-04:00,node-01,orders-api,200,True,normal,market_aware_v1,56.886,51.568,156.823,32.828,0.645,78.204,80.672,1.58
263335e9-398c-4b83-add2-6e021474dd81,2026-04-25T17:21:38.593401-04:00,node-01,checkout-api,200,True,normal,market_aware_v1,55.437,57.097,167.511,32.582,0.709,78.732,66.351,1.7
c2dc376e-b44b-4111-8fc2-8448c2a2a86a,2026-04-25T17:21:38.603973-04:00,node-01,payments-api,500,True,normal,market_aware_v1,56.661,59.529,191.77,25.387,0.804,93.132,44.781,2.228
19446a7b-4f26-447c-852c-5d946c208473,2026-04-25T17:21:38.614495-04:00,node-01,orders-api,200,True,normal,market_aware_v1,59.983,51.203,155.249,33.396,0.517,73.009,90.237,1.498
1b85bc88-6022-4868-ab9e-62d8a731744a,2026-04-25T17:21:38.625095-04:00,node-01,checkout-api,200,True,normal,market_aware_v1,59.186,55.772,167.585,30.228,0.767,80.156,65.707,1.904
23547f69-1b59-41a9-9d5d-af76d9b0210d,2026-04-25T17:21:38.635518-04:00,node-01,payments-api,429,True,normal,market_aware_v1,59.025,53.701,178.459,29.731,0.772,81.417,59.689,1.859
08d527ec-b3b9-4913-9007-46c60fe09a50,2026-04-25T17:21:38.645922-04:00,node-01,orders-api,200,True,normal,market_aware_v1,63.465,51.533,149.631,33.838,0.627,76.414,97.478,1.541
7b723bb4-1129-42ae-b09b-616d3afa494b,2026-04-25T17:21:38.656412-04:00,node-01,checkout-api,500,True,normal,market_aware_v1,57.474,55.553,170.693,29.79,0.785,84.605,64.033,2.03
362f373e-653a-4af2-9a49-72c235575605,2026-04-25T17:21:38.666863-04:00,node-01,payments-api,429,True,normal,market_aware_v1,59.414,59.591,170.343,27.956,0.738,81.514,62.881,1.745
dc574895-61d2-4334-a2c8-7ab6dff799b3,2026-04-25T17:21:38.677343-04:00,node-01,orders-api,200,True,normal,market_aware_v1,66.005,54.138,163.379,31.834,0.739,83.912,90.293,1.978
f4f0900b-e12a-43fc-a294-2313410b0f51,2026-04-25T17:21:38.687904-04:00,node-01,checkout-api,429,True,normal,market_aware_v1,61.551,53.071,177.46,30.32,0.837,83.166,68.437,2.072
04b77849-3589-49bd-a773-886b63341d33,2026-04-25T17:21:38.698404-04:00,node-01,payments-api,429,True,normal,market_aware_v1,55.403,55.481,171.283,28.38,0.667,80.003,54.647,1.753
b399c983-0fd9-4f25-aaef-71b89cbf25a5,2026-04-25T17:21:38.708944-04:00,node-01,orders-api,200,True,normal,market_aware_v1,65.63,53.632,175.465,32.678,0.729,89.32,94.97,1.857
f37d6032-e405-42ea-a6a1-96616ef7a270,2026-04-25T17:21:38.719401-04:00,node-01,checkout-api,429,True,normal,market_aware_v1,59.801,56.26,186.215,31.143,0.91,86.01,74.142,2.134
20130eab-8dc9-4ff7-ba1c-d22720fc109f,2026-04-25T17:21:38.729925-04:00,node-01,payments-api,502,True,normal,market_aware_v1,58.154,59.012,175.953,26.352,0.739,86.268,50.442,2.004
1ac26188-1f59-4cc2-b3dc-448b484c7d52,2026-04-25T17:21:38.740427-04:00,node-01,orders-api,200,True,normal,market_aware_v1,63.513,46.815,158.397,30.528,0.701,77.33,88.609,1.61
ed82259a-b38c-46bc-b7ec-727f6489ee24,2026-04-25T17:21:38.750917-04:00,node-01,checkout-api,200,True,normal,market_aware_v1,61.818,53.767,171.158,28.441,0.8,80.557,62.421,1.768
a38f8be5-b8ee-493c-ad98-d7b49511cb43,2026-04-25T17:21:38.761442-04:00,node-01,payments-api,429,True,normal,market_aware_v1,54.453,54.629,181.073,25.137,0.707,86.131,56.962,1.959
e58307dc-43cf-4fba-8a52-4499b5961d61,2026-04-25T17:21:38.772051-04:00,node-01,orders-api,200,True,normal,market_aware_v1,59.287,49.862,164.574,32.141,0.608,83.62,86.386,1.694
2ef43a93-4ab1-420b-8017-4126602e8d96,2026-04-25T17:21:38.782527-04:00,node-01,checkout-api,200,True,normal,market_aware_v1,58.6,52.813,171.313,29.284,0.785,75.512,61.347,1.81
45cb5b72-2c2f-46ba-af6f-74e28a9c731e,2026-04-25T17:21:38.793001-04:00,node-01,payments-api,200,True,normal,market_aware_v1,51.079,56.11,165.208,24.703,0.742,78.968,42.648,1.765
f60d237c-f5f2-4c25-b73a-5729d4e5c2cb,2026-04-25T17:21:38.803529-04:00,node-01,orders-api,200,True,normal,market_aware_v1,60.369,45.846,152.877,30.77,0.547,77.266,86.63,1.5
516e62a1-8169-4a3d-835e-b4585cbf3049,2026-04-25T17:21:38.814020-04:00,node-01,checkout-api,200,True,normal,market_aware_v1,51.14,50.187,165.805,29.808,0.684,76.951,55.383,1.829
45c587fd-43bd-4caf-9472-a74d3bf20fb7,2026-04-25T17:21:38.824554-04:00,node-01,payments-api,200,True,normal,market_aware_v1,50.063,52.004,176.372,24.926,0.715,74.605,49.437,1.696
5544b5c2-3636-4814-abe0-25fac685be0a,2026-04-25T17:21:38.835023-04:00,node-01,orders-api,200,True,normal,market_aware_v1,51.594,46.137,151.897,31.511,0.703,84.608,76.038,1.766
44f4f8c9-c86d-45fa-b23d-5993b821e138,2026-04-25T17:21:38.845505-04:00,node-01,checkout-api,429,True,normal,market_aware_v1,50.841,50.707,178.174,27.089,0.764,79.146,54.343,1.942
6d58e1b5-185d-4d8b-a5ea-83785182e208,2026-04-25T17:21:38.856002-04:00,node-01,payments-api,200,True,normal,market_aware_v1,45.875,47.727,160.747,24.465,0.737,85.901,42.63,1.977
8b0bb3fc-c172-4639-8ce8-94e24a5b4ed0,2026-04-25T17:21:38.866504-04:00,node-01,orders-api,200,True,normal,market_aware_v1,51.857,46.699,146.63,29.01,0.544,72.7,76.6,1.47
4230c2bf-2658-49af-af2c-f5c813cf7498,2026-04-25T17:21:38.876979-04:00,node-01,checkout-api,429,True,normal,market_aware_v1,53.828,47.535,172.687,28.297,0.807,80.995,47.673,1.831
a5a8c970-5197-4a5c-81f0-34ddb2ae8f78,2026-04-25T17:21:38.887502-04:00,node-01,payments-api,200,True,normal,market_aware_v1,48.853,51.065,175.189,23.955,0.693,81.205,43.487,1.84
6516c8b8-072f-4060-a5f0-6a655b4afbde,2026-04-25T17:21:38.897972-04:00,node-01,orders-api,200,True,normal,market_aware_v1,53.121,47.428,152.922,29.616,0.631,81.875,77.725,1.792
6e89239f-89d9-40e6-ae33-2f5ac0f6b111,2026-04-25T17:21:38.908550-04:00,node-01,checkout-api,200,True,normal,market_aware_v1,50.986,45.666,159.535,27.331,0.72,79.694,48.997,1.842
caf5ff89-de42-4800-8e86-0eefd65f1bcd,2026-04-25T17:21:38.919056-04:00,node-01,payments-api,503,True,normal,market_aware_v1,48.208,49.092,182.552,21.969,0.791,83.556,46.471,2.018
2af91671-563d-45d8-afd2-3d4af6a8223e,2026-04-25T17:21:38.929531-04:00,node-01,orders-api,200,True,normal,market_aware_v1,57.441,46.131,155.234,28.711,0.618,79.307,81.961,1.686
829de468-8cb1-4cda-9c3a-d68d8f62eb84,2026-04-25T17:21:38.940123-04:00,node-01,checkout-api,429,True,normal,market_aware_v1,53.354,50.869,165.785,27.01,0.835,77.834,55.84,1.859
c842fbf7-c0c3-45b2-b913-a4a803777ca3,2026-04-25T17:21:38.950693-04:00,node-01,payments-api,503,True,anomalous,market_aware_v1,48.357,54.694,193.8,25.918,1.078,90.862,34.858,2.539
820b9061-c7e3-4619-b57e-2339d6ad4af7,2026-04-25T17:21:38.961154-04:00,node-01,orders-api,429,True,normal,market_aware_v1,55.122,45.941,153.429,29.89,0.614,79.515,78.845,1.615
2c6e947b-0d33-446d-8d9e-03a7555bd5e9,2026-04-25T17:21:38.971623-04:00,node-01,checkout-api,200,True,normal,market_aware_v1,49.97,52.788,169.274,25.135,0.805,81.013,54.704,1.792
e3c94e04-67dc-4888-b3aa-7db6a8605aa2,2026-04-25T17:21:38.982287-04:00,node-01,payments-api,200,True,normal,market_aware_v1,51.066,51.832,163.29,22.7,0.673,73.053,51.605,1.708
140bee4c-6206-4c1a-92be-d06a9b351283,2026-04-25T17:21:38.992907-04:00,node-01,orders-api,200,True,normal,market_aware_v1,55.927,46.573,142.629,32.633,0.519,69.953,89.031,1.293
38ae7882-dd2d-4a3a-a469-e94bb61f707f,2026-04-25T17:21:39.003398-04:00,node-01,checkout-api,503,True,anomalous,market_aware_v1,63.849,55.625,192.97,30.106,1.153,87.645,48.555,2.477
03dcaf45-ef27-46b3-9f2f-f2e7ad1619ea,2026-04-25T17:21:39.013857-04:00,node-01,payments-api,200,True,normal,market_aware_v1,59.073,56.062,190.155,24.661,0.799,85.324,45.221,1.926
a0c08c04-c37b-42dc-b828-d44ec90d1939,2026-04-25T17:21:39.024325-04:00,node-01,orders-api,503,True,normal,market_aware_v1,59.922,50.949,172.094,29.493,0.898,86.639,84.871,2.416
cb8c3e03-c596-40cf-b943-de8c4aab8153,2026-04-25T17:21:39.034869-04:00,node-01,checkout-api,503,True,anomalous,market_aware_v1,58.749,54.497,193.621,30.938,1.271,90.029,57.917,2.967
70f6ab44-e14a-4ea9-88b2-9ee06463882f,2026-04-25T17:21:39.045338-04:00,node-01,payments-api,200,True,normal,market_aware_v1,50.296,56.858,176.65,25.343,0.819,84.15,52.801,1.992
d5c2a56d-ed24-4a43-8b80-d46ed8026f6a,2026-04-25T17:21:39.055893-04:00,node-01,orders-api,429,True,normal,market_aware_v1,60.28,48.124,159.391,30.588,0.65,86.329,82.889,1.727
39a14e9b-4fb3-4b17-9fd1-3c45d4406f57,2026-04-25T17:21:39.066323-04:00,node-01,checkout-api,429,True,normal,market_aware_v1,56.939,51.629,154.65,29.398,0.704,72.369,67.286,1.739
115640e1-36b1-47cf-b7f8-e7be5df62464,2026-04-25T17:21:39.076791-04:00,node-01,payments-api,429,True,normal,market_aware_v1,56.909,57.684,179.251,28.074,0.706,86.347,50.281,2.052
9544cc68-3409-497a-992d-34396445853a,2026-04-25T17:21:39.087262-04:00,node-01,orders-api,429,True,normal,market_aware_v1,59.981,53.161,150.926,31.816,0.519,78.808,85.569,1.494
84a2d2cb-a216-45cd-9674-263178001068,2026-04-25T17:21:39.097730-04:00,node-01,checkout-api,429,True,normal,market_aware_v1,59.076,54.487,170.501,29.411,0.858,82.626,67.057,2.127
f20c5b5e-24a3-4e58-b081-ee041f00e118,2026-04-25T17:21:39.108207-04:00,node-01,payments-api,200,True,normal,market_aware_v1,52.796,56.724,188.435,26.977,0.69,83.192,55.793,1.782
38dda491-20fa-4a26-95ec-a24336597696,2026-04-25T17:21:39.118621-04:00,node-01,orders-api,429,True,anomalous,market_aware_v1,59.49,52.538,168.233,30.761,0.953,86.671,81.925,2.277
7332b8de-f8a9-40e6-9f8f-0a7d3c8775a5,2026-04-25T17:21:39.129074-04:00,node-01,checkout-api,502,True,anomalous,market_aware_v1,67.197,54.488,189.22,32.599,1.188,90.58,54.923,2.622
627f5929-980b-4e2b-bfa2-a75ff2d01f46,2026-04-25T17:21:39.139566-04:00,node-01,payments-api,200,True,normal,market_aware_v1,57.282,54.404,180.376,26.384,0.771,84.556,53.069,1.886
0e7e0241-cb54-4633-abbe-eb8fb0264097,2026-04-25T17:21:39.150029-04:00,node-01,orders-api,200,True,normal,market_aware_v1,61.755,49.717,166.146,31.993,0.697,83.792,82.509,1.844
e7100594-cdeb-4160-82fc-659281161468,2026-04-25T17:21:39.160522-04:00,node-01,checkout-api,429,True,normal,market_aware_v1,57.119,55.111,168.969,28.462,0.72,77.169,65.644,1.757
38e80d3f-48ce-4ec1-ade9-bfb83ac7e2e1,2026-04-25T17:21:39.171000-04:00,node-01,payments-api,429,True,normal,market_aware_v1,59.455,58.955,193.9,27.14,0.804,88.335,47.129,2.067
8dbcbe87-33af-4cd1-bd64-3afe35eabc4d,2026-04-25T17:21:39.181506-04:00,node-01,orders-api,429,True,normal,market_aware_v1,59.624,45.144,155.569,29.184,0.562,80.293,84.916,1.544
e8b98624-642a-4e99-bddb-479834af2991,2026-04-25T17:21:39.191985-04:00,node-01,checkout-api,200,True,normal,market_aware_v1,55.197,50.973,173.558,30.023,0.794,84.431,59.13,1.894
952741db-8513-49a8-beef-cf635194d695,2026-04-25T17:21:39.202546-04:00,node-01,payments-api,200,True,normal,market_aware_v1,47.868,56.043,163.069,27.537,0.574,74.105,52.035,1.538
7127502e-a655-4e87-9e58-e7c7e2350bbb,2026-04-25T17:21:39.213120-04:00,node-01,orders-api,429,True,normal,market_aware_v1,57.585,50.821,161.424,30.101,0.625,81.253,77.973,1.642
95199a2e-a5e0-4ec5-8c34-0d005e1927b4,2026-04-25T17:21:39.223558-04:00,node-01,checkout-api,429,True,normal,market_aware_v1,56.33,53.616,167.813,28.667,0.86,87.742,52.317,2.032
2bd1f887-e9c0-4ceb-9f08-d66075032bff,2026-04-25T17:21:39.234113-04:00,node-01,payments-api,429,True,normal,market_aware_v1,50.21,48.768,170.745,24.771,0.723,81.096,44.544,1.865
88ef69b0-53d2-4e92-a2ce-c27fb4421b9f,2026-04-25T17:21:39.244514-04:00,node-01,orders-api,429,True,normal,market_aware_v1,61.099,43.706,162.648,29.112,0.634,83.306,77.991,1.657
a43b3f5b-de19-4fc6-91d0-0eb6c6bb91be,2026-04-25T17:21:39.255061-04:00,node-01,checkout-api,429,True,normal,market_aware_v1,50.153,48.566,173.285,29.476,0.686,72.352,59.17,1.623
b6902dda-92d7-44a2-936a-5fb9b3a52fb0,2026-04-25T17:21:39.265621-04:00,node-01,payments-api,200,True,normal,market_aware_v1,50.766,53.229,174.852,25.92,0.776,86.735,46.669,1.847
18a97e8b-c394-459d-a035-f8b0859171d6,2026-04-25T17:21:39.276087-04:00,node-01,orders-api,200,True,normal,market_aware_v1,58.125,46.372,171.407,28.921,0.648,81.775,78.457,1.647
ed59176e-56f5-4044-8976-c891376c2fe1,2026-04-25T17:21:39.286558-04:00,node-01,checkout-api,200,True,normal,market_aware_v1,54.429,50.176,174.167,27.428,0.801,84.533,53.565,1.978
fbf78578-d815-47fd-b92e-887966fb88dc,2026-04-25T17:21:39.297050-04:00,node-01,payments-api,500,True,normal,market_aware_v1,48.986,51.424,182.128,25.237,0.789,88.438,40.934,2.02
79839a4d-9112-43d1-a14e-8fd1455ac75f,2026-04-25T17:21:39.307551-04:00,node-01,orders-api,429,True,normal,market_aware_v1,55.264,47.672,148.034,30.829,0.593,78.003,76.332,1.591
275fe479-29e1-47d1-87a5-acfa44da7b7b,2026-04-25T17:21:39.318097-04:00,node-01,checkout-api,429,True,normal,market_aware_v1,53.657,50.954,166.227,28.73,0.746,79.458,55.161,1.832
7ca474c1-0b93-4146-8e32-db4790f9c3db,2026-04-25T17:21:39.328604-04:00,node-01,payments-api,429,True,anomalous,market_aware_v1,57.464,53.026,203.963,26.229,1.186,91.561,41.148,2.626
cdb6213a-36c9-47e5-83f0-e4ec083e3e79,2026-04-25T17:21:39.339078-04:00,node-01,orders-api,429,True,normal,market_aware_v1,59.023,48.133,154.593,31.597,0.647,82.215,84.404,1.708
302cadb9-a4b4-44c7-b6c2-4907efb8430b,2026-04-25T17:21:39.349620-04:00,node-01,checkout-api,200,True,normal,market_aware_v1,54.372,53.43,155.426,29.329,0.682,77.64,61.186,1.709
e93c1fec-249d-423f-9c47-6651c4b75975,2026-04-25T17:21:39.360183-04:00,node-01,payments-api,500,True,normal,market_aware_v1,51.289,53.674,170.579,25.651,0.774,83.844,53.102,2.05
5b3a459f-b320-4ad0-8d94-6fdf9db70129,2026-04-25T17:21:39.370605-04:00,node-01,orders-api,200,True,normal,market_aware_v1,62.132,49.654,169.377,31.631,0.673,83.138,88.4,1.782
d04f00ea-87e2-4625-9558-52c058d096c0,2026-04-25T17:21:39.381082-04:00,node-01,checkout-api,200,True,normal,market_aware_v1,58.376,52.134,170.662,30.665,0.733,84.098,62.969,1.932
286593fe-8390-4cce-a865-e04298d7f327,2026-04-25T17:21:39.391592-04:00,node-01,payments-api,500,True,normal,market_aware_v1,54.674,54.651,179.463,25.181,0.785,85.698,47.539,2.084
aa9875b7-f65a-41cd-a972-b6bc6e885fc5,2026-04-25T17:21:39.402108-04:00,node-01,orders-api,200,True,normal,market_aware_v1,57.63,52.782,145.528,33.357,0.46,70.216,94.321,1.354
8105c024-7226-4b16-af45-cf17462e5efd,2026-04-25T17:21:39.412587-04:00,node-01,checkout-api,502,True,normal,market_aware_v1,62.483,49.143,190.315,29.069,0.879,91.211,60.044,2.274
3f8443a1-dd7e-4684-9bd5-d92b2cf7e22b,2026-04-25T17:21:39.423062-04:00,node-01,payments-api,429,True,anomalous,market_aware_v1,64.367,59.05,207.367,28.27,1.136,95.957,45.325,2.58
894a64ce-326a-4802-a5f4-24cf256b9738,2026-04-25T17:21:39.433558-04:00,node-01,orders-api,429,True,normal,market_aware_v1,64.267,55.429,169.269,33.645,0.764,86.336,89.909,1.879
0d6e5b3f-e4c8-4216-bfba-28859f36de88,2026-04-25T17:21:39.444107-04:00,node-01,checkout-api,429,True,anomalous,market_aware_v1,67.877,56.545,187.978,31.696,1.235,90.787,66.658,2.459
4e93cb2d-eb54-4ae6-b70b-485908af3516,2026-04-25T17:21:39.454533-04:00,node-01,payments-api,503,True,normal,market_aware_v1,57.559,55.9,183.245,28.182,0.856,92.602,54.128,2.258
5a398759-aca9-4ac9-8539-6773b4a39f03,2026-04-25T17:21:39.465025-04:00,node-01,orders-api,429,True,normal,market_aware_v1,63.925,53.218,163.925,32.778,0.662,85.974,91.823,1.794
6ac5f567-cd1c-4a92-a6d5-ddfa01e9247e,2026-04-25T17:21:39.475529-04:00,node-01,checkout-api,200,True,normal,market_aware_v1,61.283,56.146,166.383,30.322,0.735,77.204,70.081,1.773
831d1797-b943-424a-bf0d-9b76e4491a24,2026-04-25T17:21:39.486023-04:00,node-01,payments-api,200,True,normal,market_aware_v1,56.756,57.078,182.588,29.865,0.718,82.405,56.174,1.812
94420661-6a10-4fcc-8d5f-c408de3ebb93,2026-04-25T17:21:39.496698-04:00,node-01,orders-api,502,True,normal,market_aware_v1,68.432,55.092,181.516,32.681,0.684,94.159,84.846,2.013
50226d7f-a80a-4417-aba8-527943a82cd7,2026-04-25T17:21:39.507250-04:00,node-01,checkout-api,200,True,normal,market_aware_v1,62.518,51.566,165.438,30.211,0.762,80.863,67.514,1.843
df69d965-8722-40b6-b937-9c2936384b91,2026-04-25T17:21:39.517652-04:00,node-01,payments-api,200,True,normal,market_aware_v1,57.639,57.039,183.807,25.167,0.663,80.431,53.357,1.815
6219ad40-2cc2-4406-b5eb-ea936a9e6ca3,2026-04-25T17:21:39.528054-04:00,node-01,orders-api,200,True,normal,market_aware_v1,61.96,52.445,151.113,34.06,0.52,74.749,93.907,1.458
9befa7c0-b450-4258-a550-30146a13c008,2026-04-25T17:21:39.538529-04:00,node-01,checkout-api,502,True,anomalous,market_aware_v1,67.245,56.63,186.465,32.242,1.215,91.542,53.744,2.648
b295f736-def3-4920-b908-2c3a8ee27070,2026-04-25T17:21:39.549011-04:00,node-01,payments-api,502,True,normal,market_aware_v1,54.975,53.303,186.996,27.001,0.808,91.485,46.35,2.103
ff4b1033-7d51-4dab-9ba2-fb4d1512a864,2026-04-25T17:21:39.559494-04:00,node-01,orders-api,200,True,normal,market_aware_v1,56.564,50.616,140.96,32.596,0.565,75.91,92.779,1.507
6704d9dc-c7cf-413e-b926-9b9bf88ec0b3,2026-04-25T17:21:39.569965-04:00,node-01,checkout-api,200,True,normal,market_aware_v1,56.228,53.418,170.883,30.651,0.706,79.258,63.478,1.843
8ced823a-3d3c-4b07-ae5f-20898bf47b84,2026-04-25T17:21:39.580585-04:00,node-01,payments-api,500,True,normal,market_aware_v1,56.705,54.334,209.88,28.48,0.983,96.172,48.266,2.801
13342f39-3af0-4d4a-aeda-c4c5fbf6cde7,2026-04-25T17:21:39.591234-04:00,node-01,orders-api,429,True,normal,market_aware_v1,61.112,47.554,149.615,29.376,0.528,76.155,79.464,1.467
21bbe877-ec24-4749-a02e-5d4a5a311cee,2026-04-25T17:21:39.601668-04:00,node-01,checkout-api,200,True,normal,market_aware_v1,56.038,49.605,155.83,28.152,0.696,74.733,61.551,1.645
0932b80f-701a-4067-b4d6-7dad6530eadd,2026-04-25T17:21:39.612071-04:00,node-01,payments-api,200,True,normal,market_aware_v1,51.394,51.507,172.423,24.67,0.639,77.909,47.059,1.736
bbff7f61-1999-45bf-972d-d6b198e4279a,2026-04-25T17:21:39.622563-04:00,node-01,orders-api,200,True,normal,market_aware_v1,55.502,49.245,170.172,29.415,0.718,80.224,76.332,1.716
c43e8e97-2f0d-4597-b273-874a0b406d1f,2026-04-25T17:21:39.633045-04:00,node-01,checkout-api,500,True,normal,market_aware_v1,54.461,50.4,188.798,27.214,0.839,87.885,56.402,2.029
6607219d-2a06-4989-bf0f-8fed1ff0dde1,2026-04-25T17:21:39.643486-04:00,node-01,payments-api,200,True,normal,market_aware_v1,46.285,51.15,170.848,24.988,0.737,82.717,42.334,1.899
3b4617ef-ee69-4410-a7ee-000c8c12eabf,2026-04-25T17:21:39.653995-04:00,node-01,orders-api,200,True,normal,market_aware_v1,56.789,45.046,163.665,28.6,0.519,80.284,70.532,1.427
5ca03f43-b5ca-4638-954f-4170bc2efa59,2026-04-25T17:21:39.664457-04:00,node-01,checkout-api,200,True,normal,market_aware_v1,47.588,48.952,165.869,26.757,0.755,79.704,55.61,1.862
ed661b29-3e58-4a72-becd-26edc12eed58,2026-04-25T17:21:39.674934-04:00,node-01,payments-api,502,True,normal,market_aware_v1,48.52,53.251,192.836,24.832,0.949,89.283,42.507,2.419
75c1acd1-8377-49b5-9485-e5fd87843bdb,2026-04-25T17:21:39.685402-04:00,node-01,orders-api,200,True,normal,market_aware_v1,49.234,46.93,141.349,28.831,0.458,74.245,80.64,1.243
4958fe69-1b77-420b-9f3f-5a437352ae86,2026-04-25T17:21:39.695918-04:00,node-01,checkout-api,200,True,normal,market_aware_v1,54.718,47.555,168.377,27.066,0.723,79.008,52.556,1.669
a0733a5d-f894-46a2-9832-757934905b44,2026-04-25T17:21:39.706331-04:00,node-01,payments-api,429,True,normal,market_aware_v1,43.482,51.4,157.429,22.135,0.718,74.773,38.434,1.746
70e94828-689c-4bb1-81d4-70d89fe8238f,2026-04-25T17:21:39.716885-04:00,node-01,orders-api,429,True,normal,market_aware_v1,55.58,47.526,154.104,29.073,0.547,84.175,73.672,1.62
54d8fec3-4cd8-4e55-b1a8-32303a7ebdaf,2026-04-25T17:21:39.727407-04:00,node-01,checkout-api,502,True,normal,market_aware_v1,53.82,47.974,171.797,25.956,0.89,84.404,45.15,2.11
28f07fcc-d2a5-4adc-99f1-9acd1322659c,2026-04-25T17:21:39.737980-04:00,node-01,payments-api,200,True,normal,market_aware_v1,49.224,48.559,177.214,24.416,0.68,76.752,42.304,1.671
04c9b15e-71a9-4305-bbef-6184d7ae108d,2026-04-25T17:21:39.748543-04:00,node-01,orders-api,200,True,normal,market_aware_v1,55.363,45.167,150.597,30.553,0.649,82.774,80.492,1.809
1c580db0-148d-4ab0-929a-a9394304156e,2026-04-25T17:21:39.759018-04:00,node-01,checkout-api,200,True,normal,market_aware_v1,53.619,49.996,170.572,26.841,0.734,80.41,57.104,1.641
ca146d1c-64cd-4a2c-9a90-0dfa371dfe70,2026-04-25T17:21:39.769485-04:00,node-01,payments-api,200,True,normal,market_aware_v1,47.657,49.882,173.818,23.473,0.716,83.918,55.665,1.826
7d6a45ce-ed83-4631-9944-36fc2ea6d3c1,2026-04-25T17:21:39.779966-04:00,node-01,orders-api,200,True,normal,market_aware_v1,56.858,47.748,152.368,28.555,0.543,75.992,82.047,1.423
9af7530b-e6aa-4e69-aa19-c57e8f9e4c1f,2026-04-25T17:21:39.790401-04:00,node-01,checkout-api,429,True,normal,market_aware_v1,56.907,48.997,166.746,28.592,0.879,83.996,59.174,2.081
d291f91b-11d4-4bd7-8827-56c6e1e42ac0,2026-04-25T17:21:39.800892-04:00,node-01,payments-api,502,True,anomalous,market_aware_v1,54.681,54.873,200.819,26.817,1.149,95.155,37.312,2.593
86034a5f-75d5-4240-85aa-369b30b8f5f5,2026-04-25T17:21:39.811364-04:00,node-01,orders-api,200,True,normal,market_aware_v1,59.15,50.32,164.258,31.748,0.604,84.996,77.599,1.709
37db60c4-6e01-4409-942d-5bc35d281820,2026-04-25T17:21:39.821867-04:00,node-01,checkout-api,200,True,normal,market_aware_v1,55.411,52.898,171.495,28.865,0.783,81.486,60.706,1.825
e475b378-00a1-40df-9113-16ab4514e450,2026-04-25T17:21:39.832336-04:00,node-01,payments-api,200,True,normal,market_aware_v1,53.743,56.117,181.679,25.307,0.766,81.577,51.109,1.851
75af115e-654d-445f-a275-f51ca91655c8,2026-04-25T17:21:39.842883-04:00,node-01,orders-api,200,True,normal,market_aware_v1,57.086,51.379,161.067,30.282,0.602,77.941,91.147,1.5
5cdceb46-02e6-48a6-987d-89751d3ee910,2026-04-25T17:21:39.853332-04:00,node-01,checkout-api,429,True,normal,market_aware_v1,56.866,53.547,166.282,29.668,0.786,76.298,61.489,1.651
b0978d6f-c6b3-4934-baf1-09c028c2f6f6,2026-04-25T17:21:39.863890-04:00,node-01,payments-api,200,True,normal,market_aware_v1,55.757,53.588,177.005,27.195,0.65,77.656,57.788,1.786
0692b068-d228-46e0-9277-06ac29304f38,2026-04-25T17:21:39.874407-04:00,node-01,orders-api,200,True,normal,market_aware_v1,60.316,51.512,165.802,33.027,0.659,82.549,84.586,1.722
158f35fa-b5cb-47f0-b825-d06e0ae9fc47,2026-04-25T17:21:39.884950-04:00,node-01,checkout-api,429,True,normal,market_aware_v1,61.363,56.115,168.841,29.15,0.857,82.131,69.056,1.963
c9e9d415-7f39-4183-bb23-73c8f5840e04,2026-04-25T17:21:39.895491-04:00,node-01,payments-api,503,True,normal,market_aware_v1,59.317,54.629,184.4,27.529,0.765,88.478,49.664,2.119
3bbe09be-46c3-4af0-9b25-506a367baf00,2026-04-25T17:21:39.906045-04:00,node-01,orders-api,429,True,normal,market_aware_v1,60.536,49.58,149.571,32.108,0.528,77.784,89.189,1.575
a1b17a49-b7e9-4469-a989-c528611390ea,2026-04-25T17:21:39.916633-04:00,node-01,checkout-api,200,True,normal,market_aware_v1,60.273,49.696,159.443,31.446,0.686,75.334,73.239,1.742
944e78b9-5a53-4980-87de-66fb18d6021a,2026-04-25T17:21:39.927112-04:00,node-01,payments-api,200,True,normal,market_aware_v1,55.169,54.156,187.0,24.631,0.786,86.058,50.645,1.99
32491d04-da9c-4e1f-8429-44672f343726,2026-04-25T17:21:39.937549-04:00,node-01,orders-api,200,True,normal,market_aware_v1,60.3,46.974,159.706,32.768,0.603,79.041,89.012,1.64
7b8ca18d-5ef3-4f32-8688-b6259c554857,2026-04-25T17:21:39.948085-04:00,node-01,checkout-api,200,True,normal,market_aware_v1,58.823,56.309,171.271,31.743,0.86,84.397,60.074,1.913
89423637-386f-4737-af8f-95d0f7b2af0a,2026-04-25T17:21:39.958534-04:00,node-01,payments-api,500,True,normal,market_aware_v1,55.062,53.242,189.475,26.292,0.736,89.63,51.402,2.259
da21e3a8-013e-4bb8-9b6e-ec8c04632e17,2026-04-25T17:21:39.969025-04:00,node-01,orders-api,200,True,normal,market_aware_v1,63.367,50.727,172.014,29.768,0.76,90.117,83.95,1.926
2432b60a-f6e2-4c6d-93bd-d8faea93abf2,2026-04-25T17:21:39.979542-04:00,node-01,checkout-api,502,True,anomalous,market_aware_v1,59.609,54.072,203.294,31.653,1.319,95.9,54.08,2.763
197eeed8-456c-4e2a-a951-8980759ea801,2026-04-25T17:21:39.990087-04:00,node-01,payments-api,200,True,normal,market_aware_v1,53.271,51.422,174.788,29.42,0.836,84.181,49.148,1.904
53f4c043-0bea-46bb-b81d-a9b3e9e0383e,2026-04-25T17:21:40.000617-04:00,node-01,orders-api,200,True,anomalous,market_aware_v1,63.101,53.794,165.125,34.024,0.95,82.545,81.938,1.966
3872f2b8-1249-4a4b-b6c6-40b000928dd3,2026-04-25T17:21:40.011168-04:00,node-01,checkout-api,200,True,normal,market_aware_v1,50.771,54.341,154.975,27.997,0.767,73.205,68.162,1.688
17e41e33-5836-467a-9291-07af66335b08,2026-04-25T17:21:40.021655-04:00,node-01,payments-api,200,True,normal,market_aware_v1,52.529,53.844,179.932,23.867,0.715,83.781,44.468,1.985
4346bb4a-b750-485c-b76d-543d84b7dd1a,2026-04-25T17:21:40.032055-04:00,node-01,orders-api,503,True,normal,market_aware_v1,54.383,49.55,171.285,31.686,0.861,92.737,79.628,2.312
dabe8b0b-553e-49cf-9558-456490cdd8fd,2026-04-25T17:21:40.042409-04:00,node-01,checkout-api,200,True,normal,market_aware_v1,53.822,50.077,171.26,28.799,0.703,81.115,63.226,1.913
55f3c08c-ea59-4872-9a34-60b32060c821,2026-04-25T17:21:40.052761-04:00,node-01,payments-api,200,True,normal,market_aware_v1,51.705,52.418,162.209,25.212,0.74,78.181,47.287,1.826
ddd09cff-c01d-4f51-9a69-2b8479030437,2026-04-25T17:21:40.063255-04:00,node-01,orders-api,200,True,normal,market_aware_v1,59.646,48.128,162.257,29.137,0.663,80.134,84.977,1.801
13e3658e-f383-434a-9f06-dc3e161615c2,2026-04-25T17:21:40.073691-04:00,node-01,checkout-api,429,True,normal,market_aware_v1,54.947,52.41,158.496,26.403,0.729,77.15,61.411,1.762
1c5dfc10-e855-4ec8-a0b1-e2c4793abb78,2026-04-25T17:21:40.084182-04:00,node-01,payments-api,429,True,normal,market_aware_v1,49.392,51.659,178.494,24.949,0.751,82.807,46.134,1.873
9cc33a6c-03c9-476b-b9b9-fea383e0d08a,2026-04-25T17:21:40.094650-04:00,node-01,orders-api,429,True,normal,market_aware_v1,57.103,45.102,151.374,29.643,0.621,76.227,78.35,1.449
7c110c44-c7f4-4d33-9433-11a8b7b4b77f,2026-04-25T17:21:40.105155-04:00,node-01,checkout-api,500,True,normal,market_aware_v1,56.357,51.284,171.468,28.435,0.883,86.785,58.084,2.121
1699f29e-50dc-46bf-85e1-ff543194f3fb,2026-04-25T17:21:40.115617-04:00,node-01,payments-api,500,True,anomalous,market_aware_v1,58.474,56.428,204.507,25.758,1.038,88.573,45.071,2.499
ee199e83-b648-4201-be75-271de616e7a8,2026-04-25T17:21:40.126183-04:00,node-01,orders-api,200,True,normal,market_aware_v1,60.33,48.581,152.202,30.981,0.576,78.421,81.372,1.609
e5d7ae59-1625-4035-adad-0bf2f6515f60,2026-04-25T17:21:40.136613-04:00,node-01,checkout-api,429,True,anomalous,market_aware_v1,62.23,51.982,186.075,29.923,1.165,87.546,56.638,2.413
a51085ed-265b-467b-bd6c-f171daee64b1,2026-04-25T17:21:40.147093-04:00,node-01,payments-api,429,True,normal,market_aware_v1,54.352,53.312,183.89,26.846,0.741,81.26,53.272,1.641
4981a0b9-f0cb-4b90-894c-0586c9407fb4,2026-04-25T17:21:40.157611-04:00,node-01,orders-api,200,True,normal,market_aware_v1,60.764,48.908,174.385,30.447,0.605,88.124,80.18,1.869
aeb83cb7-e689-4a77-96f2-5d914a0ef28f,2026-04-25T17:21:40.168097-04:00,node-01,checkout-api,200,True,normal,market_aware_v1,59.531,56.115,180.118,29.659,0.777,84.758,59.166,1.998
f64f3068-56d7-48b7-806c-e98e8f00b1da,2026-04-25T17:21:40.178542-04:00,node-01,payments-api,200,True,normal,market_aware_v1,55.473,54.237,186.824,25.92,0.746,83.071,48.469,1.882
81fc7e01-a825-4254-a863-1197c48c6fd2,2026-04-25T17:21:40.189031-04:00,node-01,orders-api,200,True,normal,market_aware_v1,65.225,50.106,155.444,32.155,0.62,82.03,91.542,1.574
46667d90-da5f-4847-bbb7-c7dad77286b3,2026-04-25T17:21:40.199473-04:00,node-01,checkout-api,429,True,anomalous,market_aware_v1,63.252,57.963,184.048,32.04,1.124,86.552,59.963,2.383
edef5e44-b97e-434f-81dd-4dafbe190b0f,2026-04-25T17:21:40.209963-04:00,node-01,payments-api,200,True,normal,market_aware_v1,58.474,56.736,195.841,27.023,0.683,85.165,54.378,1.863
a01f373c-a178-4ce0-a508-db8265d85234,2026-04-25T17:21:40.220410-04:00,node-01,orders-api,429,True,normal,market_aware_v1,67.475,52.294,167.618,34.366,0.801,87.946,88.603,1.97
d8ef3bee-1d4b-4dd3-99aa-063b01cbc40b,2026-04-25T17:21:40.231172-04:00,node-01,checkout-api,429,True,normal,market_aware_v1,65.7,54.297,177.305,29.332,0.808,85.821,64.059,1.883
a4acfcda-3d48-46ca-9a9a-7878da144aea,2026-04-25T17:21:40.241555-04:00,node-01,payments-api,200,True,normal,market_aware_v1,59.127,56.867,188.802,28.542,0.712,83.731,62.299,1.869
5c39e437-628e-4cfa-9a85-5b7ac5d0903e,2026-04-25T17:21:40.252043-04:00,node-01,orders-api,200,True,normal,market_aware_v1,64.693,55.777,168.15,31.669,0.733,85.04,87.681,1.915
fee4fb1c-d833-42e6-9d6d-262b1b5ffc7c,2026-04-25T17:21:40.262536-04:00,node-01,checkout-api,500,True,anomalous,market_aware_v1,64.43,59.387,191.629,32.484,1.195,89.249,65.076,2.639
0b5e87d6-aa3b-4a83-bda0-a81db7cbff27,2026-04-25T17:21:40.273013-04:00,node-01,payments-api,429,True,normal,market_aware_v1,59.666,56.303,180.443,27.421,0.683,81.763,60.739,1.738
ade66e63-2b45-4f2d-8c5a-6bbe8b3c02d8,2026-04-25T17:21:40.283499-04:00,node-01,orders-api,200,True,normal,market_aware_v1,62.235,51.359,162.391,34.481,0.646,85.715,91.14,1.784
0ebb3494-98fc-4d7c-ae12-58fcfc8b6d05,2026-04-25T17:21:40.294018-04:00,node-01,checkout-api,503,True,normal,market_aware_v1,59.292,57.382,183.192,29.18,0.866,85.517,66.97,2.018
2f6fbf4a-41d4-4fe0-9832-572633744cd9,2026-04-25T17:21:40.304497-04:00,node-01,payments-api,200,True,normal,market_aware_v1,56.212,58.847,176.247,27.032,0.786,83.041,59.303,1.995
afaabc14-3fdd-4194-8f88-035d1d538b4f,2026-04-25T17:21:40.315006-04:00,node-01,orders-api,429,True,normal,market_aware_v1,65.925,51.661,187.988,31.07,0.97,97.864,87.65,2.493
f198f202-cf75-42f7-8041-418cb86abca6,2026-04-25T17:21:40.325432-04:00,node-01,checkout-api,200,True,normal,market_aware_v1,61.071,52.487,170.418,28.811,0.699,76.682,68.655,1.686
c78b8a96-0d81-4ae8-8825-0ca03a3252b6,2026-04-25T17:21:40.335863-04:00,node-01,payments-api,200,True,normal,market_aware_v1,58.171,59.561,182.011,29.938,0.75,81.398,49.468,1.816
5098fdce-ed99-4c62-b8e1-fa98d493c65a,2026-04-25T17:21:40.346425-04:00,node-01,orders-api,200,True,normal,market_aware_v1,59.745,51.306,161.524,30.353,0.617,85.005,84.804,1.76
e26aaaa7-a9ea-4a4b-9191-f5103b7faba5,2026-04-25T17:21:40.356874-04:00,node-01,checkout-api,503,True,anomalous,market_aware_v1,62.336,51.784,189.105,31.276,1.074,84.364,56.796,2.392
cfe47368-59ee-441f-95ab-1f98f2aef646,2026-04-25T17:21:40.367337-04:00,node-01,payments-api,200,True,normal,market_aware_v1,53.864,54.014,164.938,25.293,0.743,85.061,52.24,1.916
e73c7b70-340a-4c21-9362-4f7f1f42eb1b,2026-04-25T17:21:40.377853-04:00,node-01,orders-api,200,True,normal,market_aware_v1,58.671,50.118,167.94,34.175,0.656,83.724,85.949,1.872
0d6bda57-999c-46b1-b83b-8c894b159c30,2026-04-25T17:21:40.388312-04:00,node-01,checkout-api,200,True,normal,market_aware_v1,54.295,49.16,170.771,28.485,0.732,76.797,66.367,1.732
a3f4beaa-3ea8-4aa2-9ff7-1f645a2f7c98,2026-04-25T17:21:40.398790-04:00,node-01,payments-api,200,True,normal,market_aware_v1,54.882,57.029,190.945,26.751,0.735,81.553,51.573,1.779
6addddd0-5050-4f3e-94ba-cbd68aff1efc,2026-04-25T17:21:40.409268-04:00,node-01,orders-api,429,True,normal,market_aware_v1,55.045,44.886,153.224,29.244,0.642,80.925,82.212,1.636
d67a205a-77cf-4b98-84d7-564ceb58481f,2026-04-25T17:21:40.419855-04:00,node-01,checkout-api,500,True,normal,market_aware_v1,54.103,47.575,176.934,28.112,0.823,83.174,53.855,2.06
677e99df-b2d7-49b9-877a-4df027b3cab5,2026-04-25T17:21:40.430328-04:00,node-01,payments-api,200,True,normal,market_aware_v1,49.562,51.861,177.369,24.406,0.745,77.892,44.881,1.814
efa5944d-8ac6-4ce0-91c0-0a8c3847ed3c,2026-04-25T17:21:40.440844-04:00,node-01,orders-api,200,True,normal,market_aware_v1,51.945,47.623,163.91,29.222,0.551,76.078,77.659,1.524
35bd86ea-faa0-4c17-a6d9-f6f5ca031fc6,2026-04-25T17:21:40.451337-04:00,node-01,checkout-api,429,True,normal,market_aware_v1,51.568,47.777,164.208,27.62,0.78,77.677,60.63,1.888
1ba87f33-36aa-40e4-9cf3-c007d85be6bf,2026-04-25T17:21:40.461769-04:00,node-01,payments-api,503,True,normal,market_aware_v1,49.01,53.54,189.722,26.204,0.814,87.658,38.126,2.068
17b1032f-c648-4b75-84ae-5ec74f4693c3,2026-04-25T17:21:40.472241-04:00,node-01,orders-api,500,True,anomalous,market_aware_v1,56.805,47.724,177.723,31.372,1.089,96.493,68.518,2.424
1e8b9101-3e45-4318-8784-13bdabb0d75d,2026-04-25T17:21:40.482662-04:00,node-01,checkout-api,429,True,normal,market_aware_v1,53.91,49.707,166.738,26.906,0.731,82.66,50.632,1.947
f9d566e2-aa6f-4896-b9a7-5848723497b8,2026-04-25T17:21:40.493160-04:00,node-01,payments-api,429,True,normal,market_aware_v1,48.734,49.598,185.757,25.434,0.745,88.792,41.715,1.995
56bcc18c-d0e9-40cc-9024-f46c71537610,2026-04-25T17:21:40.503606-04:00,node-01,orders-api,200,True,normal,market_aware_v1,58.308,48.652,147.896,31.611,0.536,79.468,77.429,1.511
9e991834-7cb5-4868-8ca1-e61c7a7f8f61,2026-04-25T17:21:40.514094-04:00,node-01,checkout-api,429,True,normal,market_aware_v1,52.722,50.08,169.043,28.811,0.788,78.378,57.557,1.917
7d542c19-25cc-4fc8-835c-8647e0647fdc,2026-04-25T17:21:40.524527-04:00,node-01,payments-api,429,True,normal,market_aware_v1,49.536,49.059,190.145,22.34,0.887,87.9,33.18,2.152
afddb5ec-794e-427b-a3c6-d7eb70c465fe,2026-04-25T17:21:40.535030-04:00,node-01,orders-api,500,True,normal,market_aware_v1,59.498,44.135,167.511,25.422,0.739,87.737,74.498,2.054
6e842b7e-2eb7-48bc-b9e6-cd38b23bee80,2026-04-25T17:21:40.545509-04:00,node-01,checkout-api,200,True,normal,market_aware_v1,54.048,51.039,171.776,25.794,0.791,79.266,52.859,1.876
8c2842d0-403f-47eb-b9fb-c1df8ce27ac4,2026-04-25T17:21:40.556003-04:00,node-01,payments-api,503,True,anomalous,market_aware_v1,52.905,56.346,195.762,26.297,1.105,92.803,37.485,2.628
5d82c5b0-6445-4169-8236-4bedda84b2ec,2026-04-25T17:21:40.566482-04:00,node-01,orders-api,200,True,normal,market_aware_v1,54.706,48.154,166.198,30.361,0.69,82.861,75.367,1.77
e664852e-0d84-4225-a03e-d2fe1724915e,2026-04-25T17:21:40.576950-04:00,node-01,checkout-api,429,True,anomalous,market_aware_v1,61.266,52.681,186.869,31.039,1.1,87.705,52.681,2.342
a89438e9-6aaa-4fb3-a5c6-51c3714090d1,2026-04-25T17:21:40.587413-04:00,node-01,payments-api,500,True,normal,market_aware_v1,54.312,52.406,185.528,26.185,0.794,86.752,51.697,2.087
31556758-0a38-4871-a306-dc0814edb30f,2026-04-25T17:21:40.598037-04:00,node-01,orders-api,200,True,normal,market_aware_v1,58.456,47.133,171.033,29.354,0.658,83.907,81.92,1.784
c3207e26-aa9e-481b-b9e3-f0822fb9b613,2026-04-25T17:21:40.608526-04:00,node-01,checkout-api,500,True,anomalous,market_aware_v1,64.983,57.187,195.317,29.778,1.245,96.088,54.07,2.775
63a2774a-632b-409f-9fd6-3935b367f6cb,2026-04-25T17:21:40.619205-04:00,node-01,payments-api,503,True,normal,market_aware_v1,55.636,55.791,198.478,26.77,0.757,93.47,39.777,2.052
15c5ac30-8534-4e78-b36d-d5ce9b4af3de,2026-04-25T17:21:40.629794-04:00,node-01,orders-api,200,True,normal,market_aware_v1,55.967,49.781,145.98,32.526,0.662,76.213,83.123,1.593
4aebbfe0-f846-49d1-99ec-9318b32a7c64,2026-04-25T17:21:40.640400-04:00,node-01,checkout-api,429,True,normal,market_aware_v1,60.105,53.339,187.855,29.351,0.936,88.523,60.112,2.212
1edadd59-b5b5-460f-9645-4ddc186a149e,2026-04-25T17:21:40.651009-04:00,node-01,payments-api,503,True,anomalous,market_aware_v1,61.122,57.41,206.338,25.468,1.127,98.806,41.637,2.764
7932d67b-1f05-4304-9033-82991282c7af,2026-04-25T17:21:40.661554-04:00,node-01,orders-api,429,True,normal,market_aware_v1,58.147,50.155,165.433,29.866,0.674,91.368,82.861,1.881
d185f06a-10d7-406a-93fa-78d0ad66862c,2026-04-25T17:21:40.671976-04:00,node-01,checkout-api,502,True,anomalous,market_aware_v1,65.663,56.89,190.505,30.785,1.133,82.031,59.434,2.346
281380b0-6e4b-46af-a347-06254a3dafd7,2026-04-25T17:21:40.682396-04:00,node-01,payments-api,502,True,normal,market_aware_v1,61.194,56.622,200.949,25.504,0.805,82.482,56.262,2.027
5bf17d7e-a675-4a92-adea-94a19e96eaad,2026-04-25T17:21:40.692799-04:00,node-01,orders-api,200,True,normal,market_aware_v1,61.659,50.03,155.355,31.218,0.658,81.765,90.838,1.67
da41a1c9-56ec-4c59-a5e5-74fe795cdde4,2026-04-25T17:21:40.703206-04:00,node-01,checkout-api,429,True,normal,market_aware_v1,61.782,54.837,196.499,29.723,0.924,97.292,56.801,2.489
f321b7f8-b4ec-46c5-85d9-e06e905ea0b5,2026-04-25T17:21:40.713625-04:00,node-01,payments-api,429,True,normal,market_aware_v1,54.403,54.479,186.69,27.45,0.775,90.922,53.685,1.938
61e9bdd1-b23a-445c-9b25-fb48f1327f9a,2026-04-25T17:21:40.724035-04:00,node-01,orders-api,200,True,normal,market_aware_v1,60.053,53.51,159.162,31.092,0.557,78.531,87.723,1.506
3c20ae7d-8516-4f9b-9b7c-bb555479a0ba,2026-04-25T17:21:40.734414-04:00,node-01,checkout-api,429,True,normal,market_aware_v1,60.007,55.425,174.04,30.999,0.772,86.83,63.103,2.025
3ea959c6-0713-4356-a16f-5c32a581879b,2026-04-25T17:21:40.744819-04:00,node-01,payments-api,503,True,normal,market_aware_v1,51.179,51.168,177.729,25.753,0.738,86.458,51.612,2.076
21b192e6-9ed4-4026-9182-3af57dfa9c33,2026-04-25T17:21:40.755220-04:00,node-01,orders-api,200,True,normal,market_aware_v1,61.638,48.624,175.429,31.235,0.579,83.614,86.077,1.705
d2c4c0e6-46be-4fda-9ccc-d0e4f368eb8a,2026-04-25T17:21:40.765632-04:00,node-01,checkout-api,502,True,anomalous,market_aware_v1,61.265,55.442,199.297,29.38,1.157,94.659,55.831,2.539
3f49a851-f618-46af-a1e1-d2664aeedbf6,2026-04-25T17:21:40.776033-04:00,node-01,payments-api,200,True,normal,market_aware_v1,53.507,52.208,189.231,26.704,0.718,86.458,44.519,1.923
a21139fa-8d35-4d18-a3f4-b26b40e8d5fb,2026-04-25T17:21:40.786410-04:00,node-01,orders-api,429,True,normal,market_aware_v1,58.557,52.262,167.488,31.689,0.643,84.918,79.235,1.848
f8f7727e-08de-4af2-874e-47273d0b9189,2026-04-25T17:21:40.796801-04:00,node-01,checkout-api,500,True,normal,market_aware_v1,56.095,53.056,183.83,31.395,0.802,90.326,51.143,2.191
70737200-90b5-4b16-bffd-53c4f23e53ef,2026-04-25T17:21:40.807260-04:00,node-01,payments-api,503,True,normal,market_aware_v1,56.362,52.694,205.411,23.443,0.978,96.088,47.292,2.588
5dcaa2e1-5ece-4e16-9e6f-941a408874c2,2026-04-25T17:21:40.817790-04:00,node-01,orders-api,200,True,normal,market_aware_v1,55.573,46.123,158.727,30.46,0.717,83.523,81.461,1.799
59752a9d-8f7f-4eac-a78b-a9074d0349a2,2026-04-25T17:21:40.828275-04:00,node-01,checkout-api,200,True,normal,market_aware_v1,52.078,52.865,168.122,28.613,0.881,83.873,62.366,1.986
ca1129f5-ed4d-45a0-b2bc-74321e3a55a8,2026-04-25T17:21:40.838686-04:00,node-01,payments-api,503,True,anomalous,market_aware_v1,55.682,54.489,201.135,26.157,1.184,100.037,34.337,2.673
c96c229a-ec15-4188-b6b3-bbb1c69d7251,2026-04-25T17:21:40.849180-04:00,node-01,orders-api,429,True,normal,market_aware_v1,56.264,45.999,149.755,28.501,0.611,77.436,75.159,1.588
48a10527-df89-45d0-9be8-7c1018fa6c5f,2026-04-25T17:21:40.859607-04:00,node-01,checkout-api,500,True,anomalous,market_aware_v1,57.407,53.893,180.824,29.748,1.212,88.156,52.993,2.637
768d0b3d-fb1c-4dc3-9913-216845239e43,2026-04-25T17:21:40.870096-04:00,node-01,payments-api,200,True,normal,market_aware_v1,51.563,57.154,177.199,23.731,0.763,83.359,50.425,1.911
455326e6-f278-4cd3-8a04-6daa8615dd06,2026-04-25T17:21:40.880572-04:00,node-01,orders-api,200,True,normal,market_aware_v1,59.102,48.481,172.307,28.246,0.662,86.534,82.077,1.841
966ed0f3-a80e-472c-8b3f-41e5d6744194,2026-04-25T17:21:40.891039-04:00,node-01,checkout-api,429,True,normal,market_aware_v1,57.127,51.761,167.636,26.967,0.782,77.238,59.585,1.759
ffbf7f6c-ff16-47f6-a0d2-2810937ab7ce,2026-04-25T17:21:40.901531-04:00,node-01,payments-api,502,True,anomalous,market_aware_v1,55.95,54.961,193.654,27.165,1.161,97.026,35.668,2.586
b3dac842-cc2e-4646-af51-c44b396a75f0,2026-04-25T17:21:40.912013-04:00,node-01,orders-api,200,True,normal,market_aware_v1,59.145,51.193,152.49,31.247,0.54,75.634,82.248,1.546
cd8bb1e5-b292-4e33-820b-3fe1574d354d,2026-04-25T17:21:40.922577-04:00,node-01,checkout-api,502,True,normal,market_aware_v1,62.094,55.993,186.846,28.825,0.921,92.329,57.219,2.25
86b42952-fecd-418e-9e56-feb586940e1a,2026-04-25T17:21:40.933026-04:00,node-01,payments-api,500,True,normal,market_aware_v1,50.696,53.843,184.828,28.74,0.82,88.733,40.744,2.1
2a1560c3-af81-4d9f-8fc4-7ad348492282,2026-04-25T17:21:40.943537-04:00,node-01,orders-api,200,True,normal,market_aware_v1,61.052,48.634,167.022,32.598,0.661,83.237,82.567,1.864
d401ea91-701b-4013-8bd4-5effeb5db20b,2026-04-25T17:21:40.954065-04:00,node-01,checkout-api,500,True,normal,market_aware_v1,61.365,52.636,191.253,26.947,0.889,88.8,64.054,2.223
344de84e-e46a-4f6b-806b-88daae58e4e0,2026-04-25T17:21:40.964571-04:00,node-01,payments-api,503,True,normal,market_aware_v1,56.001,57.925,195.804,26.819,0.92,91.654,52.257,2.288
e2a980b9-639d-44c2-80be-cc1e79a852b2,2026-04-25T17:21:40.975043-04:00,node-01,orders-api,200,True,normal,market_aware_v1,63.12,51.173,171.132,31.694,0.699,82.403,87.08,1.829
743d302b-6e22-437f-8666-0c16443082cd,2026-04-25T17:21:40.985565-04:00,node-01,checkout-api,429,True,normal,market_aware_v1,63.745,58.391,184.481,31.73,0.839,89.917,69.668,2.093
ef40617b-fea2-4d53-b778-cbb8a978dbaa,2026-04-25T17:21:40.996054-04:00,node-01,payments-api,429,True,normal,market_aware_v1,54.827,60.315,204.851,27.778,0.984,96.381,56.87,2.684
4e8afbfd-5c32-4560-8ad4-576b0dc52a19,2026-04-25T17:21:41.006575-04:00,node-01,orders-api,200,True,normal,market_aware_v1,65.563,54.0,181.272,29.858,0.633,90.713,84.914,1.89
9247f768-9b8f-4f05-9696-bad24eb7cf34,2026-04-25T17:21:41.017069-04:00,node-01,checkout-api,503,True,normal,market_aware_v1,64.838,53.675,182.898,30.224,0.802,89.824,63.727,2.09
0ce435da-f980-43b7-9188-97dea359ce0d,2026-04-25T17:21:41.027581-04:00,node-01,payments-api,502,True,anomalous,market_aware_v1,66.774,59.048,214.181,27.426,1.117,93.922,44.273,2.604
f50c4306-2508-4a82-95c8-8e62a71e2d9c,2026-04-25T17:21:41.038214-04:00,node-01,orders-api,200,True,normal,market_aware_v1,64.679,48.721,168.436,32.021,0.68,86.86,90.219,1.744
d5f076f2-4fa9-4bd9-a825-c51608738bca,2026-04-25T17:21:41.048874-04:00,node-01,checkout-api,502,True,normal,market_aware_v1,62.203,57.324,193.413,31.204,0.917,87.659,65.993,2.114
703b6fd2-dc26-4f5d-9430-392f8ac8fc2f,2026-04-25T17:21:41.059367-04:00,node-01,payments-api,429,True,normal,market_aware_v1,59.415,57.369,181.035,26.094,0.827,86.737,49.965,2.145
ca5e4d49-7f20-41d9-9763-93ebab5ae181,2026-04-25T17:21:41.069847-04:00,node-01,orders-api,500,True,normal,market_aware_v1,61.263,56.044,172.693,34.346,0.742,89.743,90.919,2.022
8bd3f4cd-7074-45b3-b3ed-709604a32031,2026-04-25T17:21:41.080338-04:00,node-01,checkout-api,200,True,normal,market_aware_v1,62.562,55.391,189.173,30.658,0.83,87.457,64.957,1.997
f0ffca74-10c4-498a-b546-6569bf521de4,2026-04-25T17:21:41.090821-04:00,node-01,payments-api,429,True,normal,market_aware_v1,59.175,58.051,177.735,29.224,0.739,86.776,56.658,1.973
1ab1f977-3512-4fcf-8d66-4368558a5d57,2026-04-25T17:21:41.101307-04:00,node-01,orders-api,502,True,anomalous,market_aware_v1,70.242,53.693,195.764,34.428,1.194,100.999,80.382,2.698
50997371-838b-475c-9600-3c4e5ae473db,2026-04-25T17:21:41.111917-04:00,node-01,checkout-api,502,True,anomalous,market_aware_v1,68.535,55.919,189.839,33.634,1.158,90.225,58.516,2.615
c410d373-f4a0-4173-bd2d-9b27ab263d51,2026-04-25T17:21:41.122416-04:00,node-01,payments-api,200,True,normal,market_aware_v1,58.854,57.953,187.567,24.896,0.632,77.084,54.505,1.746
b0c769d8-7717-4b08-b329-ca999c3a9d4c,2026-04-25T17:21:41.132865-04:00,node-01,orders-api,500,True,anomalous,market_aware_v1,66.412,57.749,206.91,35.28,1.378,106.949,76.73,3.366
973ebdb2-06d0-42e5-8617-1b21dc7d303f,2026-04-25T17:21:41.143362-04:00,node-01,checkout-api,500,True,normal,market_aware_v1,60.042,54.966,187.7,31.465,0.881,91.923,65.185,2.209
8f35d5ae-9725-467b-8ab5-f2ffa036f417,2026-04-25T17:21:41.153902-04:00,node-01,payments-api,200,True,normal,market_aware_v1,54.606,53.979,179.922,26.578,0.718,85.157,49.047,1.907
2079d138-bc9b-4330-a7e0-535a4124628c,2026-04-25T17:21:41.164388-04:00,node-01,orders-api,200,True,normal,market_aware_v1,56.627,46.552,159.948,31.385,0.651,80.178,77.585,1.611
e544fc13-355f-4d97-9c9c-cf531387e0c7,2026-04-25T17:21:41.174873-04:00,node-01,checkout-api,200,True,normal,market_aware_v1,56.474,48.426,190.717,27.55,0.856,83.032,56.408,1.954
5d3177e4-ac8b-473b-bb7a-c98ae6e36e7c,2026-04-25T17:21:41.185356-04:00,node-01,payments-api,429,True,normal,market_aware_v1,52.756,53.385,204.642,26.158,1.024,105.415,38.405,2.848
17e63f81-f36c-4ad7-9abe-3af4db348eda,2026-04-25T17:21:41.195876-04:00,node-01,orders-api,500,True,anomalous,market_aware_v1,63.486,49.788,189.188,31.381,1.161,94.008,76.203,2.771
0c62cdd0-7728-49f0-bde9-1dd5b4411a98,2026-04-25T17:21:41.206327-04:00,node-01,checkout-api,200,True,normal,market_aware_v1,56.24,52.349,170.571,28.587,0.742,75.131,57.702,1.845
d717f068-3410-4ac2-b74e-91f8d3098424,2026-04-25T17:21:41.216828-04:00,node-01,payments-api,429,True,normal,market_aware_v1,49.164,49.876,184.47,24.852,0.718,83.867,49.231,1.891
aab2d51e-4997-4c29-90f0-190b330e2832,2026-04-25T17:21:41.227319-04:00,node-01,orders-api,503,True,normal,market_aware_v1,59.92,46.01,171.094,28.277,0.721,87.069,73.738,2.009
29c8a3c7-9521-4da6-958d-455bf151eb44,2026-04-25T17:21:41.237751-04:00,node-01,checkout-api,200,True,normal,market_aware_v1,52.739,52.237,172.235,27.606,0.779,81.622,52.103,1.761
e109db25-f218-49dc-b776-5a320ba60246,2026-04-25T17:21:41.248277-04:00,node-01,payments-api,200,True,normal,market_aware_v1,47.551,52.453,175.655,25.749,0.694,75.798,43.566,1.571
0ee8fad7-6bb6-4642-b8e8-862f25ad65e3,2026-04-25T17:21:41.258843-04:00,node-01,orders-api,502,True,anomalous,market_aware_v1,60.917,47.248,182.823,32.221,1.027,90.88,68.937,2.328
858a2286-3074-4199-bf19-881fa1a713ca,2026-04-25T17:21:41.269274-04:00,node-01,checkout-api,502,True,anomalous,market_aware_v1,57.351,50.783,186.964,29.328,1.2,92.401,47.603,2.568
a56e560d-cd51-4b0e-9359-91a04da1912d,2026-04-25T17:21:41.279685-04:00,node-01,payments-api,500,True,normal,market_aware_v1,43.073,48.4,191.019,22.045,0.839,88.35,35.617,2.106
b8fcc3b2-2d9a-465d-bd4c-1c5867972118,2026-04-25T17:21:41.290085-04:00,node-01,orders-api,200,True,normal,market_aware_v1,52.966,44.737,159.135,28.472,0.585,76.478,81.939,1.494
23247605-3eec-4c14-9e56-9639c4b17027,2026-04-25T17:21:41.300496-04:00,node-01,checkout-api,200,True,normal,market_aware_v1,54.373,50.018,177.906,29.263,0.753,81.777,54.854,1.923
5cd4f060-ba33-4c03-b977-041060b1cd7d,2026-04-25T17:21:41.310907-04:00,node-01,payments-api,500,True,normal,market_aware_v1,49.33,51.876,180.197,23.536,0.789,89.06,33.287,2.075
e67c5010-8669-4763-8f38-2b4c1f82897c,2026-04-25T17:21:41.321309-04:00,node-01,orders-api,200,True,normal,market_aware_v1,57.353,47.087,167.497,27.437,0.569,80.494,82.54,1.574
bb714437-6df5-47bb-a968-54bb9e03e555,2026-04-25T17:21:41.331714-04:00,node-01,checkout-api,200,True,normal,market_aware_v1,52.562,49.388,184.874,25.583,0.801,84.481,47.214,1.849
546bbdb9-969e-4c70-8cdc-de6c7df7b8cb,2026-04-25T17:21:41.342114-04:00,node-01,payments-api,429,True,normal,market_aware_v1,50.09,51.349,190.44,24.937,0.8,88.007,47.865,2.184
12dc7f2c-1fb6-4c80-a837-bd2be4eb836a,2026-04-25T17:21:41.352518-04:00,node-01,orders-api,429,True,normal,market_aware_v1,57.88,45.095,154.293,30.021,0.68,81.857,82.382,1.646
24c7113d-283a-4c1f-9d48-bc4190f6b61d,2026-04-25T17:21:41.362919-04:00,node-01,checkout-api,429,True,normal,market_aware_v1,58.088,51.748,182.716,26.134,0.801,88.625,51.739,1.994
00a4bc82-d129-42a9-a16c-53810cf3e5ac,2026-04-25T17:21:41.373317-04:00,node-01,payments-api,200,True,normal,market_aware_v1,50.932,53.49,180.632,25.565,0.668,90.27,48.313,1.946
8a806c6f-01ac-45f8-be7b-5795f36cf096,2026-04-25T17:21:41.383721-04:00,node-01,orders-api,200,True,normal,market_aware_v1,58.302,50.074,160.28,31.844,0.697,84.455,81.914,1.693
0206a898-68dd-4fbf-be40-e75802a90708,2026-04-25T17:21:41.394129-04:00,node-01,checkout-api,429,True,normal,market_aware_v1,59.623,54.204,190.106,29.496,0.832,90.455,62.247,2.192
aad0f9f9-b4b1-4c7f-9f21-32862793ef34,2026-04-25T17:21:41.404537-04:00,node-01,payments-api,503,True,normal,market_aware_v1,56.107,55.675,182.693,28.344,0.763,84.427,49.827,2.08
37dd4d49-10b9-4dff-b6ac-5a0c0c0c98fe,2026-04-25T17:21:41.414932-04:00,node-01,orders-api,200,True,normal,market_aware_v1,59.619,51.825,156.919,33.513,0.639,81.452,85.564,1.584
84fb7545-50f4-45c8-9fe9-917c49bbbb6a,2026-04-25T17:21:41.425345-04:00,node-01,checkout-api,200,True,normal,market_aware_v1,59.641,51.632,168.283,30.732,0.706,78.748,65.943,1.793
0b422609-8234-48a7-8a60-d0550e364fb1,2026-04-25T17:21:41.435770-04:00,node-01,payments-api,500,True,normal,market_aware_v1,53.413,56.43,192.017,26.313,0.769,88.927,49.116,2.057
c1e9f629-7053-45f6-9834-d21e05b19dc7,2026-04-25T17:21:41.446165-04:00,node-01,orders-api,200,True,normal,market_aware_v1,63.14,54.487,174.341,29.308,0.641,87.439,86.039,1.815
354a1fae-aed9-4fb1-b94b-e3d77adc9af1,2026-04-25T17:21:41.456577-04:00,node-01,checkout-api,500,True,normal,market_aware_v1,64.527,54.571,209.611,29.902,0.898,97.492,60.296,2.314
e609612f-c8e1-4eb6-aacd-faa119d2b026,2026-04-25T17:21:41.466975-04:00,node-01,payments-api,500,True,normal,market_aware_v1,57.961,56.582,183.999,25.101,0.817,88.347,51.059,2.158
41297de6-f473-4dc6-87cd-57e517a41247,2026-04-25T17:21:41.477380-04:00,node-01,orders-api,200,True,normal,market_aware_v1,61.511,50.402,166.495,30.995,0.65,80.571,84.917,1.692
df968ce4-7330-40c8-ab5e-3c9c46493d6e,2026-04-25T17:21:41.487775-04:00,node-01,checkout-api,200,True,normal,market_aware_v1,62.563,56.283,184.921,31.675,0.806,83.104,64.004,1.9
268f797b-3bc2-47ab-8837-6dbb1d77864c,2026-04-25T17:21:41.498181-04:00,node-01,payments-api,429,True,normal,market_aware_v1,54.979,57.594,178.433,26.918,0.773,88.53,52.225,2.041
67f035b2-85ed-448a-96f4-afd65b36387f,2026-04-25T17:21:41.508651-04:00,node-01,orders-api,503,True,normal,market_aware_v1,67.141,50.752,183.918,31.707,0.785,92.693,79.322,2.016
f25191a2-7e93-45d7-acb2-7033ef06d46e,2026-04-25T17:21:41.519064-04:00,node-01,checkout-api,502,True,normal,market_aware_v1,60.019,50.032,197.013,28.202,0.786,86.761,65.234,2.001
c2664300-98a2-4c11-ac64-2008ed16c320,2026-04-25T17:21:41.529412-04:00,node-01,payments-api,500,True,normal,market_aware_v1,55.806,54.126,195.328,26.539,0.956,102.394,44.01,2.496
b73671bb-e3fe-4cc1-8138-6c0987e88dab,2026-04-25T17:21:41.539806-04:00,node-01,orders-api,503,True,normal,market_aware_v1,62.809,52.21,183.697,30.792,0.737,93.589,84.926,2.084
45fd057a-d1fd-47c0-971e-2bdc2dc8c34b,2026-04-25T17:21:41.550207-04:00,node-01,checkout-api,429,True,normal,market_aware_v1,59.704,54.257,188.655,30.171,0.882,88.031,62.604,2.268
512e37fe-f4dd-4237-89bb-2fdbe8a9cbaa,2026-04-25T17:21:41.560617-04:00,node-01,payments-api,200,True,normal,market_aware_v1,52.21,53.173,177.659,28.835,0.735,82.829,53.443,1.896
378de9bb-e5e9-408e-be54-76836320f170,2026-04-25T17:21:41.571015-04:00,node-01,orders-api,200,True,normal,market_aware_v1,59.278,51.366,167.843,30.114,0.672,80.897,88.003,1.74
f0888c79-abfa-4ecb-a9bf-31d20d90c145,2026-04-25T17:21:41.581419-04:00,node-01,checkout-api,200,True,normal,market_aware_v1,59.356,51.045,181.794,28.62,0.84,86.089,62.43,1.994
dbc7af4f-defd-4268-a8c2-6fa19ab159e4,2026-04-25T17:21:41.591817-04:00,node-01,payments-api,500,True,normal,market_aware_v1,52.671,53.885,190.596,24.878,0.826,91.258,38.461,2.131
8f64a1cb-3cc4-47d7-9e1a-ece0ed048d77,2026-04-25T17:21:41.602212-04:00,node-01,orders-api,429,True,normal,market_aware_v1,60.825,50.395,165.796,30.814,0.632,83.588,80.314,1.777
b3b52978-7253-49d3-9abc-6ff428c208ad,2026-04-25T17:21:41.612618-04:00,node-01,checkout-api,502,True,anomalous,market_aware_v1,57.615,55.097,184.293,30.301,1.251,88.697,54.051,2.633
f0b95ef5-f129-446d-9a76-214db0b7297a,2026-04-25T17:21:41.623014-04:00,node-01,payments-api,200,True,normal,market_aware_v1,49.566,51.641,183.375,23.631,0.732,88.688,40.343,1.997
5917a740-4e64-4b92-bcb5-3db3fbbb3461,2026-04-25T17:21:41.633424-04:00,node-01,orders-api,429,True,normal,market_aware_v1,61.17,47.294,193.837,32.211,0.745,91.066,79.728,2.085
a8a4642d-5598-42dd-9c2b-22250dcab3cd,2026-04-25T17:21:41.643821-04:00,node-01,checkout-api,503,True,normal,market_aware_v1,55.632,49.707,202.332,26.322,1.001,96.241,54.315,2.575
a60bc196-a43f-47ce-ba27-0d1101049c62,2026-04-25T17:21:41.654213-04:00,node-01,payments-api,503,True,anomalous,market_aware_v1,52.73,57.892,201.026,24.612,1.119,92.621,34.046,2.567
57c03d26-4e59-4792-bf95-c4ccdf642c36,2026-04-25T17:21:41.664614-04:00,node-01,orders-api,429,True,normal,market_aware_v1,56.332,50.535,190.294,30.888,0.866,95.255,76.778,2.469
1a7726f6-d085-4a57-b6ea-8bde433b901b,2026-04-25T17:21:41.675015-04:00,node-01,checkout-api,500,True,anomalous,market_aware_v1,60.139,50.663,205.672,29.717,1.28,97.725,54.879,2.903
b252b805-4fbf-4685-aefc-d2aecca8eab5,2026-04-25T17:21:41.685414-04:00,node-01,payments-api,502,True,normal,market_aware_v1,53.981,50.563,192.494,25.727,0.774,93.602,41.499,2.15
8b9bc7b3-1229-4e58-a5fc-62d7496a4a7d,2026-04-25T17:21:41.695812-04:00,node-01,orders-api,200,True,normal,market_aware_v1,59.14,49.62,165.98,28.466,0.633,92.875,71.826,1.962
f1b2d7b7-4e00-448d-98a2-edaad51c41c8,2026-04-25T17:21:41.706211-04:00,node-01,checkout-api,429,True,normal,market_aware_v1,56.237,52.789,180.568,29.303,0.812,89.347,58.107,2.071
150b8254-7ed9-4730-b92c-b24cc6df4de2,2026-04-25T17:21:41.716619-04:00,node-01,payments-api,500,True,normal,market_aware_v1,55.412,54.924,195.305,26.995,0.914,95.66,46.347,2.271
efe7e23e-64dc-4c41-8a29-c1dfecc0052f,2026-04-25T17:21:41.727016-04:00,node-01,orders-api,500,True,normal,market_aware_v1,64.706,47.219,177.461,29.845,0.76,92.26,80.421,2.086
fbd51d5b-73a2-4202-b994-d431a2c94a0f,2026-04-25T17:21:41.737414-04:00,node-01,checkout-api,429,True,normal,market_aware_v1,64.806,52.848,187.05,30.761,0.887,85.209,57.308,2.11
4a2ebfe6-0637-4155-8571-edd7ad943c6b,2026-04-25T17:21:41.747818-04:00,node-01,payments-api,200,True,normal,market_aware_v1,57.217,55.027,177.81,28.024,0.696,79.575,57.055,1.673
72996adc-d904-49aa-b3bb-fec87e486667,2026-04-25T17:21:41.758216-04:00,node-01,orders-api,200,True,normal,market_aware_v1,64.7,49.368,178.474,31.145,0.662,90.452,80.399,1.875
4a4d0ece-0cee-4979-8548-71637629624d,2026-04-25T17:21:41.768625-04:00,node-01,checkout-api,200,True,normal,market_aware_v1,59.643,53.472,159.647,30.833,0.787,80.364,69.535,1.958
679fa83f-c950-4fbe-b61f-7b94c16fe978,2026-04-25T17:21:41.779018-04:00,node-01,payments-api,500,True,normal,market_aware_v1,58.807,57.002,204.769,25.679,0.897,95.307,49.152,2.261
a7bdeae5-703c-460d-b81f-ec55142d17a0,2026-04-25T17:21:41.789417-04:00,node-01,orders-api,200,True,normal,market_aware_v1,69.373,54.831,167.123,29.312,0.703,86.926,90.258,1.927
ab62aa64-7966-407a-a0ff-95f230261afd,2026-04-25T17:21:41.799811-04:00,node-01,checkout-api,502,True,normal,market_aware_v1,61.379,56.443,189.798,29.381,0.917,92.885,64.103,2.201
a05c1cb8-160d-483a-9243-f854e5fcbb94,2026-04-25T17:21:41.810206-04:00,node-01,payments-api,429,True,normal,market_aware_v1,59.412,60.297,202.676,26.301,0.867,96.458,51.789,2.213
636093b0-f755-469d-a2d6-76bc781e7c06,2026-04-25T17:21:41.820618-04:00,node-01,orders-api,429,True,normal,market_aware_v1,67.109,55.423,172.932,33.116,0.735,93.163,83.793,1.99
7bc93b00-5988-4816-ac61-c181274ccaa4,2026-04-25T17:21:41.831011-04:00,node-01,checkout-api,503,True,normal,market_aware_v1,63.052,57.561,179.188,32.322,0.861,88.079,67.558,2.121
7b3dc7c1-99a4-459a-b2a7-ba924d2c421c,2026-04-25T17:21:41.841421-04:00,node-01,payments-api,502,True,normal,market_aware_v1,65.591,58.836,199.052,28.469,0.813,91.127,50.299,2.215
027104f3-23d3-4d89-bdad-f9f3063ea23f,2026-04-25T17:21:41.851817-04:00,node-01,orders-api,200,True,normal,market_aware_v1,65.056,53.056,158.931,32.953,0.652,88.977,92.898,1.826
c0ba0fa9-43e9-4b99-b976-29701e98e6cb,2026-04-25T17:21:41.862216-04:00,node-01,checkout-api,429,True,normal,market_aware_v1,62.759,58.5,195.278,30.226,0.989,94.324,57.586,2.282
aca9ea3b-683c-4195-ae13-113ad2ce3cc4,2026-04-25T17:21:41.872630-04:00,node-01,payments-api,502,True,anomalous,market_aware_v1,60.521,56.593,210.532,28.861,1.112,94.543,41.097,2.569
367d134b-610d-4f8e-82c2-222d796784cb,2026-04-25T17:21:41.883029-04:00,node-01,orders-api,500,True,normal,market_aware_v1,63.434,48.096,174.949,31.347,0.703,90.869,86.999,2.032
10445524-f778-4a13-bceb-0743c887f99b,2026-04-25T17:21:41.893413-04:00,node-01,checkout-api,502,True,normal,market_aware_v1,63.81,54.055,198.743,31.499,0.808,93.345,61.542,2.301
a6173487-90c2-4ddc-970a-889144baba4c,2026-04-25T17:21:41.903800-04:00,node-01,payments-api,429,True,normal,market_aware_v1,57.788,58.251,200.108,27.036,0.855,92.352,51.912,2.211
2fe4c6d7-4387-497c-bdeb-66e6b16c5c14,2026-04-25T17:21:41.914192-04:00,node-01,orders-api,200,True,normal,market_aware_v1,63.269,51.924,170.427,32.746,0.673,87.327,88.086,1.889
e157c65f-6871-4c5f-b0a7-293c0fb9a490,2026-04-25T17:21:41.924602-04:00,node-01,checkout-api,502,True,normal,market_aware_v1,55.726,51.824,183.487,27.429,0.908,87.174,60.147,2.079
c4f83a42-044e-491e-a5c0-dfdad2056b41,2026-04-25T17:21:41.935013-04:00,node-01,payments-api,429,True,anomalous,market_aware_v1,61.427,57.927,188.375,26.607,1.146,87.123,47.858,2.588
3c3d4188-d0b6-4eca-bf15-a315f0d72307,2026-04-25T17:21:41.945414-04:00,node-01,orders-api,429,True,normal,market_aware_v1,64.703,48.566,172.229,31.03,0.775,92.751,77.649,1.992
0d568741-ba7b-4188-b393-16bb4305ca5a,2026-04-25T17:21:41.955819-04:00,node-01,checkout-api,500,True,normal,market_aware_v1,55.889,53.841,182.372,29.33,0.936,86.524,60.596,2.237
114fafab-675a-48fb-bcd8-f996992ceabd,2026-04-25T17:21:41.966213-04:00,node-01,payments-api,429,True,normal,market_aware_v1,53.836,56.974,192.319,26.853,0.882,99.534,42.153,2.544
65602eb0-cfa9-4932-a4f7-c8eed4eeafa1,2026-04-25T17:21:41.976619-04:00,node-01,orders-api,500,True,normal,market_aware_v1,55.352,47.715,171.552,31.292,0.855,82.184,84.022,2.135
93ae5aca-56b3-4d6a-abb4-ee5fc404f6b7,2026-04-25T17:21:41.987010-04:00,node-01,checkout-api,500,True,normal,market_aware_v1,58.758,50.486,178.845,27.464,0.871,91.493,52.327,2.102
879a2f1b-1807-453d-829f-4a25cad0fc95,2026-04-25T17:21:41.997410-04:00,node-01,payments-api,503,True,normal,market_aware_v1,49.097,49.27,178.122,25.254,0.805,89.485,43.147,2.173
b48f9a6d-f8db-48f9-b854-267675838493,2026-04-25T17:21:42.007817-04:00,node-01,orders-api,500,True,anomalous,market_aware_v1,59.367,48.356,163.095,32.824,0.974,85.876,70.061,2.167
69beaf7a-c0ef-47d4-a9b8-5cd2b90b8c78,2026-04-25T17:21:42.018266-04:00,node-01,checkout-api,429,True,anomalous,market_aware_v1,56.378,52.758,183.883,31.015,1.153,88.844,45.049,2.5
c42ceaa8-f866-4e9a-933b-620d07aa2d8e,2026-04-25T17:21:42.028682-04:00,node-01,payments-api,503,True,normal,market_aware_v1,49.487,49.618,178.216,25.822,0.794,89.465,35.026,2.076
133c3950-c1cf-44cd-9d11-69e14f7df531,2026-04-25T17:21:42.039099-04:00,node-01,orders-api,200,True,normal,market_aware_v1,55.382,43.681,159.637,28.868,0.595,79.612,77.729,1.598
c7e00228-b717-45df-b678-1115a63f9b08,2026-04-25T17:21:42.049510-04:00,node-01,checkout-api,200,True,normal,market_aware_v1,55.734,46.322,168.017,28.6,0.687,81.277,55.11,1.794
19cb8a91-dc26-4c7f-bfc1-84c74ee9067d,2026-04-25T17:21:42.059910-04:00,node-01,payments-api,429,True,normal,market_aware_v1,47.803,50.82,183.298,24.784,0.736,85.096,38.273,1.963
6ddfba00-5474-493b-aebf-b07e21f947fb,2026-04-25T17:21:42.070306-04:00,node-01,orders-api,502,True,anomalous,market_aware_v1,60.85,47.897,179.928,29.415,0.95,88.847,71.271,2.249
19c26679-01ba-455c-bf63-c1d93e236096,2026-04-25T17:21:42.080709-04:00,node-01,checkout-api,502,True,normal,market_aware_v1,51.497,51.162,182.15,26.721,0.922,88.909,52.499,2.137
eabbe981-2851-4d85-bea8-67ef1ffb94a3,2026-04-25T17:21:42.091104-04:00,node-01,payments-api,503,True,normal,market_aware_v1,47.762,55.298,190.256,23.268,0.782,86.934,37.47,2.101
781dda83-e747-4acc-b386-4f732b13f31d,2026-04-25T17:21:42.101508-04:00,node-01,orders-api,429,True,normal,market_aware_v1,52.412,44.587,157.925,27.84,0.583,76.826,80.598,1.497
8bc32e23-72c9-441d-a9da-e9b49221c3bb,2026-04-25T17:21:42.111907-04:00,node-01,checkout-api,429,True,anomalous,market_aware_v1,59.973,54.036,209.208,29.118,1.236,94.577,42.191,2.84
ce7094b9-2952-4e60-b789-629b485a5554,2026-04-25T17:21:42.122300-04:00,node-01,payments-api,200,True,normal,market_aware_v1,51.308,54.429,167.173,26.051,0.741,82.259,44.055,1.869
3c2f1a26-3959-4566-a27c-431354d55430,2026-04-25T17:21:42.132709-04:00,node-01,orders-api,200,True,normal,market_aware_v1,58.854,48.628,172.608,27.819,0.695,81.363,76.976,1.651
f9e92971-cdaa-47ca-ab68-3402b0bbcad6,2026-04-25T17:21:42.143106-04:00,node-01,checkout-api,502,True,normal,market_aware_v1,53.095,50.578,190.42,26.438,0.904,89.276,50.617,2.183
dced571d-dc46-4c7a-a2fe-2f3193d11416,2026-04-25T17:21:42.153518-04:00,node-01,payments-api,502,True,normal,market_aware_v1,51.425,54.582,194.942,25.855,0.835,89.777,44.852,2.069
7ca1e967-31bb-4fba-a918-6897a28eab07,2026-04-25T17:21:42.163913-04:00,node-01,orders-api,200,True,normal,market_aware_v1,57.166,50.126,159.907,32.512,0.605,82.36,78.978,1.539
2fb27971-97dd-4c56-af2b-74a67eaf97ec,2026-04-25T17:21:42.174321-04:00,node-01,checkout-api,500,True,normal,market_aware_v1,59.533,50.299,181.827,29.081,0.866,92.524,55.926,2.219
bbb09901-2581-43b3-8cca-86e01fed8afc,2026-04-25T17:21:42.184738-04:00,node-01,payments-api,429,True,normal,market_aware_v1,56.825,54.097,195.076,27.754,0.8,88.397,40.505,2.138
728e78b2-8844-404d-9170-2d16227fa898,2026-04-25T17:21:42.195138-04:00,node-01,orders-api,200,True,normal,market_aware_v1,59.845,49.376,166.069,32.978,0.656,85.576,86.188,1.864
0a311adb-8ba7-4255-bca4-f20d5de8b4be,2026-04-25T17:21:42.205544-04:00,node-01,checkout-api,502,True,normal,market_aware_v1,57.73,54.949,192.154,28.4,0.915,91.952,59.044,2.208
981d7789-c5b6-43c0-a1d6-4a5eee6ba930,2026-04-25T17:21:42.215941-04:00,node-01,payments-api,503,True,normal,market_aware_v1,54.273,53.929,189.243,26.46,0.851,88.314,44.813,2.093
69c98e57-9b10-4ca5-9e6f-c4d80db3cf23,2026-04-25T17:21:42.226337-04:00,node-01,orders-api,429,True,normal,market_aware_v1,67.372,50.608,183.563,34.568,0.718,91.129,81.055,1.998
ef1bd5e0-8811-43ad-b22e-8166dabc89e8,2026-04-25T17:21:42.236745-04:00,node-01,checkout-api,500,True,normal,market_aware_v1,59.489,53.094,195.512,30.291,0.993,98.649,62.831,2.374
d5e011fa-44c6-47bd-8f0f-fcec9d4910c5,2026-04-25T17:21:42.247371-04:00,node-01,payments-api,500,True,normal,market_aware_v1,60.079,57.296,197.282,25.909,0.781,91.195,48.603,2.015
8f458d98-0064-48d3-91c0-54b28dc4c62b,2026-04-25T17:21:42.257780-04:00,node-01,orders-api,200,True,normal,market_aware_v1,65.201,51.531,183.305,31.925,0.659,86.328,87.209,1.844
b966f48e-0061-45b4-8aa3-374fd2eafd9f,2026-04-25T17:21:42.268176-04:00,node-01,checkout-api,429,True,normal,market_aware_v1,64.558,54.206,171.757,33.142,0.794,78.508,71.915,1.766
39b755c1-874c-4d84-aff7-bf4bc04ec00e,2026-04-25T17:21:42.278576-04:00,node-01,payments-api,500,True,normal,market_aware_v1,60.964,56.7,194.845,28.853,0.839,92.129,49.596,2.146
0e37a2d2-36e5-4833-94c7-b6923bc31361,2026-04-25T17:21:42.288971-04:00,node-01,orders-api,200,True,normal,market_aware_v1,62.785,49.873,168.054,30.283,0.605,83.623,87.948,1.702
edb43907-99bf-45aa-bc0e-b63a36212be1,2026-04-25T17:21:42.299369-04:00,node-01,checkout-api,503,True,normal,market_aware_v1,62.114,53.411,185.661,28.674,0.806,85.96,53.542,2.02
fc7cd9c3-f10f-4a08-9a16-3a17f1c356bb,2026-04-25T17:21:42.309788-04:00,node-01,payments-api,502,True,normal,market_aware_v1,56.598,55.322,207.119,25.203,1.019,99.706,46.717,2.716
59634ba0-5c81-4e80-a739-0d7d68b09c31,2026-04-25T17:21:42.320185-04:00,node-01,orders-api,200,True,normal,market_aware_v1,61.4,50.878,167.072,30.763,0.738,84.101,87.229,1.777
23162a55-0dc8-42a8-ab25-f43eb053f3bb,2026-04-25T17:21:42.330592-04:00,node-01,checkout-api,503,True,normal,market_aware_v1,58.849,51.773,200.899,28.741,0.968,98.167,51.435,2.416
f256062d-33d0-4c32-98fd-d6532cd977cb,2026-04-25T17:21:42.340984-04:00,node-01,payments-api,200,True,normal,market_aware_v1,55.418,57.578,185.232,25.766,0.707,83.54,48.573,1.956
dcb32c54-9397-469c-8d0b-6e97a3312b65,2026-04-25T17:21:42.351487-04:00,node-01,orders-api,200,True,normal,market_aware_v1,61.995,49.8,166.234,31.932,0.667,83.618,86.449,1.752
c229a479-309d-4490-90c8-bc3d619b767e,2026-04-25T17:21:42.361923-04:00,node-01,checkout-api,429,True,anomalous,market_aware_v1,61.366,54.706,189.911,30.508,1.124,91.53,46.283,2.518
65bef95a-9502-4834-85c9-90d137c97986,2026-04-25T17:21:42.372401-04:00,node-01,payments-api,429,True,normal,market_aware_v1,55.526,53.649,185.407,25.084,0.77,86.767,39.954,1.958
cac4a1d6-7511-4672-85e6-428d270efabd,2026-04-25T17:21:42.382891-04:00,node-01,orders-api,500,True,anomalous,market_aware_v1,59.347,47.907,183.053,32.056,1.079,90.485,70.41,2.421
ba3e97b7-52f2-4a50-ae93-e503c44263be,2026-04-25T17:21:42.393373-04:00,node-01,checkout-api,200,True,normal,market_aware_v1,57.221,47.671,179.47,27.286,0.79,82.542,56.315,1.927
972526c7-e0b6-4cad-86a7-388ea50625d8,2026-04-25T17:21:42.403857-04:00,node-01,payments-api,200,True,normal,market_aware_v1,51.937,55.295,190.939,26.158,0.754,84.776,43.829,1.754
71996166-af83-4998-b13c-135c0bec595f,2026-04-25T17:21:42.414344-04:00,node-01,orders-api,200,True,normal,market_aware_v1,59.28,46.596,165.369,29.828,0.736,87.493,74.332,1.975
fb1bf53a-ea8a-4846-a4da-e1dc41d83464,2026-04-25T17:21:42.424829-04:00,node-01,checkout-api,429,True,normal,market_aware_v1,55.149,50.499,166.403,26.755,0.771,79.583,62.559,1.78
24ffcfc3-d0f0-45eb-af78-39614906191a,2026-04-25T17:21:42.435318-04:00,node-01,payments-api,503,True,normal,market_aware_v1,53.542,52.615,202.69,25.296,0.794,91.572,42.741,2.123
1f3182ca-399f-4bc9-88e8-59077e7ccc94,2026-04-25T17:21:42.445819-04:00,node-01,orders-api,200,True,normal,market_aware_v1,58.045,49.047,166.221,28.115,0.632,83.097,81.57,1.751
dd7fd5bf-8e90-423b-ad1f-65d89abb5452,2026-04-25T17:21:42.456285-04:00,node-01,checkout-api,500,True,anomalous,market_aware_v1,62.718,52.184,205.333,29.886,1.208,93.782,42.66,2.672
efbc2c4b-064e-49ad-a85a-02fe14a4c745,2026-04-25T17:21:42.466769-04:00,node-01,payments-api,503,True,normal,market_aware_v1,54.351,53.53,195.43,25.26,0.809,92.381,37.307,2.161
b59673e3-65af-4d70-a56c-d8c3d9944d3b,2026-04-25T17:21:42.477248-04:00,node-01,orders-api,429,True,normal,market_aware_v1,62.7,47.039,178.942,29.511,0.657,92.21,74.478,1.802
2622ed26-8497-4929-9767-7a75a45942b4,2026-04-25T17:21:42.487669-04:00,node-01,checkout-api,429,True,normal,market_aware_v1,57.585,52.253,189.077,30.508,0.896,84.761,57.765,2.013
635db5df-955e-45ca-b6b8-34c189b82c7c,2026-04-25T17:21:42.498146-04:00,node-01,payments-api,500,True,normal,market_aware_v1,57.531,57.511,205.605,25.522,0.869,91.587,44.684,2.279
4f9c6f7e-1766-4311-ba44-5be6e25867ff,2026-04-25T17:21:42.508619-04:00,node-01,orders-api,200,True,normal,market_aware_v1,58.231,49.336,172.7,30.907,0.698,88.94,80.136,1.985
4eef6c0c-3d2b-4da8-812f-6f296e073791,2026-04-25T17:21:42.519212-04:00,node-01,checkout-api,429,True,normal,market_aware_v1,60.503,54.064,201.999,27.288,0.882,95.305,62.313,2.307
0ca6e4e8-f795-42e0-8d8f-8efcd5757ba0,2026-04-25T17:21:42.529683-04:00,node-01,payments-api,500,True,normal,market_aware_v1,53.522,53.831,186.968,25.595,0.822,91.184,52.161,2.112
68420890-ef8b-4e99-b901-8b5a220bd1f3,2026-04-25T17:21:42.540150-04:00,node-01,orders-api,200,True,normal,market_aware_v1,63.008,50.359,155.922,30.79,0.626,73.858,88.04,1.356
dc465df9-6cb7-4bef-9f39-20f1994a8046,2026-04-25T17:21:42.550573-04:00,node-01,checkout-api,200,True,normal,market_aware_v1,59.566,55.521,190.777,29.646,0.787,84.743,65.126,1.929
ca126156-1c3d-4ca8-9930-52bdc14a4b6c,2026-04-25T17:21:42.561137-04:00,node-01,payments-api,500,True,normal,market_aware_v1,62.438,58.235,209.432,26.236,0.873,94.769,44.121,2.409
8a12e9df-08e3-4a9b-9b38-fa1c4b7801a1,2026-04-25T17:21:42.571567-04:00,node-01,orders-api,200,True,normal,market_aware_v1,64.044,53.091,156.461,32.965,0.597,79.238,87.277,1.389
b38c711a-4723-472b-ba37-86f1acb2307b,2026-04-25T17:21:42.582111-04:00,node-01,checkout-api,503,True,normal,market_aware_v1,67.953,56.19,207.191,31.215,0.994,95.625,66.014,2.361
6b7726c4-77a0-45f8-984f-a4294a55192f,2026-04-25T17:21:42.592589-04:00,node-01,payments-api,429,True,normal,market_aware_v1,61.036,58.844,200.897,29.129,0.73,90.927,56.508,2.018
ef39eea7-9977-41fd-bc7f-68a37da229e4,2026-04-25T17:21:42.603085-04:00,node-01,orders-api,429,True,normal,market_aware_v1,64.173,51.771,165.815,35.156,0.74,87.101,84.244,1.91
1aa907c9-a39e-462a-84bc-aa46d5d7b338,2026-04-25T17:21:42.613564-04:00,node-01,checkout-api,429,True,normal,market_aware_v1,67.329,57.013,183.428,29.515,0.885,89.408,68.591,2.311
edd47b3d-22de-41fe-a32b-274c4bd5c975,2026-04-25T17:21:42.624110-04:00,node-01,payments-api,502,True,anomalous,market_aware_v1,64.666,58.65,220.84,28.124,1.255,105.134,41.515,2.859
6fe10215-ea7a-4a9e-862a-2826d3e6af66,2026-04-25T17:21:42.634616-04:00,node-01,orders-api,429,True,normal,market_aware_v1,67.203,50.439,184.651,31.7,0.758,97.515,88.836,2.148
e1200aab-decf-4dea-abfc-a95b726a9331,2026-04-25T17:21:42.645120-04:00,node-01,checkout-api,502,True,normal,market_aware_v1,64.079,55.456,181.444,31.833,0.888,84.498,70.376,2.141
2fd9b356-6013-4404-b041-243ab3141169,2026-04-25T17:21:42.655572-04:00,node-01,payments-api,200,True,normal,market_aware_v1,59.265,59.687,210.607,28.576,0.742,88.334,59.254,1.973
ca3684e5-d6f6-450a-86fe-0fe96154f043,2026-04-25T17:21:42.666282-04:00,node-01,orders-api,500,True,normal,market_aware_v1,65.48,52.39,166.461,35.862,0.815,89.734,90.905,2.158
220b8271-a32a-4222-a3cf-674f594468f4,2026-04-25T17:21:42.676994-04:00,node-01,checkout-api,429,True,normal,market_aware_v1,59.501,56.65,173.398,29.183,0.909,84.412,62.409,1.955
d6e2e2d1-689f-4281-8092-fe368f071f61,2026-04-25T17:21:42.687563-04:00,node-01,payments-api,429,True,normal,market_aware_v1,63.869,54.833,199.905,26.46,0.781,92.641,49.035,2.07
475dfce1-8bd6-4e03-9086-511933d3cb4e,2026-04-25T17:21:42.698241-04:00,node-01,orders-api,200,True,normal,market_aware_v1,64.617,53.288,174.759,33.853,0.752,89.625,83.786,1.94
475cdea8-d2e8-44ab-95f2-102d7218d8ec,2026-04-25T17:21:42.708936-04:00,node-01,checkout-api,502,True,normal,market_aware_v1,60.158,56.382,186.318,29.51,0.855,89.383,59.113,2.123
6e8b1b14-a001-45dd-9485-a237e78df51c,2026-04-25T17:21:42.719409-04:00,node-01,payments-api,200,True,normal,market_aware_v1,55.619,57.091,187.761,24.685,0.717,87.3,50.73,1.915
62342d5c-dc9f-4820-bd68-b67ab72b34e2,2026-04-25T17:21:42.729924-04:00,node-01,orders-api,429,True,normal,market_aware_v1,66.129,51.976,184.468,30.672,0.661,86.893,85.413,1.99
7581d278-9741-4a19-924f-5e9dfbb4aa70,2026-04-25T17:21:42.740417-04:00,node-01,checkout-api,429,True,normal,market_aware_v1,62.304,52.873,182.276,29.28,0.912,92.255,57.484,2.222
ab25c27a-66e0-45bb-951e-26216207d326,2026-04-25T17:21:42.751120-04:00,node-01,payments-api,502,True,normal,market_aware_v1,55.806,54.137,207.388,26.204,0.925,97.274,45.078,2.312
619d4470-f277-4465-87f9-e4896e6eb1c0,2026-04-25T17:21:42.761599-04:00,node-01,orders-api,200,True,normal,market_aware_v1,59.677,49.716,147.794,30.596,0.632,86.304,81.741,1.7
ffd3df2f-e92f-4b86-a16f-4cff0ee673e5,2026-04-25T17:21:42.772110-04:00,node-01,checkout-api,502,True,normal,market_aware_v1,60.463,51.239,202.128,28.889,0.844,87.19,58.385,2.136
2aee907a-a318-4179-85b5-caf1dc4405bc,2026-04-25T17:21:42.782550-04:00,node-01,payments-api,500,True,normal,market_aware_v1,53.547,51.365,191.517,22.945,0.87,92.527,45.242,2.246
b96c6fd4-861f-4796-a276-4a5c176bef19,2026-04-25T17:21:42.793021-04:00,node-01,orders-api,200,True,normal,market_aware_v1,58.359,51.34,165.066,27.921,0.768,84.734,78.588,1.827
9b0a993f-e956-4c13-a7c9-988764e8e01e,2026-04-25T17:21:42.803565-04:00,node-01,checkout-api,503,True,normal,market_aware_v1,54.465,50.128,180.734,24.169,0.861,89.406,55.548,2.167
5916ea33-0a40-4a0a-a271-779d29d8b028,2026-04-25T17:21:42.814025-04:00,node-01,payments-api,500,True,normal,market_aware_v1,51.067,48.19,182.666,24.219,0.809,90.456,42.97,2.152
90cee999-4194-4613-91c4-c0dddcb35eea,2026-04-25T17:21:42.824674-04:00,node-01,orders-api,200,True,normal,market_aware_v1,57.156,49.478,169.312,30.512,0.705,87.298,69.54,1.882
9b27d935-46df-424f-9fb1-9d35f2f8f97c,2026-04-25T17:21:42.835164-04:00,node-01,checkout-api,503,True,normal,market_aware_v1,56.613,48.639,185.925,29.377,0.853,85.124,51.103,2.166
399b3df7-b11a-40b5-ab46-085fd4dc7b6f,2026-04-25T17:21:42.845589-04:00,node-01,payments-api,200,True,normal,market_aware_v1,48.301,48.243,174.196,23.801,0.83,81.197,41.386,1.899
8f405e00-f990-492c-b58e-4541b8255d23,2026-04-25T17:21:42.856069-04:00,node-01,orders-api,200,True,normal,market_aware_v1,58.312,43.301,173.868,29.727,0.694,82.261,70.433,1.812
14584ece-1097-44ad-b9dd-52c2f668c21a,2026-04-25T17:21:42.866549-04:00,node-01,checkout-api,500,True,normal,market_aware_v1,56.203,48.77,185.402,26.005,0.809,86.336,53.19,2.085
32a6299c-e652-4028-aec3-7baf04510a7c,2026-04-25T17:21:42.877121-04:00,node-01,payments-api,503,True,normal,market_aware_v1,53.049,52.104,201.465,23.462,0.951,95.379,34.873,2.256
7a50d819-8a00-4f96-ba43-a89a6b001f42,2026-04-25T17:21:42.887584-04:00,node-01,orders-api,200,True,normal,market_aware_v1,58.644,47.437,161.301,28.866,0.584,84.842,75.776,1.67
51905711-1c95-48e3-b6c2-1538c0b1067c,2026-04-25T17:21:42.898064-04:00,node-01,checkout-api,502,True,normal,market_aware_v1,53.184,52.036,178.153,27.553,0.954,90.382,59.023,2.354
4f12b132-803c-4c7f-8421-42b890ee42e6,2026-04-25T17:21:42.908556-04:00,node-01,payments-api,500,True,anomalous,market_aware_v1,53.181,54.055,201.618,27.648,1.074,90.863,38.424,2.515
1208544f-80a2-46ff-a991-1fce3154aa02,2026-04-25T17:21:42.919012-04:00,node-01,orders-api,500,True,normal,market_aware_v1,61.691,49.264,171.329,30.61,0.768,93.836,79.997,2.08
b294078d-2ce9-40ba-be04-334db77d12df,2026-04-25T17:21:42.929383-04:00,node-01,checkout-api,429,True,normal,market_aware_v1,59.671,49.932,188.419,28.136,0.856,88.868,53.115,1.975
10b40594-d1e2-4e6c-a512-884471217965,2026-04-25T17:21:42.939756-04:00,node-01,payments-api,500,True,normal,market_aware_v1,55.792,53.395,199.693,26.688,0.904,90.664,43.424,2.227
5ade40cc-0329-44ae-ae2b-8ae10010bcc4,2026-04-25T17:21:42.950112-04:00,node-01,orders-api,429,True,normal,market_aware_v1,65.579,46.668,176.597,30.057,0.787,91.256,84.074,2.04
a601f455-d458-4b3b-83cd-4856940f844b,2026-04-25T17:21:42.960526-04:00,node-01,checkout-api,429,True,normal,market_aware_v1,55.226,53.367,196.356,28.499,0.826,91.965,57.788,2.272
01a9e79d-0a07-4f37-b7a2-5fa1c36e9666,2026-04-25T17:21:42.970940-04:00,node-01,payments-api,500,True,normal,market_aware_v1,57.75,56.121,198.479,28.017,0.899,91.597,41.334,2.135
25bea6ea-ea57-48a6-b3b9-8a89ec1c5765,2026-04-25T17:21:42.981358-04:00,node-01,orders-api,200,True,normal,market_aware_v1,63.031,48.405,169.856,30.477,0.732,87.782,79.996,1.809
7bee3bca-6013-4282-87f6-b9d9224e1076,2026-04-25T17:21:42.991876-04:00,node-01,checkout-api,500,True,normal,market_aware_v1,63.735,52.111,190.243,27.412,0.912,88.983,67.24,2.292
f6538951-edb2-4cb5-8b98-f2d2d24a17ef,2026-04-25T17:21:43.002350-04:00,node-01,payments-api,500,True,normal,market_aware_v1,60.192,55.002,221.814,27.329,0.988,102.973,47.568,2.742
8eaa212a-33da-42b3-999d-fc8d4ab48e27,2026-04-25T17:21:43.012858-04:00,node-01,orders-api,200,True,normal,market_aware_v1,64.929,52.906,176.983,32.169,0.703,89.515,75.822,1.946
0931a19a-b182-4443-b226-ee6471798e8f,2026-04-25T17:21:43.023425-04:00,node-01,checkout-api,502,True,normal,market_aware_v1,63.885,55.996,198.351,28.167,0.962,90.884,60.878,2.291
bd6bcf55-d808-41f9-af3c-b9fe246c1cc4,2026-04-25T17:21:43.033935-04:00,node-01,payments-api,200,True,normal,market_aware_v1,56.585,56.228,191.802,24.425,0.75,85.132,46.275,1.922
075edcec-b443-4344-a576-ee72b7a57173,2026-04-25T17:21:43.044399-04:00,node-01,orders-api,502,True,normal,market_aware_v1,59.708,50.535,183.757,30.393,0.802,97.834,77.024,2.207
936dc5e9-5bcb-41fb-a347-68c74af0fd78,2026-04-25T17:21:43.054877-04:00,node-01,checkout-api,500,True,normal,market_aware_v1,65.402,58.276,202.075,31.134,0.893,91.069,56.683,2.184
f0dfbda0-a0a7-44fd-bf7a-0d9035b71889,2026-04-25T17:21:43.065347-04:00,node-01,payments-api,200,True,normal,market_aware_v1,55.625,56.49,181.346,27.384,0.786,86.734,51.413,1.949
50c8ea95-ad81-4c67-8cd8-d3282d422445,2026-04-25T17:21:43.075865-04:00,node-01,orders-api,200,True,normal,market_aware_v1,67.338,54.657,174.481,31.824,0.592,84.819,86.895,1.772
e35eedc3-7890-4657-8a21-4b2c5e5daa98,2026-04-25T17:21:43.086320-04:00,node-01,checkout-api,503,True,normal,market_aware_v1,60.434,55.427,167.653,28.61,0.875,88.582,60.635,2.174
e3747611-800c-4c15-837c-2025909fb6b2,2026-04-25T17:21:43.096802-04:00,node-01,payments-api,429,True,normal,market_aware_v1,57.764,54.257,198.989,25.669,0.874,99.987,46.201,2.419
5289387f-06f6-4a45-9249-01314e43f4aa,2026-04-25T17:21:43.107295-04:00,node-01,orders-api,429,True,normal,market_aware_v1,63.787,53.574,177.047,31.532,0.736,88.639,78.123,1.969
fdb3827a-8491-4dc2-9cd3-dcb199229597,2026-04-25T17:21:43.117760-04:00,node-01,checkout-api,503,True,normal,market_aware_v1,66.54,50.8,190.353,28.634,1.0,95.017,63.888,2.324
39ad333c-ceef-4dc6-b1c2-5718f0f5f4a6,2026-04-25T17:21:43.128256-04:00,node-01,payments-api,503,True,normal,market_aware_v1,56.349,51.543,205.474,24.982,0.843,93.406,44.391,2.072
aaa2439e-6102-4db6-9e4d-01540a17f212,2026-04-25T17:21:43.138660-04:00,node-01,orders-api,429,True,normal,market_aware_v1,61.204,46.239,176.352,31.238,0.681,93.826,79.76,2.056
3a4d2799-e906-4d0d-8642-026c709a8909,2026-04-25T17:21:43.149140-04:00,node-01,checkout-api,502,True,normal,market_aware_v1,60.02,51.908,192.223,31.071,0.945,92.978,55.01,2.241
95e52194-cfa6-487d-889c-21d2d82c2dee,2026-04-25T17:21:43.159578-04:00,node-01,payments-api,502,True,anomalous,market_aware_v1,61.453,57.091,206.465,27.337,1.148,99.177,35.479,2.816
c6a5766e-a347-48dd-a538-39724684d040,2026-04-25T17:21:43.170054-04:00,node-01,orders-api,200,True,normal,market_aware_v1,62.882,49.678,168.518,30.729,0.743,89.399,75.871,1.881
82b56214-ef55-4543-9f06-49f7b8fcee0f,2026-04-25T17:21:43.180555-04:00,node-01,checkout-api,503,True,normal,market_aware_v1,58.117,53.349,208.471,28.294,0.995,99.136,56.619,2.434
7a3e239d-7b5e-42be-97ce-c487daed558f,2026-04-25T17:21:43.191064-04:00,node-01,payments-api,500,True,normal,market_aware_v1,53.344,54.434,200.82,27.922,0.961,92.116,36.933,2.289
e9bdc5fd-0c11-482e-ab54-9abebfb322e6,2026-04-25T17:21:43.201589-04:00,node-01,orders-api,429,True,normal,market_aware_v1,59.999,47.617,177.298,29.797,0.68,86.33,74.466,1.831
ce7c63c0-82be-428c-ac3f-1929cf312889,2026-04-25T17:21:43.212109-04:00,node-01,checkout-api,429,True,normal,market_aware_v1,58.229,48.423,182.446,27.754,0.899,90.666,59.423,2.172
85252640-9b1b-4ca3-903e-bdd429766a09,2026-04-25T17:21:43.222580-04:00,node-01,payments-api,503,True,normal,market_aware_v1,50.078,56.566,199.21,24.414,0.902,95.638,39.806,2.304
25966738-78c1-491c-b42a-7eecce6ff9e7,2026-04-25T17:21:43.233069-04:00,node-01,orders-api,429,True,normal,market_aware_v1,57.832,49.452,174.818,28.88,0.758,91.127,77.76,2.041
2be5bb17-0370-4b54-a937-a73d133b5e1f,2026-04-25T17:21:43.243624-04:00,node-01,checkout-api,503,True,normal,market_aware_v1,56.799,50.712,203.473,28.101,0.86,92.535,53.715,2.244
533da629-251b-4caf-8c97-3e06bab26912,2026-04-25T17:21:43.254099-04:00,node-01,payments-api,500,True,normal,market_aware_v1,54.654,55.034,187.43,23.719,0.811,88.641,48.718,2.036
2765fad3-29eb-4cc3-92de-e583233efac0,2026-04-25T17:21:43.264531-04:00,node-01,orders-api,502,True,normal,market_aware_v1,58.991,48.16,173.773,31.138,0.741,95.018,72.897,2.136
1dab3c11-b003-4ad7-9192-6afb6d459054,2026-04-25T17:21:43.275025-04:00,node-01,checkout-api,502,True,normal,market_aware_v1,59.565,50.252,196.377,27.812,0.908,93.711,51.271,2.282
572237d9-f909-408a-8e6f-6ada250b0818,2026-04-25T17:21:43.285557-04:00,node-01,payments-api,429,True,normal,market_aware_v1,54.799,53.434,205.306,25.863,0.888,92.72,40.107,2.062
eaf8ba7c-cd66-4606-a784-3198befa6238,2026-04-25T17:21:43.296037-04:00,node-01,orders-api,200,True,anomalous,market_aware_v1,65.151,49.222,157.429,32.733,0.86,78.329,81.86,1.968
3007d2c8-c2f3-45bb-b956-8449b46fa73e,2026-04-25T17:21:43.306536-04:00,node-01,checkout-api,429,True,normal,market_aware_v1,58.23,52.07,181.123,28.793,0.761,88.414,58.713,2.04
0c3e76e3-87c8-4d87-9cd3-572877530361,2026-04-25T17:21:43.317167-04:00,node-01,payments-api,502,True,anomalous,market_aware_v1,61.691,56.005,215.626,27.374,1.277,99.523,38.99,2.807
d86bfeb4-90bd-4542-805d-dba238f99f49,2026-04-25T17:21:43.327602-04:00,node-01,orders-api,502,True,normal,market_aware_v1,66.313,48.502,174.86,31.483,0.783,97.178,84.433,2.165
d36785cd-71c6-4001-b91a-732ccbec154c,2026-04-25T17:21:43.338089-04:00,node-01,checkout-api,502,True,normal,market_aware_v1,61.955,54.31,203.775,30.842,0.934,96.83,63.98,2.333
3931113f-71b3-4fa4-9bcb-01a2a3564e29,2026-04-25T17:21:43.348518-04:00,node-01,payments-api,200,True,normal,market_aware_v1,60.086,58.561,191.721,26.666,0.787,87.049,51.361,1.896
5218c7a7-5d38-4e89-913a-76458bb6a9dc,2026-04-25T17:21:43.358925-04:00,node-01,orders-api,500,True,normal,market_aware_v1,61.777,52.212,168.225,32.114,0.834,92.932,81.842,2.137
ce2de8f3-ac4c-4a7c-9563-8a1884cf5425,2026-04-25T17:21:43.369326-04:00,node-01,checkout-api,429,True,normal,market_aware_v1,59.318,57.294,191.27,30.054,0.955,89.344,67.542,2.279
4c0c0257-a426-44cf-8442-426ede965742,2026-04-25T17:21:43.379739-04:00,node-01,payments-api,502,True,normal,market_aware_v1,60.989,57.455,204.223,30.529,0.854,96.188,49.279,2.383
6483f152-44b2-4312-88b6-eb8324e9eeb1,2026-04-25T17:21:43.390133-04:00,node-01,orders-api,500,True,normal,market_aware_v1,66.897,55.227,189.805,31.731,0.823,96.141,84.113,2.24
62a53d92-956d-4545-b7ca-10c386be4e5e,2026-04-25T17:21:43.400574-04:00,node-01,checkout-api,502,True,normal,market_aware_v1,68.909,57.668,191.996,32.842,0.948,94.879,58.672,2.27
87cdb5dd-9527-4356-868a-bfc517f6eaa9,2026-04-25T17:21:43.411037-04:00,node-01,payments-api,502,True,normal,market_aware_v1,58.119,57.997,199.338,29.107,0.885,89.072,59.401,2.142
85b8e7a1-b56c-494c-8f43-50c27c03a226,2026-04-25T17:21:43.421524-04:00,node-01,orders-api,502,True,normal,market_aware_v1,65.293,53.164,175.193,32.496,0.785,92.636,91.414,2.001
df516a26-4e9b-45ef-bc68-186b9e56c3b7,2026-04-25T17:21:43.431997-04:00,node-01,checkout-api,429,True,normal,market_aware_v1,64.045,54.946,184.994,32.128,0.891,93.05,65.085,2.276
e0e3e0c4-465a-45e2-9617-249f3d859363,2026-04-25T17:21:43.442472-04:00,node-01,payments-api,502,True,normal,market_aware_v1,60.13,55.003,211.518,27.206,0.86,97.92,52.885,2.478
2451f7ad-1981-4d45-9222-e194ed7ce1d2,2026-04-25T17:21:43.452954-04:00,node-01,orders-api,429,True,anomalous,market_aware_v1,67.891,53.169,175.193,33.649,0.94,85.989,81.326,2.135
714468ab-d458-4ad9-810c-a7e387b88590,2026-04-25T17:21:43.463522-04:00,node-01,checkout-api,429,True,normal,market_aware_v1,63.929,57.979,201.345,31.378,0.957,97.743,60.89,2.425
0ed2805f-5683-46c7-a3ce-57691c3a8958,2026-04-25T17:21:43.474002-04:00,node-01,payments-api,500,True,normal,market_aware_v1,60.998,58.795,195.263,29.029,0.795,86.343,53.615,2.053
d6a5d474-5127-4159-8f34-6d0a610ebbe9,2026-04-25T17:21:43.484519-04:00,node-01,orders-api,200,True,normal,market_aware_v1,63.551,52.735,171.836,32.822,0.629,85.883,84.003,1.704
10f44edc-56cd-41d6-bf63-c37564ceea22,2026-04-25T17:21:43.495045-04:00,node-01,checkout-api,502,True,normal,market_aware_v1,58.825,55.242,190.497,28.125,0.886,90.846,60.371,2.211
0842096b-1831-43ff-bcab-9536f5d887c2,2026-04-25T17:21:43.505592-04:00,node-01,payments-api,503,True,normal,market_aware_v1,58.957,56.355,193.354,26.676,0.861,96.372,44.399,2.339
7e825619-900f-412e-95d0-10831f592a55,2026-04-25T17:21:43.516094-04:00,node-01,orders-api,429,True,normal,market_aware_v1,61.379,49.048,167.75,31.583,0.578,79.722,80.79,1.637
b3d70ba4-51ee-459b-88f9-6e8614b9c195,2026-04-25T17:21:43.526572-04:00,node-01,checkout-api,500,True,normal,market_aware_v1,59.521,56.834,192.376,27.328,0.951,88.96,60.027,2.188
90c6a048-ac91-4d50-9445-6875511e53da,2026-04-25T17:21:43.537056-04:00,node-01,payments-api,502,True,normal,market_aware_v1,57.729,54.875,208.278,24.614,0.779,89.939,44.351,2.031
aa5473ca-f783-4be6-a26a-ac0cbbb29e3f,2026-04-25T17:21:43.547548-04:00,node-01,orders-api,429,True,normal,market_aware_v1,61.51,46.169,168.194,29.763,0.675,88.102,77.512,1.849
bc5fbbe1-07f7-4494-9899-ab07df5896c4,2026-04-25T17:21:43.558279-04:00,node-01,checkout-api,429,True,normal,market_aware_v1,59.758,49.775,193.585,29.197,0.85,86.315,54.51,2.003
ec296950-ff8d-4f14-9b9e-ebfb84218207,2026-04-25T17:21:43.568819-04:00,node-01,payments-api,502,True,normal,market_aware_v1,51.343,53.603,201.906,26.736,0.911,97.664,45.867,2.423
04e15ff2-ac98-4cc5-b452-4a2adbdd195a,2026-04-25T17:21:43.579372-04:00,node-01,orders-api,200,True,normal,market_aware_v1,58.418,46.764,160.23,30.63,0.553,83.428,83.867,1.624
44871e90-2a0e-4674-ae3e-919c346c94e8,2026-04-25T17:21:43.589866-04:00,node-01,checkout-api,200,True,normal,market_aware_v1,50.483,47.284,191.786,24.864,0.803,83.541,50.981,1.935
d26dc902-8754-40fc-9515-4bfa5e503e10,2026-04-25T17:21:43.600341-04:00,node-01,payments-api,502,True,normal,market_aware_v1,51.344,51.29,204.971,23.492,0.897,97.873,40.364,2.349
e4aa1aa6-11fc-4a02-b09f-5a30de749512,2026-04-25T17:21:43.610860-04:00,node-01,orders-api,503,True,normal,market_aware_v1,60.439,50.288,185.629,31.891,0.853,97.978,71.304,2.339
db69a907-d4e4-46f0-a64c-a3fc42a4bb5d,2026-04-25T17:21:43.621353-04:00,node-01,checkout-api,429,True,normal,market_aware_v1,58.094,50.929,188.358,26.137,0.881,88.875,53.649,2.167
61bf7d9e-a83a-4a18-aab7-7a0d1b1ec62c,2026-04-25T17:21:43.631860-04:00,node-01,payments-api,429,True,anomalous,market_aware_v1,53.505,54.843,218.732,22.652,1.184,100.896,29.439,2.798
e89952f6-0e8b-4039-b825-ddffde793c9f,2026-04-25T17:21:43.642387-04:00,node-01,orders-api,200,True,normal,market_aware_v1,55.282,44.331,176.306,31.285,0.71,88.322,71.84,1.956
9ec9618d-17de-4d03-98dc-e3a0a41ac05b,2026-04-25T17:21:43.652945-04:00,node-01,checkout-api,500,True,normal,market_aware_v1,53.428,49.662,182.129,26.991,0.835,87.9,49.433,2.108
0cf1e515-b998-4a87-ae30-2f27e995b5e3,2026-04-25T17:21:43.663403-04:00,node-01,payments-api,200,True,normal,market_aware_v1,51.508,51.174,187.42,24.654,0.703,88.413,44.027,1.961
487e580e-ee18-48f2-8b61-785a1997de11,2026-04-25T17:21:43.673843-04:00,node-01,orders-api,429,True,normal,market_aware_v1,57.771,48.262,166.358,28.328,0.531,84.202,74.303,1.605
3c6eac4e-caa9-43fa-a189-63cdd2ce6fa4,2026-04-25T17:21:43.684330-04:00,node-01,checkout-api,502,True,normal,market_aware_v1,57.169,52.026,195.951,29.707,0.967,90.68,44.317,2.157
0c5b32e1-b112-4ff6-a28e-1f4f46073384,2026-04-25T17:21:43.694810-04:00,node-01,payments-api,429,True,normal,market_aware_v1,51.33,51.251,193.695,23.747,0.816,95.194,39.554,2.253
569d9124-d56a-45d0-9ad2-ae1dbb132abc,2026-04-25T17:21:43.705294-04:00,node-01,orders-api,200,True,normal,market_aware_v1,58.359,45.51,164.994,29.987,0.644,82.252,76.678,1.732
3f9f4c0a-f074-46a9-91e0-7e3e0381d350,2026-04-25T17:21:43.715767-04:00,node-01,checkout-api,429,True,anomalous,market_aware_v1,57.826,53.8,194.012,30.589,1.117,93.203,51.629,2.519
2552a14e-bdcd-4415-8587-0eb193362fab,2026-04-25T17:21:43.726264-04:00,node-01,payments-api,429,True,anomalous,market_aware_v1,57.732,56.899,216.485,27.18,1.181,98.725,35.098,2.777
cae00463-1e86-4f34-b498-d9fa11c1a9c3,2026-04-25T17:21:43.736808-04:00,node-01,orders-api,503,True,anomalous,market_aware_v1,60.527,52.376,195.362,29.597,1.117,95.125,74.759,2.521
ce519a28-a195-46e9-b4cc-188634bf7688,2026-04-25T17:21:43.747330-04:00,node-01,checkout-api,502,True,normal,market_aware_v1,59.443,51.209,194.856,31.372,0.895,96.461,51.572,2.359
57ead853-20be-49fb-be7c-9218e7e8fe63,2026-04-25T17:21:43.757839-04:00,node-01,payments-api,503,True,normal,market_aware_v1,53.275,52.491,198.514,25.942,0.845,97.093,39.33,2.251
a2d0c681-ca99-4a54-b673-82bb58abdb00,2026-04-25T17:21:43.768311-04:00,node-01,orders-api,502,True,normal,market_aware_v1,63.961,49.788,186.87,29.902,0.759,97.158,76.429,2.222
62572eae-8bea-41ee-b30c-e52643711b84,2026-04-25T17:21:43.778786-04:00,node-01,checkout-api,429,True,normal,market_aware_v1,62.929,53.165,208.591,30.438,1.051,98.566,58.368,2.553
657e4b4f-f530-4443-bba8-62ab00e6c559,2026-04-25T17:21:43.789295-04:00,node-01,payments-api,500,True,normal,market_aware_v1,62.173,56.675,205.122,26.135,0.853,92.913,50.316,2.187
6b6c493a-c4be-4c94-955d-ea1e3a392aac,2026-04-25T17:21:43.799818-04:00,node-01,orders-api,502,True,normal,market_aware_v1,62.34,50.284,176.571,29.079,0.7,91.205,81.415,2.013
f0375477-2d0d-409d-8547-66b3530267e5,2026-04-25T17:21:43.810347-04:00,node-01,checkout-api,429,True,normal,market_aware_v1,63.805,56.32,196.377,29.057,0.934,94.875,61.458,2.379
1661208d-1706-47ce-b53c-f7331722165f,2026-04-25T17:21:43.820860-04:00,node-01,payments-api,500,True,normal,market_aware_v1,58.61,57.756,203.822,27.392,0.781,95.197,47.19,2.249
dd647001-99e3-4435-9c23-180f926b06ba,2026-04-25T17:21:43.831331-04:00,node-01,orders-api,200,True,normal,market_aware_v1,64.637,47.645,192.75,34.773,0.737,89.18,86.076,1.899
b567851b-e6e1-46c2-aaa6-111b7c6c6ae2,2026-04-25T17:21:43.841814-04:00,node-01,checkout-api,503,True,normal,market_aware_v1,66.631,53.955,195.817,27.612,0.909,95.237,54.105,2.278
0d67f604-d450-4981-a960-45ad4121fc28,2026-04-25T17:21:43.852286-04:00,node-01,payments-api,502,True,anomalous,market_aware_v1,60.348,57.746,216.141,29.218,1.266,105.412,38.548,3.007
6908cf8a-ea55-4b47-94d2-c183e55e294c,2026-04-25T17:21:43.862770-04:00,node-01,orders-api,429,True,normal,market_aware_v1,65.989,53.207,176.247,31.807,0.734,95.19,84.3,2.103
fddb4393-b289-4268-9f24-7839cf03334f,2026-04-25T17:21:43.873252-04:00,node-01,checkout-api,500,True,normal,market_aware_v1,62.172,53.441,188.477,29.856,0.935,89.047,68.393,2.253
7e99d88d-6963-4806-80c0-f830248de381,2026-04-25T17:21:43.883753-04:00,node-01,payments-api,502,True,normal,market_aware_v1,59.048,56.63,199.897,29.101,0.827,98.122,43.785,2.28
704bb5ba-58e4-4750-9770-115b262b90f8,2026-04-25T17:21:43.894219-04:00,node-01,orders-api,503,True,normal,market_aware_v1,63.57,52.169,181.027,35.02,0.708,97.557,80.635,2.142
478b1d97-2975-415c-b6f9-aa3e20a9d88f,2026-04-25T17:21:43.904649-04:00,node-01,checkout-api,503,True,normal,market_aware_v1,62.162,55.319,203.692,28.371,1.035,100.824,53.641,2.533
447535cc-67ab-41a8-a76f-c4ba3058711f,2026-04-25T17:21:43.915131-04:00,node-01,payments-api,503,True,normal,market_aware_v1,52.008,51.011,191.261,24.342,0.872,95.117,42.793,2.335
bed60d2b-17fc-4f93-9186-3854b3bb3e66,2026-04-25T17:21:43.925581-04:00,node-01,orders-api,503,True,normal,market_aware_v1,65.06,50.256,188.818,30.718,0.727,96.167,83.54,2.111
458d79b4-91d5-4935-b8ab-020432902a24,2026-04-25T17:21:43.936064-04:00,node-01,checkout-api,500,True,anomalous,market_aware_v1,64.071,59.24,200.06,32.226,1.222,95.214,52.92,2.61
4d295c13-66a6-43cf-8551-26d2d845eacb,2026-04-25T17:21:43.946579-04:00,node-01,payments-api,502,True,normal,market_aware_v1,58.888,51.186,212.125,25.361,0.873,99.48,36.445,2.395
540b57dd-11e8-4b8b-86df-d37e7bd2c3c4,2026-04-25T17:21:43.957064-04:00,node-01,orders-api,500,True,normal,market_aware_v1,64.854,49.654,188.168,28.727,0.813,91.166,80.161,2.126
57f89bc0-7c90-4920-9941-6361575be75b,2026-04-25T17:21:43.967560-04:00,node-01,checkout-api,200,True,normal,market_aware_v1,56.675,52.726,172.83,27.858,0.735,83.998,52.021,1.89
ce5ab0ca-6cda-4fe4-a8a4-29276971de1f,2026-04-25T17:21:43.978033-04:00,node-01,payments-api,429,True,normal,market_aware_v1,55.913,51.892,202.192,24.232,0.821,98.501,42.82,2.348
8a1084df-0883-48d6-8907-421b0a56c516,2026-04-25T17:21:43.988558-04:00,node-01,orders-api,429,True,normal,market_aware_v1,60.28,50.37,173.911,31.042,0.823,92.349,77.561,2.075
e485fbed-2049-402b-a6de-c643fa0c62b5,2026-04-25T17:21:43.999030-04:00,node-01,checkout-api,429,True,normal,market_aware_v1,60.016,49.634,198.576,27.199,0.94,90.206,52.544,2.269
f42dfb13-8e15-4512-bc6d-fc48e999e0d6,2026-04-25T17:21:44.009565-04:00,node-01,payments-api,429,True,normal,market_aware_v1,52.263,53.312,190.746,24.781,0.763,85.283,40.995,1.945
66c110d5-dfe2-47e4-8f99-14fd3a6f4c85,2026-04-25T17:21:44.020086-04:00,node-01,orders-api,500,True,anomalous,market_aware_v1,62.137,51.277,186.023,31.028,1.058,93.287,72.348,2.491
7909a6d6-630d-478c-b7f4-fce2c7c15b97,2026-04-25T17:21:44.030568-04:00,node-01,checkout-api,429,True,normal,market_aware_v1,57.454,54.726,195.766,29.117,0.948,94.261,58.464,2.339
091aa3f0-cd93-4513-afdc-e90b762eb471,2026-04-25T17:21:44.041060-04:00,node-01,payments-api,503,True,normal,market_aware_v1,53.731,55.214,198.537,22.61,0.837,92.051,37.81,2.263
40843307-f674-41c0-a123-c60cf1f9b13e,2026-04-25T17:21:44.051571-04:00,node-01,orders-api,200,True,normal,market_aware_v1,61.424,50.113,175.54,28.768,0.714,87.935,77.658,1.842
763e0b25-ee91-494c-a8ca-3e096cf27128,2026-04-25T17:21:44.062405-04:00,node-01,checkout-api,502,True,normal,market_aware_v1,58.012,53.947,188.947,27.586,0.958,92.227,56.562,2.097
7b9d7ac3-f982-43e8-949a-c6407f0d2fb9,2026-04-25T17:21:44.072911-04:00,node-01,payments-api,503,True,normal,market_aware_v1,54.539,52.905,192.461,25.755,0.771,90.271,44.196,2.034
3af37d69-37fb-46dc-8e98-2ec954ac77b3,2026-04-25T17:21:44.083427-04:00,node-01,orders-api,429,True,normal,market_aware_v1,61.779,49.786,173.187,30.609,0.83,90.999,81.945,2.018
243c292b-671c-40e6-9530-a4cbb8e1a7b7,2026-04-25T17:21:44.094063-04:00,node-01,checkout-api,429,True,normal,market_aware_v1,59.657,55.773,187.109,26.369,0.908,89.078,59.965,2.138
45ff0104-d62f-406a-a3a1-b688a13da59c,2026-04-25T17:21:44.104547-04:00,node-01,payments-api,503,True,normal,market_aware_v1,62.915,56.587,217.269,26.458,0.988,108.629,33.828,2.556
1102bb6f-744c-45b4-a2a0-af3a79ac560b,2026-04-25T17:21:44.115015-04:00,node-01,orders-api,503,True,normal,market_aware_v1,64.917,49.853,170.156,32.231,0.713,90.698,83.794,2.042
97aec40a-e7b0-4bf9-a13e-eb7fd3cd6ea9,2026-04-25T17:21:44.125534-04:00,node-01,checkout-api,429,True,normal,market_aware_v1,58.898,53.895,191.656,30.0,0.987,99.684,55.217,2.521
22ad4fb3-e348-4ab5-baf8-3c677b682f2f,2026-04-25T17:21:44.136042-04:00,node-01,payments-api,429,True,anomalous,market_aware_v1,62.737,59.226,220.995,30.403,1.128,98.7,45.952,2.703
b27ce72b-d334-4331-893a-419e4447295b,2026-04-25T17:21:44.146499-04:00,node-01,orders-api,200,True,normal,market_aware_v1,64.487,52.786,183.135,30.717,0.645,87.692,90.076,1.844
68e753cb-952d-4d6d-9b3a-1127691a3106,2026-04-25T17:21:44.156914-04:00,node-01,checkout-api,500,True,normal,market_aware_v1,63.024,55.197,195.865,32.791,0.91,91.504,62.618,2.2
59d86320-8b8c-444d-94a0-ec433814a6cf,2026-04-25T17:21:44.167325-04:00,node-01,payments-api,503,True,normal,market_aware_v1,59.684,60.755,224.396,28.819,1.061,106.505,48.236,2.986
fe4489dc-4298-4f29-b1dd-4472560987b3,2026-04-25T17:21:44.177735-04:00,node-01,orders-api,429,True,normal,market_aware_v1,62.197,50.071,162.61,31.338,0.634,81.201,88.162,1.69
049d1793-b31a-4141-83e1-0db561e1cb00,2026-04-25T17:21:44.188138-04:00,node-01,checkout-api,503,True,normal,market_aware_v1,65.489,58.274,203.281,31.156,0.907,95.029,62.556,2.346
53839d86-6a01-41e2-8dfa-fb6f57a7b88a,2026-04-25T17:21:44.198546-04:00,node-01,payments-api,502,True,normal,market_aware_v1,61.006,57.472,215.78,28.483,0.902,101.559,46.83,2.343
4195302e-d57c-4551-bab9-1f31ffe3ca6f,2026-04-25T17:21:44.208951-04:00,node-01,orders-api,429,True,normal,market_aware_v1,67.934,54.431,185.578,31.555,0.75,92.199,87.012,2.053
10f4417d-e2f9-41ab-9471-df220f05608b,2026-04-25T17:21:44.219349-04:00,node-01,checkout-api,503,True,normal,market_aware_v1,66.369,55.642,204.199,31.398,0.817,88.301,64.157,2.22
ceadd8ba-9aef-4cd8-918d-21f9dd8f0b42,2026-04-25T17:21:44.229770-04:00,node-01,payments-api,503,True,normal,market_aware_v1,59.572,61.368,192.524,27.093,0.88,94.039,54.897,2.334
4e0e0d55-0416-4909-a0f1-c0d4dc24c68e,2026-04-25T17:21:44.240179-04:00,node-01,orders-api,500,True,normal,market_aware_v1,65.018,52.606,190.215,33.495,0.898,100.106,82.701,2.508
7079fc92-f641-49ea-a858-5fb641643f2f,2026-04-25T17:21:44.250591-04:00,node-01,checkout-api,500,True,anomalous,market_aware_v1,64.825,56.393,210.583,33.378,1.304,102.145,61.68,2.917
e615a27c-2479-4090-8701-36dee20759e9,2026-04-25T17:21:44.260986-04:00,node-01,payments-api,502,True,normal,market_aware_v1,58.831,56.656,207.269,26.204,0.971,104.338,48.669,2.488
ac9f10fe-7468-4e2f-b71b-5a89be47fca9,2026-04-25T17:21:44.271401-04:00,node-01,orders-api,200,True,normal,market_aware_v1,65.447,51.62,178.252,31.923,0.69,89.252,82.771,1.879
6e45b48c-9f82-4a59-af88-c4df03df8f87,2026-04-25T17:21:44.281829-04:00,node-01,checkout-api,503,True,normal,market_aware_v1,62.759,56.047,197.803,29.371,0.818,94.234,65.329,2.101
54e37c9c-b770-4b88-a435-d3fee928b309,2026-04-25T17:21:44.292221-04:00,node-01,payments-api,429,True,normal,market_aware_v1,59.078,53.714,202.606,26.448,0.81,91.007,49.88,2.226
beb6443e-6e6e-47be-99b8-426024ee9073,2026-04-25T17:21:44.302659-04:00,node-01,orders-api,500,True,normal,market_aware_v1,64.754,51.672,188.103,31.202,0.759,94.366,76.353,2.077
c0e768e5-1f6a-49d7-8cce-3d5cad95cd75,2026-04-25T17:21:44.313095-04:00,node-01,checkout-api,429,True,normal,market_aware_v1,58.617,51.62,187.539,27.118,0.845,88.233,61.375,2.017
fd9b2bd3-d04b-4b08-8687-db79dad0c9b2,2026-04-25T17:21:44.323534-04:00,node-01,payments-api,502,True,anomalous,market_aware_v1,57.888,56.731,213.931,27.46,1.2,100.566,41.784,2.865
26ae5dd9-ea26-4b8d-a4d1-82e926f0fdae,2026-04-25T17:21:44.334035-04:00,node-01,orders-api,429,True,normal,market_aware_v1,61.848,49.121,185.037,32.122,0.712,94.793,78.633,1.923
e7517631-a004-44ac-a0df-48d2c9e4b533,2026-04-25T17:21:44.344501-04:00,node-01,checkout-api,500,True,anomalous,market_aware_v1,63.271,56.331,212.321,32.397,1.406,98.971,52.452,3.102
5b1299f5-9122-4847-b92d-8c9cfdb0f8e6,2026-04-25T17:21:44.354998-04:00,node-01,payments-api,500,True,anomalous,market_aware_v1,55.875,56.731,208.604,27.52,1.11,95.548,41.106,2.581
ffc48ea1-7535-4550-b595-07e4aed58029,2026-04-25T17:21:44.365559-04:00,node-01,orders-api,200,True,normal,market_aware_v1,60.394,51.222,173.396,29.494,0.752,92.958,74.593,1.935
2ee13743-e932-4594-91bd-fc5a14939b8c,2026-04-25T17:21:44.376151-04:00,node-01,checkout-api,429,True,normal,market_aware_v1,55.742,50.108,200.497,28.856,0.972,97.722,49.404,2.389
99f47ef4-9d47-43fc-8601-5da1445ab36d,2026-04-25T17:21:44.386754-04:00,node-01,payments-api,503,True,normal,market_aware_v1,50.891,53.018,196.401,23.61,0.762,90.972,37.84,2.18
a9ee30fb-5f8b-452c-a03e-ceaa25cc6790,2026-04-25T17:21:44.398363-04:00,node-01,orders-api,200,True,normal,market_aware_v1,55.501,47.605,171.681,28.822,0.585,83.934,77.24,1.612
485e1f38-1013-4727-b015-7d83f0f2ac5c,2026-04-25T17:21:44.409022-04:00,node-01,checkout-api,429,True,normal,market_aware_v1,57.999,51.693,189.41,26.961,0.846,95.619,52.836,2.225
a8f4eda5-04e7-4f1d-8e7c-7c03c3f26803,2026-04-25T17:21:44.419499-04:00,node-01,payments-api,429,True,normal,market_aware_v1,50.1,49.671,204.431,26.777,0.867,97.183,33.58,2.302
567d4dc8-edf7-4ba5-8987-78a8243d075e,2026-04-25T17:21:44.429909-04:00,node-01,orders-api,502,True,normal,market_aware_v1,57.696,46.353,183.09,30.668,0.82,92.5,76.868,2.079
dd2017a3-75b2-4aee-9248-8320414c98c1,2026-04-25T17:21:44.440307-04:00,node-01,checkout-api,503,True,normal,market_aware_v1,57.352,50.457,200.37,25.897,0.932,95.678,41.759,2.387
bc960ae3-578c-446d-b9a4-dc6dccacec71,2026-04-25T17:21:44.450738-04:00,node-01,payments-api,500,True,normal,market_aware_v1,54.489,52.415,205.304,23.379,0.88,95.112,44.509,2.143
065fb77f-cc12-4c04-9126-d2cdb18a3322,2026-04-25T17:21:44.461136-04:00,node-01,orders-api,429,True,normal,market_aware_v1,59.704,47.368,186.292,27.985,0.717,88.426,74.278,1.886
041dcb16-48ff-4141-a04f-a8a8dfe7bdbe,2026-04-25T17:21:44.471542-04:00,node-01,checkout-api,502,True,normal,market_aware_v1,56.081,49.38,179.647,25.77,0.886,90.784,54.1,2.249
29b6573a-2133-453c-a68f-7e0658324af5,2026-04-25T17:21:44.481928-04:00,node-01,payments-api,429,True,normal,market_aware_v1,52.298,52.714,207.961,26.523,0.832,91.179,40.932,2.049
bccd2086-f5d6-4ece-9e16-77020a396543,2026-04-25T17:21:44.492323-04:00,node-01,orders-api,503,True,anomalous,market_aware_v1,62.309,51.491,198.264,31.682,1.084,103.488,61.659,2.639
04d9245c-7f22-4004-8283-b3b5fdc4d732,2026-04-25T17:21:44.502780-04:00,node-01,checkout-api,500,True,anomalous,market_aware_v1,59.165,55.128,208.177,29.062,1.247,92.548,49.82,2.625
ee597aaa-6880-499f-a17b-72470b1d0709,2026-04-25T17:21:44.513244-04:00,node-01,payments-api,502,True,normal,market_aware_v1,51.667,51.375,187.558,27.109,0.777,89.644,39.851,2.074
00963d8d-3eea-4050-b076-140c8c481e7e,2026-04-25T17:21:44.523709-04:00,node-01,orders-api,429,True,normal,market_aware_v1,61.273,49.344,185.472,29.768,0.79,98.242,73.347,2.091
199a92b4-f193-4db7-8a1f-1e313d225e9e,2026-04-25T17:21:44.534197-04:00,node-01,checkout-api,500,True,normal,market_aware_v1,57.572,55.335,203.627,30.39,1.004,98.424,51.901,2.472
e5d7d516-5974-48ae-bdc2-6774c86ab909,2026-04-25T17:21:44.544661-04:00,node-01,payments-api,500,True,normal,market_aware_v1,60.164,57.616,203.599,26.885,0.944,102.102,41.467,2.374
ce833475-7c71-4199-af67-1ba41e021112,2026-04-25T17:21:44.555164-04:00,node-01,orders-api,502,True,anomalous,market_aware_v1,70.886,52.741,186.283,35.621,1.112,97.32,74.348,2.585
03b7d0a0-46f6-4361-ac00-89ba03821c10,2026-04-25T17:21:44.565639-04:00,node-01,checkout-api,502,True,normal,market_aware_v1,60.99,53.111,209.054,31.569,0.909,91.629,53.061,2.325
55f3da7f-4ddd-4791-9e67-e89a6f103597,2026-04-25T17:21:44.576098-04:00,node-01,payments-api,429,True,normal,market_aware_v1,63.812,53.332,212.287,25.926,0.951,99.336,43.325,2.487
63954d55-fbc6-4830-a2db-b1789b824f21,2026-04-25T17:21:44.586574-04:00,node-01,orders-api,200,True,normal,market_aware_v1,63.779,52.38,160.774,33.161,0.713,87.412,86.925,1.848
2d34cbbb-c9ff-421c-90fa-3b4c9d3ca81b,2026-04-25T17:21:44.597007-04:00,node-01,checkout-api,502,True,normal,market_aware_v1,68.364,51.871,194.256,28.889,0.821,91.52,64.101,2.067
63ed8de4-c7ff-46e8-bd8f-ffbecc5f19f1,2026-04-25T17:21:44.607418-04:00,node-01,payments-api,500,True,normal,market_aware_v1,57.479,54.248,199.838,25.504,1.0,104.056,47.834,2.522
7a32fddd-340e-4809-88bf-3ccd61ff1668,2026-04-25T17:21:44.617856-04:00,node-01,orders-api,500,True,normal,market_aware_v1,64.968,54.339,184.987,32.177,0.741,94.254,83.191,2.073
84a5a6f4-ebb1-43e5-ac7f-ceacb1242311,2026-04-25T17:21:44.628298-04:00,node-01,checkout-api,503,True,normal,market_aware_v1,63.158,56.094,192.47,29.375,0.978,99.206,58.915,2.479
5b8ae4b9-c014-42a4-8a15-6b02599b7c0b,2026-04-25T17:21:44.638761-04:00,node-01,payments-api,500,True,normal,market_aware_v1,59.659,54.462,189.02,30.824,0.844,93.333,51.412,2.123
fcb11e8c-6b27-4e59-aa94-da6282f4eeb4,2026-04-25T17:21:44.649177-04:00,node-01,orders-api,429,True,normal,market_aware_v1,65.167,52.453,179.613,31.155,0.781,92.812,79.295,2.097
a5cf4cc5-ae99-43e2-b5fa-cb37d4389648,2026-04-25T17:21:44.659601-04:00,node-01,checkout-api,503,True,normal,market_aware_v1,62.366,50.871,195.946,29.528,0.831,88.364,59.468,2.075
08fa425a-4767-4a26-9c4a-5e11d4d5bf02,2026-04-25T17:21:44.670053-04:00,node-01,payments-api,500,True,normal,market_aware_v1,59.131,59.648,205.781,30.01,0.828,91.788,49.825,2.151
2683e277-de0b-463b-9ae9-1d67275658cd,2026-04-25T17:21:44.680579-04:00,node-01,orders-api,200,True,normal,market_aware_v1,64.121,49.341,175.386,30.621,0.623,88.647,88.692,1.756
2ef1a089-22c3-48e5-8ff2-313369ecaa2d,2026-04-25T17:21:44.691039-04:00,node-01,checkout-api,429,True,normal,market_aware_v1,61.279,54.794,202.978,28.26,0.951,99.009,57.879,2.388
aa280e78-ef5e-4eda-a17c-781c152f440b,2026-04-25T17:21:44.701478-04:00,node-01,payments-api,502,True,normal,market_aware_v1,55.864,53.629,202.315,25.456,0.859,90.098,49.79,2.162
927a887c-63bd-44e3-8dd9-e953221337a2,2026-04-25T17:21:44.712114-04:00,node-01,orders-api,429,True,normal,market_aware_v1,62.375,49.873,192.742,32.487,0.675,98.096,79.901,1.999
d0504886-1132-4945-9daa-7bfa243923a6,2026-04-25T17:21:44.722814-04:00,node-01,checkout-api,500,True,normal,market_aware_v1,56.737,51.756,190.066,29.625,0.88,94.473,61.721,2.268
73d8c92b-f6ad-4f8f-bd2f-ab23be9ba219,2026-04-25T17:21:44.733456-04:00,node-01,payments-api,500,True,normal,market_aware_v1,57.297,57.591,207.037,26.027,0.865,95.79,43.761,2.258
3be64c56-d147-422c-912a-e4d01a0b0dc9,2026-04-25T17:21:44.744183-04:00,node-01,orders-api,200,True,normal,market_aware_v1,62.315,53.08,175.247,28.864,0.751,93.409,73.671,1.971
dc682c15-56cd-45b8-895a-2ee29af76c1f,2026-04-25T17:21:44.754877-04:00,node-01,checkout-api,500,True,normal,market_aware_v1,58.721,52.897,200.0,27.46,0.955,95.837,57.832,2.422
ad78f1e7-8f05-424e-8e2b-d825851bb3aa,2026-04-25T17:21:44.765396-04:00,node-01,payments-api,503,True,normal,market_aware_v1,58.222,47.858,212.957,25.135,0.952,102.112,37.087,2.525
774ea8b8-c31b-4647-b5c0-e33fde634973,2026-04-25T17:21:44.775849-04:00,node-01,orders-api,200,True,normal,market_aware_v1,58.302,48.191,168.552,29.758,0.707,83.876,73.233,1.808
0f0e6c81-3412-413e-8243-2da092765463,2026-04-25T17:21:44.786307-04:00,node-01,checkout-api,502,True,anomalous,market_aware_v1,61.978,51.661,226.72,28.036,1.281,99.211,42.452,2.909
acd79a1c-32c3-40c0-83a0-b17ddbc8e226,2026-04-25T17:21:44.796820-04:00,node-01,payments-api,503,True,normal,market_aware_v1,54.514,58.458,192.798,24.363,0.824,95.002,43.316,2.198
69552742-2fba-4692-a986-9917e37a8ecf,2026-04-25T17:21:44.807218-04:00,node-01,orders-api,200,True,normal,market_aware_v1,61.565,48.3,185.101,29.863,0.712,89.179,78.227,1.885
fcc2ea63-01be-4115-bd5c-26d044d6fe4c,2026-04-25T17:21:44.817694-04:00,node-01,checkout-api,429,True,normal,market_aware_v1,54.603,55.325,202.173,27.33,0.989,96.11,50.406,2.509
f8a2d76c-e98f-45d8-b039-f37f8445181b,2026-04-25T17:21:44.828130-04:00,node-01,payments-api,500,True,normal,market_aware_v1,55.736,53.642,228.091,25.501,0.997,103.596,39.459,2.747
9e352a4a-30a4-4242-bcc6-4d81c4029016,2026-04-25T17:21:44.838528-04:00,node-01,orders-api,200,True,normal,market_aware_v1,62.61,48.586,178.595,29.901,0.71,88.768,80.042,1.857
688087c5-d638-4447-afd2-826c097b1613,2026-04-25T17:21:44.848975-04:00,node-01,checkout-api,500,True,normal,market_aware_v1,58.647,52.371,197.514,29.515,0.965,93.325,56.843,2.32
0e18a53f-2bbb-4acc-8271-065374dc8853,2026-04-25T17:21:44.859446-04:00,node-01,payments-api,500,True,normal,market_aware_v1,59.618,52.002,226.15,23.665,0.87,103.411,37.199,2.444
613f3032-fd6f-4922-8a64-a34825be615b,2026-04-25T17:21:44.869973-04:00,node-01,orders-api,502,True,normal,market_aware_v1,62.886,51.559,187.012,27.441,0.803,93.743,79.072,2.076
3f6b7bea-29fc-4645-9663-7314cd535fce,2026-04-25T17:21:44.880398-04:00,node-01,checkout-api,503,True,anomalous,market_aware_v1,64.004,52.549,221.674,29.433,1.283,102.791,48.016,2.864
7e4edbcb-ff32-40ca-9e6c-8791cdcec75d,2026-04-25T17:21:44.890840-04:00,node-01,payments-api,503,True,normal,market_aware_v1,57.788,52.798,203.799,26.333,0.9,97.049,44.041,2.443
2f38eebd-cac0-4b2d-a481-fd5d639d4da3,2026-04-25T17:21:44.901269-04:00,node-01,orders-api,502,True,normal,market_aware_v1,60.968,54.87,191.313,28.502,0.85,97.68,76.394,2.216
563cfb1b-1a9f-4385-a890-bd6ff0579df1,2026-04-25T17:21:44.911718-04:00,node-01,checkout-api,429,True,normal,market_aware_v1,62.945,55.816,208.203,29.747,0.995,98.348,60.734,2.407
cce7f3b2-3a4e-48f8-b92a-29a08158d101,2026-04-25T17:21:44.922138-04:00,node-01,payments-api,502,True,normal,market_aware_v1,57.725,56.674,211.313,25.74,0.874,94.824,47.169,2.378
fa197a0f-a01a-43ac-a560-671568b6b191,2026-04-25T17:21:44.932567-04:00,node-01,orders-api,200,True,normal,market_aware_v1,64.394,52.857,180.21,31.266,0.801,96.043,77.051,1.986
c67b0d6c-2f66-4f01-b1d3-64fe4212827f,2026-04-25T17:21:44.943028-04:00,node-01,checkout-api,429,True,normal,market_aware_v1,64.41,58.47,200.733,31.931,0.936,95.323,59.223,2.263
4e16bbf0-81e3-4002-9ba9-bd264edcc713,2026-04-25T17:21:44.953523-04:00,node-01,payments-api,502,True,normal,market_aware_v1,60.834,57.91,205.751,27.921,0.834,94.587,49.189,2.278
7534b5f8-21d2-486d-a125-78badd7fb952,2026-04-25T17:21:44.963993-04:00,node-01,orders-api,429,True,normal,market_aware_v1,68.917,55.183,188.019,33.562,0.745,95.759,85.859,2.217
b2e35b7e-8dfe-4015-932e-d26e6d42a376,2026-04-25T17:21:44.974485-04:00,node-01,checkout-api,429,True,normal,market_aware_v1,65.183,56.226,198.925,33.041,0.995,99.001,60.353,2.419
6d2f0d94-c3a4-4013-9c7d-39db0877bb63,2026-04-25T17:21:44.985040-04:00,node-01,payments-api,500,True,normal,market_aware_v1,65.493,56.766,219.381,26.902,0.937,97.805,45.094,2.531
748f5bde-d1c5-4e31-aa1f-0a757a888a99,2026-04-25T17:21:44.995478-04:00,node-01,orders-api,200,True,normal,market_aware_v1,68.772,50.373,184.751,33.666,0.761,93.085,86.04,1.938
6cb1f2b4-a829-41b1-abea-408a0a9fbfe8,2026-04-25T17:21:45.006046-04:00,node-01,checkout-api,500,True,normal,market_aware_v1,65.444,56.141,192.169,29.153,0.914,92.003,72.113,2.25
a7269834-c4fc-493e-b744-78cc9de406e1,2026-04-25T17:21:45.016497-04:00,node-01,payments-api,500,True,normal,market_aware_v1,65.671,62.48,205.843,26.761,0.866,96.645,56.477,2.321
5197f55d-2bf5-459a-af2b-978e84f0d8fc,2026-04-25T17:21:45.027089-04:00,node-01,orders-api,429,True,normal,market_aware_v1,68.837,57.542,194.608,34.992,0.888,104.411,80.261,2.409
f2cb21ba-1c61-4ba3-bfd6-dfbab781b0bf,2026-04-25T17:21:45.037590-04:00,node-01,checkout-api,429,True,normal,market_aware_v1,67.706,52.269,206.581,33.971,0.892,94.505,63.37,2.211
687ef9ba-11d1-4186-a5cc-335fd4cec65e,2026-04-25T17:21:45.048146-04:00,node-01,payments-api,500,True,normal,market_aware_v1,63.255,57.835,217.812,28.668,0.987,105.003,45.637,2.66
ff02bac1-c53c-42f4-bce2-0268ffa62ae1,2026-04-25T17:21:45.058577-04:00,node-01,orders-api,500,True,normal,market_aware_v1,67.396,53.407,183.045,30.48,0.747,95.993,83.93,2.058
355d38c2-88be-4dd4-87a3-1aacde69c96a,2026-04-25T17:21:45.069141-04:00,node-01,checkout-api,500,True,anomalous,market_aware_v1,70.245,55.738,226.061,29.378,1.278,100.92,51.984,2.91
f327c1a6-0aad-46c1-9571-3d3795c53137,2026-04-25T17:21:45.079573-04:00,node-01,payments-api,502,True,normal,market_aware_v1,60.523,59.4,209.945,27.23,0.85,100.244,46.671,2.286
4f822751-6ad2-4d8d-a17d-a2ffaebc37d4,2026-04-25T17:21:45.090158-04:00,node-01,orders-api,503,True,normal,market_aware_v1,65.751,51.785,196.035,31.654,0.723,93.313,80.256,2.052
d6f1cf8c-fd6c-4f24-bd74-7a4a77a7de70,2026-04-25T17:21:45.100572-04:00,node-01,checkout-api,502,True,anomalous,market_aware_v1,67.064,59.716,224.285,30.765,1.341,104.657,46.887,3.039
e315b30a-3c64-4acc-b763-63496e958d08,2026-04-25T17:21:45.111129-04:00,node-01,payments-api,503,True,normal,market_aware_v1,56.691,55.66,205.809,28.132,0.917,98.344,40.501,2.414
f6b3596c-24d8-47e1-9d59-580aeba98e8a,2026-04-25T17:21:45.121560-04:00,node-01,orders-api,200,True,normal,market_aware_v1,60.09,50.337,176.651,31.295,0.693,89.422,76.068,1.798
6285aac8-5d13-4482-8bcb-ea3cbc9b52ca,2026-04-25T17:21:45.132120-04:00,node-01,checkout-api,429,True,anomalous,market_aware_v1,66.36,54.77,206.52,30.766,1.384,99.827,48.356,2.92
d381b612-7796-4b4d-8b38-617eee575623,2026-04-25T17:21:45.142547-04:00,node-01,payments-api,502,True,normal,market_aware_v1,56.03,55.287,204.005,24.97,0.872,94.007,40.721,2.25
f7bd9e1a-8c6a-4e7a-a0e6-6785f742e4c3,2026-04-25T17:21:45.153104-04:00,node-01,orders-api,502,True,normal,market_aware_v1,60.175,49.083,188.376,30.595,0.726,95.412,71.057,2.018
c3635e8b-e6dd-4f2c-9785-002625d5d95a,2026-04-25T17:21:45.163574-04:00,node-01,checkout-api,502,True,normal,market_aware_v1,54.309,49.848,186.196,27.035,0.853,85.953,52.036,2.139
26e869b3-41f5-4393-ad5b-0cddccca2af9,2026-04-25T17:21:45.174170-04:00,node-01,payments-api,503,True,normal,market_aware_v1,53.483,52.706,191.177,25.841,0.764,90.832,42.564,2.055
84ceadfb-2952-454e-b8af-df644ffbf117,2026-04-25T17:21:45.184583-04:00,node-01,orders-api,502,True,normal,market_aware_v1,58.482,50.839,184.76,28.95,0.761,97.268,64.744,2.138
b73f90ee-5d77-4e1a-b1ae-87bd21131aee,2026-04-25T17:21:45.194992-04:00,node-01,checkout-api,503,True,normal,market_aware_v1,54.989,47.004,171.819,29.306,0.818,84.543,53.528,2.142
6cf6ad8f-c46c-47ac-9d04-6a115e366e46,2026-04-25T17:21:45.205401-04:00,node-01,payments-api,503,True,normal,market_aware_v1,50.86,51.394,198.47,23.576,0.867,97.063,36.198,2.204
08a4e763-b711-4d49-89ed-28c2e67150e4,2026-04-25T17:21:45.215839-04:00,node-01,orders-api,200,True,normal,market_aware_v1,55.22,45.622,174.245,30.324,0.706,89.292,76.971,1.996
88d12ae7-0e98-4fe9-8585-6e256d11caec,2026-04-25T17:21:45.226254-04:00,node-01,checkout-api,200,True,normal,market_aware_v1,57.388,49.962,181.721,25.428,0.708,85.565,50.925,1.882
b2089f58-83d9-4f38-80d6-70b9abf273b7,2026-04-25T17:21:45.236770-04:00,node-01,payments-api,500,True,normal,market_aware_v1,55.061,52.338,193.068,24.249,0.769,93.683,35.543,2.141
3650e068-7384-4f3c-86b9-9f16243eeaa7,2026-04-25T17:21:45.247211-04:00,node-01,orders-api,200,True,normal,market_aware_v1,59.212,46.022,172.324,27.273,0.636,86.343,77.76,1.811
3e604f5a-1e62-42c3-8963-ff5fbed71fc0,2026-04-25T17:21:45.257644-04:00,node-01,checkout-api,500,True,normal,market_aware_v1,58.201,51.066,194.494,28.544,0.917,92.96,50.015,2.346
e28cc634-2689-4bb3-a0a7-86a372544bd7,2026-04-25T17:21:45.268050-04:00,node-01,payments-api,429,True,normal,market_aware_v1,56.316,52.326,194.819,23.106,0.839,91.848,40.467,2.2
9704a757-542c-4a5e-b65c-0053e3becbf2,2026-04-25T17:21:45.278400-04:00,node-01,orders-api,200,True,normal,market_aware_v1,57.359,46.809,172.316,29.363,0.71,87.989,71.214,1.923
bcc5d790-453c-4fa3-b444-6fb79dafd148,2026-04-25T17:21:45.288833-04:00,node-01,checkout-api,502,True,normal,market_aware_v1,59.229,51.079,212.211,26.105,0.966,98.768,50.913,2.485
cd2c78dd-bef0-4f87-8ef6-c9959b3f0845,2026-04-25T17:21:45.299234-04:00,node-01,payments-api,503,True,normal,market_aware_v1,52.054,52.94,199.408,22.854,0.941,99.992,36.929,2.397
6fabf121-40d2-492e-a905-46822e08999b,2026-04-25T17:21:45.309651-04:00,node-01,orders-api,500,True,normal,market_aware_v1,61.631,51.018,189.296,31.834,0.719,98.86,75.449,2.177
4793655d-37f3-4624-bb03-deb5834952dd,2026-04-25T17:21:45.320065-04:00,node-01,checkout-api,502,True,normal,market_aware_v1,59.051,53.508,203.062,28.504,0.928,95.287,57.673,2.334
84162ba1-36c6-424d-adff-63f971a7cce9,2026-04-25T17:21:45.330530-04:00,node-01,payments-api,500,True,normal,market_aware_v1,50.888,58.915,201.721,26.236,0.847,96.602,46.804,2.202
767763b3-510b-49dd-b4c7-46eaec0491b5,2026-04-25T17:21:45.340956-04:00,node-01,orders-api,200,True,normal,market_aware_v1,60.922,49.899,173.61,32.565,0.707,94.576,74.956,1.965
0fcb2a73-d116-4c54-b1f7-0f4a9a182052,2026-04-25T17:21:45.351400-04:00,node-01,checkout-api,429,True,normal,market_aware_v1,61.122,53.279,189.764,28.356,0.974,94.145,61.194,2.31
32791666-b7b0-41ce-98b3-82540a9a7873,2026-04-25T17:21:45.361934-04:00,node-01,payments-api,502,True,normal,market_aware_v1,61.28,56.852,201.018,26.115,0.983,102.248,41.068,2.477
689ded26-d0be-4f23-ad50-7ff56f91a4e0,2026-04-25T17:21:45.372410-04:00,node-01,orders-api,200,True,normal,market_aware_v1,64.86,53.431,175.358,29.367,0.694,88.264,88.583,1.918
1e654b8b-7f57-4ae4-b104-12a8b6630663,2026-04-25T17:21:45.382944-04:00,node-01,checkout-api,502,True,normal,market_aware_v1,62.713,51.642,208.245,29.303,0.91,98.483,61.381,2.287
5babcc15-2b79-4fea-bfc2-0632fac18911,2026-04-25T17:21:45.393415-04:00,node-01,payments-api,500,True,normal,market_aware_v1,58.118,56.222,199.089,24.846,0.888,95.021,52.662,2.269
2738ce45-34f7-44d4-81bb-5812211d34fb,2026-04-25T17:21:45.403921-04:00,node-01,orders-api,502,True,normal,market_aware_v1,65.858,53.457,184.977,30.79,0.749,95.856,77.971,2.078
7ade4a4e-70bb-49f3-9329-5a31daf5a884,2026-04-25T17:21:45.414425-04:00,node-01,checkout-api,502,True,anomalous,market_aware_v1,61.384,59.038,223.138,32.918,1.4,109.172,46.369,3.215
b0bb54e8-99de-46aa-bd60-4383736a9950,2026-04-25T17:21:45.424935-04:00,node-01,payments-api,502,True,normal,market_aware_v1,59.641,57.597,208.583,28.593,0.772,92.507,45.558,2.166
b9575c25-0b52-4ff9-abee-bd1dbe016cd9,2026-04-25T17:21:45.435424-04:00,node-01,orders-api,502,True,normal,market_aware_v1,64.17,49.239,187.443,33.073,0.772,94.526,78.287,2.076
aa53d5d9-f4ed-4b9f-b07c-f29efe5286ba,2026-04-25T17:21:45.445930-04:00,node-01,checkout-api,429,True,normal,market_aware_v1,64.351,56.763,182.426,31.558,0.987,95.398,59.293,2.266
37de7dcd-93b5-4a2a-ac3e-8ad9569035f0,2026-04-25T17:21:45.456411-04:00,node-01,payments-api,502,True,normal,market_aware_v1,59.815,55.736,210.224,25.984,0.976,100.659,43.25,2.416
283789d5-6156-4c3f-b1a7-6f232a097a8b,2026-04-25T17:21:45.466948-04:00,node-01,orders-api,503,True,normal,market_aware_v1,64.894,51.0,198.51,29.631,0.85,97.915,76.521,2.196
84704afd-4676-4e50-a96c-ac1f6803d920,2026-04-25T17:21:45.477472-04:00,node-01,checkout-api,429,True,normal,market_aware_v1,62.874,57.574,190.884,30.539,0.888,93.034,61.661,2.24
dad3fdaa-9ee3-43a6-8699-ab4349b64913,2026-04-25T17:21:45.488047-04:00,node-01,payments-api,429,True,normal,market_aware_v1,56.679,59.288,205.54,24.372,0.808,89.04,48.192,2.15
43f16da4-3b0d-4056-9286-c358808a0dfd,2026-04-25T17:21:45.498474-04:00,node-01,orders-api,503,True,normal,market_aware_v1,64.32,50.832,189.504,32.849,0.746,98.385,72.654,2.196
3d5b1100-c53d-40bc-88dd-47fe40a4d9b2,2026-04-25T17:21:45.509044-04:00,node-01,checkout-api,500,True,normal,market_aware_v1,59.671,52.623,199.225,31.219,0.972,97.388,51.473,2.425
ca0ed937-70d3-402a-9528-ef999626fdd3,2026-04-25T17:21:45.519419-04:00,node-01,payments-api,502,True,normal,market_aware_v1,59.62,53.587,212.197,26.718,0.894,100.645,37.663,2.399
dc87dc27-9346-4a3e-8fb5-1e597326bf30,2026-04-25T17:21:45.529990-04:00,node-01,orders-api,429,True,normal,market_aware_v1,60.172,49.471,193.394,27.157,0.794,96.972,74.752,2.115
e56caa1d-8e4e-4a8c-911f-ec62ec2d64a9,2026-04-25T17:21:45.540499-04:00,node-01,checkout-api,429,True,normal,market_aware_v1,58.66,54.25,199.418,27.941,0.95,92.487,50.332,2.357
9ed52863-7265-46c4-9c21-12538c5b9e72,2026-04-25T17:21:45.551069-04:00,node-01,payments-api,500,True,normal,market_aware_v1,54.57,54.158,200.478,23.995,0.907,94.206,42.161,2.315
703f5595-3bcc-4170-81fc-ca5136d2a3c6,2026-04-25T17:21:45.561511-04:00,node-01,orders-api,502,True,normal,market_aware_v1,62.995,49.368,196.277,29.802,0.801,103.371,73.211,2.204
f48dbb78-909a-4466-9208-563e49564e83,2026-04-25T17:21:45.572071-04:00,node-01,checkout-api,500,True,normal,market_aware_v1,55.35,49.936,191.36,28.599,0.866,90.396,49.226,2.183
f6e641dd-4c9d-4086-adc5-99233c11dda0,2026-04-25T17:21:45.582551-04:00,node-01,payments-api,500,True,normal,market_aware_v1,56.591,52.884,213.61,23.678,0.991,99.553,38.229,2.514
9d979a0c-e9db-44c2-a0ff-d726dba3c189,2026-04-25T17:21:45.592991-04:00,node-01,orders-api,200,True,normal,market_aware_v1,60.47,46.748,179.074,31.857,0.721,88.125,78.726,1.85
02c2774a-a79a-40e4-8796-aeab372aac48,2026-04-25T17:21:45.603556-04:00,node-01,checkout-api,503,True,normal,market_aware_v1,63.013,52.695,200.932,26.48,1.018,96.728,51.705,2.444
327b9ad9-c954-44c6-9bd7-251ac6ff259b,2026-04-25T17:21:45.614127-04:00,node-01,payments-api,429,True,normal,market_aware_v1,56.148,54.873,196.701,24.964,0.78,97.433,36.943,2.172
9c897720-3ede-43dc-a748-2caa8ea45593,2026-04-25T17:21:45.624558-04:00,node-01,orders-api,200,True,normal,market_aware_v1,64.068,47.953,174.54,29.904,0.762,90.58,76.746,1.883
01fc3d52-4c97-43e8-b2e0-063eb0f6d833,2026-04-25T17:21:45.635140-04:00,node-01,checkout-api,502,True,normal,market_aware_v1,57.639,51.704,191.322,30.645,0.811,87.762,57.273,2.082
993ac4e0-0338-4537-9c43-475330178d1e,2026-04-25T17:21:45.645550-04:00,node-01,payments-api,429,True,normal,market_aware_v1,54.147,53.179,203.049,23.887,0.748,90.604,40.539,2.062
b40c8578-be1d-4572-bd00-ad08223d1e6c,2026-04-25T17:21:45.656113-04:00,node-01,orders-api,200,True,normal,market_aware_v1,62.307,49.74,172.972,30.701,0.607,88.557,83.77,1.866
ba5a6707-3bb0-4d88-9510-acea1273bae3,2026-04-25T17:21:45.666549-04:00,node-01,checkout-api,503,True,normal,market_aware_v1,59.378,54.31,203.607,30.198,0.939,93.878,54.507,2.32
232c9eef-a10b-4806-90aa-5fad2457ee60,2026-04-25T17:21:45.677115-04:00,node-01,payments-api,502,True,normal,market_aware_v1,59.665,55.999,209.594,27.118,0.783,97.394,45.976,2.266
5a4cc3a6-0b38-421e-8f3b-6dd95309c4ae,2026-04-25T17:21:45.687571-04:00,node-01,orders-api,429,True,normal,market_aware_v1,67.485,50.967,199.534,31.776,0.796,98.391,79.268,2.175
907c2ab8-6b99-464d-8a00-b5b630391460,2026-04-25T17:21:45.698143-04:00,node-01,checkout-api,429,True,normal,market_aware_v1,61.541,54.019,194.867,30.692,0.871,99.013,54.01,2.488
602268af-d276-4c9c-a5e1-a2d4267b666a,2026-04-25T17:21:45.708578-04:00,node-01,payments-api,500,True,normal,market_aware_v1,60.593,54.512,198.274,25.93,0.829,89.303,52.871,2.168
05a1116e-5de8-4759-98b5-c3e16861dbff,2026-04-25T17:21:45.719146-04:00,node-01,orders-api,429,True,normal,market_aware_v1,64.775,50.042,191.461,30.531,0.862,97.825,83.242,2.296
a313519d-8cbb-46fd-9629-3fe247a5efea,2026-04-25T17:21:45.729575-04:00,node-01,checkout-api,429,True,normal,market_aware_v1,65.937,59.015,209.625,28.8,0.955,101.299,67.244,2.439
da84e6b1-af02-452c-acab-bda20ccb2c87,2026-04-25T17:21:45.740150-04:00,node-01,payments-api,503,True,normal,market_aware_v1,67.643,56.788,225.627,27.416,0.992,107.818,47.457,2.609
670c24c9-2fe0-4d9f-aedf-ebbc5a5aafb1,2026-04-25T17:21:45.750594-04:00,node-01,orders-api,429,True,normal,market_aware_v1,69.341,54.105,190.543,30.204,0.784,95.075,83.312,2.045
ae20db8b-fc5c-4349-8223-99b45cde865c,2026-04-25T17:21:45.761171-04:00,node-01,checkout-api,502,True,normal,market_aware_v1,64.926,57.426,211.103,32.288,1.023,98.302,59.715,2.551
233bb523-7302-4b75-94ac-23ab76ce451e,2026-04-25T17:21:45.771604-04:00,node-01,payments-api,503,True,normal,market_aware_v1,60.423,58.832,211.062,27.163,1.009,101.079,54.891,2.463
62a5cf1a-0d16-44d5-b3fe-728530ebced2,2026-04-25T17:21:45.782171-04:00,node-01,orders-api,429,True,normal,market_aware_v1,69.285,52.842,189.377,33.246,0.795,95.033,89.81,2.12
dafe1a9a-4ee0-43da-bd27-1400b8e470b4,2026-04-25T17:21:45.792613-04:00,node-01,checkout-api,429,True,normal,market_aware_v1,69.228,58.03,225.65,31.913,1.068,107.397,61.036,2.804
2069db4d-1a78-4e04-88db-b65113d030bd,2026-04-25T17:21:45.803169-04:00,node-01,payments-api,502,True,normal,market_aware_v1,64.455,58.077,200.095,27.201,0.838,94.059,51.456,2.205
b98a168d-2000-4e42-8c83-8aced2b7cab0,2026-04-25T17:21:45.813599-04:00,node-01,orders-api,500,True,normal,market_aware_v1,69.698,56.889,194.83,33.91,0.851,103.418,83.142,2.479
35e2109c-b29e-42d0-be6d-c6cf4aa465cc,2026-04-25T17:21:45.824167-04:00,node-01,checkout-api,503,True,anomalous,market_aware_v1,68.978,60.121,219.323,34.026,1.371,107.719,54.177,3.123
a2bea3cb-892a-4491-806e-54820ea0dde6,2026-04-25T17:21:45.834586-04:00,node-01,payments-api,502,True,normal,market_aware_v1,65.241,59.378,214.781,27.387,1.021,110.692,46.857,2.727
df825e1a-887b-462e-a329-7ddc29698ed7,2026-04-25T17:21:45.844971-04:00,node-01,orders-api,502,True,normal,market_aware_v1,66.817,50.838,196.58,31.763,0.788,95.438,84.49,2.1
b26650ae-ef22-4018-b042-c974d2e1308d,2026-04-25T17:21:45.855415-04:00,node-01,checkout-api,502,True,normal,market_aware_v1,63.446,54.488,210.269,30.109,1.014,103.61,55.357,2.562
2ec0ac99-95b5-4557-bd96-f82a3acd8ecc,2026-04-25T17:21:45.865797-04:00,node-01,payments-api,502,True,normal,market_aware_v1,63.826,57.967,223.184,26.734,0.968,105.009,39.566,2.61
c49cce25-2dd5-4cc2-bed8-5694ae861dbe,2026-04-25T17:21:45.876193-04:00,node-01,orders-api,200,True,normal,market_aware_v1,63.954,50.021,175.281,33.28,0.633,87.973,84.043,1.841
ef86826c-2ca8-4943-96f8-88c9810d1220,2026-04-25T17:21:45.886610-04:00,node-01,checkout-api,502,True,normal,market_aware_v1,62.722,50.78,211.191,29.925,1.006,104.706,53.016,2.641
0a4af5fe-3897-4cb2-9eff-c98e5243aeb6,2026-04-25T17:21:45.896992-04:00,node-01,payments-api,500,True,normal,market_aware_v1,56.317,56.257,204.431,24.578,0.859,97.495,42.364,2.253
78330fcd-e906-4efd-b14a-290eb9f86283,2026-04-25T17:21:45.907445-04:00,node-01,orders-api,502,True,normal,market_aware_v1,63.771,50.703,190.556,33.126,0.81,100.673,69.756,2.264
bd08db38-117b-44f8-8def-3c0d6b9fef22,2026-04-25T17:21:45.917852-04:00,node-01,checkout-api,503,True,normal,market_aware_v1,62.67,51.648,201.189,29.537,0.879,93.401,58.182,2.194
f81a86e2-1dbe-4a39-a46d-ddf548c11869,2026-04-25T17:21:45.928306-04:00,node-01,payments-api,502,True,normal,market_aware_v1,54.89,52.178,212.288,26.184,0.886,100.675,39.867,2.442
dcf1818b-2ce1-4266-b077-8ac7c5b6e8c0,2026-04-25T17:21:45.938760-04:00,node-01,orders-api,200,True,normal,market_aware_v1,61.282,51.948,172.571,29.131,0.627,87.657,76.953,1.855
ee8e0099-f42b-4710-84c5-3d7db1abd1a1,2026-04-25T17:21:45.949132-04:00,node-01,checkout-api,502,True,normal,market_aware_v1,60.86,50.687,202.586,29.811,0.885,95.811,56.912,2.218
c492cd2a-eaea-4104-bb6a-ba29ab577881,2026-04-25T17:21:45.959579-04:00,node-01,payments-api,429,True,normal,market_aware_v1,56.422,52.662,211.647,25.818,0.915,99.721,36.908,2.492
dbf27429-fe91-4469-b7d9-e0aa562461a0,2026-04-25T17:21:45.969991-04:00,node-01,orders-api,200,True,normal,market_aware_v1,57.27,47.248,181.062,29.576,0.712,90.46,75.189,1.989
47957897-1a9e-4093-9644-a49de4288bac,2026-04-25T17:21:45.980419-04:00,node-01,checkout-api,429,True,normal,market_aware_v1,59.507,48.967,216.076,29.813,1.077,97.225,53.107,2.718
5fbad8b7-3865-4296-8e10-33a6b9a11818,2026-04-25T17:21:45.990858-04:00,node-01,payments-api,500,True,normal,market_aware_v1,53.031,51.074,220.324,25.661,0.935,104.309,34.61,2.445
1806f10c-3a87-4db1-8636-aa4138b7c456,2026-04-25T17:21:46.001249-04:00,node-01,orders-api,200,True,normal,market_aware_v1,58.48,45.832,182.943,30.405,0.681,89.887,72.852,1.971
f84cc9e7-dc2b-4b1a-8e03-3fdec9fd7ead,2026-04-25T17:21:46.011697-04:00,node-01,checkout-api,503,True,normal,market_aware_v1,55.755,48.764,191.669,28.663,0.895,91.539,51.439,2.114
e784cbd7-f707-4978-8ebd-68a3eb3a7d35,2026-04-25T17:21:46.022078-04:00,node-01,payments-api,503,True,normal,market_aware_v1,51.912,55.194,206.179,26.169,0.873,95.927,35.431,2.243
3f9f1291-00c4-41dd-9f2c-07161ef95346,2026-04-25T17:21:46.032522-04:00,node-01,orders-api,503,True,anomalous,market_aware_v1,62.351,49.683,188.03,30.834,1.088,99.379,63.776,2.657
2c2b73cd-9a6c-49ce-87ed-a6fe9cddf794,2026-04-25T17:21:46.043013-04:00,node-01,checkout-api,503,True,normal,market_aware_v1,57.131,50.897,201.419,25.913,0.943,101.909,44.032,2.486
668a7c11-5cab-410d-9072-cc56646e4d49,2026-04-25T17:21:46.053413-04:00,node-01,payments-api,429,True,normal,market_aware_v1,52.96,52.813,217.532,25.423,0.989,101.216,34.794,2.499
4d43b145-b9e9-4cef-bc66-decf8778df0f,2026-04-25T17:21:46.063826-04:00,node-01,orders-api,503,True,normal,market_aware_v1,61.638,48.007,188.063,29.957,0.764,95.6,67.731,2.047
f85bdc81-4230-4438-a76a-125ae8a25aba,2026-04-25T17:21:46.074221-04:00,node-01,checkout-api,503,True,anomalous,market_aware_v1,58.989,52.729,223.319,29.623,1.286,101.269,45.199,3.018
5e979e05-012d-4cb1-be4c-81e0ec32fe1d,2026-04-25T17:21:46.084696-04:00,node-01,payments-api,503,True,normal,market_aware_v1,55.479,54.268,222.213,24.148,1.039,111.627,35.483,2.776
5e216c33-2819-4091-b1c3-16964f29623c,2026-04-25T17:21:46.095093-04:00,node-01,orders-api,502,True,normal,market_aware_v1,62.788,51.685,192.572,28.629,0.763,99.345,73.615,2.157
40f01857-7157-4f08-a043-bf9c02ba29d5,2026-04-25T17:21:46.105500-04:00,node-01,checkout-api,500,True,normal,market_aware_v1,58.282,49.692,203.017,27.574,0.89,94.449,48.898,2.263
8b392221-7534-49ec-9810-f39a5b177fd9,2026-04-25T17:21:46.115912-04:00,node-01,payments-api,503,True,normal,market_aware_v1,57.196,56.848,195.692,26.635,0.848,92.685,41.624,2.169
1c1a131e-6271-4b31-8c6f-200b88ace8fe,2026-04-25T17:21:46.126408-04:00,node-01,orders-api,503,True,normal,market_aware_v1,65.666,52.195,192.593,29.753,0.85,96.243,76.18,2.198
821ee4af-4b58-483c-8e1a-eb0f7963e61d,2026-04-25T17:21:46.136842-04:00,node-01,checkout-api,500,True,normal,market_aware_v1,57.67,51.199,198.568,28.352,1.011,97.88,57.637,2.404
ca4c3482-5468-4183-bfef-cc9ddbddca5b,2026-04-25T17:21:46.147250-04:00,node-01,payments-api,500,True,normal,market_aware_v1,55.508,51.223,212.877,26.496,0.892,97.583,40.735,2.378
1a8dda27-aa8a-4d4c-9077-72216119e8da,2026-04-25T17:21:46.157660-04:00,node-01,orders-api,200,True,normal,market_aware_v1,59.05,54.79,180.912,32.549,0.698,91.694,84.919,1.944
2e75b00d-61e7-4e3b-b20e-50bcc82bc8f9,2026-04-25T17:21:46.168079-04:00,node-01,checkout-api,503,True,normal,market_aware_v1,62.252,56.645,213.847,29.664,1.022,107.609,51.495,2.725
fa71dafe-35a6-4a96-95c7-68d1018b2687,2026-04-25T17:21:46.178430-04:00,node-01,payments-api,503,True,normal,market_aware_v1,60.912,57.42,221.419,26.13,1.029,106.277,44.969,2.7
f5fa99cc-8d51-47a8-9392-55e8a548cb21,2026-04-25T17:21:46.188841-04:00,node-01,orders-api,502,True,normal,market_aware_v1,65.02,54.454,196.897,33.53,0.85,101.197,81.58,2.31
44811d08-f058-499b-b604-7c47e7d9d7e4,2026-04-25T17:21:46.199226-04:00,node-01,checkout-api,500,True,anomalous,market_aware_v1,69.001,56.131,223.327,31.414,1.261,106.413,48.855,3.034
39e08b41-e8dd-4d7f-b622-f004efc00f97,2026-04-25T17:21:46.209646-04:00,node-01,payments-api,503,True,normal,market_aware_v1,62.443,58.816,229.697,26.007,0.936,105.107,41.31,2.613
a183768a-a953-43df-816e-8f9c6ae918d9,2026-04-25T17:21:46.220067-04:00,node-01,orders-api,429,True,normal,market_aware_v1,64.531,51.642,196.217,31.34,0.818,98.095,73.54,2.219
13e092aa-0d17-443c-85b2-c400c2575223,2026-04-25T17:21:46.230486-04:00,node-01,checkout-api,429,True,normal,market_aware_v1,65.646,53.757,207.231,31.575,1.022,100.287,54.296,2.597
fb38d3f2-460f-4fde-afba-a1760f9e15a1,2026-04-25T17:21:46.240874-04:00,node-01,payments-api,503,True,normal,market_aware_v1,58.677,57.659,213.105,27.153,0.988,105.28,46.874,2.63
535abd40-8599-4f6f-8704-af13d4762e5d,2026-04-25T17:21:46.251314-04:00,node-01,orders-api,429,True,normal,market_aware_v1,65.748,53.146,186.36,31.292,0.76,86.942,84.603,1.948
987ccae1-dc53-477a-85b1-78d53fe84028,2026-04-25T17:21:46.261775-04:00,node-01,checkout-api,500,True,anomalous,market_aware_v1,66.927,54.714,219.99,31.631,1.24,103.013,54.13,2.902
8f359c3d-4e5d-4bb2-bb31-2c350fc458d4,2026-04-25T17:21:46.272205-04:00,node-01,payments-api,502,True,normal,market_aware_v1,54.432,57.886,214.791,27.928,0.919,100.78,45.814,2.495
b353de21-6e28-4e1d-9cfe-342a55da093c,2026-04-25T17:21:46.282621-04:00,node-01,orders-api,502,True,normal,market_aware_v1,62.837,50.813,191.372,29.394,0.9,106.213,71.895,2.368
67c61dc4-3cd9-4e72-899a-29b03109f650,2026-04-25T17:21:46.292998-04:00,node-01,checkout-api,502,True,normal,market_aware_v1,56.845,50.482,191.373,29.299,0.846,92.167,63.309,2.22
088b12ac-aa09-4ce1-97cc-21ab40232199,2026-04-25T17:21:46.303395-04:00,node-01,payments-api,500,True,normal,market_aware_v1,57.61,57.028,214.488,25.313,0.902,100.271,40.981,2.461
39fe8a99-5fd3-4229-aa56-1df165e2415e,2026-04-25T17:21:46.313837-04:00,node-01,orders-api,429,True,normal,market_aware_v1,63.318,51.416,193.454,28.23,0.852,99.685,72.134,2.314
f31c59f6-3b16-40f9-ac4c-1aed84752aeb,2026-04-25T17:21:46.324215-04:00,node-01,checkout-api,502,True,normal,market_aware_v1,61.341,56.828,208.276,27.456,0.912,101.351,47.189,2.328
7d883e34-5a97-4a8b-a584-24e718377505,2026-04-25T17:21:46.334705-04:00,node-01,payments-api,429,True,normal,market_aware_v1,58.168,50.669,216.439,26.651,0.887,97.41,43.679,2.482
c98668b3-a5af-4063-8140-4167f3678c91,2026-04-25T17:21:46.345083-04:00,node-01,orders-api,429,True,anomalous,market_aware_v1,66.26,54.726,201.722,31.816,1.131,99.974,71.343,2.689
90fe2f42-0a5f-4bf7-9500-19fb464cb177,2026-04-25T17:21:46.355500-04:00,node-01,checkout-api,500,True,normal,market_aware_v1,62.302,52.49,210.051,25.569,1.018,97.498,51.447,2.397
f55845a5-813e-4e35-b474-30fb6796cbee,2026-04-25T17:21:46.365928-04:00,node-01,payments-api,503,True,normal,market_aware_v1,56.742,52.597,214.581,26.536,0.966,107.585,36.61,2.526
5c2ff58c-ec5a-48c9-ab07-3a650c6290ab,2026-04-25T17:21:46.376373-04:00,node-01,orders-api,429,True,normal,market_aware_v1,58.276,46.463,182.193,28.662,0.722,89.775,71.887,1.99
f4469e3c-8040-481a-a148-6fcb3d8ccef9,2026-04-25T17:21:46.386802-04:00,node-01,checkout-api,429,True,normal,market_aware_v1,60.386,52.084,193.363,30.381,0.862,90.784,53.914,2.265
af247e43-aa10-4619-b526-a70e6b8e3116,2026-04-25T17:21:46.397263-04:00,node-01,payments-api,429,True,normal,market_aware_v1,53.765,57.293,203.699,24.621,0.773,94.684,40.213,2.11
065f7a10-882c-427d-b933-ee599defed36,2026-04-25T17:21:46.407696-04:00,node-01,orders-api,502,True,normal,market_aware_v1,57.789,46.461,193.004,27.958,0.766,98.659,73.657,2.237
fc6436fd-468f-4c25-9be2-dabdd00de212,2026-04-25T17:21:46.418141-04:00,node-01,checkout-api,429,True,normal,market_aware_v1,59.145,52.259,195.219,31.632,0.913,91.861,45.86,2.278
8e1001b8-0e98-4051-a18b-de3820719708,2026-04-25T17:21:46.428567-04:00,node-01,payments-api,503,True,normal,market_aware_v1,54.493,56.239,204.744,25.783,0.924,95.953,40.898,2.301
fcd297ee-61fc-42ad-aa6d-39a089279620,2026-04-25T17:21:46.438997-04:00,node-01,orders-api,503,True,normal,market_aware_v1,62.02,49.732,190.641,31.616,0.795,95.413,77.329,2.125
58d8470d-f833-49f3-972b-ebab59419eed,2026-04-25T17:21:46.449381-04:00,node-01,checkout-api,503,True,anomalous,market_aware_v1,65.427,56.846,204.822,30.61,1.268,98.519,54.046,2.741
19334470-61d1-4fff-9338-0719e3a7637c,2026-04-25T17:21:46.459810-04:00,node-01,payments-api,502,True,anomalous,market_aware_v1,59.734,60.894,224.593,24.552,1.306,111.795,31.028,3.236
323c2338-fbd8-4cb3-bc0b-e491f4ed638a,2026-04-25T17:21:46.470186-04:00,node-01,orders-api,503,True,normal,market_aware_v1,66.397,50.982,200.926,32.4,0.832,101.473,74.655,2.19
0ff82055-7826-4940-84ee-9d626a09dafe,2026-04-25T17:21:46.480603-04:00,node-01,checkout-api,429,True,normal,market_aware_v1,62.004,55.692,183.024,27.876,0.935,91.142,60.238,2.254
80872da7-cf08-4c89-8659-e205cb7f7c09,2026-04-25T17:21:46.490976-04:00,node-01,payments-api,503,True,normal,market_aware_v1,61.527,54.78,194.371,25.153,0.859,97.266,47.877,2.363
f76972b6-fc98-4df9-9714-913276ae2666,2026-04-25T17:21:46.501412-04:00,node-01,orders-api,503,True,normal,market_aware_v1,63.848,52.493,201.633,30.842,0.89,101.558,80.822,2.427
ffdaf9c3-6fa2-4f71-b930-05995ecfbe0e,2026-04-25T17:21:46.511832-04:00,node-01,checkout-api,502,True,normal,market_aware_v1,64.036,57.212,205.863,30.11,0.989,99.48,57.492,2.398
e93a9026-3a70-4dfe-8618-233d0f605ba0,2026-04-25T17:21:46.522276-04:00,node-01,payments-api,500,True,anomalous,market_aware_v1,66.994,65.463,230.643,31.192,1.245,108.53,38.072,3.075
fe7bda34-17a2-4cd4-8201-4bf18098b53f,2026-04-25T17:21:46.532755-04:00,node-01,orders-api,500,True,normal,market_aware_v1,65.378,51.42,181.237,31.918,0.788,94.144,82.675,2.085
2ab42c8b-3704-4ff6-9daf-a218cfbae8d9,2026-04-25T17:21:46.543258-04:00,node-01,checkout-api,429,True,normal,market_aware_v1,64.167,53.638,197.695,31.245,0.879,95.693,62.542,2.232
948b7164-9f56-4d0f-bb96-a7bba5702169,2026-04-25T17:21:46.553725-04:00,node-01,payments-api,500,True,normal,market_aware_v1,57.521,60.404,226.292,25.824,0.952,112.36,43.706,2.64
90da9b9b-9a5a-48e0-989f-95eac6bc1b25,2026-04-25T17:21:46.564167-04:00,node-01,orders-api,500,True,normal,market_aware_v1,70.571,53.574,201.267,34.907,0.872,107.616,79.354,2.314
56d4cc7e-a8e6-4bff-a4b3-106eb55a000e,2026-04-25T17:21:46.574619-04:00,node-01,checkout-api,500,True,normal,market_aware_v1,64.744,57.415,223.227,32.605,1.031,103.339,58.774,2.561
c30b8e7a-670b-448e-916b-dd4c6e47ed2e,2026-04-25T17:21:46.585054-04:00,node-01,payments-api,500,True,normal,market_aware_v1,66.456,60.948,248.737,28.664,1.163,116.08,45.333,2.992
ce5f0170-51f8-4727-9a29-2a0902a57c9b,2026-04-25T17:21:46.595500-04:00,node-01,orders-api,502,True,normal,market_aware_v1,70.65,57.134,194.351,32.49,0.771,100.005,85.908,2.089
7e43e4c6-004c-4e53-ac20-d8f08202f152,2026-04-25T17:21:46.605954-04:00,node-01,checkout-api,429,True,normal,market_aware_v1,62.754,58.258,208.291,29.715,1.0,99.967,57.124,2.465
8aed5c07-5619-47fe-a081-18274b16d180,2026-04-25T17:21:46.616384-04:00,node-01,payments-api,503,True,normal,market_aware_v1,65.938,62.331,222.137,28.697,0.934,101.567,44.674,2.485
49181491-6d0d-4bf5-aa89-1774f15e261c,2026-04-25T17:21:46.626795-04:00,node-01,orders-api,502,True,normal,market_aware_v1,66.099,53.947,189.31,30.968,0.872,101.622,81.046,2.336
1dcf84e5-f311-4b94-b71b-4ab690230cec,2026-04-25T17:21:46.637222-04:00,node-01,checkout-api,503,True,normal,market_aware_v1,65.565,54.296,198.456,29.36,0.985,101.586,58.63,2.446
9a86b7ce-f9b4-4153-924d-48b460624e10,2026-04-25T17:21:46.647654-04:00,node-01,payments-api,502,True,normal,market_aware_v1,61.218,59.591,218.687,26.801,0.931,103.26,46.753,2.551
f9b7f9e2-3741-4358-9ea1-275cf04d29d4,2026-04-25T17:21:46.658097-04:00,node-01,orders-api,503,True,normal,market_aware_v1,67.735,53.42,196.396,29.617,0.683,95.622,84.141,2.001
50206d08-2421-42cb-8bde-e6f4cb424803,2026-04-25T17:21:46.668528-04:00,node-01,checkout-api,429,True,normal,market_aware_v1,63.558,55.748,204.251,28.431,0.964,98.363,57.506,2.511
b52b55df-8604-4a65-aecc-1cd5c132360c,2026-04-25T17:21:46.678991-04:00,node-01,payments-api,503,True,normal,market_aware_v1,58.161,55.123,215.743,25.998,0.915,98.807,40.34,2.475
5168a6d8-c4d3-4e1b-8907-45b5170cd3cf,2026-04-25T17:21:46.689415-04:00,node-01,orders-api,503,True,normal,market_aware_v1,61.185,52.198,196.688,30.705,0.831,102.21,70.568,2.251
b0670734-aac3-4223-8fb5-5574500dccc0,2026-04-25T17:21:46.699841-04:00,node-01,checkout-api,500,True,normal,market_aware_v1,57.763,54.684,194.847,29.275,0.91,92.394,49.375,2.338
55b343db-2e8d-40be-86c8-8acfa1007fff,2026-04-25T17:21:46.710290-04:00,node-01,payments-api,502,True,normal,market_aware_v1,58.42,54.36,203.205,24.191,0.807,92.343,42.478,2.271
d25dc1cd-da44-42e9-af96-f0d4dac9daa5,2026-04-25T17:21:46.720710-04:00,node-01,orders-api,500,True,normal,market_aware_v1,59.416,46.622,187.324,29.785,0.771,98.067,75.97,2.156
d9ad0287-4d53-4a54-8a0f-d5d98f9b1e6a,2026-04-25T17:21:46.731082-04:00,node-01,checkout-api,502,True,normal,market_aware_v1,61.905,52.446,212.457,29.214,0.914,104.487,41.588,2.524
619ac70c-2c86-485e-999b-bfad9b5ad007,2026-04-25T17:21:46.741515-04:00,node-01,payments-api,502,True,normal,market_aware_v1,55.031,53.655,202.546,25.141,0.872,95.878,30.07,2.219
7ba583f4-487b-4523-b6a6-8f569be32565,2026-04-25T17:21:46.751914-04:00,node-01,orders-api,502,True,normal,market_aware_v1,61.688,48.086,188.67,29.746,0.873,99.047,70.397,2.279
42c8023d-6b24-4fc5-9435-b4bdfcc918ca,2026-04-25T17:21:46.762558-04:00,node-01,checkout-api,502,True,normal,market_aware_v1,58.488,51.742,193.436,25.081,0.857,93.003,49.442,2.275
c3bc8671-caae-4162-aea5-830729297fc4,2026-04-25T17:21:46.773101-04:00,node-01,payments-api,500,True,normal,market_aware_v1,49.765,54.043,209.999,25.574,0.895,98.715,39.062,2.433
d7d94130-ab57-4efe-b19b-a73e5cd75f4a,2026-04-25T17:21:46.784012-04:00,node-01,orders-api,429,True,normal,market_aware_v1,59.131,46.1,192.497,28.683,1.022,108.182,70.725,2.767
f1e5ebb8-864f-46df-aae3-c26298d22dd4,2026-04-25T17:21:46.794572-04:00,node-01,checkout-api,503,True,normal,market_aware_v1,57.289,48.29,202.374,28.381,1.076,102.221,43.734,2.705
86ed5eec-8efa-4f27-8a7b-533e6eede923,2026-04-25T17:21:46.805114-04:00,node-01,payments-api,503,True,anomalous,market_aware_v1,55.445,53.158,216.708,25.435,1.153,99.616,24.904,2.749
1e60b9ee-bd7c-4cf1-a5f7-3b91d497542f,2026-04-25T17:21:46.815578-04:00,node-01,orders-api,200,True,normal,market_aware_v1,59.593,48.279,181.345,29.899,0.688,89.018,70.747,1.916
4ea8723b-5f09-4c4e-a5d8-c923b4f31097,2026-04-25T17:21:46.826030-04:00,node-01,checkout-api,502,True,anomalous,market_aware_v1,62.724,52.372,222.277,30.06,1.413,107.063,44.637,3.116
0d0fe0dd-d71a-4fbf-9a93-73addde65197,2026-04-25T17:21:46.836523-04:00,node-01,payments-api,500,True,normal,market_aware_v1,56.242,53.517,221.18,23.304,0.955,99.473,37.142,2.409
1ba10b92-a478-4ef9-b010-f7d519cf26d9,2026-04-25T17:21:46.847010-04:00,node-01,orders-api,502,True,normal,market_aware_v1,59.819,47.054,191.669,28.483,0.884,99.415,68.635,2.325
f669d9ae-7549-4907-b04f-5f4508bd3156,2026-04-25T17:21:46.857535-04:00,node-01,checkout-api,429,True,normal,market_aware_v1,56.795,55.511,206.32,26.606,0.953,99.607,48.928,2.436
d61c9887-914f-49b5-977a-8c7df0977eaf,2026-04-25T17:21:46.868008-04:00,node-01,payments-api,500,True,normal,market_aware_v1,51.176,55.184,197.846,25.556,0.937,94.586,37.966,2.292
be446f0f-d028-488f-8a71-67c1146ea764,2026-04-25T17:21:46.878498-04:00,node-01,orders-api,503,True,normal,market_aware_v1,62.969,51.801,183.767,30.295,0.743,97.35,79.697,2.074
154fa810-73b5-4186-821f-eccac6ddd880,2026-04-25T17:21:46.888958-04:00,node-01,checkout-api,503,True,anomalous,market_aware_v1,64.731,56.746,228.337,29.729,1.296,104.241,44.541,3.016
f214b7e6-e83f-456b-8b0c-b310a55fc185,2026-04-25T17:21:46.899395-04:00,node-01,payments-api,429,True,normal,market_aware_v1,53.903,55.575,220.264,26.184,0.939,100.903,38.644,2.43
7d4f7f3b-d568-47fb-9971-21f400dc8e40,2026-04-25T17:21:46.909860-04:00,node-01,orders-api,503,True,normal,market_aware_v1,61.823,50.989,190.063,30.573,0.803,92.05,80.526,2.076
95a39616-2f33-4fff-b80f-ad6249dbadd5,2026-04-25T17:21:46.920300-04:00,node-01,checkout-api,502,True,anomalous,market_aware_v1,66.116,55.485,222.231,28.765,1.361,104.889,55.028,3.066
bac16f9c-cd38-4e21-8c2e-ac5cef5cac31,2026-04-25T17:21:46.930811-04:00,node-01,payments-api,500,True,normal,market_aware_v1,59.813,57.094,231.975,28.021,1.065,111.553,46.503,3.101
a4cde59d-7606-4f09-b57a-b766bd0ea42d,2026-04-25T17:21:46.941248-04:00,node-01,orders-api,429,True,normal,market_aware_v1,66.828,49.947,195.115,32.369,0.753,94.802,80.165,2.017
73bf8520-695a-4efd-9728-6659071833bf,2026-04-25T17:21:46.951696-04:00,node-01,checkout-api,500,True,normal,market_aware_v1,65.861,59.082,224.962,28.813,0.948,102.197,56.234,2.566
4b38eb99-2275-46a5-acb5-ecdcd0deaef5,2026-04-25T17:21:46.962160-04:00,node-01,payments-api,502,True,normal,market_aware_v1,57.513,58.909,219.672,26.421,0.875,100.922,42.185,2.369
65496e2d-df59-40d2-b52b-78f619a90c89,2026-04-25T17:21:46.972590-04:00,node-01,orders-api,500,True,normal,market_aware_v1,64.685,53.717,194.737,32.358,0.843,98.033,79.717,2.288
cb7d0002-75a3-47b8-a6ad-77e53c1e85e8,2026-04-25T17:21:46.983036-04:00,node-01,checkout-api,503,True,anomalous,market_aware_v1,69.93,57.21,233.486,32.416,1.33,110.682,41.855,3.178
4481b2d2-9f2f-4d20-96cc-a4b9aad92d1a,2026-04-25T17:21:46.993493-04:00,node-01,payments-api,500,True,anomalous,market_aware_v1,69.8,59.825,241.343,28.441,1.316,111.432,35.573,3.112
bce2a224-c2d4-4d5d-9dce-cd8629e4e97a,2026-04-25T17:21:47.003975-04:00,node-01,orders-api,503,True,normal,market_aware_v1,67.345,50.179,211.77,32.831,0.812,105.099,75.505,2.296
dc403e54-4881-43d2-97ff-3b648ae56087,2026-04-25T17:21:47.014467-04:00,node-01,checkout-api,503,True,normal,market_aware_v1,63.06,55.384,213.58,30.016,0.957,103.438,63.534,2.504
a3e79777-37cd-4d59-9253-c4de90424a0a,2026-04-25T17:21:47.024972-04:00,node-01,payments-api,502,True,normal,market_aware_v1,57.857,55.226,226.002,26.324,0.949,107.495,41.43,2.696
b341347f-ad2c-4eb9-9e33-236a6baf8f46,2026-04-25T17:21:47.035570-04:00,node-01,orders-api,502,True,normal,market_aware_v1,65.942,52.614,192.846,32.801,0.813,101.873,78.75,2.325
b99f82e7-fb9b-466e-816a-cfe73a39d870,2026-04-25T17:21:47.046116-04:00,node-01,checkout-api,503,True,normal,market_aware_v1,61.896,55.786,220.465,29.33,1.005,99.173,59.157,2.608
2730489d-8613-460c-917f-a18d1aae074f,2026-04-25T17:21:47.056575-04:00,node-01,payments-api,500,True,normal,market_aware_v1,60.566,54.27,200.288,26.063,0.814,92.131,50.82,2.158
51011e49-6116-4fc3-b3ba-8727f02605b1,2026-04-25T17:21:47.067052-04:00,node-01,orders-api,429,True,normal,market_aware_v1,66.999,51.629,194.442,31.147,0.761,103.943,74.215,2.218
924e31db-c206-47cb-b968-682243f4f128,2026-04-25T17:21:47.077593-04:00,node-01,checkout-api,503,True,normal,market_aware_v1,66.386,52.732,220.85,30.356,1.064,103.828,54.997,2.662
59a781e5-f2f3-4b8a-b9ae-19dbb407b174,2026-04-25T17:21:47.088059-04:00,node-01,payments-api,502,True,normal,market_aware_v1,61.225,56.106,226.491,28.931,1.023,106.107,36.169,2.624
2e7abae9-17c9-49de-887d-0922daf4971a,2026-04-25T17:21:47.098592-04:00,node-01,orders-api,502,True,normal,market_aware_v1,63.273,50.404,179.521,29.497,0.744,94.425,75.739,2.077
affa2c8c-ae4a-4fc1-b1bc-992ecdb32849,2026-04-25T17:21:47.109022-04:00,node-01,checkout-api,429,True,normal,market_aware_v1,60.592,52.518,212.211,28.8,1.017,102.356,51.783,2.465
3bcc317c-babf-4fef-bfc8-283c3bf0badb,2026-04-25T17:21:47.119418-04:00,node-01,payments-api,500,True,anomalous,market_aware_v1,58.487,57.868,212.814,28.522,1.145,99.345,37.119,2.817
96f216e0-4075-49fd-b169-a83610fe78a5,2026-04-25T17:21:47.129960-04:00,node-01,orders-api,502,True,normal,market_aware_v1,62.468,53.494,199.68,29.452,0.821,103.351,67.335,2.333
87fa56d2-ef62-42d9-bc78-a625fe4ff516,2026-04-25T17:21:47.140502-04:00,node-01,checkout-api,429,True,normal,market_aware_v1,58.805,52.669,208.36,29.528,0.909,92.374,53.821,2.27
44b218b5-c314-4419-836d-64d1b7a880da,2026-04-25T17:21:47.150973-04:00,node-01,payments-api,503,True,normal,market_aware_v1,55.457,54.637,217.866,25.393,0.891,97.822,43.609,2.423
45f602f4-5a79-41b0-9a2d-e0dfef7cb071,2026-04-25T17:21:47.161417-04:00,node-01,orders-api,500,True,normal,market_aware_v1,61.484,47.315,183.569,30.854,0.743,91.258,77.522,2.002
406aea12-d146-4355-9386-79577d9bd82c,2026-04-25T17:21:47.171926-04:00,node-01,checkout-api,503,True,normal,market_aware_v1,64.192,52.053,201.545,29.345,0.905,96.83,53.998,2.448
a19b9863-b2b8-4e75-8b87-c71dbea25510,2026-04-25T17:21:47.182431-04:00,node-01,payments-api,500,True,normal,market_aware_v1,53.627,54.616,210.78,25.777,0.768,97.457,38.95,2.201
93554190-3737-4042-904b-cca3be338b7e,2026-04-25T17:21:47.192947-04:00,node-01,orders-api,200,True,normal,market_aware_v1,59.87,49.418,193.596,32.255,0.745,96.652,75.733,1.973
5f61d329-4acd-42f8-8b99-6343716e9783,2026-04-25T17:21:47.203406-04:00,node-01,checkout-api,502,True,normal,market_aware_v1,60.604,49.968,204.565,28.803,0.886,98.296,48.194,2.314
7714e3b4-0292-4824-b875-bf39024146c7,2026-04-25T17:21:47.213875-04:00,node-01,payments-api,502,True,normal,market_aware_v1,58.962,55.02,226.344,28.39,0.961,110.227,39.623,2.74
66657fe9-be4f-4bc0-9fe7-e231c33d91ee,2026-04-25T17:21:47.224324-04:00,node-01,orders-api,500,True,normal,market_aware_v1,61.438,53.432,189.585,29.754,0.826,94.311,76.97,2.22
c127ed8b-a969-4936-900c-800acd4ad5e6,2026-04-25T17:21:47.234773-04:00,node-01,checkout-api,502,True,normal,market_aware_v1,60.651,51.814,205.651,30.442,0.939,96.017,57.013,2.444
69f2df4f-444d-499f-8d4b-de61422578dd,2026-04-25T17:21:47.245305-04:00,node-01,payments-api,502,True,normal,market_aware_v1,58.711,55.763,206.614,27.843,0.884,100.293,40.942,2.293
9f07aed0-0636-4de1-9f8f-5715ab5be891,2026-04-25T17:21:47.255872-04:00,node-01,orders-api,502,True,anomalous,market_aware_v1,66.793,52.161,200.018,31.661,1.114,101.17,75.887,2.641
f75bcc6a-7adb-4243-b005-9514a273f798,2026-04-25T17:21:47.266357-04:00,node-01,checkout-api,502,True,normal,market_aware_v1,66.576,53.415,215.597,29.546,0.939,98.356,55.944,2.416
c09cf81a-70f5-43c9-aa87-68c16747b06d,2026-04-25T17:21:47.276949-04:00,node-01,payments-api,429,True,normal,market_aware_v1,56.069,55.755,203.91,26.364,0.751,92.236,47.295,2.264
78704ace-293d-4cbc-8c6e-4a5df3c730c6,2026-04-25T17:21:47.287489-04:00,node-01,orders-api,429,True,normal,market_aware_v1,67.266,52.443,205.698,30.488,0.798,103.21,73.292,2.292
38e4a371-94d6-4ddf-ae10-df513da57b20,2026-04-25T17:21:47.298009-04:00,node-01,checkout-api,500,True,normal,market_aware_v1,65.614,55.409,219.327,30.796,0.966,102.625,60.813,2.456
3570c5ef-93a6-449f-8c42-ce85a28eb337,2026-04-25T17:21:47.308597-04:00,node-01,payments-api,502,True,normal,market_aware_v1,63.16,60.828,229.541,26.331,0.919,105.174,47.519,2.6
75b0cb5d-c6fa-491a-aac6-d15b101d7dad,2026-04-25T17:21:47.319146-04:00,node-01,orders-api,502,True,normal,market_aware_v1,69.172,55.672,202.125,32.501,0.857,102.746,86.258,2.246
a69e3a90-9069-43d3-84c3-1a350edf6aa0,2026-04-25T17:21:47.329603-04:00,node-01,checkout-api,429,True,normal,market_aware_v1,65.756,57.846,202.489,31.498,0.95,97.137,68.103,2.377
e152a7c5-f441-48c5-b98c-f50d2fa1e3e5,2026-04-25T17:21:47.340059-04:00,node-01,payments-api,429,True,normal,market_aware_v1,65.554,58.379,221.273,23.59,0.915,109.421,47.731,2.488
ae0d1e39-9fab-4358-ae38-65bc2f618155,2026-04-25T17:21:47.350500-04:00,node-01,orders-api,503,True,normal,market_aware_v1,67.419,56.54,203.04,34.876,0.802,102.309,81.262,2.383
0fc26317-fbd0-400e-a146-36cd12dde1f9,2026-04-25T17:21:47.361022-04:00,node-01,checkout-api,503,True,anomalous,market_aware_v1,71.924,58.01,237.736,34.756,1.294,109.062,51.267,3.155
29f76bcd-8676-46f2-9224-041e82c0dd74,2026-04-25T17:21:47.371580-04:00,node-01,payments-api,503,True,normal,market_aware_v1,60.593,59.085,215.504,29.522,0.838,101.073,53.709,2.384
fb61b8d4-3e47-4b65-88b5-69e6e327825a,2026-04-25T17:21:47.382160-04:00,node-01,orders-api,502,True,normal,market_aware_v1,69.061,55.695,197.366,29.819,0.796,102.054,83.719,2.2
b987d559-7a10-4ef9-9cc1-b6e7d6d61ae0,2026-04-25T17:21:47.392634-04:00,node-01,checkout-api,503,True,normal,market_aware_v1,64.856,55.652,209.484,28.571,1.006,105.1,62.022,2.734
b797943b-4329-4207-828c-e67901c61335,2026-04-25T17:21:47.403087-04:00,node-01,payments-api,502,True,normal,market_aware_v1,58.155,62.254,201.472,28.429,0.849,93.689,52.34,2.17
e54a0a75-b5a7-4f40-81fa-79457b9253e3,2026-04-25T17:21:47.413514-04:00,node-01,orders-api,500,True,anomalous,market_aware_v1,70.824,57.263,204.516,32.617,1.126,100.717,77.336,2.769
9ec69c8c-5be1-486c-adfc-fbe8f7f6cc33,2026-04-25T17:21:47.423959-04:00,node-01,checkout-api,500,True,normal,market_aware_v1,66.836,56.27,215.641,29.174,0.988,101.204,58.56,2.521
2b582ea1-0e94-4643-919f-1664aca6c1dd,2026-04-25T17:21:47.434403-04:00,node-01,payments-api,500,True,normal,market_aware_v1,59.413,61.265,213.2,29.0,1.011,106.567,43.748,2.596
b4866339-ef3d-4c17-b6d7-2d80b88c9257,2026-04-25T17:21:47.444849-04:00,node-01,orders-api,502,True,normal,market_aware_v1,68.649,51.48,196.551,32.005,0.898,100.582,80.854,2.278
7b2c4e9a-2ef1-447b-bc68-ab5e790b2021,2026-04-25T17:21:47.455348-04:00,node-01,checkout-api,503,True,normal,market_aware_v1,64.272,53.803,212.651,29.671,0.957,101.833,59.578,2.443
c295dcd1-0aa0-414a-be70-db8bef00c60c,2026-04-25T17:21:47.465861-04:00,node-01,payments-api,500,True,normal,market_aware_v1,57.731,56.133,233.672,27.317,0.916,105.007,44.437,2.506
45e052fa-4625-410c-bf1b-e005703a2a6a,2026-04-25T17:21:47.476311-04:00,node-01,orders-api,500,True,normal,market_aware_v1,64.304,50.808,201.062,32.625,0.812,103.995,78.656,2.356
5dec9bc9-258f-4ce3-bcab-ace05ca06d1c,2026-04-25T17:21:47.486818-04:00,node-01,checkout-api,502,True,normal,market_aware_v1,60.052,51.921,207.522,29.444,1.038,108.256,51.549,2.679
89670bc1-d06c-4b8d-ac6e-53ca66f4558a,2026-04-25T17:21:47.497273-04:00,node-01,payments-api,503,True,normal,market_aware_v1,55.882,53.619,211.976,22.67,0.87,102.13,40.607,2.41
e9918ca7-4bee-4368-a39e-7c99da7a7ff3,2026-04-25T17:21:47.507767-04:00,node-01,orders-api,503,True,normal,market_aware_v1,60.303,47.941,190.57,28.668,0.891,94.715,74.713,2.18
a834f10d-58d1-49e9-afb6-efd8e54d4079,2026-04-25T17:21:47.518218-04:00,node-01,checkout-api,429,True,normal,market_aware_v1,61.678,54.519,204.309,27.071,0.953,94.344,54.474,2.264
57cec953-9dca-4060-80f9-87e3bb97f99d,2026-04-25T17:21:47.528650-04:00,node-01,payments-api,429,True,normal,market_aware_v1,56.359,52.673,219.752,25.025,0.949,101.69,39.239,2.557
82342453-da47-412c-8976-f2d16e75d66f,2026-04-25T17:21:47.539143-04:00,node-01,orders-api,429,True,normal,market_aware_v1,58.679,46.12,186.819,28.129,0.736,95.16,69.211,2.118
be1aaea7-0bf2-46a7-a012-67c59e099da3,2026-04-25T17:21:47.549603-04:00,node-01,checkout-api,429,True,normal,market_aware_v1,61.111,50.543,218.339,27.957,1.035,104.985,44.936,2.671
74ab0314-4d81-4a07-81cc-de1b9a9a22f3,2026-04-25T17:21:47.560214-04:00,node-01,payments-api,503,True,normal,market_aware_v1,55.783,53.709,221.639,26.128,0.992,104.519,33.871,2.472
77d4f26c-aaa1-4a55-9e86-c717f27f1105,2026-04-25T17:21:47.570648-04:00,node-01,orders-api,429,True,normal,market_aware_v1,56.81,48.678,192.539,28.701,0.761,95.114,68.384,1.991
f49dcad7-d263-4170-b07f-ae2802e89a00,2026-04-25T17:21:47.581100-04:00,node-01,checkout-api,503,True,normal,market_aware_v1,56.654,51.887,206.587,27.092,0.901,95.522,46.912,2.367
52e712f2-9d3b-4247-b29d-a5b94ad62dbe,2026-04-25T17:21:47.591524-04:00,node-01,payments-api,500,True,normal,market_aware_v1,55.836,53.771,225.652,23.346,0.984,104.459,31.235,2.656
f968afcd-ca61-49c0-9b99-5a601761a66c,2026-04-25T17:21:47.601984-04:00,node-01,orders-api,502,True,anomalous,market_aware_v1,63.841,51.017,201.833,30.329,1.243,108.748,59.158,2.967
e43ebebd-b002-4323-ac91-ce0919c0141d,2026-04-25T17:21:47.612409-04:00,node-01,checkout-api,429,True,normal,market_aware_v1,58.366,51.906,202.481,26.813,0.946,99.289,46.639,2.473
7013d258-e0dd-4471-9f3b-beb2256b020f,2026-04-25T17:21:47.622851-04:00,node-01,payments-api,429,True,normal,market_aware_v1,53.007,54.182,223.209,23.683,0.992,105.095,32.056,2.589
ca56f96e-99ee-4c91-869f-490029ad82bc,2026-04-25T17:21:47.633358-04:00,node-01,orders-api,500,True,normal,market_aware_v1,62.889,49.668,206.449,31.633,0.957,103.064,68.122,2.691
a5fc0029-e230-4851-b62a-14396a7eb0c8,2026-04-25T17:21:47.643774-04:00,node-01,checkout-api,429,True,normal,market_aware_v1,55.746,51.016,205.349,29.33,0.994,104.974,46.476,2.574
f7285f77-9bad-446b-a46f-232f8ce81617,2026-04-25T17:21:47.654231-04:00,node-01,payments-api,500,True,normal,market_aware_v1,57.558,54.795,218.324,24.889,0.978,101.534,39.226,2.537
41226787-85bd-4447-a309-3c6de4d57fd9,2026-04-25T17:21:47.664658-04:00,node-01,orders-api,502,True,normal,market_aware_v1,66.786,49.847,188.953,31.865,0.793,98.837,72.385,2.212
e49111bf-a751-4a67-89d8-2fa101a51e69,2026-04-25T17:21:47.675102-04:00,node-01,checkout-api,502,True,normal,market_aware_v1,62.554,53.886,208.507,28.78,1.031,105.413,52.976,2.606
ed924a99-259d-409c-aa5f-669f3ffedd0e,2026-04-25T17:21:47.685553-04:00,node-01,payments-api,429,True,normal,market_aware_v1,61.932,53.936,223.114,23.013,0.894,101.271,39.613,2.385
06045db0-1513-480f-a960-97e6460ddbfe,2026-04-25T17:21:47.696005-04:00,node-01,orders-api,429,True,normal,market_aware_v1,62.756,53.339,206.453,29.013,0.849,98.835,75.233,2.25
5bfdd5ae-ef17-4d75-8302-26ec38846400,2026-04-25T17:21:47.706474-04:00,node-01,checkout-api,502,True,normal,market_aware_v1,63.866,54.153,221.531,31.472,1.037,102.655,54.482,2.654
4fb3f8b1-661f-4aba-9ab5-601ca707e358,2026-04-25T17:21:47.716893-04:00,node-01,payments-api,503,True,normal,market_aware_v1,64.198,57.461,214.661,28.886,0.968,101.154,43.809,2.463
5be376de-4814-43bc-bb81-7c0b1b2932a4,2026-04-25T17:21:47.727321-04:00,node-01,orders-api,503,True,normal,market_aware_v1,64.709,51.3,211.563,30.062,0.778,101.595,77.687,2.23
a1ca5491-7a24-4028-8c20-6eaee7a117e3,2026-04-25T17:21:47.737807-04:00,node-01,checkout-api,502,True,normal,market_aware_v1,63.623,56.484,205.553,30.855,1.044,98.815,50.965,2.511
e02c294d-c888-47f2-9ae6-d5ba42942cf0,2026-04-25T17:21:47.748243-04:00,node-01,payments-api,500,True,normal,market_aware_v1,59.778,57.13,207.789,25.956,0.793,98.782,47.295,2.262
aec8a074-2bef-4fe2-a2e7-2784395ee119,2026-04-25T17:21:47.758680-04:00,node-01,orders-api,502,True,normal,market_aware_v1,64.502,51.724,191.754,31.541,0.755,97.727,83.731,2.04
55530371-ec10-4493-bf1e-cfc882829cc9,2026-04-25T17:21:47.769062-04:00,node-01,checkout-api,502,True,normal,market_aware_v1,63.161,56.438,218.334,29.66,0.999,103.421,56.474,2.58
c0595568-7a5a-4c3a-9e71-62f53900510e,2026-04-25T17:21:47.779412-04:00,node-01,payments-api,502,True,normal,market_aware_v1,60.733,57.521,211.954,28.927,0.858,99.927,41.531,2.275
5828ee3b-ac55-4bdf-8512-750edce1328c,2026-04-25T17:21:47.789876-04:00,node-01,orders-api,503,True,normal,market_aware_v1,70.231,52.779,188.911,29.895,0.872,97.632,83.836,2.341
598fa502-1a8f-4c5f-805a-947d1b4baac2,2026-04-25T17:21:47.800335-04:00,node-01,checkout-api,500,True,normal,market_aware_v1,67.24,56.566,230.522,28.657,1.077,106.861,55.958,2.696
2ea467b0-61d6-44b9-87f9-b2d5060bab35,2026-04-25T17:21:47.810843-04:00,node-01,payments-api,502,True,normal,market_aware_v1,62.53,56.882,223.859,28.227,1.047,107.552,46.418,2.654
25e6f81a-83f1-49b3-8594-c798636799bb,2026-04-25T17:21:47.821255-04:00,node-01,orders-api,429,True,normal,market_aware_v1,67.721,49.01,202.218,29.252,0.785,106.863,75.45,2.408
c2a21ba0-ae4c-4992-b1bb-adc1433fa5d3,2026-04-25T17:21:47.831814-04:00,node-01,checkout-api,429,True,normal,market_aware_v1,63.964,53.124,221.917,28.173,1.02,106.068,53.7,2.746
c7a9ce7b-cedf-468c-9ffa-3ae68606c5e9,2026-04-25T17:21:47.842241-04:00,node-01,payments-api,502,True,normal,market_aware_v1,59.038,55.527,207.904,26.971,0.861,99.103,46.857,2.286
18f25d74-95ee-4735-9f1f-1c780ba973b5,2026-04-25T17:21:47.852609-04:00,node-01,orders-api,500,True,normal,market_aware_v1,66.281,50.952,194.576,31.47,0.702,96.2,78.792,2.164
aaf913fa-2ff4-4f26-a1af-d6a3668de162,2026-04-25T17:21:47.863027-04:00,node-01,checkout-api,503,True,anomalous,market_aware_v1,66.314,58.878,239.803,32.263,1.32,104.853,51.026,2.929
2b2be8e1-f140-4eef-8f32-ac4cc2306fc9,2026-04-25T17:21:47.873400-04:00,node-01,payments-api,503,True,anomalous,market_aware_v1,58.514,52.35,235.085,27.258,1.251,105.242,34.647,2.948
2078830f-49c4-462b-bdbe-629f51d51ec2,2026-04-25T17:21:47.883826-04:00,node-01,orders-api,502,True,normal,market_aware_v1,63.545,52.657,208.689,31.516,0.969,103.805,74.878,2.64
461f73b5-e0b5-4bcd-b7ed-fb640a856224,2026-04-25T17:21:47.894280-04:00,node-01,checkout-api,502,True,normal,market_aware_v1,61.266,51.059,210.168,26.588,0.941,97.828,49.955,2.41
c0019219-e08e-4df1-9f97-b31e664986af,2026-04-25T17:21:47.904727-04:00,node-01,payments-api,500,True,normal,market_aware_v1,59.271,56.331,226.476,24.058,1.028,108.272,35.023,2.667
40490af8-1b5d-43bc-8891-7df3f4a18159,2026-04-25T17:21:47.915146-04:00,node-01,orders-api,502,True,normal,market_aware_v1,67.226,53.059,187.363,30.085,0.803,93.817,75.284,2.135
b7e269d2-b94f-4d84-9e8b-b2393cc08cff,2026-04-25T17:21:47.925580-04:00,node-01,checkout-api,503,True,normal,market_aware_v1,60.241,52.353,210.013,29.056,1.122,109.633,49.717,2.75
51f1711b-c2d4-47bd-9810-3673de250613,2026-04-25T17:21:47.935987-04:00,node-01,payments-api,429,True,normal,market_aware_v1,51.88,54.421,214.884,24.772,0.904,94.394,42.287,2.304
03e9835f-7e42-4eb9-8cd8-7184fd10db17,2026-04-25T17:21:47.946409-04:00,node-01,orders-api,429,True,normal,market_aware_v1,62.209,49.06,204.586,30.025,0.775,100.248,73.775,2.176
2edaba60-6924-42a0-8cd7-01171b3eeb75,2026-04-25T17:21:47.956832-04:00,node-01,checkout-api,500,True,normal,market_aware_v1,58.355,48.294,212.486,26.395,1.069,100.696,52.018,2.557
304fc328-3a6e-4a63-ac1b-f85670f0baf5,2026-04-25T17:21:47.967247-04:00,node-01,payments-api,500,True,normal,market_aware_v1,55.934,55.818,225.074,26.816,0.888,100.832,39.107,2.427
548b4195-efcf-44ba-8cfd-c11bf16db853,2026-04-25T17:21:47.977618-04:00,node-01,orders-api,500,True,normal,market_aware_v1,62.581,43.949,204.883,30.01,0.964,107.791,71.03,2.596
c37cde04-6119-4662-8ba4-5e9e1d6e54c4,2026-04-25T17:21:47.988061-04:00,node-01,checkout-api,503,True,normal,market_aware_v1,61.351,51.234,205.289,25.997,0.902,103.919,52.496,2.504
91330a97-d22d-47ba-b958-fdbc5fb3a815,2026-04-25T17:21:47.998402-04:00,node-01,payments-api,429,True,normal,market_aware_v1,54.549,53.621,219.111,25.491,0.901,102.315,41.712,2.496
e7eb2872-42c0-4d3d-8b50-c26e8831d71d,2026-04-25T17:21:48.008825-04:00,node-01,orders-api,502,True,normal,market_aware_v1,63.46,51.106,203.734,29.311,0.819,102.573,70.372,2.394
46cf7827-f0ed-4bcf-a3da-1106a2632409,2026-04-25T17:21:48.019237-04:00,node-01,checkout-api,502,True,normal,market_aware_v1,61.801,57.452,211.798,27.226,1.061,105.565,50.156,2.741
354931b6-ead9-4673-8403-ce62c94e331e,2026-04-25T17:21:48.029698-04:00,node-01,payments-api,500,True,normal,market_aware_v1,61.553,55.754,213.48,27.377,0.833,97.301,44.379,2.261
d3ca0e82-1127-4f19-8a7b-690ba2f29901,2026-04-25T17:21:48.040131-04:00,node-01,orders-api,503,True,normal,market_aware_v1,64.916,51.091,204.148,30.968,0.705,95.918,83.075,2.038
bcaf8757-a189-4332-8f74-818787e7b5a1,2026-04-25T17:21:48.050597-04:00,node-01,checkout-api,429,True,normal,market_aware_v1,65.193,56.779,226.099,28.553,1.01,103.605,53.218,2.625
4396e912-2f00-4864-8725-c02adb2c4ed2,2026-04-25T17:21:48.061035-04:00,node-01,payments-api,502,True,normal,market_aware_v1,58.23,56.157,215.412,25.775,0.957,105.163,44.828,2.53
5a54d6af-bd24-483a-891c-00c007a1f1f3,2026-04-25T17:21:48.071464-04:00,node-01,orders-api,429,True,anomalous,market_aware_v1,71.692,55.896,225.856,31.668,1.299,113.733,71.798,3.044
27042858-2ce0-4289-a0dd-716c0a3468b7,2026-04-25T17:21:48.081899-04:00,node-01,checkout-api,503,True,normal,market_aware_v1,63.811,53.671,226.178,31.359,1.044,106.221,56.986,2.591
d150507a-fa22-4c7e-85c1-396298b86512,2026-04-25T17:21:48.092308-04:00,node-01,payments-api,500,True,anomalous,market_aware_v1,64.566,61.353,247.243,30.117,1.351,112.063,35.508,3.259
a2eb8d8a-ebdb-4fb3-8193-b8727fd51e0d,2026-04-25T17:21:48.102716-04:00,node-01,orders-api,500,True,normal,market_aware_v1,71.047,53.116,217.036,32.734,0.876,105.604,80.076,2.305
6c88403b-b93d-4762-a2c3-2fe69e53ec18,2026-04-25T17:21:48.113168-04:00,node-01,checkout-api,502,True,normal,market_aware_v1,70.619,57.629,211.917,28.818,0.917,101.609,64.906,2.533
90db59bf-661a-428e-93c9-8f8f1c8c27d3,2026-04-25T17:21:48.123641-04:00,node-01,payments-api,500,True,normal,market_aware_v1,67.523,57.893,224.085,30.247,0.922,101.419,41.89,2.44
8e7d6698-cc0c-4503-b514-d22aaafa7c0c,2026-04-25T17:21:48.134124-04:00,node-01,orders-api,502,True,normal,market_aware_v1,69.801,56.258,208.245,32.947,0.926,105.9,79.711,2.349
7b35e84a-392c-4155-b5fd-5755c4388405,2026-04-25T17:21:48.144560-04:00,node-01,checkout-api,502,True,normal,market_aware_v1,68.665,59.56,213.112,30.257,0.973,105.788,58.769,2.579
49dd58ce-a015-4d85-87cd-95d1e942a378,2026-04-25T17:21:48.155036-04:00,node-01,payments-api,429,True,anomalous,market_aware_v1,66.148,63.663,229.626,27.955,1.298,109.648,43.195,3.079
6786de1b-e6f4-444e-977a-1d2618cdcc27,2026-04-25T17:21:48.165665-04:00,node-01,orders-api,503,True,normal,market_aware_v1,69.423,56.753,223.792,33.743,0.899,108.553,77.642,2.475
615892a7-41e0-40d3-a1f5-7febd5205004,2026-04-25T17:21:48.176139-04:00,node-01,checkout-api,429,True,normal,market_aware_v1,68.326,56.668,226.333,30.62,1.069,106.561,59.804,2.721
af7af2a7-b9fc-45d8-a7d3-54a98caf0c38,2026-04-25T17:21:48.186563-04:00,node-01,payments-api,503,True,normal,market_aware_v1,62.134,59.171,223.055,28.727,0.924,103.827,49.236,2.69
85835958-7536-4155-9392-50a1aa2dda49,2026-04-25T17:21:48.197039-04:00,node-01,orders-api,502,True,normal,market_aware_v1,70.775,53.156,222.378,32.707,0.873,109.768,80.055,2.451
2de69746-328b-4473-8769-240e5b62f0f0,2026-04-25T17:21:48.207564-04:00,node-01,checkout-api,503,True,normal,market_aware_v1,66.628,57.543,229.606,31.325,1.06,107.646,56.89,2.787
09df128b-35ad-4e5d-9885-19f1748de132,2026-04-25T17:21:48.218040-04:00,node-01,payments-api,500,True,normal,market_aware_v1,63.652,60.619,252.793,28.055,1.01,113.076,43.182,2.768
5437d83d-9851-476d-910e-a2c19a984be1,2026-04-25T17:21:48.228505-04:00,node-01,orders-api,429,True,normal,market_aware_v1,66.325,54.552,204.548,30.888,0.909,107.509,74.763,2.42
ad8e3cd4-e02d-486d-8989-694b2b17d6a1,2026-04-25T17:21:48.238977-04:00,node-01,checkout-api,500,True,normal,market_aware_v1,64.218,56.975,225.052,32.298,1.101,104.487,55.905,2.711
f1db6d18-8a0e-4830-a6fc-5814dc3a23ae,2026-04-25T17:21:48.249530-04:00,node-01,payments-api,429,True,normal,market_aware_v1,58.501,55.092,216.545,27.601,0.941,102.727,40.654,2.449
b18a61f3-a974-41d4-bec1-b34e41aa7802,2026-04-25T17:21:48.260000-04:00,node-01,orders-api,503,True,normal,market_aware_v1,62.9,51.243,213.158,30.537,0.856,106.653,68.556,2.479
57d63f3b-598b-4321-af00-d3330f8a5a06,2026-04-25T17:21:48.270476-04:00,node-01,checkout-api,500,True,normal,market_aware_v1,60.933,54.517,217.774,33.949,1.046,104.278,50.519,2.646
15e1c51e-a8c1-4e95-9fe9-67351f2be5c8,2026-04-25T17:21:48.280916-04:00,node-01,payments-api,500,True,normal,market_aware_v1,57.805,50.559,215.461,25.934,0.826,104.452,42.666,2.494
978451a4-e8dc-4be5-9445-9391669d0576,2026-04-25T17:21:48.291298-04:00,node-01,orders-api,503,True,normal,market_aware_v1,65.729,51.163,194.472,29.908,0.897,104.028,70.453,2.379
9d786faa-b505-43dd-afca-c408e5e63782,2026-04-25T17:21:48.301773-04:00,node-01,checkout-api,503,True,normal,market_aware_v1,62.432,49.575,224.285,26.166,0.935,101.964,52.017,2.498
26c781d6-7374-42fe-885d-aa6f2b4a7129,2026-04-25T17:21:48.312236-04:00,node-01,payments-api,503,True,normal,market_aware_v1,53.871,53.084,213.575,23.356,0.809,99.157,41.01,2.317
d01147a5-7fdd-44de-ad97-432bdbf3ee24,2026-04-25T17:21:48.322654-04:00,node-01,orders-api,502,True,anomalous,market_aware_v1,62.958,51.533,208.33,29.788,1.192,107.043,63.156,2.771
61e42ee0-4de4-42f3-9b67-861285a93da0,2026-04-25T17:21:48.333078-04:00,node-01,checkout-api,500,True,normal,market_aware_v1,56.785,52.94,201.495,27.021,1.061,99.332,45.432,2.476
639aa188-52a4-41cb-83d1-67788d3d57c4,2026-04-25T17:21:48.343541-04:00,node-01,payments-api,502,True,normal,market_aware_v1,52.384,51.191,208.284,25.266,0.825,96.483,41.909,2.245
4bbb4456-e87f-48f5-b5f3-104ee5fa0bb2,2026-04-25T17:21:48.353946-04:00,node-01,orders-api,503,True,anomalous,market_aware_v1,63.452,49.121,206.017,29.933,1.114,101.383,65.79,2.643
1184f112-49a0-4c08-a429-f12b79a0fe07,2026-04-25T17:21:48.364354-04:00,node-01,checkout-api,500,True,normal,market_aware_v1,58.79,51.588,207.055,26.234,1.042,103.603,49.802,2.526
9f8052f7-97dd-4e2d-b1d6-c5751a14e248,2026-04-25T17:21:48.374817-04:00,node-01,payments-api,503,True,normal,market_aware_v1,51.816,53.144,205.093,23.64,0.84,95.937,38.294,2.183
b5bafcea-3cab-4f64-ac3e-8340738b218f,2026-04-25T17:21:48.385221-04:00,node-01,orders-api,200,True,normal,market_aware_v1,58.413,48.85,191.806,29.207,0.726,95.226,68.331,1.987
ac10ef26-aaa7-4dac-8135-80e7100faa3a,2026-04-25T17:21:48.395688-04:00,node-01,checkout-api,502,True,normal,market_aware_v1,58.223,51.872,220.244,28.596,1.029,104.654,51.72,2.657
7b22f3fb-324f-4bf3-90bf-7032451d8af2,2026-04-25T17:21:48.406100-04:00,node-01,payments-api,500,True,normal,market_aware_v1,54.419,54.216,236.246,24.134,1.134,111.133,30.535,3.053
71bdddcc-3690-4fff-bcd7-b8a6f2c29905,2026-04-25T17:21:48.416500-04:00,node-01,orders-api,503,True,normal,market_aware_v1,60.175,47.307,190.32,29.422,0.842,100.461,68.748,2.266
bb02264f-2cd9-40bc-9317-c936298c9ee8,2026-04-25T17:21:48.427009-04:00,node-01,checkout-api,502,True,normal,market_aware_v1,57.244,53.452,212.653,27.124,0.985,100.458,43.76,2.567
e7a198e7-59fe-4175-a440-fe73e80f4e0a,2026-04-25T17:21:48.437459-04:00,node-01,payments-api,500,True,normal,market_aware_v1,52.327,54.927,210.799,25.09,0.887,101.515,36.562,2.494
157d99a0-c265-4100-9504-94d0fda34289,2026-04-25T17:21:48.447891-04:00,node-01,orders-api,503,True,normal,market_aware_v1,60.592,50.417,203.554,30.588,0.941,109.365,65.443,2.462
2631c7c5-516a-40d6-81a1-2610d96e5c82,2026-04-25T17:21:48.458327-04:00,node-01,checkout-api,500,True,normal,market_aware_v1,60.701,58.27,222.817,30.322,1.066,102.662,50.891,2.818
08fe4c2c-e3ea-442b-949e-1c4a329f3479,2026-04-25T17:21:48.468832-04:00,node-01,payments-api,503,True,normal,market_aware_v1,56.9,57.533,220.495,27.068,0.884,103.535,39.567,2.564
fdea2296-97b1-468a-941c-ecd8ccf2f31a,2026-04-25T17:21:48.479291-04:00,node-01,orders-api,503,True,normal,market_aware_v1,65.314,50.593,195.008,34.013,0.754,95.348,73.571,2.012
b158d658-aff7-4d99-a52f-9ca040699c5b,2026-04-25T17:21:48.489762-04:00,node-01,checkout-api,503,True,normal,market_aware_v1,62.563,56.067,220.626,29.107,1.076,107.595,48.817,2.663
1d9fcd86-ba7a-4386-ac3b-695745e8cf9f,2026-04-25T17:21:48.500181-04:00,node-01,payments-api,502,True,normal,market_aware_v1,60.178,57.874,231.572,26.095,1.022,110.924,38.766,2.847
bcb75961-4b18-4297-bd4b-760883d92de2,2026-04-25T17:21:48.510606-04:00,node-01,orders-api,429,True,normal,market_aware_v1,65.049,53.723,208.659,33.798,0.945,101.525,74.611,2.389
a896ccfd-4347-4d9d-8ffe-4bef6bebca5d,2026-04-25T17:21:48.521057-04:00,node-01,checkout-api,503,True,normal,market_aware_v1,62.528,54.001,224.566,29.672,1.083,111.143,50.463,2.757
5ef03707-2606-4268-97c8-52b433c460ab,2026-04-25T17:21:48.531527-04:00,node-01,payments-api,502,True,normal,market_aware_v1,60.933,55.602,233.256,24.576,0.987,104.14,46.099,2.648
40e946f2-59f4-450f-94b4-0370f789f6d2,2026-04-25T17:21:48.541975-04:00,node-01,orders-api,502,True,normal,market_aware_v1,72.555,51.906,204.115,29.259,0.823,100.686,78.095,2.33
7df78926-3ed2-4fbe-a3f3-8274ab2f7a93,2026-04-25T17:21:48.552475-04:00,node-01,checkout-api,429,True,normal,market_aware_v1,66.795,58.696,221.495,30.252,0.967,103.045,62.761,2.585
193d1f55-e86d-45d8-9973-8ffdb9bd921f,2026-04-25T17:21:48.562923-04:00,node-01,payments-api,429,True,normal,market_aware_v1,61.664,58.649,227.015,27.399,0.874,103.264,45.237,2.54
e9289582-10bc-47ef-8e31-1da9c31518bf,2026-04-25T17:21:48.573358-04:00,node-01,orders-api,500,True,anomalous,market_aware_v1,72.399,51.182,211.556,35.336,1.072,102.728,75.064,2.715
e8e088e7-802c-424b-a29e-7120ec645809,2026-04-25T17:21:48.583831-04:00,node-01,checkout-api,500,True,normal,market_aware_v1,67.789,55.286,226.383,31.295,1.047,105.356,51.802,2.686
a7216bfb-af3b-4924-b72e-d6738784a24d,2026-04-25T17:21:48.594270-04:00,node-01,payments-api,503,True,anomalous,market_aware_v1,63.943,58.757,239.231,28.392,1.325,108.66,30.723,2.951
f46db7a0-be17-4c55-8964-f5282fc32c40,2026-04-25T17:21:48.604688-04:00,node-01,orders-api,502,True,normal,market_aware_v1,70.022,54.589,220.41,31.463,0.829,107.71,79.857,2.249
f29a4038-a29a-4495-a8c0-958a3597e475,2026-04-25T17:21:48.615157-04:00,node-01,checkout-api,429,True,anomalous,market_aware_v1,71.909,59.188,248.247,33.23,1.51,114.595,45.997,3.392
0ca14f78-b8e6-47c8-b826-0871eb4918d1,2026-04-25T17:21:48.625637-04:00,node-01,payments-api,502,True,normal,market_aware_v1,63.752,58.219,218.489,27.772,0.943,102.067,37.78,2.597
2bc547a0-5722-40cc-be56-8286ee9f5bda,2026-04-25T17:21:48.636059-04:00,node-01,orders-api,502,True,normal,market_aware_v1,64.011,53.029,212.289,29.493,0.893,105.901,72.015,2.374
3739263c-cdd4-4eb1-b07e-1edefe649bbc,2026-04-25T17:21:48.646455-04:00,node-01,checkout-api,500,True,normal,market_aware_v1,62.658,54.019,225.962,27.077,1.123,111.283,52.325,2.88
e31d2e8e-fca4-4806-b19a-5cd10b8bc4ec,2026-04-25T17:21:48.656925-04:00,node-01,payments-api,502,True,normal,market_aware_v1,62.551,53.242,237.039,25.805,1.004,113.709,39.906,2.789
d158f5b8-f0b9-4431-aae8-0ddf424da69f,2026-04-25T17:21:48.667371-04:00,node-01,orders-api,429,True,normal,market_aware_v1,61.602,51.858,188.985,28.377,0.783,100.437,77.371,2.186
a3a55901-15d4-480d-84e3-c0167bddd8a6,2026-04-25T17:21:48.677803-04:00,node-01,checkout-api,429,True,normal,market_aware_v1,64.548,55.28,215.863,27.794,1.009,100.327,52.743,2.522
7d89fb18-0822-4bd3-b267-1c9cb3340ed7,2026-04-25T17:21:48.688274-04:00,node-01,payments-api,500,True,normal,market_aware_v1,60.676,58.607,232.732,26.775,1.072,109.646,38.183,2.696
23ab1d63-f025-403c-a553-270c2aabd35c,2026-04-25T17:21:48.698781-04:00,node-01,orders-api,429,True,normal,market_aware_v1,62.754,50.636,211.844,31.163,0.802,97.202,78.487,2.242
2f6b03aa-1541-4a61-a291-6abbf720c1bb,2026-04-25T17:21:48.709203-04:00,node-01,checkout-api,503,True,normal,market_aware_v1,62.729,55.048,221.569,29.193,1.022,103.837,53.136,2.605
47b7de1f-3a56-42a0-8a4a-732969ad4d71,2026-04-25T17:21:48.719686-04:00,node-01,payments-api,500,True,normal,market_aware_v1,55.682,56.701,217.669,23.64,0.931,102.633,39.519,2.515
e215eccd-4620-48d8-92c3-dc45dbd68cd2,2026-04-25T17:21:48.730139-04:00,node-01,orders-api,502,True,anomalous,market_aware_v1,68.693,53.084,211.452,29.331,1.18,111.945,66.929,2.957
ac3ce321-fcd7-4a62-a8d7-7a6ddc1b7547,2026-04-25T17:21:48.740557-04:00,node-01,checkout-api,502,True,normal,market_aware_v1,60.401,50.978,214.139,25.89,1.043,108.377,44.17,2.617
a4382f99-e10b-4541-9d2d-e7f9fbc06150,2026-04-25T17:21:48.751017-04:00,node-01,payments-api,429,True,normal,market_aware_v1,57.565,51.57,222.142,26.935,0.89,103.273,38.496,2.344
d5ffb440-9346-439a-9d97-06a33a77fd97,2026-04-25T17:21:48.761452-04:00,node-01,orders-api,200,True,normal,market_aware_v1,64.585,49.077,186.878,30.586,0.783,92.686,80.261,1.967
88690784-8bfa-41fb-a341-d71dad034539,2026-04-25T17:21:48.771900-04:00,node-01,checkout-api,429,True,normal,market_aware_v1,61.905,53.141,213.127,26.433,0.95,101.626,45.36,2.493
b811da79-0466-4241-a27b-356be4dbeaba,2026-04-25T17:21:48.782417-04:00,node-01,payments-api,503,True,normal,market_aware_v1,54.226,54.917,212.433,23.532,0.908,100.447,41.567,2.384
68d5585d-c476-4222-baca-2d60a032643b,2026-04-25T17:21:48.792874-04:00,node-01,orders-api,502,True,normal,market_aware_v1,64.17,47.946,200.649,30.375,0.976,101.807,75.108,2.429
c5f50445-0b75-4abf-a83f-e64b68448d6a,2026-04-25T17:21:48.803382-04:00,node-01,checkout-api,429,True,normal,market_aware_v1,60.725,54.446,215.946,29.168,1.021,101.923,51.04,2.476
ab288e1c-e701-49f9-9c88-b8a2d300625b,2026-04-25T17:21:48.814046-04:00,node-01,payments-api,503,True,anomalous,market_aware_v1,61.891,56.616,258.118,27.808,1.197,117.432,30.978,3.267
4960b8a9-3508-4c05-a18f-3c76fdf749ff,2026-04-25T17:21:48.824715-04:00,node-01,orders-api,502,True,normal,market_aware_v1,67.403,52.335,190.109,28.457,0.761,95.932,75.528,2.087
7e69eab0-e42e-4d6f-9bbd-88b7f56fc12e,2026-04-25T17:21:48.835292-04:00,node-01,checkout-api,500,True,normal,market_aware_v1,68.222,56.111,214.889,29.342,1.077,107.554,51.292,2.64
b495c2b9-06ec-459d-b750-cf72202b99db,2026-04-25T17:21:48.845840-04:00,node-01,payments-api,429,True,normal,market_aware_v1,61.673,58.325,236.228,26.958,1.079,110.255,43.836,2.742
e9c33382-5e02-4519-926a-5bc13d53bc77,2026-04-25T17:21:48.856398-04:00,node-01,orders-api,500,True,normal,market_aware_v1,66.135,51.047,213.75,32.197,0.93,108.075,71.831,2.545
5d4cbbcf-d90f-4f23-9708-e3fc08e41f83,2026-04-25T17:21:48.866878-04:00,node-01,checkout-api,503,True,normal,market_aware_v1,63.424,54.602,227.714,28.996,1.051,113.581,54.307,2.691
695998ce-b677-417d-94cf-9c4498c0a62b,2026-04-25T17:21:48.877318-04:00,node-01,payments-api,503,True,normal,market_aware_v1,62.468,57.196,237.637,26.421,0.961,108.815,43.883,2.755
463dcc73-2f3c-4903-8d39-1d779611a107,2026-04-25T17:21:48.887816-04:00,node-01,orders-api,502,True,normal,market_aware_v1,72.166,53.303,218.45,32.502,0.89,109.671,80.353,2.52
9b25600c-80b0-472d-9d7d-1988357c347a,2026-04-25T17:21:48.898267-04:00,node-01,checkout-api,429,True,normal,market_aware_v1,65.132,55.824,214.12,29.277,1.025,103.636,57.801,2.594
2445422b-f206-41ca-8068-9770c8f8ffa0,2026-04-25T17:21:48.908715-04:00,node-01,payments-api,429,True,normal,market_aware_v1,66.321,55.007,231.85,28.309,1.055,110.643,44.53,2.729
e1eacc79-c572-426f-b5a2-d0c3594964a2,2026-04-25T17:21:48.919134-04:00,node-01,orders-api,429,True,normal,market_aware_v1,70.605,53.381,207.437,31.816,0.913,100.385,87.282,2.322
a9d57b56-053a-4aff-b8b0-109e3ed38c0b,2026-04-25T17:21:48.929585-04:00,node-01,checkout-api,502,True,normal,market_aware_v1,69.833,58.645,230.416,32.049,1.17,113.818,55.813,2.977
67890a16-4481-47bf-979b-5461a272ae7e,2026-04-25T17:21:48.940010-04:00,node-01,payments-api,500,True,anomalous,market_aware_v1,70.966,59.527,253.827,31.516,1.496,125.003,36.868,3.552
7db86b8f-9380-41e3-a8a4-f5a61aa0c520,2026-04-25T17:21:48.950476-04:00,node-01,orders-api,503,True,anomalous,market_aware_v1,74.54,59.027,219.915,32.291,1.288,113.185,73.555,3.055
db59cf69-dc95-4985-9405-0f5976e3365a,2026-04-25T17:21:48.960917-04:00,node-01,checkout-api,503,True,normal,market_aware_v1,66.062,58.832,210.36,31.444,0.922,104.776,60.997,2.615
405a5c36-d16d-48a7-a38e-75a6f3bddf8e,2026-04-25T17:21:48.971400-04:00,node-01,payments-api,502,True,normal,market_aware_v1,65.029,59.762,227.651,27.09,0.971,107.322,45.467,2.489
904b2513-d49c-4858-8bd4-742e783dd6e8,2026-04-25T17:21:48.981874-04:00,node-01,orders-api,500,True,normal,market_aware_v1,74.426,55.288,240.041,32.536,1.051,118.901,71.06,3.123
85d0a81e-eae3-4387-95ab-6185d78e4b1c,2026-04-25T17:21:48.992473-04:00,node-01,checkout-api,502,True,normal,market_aware_v1,64.995,56.324,217.123,29.296,1.023,107.333,61.493,2.592
2e976fdc-d138-4974-a4e4-b947e3f9b29b,2026-04-25T17:21:49.002896-04:00,node-01,payments-api,503,True,normal,market_aware_v1,60.214,61.52,231.383,27.149,1.079,113.299,43.841,2.846
42edd791-ef54-431e-84a6-e3c3db0af8ce,2026-04-25T17:21:49.013335-04:00,node-01,orders-api,429,True,normal,market_aware_v1,67.507,53.016,209.554,34.193,0.902,106.478,74.245,2.45
0fcd23e6-6b38-4979-99e9-67f7f5469f20,2026-04-25T17:21:49.023782-04:00,node-01,checkout-api,500,True,normal,market_aware_v1,59.988,54.899,215.961,28.371,1.051,102.439,55.508,2.687
91df3e26-6053-4ea8-a96a-a9ec1b9aefa8,2026-04-25T17:21:49.034304-04:00,node-01,payments-api,503,True,normal,market_aware_v1,63.529,57.531,228.243,27.447,0.987,105.735,40.851,2.654
4160a0e3-992f-47a9-80c5-0c27f0409e47,2026-04-25T17:21:49.044848-04:00,node-01,orders-api,502,True,normal,market_aware_v1,70.277,53.192,210.112,30.513,0.918,105.779,76.677,2.41
711b8041-d64b-4a97-874f-f674020f6547,2026-04-25T17:21:49.055334-04:00,node-01,checkout-api,502,True,normal,market_aware_v1,61.886,55.205,220.501,28.92,0.956,101.784,52.621,2.542
529ebf74-061a-4af2-bc65-f5f4b7ef42af,2026-04-25T17:21:49.065827-04:00,node-01,payments-api,500,True,normal,market_aware_v1,59.729,55.779,226.462,28.261,0.99,110.877,36.011,2.728
b80e25c9-427a-4466-9a26-74ddc067b451,2026-04-25T17:21:49.076277-04:00,node-01,orders-api,429,True,anomalous,market_aware_v1,68.498,53.647,222.52,33.492,1.272,114.475,67.574,3.092
8a6ea683-ede5-4684-bdc9-8312460a8192,2026-04-25T17:21:49.086657-04:00,node-01,checkout-api,503,True,normal,market_aware_v1,62.148,52.552,225.47,28.469,1.044,101.659,47.354,2.554
6e480626-f1fc-4658-aa05-56f392bfc017,2026-04-25T17:21:49.097082-04:00,node-01,payments-api,503,True,normal,market_aware_v1,54.819,56.443,220.208,25.623,0.952,110.442,31.478,2.511
59f39b9a-b0fb-4a47-ab32-f1ab37b8912f,2026-04-25T17:21:49.107553-04:00,node-01,orders-api,500,True,anomalous,market_aware_v1,64.993,56.287,220.806,30.526,1.264,110.572,58.049,2.991
8038f866-5354-45db-b325-231f0e1fcb4a,2026-04-25T17:21:49.118002-04:00,node-01,checkout-api,500,True,normal,market_aware_v1,58.944,51.198,220.283,29.111,1.027,106.421,49.073,2.756
45cb8ede-6dde-48a8-893e-789456129073,2026-04-25T17:21:49.128466-04:00,node-01,payments-api,429,True,normal,market_aware_v1,54.925,55.006,208.882,23.775,0.848,100.215,35.96,2.378
0dda145f-4124-4179-9824-33f9c75c75a4,2026-04-25T17:21:49.138887-04:00,node-01,orders-api,503,True,normal,market_aware_v1,60.018,49.234,189.478,27.039,0.773,95.687,67.048,2.074
e1039dfd-3a87-490e-bb10-071109a88c69,2026-04-25T17:21:49.149517-04:00,node-01,checkout-api,502,True,normal,market_aware_v1,59.071,50.518,207.156,26.918,1.082,99.149,45.049,2.451
3e40de6f-f289-4fef-8cbf-3606716e5ac4,2026-04-25T17:21:49.160103-04:00,node-01,payments-api,503,True,normal,market_aware_v1,54.945,55.477,212.322,24.769,1.053,110.071,31.662,2.775
74c29c97-fde5-4f29-b095-cc4ed9a8baef,2026-04-25T17:21:49.170634-04:00,node-01,orders-api,502,True,normal,market_aware_v1,61.65,48.959,206.694,32.06,0.747,102.826,66.723,2.182
07ca04f3-07fc-4045-bbf8-b8af247e7427,2026-04-25T17:21:49.181155-04:00,node-01,checkout-api,503,True,normal,market_aware_v1,56.954,51.577,234.887,27.893,1.043,114.467,40.648,2.786
90eff23f-d30e-4ffd-92fc-bf6088a63899,2026-04-25T17:21:49.191737-04:00,node-01,payments-api,502,True,anomalous,market_aware_v1,58.776,55.239,227.642,24.632,1.299,112.277,25.769,3.087
110e49d0-3c21-49ee-972e-5105fb5df434,2026-04-25T17:21:49.202167-04:00,node-01,orders-api,500,True,normal,market_aware_v1,64.746,49.46,198.777,28.297,0.806,100.47,67.942,2.394
4054db41-9023-423b-8abc-e79b8369038c,2026-04-25T17:21:49.212674-04:00,node-01,checkout-api,502,True,normal,market_aware_v1,59.701,54.255,236.05,26.015,1.102,106.651,48.857,2.774
9c2550cb-d796-4a8f-be3c-48c1f46438c5,2026-04-25T17:21:49.223069-04:00,node-01,payments-api,500,True,normal,market_aware_v1,55.714,55.573,226.336,27.051,1.027,109.049,34.166,2.758
5b6822ed-9c12-4761-a86a-bdc314a4a3f5,2026-04-25T17:21:49.233535-04:00,node-01,orders-api,503,True,normal,market_aware_v1,63.155,48.7,211.939,27.195,0.86,106.715,68.089,2.35
1cf8d27b-cf2d-41b7-bcac-ec7c4447fa91,2026-04-25T17:21:49.243964-04:00,node-01,checkout-api,429,True,normal,market_aware_v1,58.904,51.796,214.978,28.887,1.007,100.904,48.345,2.518
d20f1fde-0543-48d1-8426-6f9f763de1a2,2026-04-25T17:21:49.254461-04:00,node-01,payments-api,502,True,normal,market_aware_v1,54.394,57.736,210.774,25.516,0.968,97.375,43.451,2.342
0015a717-4d98-4f72-8294-61d584cc2e7a,2026-04-25T17:21:49.264911-04:00,node-01,orders-api,503,True,normal,market_aware_v1,67.295,50.791,213.687,29.984,0.901,108.209,69.318,2.37
db16e29c-9957-439a-a07f-91e85010f953,2026-04-25T17:21:49.275406-04:00,node-01,checkout-api,503,True,normal,market_aware_v1,63.971,52.011,226.625,27.441,1.103,105.41,50.035,2.741
f681928b-4533-4b2b-9738-b8576e171292,2026-04-25T17:21:49.285903-04:00,node-01,payments-api,429,True,normal,market_aware_v1,55.161,53.147,196.291,23.511,0.816,95.365,46.967,2.288
d24687e3-d993-4101-98ae-254e78c28956,2026-04-25T17:21:49.296328-04:00,node-01,orders-api,500,True,normal,market_aware_v1,68.519,53.868,215.252,31.35,0.942,110.835,71.912,2.613
2b1a3860-17af-4aeb-87db-8ee7fbafec31,2026-04-25T17:21:49.307213-04:00,node-01,checkout-api,429,True,normal,market_aware_v1,61.999,55.231,216.345,31.262,0.956,104.85,51.345,2.53
34f99f0b-a7c0-4f3d-ab62-ab7d619e163c,2026-04-25T17:21:49.317637-04:00,node-01,payments-api,502,True,normal,market_aware_v1,60.467,58.927,231.291,27.406,0.99,111.534,46.842,2.775
707cb0e1-cf69-404e-8f8c-c3dca353341d,2026-04-25T17:21:49.328061-04:00,node-01,orders-api,502,True,anomalous,market_aware_v1,72.666,54.901,224.701,31.966,1.242,110.886,69.25,2.907
7c526684-e533-485f-9fe5-e9f708771abc,2026-04-25T17:21:49.338622-04:00,node-01,checkout-api,500,True,normal,market_aware_v1,69.123,56.529,213.538,28.06,0.971,97.699,59.659,2.433
b6b24926-c3b7-4c7a-8040-cd407cd6125a,2026-04-25T17:21:49.349181-04:00,node-01,payments-api,503,True,normal,market_aware_v1,64.986,59.588,240.646,25.823,0.939,108.355,40.856,2.683
1f0d9cc5-8b71-4ab7-bb7f-4b44e22046b9,2026-04-25T17:21:49.359622-04:00,node-01,orders-api,502,True,anomalous,market_aware_v1,72.04,57.7,238.7,33.923,1.329,119.097,70.578,3.167
0b30d7d6-e370-4ffa-a382-1f33bd2053b4,2026-04-25T17:21:49.370026-04:00,node-01,checkout-api,503,True,normal,market_aware_v1,68.06,59.81,225.849,27.433,1.092,108.426,53.49,2.746
6a471e8b-7cd3-46ce-9f9e-6b7960ee1636,2026-04-25T17:21:49.380427-04:00,node-01,payments-api,429,True,normal,market_aware_v1,64.646,61.251,229.357,27.516,0.887,107.411,44.103,2.424
0d76e75d-8c29-4d8a-b283-227b5820d6cd,2026-04-25T17:21:49.390900-04:00,node-01,orders-api,502,True,normal,market_aware_v1,65.223,52.501,202.626,32.816,0.878,106.983,82.935,2.428
c4c06f95-d183-49e9-bb61-aed317ca4336,2026-04-25T17:21:49.401425-04:00,node-01,checkout-api,500,True,normal,market_aware_v1,66.104,56.855,221.862,29.196,1.02,105.859,54.76,2.602
99e618eb-b260-4bf4-bf63-c8c441ce4f4f,2026-04-25T17:21:49.411869-04:00,node-01,payments-api,502,True,normal,market_aware_v1,65.89,54.995,229.226,27.59,0.904,107.576,43.828,2.601
8b2bf0a2-8b6f-4f7b-b114-7c93defc0c7d,2026-04-25T17:21:49.422327-04:00,node-01,orders-api,500,True,normal,market_aware_v1,70.516,53.448,209.259,29.824,0.812,103.184,80.533,2.403
5094dfa3-06d8-42a3-bd94-e19df6bf3a58,2026-04-25T17:21:49.432803-04:00,node-01,checkout-api,500,True,normal,market_aware_v1,60.649,55.594,206.649,28.336,0.962,95.774,57.015,2.502
47bd16c8-f973-45a0-8b9a-f9f28597f31f,2026-04-25T17:21:49.443220-04:00,node-01,payments-api,429,True,normal,market_aware_v1,61.264,56.839,242.303,23.027,0.947,109.467,35.055,2.628
76d2f121-1803-461e-a238-c765dc41e572,2026-04-25T17:21:49.453640-04:00,node-01,orders-api,500,True,normal,market_aware_v1,64.654,53.119,198.619,31.732,0.857,106.615,75.679,2.373
48d7f8a5-5295-40db-93a7-6827616ed091,2026-04-25T17:21:49.464083-04:00,node-01,checkout-api,502,True,normal,market_aware_v1,68.592,52.879,232.461,30.559,1.111,113.1,52.267,2.816
2f009f5f-d882-493f-9892-7994124151d6,2026-04-25T17:21:49.474596-04:00,node-01,payments-api,429,True,normal,market_aware_v1,58.423,56.112,225.268,26.145,0.985,109.237,32.982,2.672
445604c8-2f59-45bc-aada-7032881435ec,2026-04-25T17:21:49.485020-04:00,node-01,orders-api,502,True,normal,market_aware_v1,62.32,48.465,214.463,30.284,0.779,103.372,69.532,2.289
cc224fa3-de95-4987-97ab-f34070265adf,2026-04-25T17:21:49.495475-04:00,node-01,checkout-api,429,True,normal,market_aware_v1,61.786,53.141,212.895,28.955,1.083,103.367,47.466,2.731
1ebdd817-a824-48d8-8d2f-68f8d7edd70f,2026-04-25T17:21:49.505900-04:00,node-01,payments-api,500,True,normal,market_aware_v1,58.125,57.547,210.582,23.849,0.864,95.682,41.268,2.282
9de1cd5c-71c0-47b7-9e0e-36a092b8bfef,2026-04-25T17:21:49.516365-04:00,node-01,orders-api,500,True,normal,market_aware_v1,64.033,51.142,207.605,30.591,0.846,103.938,66.112,2.293
3c97ca96-46f9-4dcf-a1e6-ca2aadcebafb,2026-04-25T17:21:49.526840-04:00,node-01,checkout-api,500,True,normal,market_aware_v1,61.188,52.884,225.881,27.946,1.048,104.281,46.95,2.689
51c80fd4-c3eb-4e50-bcee-7a716750ac35,2026-04-25T17:21:49.537261-04:00,node-01,payments-api,429,True,anomalous,market_aware_v1,58.451,57.624,250.535,27.651,1.351,118.976,25.166,3.352
8e4651b4-bb9a-40ac-a4d8-c4a2c727084d,2026-04-25T17:21:49.547785-04:00,node-01,orders-api,500,True,anomalous,market_aware_v1,63.627,52.218,209.927,31.128,1.241,108.422,63.362,3.055
5a6049dc-0a0e-40f8-9c35-f8f0247723f1,2026-04-25T17:21:49.558252-04:00,node-01,checkout-api,429,True,normal,market_aware_v1,59.682,53.8,222.096,29.266,0.974,104.965,46.221,2.521
f5e267ae-1812-4835-8ff8-f9c631534679,2026-04-25T17:21:49.568663-04:00,node-01,payments-api,500,True,normal,market_aware_v1,55.212,54.533,242.736,25.311,1.052,114.187,34.554,2.792
1a75a5bb-add3-41b7-b6ec-c79540fd5db6,2026-04-25T17:21:49.579084-04:00,node-01,orders-api,500,True,normal,market_aware_v1,65.801,53.659,237.041,32.943,0.92,116.031,64.415,2.754
ebf7c998-4cca-4199-8bfb-9b01dfd214cc,2026-04-25T17:21:49.589634-04:00,node-01,checkout-api,502,True,normal,market_aware_v1,60.663,53.702,216.915,27.55,0.937,101.036,51.843,2.411
9bfe4617-b9bc-4098-93ee-f3dde3fc9dda,2026-04-25T17:21:49.600066-04:00,node-01,payments-api,502,True,normal,market_aware_v1,56.306,55.144,219.993,24.878,0.914,101.993,40.188,2.457
7ea18b5e-c859-489d-9a2d-a8ecc1559fe4,2026-04-25T17:21:49.610542-04:00,node-01,orders-api,503,True,normal,market_aware_v1,62.933,48.245,206.272,29.965,0.851,104.566,77.613,2.378
2ef19718-cc6b-4aca-9ad7-cc573b2b45b7,2026-04-25T17:21:49.621051-04:00,node-01,checkout-api,503,True,normal,market_aware_v1,63.732,55.978,219.984,29.725,1.099,105.454,58.0,2.761
9a4882b5-8142-49df-9734-b5a9e83630cf,2026-04-25T17:21:49.631525-04:00,node-01,payments-api,500,True,anomalous,market_aware_v1,65.355,60.698,255.019,25.674,1.328,117.73,29.269,3.248
dc6f39e3-3b75-40cc-bfa7-1f2f34f7e3be,2026-04-25T17:21:49.642052-04:00,node-01,orders-api,500,True,anomalous,market_aware_v1,71.017,55.241,227.415,33.764,1.152,112.312,70.171,2.915
a4e17085-6221-43d5-a419-2b9d8cb7bd87,2026-04-25T17:21:49.652547-04:00,node-01,checkout-api,502,True,normal,market_aware_v1,68.248,52.725,222.366,32.575,1.068,106.566,54.203,2.563
26832dfd-1162-42cf-aff1-51c3f9236ac7,2026-04-25T17:21:49.663023-04:00,node-01,payments-api,500,True,anomalous,market_aware_v1,67.028,56.582,256.209,26.649,1.097,121.42,30.304,3.013
504e2fca-6c81-4a87-a941-22e56404021d,2026-04-25T17:21:49.673467-04:00,node-01,orders-api,502,True,normal,market_aware_v1,70.725,53.357,198.343,30.484,0.861,101.433,80.458,2.412
78185eaf-b3e6-4b41-9e1f-fabb6f1b1cb0,2026-04-25T17:21:49.683880-04:00,node-01,checkout-api,502,True,normal,market_aware_v1,64.38,56.193,221.49,32.481,0.903,105.095,65.015,2.581
4761ac3f-b9f5-47f8-8396-aae68939bf0f,2026-04-25T17:21:49.694393-04:00,node-01,payments-api,429,True,anomalous,market_aware_v1,66.684,59.28,244.174,28.749,1.027,120.578,35.862,2.986
1de49d46-f51d-4d44-9dfd-fa2081f1e1e0,2026-04-25T17:21:49.704871-04:00,node-01,orders-api,500,True,normal,market_aware_v1,71.358,54.704,221.719,33.224,0.938,114.809,74.911,2.638
d90e8241-f81a-4a88-be07-547e8f62184a,2026-04-25T17:21:49.715362-04:00,node-01,checkout-api,429,True,normal,market_aware_v1,65.972,56.517,216.576,29.901,0.89,100.994,63.145,2.428
a8ee7c95-1550-44a5-a9d2-9bb8deb2aed0,2026-04-25T17:21:49.725890-04:00,node-01,payments-api,429,True,normal,market_aware_v1,64.605,59.003,238.117,27.833,1.097,117.748,43.261,2.957
857050e7-e800-4cf8-9185-231270a1ed7b,2026-04-25T17:21:49.736401-04:00,node-01,orders-api,429,True,normal,market_aware_v1,71.923,56.129,217.305,32.527,0.95,116.396,75.659,2.699
084a2bc3-8f8b-43bb-b522-2468c4732307,2026-04-25T17:21:49.747002-04:00,node-01,checkout-api,500,True,normal,market_aware_v1,67.681,56.729,219.59,31.196,1.097,104.328,64.329,2.636
eb2bc1ac-b044-416c-a848-7f179b4ba2f2,2026-04-25T17:21:49.757543-04:00,node-01,payments-api,429,True,normal,market_aware_v1,68.11,59.883,243.641,29.483,1.051,117.9,42.976,2.819
c4b0e1c8-06ee-4497-933a-87439d23a738,2026-04-25T17:21:49.768157-04:00,node-01,orders-api,503,True,normal,market_aware_v1,69.724,54.826,222.189,33.157,0.849,108.607,74.379,2.449
e2564c8d-cf8a-423a-8096-9cb039a7facc,2026-04-25T17:21:49.778668-04:00,node-01,checkout-api,429,True,anomalous,market_aware_v1,69.791,57.44,236.367,28.647,1.22,120.804,54.08,3.13
c435c0c4-c9de-43c0-b043-bc7f4d622acf,2026-04-25T17:21:49.789183-04:00,node-01,payments-api,503,True,normal,market_aware_v1,64.22,55.613,230.121,27.695,0.842,104.828,46.62,2.423
07bad5c3-576d-4d5c-8377-95f7710abe6c,2026-04-25T17:21:49.799701-04:00,node-01,orders-api,500,True,normal,market_aware_v1,69.893,55.84,216.547,33.81,0.903,113.641,70.36,2.652
a261f1ec-75ad-412b-8537-afd5734b84b1,2026-04-25T17:21:49.810401-04:00,node-01,checkout-api,502,True,normal,market_aware_v1,65.982,59.629,231.325,31.429,1.133,109.068,54.899,2.896
82a3caaf-e04b-4ad4-ab00-07b0df06a008,2026-04-25T17:21:49.821096-04:00,node-01,payments-api,429,True,anomalous,market_aware_v1,65.596,58.957,251.015,28.666,1.384,115.224,33.304,3.403
1348e738-ffb0-4953-a33a-fdee07727faa,2026-04-25T17:21:49.831712-04:00,node-01,orders-api,503,True,normal,market_aware_v1,68.273,52.816,207.176,32.07,0.919,103.89,72.52,2.485
737571fd-bb86-4ecd-b65a-fb4001977230,2026-04-25T17:21:49.842428-04:00,node-01,checkout-api,500,True,normal,market_aware_v1,64.536,59.343,211.226,28.911,1.035,105.543,53.277,2.693
3a3019fd-1465-469e-ab9b-0c9d8c5571a4,2026-04-25T17:21:49.852991-04:00,node-01,payments-api,429,True,normal,market_aware_v1,60.874,56.242,222.987,25.497,0.924,100.078,42.812,2.422
46dac650-867e-4302-b644-8eb4933defff,2026-04-25T17:21:49.863536-04:00,node-01,orders-api,500,True,normal,market_aware_v1,67.538,50.691,208.152,31.095,0.854,106.029,71.862,2.341
fba43bc5-4003-4c37-8eb1-06e00bf4f58e,2026-04-25T17:21:49.874007-04:00,node-01,checkout-api,500,True,normal,market_aware_v1,69.548,53.695,224.58,28.763,1.067,102.694,48.614,2.697
9384bf68-378d-401e-a4f8-135ebb0dc6c6,2026-04-25T17:21:49.884521-04:00,node-01,payments-api,500,True,normal,market_aware_v1,58.915,54.317,217.729,25.358,0.924,102.799,35.139,2.343
dae6ffd8-20fb-438c-b78a-e0c22bb058ed,2026-04-25T17:21:49.895071-04:00,node-01,orders-api,429,True,anomalous,market_aware_v1,69.271,51.809,231.137,31.957,1.258,117.947,58.225,3.134
ffb0f2b7-0b6b-4079-a0dd-ce379ac403c6,2026-04-25T17:21:49.905568-04:00,node-01,checkout-api,502,True,normal,market_aware_v1,57.07,52.056,215.63,28.282,0.945,100.795,47.145,2.497
101f21c0-6b7f-43da-8aaf-bda3c230d8e4,2026-04-25T17:21:49.916034-04:00,node-01,payments-api,503,True,normal,market_aware_v1,56.783,56.056,235.214,23.191,1.002,110.751,27.865,2.764
7fd3109f-b94e-4799-8d33-67896e799c69,2026-04-25T17:21:49.926562-04:00,node-01,orders-api,429,True,normal,market_aware_v1,61.411,48.493,206.147,28.789,0.946,108.855,63.52,2.568
32173cca-8f18-42cc-9def-f33b733a45db,2026-04-25T17:21:49.937040-04:00,node-01,checkout-api,500,True,normal,market_aware_v1,57.501,51.169,206.2,28.017,0.957,100.071,49.458,2.49
ccaa27dc-2b58-4892-9d11-c6cdedb47dfa,2026-04-25T17:21:49.947588-04:00,node-01,payments-api,500,True,anomalous,market_aware_v1,56.06,55.574,239.625,24.589,1.349,110.878,27.067,3.071
137b1c7c-c1ef-4595-8276-01e7c8596ae7,2026-04-25T17:21:49.958085-04:00,node-01,orders-api,503,True,normal,market_aware_v1,60.278,54.04,199.831,29.518,0.82,102.243,70.39,2.228
1ee1ebc8-57db-466f-922b-0127052f0d3d,2026-04-25T17:21:49.968633-04:00,node-01,checkout-api,500,True,normal,market_aware_v1,58.581,52.42,211.906,25.463,0.995,102.553,46.2,2.628
8a27cad7-fb3f-459b-b175-5d96ff580159,2026-04-25T17:21:49.979151-04:00,node-01,payments-api,429,True,normal,market_aware_v1,51.661,52.916,220.681,25.52,0.941,104.708,33.276,2.63
404ae8fe-e3ac-483f-a18c-37af5cdd6a48,2026-04-25T17:21:49.989652-04:00,node-01,orders-api,502,True,normal,market_aware_v1,64.81,50.502,213.027,27.996,0.89,102.627,66.966,2.303
7a2bf90d-04d3-4c8a-874e-b910e60dec5d,2026-04-25T17:21:50.000121-04:00,node-01,checkout-api,429,True,normal,market_aware_v1,61.487,51.134,219.586,26.644,0.987,105.079,46.338,2.559
5803d6a2-f21b-440c-a695-775f288731f4,2026-04-25T17:21:50.010578-04:00,node-01,payments-api,503,True,normal,market_aware_v1,56.975,50.972,236.851,24.034,1.156,112.663,33.782,3.041
d90f34d8-7a0c-4211-a779-2e7a9517f4c3,2026-04-25T17:21:50.021065-04:00,node-01,orders-api,500,True,anomalous,market_aware_v1,66.915,54.577,230.523,32.713,1.307,111.207,66.005,3.223
0e051c66-1619-45f4-af8e-066ed5879306,2026-04-25T17:21:50.031524-04:00,node-01,checkout-api,503,True,normal,market_aware_v1,62.064,53.578,211.338,29.168,0.894,98.714,49.712,2.409
3250c529-1ac0-40c0-823c-7ff5f65d89f4,2026-04-25T17:21:50.041999-04:00,node-01,payments-api,503,True,normal,market_aware_v1,55.954,60.422,209.294,23.155,0.933,102.019,36.119,2.485
d159fa49-fc1f-4a40-8b4a-57c40501fa8c,2026-04-25T17:21:50.052509-04:00,node-01,orders-api,500,True,normal,market_aware_v1,66.874,55.479,211.715,30.407,0.807,104.552,70.786,2.277
7ffcb958-adb6-4ad0-b64f-6c7f2ae432c6,2026-04-25T17:21:50.063044-04:00,node-01,checkout-api,502,True,normal,market_aware_v1,64.568,56.018,222.798,28.202,1.046,109.306,45.604,2.717
b028a689-4af2-497c-bcd8-f27b30a1fbb4,2026-04-25T17:21:50.073572-04:00,node-01,payments-api,429,True,normal,market_aware_v1,64.864,58.218,243.464,26.146,1.009,114.177,34.706,2.758
05ef2719-26fe-4fb8-8ee2-10ee86219b09,2026-04-25T17:21:50.084047-04:00,node-01,orders-api,502,True,normal,market_aware_v1,66.518,54.396,226.948,31.44,1.08,117.615,71.98,2.928
c5c76b49-ca4d-4356-9436-2c0e4d5bbffa,2026-04-25T17:21:50.094525-04:00,node-01,checkout-api,503,True,normal,market_aware_v1,70.677,55.219,240.073,30.645,1.136,108.559,60.946,2.837
9d61e262-2294-4f43-a933-e4f7f2c1d418,2026-04-25T17:21:50.104976-04:00,node-01,payments-api,503,True,normal,market_aware_v1,60.573,56.463,233.351,26.387,1.005,110.275,37.371,2.724
9b774472-54fc-4301-945c-029d887086f2,2026-04-25T17:21:50.115399-04:00,node-01,orders-api,429,True,normal,market_aware_v1,63.498,53.506,220.795,34.256,0.891,110.039,75.135,2.414
f6176163-3bb1-403b-b160-5f66b7a29841,2026-04-25T17:21:50.125845-04:00,node-01,checkout-api,500,True,normal,market_aware_v1,71.817,54.801,223.454,29.215,0.973,105.256,53.122,2.545
e1fc3e6a-59d1-4483-b289-969faf783f81,2026-04-25T17:21:50.136303-04:00,node-01,payments-api,502,True,normal,market_aware_v1,62.682,57.914,217.834,26.821,0.977,106.837,41.898,2.616
ebe0be67-4ee3-405b-9b8b-d52710de877e,2026-04-25T17:21:50.146813-04:00,node-01,orders-api,502,True,normal,market_aware_v1,70.964,57.058,214.065,32.024,0.836,100.73,78.934,2.251
c726a50f-43e6-4039-ad4b-3b7f833bc591,2026-04-25T17:21:50.157257-04:00,node-01,checkout-api,503,True,normal,market_aware_v1,68.394,51.643,234.691,31.507,1.109,119.908,53.006,2.932
e1a07b30-d5ae-44bd-954b-0fec063fca4e,2026-04-25T17:21:50.167768-04:00,node-01,payments-api,500,True,normal,market_aware_v1,65.639,60.236,244.036,27.287,0.959,115.019,38.071,2.739
46129e7c-fa89-4465-81f5-aa922e8b48d0,2026-04-25T17:21:50.178268-04:00,node-01,orders-api,502,True,anomalous,market_aware_v1,70.762,52.629,234.603,31.691,1.044,120.392,71.215,2.772
4a0fcb2c-7479-4105-89ec-17971acce063,2026-04-25T17:21:50.188806-04:00,node-01,checkout-api,503,True,normal,market_aware_v1,67.076,54.285,225.717,29.108,1.145,112.967,57.536,2.996
ace3e70d-1af5-4720-858c-5156e288fb06,2026-04-25T17:21:50.199250-04:00,node-01,payments-api,502,True,normal,market_aware_v1,61.888,55.068,244.697,26.145,0.972,110.323,37.643,2.685
513ccb03-ee96-4ffa-9759-d931dc067f0b,2026-04-25T17:21:50.209702-04:00,node-01,orders-api,502,True,anomalous,market_aware_v1,71.613,55.67,218.559,33.64,1.228,111.935,67.479,2.901
8b31d30c-743d-4de2-991b-07d35ad13961,2026-04-25T17:21:50.220227-04:00,node-01,checkout-api,502,True,anomalous,market_aware_v1,68.314,58.945,246.406,33.057,1.464,119.9,46.788,3.46
21e21131-6f39-4c80-9435-561e75dc71a1,2026-04-25T17:21:50.230744-04:00,node-01,payments-api,503,True,anomalous,market_aware_v1,63.8,59.243,251.385,26.872,1.358,117.933,31.402,3.357
c9a5632d-ff90-4de3-aa01-250ac87689a4,2026-04-25T17:21:50.241199-04:00,node-01,orders-api,500,True,normal,market_aware_v1,70.945,52.563,208.552,30.054,0.797,100.433,80.078,2.3
532c9274-ef05-41a8-9395-a85559688979,2026-04-25T17:21:50.251699-04:00,node-01,checkout-api,429,True,normal,market_aware_v1,58.679,56.596,219.648,30.237,1.039,104.873,53.185,2.641
0856a895-5248-455e-b450-4b52cb82b269,2026-04-25T17:21:50.262153-04:00,node-01,payments-api,502,True,normal,market_aware_v1,56.685,59.305,235.887,23.898,0.95,110.168,36.799,2.671
a7b3eee1-35e0-480c-9af2-0cf079687e93,2026-04-25T17:21:50.272637-04:00,node-01,orders-api,502,True,normal,market_aware_v1,62.439,48.982,202.747,30.571,0.817,105.339,75.657,2.343
02a49f76-a7c5-4905-ae66-a3216bf90b8d,2026-04-25T17:21:50.283083-04:00,node-01,checkout-api,429,True,normal,market_aware_v1,64.127,56.129,227.997,28.463,1.084,106.315,47.073,2.66
08119a71-1f3b-4b4d-9f6d-d32aec16c704,2026-04-25T17:21:50.293573-04:00,node-01,payments-api,502,True,anomalous,market_aware_v1,63.211,58.718,245.169,28.167,1.477,122.488,25.67,3.6
a8b8b860-ed33-4fb9-9eae-738f8187550b,2026-04-25T17:21:50.304027-04:00,node-01,orders-api,503,True,normal,market_aware_v1,66.278,49.905,217.121,28.654,0.881,102.588,76.007,2.399
c533ef0d-ea1c-4778-ae88-0650a39ef14a,2026-04-25T17:21:50.314560-04:00,node-01,checkout-api,429,True,normal,market_aware_v1,61.412,53.975,215.571,28.677,1.07,108.133,49.615,2.718
2ac3eb91-1e97-49e2-9a87-2e513595dc5f,2026-04-25T17:21:50.325018-04:00,node-01,payments-api,500,True,normal,market_aware_v1,58.695,56.213,234.646,26.421,0.977,109.846,35.834,2.66
01fde153-c1c7-4bd8-a97f-538359d2262a,2026-04-25T17:21:50.335532-04:00,node-01,orders-api,503,True,normal,market_aware_v1,63.113,49.052,214.07,29.685,0.858,111.249,66.016,2.373
ff8b575a-52d6-40fb-a22e-8e48a6c26308,2026-04-25T17:21:50.346018-04:00,node-01,checkout-api,429,True,normal,market_aware_v1,58.903,55.497,209.658,26.505,0.948,101.102,52.394,2.409
6cae612b-e823-40f1-888d-70682d3e5e13,2026-04-25T17:21:50.356534-04:00,node-01,payments-api,503,True,normal,market_aware_v1,58.988,56.668,228.869,24.353,1.035,109.147,36.311,2.627
53367d54-c9b0-44e2-8171-c8d536f0441c,2026-04-25T17:21:50.367016-04:00,node-01,orders-api,502,True,normal,market_aware_v1,61.446,50.769,207.241,28.642,0.802,104.463,73.341,2.185
41dd9b11-5bfc-40a4-8608-b09e7446a576,2026-04-25T17:21:50.377548-04:00,node-01,checkout-api,500,True,normal,market_aware_v1,62.71,52.294,236.72,27.772,1.061,112.203,49.851,2.776
333595ff-32e3-40ba-9fe8-8f80692821cd,2026-04-25T17:21:50.388027-04:00,node-01,payments-api,500,True,normal,market_aware_v1,59.519,54.639,233.33,25.615,1.01,112.016,32.323,2.772
b77917f8-43e6-4904-87e5-f0a72a529ada,2026-04-25T17:21:50.398523-04:00,node-01,orders-api,503,True,normal,market_aware_v1,67.199,52.066,200.692,32.122,0.874,108.332,68.572,2.542
16480b52-6d25-46ac-93ac-96fba5e888ad,2026-04-25T17:21:50.409014-04:00,node-01,checkout-api,502,True,normal,market_aware_v1,64.57,56.06,218.533,27.435,1.025,108.076,49.802,2.723
25d546ab-e776-42ae-9fbe-4b5db5ab7379,2026-04-25T17:21:50.419555-04:00,node-01,payments-api,500,True,normal,market_aware_v1,59.358,56.985,224.974,26.301,1.035,108.744,41.577,2.598
970f734b-0c46-420b-90df-70f4086a4046,2026-04-25T17:21:50.430029-04:00,node-01,orders-api,503,True,anomalous,market_aware_v1,66.116,57.56,205.107,34.939,1.2,110.622,72.6,2.855
13ae0d29-2686-4bcf-99e3-3fa3e907823a,2026-04-25T17:21:50.440541-04:00,node-01,checkout-api,503,True,normal,market_aware_v1,67.554,56.028,229.171,28.874,1.084,104.002,58.856,2.553
e4fa6ce9-79f4-46a2-982f-09b6d8cab3e9,2026-04-25T17:21:50.450991-04:00,node-01,payments-api,503,True,normal,market_aware_v1,64.726,60.321,247.127,26.513,1.019,118.546,40.978,2.721
2fe50461-76ef-4ee3-86e4-25abb7dbe626,2026-04-25T17:21:50.461526-04:00,node-01,orders-api,502,True,normal,market_aware_v1,68.836,52.237,211.015,33.454,0.906,109.922,73.739,2.543
6b5750fa-c3de-4bb3-9886-07334a4353d1,2026-04-25T17:21:50.471992-04:00,node-01,checkout-api,502,True,normal,market_aware_v1,67.153,54.862,209.582,29.102,0.96,104.447,57.168,2.501
e6694882-df10-4ebc-866f-af5ac962352f,2026-04-25T17:21:50.482498-04:00,node-01,payments-api,500,True,normal,market_aware_v1,66.968,60.844,237.553,25.544,0.996,117.823,42.52,2.906
91661858-cc82-4614-add6-2838ffe1f761,2026-04-25T17:21:50.492968-04:00,node-01,orders-api,500,True,normal,market_aware_v1,69.659,57.737,207.801,30.725,0.886,105.481,79.698,2.338
64c31cd1-07a3-4d0b-b0b0-a86da970125e,2026-04-25T17:21:50.503464-04:00,node-01,checkout-api,500,True,normal,market_aware_v1,72.843,57.387,239.284,30.611,1.087,112.776,57.785,2.905
167c3f10-1b29-4254-9a08-9a27c69fe588,2026-04-25T17:21:50.513935-04:00,node-01,payments-api,502,True,normal,market_aware_v1,66.307,61.453,241.044,26.664,1.061,114.937,39.24,2.747
b20e3b8c-2a5c-4baf-ac0e-2d91dbe693ee,2026-04-25T17:21:50.524434-04:00,node-01,orders-api,429,True,normal,market_aware_v1,71.76,57.259,216.45,34.09,0.885,109.963,75.294,2.487
baa7d767-4294-429d-99dc-32c3951fe03c,2026-04-25T17:21:50.534940-04:00,node-01,checkout-api,503,True,normal,market_aware_v1,70.515,59.095,239.063,28.019,1.115,115.237,57.647,2.883
49d9949e-1c6b-4a87-bef6-4833fb5dd458,2026-04-25T17:21:50.545364-04:00,node-01,payments-api,500,True,normal,market_aware_v1,61.722,59.931,227.676,27.17,1.041,106.828,47.578,2.701
1bbd5689-46e5-42bc-955a-725f8f7895c2,2026-04-25T17:21:50.555885-04:00,node-01,orders-api,502,True,normal,market_aware_v1,71.779,58.343,210.411,32.665,0.751,98.394,80.184,2.248
daa8d42c-bfa6-49d9-ba70-80bb3347f971,2026-04-25T17:21:50.566416-04:00,node-01,checkout-api,429,True,normal,market_aware_v1,72.479,57.784,233.295,30.192,1.121,111.989,53.663,2.865
3ab82071-2586-4558-8024-c7906bb7fc94,2026-04-25T17:21:50.576930-04:00,node-01,payments-api,502,True,anomalous,market_aware_v1,64.167,58.298,231.248,28.681,1.137,122.056,42.054,3.056
917c62ed-db2e-4a55-b593-0a91184a2a86,2026-04-25T17:21:50.587423-04:00,node-01,orders-api,500,True,anomalous,market_aware_v1,71.945,54.669,241.126,32.053,1.097,122.39,70.92,2.904
554a8b34-5f8a-4b97-a879-2539c3c67b21,2026-04-25T17:21:50.597902-04:00,node-01,checkout-api,503,True,normal,market_aware_v1,66.576,56.588,234.271,31.461,1.05,106.972,54.517,2.746
8587bb4f-15fc-49b4-a139-60c2486805c0,2026-04-25T17:21:50.608391-04:00,node-01,payments-api,502,True,normal,market_aware_v1,64.901,63.577,228.778,25.995,1.028,107.478,45.727,2.706
ca31169f-4f79-4993-9d67-e022679ecc91,2026-04-25T17:21:50.618857-04:00,node-01,orders-api,429,True,anomalous,market_aware_v1,71.032,58.15,230.033,33.768,1.21,108.045,69.178,2.966
638117d7-b04c-4941-9bfb-4a2f84edf725,2026-04-25T17:21:50.629403-04:00,node-01,checkout-api,503,True,normal,market_aware_v1,64.62,55.289,221.756,28.166,1.113,110.36,50.655,2.668
89e19559-2bb7-452d-828d-13d4a01fb7e7,2026-04-25T17:21:50.639903-04:00,node-01,payments-api,500,True,normal,market_aware_v1,57.566,57.122,223.475,26.594,0.917,106.16,38.41,2.454
eaff041d-6dd1-4f9e-85bb-255bccd7a401,2026-04-25T17:21:50.650403-04:00,node-01,orders-api,500,True,normal,market_aware_v1,69.857,52.313,207.135,30.074,0.815,102.529,74.634,2.294
68e456df-97e0-407f-a7f7-c3c7966280bd,2026-04-25T17:21:50.660881-04:00,node-01,checkout-api,429,True,normal,market_aware_v1,63.427,55.231,223.309,27.694,1.093,105.865,50.767,2.747
df8968e7-847a-449d-a64e-aa45586e9460,2026-04-25T17:21:50.671395-04:00,node-01,payments-api,502,True,normal,market_aware_v1,56.076,55.554,224.787,24.536,0.977,114.36,34.266,2.748
4b17dbba-b85f-47f6-82f6-9b0461c608b5,2026-04-25T17:21:50.681898-04:00,node-01,orders-api,500,True,normal,market_aware_v1,65.551,47.985,214.455,29.751,0.987,109.026,65.384,2.41
2f482b85-875c-4122-a6fb-6560ad82e5f9,2026-04-25T17:21:50.692413-04:00,node-01,checkout-api,500,True,normal,market_aware_v1,60.297,52.367,218.288,28.222,0.985,103.321,44.959,2.403
18e9d239-5fe7-41d5-b731-57809871d44f,2026-04-25T17:21:50.702869-04:00,node-01,payments-api,429,True,normal,market_aware_v1,55.03,50.99,235.467,23.187,0.932,115.843,31.189,2.704
3e200038-ec1a-4222-8ea5-16dcae9a1a54,2026-04-25T17:21:50.713312-04:00,node-01,orders-api,502,True,normal,market_aware_v1,61.226,48.198,198.878,30.575,0.786,102.01,69.551,2.273
6444507b-51cf-4a7b-acdd-d94badf80e72,2026-04-25T17:21:50.723894-04:00,node-01,checkout-api,429,True,normal,market_aware_v1,59.755,55.43,231.955,26.678,1.049,106.653,36.165,2.814
e60a75ee-524d-40d3-8984-28e5ed87a7c7,2026-04-25T17:21:50.734420-04:00,node-01,payments-api,502,True,normal,market_aware_v1,57.084,53.819,235.496,25.045,1.079,112.366,28.212,2.757
8f7dbbae-078c-40a0-82a1-a7159c8e70a5,2026-04-25T17:21:50.744883-04:00,node-01,orders-api,500,True,normal,market_aware_v1,64.579,50.651,222.047,29.253,0.914,115.241,69.909,2.699
d114178e-afba-4706-97a7-d5f1f9ddd406,2026-04-25T17:21:50.755437-04:00,node-01,checkout-api,429,True,normal,market_aware_v1,56.489,51.995,224.915,25.946,1.045,109.462,43.093,2.739
058f459e-435b-42e3-b214-c213d3b70331,2026-04-25T17:21:50.765952-04:00,node-01,payments-api,502,True,normal,market_aware_v1,54.52,54.395,241.489,25.332,1.063,115.339,38.685,2.841
da19afe4-6e9a-45be-b21d-e7f798503823,2026-04-25T17:21:50.776480-04:00,node-01,orders-api,502,True,normal,market_aware_v1,59.277,47.707,214.765,28.712,0.88,106.236,64.179,2.551
7d7dc884-5f9c-484b-bd68-530b06c75375,2026-04-25T17:21:50.786952-04:00,node-01,checkout-api,429,True,normal,market_aware_v1,59.919,50.034,214.775,27.593,1.104,111.109,43.742,2.848
023fe350-6bf6-4735-b0bf-f0ca2f1a38d1,2026-04-25T17:21:50.797463-04:00,node-01,payments-api,500,True,normal,market_aware_v1,57.55,56.416,237.054,25.087,1.111,114.6,26.846,2.932
d19a0ef3-8664-476f-b584-cedecf3a6db8,2026-04-25T17:21:50.807891-04:00,node-01,orders-api,503,True,normal,market_aware_v1,63.046,48.604,214.065,29.241,0.93,110.246,67.19,2.552
77ef03bf-fefd-4237-86f8-624445966b7f,2026-04-25T17:21:50.818645-04:00,node-01,checkout-api,500,True,anomalous,market_aware_v1,66.077,52.143,245.624,27.447,1.219,115.303,46.89,3.253
cbf745bc-307d-4e29-9292-6039c7c997b0,2026-04-25T17:21:50.829150-04:00,node-01,payments-api,502,True,normal,market_aware_v1,61.052,52.315,242.992,26.156,0.993,108.777,34.112,2.678
478d2a87-bb37-4736-9789-f1e38d70230e,2026-04-25T17:21:50.839658-04:00,node-01,orders-api,500,True,normal,market_aware_v1,62.149,48.607,205.017,29.975,0.95,110.699,67.13,2.607
3b74eae6-15cb-4bbf-9890-2fa08423958f,2026-04-25T17:21:50.850253-04:00,node-01,checkout-api,502,True,normal,market_aware_v1,61.807,57.838,235.336,27.214,1.142,115.332,45.146,2.922
57a5db8e-ca4d-49a8-ab99-6bbadaaede63,2026-04-25T17:21:50.861012-04:00,node-01,payments-api,502,True,normal,market_aware_v1,60.586,56.789,229.988,25.759,1.049,108.956,40.926,2.793
1cdb5949-bb1d-44a0-b388-c0ec08e55eae,2026-04-25T17:21:50.871645-04:00,node-01,orders-api,429,True,normal,market_aware_v1,67.387,49.91,205.374,30.211,0.859,103.175,71.473,2.376
d596dfd4-e6c1-464e-a5fd-4d2af2c05fa5,2026-04-25T17:21:50.882206-04:00,node-01,checkout-api,502,True,normal,market_aware_v1,63.562,56.01,223.713,31.711,1.036,113.169,52.392,2.783
b962e658-dc9c-4233-aead-922c64c85f65,2026-04-25T17:21:50.892717-04:00,node-01,payments-api,429,True,normal,market_aware_v1,63.504,56.323,234.966,26.241,0.974,111.866,41.165,2.685
4094ead1-ef2a-4fb3-acdc-3b511f68e339,2026-04-25T17:21:50.903304-04:00,node-01,orders-api,500,True,anomalous,market_aware_v1,69.021,56.749,249.358,33.552,1.182,125.801,79.426,3.376
a919f8af-ea9a-47e1-9555-7378527558d3,2026-04-25T17:21:50.913916-04:00,node-01,checkout-api,500,True,anomalous,market_aware_v1,69.233,60.587,244.981,30.844,1.486,122.777,46.959,3.521
021ebe06-1326-46ce-97ad-117996c02a29,2026-04-25T17:21:50.924499-04:00,node-01,payments-api,502,True,normal,market_aware_v1,61.845,55.174,233.359,23.144,1.0,109.871,43.43,2.772
b3e7d180-8c70-47f4-9961-738f8bdda4a9,2026-04-25T17:21:50.934919-04:00,node-01,orders-api,429,True,normal,market_aware_v1,70.074,53.686,219.103,33.243,0.993,115.284,72.367,2.727
1b28bcd3-1b07-4ae7-8032-fdae46378811,2026-04-25T17:21:50.945395-04:00,node-01,checkout-api,503,True,normal,market_aware_v1,66.145,55.207,212.982,29.208,1.125,104.159,57.183,2.705
3738f3d3-0b3d-4b63-9797-024bd6b7076b,2026-04-25T17:21:50.955854-04:00,node-01,payments-api,502,True,normal,market_aware_v1,63.097,58.49,232.831,29.543,1.079,110.469,42.152,2.714
f0d5b274-7228-47b6-a364-90934522d47f,2026-04-25T17:21:50.966327-04:00,node-01,orders-api,503,True,normal,market_aware_v1,69.554,52.214,209.347,33.219,0.833,108.184,79.511,2.349
79dd506e-0c8b-466e-88be-1425cef390fb,2026-04-25T17:21:50.976843-04:00,node-01,checkout-api,429,True,normal,market_aware_v1,69.386,57.971,245.222,28.573,1.17,115.132,52.68,2.972
9f84c4dd-f6e0-457a-a334-c460832b5b6b,2026-04-25T17:21:50.987335-04:00,node-01,payments-api,503,True,normal,market_aware_v1,61.295,58.463,228.563,27.134,0.877,100.282,44.63,2.359
a9e10eef-1578-4a77-a12f-6c332f46cf4d,2026-04-25T17:21:50.997793-04:00,node-01,orders-api,502,True,normal,market_aware_v1,70.153,51.609,232.257,30.136,1.021,113.701,69.002,2.627
421fb7f2-2754-4163-b839-2566412b445d,2026-04-25T17:21:51.008336-04:00,node-01,checkout-api,503,True,anomalous,market_aware_v1,69.078,56.208,246.598,31.096,1.302,117.688,48.711,3.467
ac692155-dff8-4d1f-b735-4e4abe944a88,2026-04-25T17:21:51.018801-04:00,node-01,payments-api,503,True,normal,market_aware_v1,58.334,59.441,233.541,26.113,1.026,107.88,43.711,2.626
e2e41d2a-899e-47d7-8cee-f2789d8aea07,2026-04-25T17:21:51.029288-04:00,node-01,orders-api,500,True,normal,market_aware_v1,66.368,51.798,205.201,30.91,0.915,110.267,67.751,2.486
577c27f8-c7bf-4a2a-9915-583ed8d192bd,2026-04-25T17:21:51.039742-04:00,node-01,checkout-api,429,True,normal,market_aware_v1,66.07,55.325,222.903,28.31,1.033,107.218,45.508,2.682
36373f11-2aba-48a3-9ae4-b76a3149edf0,2026-04-25T17:21:51.050217-04:00,node-01,payments-api,503,True,normal,market_aware_v1,62.815,58.588,251.772,26.112,1.168,118.714,31.448,2.955
2218a2e6-4a5b-4f5e-a613-3ea039f05a2b,2026-04-25T17:21:51.060646-04:00,node-01,orders-api,500,True,normal,market_aware_v1,68.176,50.823,221.785,30.341,0.852,106.278,67.283,2.425
146108e2-24fa-4016-b8ae-2c1605b4193e,2026-04-25T17:21:51.071161-04:00,node-01,checkout-api,500,True,normal,market_aware_v1,61.325,53.832,230.221,25.802,1.055,108.976,42.947,2.772
1a82444a-360a-4946-89fc-5623dc20b0fd,2026-04-25T17:21:51.081630-04:00,node-01,payments-api,500,True,normal,market_aware_v1,59.906,57.772,254.957,27.062,1.037,116.584,27.337,2.914
8cb8749e-f468-491e-afc8-fb881fa44d1a,2026-04-25T17:21:51.092108-04:00,node-01,orders-api,502,True,normal,market_aware_v1,65.978,50.747,212.477,32.444,0.885,103.34,68.942,2.367
9a45f9ba-1f6f-4133-b7b0-c0c192f67349,2026-04-25T17:21:51.102582-04:00,node-01,checkout-api,503,True,normal,market_aware_v1,64.322,52.165,230.08,28.491,0.958,104.174,48.1,2.714
3a583ae2-e8ee-4ad4-8d6e-8ab4d40aad93,2026-04-25T17:21:51.113063-04:00,node-01,payments-api,429,True,normal,market_aware_v1,56.411,56.39,235.07,26.311,0.964,112.627,28.002,2.649
ac9244b6-be8a-4622-8ae4-fd9724c14873,2026-04-25T17:21:51.123468-04:00,node-01,orders-api,502,True,normal,market_aware_v1,66.024,50.558,223.305,32.335,0.934,111.302,67.365,2.646
ad00caf4-b087-4054-af8b-0ac27a3481e4,2026-04-25T17:21:51.133937-04:00,node-01,checkout-api,502,True,normal,market_aware_v1,66.728,53.757,238.792,28.611,1.079,109.918,43.135,2.829
4f60ad58-6a65-426a-ae3b-8adacff751b2,2026-04-25T17:21:51.144399-04:00,node-01,payments-api,502,True,normal,market_aware_v1,60.46,55.743,231.708,24.836,0.964,106.968,37.301,2.636
52904a8f-b866-480b-8d75-53790d9c3f28,2026-04-25T17:21:51.154859-04:00,node-01,orders-api,502,True,normal,market_aware_v1,72.013,50.131,213.216,29.413,0.93,108.676,65.311,2.491
7a9c90a1-33e7-45d7-bc82-f1f8207690e4,2026-04-25T17:21:51.165335-04:00,node-01,checkout-api,502,True,normal,market_aware_v1,57.921,53.962,215.945,27.598,1.015,106.756,53.669,2.724
df266962-b584-42bb-ae84-6eca095140c1,2026-04-25T17:21:51.175871-04:00,node-01,payments-api,500,True,normal,market_aware_v1,63.159,57.545,234.677,24.336,1.021,116.28,40.885,2.883
326bb76f-a629-458a-928a-9a248f35b1ef,2026-04-25T17:21:51.186366-04:00,node-01,orders-api,502,True,normal,market_aware_v1,68.148,55.376,206.932,29.986,0.781,100.413,71.955,2.125
dea5143d-2570-40b2-95c3-6ce4e051ba6d,2026-04-25T17:21:51.196922-04:00,node-01,checkout-api,500,True,normal,market_aware_v1,63.842,56.555,237.328,26.978,1.085,117.479,48.278,2.931
72adfef5-25e5-440a-9820-3b16ba631d12,2026-04-25T17:21:51.207424-04:00,node-01,payments-api,503,True,normal,market_aware_v1,65.86,55.902,255.544,27.042,1.044,118.254,36.511,2.955
fd1e214f-84b5-4c37-b21c-b7af3475e8b1,2026-04-25T17:21:51.217842-04:00,node-01,orders-api,429,True,normal,market_aware_v1,68.173,53.423,221.853,32.263,1.092,118.21,62.72,2.784
42252010-f4f2-4ad0-95e2-69cc0a05984a,2026-04-25T17:21:51.228328-04:00,node-01,checkout-api,429,True,normal,market_aware_v1,62.568,55.9,226.209,29.538,1.149,110.48,57.218,2.776
5471f605-a827-46b1-985f-e6997851e454,2026-04-25T17:21:51.238850-04:00,node-01,payments-api,500,True,normal,market_aware_v1,63.824,57.665,241.892,28.497,1.046,109.814,42.897,2.714
e8531c9f-6150-44cb-a558-dff886912f77,2026-04-25T17:21:51.249321-04:00,node-01,orders-api,500,True,normal,market_aware_v1,67.887,51.731,217.936,33.921,0.827,111.971,78.738,2.456
b43912b7-0d2b-42f8-b8ad-8ba679ecaed6,2026-04-25T17:21:51.259875-04:00,node-01,checkout-api,429,True,anomalous,market_aware_v1,70.682,57.677,240.834,31.844,1.423,120.463,43.445,3.547
134e04a6-2d76-4623-a512-f4927e4f0a05,2026-04-25T17:21:51.270407-04:00,node-01,payments-api,503,True,normal,market_aware_v1,67.201,60.17,245.128,27.359,1.019,112.578,42.572,2.789
9967d6cb-cd9c-4dfa-9b56-e93261ce2542,2026-04-25T17:21:51.280912-04:00,node-01,orders-api,429,True,normal,market_aware_v1,72.04,55.354,234.687,33.573,1.114,119.507,78.569,2.866
62ffd0aa-83bb-4640-812b-68df90614c7f,2026-04-25T17:21:51.291422-04:00,node-01,checkout-api,429,True,normal,market_aware_v1,71.693,62.348,237.085,29.401,1.104,114.139,49.333,2.883
bb75101b-d442-4179-b5fd-ab36fd27f507,2026-04-25T17:21:51.301916-04:00,node-01,payments-api,500,True,normal,market_aware_v1,64.477,61.502,235.38,28.368,1.009,114.969,42.062,2.9
2dc1110b-e9d5-4bce-905a-90f996f495c2,2026-04-25T17:21:51.312453-04:00,node-01,orders-api,503,True,normal,market_aware_v1,69.476,54.327,201.064,32.196,0.842,105.097,86.576,2.385
82734c6e-d7e0-45ce-a65d-d8351fd40d39,2026-04-25T17:21:51.322912-04:00,node-01,checkout-api,429,True,normal,market_aware_v1,71.551,59.526,232.425,31.043,1.151,115.307,52.96,2.947
c92c08b8-00f4-42e8-b5f5-237473616916,2026-04-25T17:21:51.333427-04:00,node-01,payments-api,503,True,normal,market_aware_v1,67.262,63.725,245.111,28.364,1.082,117.286,38.647,2.878
7da466f2-cf8f-46d7-ab83-cabea82db1e9,2026-04-25T17:21:51.343925-04:00,node-01,orders-api,502,True,normal,market_aware_v1,69.454,53.891,209.762,32.903,0.822,106.117,80.79,2.329
3c37fb1c-c8a4-41cf-bf17-204e7730c248,2026-04-25T17:21:51.354425-04:00,node-01,checkout-api,503,True,normal,market_aware_v1,68.514,59.973,234.653,29.987,1.174,115.057,57.22,2.809
1930fcd5-aec5-4931-9d21-2ca13209e575,2026-04-25T17:21:51.364925-04:00,node-01,payments-api,429,True,normal,market_aware_v1,64.499,61.483,243.07,28.095,0.993,110.663,46.53,2.638
edf90355-658c-4200-9e76-c17a4ade2e98,2026-04-25T17:21:51.375366-04:00,node-01,orders-api,502,True,anomalous,market_aware_v1,71.744,56.262,225.547,30.487,1.041,120.164,70.535,2.751
ebe3fddb-abd3-4124-9688-d38459a59ea6,2026-04-25T17:21:51.385773-04:00,node-01,checkout-api,502,True,normal,market_aware_v1,65.929,58.542,220.883,29.49,0.94,109.019,54.627,2.606
8475dbd3-8d3a-4edf-bd85-001840ae4aeb,2026-04-25T17:21:51.396164-04:00,node-01,payments-api,429,True,normal,market_aware_v1,63.244,60.294,241.519,27.589,1.018,114.621,39.246,2.771
dee707e7-b334-49da-9831-a7acffc84a50,2026-04-25T17:21:51.406626-04:00,node-01,orders-api,429,True,normal,market_aware_v1,66.574,54.995,219.121,28.912,1.017,115.275,75.605,2.766
569dd5c5-4114-4c7b-a5d7-9936a6929a20,2026-04-25T17:21:51.417084-04:00,node-01,checkout-api,429,True,normal,market_aware_v1,61.787,55.056,223.991,29.391,1.09,104.744,48.128,2.668
58986e3e-680f-49fb-8731-e18515f616aa,2026-04-25T17:21:51.427599-04:00,node-01,payments-api,500,True,normal,market_aware_v1,63.105,58.017,250.128,26.323,1.031,113.918,26.881,2.802
c470428d-6eb5-444e-8a2e-2f49b7aee279,2026-04-25T17:21:51.438058-04:00,node-01,orders-api,503,True,normal,market_aware_v1,69.213,52.149,221.751,30.41,1.023,111.632,72.496,2.732
5a90cacc-07ef-40ba-afd1-b457f0880034,2026-04-25T17:21:51.448562-04:00,node-01,checkout-api,503,True,normal,market_aware_v1,64.755,53.058,241.191,25.92,1.094,117.503,41.683,3.01
4ef2623f-1baa-40d9-8300-37a2e780a82f,2026-04-25T17:21:51.459025-04:00,node-01,payments-api,500,True,normal,market_aware_v1,60.841,54.937,245.917,27.332,1.089,118.412,31.701,2.93
a3e82174-684e-4671-8d4a-665a753ebcdd,2026-04-25T17:21:51.469541-04:00,node-01,orders-api,503,True,normal,market_aware_v1,64.181,49.494,209.61,31.219,0.824,109.864,65.732,2.442
24e383de-7bad-4c31-ada0-f902dd687dff,2026-04-25T17:21:51.480010-04:00,node-01,checkout-api,500,True,normal,market_aware_v1,57.443,52.443,229.401,30.738,1.087,111.462,43.171,2.777
750c9fed-76d8-41d8-8bcb-24f9ab39a63b,2026-04-25T17:21:51.490557-04:00,node-01,payments-api,503,True,anomalous,market_aware_v1,57.234,55.174,253.105,26.895,1.107,120.982,30.569,3.031
4c02ed63-a1de-4b36-97b9-a0257c9788f2,2026-04-25T17:21:51.500997-04:00,node-01,orders-api,503,True,normal,market_aware_v1,62.388,50.464,201.08,30.186,0.899,104.098,70.118,2.243
67a3a688-2e45-4528-9553-50bd19ef4a0b,2026-04-25T17:21:51.511513-04:00,node-01,checkout-api,429,True,normal,market_aware_v1,58.748,50.493,218.131,28.572,0.964,101.396,40.15,2.41
a502b403-5fc7-4a05-9593-77eb726af7b1,2026-04-25T17:21:51.521972-04:00,node-01,payments-api,503,True,anomalous,market_aware_v1,57.227,56.319,248.488,27.049,1.293,118.087,20.655,3.269
61561e33-3514-4888-8a50-69800a4a9b44,2026-04-25T17:21:51.532403-04:00,node-01,orders-api,500,True,normal,market_aware_v1,61.081,48.21,197.4,29.793,0.76,107.044,60.473,2.267
218e68e3-f934-44f1-9711-9b25ab8bac33,2026-04-25T17:21:51.542896-04:00,node-01,checkout-api,502,True,normal,market_aware_v1,59.963,52.696,226.412,27.495,1.166,112.767,45.615,2.921
02b9c13c-8760-4f87-bae4-404c8c7eeb9b,2026-04-25T17:21:51.553365-04:00,node-01,payments-api,429,True,normal,market_aware_v1,56.771,51.936,237.478,24.329,0.847,106.768,26.354,2.552
6b941384-f121-49e3-920d-a727a8532df4,2026-04-25T17:21:51.563880-04:00,node-01,orders-api,429,True,normal,market_aware_v1,64.204,46.822,214.129,30.149,0.943,110.423,63.487,2.463
fe4c8123-1ad9-4c5b-9658-d65c1b866db9,2026-04-25T17:21:51.574402-04:00,node-01,checkout-api,429,True,normal,market_aware_v1,61.905,53.336,236.162,25.94,0.995,107.663,45.112,2.72
05d1020b-1fe1-4a0d-ba0e-089f0538eb0c,2026-04-25T17:21:51.584899-04:00,node-01,payments-api,429,True,anomalous,market_aware_v1,61.278,55.911,244.934,24.875,1.147,122.318,33.269,3.053
d995aab1-6f8f-4f6a-b1c5-0e7e6a6cc634,2026-04-25T17:21:51.595350-04:00,node-01,orders-api,502,True,normal,market_aware_v1,63.192,50.973,216.406,29.572,0.855,108.42,67.111,2.401
f6e0cd05-2240-4c0b-b6a8-32afa43fdd77,2026-04-25T17:21:51.605883-04:00,node-01,checkout-api,503,True,normal,market_aware_v1,63.778,55.604,238.17,27.636,1.104,111.365,41.04,2.781
85c78c93-ba23-44a4-a13f-763c2e7ff01c,2026-04-25T17:21:51.616336-04:00,node-01,payments-api,502,True,normal,market_aware_v1,60.118,55.534,245.599,23.695,1.046,118.648,30.669,2.822
38cf2c00-7cde-4867-8fa0-0c85ce2b49d6,2026-04-25T17:21:51.626878-04:00,node-01,orders-api,502,True,normal,market_aware_v1,66.3,49.317,209.184,29.805,0.819,100.134,75.646,2.274
85af90fe-6693-4659-8f45-a401cba42bae,2026-04-25T17:21:51.637336-04:00,node-01,checkout-api,500,True,normal,market_aware_v1,67.755,53.875,241.034,29.122,1.125,119.812,43.289,3.088
1a7a4aa8-b171-409e-bcd0-c783c139d5a2,2026-04-25T17:21:51.647821-04:00,node-01,payments-api,503,True,normal,market_aware_v1,57.433,54.242,245.264,25.324,1.049,114.286,34.972,2.877
297fa6aa-d0f4-4841-b92a-7a1d96a9a7b1,2026-04-25T17:21:51.658323-04:00,node-01,orders-api,429,True,normal,market_aware_v1,68.228,52.117,219.413,31.67,0.969,112.448,71.248,2.477
3ae19a63-a339-4fa5-918a-0ab90b53d0ce,2026-04-25T17:21:51.668873-04:00,node-01,checkout-api,500,True,normal,market_aware_v1,65.409,53.386,223.569,27.98,1.174,118.093,44.152,3.123
64f5fc4f-1ba1-464f-94fb-da296b79c201,2026-04-25T17:21:51.679351-04:00,node-01,payments-api,502,True,normal,market_aware_v1,66.361,54.013,240.616,26.351,1.039,115.204,40.693,2.773
80ce92b3-2544-487c-b141-70a691a43f5b,2026-04-25T17:21:51.689883-04:00,node-01,orders-api,500,True,normal,market_aware_v1,69.385,53.008,226.759,30.955,0.941,115.504,71.782,2.686
46197e58-3e48-47a0-a2aa-c9e1dfe1f42c,2026-04-25T17:21:51.700349-04:00,node-01,checkout-api,500,True,normal,market_aware_v1,66.275,54.826,232.647,29.087,1.092,113.123,49.178,2.84
e136207d-cbd8-48a7-9060-550846f55505,2026-04-25T17:21:51.710878-04:00,node-01,payments-api,502,True,anomalous,market_aware_v1,62.6,61.535,252.676,24.915,1.236,124.717,36.676,3.2
488884bd-e980-4743-a3fa-ede6c0ab9e2a,2026-04-25T17:21:51.721310-04:00,node-01,orders-api,503,True,normal,market_aware_v1,71.589,57.221,210.564,33.954,0.935,111.079,75.421,2.534
ee8cf56e-a14f-49f8-af15-0f33e2b67ebf,2026-04-25T17:21:51.731893-04:00,node-01,checkout-api,503,True,anomalous,market_aware_v1,72.101,64.232,241.188,33.153,1.542,118.665,40.712,3.44
b394d7ac-4d12-4bc3-98de-5570e223ea15,2026-04-25T17:21:51.742412-04:00,node-01,payments-api,429,True,normal,market_aware_v1,65.118,58.034,242.812,25.883,0.981,114.084,42.942,2.717
631be678-31fc-4a42-a292-88f3fa67cae0,2026-04-25T17:21:51.752863-04:00,node-01,orders-api,500,True,normal,market_aware_v1,68.503,54.332,209.488,31.84,0.873,107.581,75.753,2.442
0b1be527-2a56-4104-b143-92eedacfa2a0,2026-04-25T17:21:51.763352-04:00,node-01,checkout-api,503,True,normal,market_aware_v1,68.985,54.146,238.018,31.641,1.196,116.771,50.739,3.085
7ed27608-2d51-4818-bccc-8512896c02aa,2026-04-25T17:21:51.773824-04:00,node-01,payments-api,502,True,normal,market_aware_v1,65.085,58.079,233.36,26.128,0.93,112.269,43.276,2.668
d5845565-5ed6-47ab-b20f-2b566a3a40b7,2026-04-25T17:21:51.784331-04:00,node-01,orders-api,500,True,normal,market_aware_v1,67.941,55.35,209.598,30.354,0.869,107.624,77.821,2.406
2b2f0966-b1fe-4d8b-9edc-aad543b971e6,2026-04-25T17:21:51.794905-04:00,node-01,checkout-api,429,True,normal,market_aware_v1,68.353,57.313,229.84,28.711,1.069,109.713,52.415,2.77
dabf33c1-1af9-4247-a4ec-2671681b58b7,2026-04-25T17:21:51.805424-04:00,node-01,payments-api,429,True,anomalous,market_aware_v1,63.497,57.926,247.855,25.815,1.122,124.505,37.044,3.112
cba9dfdd-3226-45e8-81d9-3d239012be1e,2026-04-25T17:21:51.815896-04:00,node-01,orders-api,429,True,normal,market_aware_v1,67.499,55.343,229.226,30.077,1.009,112.623,70.92,2.7
bced4a6f-1912-46df-b933-47e8dd589566,2026-04-25T17:21:51.826386-04:00,node-01,checkout-api,429,True,normal,market_aware_v1,65.218,53.973,250.881,29.227,1.149,116.316,49.046,2.857
66b359d1-0562-4657-90bf-8a69a7587b86,2026-04-25T17:21:51.836875-04:00,node-01,payments-api,502,True,anomalous,market_aware_v1,63.823,58.772,277.691,24.487,1.348,129.191,37.606,3.699
f295d516-2055-4696-8653-58ed8bd64550,2026-04-25T17:21:51.847340-04:00,node-01,orders-api,500,True,normal,market_aware_v1,68.443,49.916,213.377,32.811,0.844,103.761,75.561,2.235
369095fb-5bdf-42de-9330-4bb9cf3b3a1d,2026-04-25T17:21:51.857830-04:00,node-01,checkout-api,429,True,normal,market_aware_v1,68.587,57.062,231.393,28.564,1.033,105.434,49.647,2.652
78ecf71d-402a-4179-a196-f21249989014,2026-04-25T17:21:51.868305-04:00,node-01,payments-api,500,True,normal,market_aware_v1,61.288,56.832,251.378,25.947,1.087,117.563,35.063,2.992
d0b66ebe-497f-4514-ae03-96cd54c16d62,2026-04-25T17:21:51.878737-04:00,node-01,orders-api,429,True,normal,market_aware_v1,66.854,52.19,223.695,31.154,0.802,112.766,67.054,2.468
5d063593-03a7-4cc2-b78a-1536afe5645d,2026-04-25T17:21:51.889111-04:00,node-01,checkout-api,502,True,normal,market_aware_v1,63.735,54.486,232.433,28.475,1.169,116.808,41.978,3.056
d0fe8113-f34b-4849-8ac1-167a7080d0fc,2026-04-25T17:21:51.899492-04:00,node-01,payments-api,500,True,normal,market_aware_v1,53.928,56.274,238.621,26.886,0.983,112.084,33.032,2.729
cd2e14e5-544c-48af-83af-b169a63333c6,2026-04-25T17:21:51.909882-04:00,node-01,orders-api,500,True,normal,market_aware_v1,66.678,52.317,216.599,29.064,0.957,111.14,63.611,2.608
89409917-6ad2-4255-a6a5-d9613a5c1a51,2026-04-25T17:21:51.920331-04:00,node-01,checkout-api,503,True,normal,market_aware_v1,63.403,53.137,237.515,28.535,1.076,113.026,39.049,2.832
d1f7fc95-4318-4c80-814f-61c7ccf63e99,2026-04-25T17:21:51.930943-04:00,node-01,payments-api,502,True,normal,market_aware_v1,55.621,54.023,240.144,24.881,1.085,111.863,29.162,2.945
12a7ae58-c47e-4906-b77d-cfb4758b0698,2026-04-25T17:21:51.941508-04:00,node-01,orders-api,502,True,anomalous,market_aware_v1,70.544,53.427,230.07,31.753,1.314,118.79,68.787,3.242
62f242d7-7917-4107-8ec6-015bf12979ac,2026-04-25T17:21:51.951969-04:00,node-01,checkout-api,429,True,normal,market_aware_v1,61.95,55.556,232.78,29.577,1.059,110.818,46.471,2.76
97901a00-2e51-481b-aa3c-2498ddbf32c2,2026-04-25T17:21:51.962422-04:00,node-01,payments-api,502,True,normal,market_aware_v1,63.337,60.64,254.33,26.552,1.107,119.701,31.341,2.935
e5bb2f3f-f7a0-4072-9d40-8a80254d7a0d,2026-04-25T17:21:51.972870-04:00,node-01,orders-api,429,True,normal,market_aware_v1,65.809,50.431,207.101,32.495,0.83,106.957,66.163,2.314
98f807ac-5146-4a2c-8c4e-f6c2ec03480c,2026-04-25T17:21:51.983333-04:00,node-01,checkout-api,500,True,normal,market_aware_v1,62.28,56.873,211.243,28.862,1.031,105.609,50.441,2.591
b8052fe4-a610-41c2-8325-e91287eb1828,2026-04-25T17:21:51.993866-04:00,node-01,payments-api,500,True,normal,market_aware_v1,61.194,58.799,253.574,27.95,1.118,115.1,45.43,3.106
0bbd3e37-3eda-47a1-8e0a-e83dcd8fb300,2026-04-25T17:21:52.004295-04:00,node-01,orders-api,500,True,anomalous,market_aware_v1,70.514,53.464,244.754,31.557,1.233,119.816,60.287,3.229
0aadd48b-122e-476a-bec9-daf7c2b70c9c,2026-04-25T17:21:52.014862-04:00,node-01,checkout-api,500,True,normal,market_aware_v1,64.968,58.306,230.66,29.726,1.08,111.916,55.064,2.827
65aa093d-f3ba-43c6-8bbb-64bfd8dfdf8d,2026-04-25T17:21:52.025341-04:00,node-01,payments-api,502,True,anomalous,market_aware_v1,62.197,58.077,253.103,27.927,1.222,120.566,36.159,3.366
651917c8-41cc-4200-a9c0-62f7295188c2,2026-04-25T17:21:52.035833-04:00,node-01,orders-api,502,True,normal,market_aware_v1,66.832,55.338,209.882,33.148,0.965,118.135,72.916,2.632
8508ca29-dd3d-48a4-9893-b11d580e4ef6,2026-04-25T17:21:52.046278-04:00,node-01,checkout-api,502,True,normal,market_aware_v1,67.261,58.763,235.936,31.378,1.069,112.194,55.548,2.888
a5e8c072-6846-4bb6-9160-320cf2658829,2026-04-25T17:21:52.056776-04:00,node-01,payments-api,503,True,normal,market_aware_v1,65.877,60.535,245.665,24.374,1.039,118.696,41.516,3.032
9a7673c0-b380-4e18-a31b-74b0b818f99f,2026-04-25T17:21:52.067265-04:00,node-01,orders-api,502,True,normal,market_aware_v1,72.274,55.736,219.758,29.509,0.836,110.004,77.678,2.489
e1cc4fc2-06cb-49a5-a337-72e127d530a3,2026-04-25T17:21:52.077845-04:00,node-01,checkout-api,503,True,normal,market_aware_v1,69.705,61.784,233.275,29.491,0.989,110.999,54.987,2.72
4df9bf4f-ce60-4472-b490-14ac3a792c1f,2026-04-25T17:21:52.088354-04:00,node-01,payments-api,500,True,anomalous,market_aware_v1,69.134,58.938,243.305,27.859,1.094,121.22,40.999,3.001
dcf58e88-2c23-4b6d-8835-c16b07b5cd3f,2026-04-25T17:21:52.098871-04:00,node-01,orders-api,503,True,normal,market_aware_v1,71.759,54.955,223.121,33.312,0.879,109.419,80.406,2.604
388b4dbc-c7b7-442f-beab-c0c7df107911,2026-04-25T17:21:52.109307-04:00,node-01,checkout-api,503,True,normal,market_aware_v1,71.229,60.841,238.208,33.053,1.247,115.971,58.802,3.116
0086c673-0fa5-4c85-84be-a5313cd98179,2026-04-25T17:21:52.119855-04:00,node-01,payments-api,500,True,normal,market_aware_v1,64.505,59.863,250.714,26.876,1.02,114.391,40.14,2.833
44f0bfff-d526-479a-88af-b6bcdab22987,2026-04-25T17:21:52.130330-04:00,node-01,orders-api,500,True,normal,market_aware_v1,74.94,52.974,233.961,34.031,0.965,117.542,78.824,2.663
a834cbfb-9cc1-468e-bf7a-6e6df07200a4,2026-04-25T17:21:52.140851-04:00,node-01,checkout-api,502,True,anomalous,market_aware_v1,69.584,57.1,241.07,28.624,1.27,121.95,55.897,3.181
ebcceb1f-9eff-46c7-b6b5-b88cfc2d0a1e,2026-04-25T17:21:52.151330-04:00,node-01,payments-api,500,True,anomalous,market_aware_v1,69.83,61.77,253.07,28.906,1.363,118.846,40.815,3.381
2d963788-80b9-4a5a-98ba-bbcef5997d0e,2026-04-25T17:21:52.161879-04:00,node-01,orders-api,500,True,normal,market_aware_v1,74.989,59.038,218.54,31.984,0.812,104.4,84.377,2.267
5cf47cb6-d1ea-4001-ae4b-c863e1a45c6d,2026-04-25T17:21:52.172327-04:00,node-01,checkout-api,429,True,normal,market_aware_v1,70.849,58.906,231.107,31.727,0.98,112.548,54.21,2.718
de47363c-a69d-48ce-a246-3f1006eb1bd4,2026-04-25T17:21:52.182847-04:00,node-01,payments-api,503,True,normal,market_aware_v1,61.948,57.989,243.795,27.299,1.118,116.736,39.884,2.934
15c3dc37-b68c-42cc-a990-c37e56072f34,2026-04-25T17:21:52.193387-04:00,node-01,orders-api,500,True,anomalous,market_aware_v1,72.345,54.5,228.335,34.046,1.079,121.025,70.979,3.001
817d2d17-9cc0-4aaa-849c-163517b52ee7,2026-04-25T17:21:52.203910-04:00,node-01,checkout-api,500,True,normal,market_aware_v1,68.124,59.401,220.302,30.989,1.112,114.679,45.643,2.803
8f627738-f202-4b71-9aca-177aeda866e8,2026-04-25T17:21:52.214422-04:00,node-01,payments-api,429,True,anomalous,market_aware_v1,63.136,55.962,240.317,26.219,1.153,120.714,29.166,3.017
bcdaff46-ad59-4bee-b898-107b11396f7e,2026-04-25T17:21:52.224902-04:00,node-01,orders-api,502,True,normal,market_aware_v1,69.793,52.591,222.576,32.106,0.992,119.006,65.322,2.693
34caf013-2e6e-4042-a2f9-2f21a04c7322,2026-04-25T17:21:52.235437-04:00,node-01,checkout-api,500,True,normal,market_aware_v1,66.885,52.124,242.726,28.49,1.266,118.548,46.88,3.141
a67b9605-447c-45a6-afd1-630d0a05bf20,2026-04-25T17:21:52.245947-04:00,node-01,payments-api,500,True,normal,market_aware_v1,58.081,54.875,247.754,24.668,1.114,118.571,32.781,2.904
f8010c60-7956-4cad-a584-13e4f9c8e131,2026-04-25T17:21:52.256471-04:00,node-01,orders-api,500,True,normal,market_aware_v1,66.854,48.784,210.169,30.292,0.892,111.313,68.919,2.455
6d036228-a571-4e0c-a44b-9bcec4a56bc3,2026-04-25T17:21:52.266882-04:00,node-01,checkout-api,503,True,normal,market_aware_v1,65.681,55.173,239.394,26.865,1.079,110.907,44.371,2.757
422bb200-17fb-4690-9990-abbfa1acf234,2026-04-25T17:21:52.277347-04:00,node-01,payments-api,500,True,normal,market_aware_v1,56.774,54.583,239.844,23.68,0.973,113.248,31.573,2.63
696580d0-438d-4b0e-8214-2b13e804432c,2026-04-25T17:21:52.287812-04:00,node-01,orders-api,503,True,normal,market_aware_v1,63.662,50.447,217.729,30.888,0.909,107.116,67.604,2.437
1a29b024-bc6c-433a-ac05-9179eb413e78,2026-04-25T17:21:52.298295-04:00,node-01,checkout-api,503,True,normal,market_aware_v1,54.902,52.959,226.673,26.214,1.059,106.446,39.45,2.664
aef8a24e-d4ae-4f17-8f0e-26d75570cf7e,2026-04-25T17:21:52.308820-04:00,node-01,payments-api,502,True,anomalous,market_aware_v1,58.207,55.817,258.394,26.785,1.494,123.105,22.225,3.567
89362897-c960-4791-8d9b-a60e9a659cd4,2026-04-25T17:21:52.319292-04:00,node-01,orders-api,502,True,normal,market_aware_v1,60.419,48.559,203.712,29.01,0.914,103.474,65.349,2.406
e1f82eb3-5b85-408f-9c20-a2040aba3360,2026-04-25T17:21:52.329782-04:00,node-01,checkout-api,502,True,normal,market_aware_v1,57.578,52.687,244.029,29.361,1.104,113.143,35.344,2.754
69b0d7ec-14c3-46de-9de8-bd16533bce8c,2026-04-25T17:21:52.340227-04:00,node-01,payments-api,429,True,normal,market_aware_v1,52.308,56.064,230.213,25.564,1.016,109.746,27.983,2.775
a26d4f36-41ed-458c-8372-5c69fe35ddaf,2026-04-25T17:21:52.350700-04:00,node-01,orders-api,500,True,normal,market_aware_v1,60.598,48.272,205.444,29.385,0.755,98.391,66.418,2.138
bdb4f82e-953b-4b4f-9c4c-dacaba91f655,2026-04-25T17:21:52.361166-04:00,node-01,checkout-api,500,True,normal,market_aware_v1,63.504,53.52,238.688,27.194,1.196,114.627,38.411,2.999
f72b8cbb-0760-4798-98f4-b7069fc8b5f0,2026-04-25T17:21:52.371658-04:00,node-01,payments-api,500,True,normal,market_aware_v1,56.231,55.71,223.022,23.297,0.939,106.496,31.283,2.534
6d8be49e-bf31-4ff2-97fa-f055a74c1ab1,2026-04-25T17:21:52.382169-04:00,node-01,orders-api,429,True,normal,market_aware_v1,65.891,49.27,217.922,31.33,0.916,109.603,63.836,2.61
1e01d88a-6c5e-44ba-90aa-ec11c7ae1b75,2026-04-25T17:21:52.392686-04:00,node-01,checkout-api,503,True,normal,market_aware_v1,62.235,51.518,224.275,27.56,1.053,111.815,45.174,2.752
8860bb14-6922-42d0-8dfa-ed774af2b8db,2026-04-25T17:21:52.403233-04:00,node-01,payments-api,502,True,normal,market_aware_v1,57.933,55.485,252.468,24.816,1.094,116.105,34.249,3.007
a485f4c0-c8de-449c-bb35-aadcd6617676,2026-04-25T17:21:52.413724-04:00,node-01,orders-api,429,True,normal,market_aware_v1,64.45,48.674,216.392,30.346,0.992,115.758,65.945,2.737
96751c75-1a47-46aa-84cf-d0eeb14bce41,2026-04-25T17:21:52.424216-04:00,node-01,checkout-api,429,True,normal,market_aware_v1,66.282,54.824,237.011,28.001,1.158,112.695,47.535,2.889
422f81c1-5761-494c-8f74-2b6e32149545,2026-04-25T17:21:52.434766-04:00,node-01,payments-api,500,True,normal,market_aware_v1,60.296,52.723,249.812,24.446,1.077,119.108,31.007,2.929
608dc641-8cf1-4120-92ed-b6d60dfe2a45,2026-04-25T17:21:52.445219-04:00,node-01,orders-api,502,True,anomalous,market_aware_v1,74.695,54.468,224.385,30.581,1.31,112.447,64.479,2.964
2cbaa272-6461-46f7-bd6d-2d208abb2ef2,2026-04-25T17:21:52.455707-04:00,node-01,checkout-api,429,True,anomalous,market_aware_v1,68.359,57.484,236.226,28.127,1.131,120.916,45.859,3.068
00e1b00d-7875-4463-9ac6-40873b3cfce8,2026-04-25T17:21:52.466160-04:00,node-01,payments-api,502,True,normal,market_aware_v1,63.34,60.864,238.826,24.729,1.077,116.77,40.143,2.795
27de07a6-e6b4-4528-a9b2-9477d98fd8db,2026-04-25T17:21:52.476600-04:00,node-01,orders-api,502,True,normal,market_aware_v1,66.54,55.152,219.788,28.283,0.949,117.461,72.955,2.686
8cc9c5ee-4f65-46fa-af47-48619f6d5000,2026-04-25T17:21:52.487081-04:00,node-01,checkout-api,502,True,normal,market_aware_v1,65.897,60.588,237.542,28.191,1.132,114.95,50.951,2.907
15517f2c-1934-4db1-bce0-3272b4370828,2026-04-25T17:21:52.497594-04:00,node-01,payments-api,429,True,normal,market_aware_v1,63.072,60.797,241.506,28.982,0.965,111.322,34.324,2.764
905ec258-9c90-4d5b-9e53-63257ba8b72c,2026-04-25T17:21:52.508071-04:00,node-01,orders-api,429,True,normal,market_aware_v1,71.99,56.74,220.642,32.657,0.947,116.643,75.085,2.846
5dee2d69-1f9c-47c7-acd3-145dd711e8d2,2026-04-25T17:21:52.518566-04:00,node-01,checkout-api,502,True,normal,market_aware_v1,65.818,56.35,219.476,29.814,1.066,102.959,59.668,2.696
e39c7803-f3c0-44e3-9378-ab2c7361f9df,2026-04-25T17:21:52.529078-04:00,node-01,payments-api,500,True,anomalous,market_aware_v1,70.738,60.887,287.084,27.09,1.34,131.613,38.736,3.727
37d2a494-d764-43ad-903d-f271b98b64f6,2026-04-25T17:21:52.539588-04:00,node-01,orders-api,502,True,normal,market_aware_v1,70.587,56.579,227.19,32.179,0.902,111.158,76.626,2.668
1623ab28-403c-48c7-bc05-2254e5006c80,2026-04-25T17:21:52.550091-04:00,node-01,checkout-api,502,True,normal,market_aware_v1,64.383,58.522,230.557,31.403,1.11,109.928,54.553,2.855
4d1da00e-b396-4b27-ad81-0ea26dab2516,2026-04-25T17:21:52.560597-04:00,node-01,payments-api,429,True,normal,market_aware_v1,62.15,59.12,241.966,26.681,1.075,111.182,40.235,2.978
1a074ece-9a99-4e2e-85f7-c59d227b97ff,2026-04-25T17:21:52.571139-04:00,node-01,orders-api,503,True,anomalous,market_aware_v1,71.826,53.94,241.881,33.033,1.179,125.254,75.677,3.399
394e695a-7ece-4a6b-a631-1b7c7602fa1e,2026-04-25T17:21:52.581714-04:00,node-01,checkout-api,429,True,normal,market_aware_v1,64.375,57.018,224.754,29.003,1.037,110.159,56.185,2.727
7db2b23b-2448-4e5a-a2ba-09430dce4b4e,2026-04-25T17:21:52.592225-04:00,node-01,payments-api,502,True,anomalous,market_aware_v1,61.945,60.837,250.32,27.988,1.195,123.908,35.304,3.187
704ea669-e82a-4364-a70f-7109800249cb,2026-04-25T17:21:52.602742-04:00,node-01,orders-api,502,True,normal,market_aware_v1,71.796,52.587,221.57,31.599,0.912,108.243,75.225,2.506
ad70232c-678a-4eb7-b006-f08306916e83,2026-04-25T17:21:52.613240-04:00,node-01,checkout-api,503,True,normal,market_aware_v1,70.445,54.515,239.307,29.191,1.122,106.91,43.79,2.755
d6602f19-1b20-47f7-94da-5f0e14f74a38,2026-04-25T17:21:52.623829-04:00,node-01,payments-api,503,True,normal,market_aware_v1,61.236,55.563,245.002,27.416,1.088,115.407,31.588,2.797
2d5afa6b-ced9-4d0c-9f43-f4883b1cb55f,2026-04-25T17:21:52.634240-04:00,node-01,orders-api,500,True,normal,market_aware_v1,66.545,48.887,224.547,32.596,0.97,116.584,66.371,2.712
58af72a5-cd00-421d-84ac-218bd1268c82,2026-04-25T17:21:52.644680-04:00,node-01,checkout-api,503,True,normal,market_aware_v1,68.732,55.84,237.03,29.061,1.15,114.329,39.917,2.901
2e639b59-7b64-4e1c-9ed4-d252cd456058,2026-04-25T17:21:52.655129-04:00,node-01,payments-api,502,True,normal,market_aware_v1,60.277,57.002,247.95,26.325,1.065,118.069,34.109,3.031
56404476-d052-452d-976f-00a2320f0d0f,2026-04-25T17:21:52.665560-04:00,node-01,orders-api,500,True,anomalous,market_aware_v1,69.902,52.556,244.449,31.981,1.092,123.607,68.69,3.231
bc8c8285-9178-4108-bbbe-89a646f2a0e3,2026-04-25T17:21:52.676011-04:00,node-01,checkout-api,503,True,normal,market_aware_v1,60.12,54.886,241.138,26.735,1.11,110.676,49.096,2.865
4c3880e3-f81c-42b1-9332-69fd475f466a,2026-04-25T17:21:52.686422-04:00,node-01,payments-api,500,True,normal,market_aware_v1,59.887,56.212,251.223,24.411,0.997,114.399,30.757,2.637
53c489e7-21ae-4f59-8487-7b9e23d217aa,2026-04-25T17:21:52.696906-04:00,node-01,orders-api,502,True,normal,market_aware_v1,65.991,52.142,233.039,28.683,0.976,111.815,58.359,2.518
4c3ccc94-aaf0-4e51-a6f9-57174e54b928,2026-04-25T17:21:52.707352-04:00,node-01,checkout-api,503,True,normal,market_aware_v1,65.333,55.677,236.761,26.445,1.072,111.958,39.161,2.74
762bde49-9c4f-4a73-ae48-54b2bc0f0474,2026-04-25T17:21:52.717761-04:00,node-01,payments-api,429,True,normal,market_aware_v1,56.414,56.914,248.815,23.699,1.079,115.17,30.132,2.955
6b9968eb-b7b1-43b9-b207-1186a00c6e4b,2026-04-25T17:21:52.728178-04:00,node-01,orders-api,502,True,normal,market_aware_v1,63.954,48.762,212.529,30.143,0.944,112.903,62.656,2.569
ebdfd283-80fa-449f-a22b-809e1489c2fd,2026-04-25T17:21:52.738616-04:00,node-01,checkout-api,502,True,normal,market_aware_v1,66.865,54.187,235.811,27.638,1.074,116.83,47.309,2.861
708ccb48-d5a7-453b-ab31-3754a47b5966,2026-04-25T17:21:52.749097-04:00,node-01,payments-api,503,True,normal,market_aware_v1,61.347,56.663,245.602,26.166,1.114,118.493,31.425,2.959
39e4e27a-48ff-4015-8607-58e03abd823d,2026-04-25T17:21:52.759540-04:00,node-01,orders-api,503,True,normal,market_aware_v1,68.391,50.868,225.093,31.448,1.06,113.069,71.289,2.965
ff5a3e73-4c9f-43fa-b95f-589efec58a09,2026-04-25T17:21:52.770013-04:00,node-01,checkout-api,503,True,normal,market_aware_v1,65.012,57.142,234.048,29.475,1.126,114.097,51.242,2.946
ab7513ea-b062-480e-b616-d56b46ae1ab7,2026-04-25T17:21:52.780401-04:00,node-01,payments-api,503,True,anomalous,market_aware_v1,61.14,55.96,248.225,25.308,1.053,121.634,31.538,2.98
e46fe76f-9e8f-473c-95e1-ebc71cc3153d,2026-04-25T17:21:52.790836-04:00,node-01,orders-api,429,True,normal,market_aware_v1,72.967,52.906,223.876,32.766,0.928,119.656,71.614,2.713
d9ac2260-716d-4ab7-8148-0f3ad91e2a4f,2026-04-25T17:21:52.801265-04:00,node-01,checkout-api,502,True,anomalous,market_aware_v1,69.739,54.736,256.111,32.317,1.422,126.298,44.641,3.588
2733aa5b-2fb5-4ce4-abc3-352a43ecb5a9,2026-04-25T17:21:52.811845-04:00,node-01,payments-api,502,True,normal,market_aware_v1,59.247,58.622,226.629,26.898,0.969,108.494,39.608,2.633
077634c3-b8e1-4363-b3c7-a70fbb745fa9,2026-04-25T17:21:52.822276-04:00,node-01,orders-api,503,True,normal,market_aware_v1,71.814,52.197,214.452,31.423,1.023,114.632,74.09,2.674
015af0cc-e094-481e-963d-0e25cb2af784,2026-04-25T17:21:52.833393-04:00,node-01,checkout-api,429,True,normal,market_aware_v1,68.443,55.306,222.935,28.482,1.004,103.915,52.529,2.454
334c9b7b-9046-476c-92f0-60a4729b73b3,2026-04-25T17:21:52.843910-04:00,node-01,payments-api,503,True,anomalous,market_aware_v1,65.35,58.39,253.694,28.968,1.157,128.406,43.703,3.199
1dda30cd-7123-4ca7-b277-6ecb6a06bd83,2026-04-25T17:21:52.854437-04:00,node-01,orders-api,429,True,normal,market_aware_v1,75.599,55.997,208.654,31.775,0.852,108.093,84.802,2.485
d112ff97-0259-49c6-8a0e-47a7f319d98e,2026-04-25T17:21:52.864932-04:00,node-01,checkout-api,502,True,normal,market_aware_v1,68.502,57.775,230.658,28.945,1.039,110.9,58.242,2.759
9291f02e-48f9-440b-b2dd-732b593fb47e,2026-04-25T17:21:52.875455-04:00,node-01,payments-api,429,True,normal,market_aware_v1,67.759,61.155,246.639,28.081,1.162,116.776,39.656,2.954
00d7d84f-bed3-4b3b-a98f-fbf013d49fdc,2026-04-25T17:21:52.885926-04:00,node-01,orders-api,500,True,normal,market_aware_v1,73.709,54.402,235.695,33.56,1.044,113.43,80.479,2.815
b4f11d7a-7bb5-4186-b34d-a90e55480d6a,2026-04-25T17:21:52.896406-04:00,node-01,checkout-api,500,True,anomalous,market_aware_v1,70.525,57.104,247.186,31.374,1.201,120.062,46.684,3.122
aa94022e-7ca1-44c5-880b-5caf75d20f2e,2026-04-25T17:21:52.907154-04:00,node-01,payments-api,429,True,anomalous,market_aware_v1,68.65,62.366,251.192,26.004,1.153,124.689,38.03,3.129
0edc769b-7bed-4ca7-a7f4-70584406af40,2026-04-25T17:21:52.917769-04:00,node-01,orders-api,502,True,anomalous,market_aware_v1,74.071,56.849,243.116,31.991,1.118,125.13,74.792,3.101
909efb8f-e9e7-4743-afd4-9c958dc0e2c6,2026-04-25T17:21:52.928276-04:00,node-01,checkout-api,429,True,normal,market_aware_v1,71.364,60.907,237.616,32.309,1.064,114.099,56.019,2.762
c5382d54-3fbe-4f13-8568-ea15f553a840,2026-04-25T17:21:52.938861-04:00,node-01,payments-api,503,True,normal,market_aware_v1,67.742,61.331,242.437,28.542,0.958,115.479,44.967,2.77
26e9e4fd-b151-4aa8-a5f9-3b7c796d3534,2026-04-25T17:21:52.949397-04:00,node-01,orders-api,502,True,normal,market_aware_v1,73.46,55.072,237.733,32.582,1.008,118.131,73.958,2.844
72d45fb6-3211-4092-87cf-7102779d80d4,2026-04-25T17:21:52.959987-04:00,node-01,checkout-api,500,True,normal,market_aware_v1,73.604,56.835,232.768,30.634,1.012,110.28,54.652,2.653
6dbff040-d30e-40b9-a704-946657c2f05c,2026-04-25T17:21:52.970581-04:00,node-01,payments-api,503,True,anomalous,market_aware_v1,68.158,59.852,259.684,28.678,1.434,126.44,31.062,3.458
3855b5a7-b4a3-4f71-9ae9-ecc03fa3b397,2026-04-25T17:21:52.981131-04:00,node-01,orders-api,502,True,anomalous,market_aware_v1,73.472,53.329,237.033,31.427,1.129,121.555,69.715,2.837
cd80f8db-d5b1-4358-87cd-f99e08aaedb5,2026-04-25T17:21:52.991570-04:00,node-01,checkout-api,502,True,anomalous,market_aware_v1,69.072,58.581,252.237,29.89,1.498,122.93,46.426,3.661
f5e66925-392e-4985-8d26-9a54e7986d2b,2026-04-25T17:21:53.002154-04:00,node-01,payments-api,503,True,anomalous,market_aware_v1,67.539,63.434,262.843,29.273,1.443,124.229,27.845,3.53
dd96b955-5650-4c45-af4d-cf8a0386a4c2,2026-04-25T17:21:53.012594-04:00,node-01,orders-api,503,True,normal,market_aware_v1,68.611,56.321,231.63,31.611,1.012,119.616,60.485,2.831
5651cb58-99c6-4702-ac45-ea16b08e4960,2026-04-25T17:21:53.023154-04:00,node-01,checkout-api,503,True,anomalous,market_aware_v1,67.432,54.165,254.966,28.905,1.167,125.846,41.838,3.172
cd3f0d9c-9d4e-4796-9ea5-3fbcf13b2cf2,2026-04-25T17:21:53.034075-04:00,node-01,payments-api,503,True,normal,market_aware_v1,59.89,58.566,241.526,24.988,1.086,116.27,30.004,2.79
2535153c-f9d2-4230-a73a-0c2772a957db,2026-04-25T17:21:53.044506-04:00,node-01,orders-api,500,True,normal,market_aware_v1,67.211,55.3,231.752,30.013,1.062,117.648,65.03,2.972
c5fd408e-f6de-4b82-8265-2a92a72c3dcf,2026-04-25T17:21:53.054965-04:00,node-01,checkout-api,500,True,normal,market_aware_v1,63.017,53.507,238.152,28.369,1.079,113.232,44.65,2.778
68bd0e49-32eb-40cc-94be-57fb5b821463,2026-04-25T17:21:53.065452-04:00,node-01,payments-api,429,True,normal,market_aware_v1,58.724,59.771,240.089,24.392,1.007,116.077,30.67,2.964
1a24ac3c-a0b2-4300-963f-cd374502d634,2026-04-25T17:21:53.075932-04:00,node-01,orders-api,429,True,normal,market_aware_v1,64.01,50.741,216.636,29.332,0.949,114.133,60.747,2.589
5bd1c338-f965-4241-9449-1032e0bafe7f,2026-04-25T17:21:53.086519-04:00,node-01,checkout-api,500,True,normal,market_aware_v1,63.66,54.829,231.104,27.001,1.064,112.759,45.073,2.768
58a973c3-0bb1-409d-97c1-cfd6b141272b,2026-04-25T17:21:53.097087-04:00,node-01,payments-api,502,True,normal,market_aware_v1,61.784,56.803,248.047,24.829,1.111,116.156,24.678,2.916
d98962c3-3878-4759-94ac-9b00a3d15ed9,2026-04-25T17:21:53.107636-04:00,node-01,orders-api,429,True,normal,market_aware_v1,63.794,50.393,216.959,29.984,0.912,114.975,63.26,2.664
e76f9266-1025-448f-8cd5-8bb943ff648e,2026-04-25T17:21:53.118179-04:00,node-01,checkout-api,500,True,normal,market_aware_v1,61.588,50.553,236.612,26.043,1.051,115.756,39.445,2.851
b851c26e-47e7-4062-af36-5f7c314ec7c6,2026-04-25T17:21:53.128620-04:00,node-01,payments-api,503,True,normal,market_aware_v1,57.035,55.331,249.333,23.793,1.069,113.783,27.896,2.948
2d4f7541-70be-4510-9b66-bd05f57c9474,2026-04-25T17:21:53.139086-04:00,node-01,orders-api,500,True,normal,market_aware_v1,62.334,49.868,221.25,29.753,0.932,108.507,68.047,2.511
fed8e0ed-df25-4662-97f1-2171e6c2725c,2026-04-25T17:21:53.149547-04:00,node-01,checkout-api,500,True,normal,market_aware_v1,60.635,52.778,213.888,27.265,0.892,100.832,45.465,2.487
a5ec4e81-5af3-4234-9ee0-9f15fbc9bafc,2026-04-25T17:21:53.160002-04:00,node-01,payments-api,429,True,anomalous,market_aware_v1,64.719,56.95,266.404,24.43,1.354,124.716,20.927,3.524
a9630b59-60ee-48d1-a2c5-0f2d2744956c,2026-04-25T17:21:53.170460-04:00,node-01,orders-api,429,True,normal,market_aware_v1,59.096,48.014,206.923,28.423,0.967,112.307,68.492,2.629
c3b9689d-7903-4b38-b75e-b656513238d7,2026-04-25T17:21:53.180988-04:00,node-01,checkout-api,502,True,normal,market_aware_v1,61.912,52.519,242.82,26.93,1.031,118.663,38.047,2.928
562a8510-79b7-40e0-beab-2c149d643b46,2026-04-25T17:21:53.191477-04:00,node-01,payments-api,503,True,normal,market_aware_v1,59.716,58.094,248.2,26.709,1.035,116.065,27.397,2.877
63c6cc17-a331-4d16-956f-c9782b0d9a1e,2026-04-25T17:21:53.201981-04:00,node-01,orders-api,502,True,normal,market_aware_v1,67.494,51.368,218.92,30.048,0.92,106.254,65.22,2.552
a89e2be8-9edf-4e71-8f6c-a10ab9541526,2026-04-25T17:21:53.212495-04:00,node-01,checkout-api,503,True,normal,market_aware_v1,66.492,54.009,244.069,27.821,1.214,119.327,42.847,3.186
50e6c697-bfca-4370-8c28-7daaa9a9659d,2026-04-25T17:21:53.222989-04:00,node-01,payments-api,500,True,normal,market_aware_v1,58.215,56.664,247.852,25.645,1.037,116.65,35.554,2.995
39a6b5d2-2381-430e-ab88-1d780f24d599,2026-04-25T17:21:53.233505-04:00,node-01,orders-api,429,True,normal,market_aware_v1,68.891,50.947,241.054,29.811,1.081,119.962,63.063,2.974
e4b99812-0998-4f7a-a351-e06da94b2952,2026-04-25T17:21:53.244052-04:00,node-01,checkout-api,502,True,anomalous,market_aware_v1,66.195,59.517,248.455,28.122,1.175,120.801,44.499,3.08
999983a2-4918-4d54-80eb-8cbd9be8778c,2026-04-25T17:21:53.254567-04:00,node-01,payments-api,503,True,normal,market_aware_v1,62.3,58.798,250.847,26.238,1.05,116.277,34.586,2.877
9269b0a2-ee2b-4ee2-8c9f-441de32c0d72,2026-04-25T17:21:53.265114-04:00,node-01,orders-api,500,True,normal,market_aware_v1,67.337,52.875,225.881,28.678,0.906,113.379,67.063,2.638
b4bba9c7-c195-48d6-a1f7-64ecdf41536e,2026-04-25T17:21:53.275527-04:00,node-01,checkout-api,500,True,normal,market_aware_v1,65.949,57.478,226.747,28.129,1.118,109.877,51.323,2.863
f2d17f1b-b88d-4cf7-98fc-aa75d2c2d1d3,2026-04-25T17:21:53.286008-04:00,node-01,payments-api,429,True,normal,market_aware_v1,68.979,57.588,255.66,29.739,1.023,116.887,35.163,2.836
e9fb6c42-8b31-45ad-b66c-14f24d902fdf,2026-04-25T17:21:53.296533-04:00,node-01,orders-api,500,True,normal,market_aware_v1,72.632,56.672,209.427,30.743,0.939,110.763,74.33,2.506
307977b6-80f5-4fe9-9f9b-e303b91b8df5,2026-04-25T17:21:53.307100-04:00,node-01,checkout-api,500,True,anomalous,market_aware_v1,75.323,60.188,248.159,29.914,1.484,123.241,44.884,3.443
24553804-fd60-4f03-a4ba-2bf548141c49,2026-04-25T17:21:53.317531-04:00,node-01,payments-api,500,True,normal,market_aware_v1,68.684,62.12,249.638,25.988,1.1,117.716,41.371,2.935
edf140b4-e3f1-47ec-a0e9-e946f9986113,2026-04-25T17:21:53.328108-04:00,node-01,orders-api,502,True,normal,market_aware_v1,67.936,52.801,224.204,30.778,0.984,107.32,73.342,2.525
8f6f7f0e-24ca-47d7-8d4a-5b63f09a5b42,2026-04-25T17:21:53.338531-04:00,node-01,checkout-api,503,True,normal,market_aware_v1,71.002,54.732,229.126,28.455,1.058,106.856,47.851,2.799
c5a73f3b-b101-4c55-a3ec-071491326e51,2026-04-25T17:21:53.349079-04:00,node-01,payments-api,429,True,anomalous,market_aware_v1,68.746,60.732,280.208,29.369,1.434,126.945,24.225,3.612
c9b64901-a2d1-4b58-b522-1ab58c271675,2026-04-25T17:21:53.359625-04:00,node-01,orders-api,503,True,anomalous,market_aware_v1,75.289,54.643,228.392,31.626,1.066,121.297,74.987,3.003
781ccef5-b33a-4b61-831f-5e7fac589469,2026-04-25T17:21:53.370122-04:00,node-01,checkout-api,503,True,normal,market_aware_v1,65.881,54.429,247.68,29.508,1.101,111.728,47.002,2.868
25715fb2-f209-43b6-ad63-66e3180599b2,2026-04-25T17:21:53.380566-04:00,node-01,payments-api,503,True,normal,market_aware_v1,64.362,59.402,247.738,26.168,1.051,118.663,31.701,2.838
4efbb794-809a-4e64-97a0-209852e6aa16,2026-04-25T17:21:53.391042-04:00,node-01,orders-api,502,True,normal,market_aware_v1,70.333,53.5,230.848,29.043,0.845,112.747,73.765,2.434
13609694-fe6d-4105-a1ca-96cf4495983f,2026-04-25T17:21:53.401572-04:00,node-01,checkout-api,502,True,normal,market_aware_v1,68.054,54.671,251.576,28.693,1.182,119.381,51.393,3.104
da360e92-8735-4aaf-a5d6-a85572d6db60,2026-04-25T17:21:53.411996-04:00,node-01,payments-api,429,True,normal,market_aware_v1,62.598,58.132,236.796,27.742,0.994,113.743,35.52,2.702
760926c0-967a-4d3d-86d3-b309a6d3a19f,2026-04-25T17:21:53.422579-04:00,node-01,orders-api,503,True,normal,market_aware_v1,68.519,49.747,225.581,30.518,0.918,110.702,68.616,2.6
89321cff-4669-4844-8400-69a27fd7b4a0,2026-04-25T17:21:53.433139-04:00,node-01,checkout-api,502,True,normal,market_aware_v1,66.759,53.345,237.737,26.181,1.074,114.477,48.693,2.933
d8c103e0-7913-410c-8f93-af24a73d84a4,2026-04-25T17:21:53.443566-04:00,node-01,payments-api,500,True,normal,market_aware_v1,60.658,57.5,253.176,26.832,1.116,119.534,28.835,2.939
3d4355ef-e802-4fb2-8e84-4f3a5fd1b1fa,2026-04-25T17:21:53.454117-04:00,node-01,orders-api,429,True,normal,market_aware_v1,65.929,51.503,229.369,29.688,0.9,116.905,65.385,2.653
d17641cc-0f40-4062-9a3a-c8a39cb18b05,2026-04-25T17:21:53.464544-04:00,node-01,checkout-api,500,True,normal,market_aware_v1,66.122,54.545,230.511,29.163,1.151,111.128,42.033,2.775
f519794f-335e-403b-91b7-0cac9ef72e54,2026-04-25T17:21:53.475101-04:00,node-01,payments-api,503,True,normal,market_aware_v1,60.144,56.394,252.031,27.764,1.077,119.063,33.153,2.943
ffc998ef-e55e-42e9-9193-ced0521ec788,2026-04-25T17:21:53.485533-04:00,node-01,orders-api,500,True,normal,market_aware_v1,68.542,47.987,220.898,32.545,0.945,113.974,63.337,2.637
e9d3d6fa-9e43-4b32-8da7-370427f0d078,2026-04-25T17:21:53.496109-04:00,node-01,checkout-api,503,True,normal,market_aware_v1,67.186,53.361,235.754,27.294,1.249,117.013,36.292,3.066
0a868667-62fa-4103-9b32-4a2ae3608870,2026-04-25T17:21:53.506531-04:00,node-01,payments-api,503,True,anomalous,market_aware_v1,61.757,56.344,254.192,24.342,1.092,120.059,32.504,3.098
008a8a23-a6e2-412f-9caf-cf9f152e96e8,2026-04-25T17:21:53.517016-04:00,node-01,orders-api,500,True,normal,market_aware_v1,67.266,48.408,226.281,30.435,0.919,116.012,61.109,2.698
af0ac01a-cca4-4883-9966-e954f0d2d53f,2026-04-25T17:21:53.527590-04:00,node-01,checkout-api,429,True,normal,market_aware_v1,65.167,53.217,236.583,28.646,1.155,119.321,43.301,3.084
52ce4a0c-c246-4e19-9b22-52a57b1b3410,2026-04-25T17:21:53.538378-04:00,node-01,payments-api,500,True,normal,market_aware_v1,59.279,57.499,243.732,24.466,1.043,113.398,32.059,2.862
78d26e30-287d-4a51-aac0-8ab7bd00f6eb,2026-04-25T17:21:53.548921-04:00,node-01,orders-api,500,True,normal,market_aware_v1,70.046,50.908,229.424,29.633,1.083,117.9,63.365,2.943
b1383408-fb84-4ec4-8601-bfe570cfbca8,2026-04-25T17:21:53.559468-04:00,node-01,checkout-api,429,True,normal,market_aware_v1,66.649,57.637,219.269,28.467,0.993,108.694,51.522,2.741
7fc840c3-a29f-4cd9-9bca-c20904125b39,2026-04-25T17:21:53.569876-04:00,node-01,payments-api,429,True,normal,market_aware_v1,65.307,54.896,250.203,26.846,1.126,117.371,33.289,2.979
a28c2313-fb89-4ba9-8f54-7d51c9551ef1,2026-04-25T17:21:53.580443-04:00,node-01,orders-api,429,True,normal,market_aware_v1,71.828,51.852,221.748,30.58,1.027,116.668,72.878,2.858
8c7a5c4c-6954-46b1-a652-12d95c63ec11,2026-04-25T17:21:53.590949-04:00,node-01,checkout-api,429,True,normal,market_aware_v1,65.999,55.78,239.533,28.739,1.082,113.92,52.077,2.81
509fcb40-fc71-4b45-9ce1-780c362c4ad7,2026-04-25T17:21:53.601415-04:00,node-01,payments-api,503,True,normal,market_aware_v1,68.722,57.396,252.143,26.611,1.049,116.773,39.233,2.933
ab3796be-8552-4c89-91fa-3fb8b76ca38e,2026-04-25T17:21:53.611891-04:00,node-01,orders-api,502,True,normal,market_aware_v1,70.656,54.794,230.5,32.487,0.932,112.521,69.79,2.67
653888e8-b159-4c27-9c01-16f3aa718619,2026-04-25T17:21:53.622387-04:00,node-01,checkout-api,503,True,anomalous,market_aware_v1,70.661,58.932,247.392,29.459,1.159,122.194,47.817,3.106
4f94e57e-76de-42e8-9647-814eca7db1ef,2026-04-25T17:21:53.632911-04:00,node-01,payments-api,502,True,anomalous,market_aware_v1,70.803,62.618,262.63,26.859,1.181,121.124,42.715,3.137
7e10426f-2b33-4151-90c6-ac8a850ef2fc,2026-04-25T17:21:53.643408-04:00,node-01,orders-api,500,True,normal,market_aware_v1,74.58,57.819,235.14,31.74,1.066,117.422,74.503,2.794
56ce99db-7203-4f26-91b1-d73be8b79e46,2026-04-25T17:21:53.653874-04:00,node-01,checkout-api,429,True,normal,market_aware_v1,66.487,62.268,239.045,30.91,1.045,112.587,56.988,2.843
8011256b-fd04-478e-acd5-4598c8460453,2026-04-25T17:21:53.664315-04:00,node-01,payments-api,429,True,anomalous,market_aware_v1,70.525,63.972,252.42,28.435,1.137,123.648,42.462,3.206
9d250de9-d74a-4b80-905a-c203ae4dbf1d,2026-04-25T17:21:53.674829-04:00,node-01,orders-api,429,True,anomalous,market_aware_v1,76.94,54.709,239.886,33.542,1.041,129.786,76.507,3.058
16287820-f62a-4d9b-82b0-b432828df649,2026-04-25T17:21:53.685278-04:00,node-01,checkout-api,429,True,anomalous,market_aware_v1,72.724,60.186,254.634,31.75,1.287,125.01,46.278,3.216
cfad290d-ea88-4acd-ae71-ac1b8c44af1f,2026-04-25T17:21:53.695767-04:00,node-01,payments-api,500,True,normal,market_aware_v1,67.233,64.021,247.649,26.149,1.126,116.026,46.918,2.949
9a14890a-273c-46ed-9f4c-e8a81e1cee4f,2026-04-25T17:21:53.706218-04:00,node-01,orders-api,429,True,normal,market_aware_v1,76.059,56.138,220.102,32.663,0.902,115.509,81.797,2.676
d140d345-f649-49d9-9eec-c5c523ded63a,2026-04-25T17:21:53.716646-04:00,node-01,checkout-api,502,True,anomalous,market_aware_v1,74.519,55.597,240.707,31.483,1.155,120.179,55.734,3.098
af123cd4-61b4-4bd8-9c5f-9b3f1bb3acce,2026-04-25T17:21:53.727125-04:00,node-01,payments-api,502,True,normal,market_aware_v1,70.516,62.32,239.291,25.928,1.136,112.38,47.444,2.937
b31bb492-66c5-4545-9632-4bda326f9007,2026-04-25T17:21:53.737570-04:00,node-01,orders-api,429,True,normal,market_aware_v1,75.614,56.177,230.919,32.913,0.933,116.282,75.746,2.64
fa3bf221-0cfa-4fca-8991-ea88136d9fd9,2026-04-25T17:21:53.748018-04:00,node-01,checkout-api,503,True,normal,market_aware_v1,69.557,60.266,237.628,30.502,1.146,119.243,53.795,3.076
6f90dc52-4018-4768-a501-a4155cc7fa45,2026-04-25T17:21:53.758490-04:00,node-01,payments-api,503,True,anomalous,market_aware_v1,65.292,61.784,251.502,29.339,1.103,123.868,36.62,3.104
1a4bc348-d431-416c-a0d6-53e5f3cc7fa8,2026-04-25T17:21:53.768940-04:00,node-01,orders-api,503,True,normal,market_aware_v1,72.206,55.65,234.412,34.507,1.066,119.669,74.496,2.947
18e8eae4-3f7a-4a17-8474-4123ea45a58f,2026-04-25T17:21:53.779433-04:00,node-01,checkout-api,503,True,normal,market_aware_v1,72.412,53.77,230.43,28.1,1.098,110.021,60.18,2.751
425d308b-56cd-4071-828c-6dad02be3e6a,2026-04-25T17:21:53.789973-04:00,node-01,payments-api,502,True,anomalous,market_aware_v1,62.88,59.49,248.025,28.024,1.145,120.294,36.548,3.138
3705f7d2-3fbf-447e-91cd-28e3c65c2c2f,2026-04-25T17:21:53.800460-04:00,node-01,orders-api,503,True,normal,market_aware_v1,71.36,55.144,220.341,32.115,1.089,117.462,64.831,2.821
ed5bc342-529f-4f19-8bab-16a5537dd53b,2026-04-25T17:21:53.810946-04:00,node-01,checkout-api,503,True,normal,market_aware_v1,64.499,56.231,232.176,28.652,1.074,114.463,52.03,2.825
f4d54c6a-96ba-47db-a42b-844484704438,2026-04-25T17:21:53.821400-04:00,node-01,payments-api,429,True,anomalous,market_aware_v1,60.888,57.478,244.785,25.665,1.146,120.917,26.383,2.993
7304506d-842f-41b4-81c2-3b6cd2809988,2026-04-25T17:21:53.831822-04:00,node-01,orders-api,500,True,normal,market_aware_v1,66.782,53.237,232.372,30.437,1.037,117.611,62.31,2.827
cc8c10d5-aaf1-4e4a-a4af-4eb0558dec7a,2026-04-25T17:21:53.842233-04:00,node-01,checkout-api,503,True,normal,market_aware_v1,61.347,52.537,234.051,28.73,1.024,113.148,52.069,2.692
807fea8e-123f-4109-b8fe-82f5af8f3fcd,2026-04-25T17:21:53.852703-04:00,node-01,payments-api,502,True,normal,market_aware_v1,59.643,56.265,250.787,24.758,1.032,116.876,34.183,2.828
3bba0708-b329-494b-97fa-4132234134a5,2026-04-25T17:21:53.863132-04:00,node-01,orders-api,500,True,normal,market_aware_v1,66.352,49.333,215.795,28.208,0.785,108.114,69.569,2.19
40a731ee-7508-4d3b-8b35-24109beb4bd8,2026-04-25T17:21:53.873588-04:00,node-01,checkout-api,502,True,normal,market_aware_v1,60.257,50.398,252.529,27.517,1.077,114.099,33.536,2.934
95b42a62-bfda-4fe1-b4ad-4ecf75f8e4a7,2026-04-25T17:21:53.883997-04:00,node-01,payments-api,503,True,normal,market_aware_v1,56.386,54.549,241.111,26.692,1.11,114.72,27.161,2.861
62f93a71-b56e-4238-8490-fc7018cadb6a,2026-04-25T17:21:53.894410-04:00,node-01,orders-api,429,True,normal,market_aware_v1,66.127,52.267,224.63,28.406,0.927,110.725,65.009,2.547
43fd154f-0ff8-43d5-ab83-1feafec69786,2026-04-25T17:21:53.904875-04:00,node-01,checkout-api,429,True,normal,market_aware_v1,63.264,48.401,227.642,27.27,1.098,110.975,38.742,2.833
43e6c328-0c83-4588-a643-f47b8cb1e2b4,2026-04-25T17:21:53.915327-04:00,node-01,payments-api,502,True,normal,market_aware_v1,57.287,52.393,223.662,23.892,1.009,102.617,34.893,2.594
473ae08b-3763-475b-8042-ba4769efe819,2026-04-25T17:21:53.925762-04:00,node-01,orders-api,502,True,normal,market_aware_v1,64.517,52.042,221.061,29.05,0.925,111.79,62.359,2.656
a12af0ef-61af-4947-9a27-8985c6f4f79c,2026-04-25T17:21:53.936176-04:00,node-01,checkout-api,502,True,normal,market_aware_v1,59.858,53.01,230.923,27.8,1.096,111.133,36.658,2.716
8887d4c5-d5e9-4a2d-9cfe-88242c730090,2026-04-25T17:21:53.946683-04:00,node-01,payments-api,502,True,normal,market_aware_v1,59.536,53.977,244.293,22.1,1.03,115.369,26.51,2.972
d12b8a54-0218-46d3-a513-f08604ffd41e,2026-04-25T17:21:53.957101-04:00,node-01,orders-api,502,True,anomalous,market_aware_v1,62.201,49.004,229.725,27.241,1.04,121.206,59.514,2.905
bec30865-f6e1-42c9-9bbe-768caf9786f8,2026-04-25T17:21:53.967517-04:00,node-01,checkout-api,503,True,normal,market_aware_v1,60.901,52.214,224.915,28.115,1.023,105.475,44.858,2.604
b9831476-cd4b-4383-a30e-d5d923f93b6c,2026-04-25T17:21:53.978036-04:00,node-01,payments-api,500,True,normal,market_aware_v1,55.222,53.975,240.331,25.319,1.045,110.379,26.618,2.665
d5f8ce56-0b65-4b3d-8a1f-c3ae35b01be9,2026-04-25T17:21:53.988461-04:00,node-01,orders-api,503,True,normal,market_aware_v1,68.401,51.802,226.533,30.396,1.054,114.306,63.287,2.684
b72b12a0-d8ba-429e-b738-194d78a048e8,2026-04-25T17:21:53.998857-04:00,node-01,checkout-api,500,True,anomalous,market_aware_v1,71.419,55.992,256.315,29.679,1.496,124.549,41.217,3.592
e8e52970-4939-42fb-9218-c462a9f12c95,2026-04-25T17:21:54.009287-04:00,node-01,payments-api,429,True,anomalous,market_aware_v1,65.67,53.476,259.825,24.358,1.089,122.151,30.858,3.074
2e285c51-e4be-454c-a933-900bd5be9aa3,2026-04-25T17:21:54.019757-04:00,node-01,orders-api,503,True,normal,market_aware_v1,68.978,52.28,225.15,29.129,0.923,113.482,69.71,2.691
969eee22-0ab4-4e67-957e-451f38fd7b7a,2026-04-25T17:21:54.030193-04:00,node-01,checkout-api,429,True,normal,market_aware_v1,66.175,57.863,246.346,32.467,1.075,116.673,43.876,2.911
2370df5a-fddb-418c-9496-73076c4c374d,2026-04-25T17:21:54.040654-04:00,node-01,payments-api,500,True,anomalous,market_aware_v1,66.272,58.794,265.662,26.534,1.098,121.975,28.37,3.101
71d7a412-26ef-4504-879e-f00d877a7612,2026-04-25T17:21:54.051080-04:00,node-01,orders-api,503,True,normal,market_aware_v1,69.361,54.349,231.033,32.184,0.921,118.253,68.686,2.822
a3812776-9e6d-4865-8bb8-14400353371d,2026-04-25T17:21:54.061494-04:00,node-01,checkout-api,429,True,normal,market_aware_v1,68.642,55.313,233.397,31.084,1.129,112.869,51.254,2.898
a6b274d8-cb6f-4558-8313-7c446383537b,2026-04-25T17:21:54.071920-04:00,node-01,payments-api,429,True,normal,market_aware_v1,61.555,58.24,253.015,26.998,1.096,119.842,33.938,2.978
0f501c5f-6eef-45cc-bf7e-88b5229eddb0,2026-04-25T17:21:54.082348-04:00,node-01,orders-api,503,True,normal,market_aware_v1,70.071,54.128,238.676,32.505,0.995,119.1,66.438,2.763
14ba355b-bece-4a5b-b6e4-85b3d537342a,2026-04-25T17:21:54.092887-04:00,node-01,checkout-api,500,True,anomalous,market_aware_v1,70.936,56.72,250.459,30.097,1.262,124.677,50.281,3.159
680c16ef-87f0-4250-a059-b21ab57d70b3,2026-04-25T17:21:54.103352-04:00,node-01,payments-api,429,True,normal,market_aware_v1,68.336,60.115,257.201,26.798,1.027,117.845,42.541,2.892
f319e9b0-ac6e-4ad3-8887-50d128ecc380,2026-04-25T17:21:54.113782-04:00,node-01,orders-api,502,True,anomalous,market_aware_v1,75.064,52.043,238.5,31.79,1.025,121.339,72.365,2.861
14604c0a-f0b4-4742-8000-84486ce20492,2026-04-25T17:21:54.124194-04:00,node-01,checkout-api,429,True,normal,market_aware_v1,69.742,55.182,252.774,27.345,1.151,119.44,49.176,3.017
4bab56b0-0c5b-464c-a7f3-faf6ab63f7c2,2026-04-25T17:21:54.134632-04:00,node-01,payments-api,429,True,anomalous,market_aware_v1,66.033,61.431,259.298,27.211,1.182,123.062,40.582,3.176
3c21e2ca-1756-43fd-94dc-543aed2eb20d,2026-04-25T17:21:54.145064-04:00,node-01,orders-api,429,True,normal,market_aware_v1,70.746,54.293,222.671,34.421,0.935,115.57,74.752,2.801
5961dcd2-5f2b-40db-bcd7-6b2de79057d4,2026-04-25T17:21:54.155506-04:00,node-01,checkout-api,429,True,normal,market_aware_v1,69.203,54.899,241.237,28.751,1.134,113.769,55.607,2.909
8795b738-381d-4f43-b52b-e4ffb366399c,2026-04-25T17:21:54.165908-04:00,node-01,payments-api,503,True,anomalous,market_aware_v1,63.378,60.62,260.538,24.483,1.21,120.302,38.588,3.278
a6d1355d-e46d-42a9-8188-7f908a9180c2,2026-04-25T17:21:54.176340-04:00,node-01,orders-api,502,True,anomalous,market_aware_v1,67.83,56.124,237.813,28.494,1.032,121.074,69.462,3.001
0f5c4a9a-803d-4e85-81c5-7ba267fdeced,2026-04-25T17:21:54.186783-04:00,node-01,checkout-api,429,True,anomalous,market_aware_v1,71.33,56.09,266.0,28.157,1.31,124.723,48.93,3.566
47ab6ad6-dfa5-478d-82b4-4de78a0862d3,2026-04-25T17:21:54.197195-04:00,node-01,payments-api,502,True,normal,market_aware_v1,62.118,58.165,258.299,24.985,1.109,117.506,36.046,2.949
89216880-cea4-4aab-96b7-60fb7675f6e6,2026-04-25T17:21:54.207674-04:00,node-01,orders-api,502,True,normal,market_aware_v1,71.091,53.143,230.314,31.297,0.994,119.886,73.502,2.884
68fdff39-2b57-4014-bd23-fec9855080a6,2026-04-25T17:21:54.218078-04:00,node-01,checkout-api,503,True,normal,market_aware_v1,63.702,53.989,237.295,28.796,1.15,116.882,44.541,2.988
8f5c4eb2-7057-46b6-86db-3e312c872b37,2026-04-25T17:21:54.228499-04:00,node-01,payments-api,502,True,anomalous,market_aware_v1,65.643,59.692,266.644,24.878,1.192,126.802,26.104,3.271
f3bad0a1-4832-4c59-a9c6-09d2ae91a29d,2026-04-25T17:21:54.238891-04:00,node-01,orders-api,429,True,normal,market_aware_v1,67.228,52.491,221.607,31.296,1.029,111.903,65.835,2.697
508e96b1-b4d5-48ec-bb7f-b6404ba87c1d,2026-04-25T17:21:54.249334-04:00,node-01,checkout-api,502,True,anomalous,market_aware_v1,66.818,53.396,266.777,31.74,1.362,123.98,41.12,3.61
d6875b16-454f-4220-b3c0-12d32b7eb6b2,2026-04-25T17:21:54.259784-04:00,node-01,payments-api,429,True,anomalous,market_aware_v1,60.507,57.527,252.254,24.247,1.101,120.659,26.564,3.01
be682d7f-8667-45ee-8ec7-de90c8d7eddd,2026-04-25T17:21:54.270200-04:00,node-01,orders-api,500,True,normal,market_aware_v1,67.882,55.724,230.454,29.082,0.91,117.233,72.116,2.623
d65ba0bf-89a5-418a-9d91-45d7f89324db,2026-04-25T17:21:54.280631-04:00,node-01,checkout-api,503,True,anomalous,market_aware_v1,68.547,57.374,251.814,29.874,1.46,119.504,36.669,3.531
19cf53de-a31f-4f3f-9693-311d38692f9f,2026-04-25T17:21:54.291033-04:00,node-01,payments-api,503,True,normal,market_aware_v1,61.969,55.65,247.65,25.078,1.021,113.005,34.781,2.75
761fe6c9-5477-4376-9f57-5b9648e9edae,2026-04-25T17:21:54.301413-04:00,node-01,orders-api,503,True,normal,market_aware_v1,66.901,48.942,218.379,30.243,0.86,110.62,70.052,2.438
3b142fbf-e34d-453d-8703-0df39e44a8c6,2026-04-25T17:21:54.311886-04:00,node-01,checkout-api,500,True,normal,market_aware_v1,66.405,56.727,240.039,27.507,1.131,110.883,48.718,2.85
86b97467-76eb-4014-bde9-91f652ffa496,2026-04-25T17:21:54.322301-04:00,node-01,payments-api,503,True,anomalous,market_aware_v1,61.576,56.081,257.088,26.865,1.169,124.246,31.093,3.12
283445f5-e812-4c5d-9f68-df2636d35018,2026-04-25T17:21:54.332756-04:00,node-01,orders-api,500,True,anomalous,market_aware_v1,64.697,54.704,227.388,31.194,1.025,120.939,63.522,2.832
f6001293-c373-4cc5-b29f-e800e4dbba13,2026-04-25T17:21:54.343416-04:00,node-01,checkout-api,429,True,normal,market_aware_v1,62.254,55.585,257.081,28.085,1.254,117.77,46.219,3.077
440aeda3-1823-4360-ada3-63945dd5fd89,2026-04-25T17:21:54.353869-04:00,node-01,payments-api,500,True,normal,market_aware_v1,59.53,55.622,246.845,26.619,1.062,115.645,30.444,2.754
0c7ce663-592b-4a23-bbfd-71f91d3b2074,2026-04-25T17:21:54.364301-04:00,node-01,orders-api,429,True,normal,market_aware_v1,71.694,52.049,222.0,31.362,0.871,112.993,70.807,2.413
86434392-e376-4840-a89b-5f772db6f32d,2026-04-25T17:21:54.374754-04:00,node-01,checkout-api,502,True,normal,market_aware_v1,67.775,56.682,250.307,28.212,1.135,117.917,50.491,2.924
b5811d2d-f7be-408d-83a0-7afb67080ef4,2026-04-25T17:21:54.385176-04:00,node-01,payments-api,503,True,normal,market_aware_v1,66.378,58.94,251.981,24.067,1.105,119.933,32.406,3.009
96e241b5-d2ec-4ead-b68f-7f36375691fd,2026-04-25T17:21:54.395611-04:00,node-01,orders-api,502,True,anomalous,market_aware_v1,76.37,57.059,239.876,31.775,0.957,121.704,67.562,2.765
db2f6b16-4b12-402b-944d-4badd171b42a,2026-04-25T17:21:54.406062-04:00,node-01,checkout-api,429,True,anomalous,market_aware_v1,68.809,56.196,247.345,30.712,1.084,122.15,51.984,3.062
b1a87e3f-7321-4646-8d92-d644131a2b24,2026-04-25T17:21:54.416747-04:00,node-01,payments-api,503,True,anomalous,market_aware_v1,67.58,62.514,253.242,25.895,1.345,122.639,33.028,3.434
db76e8c3-b785-4030-8901-7389c01684a5,2026-04-25T17:21:54.427225-04:00,node-01,orders-api,502,True,normal,market_aware_v1,71.459,57.573,226.715,33.067,0.865,113.254,72.517,2.543
6dedaace-8cd2-4eab-9054-97597beb60c2,2026-04-25T17:21:54.437728-04:00,node-01,checkout-api,503,True,anomalous,market_aware_v1,70.483,59.488,257.649,28.513,1.272,123.009,47.718,3.269
38874846-14df-448f-94ea-466de19adb33,2026-04-25T17:21:54.448195-04:00,node-01,payments-api,503,True,anomalous,market_aware_v1,66.646,61.071,261.834,25.551,1.124,124.967,34.582,3.25
287cf262-a8ab-465c-9fcd-994d1b40222b,2026-04-25T17:21:54.458749-04:00,node-01,orders-api,429,True,normal,market_aware_v1,76.497,54.254,235.999,33.426,0.903,110.692,77.698,2.671
c2aa2d43-0f7c-42f3-8d93-dc3082d8a4b3,2026-04-25T17:21:54.469190-04:00,node-01,checkout-api,502,True,normal,market_aware_v1,73.865,59.771,251.133,29.954,1.188,119.497,47.77,3.091
6862c264-97c6-4aec-947b-9819b410bf38,2026-04-25T17:21:54.479615-04:00,node-01,payments-api,429,True,anomalous,market_aware_v1,71.734,58.637,270.049,29.525,1.104,121.358,39.273,3.249
b79abe9f-83cd-49cb-81ad-c6bcfd7316ef,2026-04-25T17:21:54.490086-04:00,node-01,orders-api,503,True,normal,market_aware_v1,76.433,55.026,237.4,34.105,0.952,119.282,75.077,2.822
52a60045-6bc6-495a-939f-4d988820b163,2026-04-25T17:21:54.500576-04:00,node-01,checkout-api,500,True,anomalous,market_aware_v1,74.842,59.676,251.775,29.569,1.096,121.642,49.319,3.122
839eb2d6-c46b-4f2f-a33f-a6b7c9699e3c,2026-04-25T17:21:54.511036-04:00,node-01,payments-api,500,True,anomalous,market_aware_v1,69.388,60.964,270.994,27.479,1.262,128.02,37.893,3.426
b527ef73-1ead-4ea4-a386-206a6858dfa7,2026-04-25T17:21:54.521573-04:00,node-01,orders-api,500,True,anomalous,market_aware_v1,78.328,57.221,240.009,32.421,1.221,121.551,68.242,3.079
dd12eb52-d043-417d-8c76-902f55b904d6,2026-04-25T17:21:54.532139-04:00,node-01,checkout-api,502,True,normal,market_aware_v1,66.29,59.277,243.837,31.406,1.15,118.802,53.327,3.075
50cdc21e-032a-48e2-8696-aad978954162,2026-04-25T17:21:54.542571-04:00,node-01,payments-api,500,True,normal,market_aware_v1,65.764,60.179,248.672,26.233,1.023,118.485,39.616,2.864
659cfb05-74d4-447f-9d66-a3d31ba49c5a,2026-04-25T17:21:54.553089-04:00,node-01,orders-api,500,True,anomalous,market_aware_v1,72.316,55.358,236.116,32.304,1.087,120.148,71.548,2.823
77f8d443-f39c-4a82-8549-b5ecf53f3f00,2026-04-25T17:21:54.563682-04:00,node-01,checkout-api,502,True,anomalous,market_aware_v1,73.871,61.245,274.92,30.66,1.565,135.913,37.07,4.001
84902760-69aa-4fdb-a761-3a7b207c6e10,2026-04-25T17:21:54.574148-04:00,node-01,payments-api,502,True,anomalous,market_aware_v1,63.228,62.691,265.491,27.937,1.118,119.436,34.037,3.017
bcb68bf8-54c9-41a4-a238-bba7af26ea51,2026-04-25T17:21:54.584623-04:00,node-01,orders-api,500,True,anomalous,market_aware_v1,72.268,53.574,233.644,32.086,1.073,125.437,70.492,3.065
e6609cac-7109-4ffe-8682-8b3409ef46c2,2026-04-25T17:21:54.595112-04:00,node-01,checkout-api,503,True,anomalous,market_aware_v1,66.719,55.723,264.684,30.019,1.356,125.218,44.301,3.581
a41a3bf8-b520-4bab-98a5-cc88352760e3,2026-04-25T17:21:54.605592-04:00,node-01,payments-api,503,True,anomalous,market_aware_v1,64.649,57.77,246.588,27.428,1.152,120.992,31.434,3.117
ecace384-7b24-4c57-9b9d-0951a7af7d7a,2026-04-25T17:21:54.616071-04:00,node-01,orders-api,502,True,normal,market_aware_v1,66.405,49.056,242.718,29.826,0.96,118.157,64.268,2.718
87b36e7b-da7b-40e8-a776-a32a4bddcde2,2026-04-25T17:21:54.626569-04:00,node-01,checkout-api,429,True,anomalous,market_aware_v1,66.751,55.737,248.598,30.781,1.265,119.067,45.28,3.229
f76a74e3-40f1-4149-954c-b345a7630e3c,2026-04-25T17:21:54.637047-04:00,node-01,payments-api,503,True,anomalous,market_aware_v1,57.94,54.295,258.558,26.395,1.084,122.503,32.335,3.149
acb487ae-0984-4580-b8ec-bcd4963a1b74,2026-04-25T17:21:54.647562-04:00,node-01,orders-api,429,True,anomalous,market_aware_v1,68.73,51.499,255.231,29.614,1.466,129.431,62.007,3.716
99965e7b-7242-4a37-9187-5dc3e8e50174,2026-04-25T17:21:54.657993-04:00,node-01,checkout-api,500,True,anomalous,market_aware_v1,69.011,56.201,250.174,29.331,1.473,123.563,33.026,3.603
67ad12c5-62a8-4959-af5a-416672530d75,2026-04-25T17:21:54.668518-04:00,node-01,payments-api,502,True,normal,market_aware_v1,57.052,54.35,248.95,23.855,0.938,119.18,24.772,2.885
501efddd-cdb2-473e-91c1-02a29107d6d5,2026-04-25T17:21:54.678989-04:00,node-01,orders-api,500,True,normal,market_aware_v1,64.233,50.049,229.569,29.868,0.981,109.103,59.239,2.525
1525d371-e866-40ed-818a-b6aa0ce7410e,2026-04-25T17:21:54.689475-04:00,node-01,checkout-api,503,True,normal,market_aware_v1,63.847,52.728,241.824,28.249,1.107,113.084,35.65,2.895
58b1be04-1475-4f71-a27a-163c4aa50170,2026-04-25T17:21:54.699945-04:00,node-01,payments-api,502,True,normal,market_aware_v1,59.168,53.25,243.458,25.311,1.055,116.1,23.036,2.813
13a783de-0adf-4f37-b4e7-bcad55c2bef4,2026-04-25T17:21:54.710438-04:00,node-01,orders-api,500,True,normal,market_aware_v1,63.041,50.675,217.059,28.426,0.899,109.079,63.432,2.406
4150193f-68ca-4ed5-a949-0e92a38f605e,2026-04-25T17:21:54.720829-04:00,node-01,checkout-api,502,True,anomalous,market_aware_v1,60.751,51.17,261.612,26.42,1.311,130.774,35.835,3.597
eeee8579-a6d9-48be-accb-19d972f69d05,2026-04-25T17:21:54.731228-04:00,node-01,payments-api,500,True,anomalous,market_aware_v1,65.961,58.215,273.49,25.978,1.442,123.075,18.294,3.582
4f38364e-a0cc-4828-9784-2f0693d83e83,2026-04-25T17:21:54.741595-04:00,node-01,orders-api,503,True,anomalous,market_aware_v1,71.292,51.609,248.827,30.788,1.243,123.677,62.968,3.249
4bc97bfb-de69-4ed9-9092-54c23381c7eb,2026-04-25T17:21:54.751991-04:00,node-01,checkout-api,500,True,normal,market_aware_v1,67.483,52.216,247.074,27.221,1.206,116.694,41.316,3.088
4d783f1a-2d70-4dfc-b2c4-ad010c198fb0,2026-04-25T17:21:54.762385-04:00,node-01,payments-api,429,True,normal,market_aware_v1,62.255,52.996,249.412,22.738,1.047,116.864,35.623,2.889
5b84b19f-d763-4366-a768-1a6ead6cb625,2026-04-25T17:21:54.772776-04:00,node-01,orders-api,500,True,normal,market_aware_v1,66.548,49.755,228.182,27.778,0.88,114.169,66.511,2.641
a1e58c46-d165-4338-95f9-7ed4191952b4,2026-04-25T17:21:54.783156-04:00,node-01,checkout-api,500,True,normal,market_aware_v1,69.283,54.5,246.471,26.121,1.133,118.86,43.972,2.911
ae34b0a6-2231-4d0f-8cc3-4dacdeb772ac,2026-04-25T17:21:54.793624-04:00,node-01,payments-api,500,True,anomalous,market_aware_v1,59.727,54.991,260.514,25.739,1.162,123.571,32.008,3.217
cd4846c8-8b5a-4bda-8e55-d2b0dc7d1ddc,2026-04-25T17:21:54.804032-04:00,node-01,orders-api,503,True,normal,market_aware_v1,67.341,56.029,219.361,31.981,0.926,114.884,63.616,2.595
9c1532fa-ca65-4c30-94b9-69b113324637,2026-04-25T17:21:54.814436-04:00,node-01,checkout-api,502,True,normal,market_aware_v1,68.772,56.748,235.945,28.879,1.097,114.924,50.22,2.764
59e4e000-9bae-404d-9b62-257d8cb58790,2026-04-25T17:21:54.824858-04:00,node-01,payments-api,429,True,normal,market_aware_v1,64.046,59.542,259.332,25.425,1.1,119.506,28.702,2.849
d3c76073-9df8-42ae-85dc-aa2d2a5fbf18,2026-04-25T17:21:54.835250-04:00,node-01,orders-api,503,True,normal,market_aware_v1,70.826,52.997,236.06,31.551,1.037,119.551,68.397,2.853
dc4a7f3d-ee2b-4ac6-b588-3a5c244e935f,2026-04-25T17:21:54.845678-04:00,node-01,checkout-api,503,True,normal,market_aware_v1,68.523,58.065,247.256,29.651,1.088,115.146,51.49,2.808
5a86cc6b-16ea-47e4-a5aa-46ad20ce24eb,2026-04-25T17:21:54.856099-04:00,node-01,payments-api,503,True,anomalous,market_aware_v1,67.628,60.51,278.101,28.073,1.378,135.775,26.564,3.812
0458bfeb-a65c-45a5-b76e-7f87a7899ab7,2026-04-25T17:21:54.866530-04:00,node-01,orders-api,500,True,anomalous,market_aware_v1,73.558,55.251,229.829,32.511,1.034,123.139,63.899,2.939
313c214e-4623-4ff2-9359-4b2cb23fc543,2026-04-25T17:21:54.876915-04:00,node-01,checkout-api,500,True,normal,market_aware_v1,72.485,56.59,251.25,31.823,1.091,115.632,55.091,2.863
50ee366b-14ad-4779-b37d-a0b1f771e780,2026-04-25T17:21:54.887292-04:00,node-01,payments-api,503,True,anomalous,market_aware_v1,65.754,61.158,253.527,26.956,1.089,126.436,30.393,3.124
cb0d30fd-b3df-494a-b695-b712febc2313,2026-04-25T17:21:54.897668-04:00,node-01,orders-api,503,True,normal,market_aware_v1,68.465,55.385,221.848,32.102,0.911,109.484,74.739,2.531
d2d5c09f-1432-4827-882b-37f6af0e7efe,2026-04-25T17:21:54.908060-04:00,node-01,checkout-api,503,True,anomalous,market_aware_v1,70.699,56.336,255.394,29.51,1.162,124.66,46.323,3.212
a11b2cd5-3b16-4fec-9031-ea2e8868dd73,2026-04-25T17:21:54.918529-04:00,node-01,payments-api,500,True,anomalous,market_aware_v1,69.624,62.707,254.199,26.5,1.207,125.931,38.102,3.142
434a6cad-e0d4-4078-bd03-73f8ea6fff31,2026-04-25T17:21:54.928994-04:00,node-01,orders-api,502,True,anomalous,market_aware_v1,73.388,56.131,232.438,31.876,1.043,121.734,69.566,2.84
43d5faf6-8c11-466f-aca7-c886c64eda38,2026-04-25T17:21:54.939516-04:00,node-01,checkout-api,503,True,normal,market_aware_v1,71.387,55.272,243.323,28.393,1.153,118.948,48.887,3.121
ad9e89e6-3420-4277-a9b1-405caed4bf4c,2026-04-25T17:21:54.950115-04:00,node-01,payments-api,500,True,anomalous,market_aware_v1,67.691,63.091,269.593,26.661,1.158,126.125,33.786,3.155
f8adcbf8-f134-4a53-a434-57144040939d,2026-04-25T17:21:54.960734-04:00,node-01,orders-api,500,True,anomalous,market_aware_v1,73.107,55.885,254.557,32.207,1.147,128.181,74.992,3.404
e9692b3e-1c5f-46ff-b839-02acac51a0a0,2026-04-25T17:21:54.971349-04:00,node-01,checkout-api,429,True,anomalous,market_aware_v1,70.692,53.386,254.504,29.036,1.137,120.965,43.282,3.073
c85c2116-e1bf-4f8c-9fb9-7e6047eaa418,2026-04-25T17:21:54.982025-04:00,node-01,payments-api,500,True,anomalous,market_aware_v1,67.379,55.558,277.642,25.736,1.199,132.859,28.748,3.343
0be511f7-b718-455f-a829-c5ff2bf83499,2026-04-25T17:21:54.992656-04:00,node-01,orders-api,503,True,anomalous,market_aware_v1,72.556,50.701,233.469,29.987,1.055,128.517,64.752,2.983
02ac00f3-73cf-43cc-8690-5c3725a994bd,2026-04-25T17:21:55.003226-04:00,node-01,checkout-api,500,True,anomalous,market_aware_v1,69.562,54.292,251.433,28.378,1.209,121.729,45.763,3.172
c8906d13-1d2a-4010-9134-91e323130905,2026-04-25T17:21:55.013760-04:00,node-01,payments-api,502,True,anomalous,market_aware_v1,62.784,55.669,266.347,26.73,1.158,127.329,28.265,3.167
ecd2a27d-34b2-4f44-8ae2-ba071e0dac9a,2026-04-25T17:21:55.024153-04:00,node-01,orders-api,503,True,normal,market_aware_v1,63.56,48.983,229.691,28.778,0.994,111.837,70.633,2.652
b9c457a5-5c41-4be9-a873-aa0b44f77b01,2026-04-25T17:21:55.034593-04:00,node-01,checkout-api,502,True,anomalous,market_aware_v1,72.629,57.497,278.383,30.914,1.652,131.013,38.812,4.056
5633bd93-e4c9-40d1-b7f1-3a85482854e2,2026-04-25T17:21:55.044975-04:00,node-01,payments-api,502,True,anomalous,market_aware_v1,60.25,57.315,261.612,23.75,1.187,122.822,30.141,3.124
4d869c41-c5ca-4cff-be6f-5e9e38c79d45,2026-04-25T17:21:55.055407-04:00,node-01,orders-api,503,True,normal,market_aware_v1,67.65,50.897,231.922,28.98,1.008,112.23,60.931,2.612
5c22b6d2-1f98-4a30-9685-37b9346141f4,2026-04-25T17:21:55.065798-04:00,node-01,checkout-api,502,True,anomalous,market_aware_v1,71.47,54.013,266.881,29.583,1.46,126.237,36.003,3.631
481ff81d-aeee-42a7-b195-c2ea7faddbaa,2026-04-25T17:21:55.076172-04:00,node-01,payments-api,500,True,anomalous,market_aware_v1,62.688,57.386,271.573,23.87,1.114,122.611,27.625,3.182
f2dd5e13-fcb7-4350-96b6-a88f6afa6c78,2026-04-25T17:21:55.086692-04:00,node-01,orders-api,429,True,anomalous,market_aware_v1,70.49,51.291,251.234,29.623,1.091,124.704,55.121,2.954
755613c7-440f-47c4-87bc-f352bf576047,2026-04-25T17:21:55.097192-04:00,node-01,checkout-api,500,True,normal,market_aware_v1,60.674,54.49,219.925,27.832,1.038,115.245,43.049,2.87
0acd394f-756b-4142-a1c4-03d8068cd457,2026-04-25T17:21:55.107652-04:00,node-01,payments-api,500,True,anomalous,market_aware_v1,62.959,55.315,262.329,23.822,1.17,123.244,33.582,3.188
92b63d79-450a-4472-a7b6-f5257e5b7bad,2026-04-25T17:21:55.118056-04:00,node-01,orders-api,502,True,normal,market_aware_v1,71.765,50.094,228.59,29.284,1.01,118.144,67.345,2.733
0ed5694b-0720-4a67-b1f9-ebd1e733808d,2026-04-25T17:21:55.128456-04:00,node-01,checkout-api,503,True,anomalous,market_aware_v1,67.529,54.588,259.848,28.844,1.567,126.549,37.013,3.653
6fae0823-b169-4f0d-96a0-2cbc1d15d0a4,2026-04-25T17:21:55.138853-04:00,node-01,payments-api,503,True,anomalous,market_aware_v1,64.979,58.954,258.995,28.098,1.079,121.549,28.747,3.018
df6742e6-38fb-4c12-b791-d3213a2a70eb,2026-04-25T17:21:55.149232-04:00,node-01,orders-api,500,True,anomalous,market_aware_v1,68.845,51.637,237.703,30.996,1.026,121.967,68.411,2.902
5d74cb6b-aef1-41e8-ab42-fcf0397a169a,2026-04-25T17:21:55.159675-04:00,node-01,checkout-api,503,True,normal,market_aware_v1,70.436,56.531,242.254,29.514,1.175,112.89,49.103,2.925
a7253d26-0356-46f8-b479-47496e623440,2026-04-25T17:21:55.170051-04:00,node-01,payments-api,503,True,anomalous,market_aware_v1,67.333,57.907,266.121,27.174,1.127,124.194,35.397,2.979
2fe5c9cd-11f2-4f86-8ba0-20a330da8f27,2026-04-25T17:21:55.180462-04:00,node-01,orders-api,503,True,normal,market_aware_v1,73.999,51.63,241.956,32.434,0.994,118.787,64.635,2.798
68bda483-7189-4247-9090-42b0f10b7c44,2026-04-25T17:21:55.190846-04:00,node-01,checkout-api,500,True,anomalous,market_aware_v1,69.451,57.232,251.375,29.673,1.166,122.53,45.73,3.135
38f89d37-71db-4d32-b8be-b72f9d3e1408,2026-04-25T17:21:55.201244-04:00,node-01,payments-api,429,True,anomalous,market_aware_v1,68.903,56.499,266.403,26.979,1.113,127.419,34.134,3.161
a7a3d78c-1d8c-4a24-a381-6793f6674c95,2026-04-25T17:21:55.211676-04:00,node-01,orders-api,503,True,anomalous,market_aware_v1,79.559,58.733,249.718,34.261,1.323,126.834,61.893,3.312
829273ce-de12-48b5-a0f0-95b738424cab,2026-04-25T17:21:55.222065-04:00,node-01,checkout-api,502,True,normal,market_aware_v1,70.564,59.112,251.408,29.371,1.175,116.042,52.4,2.928
cca61601-02a3-4911-a33c-bccd3f23f0e4,2026-04-25T17:21:55.232420-04:00,node-01,payments-api,503,True,anomalous,market_aware_v1,68.484,60.913,256.205,27.964,1.207,124.896,39.025,3.345
a9f89b72-74b4-4b0b-8a48-492dc140d2f7,2026-04-25T17:21:55.242848-04:00,node-01,orders-api,503,True,anomalous,market_aware_v1,77.674,55.01,234.47,33.815,0.998,120.929,73.696,2.972
ec7da021-880c-4c9d-95a4-aaaf12657f8d,2026-04-25T17:21:55.253264-04:00,node-01,checkout-api,500,True,anomalous,market_aware_v1,72.63,61.131,254.864,29.347,1.21,120.126,51.511,3.027
98b2d8d5-b841-4e8d-9665-189b46fa9a1c,2026-04-25T17:21:55.263686-04:00,node-01,payments-api,503,True,anomalous,market_aware_v1,71.111,61.957,285.916,29.236,1.205,128.419,38.882,3.277
042ee179-238f-405b-8829-2bdcaea2b0be,2026-04-25T17:21:55.274082-04:00,node-01,orders-api,429,True,anomalous,market_aware_v1,75.73,56.329,234.747,31.293,0.957,120.6,77.211,2.793
a06b95ff-3fa9-4389-b81b-a66b2c2c8f9e,2026-04-25T17:21:55.284508-04:00,node-01,checkout-api,503,True,anomalous,market_aware_v1,75.009,59.537,269.1,31.242,1.239,126.167,52.294,3.329
e6030a47-a4fb-4b7a-b014-12ee99f4ceaa,2026-04-25T17:21:55.295036-04:00,node-01,payments-api,429,True,anomalous,market_aware_v1,76.95,65.55,317.393,28.937,1.829,146.733,27.042,4.436
7ea62d77-8c5b-4fa6-9a7a-070a7d63081d,2026-04-25T17:21:55.305408-04:00,node-01,orders-api,503,True,normal,market_aware_v1,74.882,58.649,230.584,30.669,1.066,117.326,77.596,2.707
3c7cbf8d-a08f-43ae-815b-13e4b171d296,2026-04-25T17:21:55.315821-04:00,node-01,checkout-api,502,True,anomalous,market_aware_v1,73.457,59.678,260.817,29.257,1.204,123.794,52.328,3.184
94ee9deb-35bd-4c9f-9b46-ff5c029e7ed5,2026-04-25T17:21:55.326221-04:00,node-01,payments-api,429,True,anomalous,market_aware_v1,71.127,57.853,270.802,27.483,1.185,129.728,37.215,3.253
9e65ea60-0bc6-47bf-a081-cfa6477c4902,2026-04-25T17:21:55.336657-04:00,node-01,orders-api,503,True,anomalous,market_aware_v1,70.331,54.772,236.867,30.411,1.069,125.935,71.342,3.029
0fd55add-5488-40a2-a601-934ee0286194,2026-04-25T17:21:55.347046-04:00,node-01,checkout-api,500,True,anomalous,market_aware_v1,73.549,56.431,255.792,30.335,1.207,123.0,46.182,3.167
1a2cd588-c351-4084-bf3e-b9c3d422f0c0,2026-04-25T17:21:55.357432-04:00,node-01,payments-api,429,True,anomalous,market_aware_v1,65.337,59.867,254.222,26.171,1.165,122.676,33.82,3.143
491968d3-98ea-481e-aa9b-3e97e655a6a6,2026-04-25T17:21:55.367819-04:00,node-01,orders-api,503,True,anomalous,market_aware_v1,73.24,57.265,242.267,32.575,1.364,124.873,65.4,3.432
86b36bc8-5ea9-47d5-b7f2-ae5bebf75be6,2026-04-25T17:21:55.378234-04:00,node-01,checkout-api,429,True,anomalous,market_aware_v1,68.336,55.974,259.756,27.495,1.224,124.189,48.142,3.081
a358d124-a99e-4b16-83dd-20e0a937e8a5,2026-04-25T17:21:55.388660-04:00,node-01,payments-api,500,True,anomalous,market_aware_v1,66.131,59.8,263.561,26.211,1.254,129.848,30.538,3.501
e413c74e-1f78-4d59-ac4a-96ca7e4581f7,2026-04-25T17:21:55.399035-04:00,node-01,orders-api,429,True,normal,market_aware_v1,68.462,52.377,218.608,30.77,0.878,109.491,72.287,2.51
12f1971e-a85b-457d-8ce2-57cf5b39e58c,2026-04-25T17:21:55.409419-04:00,node-01,checkout-api,503,True,anomalous,market_aware_v1,73.725,56.232,263.502,30.067,1.646,126.967,32.44,3.847
0e7f69b0-4daf-49ec-87f8-812e6c2536f3,2026-04-25T17:21:55.419858-04:00,node-01,payments-api,503,True,normal,market_aware_v1,59.128,59.087,245.852,23.524,1.092,115.161,37.305,2.912
991b5653-6f8c-4028-8faf-83b26eaff481,2026-04-25T17:21:55.430239-04:00,node-01,orders-api,503,True,anomalous,market_aware_v1,71.115,53.013,239.314,31.589,1.358,125.158,56.251,3.392
09d3421f-4510-41dd-9ccd-e4880bf8b853,2026-04-25T17:21:55.440716-04:00,node-01,checkout-api,503,True,anomalous,market_aware_v1,67.313,53.519,260.213,27.486,1.309,131.332,34.007,3.498
86c21efd-60f5-44ed-a834-1715d8ea1233,2026-04-25T17:21:55.451110-04:00,node-01,payments-api,500,True,anomalous,market_aware_v1,55.362,53.986,257.677,23.63,1.221,123.825,22.029,3.208
acdb45d0-c40f-4e0d-8eac-0a1a474a4bb8,2026-04-25T17:21:55.461537-04:00,node-01,orders-api,429,True,normal,market_aware_v1,65.615,52.88,216.736,30.236,0.871,113.631,60.325,2.566
c856ddc2-87dd-453b-8041-fbdbd159daad,2026-04-25T17:21:55.471906-04:00,node-01,checkout-api,429,True,anomalous,market_aware_v1,67.515,58.798,272.472,28.259,1.625,132.554,27.356,3.825
f531e1bc-b3fd-4123-9211-50e999da790d,2026-04-25T17:21:55.482285-04:00,node-01,payments-api,429,True,anomalous,market_aware_v1,58.28,54.807,259.586,22.724,1.141,122.435,27.976,3.043
21f0627a-c5b8-4a71-bc25-68ba2874e48d,2026-04-25T17:21:55.492686-04:00,node-01,orders-api,429,True,anomalous,market_aware_v1,63.503,48.892,229.951,30.784,0.943,123.053,60.557,2.878
31afb7c2-6f89-4ae6-b5ad-bfd0f1c2ff8b,2026-04-25T17:21:55.503122-04:00,node-01,checkout-api,429,True,normal,market_aware_v1,62.947,53.803,240.209,28.829,1.147,118.097,40.607,3.052
8dca435d-3e67-464f-9efc-2cbad4f5032c,2026-04-25T17:21:55.513576-04:00,node-01,payments-api,502,True,anomalous,market_aware_v1,59.752,53.786,254.18,26.479,1.164,124.867,26.62,3.157
c506b1de-c15a-464f-9196-ec24285de485,2026-04-25T17:21:55.523971-04:00,node-01,orders-api,429,True,anomalous,market_aware_v1,67.573,49.629,239.629,29.859,1.287,126.303,53.412,3.523
844635c7-d1ba-4813-a932-c6823d00811d,2026-04-25T17:21:55.534349-04:00,node-01,checkout-api,503,True,anomalous,market_aware_v1,64.749,54.806,251.066,27.735,1.285,123.646,34.935,3.386
1bdb8b8d-9ed9-4be5-be69-ee426393f7e7,2026-04-25T17:21:55.544793-04:00,node-01,payments-api,500,True,normal,market_aware_v1,59.814,55.053,256.053,24.77,1.148,118.935,33.954,3.019
37598860-20d0-4e36-ad1e-671a5f08abde,2026-04-25T17:21:55.555255-04:00,node-01,orders-api,503,True,normal,market_aware_v1,70.021,54.836,223.425,27.969,1.036,115.173,65.452,2.904
6da90676-f811-4aee-9a30-da04ac43ef53,2026-04-25T17:21:55.565723-04:00,node-01,checkout-api,503,True,anomalous,market_aware_v1,68.877,55.807,262.442,28.616,1.294,126.107,40.108,3.296
e8133c26-ff2f-4aaa-956c-be0247dc8fbc,2026-04-25T17:21:55.576100-04:00,node-01,payments-api,503,True,normal,market_aware_v1,64.265,57.123,254.035,27.01,1.038,112.61,35.007,2.697
b0ead2e8-7457-49a2-b1d5-7999231fcad3,2026-04-25T17:21:55.586520-04:00,node-01,orders-api,502,True,normal,market_aware_v1,68.066,51.819,238.1,27.66,1.008,119.976,65.101,2.752
6e56a27f-6348-4ab4-b781-4bf3013df65b,2026-04-25T17:21:55.596925-04:00,node-01,checkout-api,429,True,normal,market_aware_v1,66.753,57.137,240.847,27.501,1.183,117.088,47.953,3.104
a1e2462d-9884-436e-9100-861981eb1d86,2026-04-25T17:21:55.607366-04:00,node-01,payments-api,429,True,anomalous,market_aware_v1,64.722,58.37,261.448,25.615,1.177,128.537,32.008,3.185
f3b05839-ef41-464b-88c6-352eaf246f23,2026-04-25T17:21:55.617808-04:00,node-01,orders-api,502,True,anomalous,market_aware_v1,69.396,54.262,245.413,31.374,1.045,121.283,63.195,2.843
82be04f6-d3b2-49fd-a7f7-652f7b2650d4,2026-04-25T17:21:55.628197-04:00,node-01,checkout-api,500,True,anomalous,market_aware_v1,67.402,57.352,248.715,29.422,1.229,121.017,49.597,3.134
bab7a44c-c9e0-4ad2-8d08-419ac0444208,2026-04-25T17:21:55.638634-04:00,node-01,payments-api,502,True,normal,market_aware_v1,67.456,58.524,247.234,25.198,1.104,119.75,35.707,3.074
70ec9935-d159-4a25-8184-a8c5babe7eeb,2026-04-25T17:21:55.649195-04:00,node-01,orders-api,503,True,anomalous,market_aware_v1,76.608,55.037,245.88,32.311,1.109,122.274,68.285,2.94
051ee33c-d105-43a0-997e-da0a4921dfd4,2026-04-25T17:21:55.659683-04:00,node-01,checkout-api,502,True,anomalous,market_aware_v1,74.962,59.702,274.258,26.371,1.341,126.186,51.304,3.602
63026e9e-36b9-45ae-921d-df6cc6fd2def,2026-04-25T17:21:55.670156-04:00,node-01,payments-api,502,True,anomalous,market_aware_v1,65.582,62.17,257.364,28.362,1.051,120.714,40.058,2.959
336a418f-517c-4698-8a06-fb1da8c06e91,2026-04-25T17:21:55.680617-04:00,node-01,orders-api,429,True,normal,market_aware_v1,72.431,55.547,242.317,34.39,1.055,117.703,74.604,2.904
b577a68a-6857-4202-b7ca-40f24135c508,2026-04-25T17:21:55.691070-04:00,node-01,checkout-api,500,True,anomalous,market_aware_v1,73.588,59.212,264.07,29.378,1.276,127.517,48.712,3.349
facaa1c7-8169-455f-9b40-86d7d53897a6,2026-04-25T17:21:55.701610-04:00,node-01,payments-api,503,True,normal,market_aware_v1,60.767,59.86,242.006,27.621,1.033,116.79,32.76,2.911
290befc8-5578-4a13-adef-c2c26a6d7cd8,2026-04-25T17:21:55.712074-04:00,node-01,orders-api,502,True,normal,market_aware_v1,72.298,52.862,224.368,30.51,0.94,116.126,71.486,2.574
963e4a07-d6ee-46e2-b701-6fd62622e187,2026-04-25T17:21:55.722565-04:00,node-01,checkout-api,502,True,anomalous,market_aware_v1,72.342,58.499,250.084,26.701,1.216,120.464,48.118,3.193
5f320fe3-2897-4a06-8b1c-6f2f0be3a3c4,2026-04-25T17:21:55.733023-04:00,node-01,payments-api,503,True,anomalous,market_aware_v1,69.474,59.22,275.5,28.296,1.151,134.973,33.066,3.457
7a78a7d9-99cd-40c8-ab9f-4472e5d56f1d,2026-04-25T17:21:55.743571-04:00,node-01,orders-api,429,True,normal,market_aware_v1,71.674,55.324,226.555,30.73,1.002,114.647,69.44,2.589
5889f7fe-f6d9-426f-a3dd-5c3bea384cba,2026-04-25T17:21:55.754128-04:00,node-01,checkout-api,500,True,anomalous,market_aware_v1,74.189,58.938,255.188,29.664,1.201,125.162,43.551,3.166
3c2ba270-0a11-46c5-b762-568096d3a517,2026-04-25T17:21:55.764547-04:00,node-01,payments-api,500,True,anomalous,market_aware_v1,65.798,59.143,266.742,25.431,1.201,128.568,32.561,3.238
013e9259-d40d-404d-a498-493a69167153,2026-04-25T17:21:55.775051-04:00,node-01,orders-api,429,True,anomalous,market_aware_v1,70.923,53.241,244.623,32.747,1.112,122.475,60.149,2.947
23bb0708-6071-4f02-8872-a5b440887e69,2026-04-25T17:21:55.785628-04:00,node-01,checkout-api,429,True,normal,market_aware_v1,66.883,55.743,254.324,26.636,1.168,115.477,50.512,3.013
9cf42006-f484-4fb7-8ae1-091e65e9a645,2026-04-25T17:21:55.796106-04:00,node-01,payments-api,500,True,normal,market_aware_v1,66.609,57.105,262.818,22.76,1.071,118.531,29.311,2.872
08bceaa7-48d3-4931-bf2b-6352428719e6,2026-04-25T17:21:55.806568-04:00,node-01,orders-api,502,True,normal,market_aware_v1,69.091,52.376,223.213,31.115,1.01,116.857,71.096,2.679
607ed3d7-f498-4d0c-a74f-daccee1a4c8d,2026-04-25T17:21:55.816990-04:00,node-01,checkout-api,500,True,anomalous,market_aware_v1,69.887,56.365,245.727,29.353,1.124,121.468,43.124,3.061
8682cd5e-058f-483a-b99c-e2d0e8850d4c,2026-04-25T17:21:55.827514-04:00,node-01,payments-api,502,True,normal,market_aware_v1,57.502,58.636,247.656,24.867,1.029,113.435,34.129,2.737
346eb7cc-4463-445d-9e37-cfe6ba4efa80,2026-04-25T17:21:55.838097-04:00,node-01,orders-api,500,True,normal,market_aware_v1,66.022,54.168,228.29,30.613,0.942,115.461,65.975,2.584
c85467c5-4dc8-45fa-917c-f23ec51b8f3b,2026-04-25T17:21:55.848618-04:00,node-01,checkout-api,502,True,anomalous,market_aware_v1,65.133,60.917,254.58,28.672,1.494,121.608,34.71,3.544
04ee76cc-b16b-440c-b7f9-955e9417b854,2026-04-25T17:21:55.859104-04:00,node-01,payments-api,429,True,anomalous,market_aware_v1,65.289,57.025,267.762,26.363,1.182,120.361,35.687,3.14
05d70eaa-6062-42a1-a549-30d6946e63a0,2026-04-25T17:21:55.869571-04:00,node-01,orders-api,503,True,anomalous,market_aware_v1,69.43,49.271,245.797,29.272,0.99,121.502,61.99,2.83
156c0d11-4702-4f26-960d-b570234f0ee1,2026-04-25T17:21:55.880046-04:00,node-01,checkout-api,503,True,normal,market_aware_v1,67.7,51.044,241.778,28.059,1.036,113.069,44.747,2.78
c30c6d03-87c9-475a-addf-cb80982489a6,2026-04-25T17:21:55.890539-04:00,node-01,payments-api,500,True,anomalous,market_aware_v1,61.19,58.527,266.15,26.065,1.244,127.383,28.292,3.389
9c436b27-602a-4559-8ac9-a7fcf9163db2,2026-04-25T17:21:55.900995-04:00,node-01,orders-api,500,True,anomalous,market_aware_v1,69.161,55.547,241.614,29.26,1.013,121.059,62.714,2.91
cfaa01cd-05cf-4577-a9e6-29f09e59a7d3,2026-04-25T17:21:55.911479-04:00,node-01,checkout-api,502,True,anomalous,market_aware_v1,66.749,53.67,255.66,28.44,1.115,127.325,40.847,3.292
16b32f8d-6d00-4a51-a9c9-1c2625acabd6,2026-04-25T17:21:55.921946-04:00,node-01,payments-api,429,True,anomalous,market_aware_v1,67.927,59.051,272.171,23.142,1.201,129.079,24.644,3.142
87f66fff-6dae-4902-ba5f-cf1902b28d6b,2026-04-25T17:21:55.932433-04:00,node-01,orders-api,502,True,anomalous,market_aware_v1,71.495,53.618,234.405,31.185,1.062,120.05,65.031,2.789
acd0d753-4610-4cf2-b5cf-f11cb3c0a0a4,2026-04-25T17:21:55.942926-04:00,node-01,checkout-api,503,True,anomalous,market_aware_v1,70.162,58.894,248.894,30.183,1.152,120.8,42.208,3.101
0530c5bd-c4de-4e0c-8814-572a1d2cb398,2026-04-25T17:21:55.953366-04:00,node-01,payments-api,502,True,anomalous,market_aware_v1,71.205,55.327,270.606,26.701,1.089,124.599,27.629,3.124
fc2b28b3-b3dc-403a-9d77-693b20727f0e,2026-04-25T17:21:55.963928-04:00,node-01,orders-api,503,True,anomalous,market_aware_v1,74.237,52.005,242.425,29.35,1.07,127.368,61.921,2.964
d233b81a-e26a-4755-81b0-39c1055bc2d4,2026-04-25T17:21:55.974411-04:00,node-01,checkout-api,500,True,anomalous,market_aware_v1,71.124,57.221,243.838,28.46,1.17,121.647,44.678,3.062
448ea8c6-9356-4e15-92a8-b1f7e0e8a912,2026-04-25T17:21:55.984881-04:00,node-01,payments-api,500,True,anomalous,market_aware_v1,69.791,61.752,277.217,29.69,1.506,130.109,32.742,3.681
884319be-97fc-4fd3-84a5-383a42a34157,2026-04-25T17:21:55.995369-04:00,node-01,orders-api,502,True,normal,market_aware_v1,75.37,56.113,242.856,31.146,0.981,118.463,76.859,2.666
9c033a90-a29d-4329-8089-f30c284a61a1,2026-04-25T17:21:56.005854-04:00,node-01,checkout-api,429,True,anomalous,market_aware_v1,73.264,60.371,255.86,31.229,1.528,127.544,42.306,3.603
f77b1b1a-8d08-4747-8485-f6903afbd7a0,2026-04-25T17:21:56.016402-04:00,node-01,payments-api,503,True,anomalous,market_aware_v1,68.993,67.978,294.362,30.31,1.42,135.521,34.258,3.842
0ff31572-02a0-4dd8-a794-145b29b9a1ed,2026-04-25T17:21:56.026947-04:00,node-01,orders-api,500,True,anomalous,market_aware_v1,74.114,57.374,237.35,34.55,1.033,122.202,77.108,2.901
9883fc6d-85f2-4d9d-8444-e5fea05bf8f9,2026-04-25T17:21:56.037515-04:00,node-01,checkout-api,429,True,anomalous,market_aware_v1,69.909,59.756,262.804,30.695,1.25,126.762,52.941,3.319
018953e8-d7b3-439a-8ecc-551d2a7a16df,2026-04-25T17:21:56.048095-04:00,node-01,payments-api,503,True,anomalous,market_aware_v1,68.597,65.173,272.451,30.343,1.188,131.448,35.239,3.373
0456eaa1-21b0-4d6a-8d33-d28a941b6515,2026-04-25T17:21:56.058662-04:00,node-01,orders-api,500,True,normal,market_aware_v1,73.221,58.766,224.356,32.396,0.97,117.034,79.528,2.767
6ffd59d4-329f-45e7-9dc3-e1d7da3840da,2026-04-25T17:21:56.069145-04:00,node-01,checkout-api,502,True,anomalous,market_aware_v1,73.398,62.248,255.854,29.428,1.129,124.106,55.162,3.142
9517fa9c-6f94-4237-b132-0ba405d2fa1d,2026-04-25T17:21:56.079572-04:00,node-01,payments-api,500,True,anomalous,market_aware_v1,75.085,63.937,290.746,31.321,1.556,140.788,28.284,3.963
df402f43-5e03-4a43-a8d5-05649369d55b,2026-04-25T17:21:56.090029-04:00,node-01,orders-api,503,True,normal,market_aware_v1,73.804,56.097,230.294,33.538,0.851,117.432,77.156,2.66
cffeefd5-111c-46b0-ac57-59b282aad496,2026-04-25T17:21:56.100593-04:00,node-01,checkout-api,503,True,anomalous,market_aware_v1,75.241,59.276,251.096,29.733,1.245,123.279,55.089,3.322
dbdaf7a9-ed01-4631-ba7b-a352d31c7f04,2026-04-25T17:21:56.111094-04:00,node-01,payments-api,429,True,anomalous,market_aware_v1,64.253,60.272,263.459,30.716,1.094,122.167,39.644,2.89
02c7f46c-a40b-4452-b2fc-29a7a7db7e6e,2026-04-25T17:21:56.121589-04:00,node-01,orders-api,500,True,anomalous,market_aware_v1,74.406,54.275,250.118,36.262,1.109,128.5,70.679,3.012
e1131221-c8d7-48ec-ae09-1ffd3f713369,2026-04-25T17:21:56.132146-04:00,node-01,checkout-api,503,True,anomalous,market_aware_v1,72.219,58.993,280.527,30.545,1.557,136.295,38.185,3.815
b1b77235-697e-4777-93ee-2d871ac87066,2026-04-25T17:21:56.142588-04:00,node-01,payments-api,502,True,anomalous,market_aware_v1,70.522,60.285,282.622,26.492,1.282,141.028,28.028,3.656
53e1ad29-4f54-4120-b44f-fa411647e3a8,2026-04-25T17:21:56.153058-04:00,node-01,orders-api,500,True,anomalous,market_aware_v1,71.675,54.922,251.855,33.757,1.197,128.582,63.05,3.375
d32ebceb-a1e3-4c8d-992e-d980eb27932e,2026-04-25T17:21:56.163608-04:00,node-01,checkout-api,429,True,anomalous,market_aware_v1,72.567,54.248,256.745,28.132,1.196,126.558,48.947,3.236
d0ac30ba-75d9-4e6f-b878-61cb2a1ebaba,2026-04-25T17:21:56.174080-04:00,node-01,payments-api,502,True,anomalous,market_aware_v1,63.858,57.593,255.847,23.554,1.208,120.018,28.614,3.148
73500632-a7c1-4ada-8b4f-a2887c2ca7f8,2026-04-25T17:21:56.184567-04:00,node-01,orders-api,503,True,anomalous,market_aware_v1,72.392,54.517,250.858,30.971,1.089,122.185,64.448,2.982
a45b3ea2-3610-4b2e-a018-ef74282e4bfa,2026-04-25T17:21:56.195033-04:00,node-01,checkout-api,503,True,anomalous,market_aware_v1,66.852,52.485,265.582,29.69,1.441,130.526,46.698,3.78
a7eb8c5f-2a5d-4053-a904-3ffc1db33b3c,2026-04-25T17:21:56.205587-04:00,node-01,payments-api,503,True,anomalous,market_aware_v1,63.401,55.427,260.7,22.31,1.148,122.435,27.333,3.138
9ddce89c-f6e8-46b0-b89b-7b2457cac3b7,2026-04-25T17:21:56.216109-04:00,node-01,orders-api,502,True,normal,market_aware_v1,64.278,47.826,231.935,30.94,0.962,118.172,61.808,2.769
db9478b5-b301-4e0c-87e6-a4062ca1025e,2026-04-25T17:21:56.226553-04:00,node-01,checkout-api,502,True,anomalous,market_aware_v1,64.544,53.888,260.267,29.477,1.174,121.269,40.707,3.076
40d7381c-fb2e-4164-afd6-2136a333269f,2026-04-25T17:21:56.237116-04:00,node-01,payments-api,503,True,anomalous,market_aware_v1,58.409,56.569,253.718,24.141,1.14,123.999,24.703,3.065
0b9bc957-1ef4-449c-9242-0525a0fb204a,2026-04-25T17:21:56.247528-04:00,node-01,orders-api,503,True,normal,market_aware_v1,67.468,49.225,229.174,29.051,1.037,116.5,59.775,2.903
5290a844-13f7-4ee8-b965-c0b6d1ced5f8,2026-04-25T17:21:56.258004-04:00,node-01,checkout-api,500,True,normal,market_aware_v1,62.78,52.992,254.681,26.106,1.052,116.021,37.479,2.959
be25d786-d638-4708-b860-406534361550,2026-04-25T17:21:56.268564-04:00,node-01,payments-api,502,True,anomalous,market_aware_v1,60.604,54.042,260.479,25.52,1.102,121.226,19.539,2.966
468b1da5-ab6e-4321-9a45-a2c6cfee35e2,2026-04-25T17:21:56.279145-04:00,node-01,orders-api,500,True,anomalous,market_aware_v1,70.086,50.486,243.329,31.054,1.072,126.046,56.487,3.045
d32e939b-2d12-4102-8938-c8de871c5315,2026-04-25T17:21:56.289564-04:00,node-01,checkout-api,502,True,normal,market_aware_v1,64.004,50.844,245.615,25.977,1.084,114.491,45.565,2.803
64f471ac-70a0-4299-80e6-8dcf7d185879,2026-04-25T17:21:56.300128-04:00,node-01,payments-api,502,True,anomalous,market_aware_v1,60.161,53.948,267.532,24.118,1.179,125.546,19.808,3.167
254009e8-f798-4ff8-9d7f-0ab2b6bfb25c,2026-04-25T17:21:56.310577-04:00,node-01,orders-api,500,True,normal,market_aware_v1,65.562,51.012,224.113,28.249,0.918,110.92,62.967,2.536
4481bec0-4cae-4648-ba91-c85ce9ea58dd,2026-04-25T17:21:56.320998-04:00,node-01,checkout-api,503,True,normal,market_aware_v1,61.485,51.485,241.493,26.138,1.142,115.487,43.375,3.042
f835a868-323e-4742-bcbc-4fac643b99cb,2026-04-25T17:21:56.331549-04:00,node-01,payments-api,503,True,anomalous,market_aware_v1,64.165,58.418,269.308,23.543,1.279,124.536,30.938,3.486
c333f3a6-c382-44be-b132-45ad18d67336,2026-04-25T17:21:56.342105-04:00,node-01,orders-api,502,True,normal,market_aware_v1,67.003,48.726,248.73,29.79,0.994,118.7,64.267,2.806
f572dee4-0a6d-4a4d-8348-783b2db301c2,2026-04-25T17:21:56.352537-04:00,node-01,checkout-api,502,True,anomalous,market_aware_v1,62.929,57.683,256.49,27.983,1.237,126.56,38.954,3.284
962756ef-d71f-4175-ba35-49dbcb9996d6,2026-04-25T17:21:56.363092-04:00,node-01,payments-api,500,True,normal,market_aware_v1,57.712,58.769,240.534,22.179,1.084,117.67,35.019,2.842
71be4fd7-3e19-4388-9c92-ab42f328e187,2026-04-25T17:21:56.373533-04:00,node-01,orders-api,429,True,anomalous,market_aware_v1,73.346,52.855,263.152,31.85,1.472,135.014,51.491,3.591
377e7303-6bbe-4df4-bfd8-8893b848b63b,2026-04-25T17:21:56.383939-04:00,node-01,checkout-api,503,True,anomalous,market_aware_v1,66.916,54.38,260.105,30.082,1.331,127.993,39.343,3.641
a1288f02-c5bd-4391-8bc5-edbba0335586,2026-04-25T17:21:56.394373-04:00,node-01,payments-api,502,True,anomalous,market_aware_v1,66.513,59.906,274.009,27.161,1.149,127.713,33.412,3.132
4502c968-6f7e-4e45-aa3e-fafa36f9c24c,2026-04-25T17:21:56.404821-04:00,node-01,orders-api,503,True,normal,market_aware_v1,74.522,53.339,243.088,32.772,0.953,119.647,70.375,2.724
92b003c0-1ca2-44d0-aa06-30ad91ec12c7,2026-04-25T17:21:56.415376-04:00,node-01,checkout-api,429,True,anomalous,market_aware_v1,68.284,56.434,263.378,28.101,1.26,123.33,46.838,3.266
71964815-4557-41ea-91eb-dad7e101d28e,2026-04-25T17:21:56.425793-04:00,node-01,payments-api,500,True,anomalous,market_aware_v1,66.983,62.054,272.084,26.832,1.146,130.29,32.272,3.304
980cdc66-d52d-49fe-ba26-fb4b44ae50af,2026-04-25T17:21:56.436344-04:00,node-01,orders-api,503,True,anomalous,market_aware_v1,74.814,58.144,260.512,34.38,1.434,133.304,63.346,3.599
7c90c3c0-1a33-411f-900b-927f91dd8e19,2026-04-25T17:21:56.446923-04:00,node-01,checkout-api,429,True,anomalous,market_aware_v1,70.845,61.579,255.838,28.867,1.24,124.303,45.99,3.145
7b767f14-8211-4684-85ee-7a28534af86a,2026-04-25T17:21:56.457477-04:00,node-01,payments-api,500,True,anomalous,market_aware_v1,64.344,60.183,261.266,27.823,1.16,122.438,32.098,2.964
84b2d474-cc27-4dab-b16f-a91d37b8d4d2,2026-04-25T17:21:56.467905-04:00,node-01,orders-api,429,True,anomalous,market_aware_v1,74.45,52.142,239.156,30.475,1.021,121.664,69.176,2.897
de4dfd1e-93fe-4462-8f39-336861bc7937,2026-04-25T17:21:56.478410-04:00,node-01,checkout-api,500,True,anomalous,market_aware_v1,78.054,62.028,280.404,31.676,1.698,131.791,40.119,4.096
c17e9fcb-3289-42a4-8962-c8a21614232a,2026-04-25T17:21:56.488838-04:00,node-01,payments-api,500,True,anomalous,market_aware_v1,66.649,57.755,257.976,30.282,1.085,121.927,34.856,3.002
91845938-d175-4ce1-bf26-4671be2e065e,2026-04-25T17:21:56.499396-04:00,node-01,orders-api,429,True,anomalous,market_aware_v1,76.713,55.49,242.499,30.823,1.177,127.119,71.987,3.078
922bdd05-357e-4f73-a4e5-04854dee4e2b,2026-04-25T17:21:56.509948-04:00,node-01,checkout-api,503,True,anomalous,market_aware_v1,74.911,57.048,261.371,31.356,1.32,132.832,45.081,3.367
f0e82ff2-e20d-448c-a87a-92a1928e7aa8,2026-04-25T17:21:56.520515-04:00,node-01,payments-api,429,True,anomalous,market_aware_v1,66.376,58.654,262.079,26.798,1.147,124.486,39.665,3.146
0ea20c4b-39ab-4868-8467-a973c92082bb,2026-04-25T17:21:56.531102-04:00,node-01,orders-api,429,True,anomalous,market_aware_v1,76.349,54.188,245.571,31.247,0.995,123.12,65.253,2.891
ef58448d-363c-4ef6-9b6e-58dff25da3ea,2026-04-25T17:21:56.541537-04:00,node-01,checkout-api,503,True,anomalous,market_aware_v1,70.939,59.542,274.096,29.361,1.328,133.069,44.156,3.67
1e0af124-60c0-4d59-8f1a-bf7e5ddb13f2,2026-04-25T17:21:56.552092-04:00,node-01,payments-api,429,True,anomalous,market_aware_v1,65.513,59.993,278.3,25.683,1.259,128.662,28.919,3.241
5b3eccf7-5e28-4d10-95a5-750a1df484b2,2026-04-25T17:21:56.562646-04:00,node-01,orders-api,502,True,normal,market_aware_v1,73.421,53.106,242.812,29.288,1.075,119.813,68.885,2.854
9395b474-cd53-4391-b0c1-22db2f8bb5c1,2026-04-25T17:21:56.573210-04:00,node-01,checkout-api,429,True,anomalous,market_aware_v1,69.179,55.494,248.443,28.811,1.246,122.168,43.571,3.199
48cc943a-d78b-418f-b89e-b90a8ddc1c82,2026-04-25T17:21:56.583644-04:00,node-01,payments-api,500,True,anomalous,market_aware_v1,67.247,57.789,264.594,27.394,1.239,128.805,25.776,3.425
b6a701fc-b073-44c9-aa7b-1925f1f17d06,2026-04-25T17:21:56.594212-04:00,node-01,orders-api,502,True,anomalous,market_aware_v1,72.648,53.159,247.069,28.757,1.15,127.032,65.478,3.254
d4ca21a8-e129-4a3a-a426-8324b58fd8c4,2026-04-25T17:21:56.604681-04:00,node-01,checkout-api,502,True,anomalous,market_aware_v1,65.883,55.889,252.215,30.935,1.199,125.186,44.325,3.242
1d4c4ecc-148e-4062-bbbc-6b79eda69687,2026-04-25T17:21:56.615185-04:00,node-01,payments-api,429,True,anomalous,market_aware_v1,61.195,56.987,247.667,24.541,1.06,120.557,32.441,3.123
864c4390-42cd-4c4f-8bff-e7c56435b877,2026-04-25T17:21:56.625659-04:00,node-01,orders-api,500,True,anomalous,market_aware_v1,70.692,52.635,232.574,31.999,1.042,121.299,66.623,2.955
bf3b4f37-a3f5-4d60-9f1e-4a6fd273dd9e,2026-04-25T17:21:56.636244-04:00,node-01,checkout-api,500,True,anomalous,market_aware_v1,68.047,57.423,258.043,24.408,1.278,124.785,35.643,3.255
e1d68470-c947-4a57-94bb-c2d166ddb7c8,2026-04-25T17:21:56.646777-04:00,node-01,payments-api,502,True,anomalous,market_aware_v1,67.149,56.325,265.514,25.647,1.285,130.562,26.648,3.52
fe6f6f31-86f8-493c-b67b-93a3ae15c58f,2026-04-25T17:21:56.657269-04:00,node-01,orders-api,500,True,normal,market_aware_v1,67.636,53.547,241.87,31.67,1.116,119.822,64.936,2.955
fd82cf92-c874-4f07-8643-ec6416500a7e,2026-04-25T17:21:56.667742-04:00,node-01,checkout-api,502,True,anomalous,market_aware_v1,63.739,57.092,259.012,31.126,1.167,124.243,41.73,3.073
dbb6913a-2fdc-4e2e-b75c-4f135978868e,2026-04-25T17:21:56.678231-04:00,node-01,payments-api,429,True,anomalous,market_aware_v1,60.401,58.487,257.377,25.029,1.112,124.124,32.301,3.136
e5511b1a-cdd3-49ef-954e-c5d6d217100d,2026-04-25T17:21:56.688785-04:00,node-01,orders-api,503,True,anomalous,market_aware_v1,70.951,50.318,251.298,28.973,1.086,127.881,61.728,3.112
000619a6-8092-48ef-9f84-53c242f75bce,2026-04-25T17:21:56.699262-04:00,node-01,checkout-api,503,True,normal,market_aware_v1,62.542,53.947,247.518,26.194,1.172,118.472,52.254,3.044
10948d89-37c5-41a8-9616-1f9e0a90b1cd,2026-04-25T17:21:56.709744-04:00,node-01,payments-api,500,True,anomalous,market_aware_v1,64.533,54.275,257.425,24.846,1.166,122.696,29.374,3.053
6a5eeabf-9b01-4ee4-b83b-d9f7b66414b8,2026-04-25T17:21:56.720193-04:00,node-01,orders-api,429,True,normal,market_aware_v1,70.552,50.199,236.44,29.031,1.0,118.886,66.717,2.89
4b69e7b0-6e7e-409e-99e8-433c99c8342b,2026-04-25T17:21:56.730627-04:00,node-01,checkout-api,502,True,anomalous,market_aware_v1,74.578,54.541,263.813,28.147,1.3,131.301,43.264,3.369
061cad1d-ecc8-4daa-8b63-fda4a9d42aa3,2026-04-25T17:21:56.741086-04:00,node-01,payments-api,502,True,anomalous,market_aware_v1,67.381,59.198,257.945,26.079,1.045,122.404,41.355,3.01
514b474f-7277-417a-b44e-261d2f5db3ac,2026-04-25T17:21:56.751606-04:00,node-01,orders-api,429,True,normal,market_aware_v1,74.281,50.009,237.003,30.798,0.947,119.136,71.02,2.753
f614f7b2-706b-4af0-a990-a568e749781d,2026-04-25T17:21:56.762095-04:00,node-01,checkout-api,500,True,anomalous,market_aware_v1,70.42,58.38,270.716,30.945,1.282,131.011,46.732,3.372
e5249ad3-afbe-41ed-94bd-c181b6c42ef9,2026-04-25T17:21:56.772518-04:00,node-01,payments-api,429,True,anomalous,market_aware_v1,68.383,57.276,263.698,24.706,1.192,126.106,38.761,3.166
d7fecec0-4930-4216-b37c-e7afee7d2189,2026-04-25T17:21:56.783030-04:00,node-01,orders-api,502,True,anomalous,market_aware_v1,77.077,55.433,238.126,30.582,1.038,120.066,70.211,2.818
c8b794be-c71a-40d2-8ae1-11a2cfe1d049,2026-04-25T17:21:56.793533-04:00,node-01,checkout-api,500,True,anomalous,market_aware_v1,74.226,59.977,247.764,32.178,1.193,120.693,53.587,3.115
ba67c3be-a34a-4bdd-9f1b-fe5d545927bd,2026-04-25T17:21:56.804029-04:00,node-01,payments-api,503,True,anomalous,market_aware_v1,70.604,62.863,275.767,27.179,1.273,133.214,36.022,3.433
f092d0d5-102e-4c27-b173-9e1d1ab69c1d,2026-04-25T17:21:56.814578-04:00,node-01,orders-api,502,True,anomalous,market_aware_v1,74.749,55.845,252.432,32.808,1.156,124.09,76.823,3.037
041f3049-d583-4122-85e6-8f2de1c036e9,2026-04-25T17:21:56.825057-04:00,node-01,checkout-api,500,True,anomalous,market_aware_v1,69.7,61.544,265.343,29.766,1.228,122.283,48.283,3.174
a6ee6216-9b1c-48ec-a82b-bde6550beed8,2026-04-25T17:21:56.835550-04:00,node-01,payments-api,500,True,anomalous,market_aware_v1,73.881,59.721,268.929,27.871,1.134,129.268,41.062,3.206
340f39a8-ca37-48d1-b036-fbe4e9675426,2026-04-25T17:21:56.846038-04:00,node-01,orders-api,429,True,normal,market_aware_v1,74.409,60.47,224.606,35.572,0.961,114.494,77.996,2.708
dff05f64-87e8-461f-939a-7cb3b64a28a6,2026-04-25T17:21:56.856540-04:00,node-01,checkout-api,502,True,anomalous,market_aware_v1,71.764,60.102,256.711,30.654,1.144,124.198,52.505,3.024
2f8a645b-721e-4bdf-a7ab-6625ce50d5a1,2026-04-25T17:21:56.867074-04:00,node-01,payments-api,502,True,anomalous,market_aware_v1,69.735,61.544,275.27,29.269,1.159,132.416,41.238,3.32
445da62e-e005-454e-9895-bb8c9cb7fc97,2026-04-25T17:21:56.877594-04:00,node-01,orders-api,429,True,anomalous,market_aware_v1,81.537,58.474,265.922,33.358,1.448,132.609,64.374,3.687
bc999113-187e-4aff-9ae1-53aa8857e31d,2026-04-25T17:21:56.888123-04:00,node-01,checkout-api,500,True,anomalous,market_aware_v1,79.684,62.664,273.759,32.562,1.587,131.059,42.896,3.865
eaecf9e2-b8d9-44d3-96de-088f5646b99a,2026-04-25T17:21:56.898561-04:00,node-01,payments-api,500,True,anomalous,market_aware_v1,69.946,64.018,263.545,31.668,1.273,128.034,41.761,3.293
e32a883d-f5d2-45b2-b384-2b316678ee95,2026-04-25T17:21:56.908985-04:00,node-01,orders-api,503,True,anomalous,market_aware_v1,80.067,55.491,252.589,33.995,1.061,124.398,70.554,2.876
174d7436-0610-443f-aaa4-23ad4081a25f,2026-04-25T17:21:56.919540-04:00,node-01,checkout-api,429,True,anomalous,market_aware_v1,73.277,61.486,272.218,30.941,1.241,129.237,49.181,3.327
9101ff73-5aa5-455b-9995-742d9da6abc6,2026-04-25T17:21:56.930104-04:00,node-01,payments-api,503,True,anomalous,market_aware_v1,65.929,60.665,265.965,27.581,1.19,127.15,32.254,3.242
1253b3ec-a11c-48c9-9f4f-accbaccdb3cc,2026-04-25T17:21:56.940520-04:00,node-01,orders-api,503,True,anomalous,market_aware_v1,73.116,53.712,237.72,34.791,1.039,122.735,77.965,2.951
314a238f-59b1-4d2f-8050-8fe1579525ce,2026-04-25T17:21:56.951085-04:00,node-01,checkout-api,429,True,anomalous,market_aware_v1,65.354,57.805,254.768,30.317,1.117,122.947,41.659,3.186
64e94447-b56e-4436-b27e-5fa3a8a09788,2026-04-25T17:21:56.961658-04:00,node-01,payments-api,502,True,anomalous,market_aware_v1,66.475,60.883,266.803,26.399,1.529,132.118,24.331,3.711
a1875431-2b9f-4975-b520-7e48c007fd4c,2026-04-25T17:21:56.972203-04:00,node-01,orders-api,502,True,normal,market_aware_v1,70.58,57.445,226.439,31.28,0.976,118.574,63.913,2.765
a145b2c1-75c8-4dd9-8d20-15c1903a88c3,2026-04-25T17:21:56.982661-04:00,node-01,checkout-api,500,True,anomalous,market_aware_v1,66.907,57.813,272.072,28.611,1.618,134.171,34.251,3.833
dfc5776d-bc95-4f42-be12-5dfd74d798e7,2026-04-25T17:21:56.993232-04:00,node-01,payments-api,502,True,anomalous,market_aware_v1,64.714,58.126,273.957,24.489,1.168,127.589,27.366,3.132
d670b10b-8fb8-4598-a343-13471d5ee2e6,2026-04-25T17:21:57.003882-04:00,node-01,orders-api,503,True,normal,market_aware_v1,70.583,50.94,234.58,28.963,0.939,115.411,66.528,2.784
e9954681-dec9-4b13-8046-c50aedeff843,2026-04-25T17:21:57.014532-04:00,node-01,checkout-api,500,True,anomalous,market_aware_v1,67.942,54.369,267.396,26.548,1.287,129.544,36.551,3.385
0cb6d5c5-ff88-4774-aff8-73214502e1ca,2026-04-25T17:21:57.025162-04:00,node-01,payments-api,500,True,anomalous,market_aware_v1,58.429,55.231,260.867,24.922,1.172,121.597,30.008,3.012
5dd8d074-2744-435b-aaf9-4111abba1598,2026-04-25T17:21:57.035681-04:00,node-01,orders-api,500,True,anomalous,market_aware_v1,67.098,49.275,245.218,29.251,0.987,121.976,60.447,2.777
e0aebc36-4fdd-4e1c-952b-c374b6e45924,2026-04-25T17:21:57.046186-04:00,node-01,checkout-api,502,True,anomalous,market_aware_v1,64.111,53.283,259.601,28.23,1.226,126.248,39.313,3.41
c3e0abbb-c387-423b-8db8-6b5a32aaee8d,2026-04-25T17:21:57.056641-04:00,node-01,payments-api,429,True,anomalous,market_aware_v1,56.502,52.028,254.586,23.67,1.164,127.237,28.749,3.235
1ddc2573-c0df-4c11-8929-83c1bead3022,2026-04-25T17:21:57.067023-04:00,node-01,orders-api,503,True,anomalous,market_aware_v1,65.672,52.184,255.769,30.465,1.053,127.61,55.5,3.048
58d4abed-8631-4be0-bb6a-4dbe66f91f8b,2026-04-25T17:21:57.077406-04:00,node-01,checkout-api,502,True,anomalous,market_aware_v1,62.651,52.461,261.808,26.396,1.286,127.363,28.893,3.414
e7df9175-03ea-4ccb-af71-475f7f0fe151,2026-04-25T17:21:57.087917-04:00,node-01,payments-api,503,True,anomalous,market_aware_v1,63.911,55.174,273.77,24.348,1.211,129.133,21.179,3.35
c3498fac-320d-49be-a62c-9cb271594d5b,2026-04-25T17:21:57.098448-04:00,node-01,orders-api,502,True,anomalous,market_aware_v1,67.93,51.157,235.874,29.768,1.021,121.474,56.525,2.983
12464ade-8ca0-4176-83e4-bfc1903afe10,2026-04-25T17:21:57.109036-04:00,node-01,checkout-api,503,True,normal,market_aware_v1,64.643,55.408,253.771,28.137,1.217,119.913,33.779,3.125
233b0795-511f-4b7a-8f1c-3ba91a1bfd0c,2026-04-25T17:21:57.119490-04:00,node-01,payments-api,503,True,normal,market_aware_v1,62.767,55.059,258.477,24.725,1.044,119.551,30.505,2.938
0ad34109-2ffb-4b4b-8b0a-58d71114212f,2026-04-25T17:21:57.129951-04:00,node-01,orders-api,502,True,normal,market_aware_v1,64.445,49.029,240.133,29.979,0.981,118.141,61.241,2.813
1d785b18-8220-46f4-aa81-800746f011a9,2026-04-25T17:21:57.140384-04:00,node-01,checkout-api,502,True,anomalous,market_aware_v1,67.052,56.358,252.997,30.505,1.211,124.098,41.6,3.189
78b9718a-046b-428a-900b-3c2421360a04,2026-04-25T17:21:57.150847-04:00,node-01,payments-api,429,True,anomalous,market_aware_v1,63.788,59.498,271.904,25.169,1.204,129.901,22.562,3.302
faf19048-bf1e-405e-8035-d67ebb8e5944,2026-04-25T17:21:57.161311-04:00,node-01,orders-api,429,True,anomalous,market_aware_v1,68.546,50.028,234.177,30.064,1.042,121.696,63.518,2.868
b4a221ab-6127-4f6a-8ea4-f049131a1c3c,2026-04-25T17:21:57.171843-04:00,node-01,checkout-api,429,True,normal,market_aware_v1,67.103,57.143,237.573,29.353,1.189,117.584,49.239,3.006
9d311f90-da2d-4e21-9e5b-32e8ff7afe3b,2026-04-25T17:21:57.182282-04:00,node-01,payments-api,502,True,anomalous,market_aware_v1,65.055,61.751,264.219,27.038,1.161,123.558,29.166,3.048
8db9375b-a8a0-4b86-b88b-186fb0f5eb52,2026-04-25T17:21:57.192736-04:00,node-01,orders-api,502,True,anomalous,market_aware_v1,69.898,53.918,242.179,30.454,1.041,120.155,63.335,2.779
2fd75a95-caa7-4f1e-b74b-5cb5750ad6b1,2026-04-25T17:21:57.203311-04:00,node-01,checkout-api,500,True,anomalous,market_aware_v1,69.948,59.583,253.905,28.241,1.25,123.915,46.33,3.265
41e78077-e661-4f71-b8d5-9f3a0ef387cd,2026-04-25T17:21:57.213849-04:00,node-01,payments-api,503,True,anomalous,market_aware_v1,65.828,61.052,257.085,25.367,1.161,123.756,41.694,3.071
f7d03114-4e32-42cb-ae19-8643f39398c9,2026-04-25T17:21:57.224327-04:00,node-01,orders-api,503,True,anomalous,market_aware_v1,73.208,53.79,243.826,31.477,1.044,121.455,69.289,2.857
f6e44c25-b167-4676-af68-fe91694f34ff,2026-04-25T17:21:57.234861-04:00,node-01,checkout-api,429,True,anomalous,market_aware_v1,75.268,58.788,255.985,31.694,1.235,123.479,51.759,3.254
b916847b-fe21-454f-9174-f0f5089d17f2,2026-04-25T17:21:57.245335-04:00,node-01,payments-api,502,True,anomalous,market_aware_v1,73.209,61.43,296.6,27.222,1.423,138.575,31.737,3.921
1e0123ae-5229-4368-bfc4-b418e0c806cb,2026-04-25T17:21:57.255868-04:00,node-01,orders-api,500,True,anomalous,market_aware_v1,74.923,52.429,253.604,33.863,1.098,125.847,64.584,2.984
fa4cdf0a-98b0-474d-80a8-e27866d8e830,2026-04-25T17:21:57.266347-04:00,node-01,checkout-api,502,True,anomalous,market_aware_v1,76.416,58.887,251.651,30.722,1.13,122.035,53.529,3.075
f66d8765-61a0-44dc-a370-df242edc34e8,2026-04-25T17:21:57.276858-04:00,node-01,payments-api,500,True,anomalous,market_aware_v1,65.81,61.995,276.453,25.829,1.142,125.753,36.732,3.076
ed3e71a1-c410-41d6-ac66-9847857ae4d4,2026-04-25T17:21:57.287338-04:00,node-01,orders-api,502,True,anomalous,market_aware_v1,76.929,56.927,270.429,32.934,1.489,138.146,60.906,3.682
8abcb1cc-a9c0-4363-9b12-7bdc15a58331,2026-04-25T17:21:57.297902-04:00,node-01,checkout-api,429,True,anomalous,market_aware_v1,71.158,55.91,258.968,28.899,1.275,129.106,47.033,3.301
b09f9ec6-95db-4034-8115-b0cb9484e30b,2026-04-25T17:21:57.308336-04:00,node-01,payments-api,500,True,anomalous,market_aware_v1,66.881,59.092,272.321,27.478,1.151,129.958,26.205,3.227
f3f9710a-284e-475e-9754-b9bb90bb3b23,2026-04-25T17:21:57.318839-04:00,node-01,orders-api,503,True,anomalous,market_aware_v1,73.799,53.534,250.295,31.798,1.141,126.698,66.325,3.004
269b25f5-662c-40de-a2c2-ddb0022136e4,2026-04-25T17:21:57.329338-04:00,node-01,checkout-api,500,True,anomalous,market_aware_v1,71.662,59.252,273.192,30.864,1.367,131.319,40.178,3.477
8b855561-a4d9-4917-80ae-9f09d7f8beff,2026-04-25T17:21:57.339867-04:00,node-01,payments-api,502,True,anomalous,market_aware_v1,69.69,57.732,279.055,26.108,1.198,133.545,25.792,3.392
a5f7a657-d013-4eec-a354-ffe04b79275a,2026-04-25T17:21:57.350331-04:00,node-01,orders-api,502,True,anomalous,market_aware_v1,77.054,53.175,264.965,34.117,1.155,129.911,59.376,3.203
277e3c0f-b57a-4fa6-ab6a-35304a67df5a,2026-04-25T17:21:57.360826-04:00,node-01,checkout-api,502,True,normal,market_aware_v1,62.85,59.047,255.172,27.963,1.206,118.104,43.436,2.896
f550071d-a6fe-4899-9a29-f5739b62fe7e,2026-04-25T17:21:57.371275-04:00,node-01,payments-api,503,True,anomalous,market_aware_v1,64.747,57.551,262.509,25.967,1.247,127.735,30.046,3.253
873771ff-317e-4208-8b4f-5f6d0f4734bb,2026-04-25T17:21:57.381890-04:00,node-01,orders-api,500,True,anomalous,market_aware_v1,70.897,57.134,254.185,32.193,1.403,127.08,53.478,3.425
c3dcdb51-858c-465b-8a24-8ab1379f0c3c,2026-04-25T17:21:57.392264-04:00,node-01,checkout-api,503,True,anomalous,market_aware_v1,70.164,53.743,257.039,26.916,1.178,126.338,40.787,3.347
07efb14e-a385-4092-8306-b980790feba8,2026-04-25T17:21:57.402759-04:00,node-01,payments-api,429,True,anomalous,market_aware_v1,60.979,57.976,276.901,27.044,1.584,132.722,16.92,3.69
280ae897-7a90-44e4-b39f-b1da62bdd4e2,2026-04-25T17:21:57.413228-04:00,node-01,orders-api,502,True,normal,market_aware_v1,65.147,54.136,239.957,29.154,1.036,119.53,62.488,2.822
fdcf96ae-27da-4f43-a882-32783dc3cce4,2026-04-25T17:21:57.423653-04:00,node-01,checkout-api,429,True,anomalous,market_aware_v1,66.99,55.039,255.678,26.426,1.282,125.935,41.724,3.257
5d4d1bd6-beb7-4862-8d92-cab15931dd8b,2026-04-25T17:21:57.434010-04:00,node-01,payments-api,502,True,anomalous,market_aware_v1,64.5,58.666,269.811,23.902,1.139,124.8,25.809,2.997
2f5179b5-d71f-4445-88ba-a366373b32e9,2026-04-25T17:21:57.444394-04:00,node-01,orders-api,502,True,anomalous,market_aware_v1,75.674,56.052,272.546,31.117,1.458,134.495,54.253,3.782
a0d925ea-b428-48b0-97f7-bef2333c29d5,2026-04-25T17:21:57.454768-04:00,node-01,checkout-api,500,True,anomalous,market_aware_v1,64.584,58.46,256.775,26.755,1.207,128.314,44.388,3.323
7d3ce596-230b-4b87-b326-8b4eae3dae98,2026-04-25T17:21:57.465142-04:00,node-01,payments-api,500,True,anomalous,market_aware_v1,62.545,55.133,265.744,24.126,1.135,124.688,25.482,3.106
83658dbc-46c7-488f-ba61-5cf34c79f50f,2026-04-25T17:21:57.475567-04:00,node-01,orders-api,429,True,anomalous,market_aware_v1,69.166,53.639,249.999,27.745,1.046,126.366,63.566,2.95
f97ee724-0160-4faf-8e34-0f3e6c52bff8,2026-04-25T17:21:57.485923-04:00,node-01,checkout-api,429,True,anomalous,market_aware_v1,73.851,57.7,286.123,27.049,1.637,136.19,34.915,4.092
344b53ef-ec06-4437-b8ec-35c17f75725b,2026-04-25T17:21:57.496388-04:00,node-01,payments-api,429,True,anomalous,market_aware_v1,64.817,57.711,265.927,24.354,1.205,125.315,27.823,3.213
3a80fbd1-68a4-4100-ae96-30328944db3c,2026-04-25T17:21:57.506760-04:00,node-01,orders-api,500,True,anomalous,market_aware_v1,71.729,52.759,246.806,32.419,1.081,130.395,61.4,3.082
d0a40757-3809-4752-8958-19c3e334e64a,2026-04-25T17:21:57.517112-04:00,node-01,checkout-api,500,True,anomalous,market_aware_v1,71.103,55.948,267.987,29.86,1.273,131.661,41.899,3.573
27d7b4e6-be7f-4fea-93c3-8a27020bce6b,2026-04-25T17:21:57.527525-04:00,node-01,payments-api,429,True,anomalous,market_aware_v1,63.271,59.526,263.593,22.399,1.141,121.527,36.325,3.096
91cf64eb-c88d-492b-ad4c-78c8bfebbe1f,2026-04-25T17:21:57.537907-04:00,node-01,orders-api,502,True,anomalous,market_aware_v1,79.797,57.202,272.855,32.836,1.402,136.734,61.581,3.625
7b2a3d5d-98f0-42bd-9428-29c8bbf9eb3b,2026-04-25T17:21:57.548381-04:00,node-01,checkout-api,500,True,anomalous,market_aware_v1,69.688,56.361,272.505,31.276,1.353,129.626,41.801,3.495
c00dc859-0b19-4376-97f7-81ff6acb14ed,2026-04-25T17:21:57.558919-04:00,node-01,payments-api,502,True,anomalous,market_aware_v1,67.159,58.418,259.179,26.446,1.124,123.53,37.328,2.948
bc101938-0660-4323-b8b6-a8ebcb3230b5,2026-04-25T17:21:57.569357-04:00,node-01,orders-api,500,True,anomalous,market_aware_v1,72.056,54.574,257.627,31.758,1.134,133.295,66.526,3.35
da75ec73-c83d-4f21-87fe-56794a5885bb,2026-04-25T17:21:57.579864-04:00,node-01,checkout-api,500,True,anomalous,market_aware_v1,75.523,61.109,265.866,28.492,1.27,125.153,46.397,3.222
e8045489-7f71-4c50-b480-c7b4d3f2f776,2026-04-25T17:21:57.590321-04:00,node-01,payments-api,500,True,anomalous,market_aware_v1,71.492,61.865,271.515,27.12,1.305,132.098,34.283,3.513
a0ec729c-a785-4967-a718-13e81311ed61,2026-04-25T17:21:57.600786-04:00,node-01,orders-api,502,True,anomalous,market_aware_v1,77.67,57.0,267.058,32.64,1.051,131.883,64.889,3.199
45e6ff6e-48b4-47ed-9ada-eacbab40a63b,2026-04-25T17:21:57.611405-04:00,node-01,checkout-api,503,True,anomalous,market_aware_v1,77.146,55.972,272.046,31.138,1.279,133.2,48.598,3.531
252f26eb-a257-411b-86f3-5ef60970e1d3,2026-04-25T17:21:57.621943-04:00,node-01,payments-api,500,True,anomalous,market_aware_v1,70.115,61.21,262.869,28.851,1.265,131.001,36.868,3.376
e5360194-b02b-4cbe-91cd-9ab100e01f93,2026-04-25T17:21:57.632313-04:00,node-01,orders-api,503,True,anomalous,market_aware_v1,77.404,54.938,251.893,34.643,1.094,123.78,74.157,2.83
0eddd607-061f-4bb2-9ce0-e88c214268cd,2026-04-25T17:21:57.642739-04:00,node-01,checkout-api,503,True,anomalous,market_aware_v1,73.472,62.286,273.678,29.75,1.246,128.269,45.215,3.239
22e72b86-6c8d-4759-b1b3-9c27c68e6011,2026-04-25T17:21:57.653094-04:00,node-01,payments-api,429,True,anomalous,market_aware_v1,72.998,59.913,276.215,29.421,1.255,133.607,33.424,3.436
c3bcd465-6b0a-4478-8d45-9f8cfc4f3634,2026-04-25T17:21:57.663494-04:00,node-01,orders-api,500,True,anomalous,market_aware_v1,79.086,54.645,240.485,32.087,1.155,126.348,77.261,3.056
e4e8a4f3-a54c-4011-b472-117b018a0bb2,2026-04-25T17:21:57.673849-04:00,node-01,checkout-api,500,True,anomalous,market_aware_v1,79.244,62.706,291.694,31.277,1.71,141.917,42.154,4.269
2b075bd4-7151-42c2-8527-6049465b1183,2026-04-25T17:21:57.684327-04:00,node-01,payments-api,503,True,anomalous,market_aware_v1,71.78,61.567,275.289,27.153,1.211,131.435,35.753,3.313
ae304140-3989-45d3-b993-c4943f618426,2026-04-25T17:21:57.694854-04:00,node-01,orders-api,429,True,anomalous,market_aware_v1,75.331,55.793,245.827,31.319,1.055,125.159,75.223,2.992
50957f43-92cc-4525-9c26-69e49d782808,2026-04-25T17:21:57.705365-04:00,node-01,checkout-api,429,True,anomalous,market_aware_v1,73.373,58.995,260.489,29.323,1.071,121.851,55.224,3.054
6b5dd2ce-8741-4b16-86b1-a067de3434fe,2026-04-25T17:21:57.715847-04:00,node-01,payments-api,500,True,anomalous,market_aware_v1,68.142,58.46,269.731,25.171,1.177,132.117,37.079,3.31
8dd21188-a268-4b7f-a737-434945c1e698,2026-04-25T17:21:57.726334-04:00,node-01,orders-api,500,True,anomalous,market_aware_v1,73.64,53.119,239.144,33.239,1.066,123.225,71.224,2.94
5de17ee9-607b-4a40-9e2c-1479d35e1d8b,2026-04-25T17:21:57.736803-04:00,node-01,checkout-api,500,True,normal,market_aware_v1,68.909,60.628,242.913,29.932,1.074,119.3,48.54,2.933
45147190-d1e7-4ef8-8849-72c9f33a3691,2026-04-25T17:21:57.747239-04:00,node-01,payments-api,502,True,anomalous,market_aware_v1,65.397,58.399,267.007,25.979,1.274,130.115,32.643,3.335
aaf2a959-eb36-454c-b045-9be754debd3f,2026-04-25T17:21:57.757663-04:00,node-01,orders-api,502,True,anomalous,market_aware_v1,73.086,55.74,254.07,31.858,1.066,130.792,62.542,3.053
537000d6-ac14-4ce1-9955-fb85c302382d,2026-04-25T17:21:57.768254-04:00,node-01,checkout-api,429,True,anomalous,market_aware_v1,69.745,58.109,259.822,30.098,1.195,123.283,42.232,3.163
9c983f50-4fb5-4395-9262-4409cd6128f3,2026-04-25T17:21:57.778762-04:00,node-01,payments-api,503,True,anomalous,market_aware_v1,64.905,60.035,269.742,24.101,1.161,127.119,25.913,3.281
d4d590f1-a7ec-4064-8be4-2da338a6e020,2026-04-25T17:21:57.789254-04:00,node-01,orders-api,429,True,anomalous,market_aware_v1,71.107,49.802,241.76,30.326,1.142,122.611,58.902,2.99
f133b08f-2b78-46f2-95ac-c7ec1f3ed00e,2026-04-25T17:21:57.799848-04:00,node-01,checkout-api,429,True,anomalous,market_aware_v1,70.24,54.857,266.38,27.571,1.197,121.284,40.345,3.121
6b0056d5-3dc7-4611-8bd5-1092589835fa,2026-04-25T17:21:57.810508-04:00,node-01,payments-api,500,True,anomalous,market_aware_v1,58.637,57.032,284.33,25.666,1.332,132.437,26.044,3.756
ae5ecc80-7d9a-4a14-9706-b1a9ccc4a47a,2026-04-25T17:21:57.821130-04:00,node-01,orders-api,500,True,anomalous,market_aware_v1,68.644,51.346,245.059,29.66,1.116,128.785,58.554,3.141
759f66c4-9e34-4d05-ace7-22478da4f695,2026-04-25T17:21:57.831582-04:00,node-01,checkout-api,503,True,normal,market_aware_v1,69.314,52.75,253.471,27.258,1.204,118.451,34.497,3.114
cba6a01e-e37b-425e-982d-dd46eb4d9b68,2026-04-25T17:21:57.842110-04:00,node-01,payments-api,500,True,anomalous,market_aware_v1,65.073,57.741,252.763,26.721,1.101,124.411,23.611,3.159
f377e090-218c-4815-aadb-86090c19818f,2026-04-25T17:21:57.852557-04:00,node-01,orders-api,502,True,normal,market_aware_v1,69.059,49.201,231.438,26.955,0.935,117.895,64.109,2.689
22ad1a50-5f21-4ef9-8545-2800de590600,2026-04-25T17:21:57.862975-04:00,node-01,checkout-api,502,True,anomalous,market_aware_v1,67.284,55.126,261.481,25.588,1.333,129.749,38.532,3.475
42a39641-3bbc-41cf-8a97-a83e7d7f9447,2026-04-25T17:21:57.873418-04:00,node-01,payments-api,429,True,normal,market_aware_v1,60.657,53.408,250.612,24.906,1.116,118.53,26.047,2.922
732ebb25-43d4-4cda-b953-38b2efb0824c,2026-04-25T17:21:57.883888-04:00,node-01,orders-api,500,True,anomalous,market_aware_v1,69.763,56.677,249.519,31.183,1.367,123.643,57.586,3.292
d6d05cfb-b677-4e95-90a1-b8bd1cbee41d,2026-04-25T17:21:57.894362-04:00,node-01,checkout-api,429,True,anomalous,market_aware_v1,70.058,55.17,273.423,27.385,1.551,134.945,30.54,3.803
e5061c53-7aa7-4d40-9005-ac89e65c9bf2,2026-04-25T17:21:57.904869-04:00,node-01,payments-api,500,True,anomalous,market_aware_v1,58.114,57.476,272.768,23.999,1.167,127.182,26.945,3.191
00c42a70-1979-44f9-887f-b7911ee9e8a9,2026-04-25T17:21:57.915341-04:00,node-01,orders-api,429,True,anomalous,market_aware_v1,70.916,51.681,253.569,30.337,1.375,127.941,57.442,3.419
26af9676-7c3d-4cac-871f-222d2197d80a,2026-04-25T17:21:57.925832-04:00,node-01,checkout-api,502,True,anomalous,market_aware_v1,68.721,54.007,252.317,28.462,1.129,122.624,37.389,3.2
9adaba5c-53f0-4a2c-8cdb-7659de970d63,2026-04-25T17:21:57.936305-04:00,node-01,payments-api,502,True,anomalous,market_aware_v1,65.046,56.074,276.863,24.324,1.285,131.009,24.929,3.609
f081bf04-d903-4c01-986e-e0f9d550e937,2026-04-25T17:21:57.946797-04:00,node-01,orders-api,503,True,anomalous,market_aware_v1,70.478,54.992,253.341,30.33,1.016,128.516,64.326,2.922
406a1e77-c8a6-436e-b206-9435ca7a9d6e,2026-04-25T17:21:57.957290-04:00,node-01,checkout-api,500,True,anomalous,market_aware_v1,65.43,58.864,271.41,27.775,1.37,131.603,34.909,3.419
062d8881-925a-4582-b511-f6b9a5aee6f7,2026-04-25T17:21:57.967753-04:00,node-01,payments-api,429,True,anomalous,market_aware_v1,63.44,62.163,270.201,24.288,1.17,128.4,29.012,3.24
07537b6e-7520-4996-8207-d803d0ad3184,2026-04-25T17:21:57.978227-04:00,node-01,orders-api,503,True,anomalous,market_aware_v1,71.702,53.787,240.579,29.549,1.091,130.156,61.232,3.124
79465f4b-e6bc-4620-a66c-f5c5b7f06cb7,2026-04-25T17:21:57.988641-04:00,node-01,checkout-api,503,True,anomalous,market_aware_v1,70.656,55.154,263.366,30.722,1.177,125.873,40.668,3.377
28e6b051-b3e3-48a6-8b56-584d79ef078d,2026-04-25T17:21:57.999154-04:00,node-01,payments-api,429,True,anomalous,market_aware_v1,67.433,58.991,263.707,26.926,1.141,124.349,36.8,3.156
beecaa13-3876-47fb-bde1-9bcb47f01d07,2026-04-25T17:21:58.009614-04:00,node-01,orders-api,429,True,anomalous,market_aware_v1,73.682,59.875,264.339,33.94,1.527,133.601,62.53,3.57
3970c997-a82e-406e-aab4-3dd50a134bd2,2026-04-25T17:21:58.020102-04:00,node-01,checkout-api,503,True,anomalous,market_aware_v1,75.492,60.728,281.551,32.22,1.405,141.576,45.869,3.796
ba55f6a7-617c-4f40-b69a-f3ab4f6fa689,2026-04-25T17:21:58.030560-04:00,node-01,payments-api,503,True,anomalous,market_aware_v1,71.005,63.47,280.053,27.53,1.553,133.6,23.211,3.923
099ec616-ebdf-4854-a25a-a5a77ba97230,2026-04-25T17:21:58.041051-04:00,node-01,orders-api,503,True,anomalous,market_aware_v1,72.972,54.608,250.056,32.254,1.193,127.879,68.154,3.19
25011f51-4c73-46a1-ae3d-119092608ad1,2026-04-25T17:21:58.051526-04:00,node-01,checkout-api,503,True,anomalous,market_aware_v1,72.165,55.417,277.025,28.133,1.411,138.508,40.606,3.524
292658fd-9ae2-495f-b423-9b12b0e06b2f,2026-04-25T17:21:58.061987-04:00,node-01,payments-api,502,True,anomalous,market_aware_v1,66.531,61.404,261.209,26.287,1.152,121.268,34.042,3.098
43280afc-efcb-4a51-9d8a-90034ce105ea,2026-04-25T17:21:58.072780-04:00,node-01,orders-api,500,True,anomalous,market_aware_v1,77.63,57.31,241.824,32.958,1.059,129.874,69.642,3.024
5ad97c63-fbbd-4e5c-b87d-e6edcf0a0fbc,2026-04-25T17:21:58.083289-04:00,node-01,checkout-api,503,True,anomalous,market_aware_v1,70.142,55.344,262.9,28.696,1.252,126.885,42.139,3.307
f82dd15c-d45b-4841-951c-9813381862e6,2026-04-25T17:21:58.093825-04:00,node-01,payments-api,502,True,anomalous,market_aware_v1,71.058,60.273,273.23,27.115,1.159,130.332,32.861,3.11
f3ddc23f-40d8-42a2-b71b-3a6ca49f2034,2026-04-25T17:21:58.104292-04:00,node-01,orders-api,500,True,anomalous,market_aware_v1,75.163,57.452,252.668,30.207,1.087,125.036,74.681,2.968
0ea366bc-99aa-4987-8148-1585e4adc9d4,2026-04-25T17:21:58.114750-04:00,node-01,checkout-api,429,True,anomalous,market_aware_v1,72.471,59.765,269.182,31.263,1.257,125.351,46.108,3.389
3283dc15-2092-4068-888f-bb7280b41b3b,2026-04-25T17:21:58.125218-04:00,node-01,payments-api,503,True,anomalous,market_aware_v1,61.77,59.769,272.674,25.712,1.227,127.757,29.833,3.11
d4b88857-1d3b-4b9d-8a90-a4658b81d840,2026-04-25T17:21:58.135707-04:00,node-01,orders-api,429,True,anomalous,market_aware_v1,69.274,57.323,246.701,33.323,1.056,121.805,70.039,2.902
36bfb0e7-6471-4bd2-b4a7-e0c8e84884cb,2026-04-25T17:21:58.146163-04:00,node-01,checkout-api,502,True,normal,market_aware_v1,73.332,53.873,261.59,26.153,1.194,119.426,40.825,3.055
8a4b366c-e2fe-487f-b97a-2c87197dbc96,2026-04-25T17:21:58.156590-04:00,node-01,payments-api,429,True,anomalous,market_aware_v1,65.811,57.622,263.742,25.269,1.149,125.958,34.191,3.186
2ced7c18-be46-48de-a3d3-fffc6b4f1d28,2026-04-25T17:21:58.167105-04:00,node-01,orders-api,503,True,anomalous,market_aware_v1,72.78,52.413,257.142,30.886,1.188,130.884,60.992,3.141
93ad93a3-0db8-440d-bb06-c5e44482c28d,2026-04-25T17:21:58.177551-04:00,node-01,checkout-api,429,True,anomalous,market_aware_v1,75.338,54.057,300.914,30.398,1.572,138.837,39.349,4.1
421eca7a-2608-44d8-9f6d-9d15347d6c32,2026-04-25T17:21:58.188017-04:00,node-01,payments-api,500,True,anomalous,market_aware_v1,65.565,59.989,271.009,26.119,1.214,130.24,24.234,3.306
fd72b298-364b-432e-808d-a08f8b4ae9ed,2026-04-25T17:21:58.198492-04:00,node-01,orders-api,503,True,anomalous,market_aware_v1,65.519,50.852,235.005,29.759,1.103,123.541,61.674,2.987
9ff55e41-f7a6-4c1e-a34d-99fbd60b34f3,2026-04-25T17:21:58.208954-04:00,node-01,checkout-api,503,True,anomalous,market_aware_v1,68.665,55.587,263.06,28.852,1.239,126.074,35.976,3.167
0b8ab62d-61b2-47f7-8275-1d77fa4bd5c0,2026-04-25T17:21:58.219461-04:00,node-01,payments-api,503,True,anomalous,market_aware_v1,67.432,56.903,274.756,25.94,1.213,130.31,19.9,3.415
535b1f84-6122-4a60-8270-96383bca5380,2026-04-25T17:21:58.229932-04:00,node-01,orders-api,502,True,anomalous,market_aware_v1,72.439,51.51,245.999,29.384,1.057,122.099,60.612,2.893
98b11710-073e-4465-b392-b21ae63dee85,2026-04-25T17:21:58.240409-04:00,node-01,checkout-api,503,True,anomalous,market_aware_v1,70.244,58.147,251.702,28.01,1.207,123.635,44.418,3.198
84d3f468-927e-460e-8fd6-22c2559848fc,2026-04-25T17:21:58.250929-04:00,node-01,payments-api,429,True,anomalous,market_aware_v1,64.007,59.221,269.241,27.036,1.058,119.776,28.077,2.918
23759a28-cc7c-43c3-ae95-23996988b6dd,2026-04-25T17:21:58.261413-04:00,node-01,orders-api,503,True,anomalous,market_aware_v1,78.143,56.327,273.651,31.483,1.419,132.678,53.467,3.567
899c2ae5-7110-4d68-8b2b-edecdd67be3c,2026-04-25T17:21:58.271934-04:00,node-01,checkout-api,429,True,anomalous,market_aware_v1,68.26,52.638,271.398,29.48,1.359,134.235,31.364,3.546
b87fc03e-b762-413c-b2f2-aa855c06dbb3,2026-04-25T17:21:58.282354-04:00,node-01,payments-api,500,True,anomalous,market_aware_v1,71.63,62.87,290.721,26.76,1.586,134.359,24.832,3.859
29c38177-62d3-4d3c-97df-e390b8116a5d,2026-04-25T17:21:58.292852-04:00,node-01,orders-api,429,True,anomalous,market_aware_v1,72.749,51.884,242.735,31.664,1.057,128.518,61.53,3.006
b56fc1d4-682a-490f-b87c-977a228080bb,2026-04-25T17:21:58.303342-04:00,node-01,checkout-api,502,True,anomalous,market_aware_v1,74.013,56.811,255.634,30.925,1.205,128.204,35.578,3.216
09c9ce2e-d51a-42b0-a6a2-3359fec65e6b,2026-04-25T17:21:58.313901-04:00,node-01,payments-api,429,True,anomalous,market_aware_v1,67.591,58.589,276.08,28.033,1.113,124.513,29.316,3.043
5343312d-9267-4181-baa0-c03b97f0d73f,2026-04-25T17:21:58.324367-04:00,node-01,orders-api,502,True,anomalous,market_aware_v1,72.185,52.73,248.567,31.635,1.055,127.066,63.045,3.051
9135136f-260f-47d0-9289-9f9f2e07806f,2026-04-25T17:21:58.334830-04:00,node-01,checkout-api,502,True,anomalous,market_aware_v1,71.943,57.382,275.192,28.517,1.241,128.849,41.402,3.206
9324ba27-88b0-42d9-8782-ad252385d1ea,2026-04-25T17:21:58.345293-04:00,node-01,payments-api,500,True,anomalous,market_aware_v1,69.674,61.894,288.235,27.428,1.18,135.624,34.459,3.376
f2722e90-3bc4-4ea9-8fbe-8ce5ea483bcf,2026-04-25T17:21:58.355780-04:00,node-01,orders-api,429,True,anomalous,market_aware_v1,79.92,58.375,251.508,33.089,1.418,128.475,63.852,3.367
418c22b1-74d4-4770-ac42-6772cba9f7d7,2026-04-25T17:21:58.366231-04:00,node-01,checkout-api,500,True,anomalous,market_aware_v1,73.061,58.582,287.2,32.494,1.404,140.69,38.678,3.803
c4419958-f4dc-45b2-91a8-98a47692734d,2026-04-25T17:21:58.376738-04:00,node-01,payments-api,502,True,anomalous,market_aware_v1,69.085,59.93,275.36,26.994,1.256,130.556,40.204,3.331
1adde722-7ca9-4264-b9b2-932e9caf99b3,2026-04-25T17:21:58.387254-04:00,node-01,orders-api,503,True,anomalous,market_aware_v1,82.287,62.248,285.685,33.981,1.738,147.059,56.823,4.423
2a51ca8a-7ead-480e-b77c-9bd49dbde830,2026-04-25T17:21:58.397684-04:00,node-01,checkout-api,503,True,anomalous,market_aware_v1,76.834,62.273,276.946,32.428,1.176,134.555,48.549,3.301
5b908c58-ec5b-4f9f-aa74-5ce3599a24fc,2026-04-25T17:21:58.408142-04:00,node-01,payments-api,500,True,anomalous,market_aware_v1,74.653,60.263,296.695,29.878,1.269,135.268,29.928,3.472
61878e5d-3957-4946-a1b3-008e5e96f0d3,2026-04-25T17:21:58.418578-04:00,node-01,orders-api,429,True,anomalous,market_aware_v1,78.305,57.663,251.152,33.788,1.395,128.477,71.009,3.438
ce4e08d3-8407-46e8-a2d3-fe455473e2b0,2026-04-25T17:21:58.429048-04:00,node-01,checkout-api,500,True,anomalous,market_aware_v1,75.019,61.919,262.068,30.624,1.277,128.485,52.769,3.417
66e50d25-fe77-40a8-aced-b2230669e181,2026-04-25T17:21:58.439540-04:00,node-01,payments-api,502,True,anomalous,market_aware_v1,71.742,62.511,274.946,27.936,1.138,128.305,37.161,3.139
2c1309ad-1305-4763-8163-b89101dc0f90,2026-04-25T17:21:58.449964-04:00,node-01,orders-api,503,True,anomalous,market_aware_v1,81.962,64.171,265.629,33.316,1.521,137.335,66.301,3.735
d62d1c2b-7116-43fd-a8b1-4848baeb65f9,2026-04-25T17:21:58.460431-04:00,node-01,checkout-api,500,True,anomalous,market_aware_v1,76.733,60.563,285.495,28.492,1.37,141.589,41.435,3.647
0c3d4491-ad3b-4dfd-9f85-e0e45dc3badb,2026-04-25T17:21:58.470904-04:00,node-01,payments-api,429,True,anomalous,market_aware_v1,73.499,63.099,272.391,30.74,1.211,133.382,33.821,3.325
88252dd0-950b-411c-ac07-e2c9bdeeb9bb,2026-04-25T17:21:58.481439-04:00,node-01,orders-api,429,True,anomalous,market_aware_v1,82.486,58.582,265.341,34.973,1.424,132.725,56.743,3.654
c9e194ea-e6a8-4336-923e-da08cdff923a,2026-04-25T17:21:58.491938-04:00,node-01,checkout-api,500,True,anomalous,market_aware_v1,73.789,60.823,276.291,32.081,1.315,132.943,45.515,3.49
acfa88e3-b7ac-4b2d-aa8f-1a1dd1a3ccc4,2026-04-25T17:21:58.502491-04:00,node-01,payments-api,503,True,anomalous,market_aware_v1,74.782,60.861,276.099,27.945,1.305,130.694,30.642,3.397
7c238b60-d5a0-4af2-ba8a-c47d43683172,2026-04-25T17:21:58.513020-04:00,node-01,orders-api,503,True,anomalous,market_aware_v1,72.866,53.199,258.724,32.884,1.096,127.553,67.349,3.129
295ea20a-8a62-420e-b21e-7fd2d38e9340,2026-04-25T17:21:58.523554-04:00,node-01,checkout-api,429,True,anomalous,market_aware_v1,77.181,56.66,263.536,30.075,1.221,129.385,51.036,3.193
83ef5a33-0ef0-4236-b38c-efdd451c5543,2026-04-25T17:21:58.534030-04:00,node-01,payments-api,503,True,anomalous,market_aware_v1,67.412,63.274,277.66,25.844,1.25,132.851,31.396,3.488
9bc40975-f78c-47eb-8866-c8bb20c6848c,2026-04-25T17:21:58.544516-04:00,node-01,orders-api,502,True,normal,market_aware_v1,71.881,53.74,237.771,31.617,1.033,118.116,69.933,2.996
678dc1f5-4ecf-4be0-8e2f-81051404c6ed,2026-04-25T17:21:58.554967-04:00,node-01,checkout-api,502,True,anomalous,market_aware_v1,66.795,57.517,263.946,29.881,1.335,127.84,43.593,3.332
ff41fe5d-2d68-40ac-bba3-069f85db4901,2026-04-25T17:21:58.565463-04:00,node-01,payments-api,500,True,anomalous,market_aware_v1,63.117,59.013,276.595,26.533,1.309,135.459,23.168,3.484
718f7270-d1e3-4c8a-b156-6978b3df6587,2026-04-25T17:21:58.575916-04:00,node-01,orders-api,502,True,anomalous,market_aware_v1,69.203,51.168,248.921,28.946,1.06,126.088,57.412,2.97
06a8192f-917e-4276-898c-09be8fa73fcd,2026-04-25T17:21:58.586333-04:00,node-01,checkout-api,500,True,anomalous,market_aware_v1,71.694,55.208,280.611,28.551,1.701,136.674,22.276,4.06
7aae981d-d7d9-4966-a99f-2bc63daf4eb9,2026-04-25T17:21:58.596837-04:00,node-01,payments-api,502,True,anomalous,market_aware_v1,61.459,55.528,273.439,24.711,1.145,127.725,20.743,3.341
263d7163-7fff-49bc-a374-363ee5511c8f,2026-04-25T17:21:58.607303-04:00,node-01,orders-api,502,True,anomalous,market_aware_v1,69.115,52.544,243.873,31.677,1.018,121.378,60.671,2.882
520db17b-c13f-494d-a7cf-8bbfee4383a2,2026-04-25T17:21:58.617952-04:00,node-01,checkout-api,429,True,anomalous,market_aware_v1,61.273,57.694,241.841,25.918,1.163,123.641,41.295,3.147
15fde68a-08b3-4dfc-a693-8e1dd4afdd90,2026-04-25T17:21:58.628462-04:00,node-01,payments-api,502,True,anomalous,market_aware_v1,63.501,54.271,274.112,24.516,1.094,125.65,29.083,3.146
0fb24c36-9789-4568-9985-acf51e2ad26d,2026-04-25T17:21:58.638919-04:00,node-01,orders-api,500,True,anomalous,market_aware_v1,73.376,47.457,253.71,28.78,1.143,126.354,57.579,3.124
36b29022-40e3-473d-8360-8e252e817c57,2026-04-25T17:21:58.649390-04:00,node-01,checkout-api,429,True,anomalous,market_aware_v1,64.09,53.204,270.517,28.965,1.309,132.306,31.497,3.438
6f3dea51-e3e9-4190-93b5-b2ba1b48436e,2026-04-25T17:21:58.659928-04:00,node-01,payments-api,500,True,anomalous,market_aware_v1,64.091,57.99,282.722,26.79,1.565,134.421,12.121,3.934
628c12b8-db84-4e08-9013-09dd7695a3df,2026-04-25T17:21:58.670399-04:00,node-01,orders-api,502,True,normal,market_aware_v1,67.64,48.028,234.071,29.478,1.0,118.574,60.85,2.745
9c70d869-504f-449d-ae39-4467eb4af8e4,2026-04-25T17:21:58.680859-04:00,node-01,checkout-api,503,True,anomalous,market_aware_v1,65.242,49.618,263.942,24.577,1.209,126.765,37.433,3.207
36397eed-57b5-401f-ba20-cf88fc0e346e,2026-04-25T17:21:58.691319-04:00,node-01,payments-api,503,True,anomalous,market_aware_v1,67.58,55.989,277.117,29.948,1.528,136.645,19.148,3.864
df4a5450-59b5-4948-82f7-de5733dc9127,2026-04-25T17:21:58.701843-04:00,node-01,orders-api,429,True,normal,market_aware_v1,67.857,52.673,236.504,31.029,1.043,118.531,65.962,2.831
137aa85e-29b7-4153-850c-0c32fb566ab8,2026-04-25T17:21:58.712291-04:00,node-01,checkout-api,502,True,anomalous,market_aware_v1,68.279,58.721,276.693,29.483,1.629,134.823,30.115,3.953
faa668e6-b25c-4b0a-8e94-5e1c1111e87d,2026-04-25T17:21:58.722725-04:00,node-01,payments-api,500,True,anomalous,market_aware_v1,62.605,58.056,284.397,23.543,1.371,143.163,17.098,3.631
7a5d1645-59dd-4c97-b4da-38d970da5287,2026-04-25T17:21:58.733198-04:00,node-01,orders-api,502,True,anomalous,market_aware_v1,69.78,52.593,256.39,33.042,1.246,132.443,60.179,3.291
bdf45ec5-209f-432c-b46b-fc6c2d109175,2026-04-25T17:21:58.743659-04:00,node-01,checkout-api,429,True,anomalous,market_aware_v1,66.19,57.052,248.812,28.112,1.295,127.35,37.818,3.315
c0609a1f-dea4-4289-ae37-aa46c7f7f51e,2026-04-25T17:21:58.754153-04:00,node-01,payments-api,500,True,anomalous,market_aware_v1,65.757,57.155,265.502,23.403,1.226,132.638,26.571,3.307
4bea3474-8193-425d-a651-3c9441ae7102,2026-04-25T17:21:58.764617-04:00,node-01,orders-api,502,True,anomalous,market_aware_v1,72.737,54.186,245.416,29.749,1.16,129.809,59.057,3.231
fe8b6eca-ce09-49f9-be2b-f9a39cf31079,2026-04-25T17:21:58.775100-04:00,node-01,checkout-api,500,True,anomalous,market_aware_v1,68.939,57.034,266.865,29.012,1.38,130.872,44.696,3.532
52c638f2-82c3-48eb-bc12-720f8ac54b47,2026-04-25T17:21:58.785574-04:00,node-01,payments-api,500,True,anomalous,market_aware_v1,69.916,58.556,275.883,27.54,1.172,128.02,29.435,3.267
d34fec0a-97be-460d-bf89-ed058715b484,2026-04-25T17:21:58.796201-04:00,node-01,orders-api,502,True,anomalous,market_aware_v1,70.924,53.921,262.581,30.167,1.219,135.4,61.316,3.374
51044235-5e92-49cf-b3c5-5b5e55a2377f,2026-04-25T17:21:58.806692-04:00,node-01,checkout-api,503,True,anomalous,market_aware_v1,71.24,58.663,253.497,28.908,1.228,124.785,44.943,3.144
ec76b423-60c5-43ba-acd6-0fd7936b0388,2026-04-25T17:21:58.817225-04:00,node-01,payments-api,429,True,anomalous,market_aware_v1,70.95,61.969,285.53,27.11,1.166,129.725,27.894,3.156
62785090-75e3-4353-88cb-fbaffcb4b1de,2026-04-25T17:21:58.827717-04:00,node-01,orders-api,503,True,anomalous,market_aware_v1,77.155,53.813,260.302,29.778,1.126,129.605,68.362,3.179
2421331b-ca06-47f0-b4cc-93c9131d63d5,2026-04-25T17:21:58.838205-04:00,node-01,checkout-api,502,True,anomalous,market_aware_v1,71.74,57.117,278.837,28.314,1.288,134.064,42.205,3.466
8163ba95-ee07-4b91-8637-0f810b1b63ae,2026-04-25T17:21:58.848630-04:00,node-01,payments-api,502,True,anomalous,market_aware_v1,70.532,61.52,284.734,27.648,1.263,133.3,32.003,3.47
79c15f0d-9ce9-41ff-b78a-a637666b6d13,2026-04-25T17:21:58.859091-04:00,node-01,orders-api,503,True,anomalous,market_aware_v1,74.426,56.894,264.547,32.319,1.221,138.957,67.174,3.707
2513e55c-3295-4599-87c8-0cbefb458320,2026-04-25T17:21:58.869586-04:00,node-01,checkout-api,500,True,anomalous,market_aware_v1,70.162,57.841,273.59,29.983,1.275,128.978,50.799,3.286
020157cc-c685-4fb2-a756-b8f62a2c4b59,2026-04-25T17:21:58.880061-04:00,node-01,payments-api,503,True,anomalous,market_aware_v1,70.404,60.234,282.501,28.526,1.268,137.525,24.324,3.7
a0249a64-6f46-4f58-9087-283d9dc1c5f5,2026-04-25T17:21:58.890598-04:00,node-01,orders-api,502,True,anomalous,market_aware_v1,76.093,53.514,240.45,32.776,1.14,123.635,67.579,3.096
531726c7-aaae-439d-b97e-1cb213cf94af,2026-04-25T17:21:58.901137-04:00,node-01,checkout-api,502,True,anomalous,market_aware_v1,70.226,60.055,265.755,29.396,1.212,132.091,45.378,3.461
f0cda6f9-5369-44c2-9b1f-eb113908a15e,2026-04-25T17:21:58.911565-04:00,node-01,payments-api,502,True,anomalous,market_aware_v1,69.386,58.92,277.759,26.065,1.201,134.298,33.403,3.216
7259cdbc-83a5-4c40-8458-d8c3512fd86a,2026-04-25T17:21:58.921964-04:00,node-01,orders-api,429,True,anomalous,market_aware_v1,73.103,56.325,242.018,30.854,1.066,122.071,73.677,2.866
8b917687-afd7-4d91-a5f6-10b78ef8cac9,2026-04-25T17:21:58.932405-04:00,node-01,checkout-api,502,True,anomalous,market_aware_v1,67.553,57.998,254.327,29.318,1.285,124.578,44.298,3.425
077b8c97-cb8b-4b77-8e50-0ccc2312527d,2026-04-25T17:21:58.942815-04:00,node-01,payments-api,503,True,anomalous,market_aware_v1,68.789,64.035,285.661,26.031,1.281,137.325,27.862,3.534
5e87ba72-6bb8-4ebb-8b09-5f77e4d100c1,2026-04-25T17:21:58.953242-04:00,node-01,orders-api,500,True,anomalous,market_aware_v1,70.529,52.257,262.261,29.857,1.119,129.898,61.596,3.153
8529eacd-87f4-4ec5-b6fb-e2de9e0331f4,2026-04-25T17:21:58.963813-04:00,node-01,checkout-api,500,True,anomalous,market_aware_v1,71.22,53.391,257.351,27.19,1.286,129.083,43.572,3.286
e266a279-c3dd-42be-b3be-2afee548194b,2026-04-25T17:21:58.974214-04:00,node-01,payments-api,429,True,anomalous,market_aware_v1,64.78,59.858,281.771,23.05,1.227,129.418,26.073,3.221
bf59211b-a773-41a0-b5dd-cea0289611d9,2026-04-25T17:21:58.984616-04:00,node-01,orders-api,503,True,anomalous,market_aware_v1,71.387,52.852,249.029,32.446,1.076,123.398,59.726,2.911
fc7cebf3-54e0-4408-9bee-735f8345d539,2026-04-25T17:21:58.995031-04:00,node-01,checkout-api,500,True,anomalous,market_aware_v1,69.805,55.835,261.756,26.562,1.268,125.854,37.013,3.333
d61479c3-3ab9-4e53-853c-49fc4427df1d,2026-04-25T17:21:59.005411-04:00,node-01,payments-api,429,True,anomalous,market_aware_v1,68.698,56.631,277.18,23.076,1.252,134.009,25.543,3.512
119c81e6-c51b-4698-bf2d-7c63c5967778,2026-04-25T17:21:59.015836-04:00,node-01,orders-api,500,True,anomalous,market_aware_v1,68.678,53.803,242.997,30.425,1.099,126.199,62.503,2.953
650ba519-cf08-4f29-9fc3-7c257ab1f2d7,2026-04-25T17:21:59.026261-04:00,node-01,checkout-api,502,True,anomalous,market_aware_v1,70.251,56.049,268.785,26.281,1.175,125.085,39.84,3.054
fc255eb8-d8c8-4b7c-b4ca-8da86b761fc1,2026-04-25T17:21:59.036788-04:00,node-01,payments-api,503,True,anomalous,market_aware_v1,61.762,58.586,276.728,24.873,1.116,129.127,22.905,3.145
8600554b-451b-4a96-bf72-173c8232df1f,2026-04-25T17:21:59.047491-04:00,node-01,orders-api,500,True,anomalous,market_aware_v1,66.481,53.493,238.165,30.949,1.025,121.313,59.604,2.897
5c50de36-444f-45dd-83b7-6c13fe7d6e1a,2026-04-25T17:21:59.058105-04:00,node-01,checkout-api,502,True,anomalous,market_aware_v1,70.358,55.685,268.625,28.079,1.28,126.643,36.552,3.328
a81aaffb-cfdb-456b-8b06-60f376b51cea,2026-04-25T17:21:59.068610-04:00,node-01,payments-api,502,True,anomalous,market_aware_v1,64.122,55.236,280.003,25.546,1.222,134.873,22.024,3.399
4592032f-4afd-405c-932c-849c23e72bba,2026-04-25T17:21:59.079243-04:00,node-01,orders-api,502,True,anomalous,market_aware_v1,70.073,56.297,253.235,34.569,1.385,131.332,58.621,3.52
37070049-5fa1-4ce9-8b48-2cdb2162555d,2026-04-25T17:21:59.089825-04:00,node-01,checkout-api,502,True,anomalous,market_aware_v1,68.07,56.374,264.898,30.861,1.329,135.603,42.17,3.422
102f17d7-48bc-4826-ba47-03c89564b39e,2026-04-25T17:21:59.100285-04:00,node-01,payments-api,502,True,anomalous,market_aware_v1,67.81,59.918,279.339,25.262,1.143,129.417,28.274,3.129
ef2d6659-ae6c-4f12-b356-3c1e097b04f3,2026-04-25T17:21:59.110741-04:00,node-01,orders-api,502,True,anomalous,market_aware_v1,72.31,52.79,258.226,29.614,1.051,128.702,59.727,3.032
792c6b05-c6c8-483b-882b-a8967954230c,2026-04-25T17:21:59.121355-04:00,node-01,checkout-api,500,True,anomalous,market_aware_v1,74.463,60.407,283.09,31.889,1.718,135.655,36.827,4.119
57142b51-71a9-484b-896d-3eedd4956157,2026-04-25T17:21:59.131836-04:00,node-01,payments-api,503,True,anomalous,market_aware_v1,68.06,59.678,275.906,25.129,1.268,130.257,41.413,3.417
b1a1fa4b-6725-4f65-9735-1fce9590616c,2026-04-25T17:21:59.142304-04:00,node-01,orders-api,502,True,anomalous,market_aware_v1,72.15,59.475,261.577,31.94,1.174,132.883,72.825,3.171
65727c4a-d9b1-4e71-a179-c214dbf6c22a,2026-04-25T17:21:59.152799-04:00,node-01,checkout-api,503,True,anomalous,market_aware_v1,74.885,59.985,267.827,30.732,1.301,132.693,48.483,3.489
6a66d389-ab70-407e-a9bf-4485f91dc800,2026-04-25T17:21:59.163269-04:00,node-01,payments-api,502,True,anomalous,market_aware_v1,70.033,63.189,274.806,26.397,1.194,134.205,35.54,3.364
f2920f96-149f-4d6a-9f8f-44de0981e80a,2026-04-25T17:21:59.173803-04:00,node-01,orders-api,500,True,anomalous,market_aware_v1,81.742,57.174,275.926,32.778,1.276,140.079,63.815,3.508
3426ef70-1846-4827-a686-1d87152e6b58,2026-04-25T17:21:59.184256-04:00,node-01,checkout-api,500,True,anomalous,market_aware_v1,81.14,63.619,297.448,31.228,1.759,145.539,37.645,4.267
45974b52-8fa6-4701-944c-f763d8b7a57c,2026-04-25T17:21:59.194835-04:00,node-01,payments-api,502,True,anomalous,market_aware_v1,73.569,62.155,289.745,26.815,1.211,136.875,28.622,3.493
a832ddc7-1e7e-4526-940c-22ef2662c521,2026-04-25T17:21:59.205368-04:00,node-01,orders-api,500,True,anomalous,market_aware_v1,84.218,56.128,279.665,35.876,1.487,143.078,62.686,3.929
b09641b9-83a0-4949-9e92-2c49f907e8d3,2026-04-25T17:21:59.215841-04:00,node-01,checkout-api,503,True,anomalous,market_aware_v1,67.261,60.978,271.714,31.026,1.335,132.369,50.325,3.468
0964fcbf-b07b-4a3e-bc5b-d5a6860f273a,2026-04-25T17:21:59.226362-04:00,node-01,payments-api,429,True,anomalous,market_aware_v1,72.191,60.509,280.139,30.425,1.305,134.596,34.176,3.473
fe988390-edcd-4a4a-a061-5b9f2e6866b7,2026-04-25T17:21:59.236892-04:00,node-01,orders-api,429,True,anomalous,market_aware_v1,76.823,61.941,260.179,30.515,1.143,132.613,72.15,3.226
febeb6c8-b688-4a40-b006-1f2284855c69,2026-04-25T17:21:59.247404-04:00,node-01,checkout-api,503,True,anomalous,market_aware_v1,78.863,61.582,271.026,30.517,1.205,130.492,53.236,3.285
6f4d8193-d043-4217-8e94-a1ef04ef8895,2026-04-25T17:21:59.257931-04:00,node-01,payments-api,429,True,anomalous,market_aware_v1,75.738,63.368,283.092,26.257,1.262,133.297,40.473,3.377
6ad9fede-c0fa-4220-8fa7-6b5e4e503fa1,2026-04-25T17:21:59.268427-04:00,node-01,orders-api,500,True,anomalous,market_aware_v1,79.147,54.44,257.648,32.31,1.214,130.753,76.607,3.356
747ba58d-72ab-44d7-bea1-a6c8b8e2420a,2026-04-25T17:21:59.279063-04:00,node-01,checkout-api,503,True,anomalous,market_aware_v1,72.511,66.02,272.215,30.974,1.289,132.566,50.019,3.466
4239bfdd-1b96-455e-a88b-54342b98bce9,2026-04-25T17:21:59.289527-04:00,node-01,payments-api,429,True,anomalous,market_aware_v1,70.67,57.972,282.972,28.301,1.232,133.338,36.897,3.422
71ddee22-6b92-4e38-a097-63402caa2bf1,2026-04-25T17:21:59.299993-04:00,node-01,orders-api,429,True,anomalous,market_aware_v1,74.56,58.132,255.23,32.534,1.106,133.385,69.328,3.217
abb37459-502b-4d41-b1a5-ece8e169b966,2026-04-25T17:21:59.310398-04:00,node-01,checkout-api,429,True,anomalous,market_aware_v1,73.073,60.254,274.254,28.379,1.269,125.487,49.965,3.295
f37d5d88-f5e0-4cea-8c80-d3edba5f136f,2026-04-25T17:21:59.320884-04:00,node-01,payments-api,500,True,anomalous,market_aware_v1,68.587,59.282,292.341,28.399,1.356,139.534,29.634,3.842
e40bf327-4dcd-455e-a476-ac8515401a00,2026-04-25T17:21:59.331395-04:00,node-01,orders-api,503,True,anomalous,market_aware_v1,69.77,57.492,246.142,31.679,1.106,129.777,62.81,3.067
589ec865-aae8-4970-a54f-4a5524410e19,2026-04-25T17:21:59.341889-04:00,node-01,checkout-api,503,True,anomalous,market_aware_v1,67.812,56.574,264.886,28.013,1.242,130.657,40.1,3.4
42ad941f-d42b-4f0c-94c4-48ea4093fd83,2026-04-25T17:21:59.352374-04:00,node-01,payments-api,503,True,anomalous,market_aware_v1,67.299,60.92,291.094,26.113,1.227,138.621,17.038,3.543
ed2798f8-875d-45ba-a93f-ef2d8604e27e,2026-04-25T17:21:59.362889-04:00,node-01,orders-api,500,True,anomalous,market_aware_v1,71.339,51.873,254.02,31.539,1.155,125.848,58.906,3.056
f45d21d7-bbf5-4687-8359-a25af847302a,2026-04-25T17:21:59.373335-04:00,node-01,checkout-api,502,True,anomalous,market_aware_v1,70.822,56.351,280.169,29.236,1.566,126.806,29.602,3.718
6f39e1da-0a2a-44f7-89c2-faa963ab5a1f,2026-04-25T17:21:59.383754-04:00,node-01,payments-api,502,True,anomalous,market_aware_v1,66.088,59.112,283.269,25.808,1.264,136.308,16.937,3.348
f2f24e09-b270-474f-99b6-e7516a2375a3,2026-04-25T17:21:59.394179-04:00,node-01,orders-api,503,True,anomalous,market_aware_v1,73.014,54.583,259.284,35.905,1.434,131.33,54.365,3.625
2520c7fe-eda9-4f1d-bdbf-6eec14e55de1,2026-04-25T17:21:59.404633-04:00,node-01,checkout-api,500,True,normal,market_aware_v1,61.511,49.818,247.074,29.556,1.176,119.565,32.279,3.004
e4cd46f8-bc0e-4493-809c-eae58448ab5a,2026-04-25T17:21:59.415105-04:00,node-01,payments-api,429,True,anomalous,market_aware_v1,68.937,56.087,286.516,24.189,1.596,139.912,19.272,3.929
295e7d0a-d5b2-4f93-b262-02e7e7af4258,2026-04-25T17:21:59.425527-04:00,node-01,orders-api,503,True,anomalous,market_aware_v1,71.261,47.82,245.084,26.914,0.968,121.335,55.322,2.83
55d7f1b0-1058-4b89-894c-356abe28ba41,2026-04-25T17:21:59.435982-04:00,node-01,checkout-api,500,True,anomalous,market_aware_v1,67.406,54.829,263.836,27.071,1.13,124.116,38.179,3.185
42e45b14-6fde-4799-a483-e9490258faaa,2026-04-25T17:21:59.446488-04:00,node-01,payments-api,500,True,anomalous,market_aware_v1,60.54,54.822,275.337,26.675,1.221,129.546,21.832,3.403
68f524b9-9c80-428c-b1ba-f3b0f3d8ecf7,2026-04-25T17:21:59.456912-04:00,node-01,orders-api,429,True,anomalous,market_aware_v1,67.38,53.074,271.779,29.637,1.432,134.154,41.601,3.6
7f3bbc91-a61d-4767-9486-e10b2bc55d6b,2026-04-25T17:21:59.467415-04:00,node-01,checkout-api,502,True,anomalous,market_aware_v1,65.985,55.214,250.26,26.436,1.27,125.671,34.06,3.429
de0f9d94-d16e-4a57-8d7d-bc7bf4bbe42b,2026-04-25T17:21:59.477966-04:00,node-01,payments-api,429,True,anomalous,market_aware_v1,65.892,55.188,273.731,24.348,1.172,127.919,24.225,3.12
a7ad9d07-c90b-4c2f-bc99-77da9ea5bd19,2026-04-25T17:21:59.488440-04:00,node-01,orders-api,502,True,anomalous,market_aware_v1,73.055,53.459,246.312,29.435,1.028,120.272,60.307,2.797
6ea72124-1932-466d-a3c9-ed66d3d7fecd,2026-04-25T17:21:59.498894-04:00,node-01,checkout-api,502,True,anomalous,market_aware_v1,69.091,52.588,271.186,25.751,1.231,126.231,31.538,3.209
d086e570-a8d6-43c2-86c1-e26bab4a243c,2026-04-25T17:21:59.509374-04:00,node-01,payments-api,429,True,anomalous,market_aware_v1,60.903,58.811,280.61,23.756,1.244,133.102,25.399,3.335
52cb62a5-e26a-4b65-be24-683abeb66107,2026-04-25T17:21:59.519849-04:00,node-01,orders-api,502,True,anomalous,market_aware_v1,70.514,52.649,246.251,31.814,1.05,123.997,62.054,2.934
6b3297f0-f082-4176-bd51-26ef64d1c7ce,2026-04-25T17:21:59.530286-04:00,node-01,checkout-api,429,True,anomalous,market_aware_v1,68.983,56.429,274.14,28.514,1.306,135.947,40.373,3.679
1f36abcd-72d4-4413-aa59-59db9316f007,2026-04-25T17:21:59.540727-04:00,node-01,payments-api,503,True,anomalous,market_aware_v1,66.192,61.177,281.838,26.217,1.159,134.037,21.671,3.418
4e3835d6-9fe0-4b27-8b4f-7a8682e3f568,2026-04-25T17:21:59.551179-04:00,node-01,orders-api,500,True,anomalous,market_aware_v1,71.896,51.063,264.765,29.674,1.078,130.611,62.373,3.138
4ca22b56-f673-4a7d-9350-a39c6ff88386,2026-04-25T17:21:59.561637-04:00,node-01,checkout-api,500,True,anomalous,market_aware_v1,70.996,60.955,262.792,27.696,1.3,140.783,38.903,3.648
1f58020e-769c-4cec-bbca-c894f866bdb2,2026-04-25T17:21:59.572062-04:00,node-01,payments-api,429,True,anomalous,market_aware_v1,71.93,61.67,301.016,27.884,1.552,141.914,23.629,4.039
2895bea1-2c01-4fc6-85fd-998bb0d09fa8,2026-04-25T17:21:59.582508-04:00,node-01,orders-api,500,True,anomalous,market_aware_v1,71.966,52.559,245.93,31.006,1.042,131.76,63.764,3.07
706f9a80-c349-4c09-8e2e-4d7fe56571e2,2026-04-25T17:21:59.592928-04:00,node-01,checkout-api,500,True,anomalous,market_aware_v1,74.821,57.188,278.345,29.779,1.274,128.158,43.041,3.318
9fc60685-65ff-4a76-90a0-6bc86df3ff18,2026-04-25T17:21:59.603389-04:00,node-01,payments-api,500,True,anomalous,market_aware_v1,72.961,60.613,290.941,25.316,1.32,137.247,31.074,3.611
adcc4425-902f-4b06-a240-a9e2486b223b,2026-04-25T17:21:59.613926-04:00,node-01,orders-api,503,True,anomalous,market_aware_v1,76.096,58.665,241.471,31.859,1.094,121.275,71.71,3.005
ec559009-fd4f-4a3d-8509-0ebdab030d26,2026-04-25T17:21:59.624400-04:00,node-01,checkout-api,429,True,anomalous,market_aware_v1,75.178,58.669,269.49,28.22,1.203,128.642,46.446,3.344
91097174-516d-4807-b847-92d11349dfe8,2026-04-25T17:21:59.634890-04:00,node-01,payments-api,503,True,anomalous,market_aware_v1,70.252,64.453,275.628,25.752,1.267,131.333,34.582,3.309
8210af2c-ab7f-4018-b865-969c500ca3a1,2026-04-25T17:21:59.645372-04:00,node-01,orders-api,500,True,anomalous,market_aware_v1,77.642,56.669,267.064,32.384,1.55,143.754,57.899,3.84
90c1fa4b-73b3-4b8c-b84a-d6b38df0ffd6,2026-04-25T17:21:59.655879-04:00,node-01,checkout-api,429,True,anomalous,market_aware_v1,75.167,58.536,278.34,28.336,1.25,130.751,39.952,3.478
0dcf1fb7-4baa-4a80-816a-18b860e21b55,2026-04-25T17:21:59.666375-04:00,node-01,payments-api,500,True,anomalous,market_aware_v1,66.453,61.305,283.063,28.94,1.221,136.443,29.893,3.532
566f1c28-9104-4637-8486-bee4d5932f94,2026-04-25T17:21:59.676931-04:00,node-01,orders-api,503,True,anomalous,market_aware_v1,74.84,57.275,257.067,31.447,1.04,130.741,69.68,3.023
5a12159c-4ef1-49c1-aa7d-7b041ba89098,2026-04-25T17:21:59.687458-04:00,node-01,checkout-api,500,True,anomalous,market_aware_v1,70.947,57.232,264.2,27.803,1.341,130.518,37.02,3.513
a772867f-457c-4dbc-a747-4fff6314d6a0,2026-04-25T17:21:59.697938-04:00,node-01,payments-api,500,True,anomalous,market_aware_v1,65.251,57.995,271.636,27.23,1.208,131.611,25.498,3.392
c8258d35-4af0-4b72-8310-59d2ce80309e,2026-04-25T17:21:59.708425-04:00,node-01,orders-api,429,True,anomalous,market_aware_v1,70.449,55.432,261.775,33.364,1.169,130.174,66.29,3.262
eceadc0a-4924-41a0-af12-f0903c444372,2026-04-25T17:21:59.718843-04:00,node-01,checkout-api,503,True,anomalous,market_aware_v1,75.375,58.96,270.701,29.006,1.272,132.488,44.744,3.452
c366a373-df21-4f7d-a350-a0db035183b2,2026-04-25T17:21:59.729338-04:00,node-01,payments-api,429,True,anomalous,market_aware_v1,63.65,58.78,276.415,26.589,1.26,130.139,28.034,3.339
a0665188-1b26-480c-906b-67dd5357f36a,2026-04-25T17:21:59.739846-04:00,node-01,orders-api,429,True,anomalous,market_aware_v1,73.051,55.194,268.052,32.539,1.488,136.206,58.408,3.687
ff165552-2635-497b-a8d5-6e640185d699,2026-04-25T17:21:59.750300-04:00,node-01,checkout-api,503,True,anomalous,market_aware_v1,68.223,58.693,268.093,28.88,1.27,131.767,40.368,3.446
5acb6fce-b740-4ce2-9d4f-fb3c208554d2,2026-04-25T17:21:59.760790-04:00,node-01,payments-api,500,True,anomalous,market_aware_v1,67.83,59.793,275.235,23.335,1.253,131.832,29.132,3.35
eb008792-2c38-4a7a-9ffc-2e02ec0201f2,2026-04-25T17:21:59.771311-04:00,node-01,orders-api,503,True,anomalous,market_aware_v1,74.334,53.285,264.577,30.404,1.177,133.77,58.648,3.183
adc70c20-85a7-4776-8eeb-8af947da7fdf,2026-04-25T17:21:59.781833-04:00,node-01,checkout-api,502,True,anomalous,market_aware_v1,71.435,55.413,272.686,28.79,1.274,131.128,44.169,3.374
108aadff-7745-4b2b-b14e-f30b230333e1,2026-04-25T17:21:59.792300-04:00,node-01,payments-api,503,True,anomalous,market_aware_v1,63.865,58.674,274.716,25.938,1.257,134.342,25.979,3.364
f09df0b5-1edd-42e0-8d17-e4f952717549,2026-04-25T17:21:59.802853-04:00,node-01,orders-api,429,True,anomalous,market_aware_v1,71.91,53.599,265.174,32.665,1.158,135.831,58.743,3.3
0149f186-4380-4215-bacd-d3e2edd3b962,2026-04-25T17:21:59.813469-04:00,node-01,checkout-api,503,True,anomalous,market_aware_v1,68.672,53.253,266.917,26.072,1.272,130.19,38.274,3.36
100eca35-fab4-48ff-bdcb-c2abb200e069,2026-04-25T17:21:59.824018-04:00,node-01,payments-api,503,True,anomalous,market_aware_v1,65.068,59.398,273.901,23.392,1.228,133.911,25.203,3.398
156f2577-082e-4b93-8243-8dacd595ea10,2026-04-25T17:21:59.834485-04:00,node-01,orders-api,502,True,anomalous,market_aware_v1,69.365,56.755,237.126,32.85,1.072,127.477,63.161,3.047
fa9830c2-b29e-4f40-907f-3cb723aba2b6,2026-04-25T17:21:59.844996-04:00,node-01,checkout-api,429,True,anomalous,market_aware_v1,73.79,61.38,271.29,30.262,1.587,132.748,33.776,3.874
b006d733-6ffd-4a6a-a9c2-a273ce72f4d5,2026-04-25T17:21:59.855403-04:00,node-01,payments-api,500,True,anomalous,market_aware_v1,64.26,60.544,277.763,25.152,1.214,130.23,25.749,3.374
106e885e-f709-4d18-983a-f22e1775af3e,2026-04-25T17:21:59.865916-04:00,node-01,orders-api,503,True,anomalous,market_aware_v1,74.608,55.511,261.652,32.092,1.367,126.984,62.676,3.321
7600b10c-2165-400a-86c5-92681021dea2,2026-04-25T17:21:59.876425-04:00,node-01,checkout-api,500,True,anomalous,market_aware_v1,70.403,54.955,277.104,29.877,1.334,134.108,34.441,3.43
22282f5d-8f46-4942-a121-20643e3d1157,2026-04-25T17:21:59.886928-04:00,node-01,payments-api,503,True,anomalous,market_aware_v1,67.564,60.688,265.838,26.065,1.261,130.899,30.141,3.311
2f7afc48-1056-44b4-8980-9a8cbb083eb3,2026-04-25T17:21:59.897408-04:00,node-01,orders-api,503,True,anomalous,market_aware_v1,75.308,53.864,264.333,31.066,1.184,130.699,61.324,3.262
eff9f55c-16c3-4b33-a4aa-04f69c4f9a86,2026-04-25T17:21:59.907936-04:00,node-01,checkout-api,429,True,anomalous,market_aware_v1,72.317,59.729,291.71,28.906,1.566,144.132,36.562,4.174
b7160181-5ac9-4558-80bc-71cb12303471,2026-04-25T17:21:59.918387-04:00,node-01,payments-api,503,True,anomalous,market_aware_v1,77.892,64.037,294.768,29.868,1.587,140.691,27.174,4.048
e2cc902c-5d13-4b90-ac9d-f60461630c1c,2026-04-25T17:21:59.928926-04:00,node-01,orders-api,503,True,anomalous,market_aware_v1,72.944,57.491,246.458,30.54,1.218,134.316,61.606,3.352
6cfd03ea-9d77-4363-a88d-6135ba141b75,2026-04-25T17:21:59.939414-04:00,node-01,checkout-api,429,True,anomalous,market_aware_v1,73.934,60.046,279.696,28.748,1.405,138.262,42.209,3.802
89ba36ac-92e4-43f1-969d-d5939807d9f8,2026-04-25T17:21:59.949969-04:00,node-01,payments-api,502,True,anomalous,market_aware_v1,72.684,60.896,272.411,26.891,1.234,135.007,35.007,3.481
ea49c341-517d-4dd1-bf46-bbedd10251c9,2026-04-25T17:21:59.960416-04:00,node-01,orders-api,502,True,anomalous,market_aware_v1,77.043,56.09,256.125,32.817,1.061,132.619,73.427,3.147
9a96d75f-0b31-4186-a9e1-18feefea6fd1,2026-04-25T17:21:59.970906-04:00,node-01,checkout-api,500,True,anomalous,market_aware_v1,75.552,59.525,280.274,30.953,1.222,132.219,45.014,3.312
b7b3c8d1-1794-4661-9e8b-812b64039de9,2026-04-25T17:21:59.981395-04:00,node-01,payments-api,429,True,anomalous,market_aware_v1,75.061,60.837,292.563,27.409,1.193,136.212,33.704,3.408
936b5d47-44e6-405e-a330-28184adb4d05,2026-04-25T17:21:59.991939-04:00,node-01,orders-api,503,True,anomalous,market_aware_v1,79.598,57.277,276.139,32.647,1.142,137.982,71.325,3.259
89ad010d-feee-4e50-881e-f0a042a06970,2026-04-25T17:22:00.002425-04:00,node-01,checkout-api,503,True,anomalous,market_aware_v1,74.521,59.979,292.996,29.817,1.304,138.454,44.892,3.621
c0038a60-126a-49c6-8d1c-963784d366e1,2026-04-25T17:22:00.013011-04:00,node-01,payments-api,429,True,anomalous,market_aware_v1,72.932,64.415,280.836,26.871,1.302,135.183,34.211,3.52
cb82e3bb-3292-4686-bbe1-2ab31335a1d4,2026-04-25T17:22:00.023470-04:00,node-01,orders-api,500,True,anomalous,market_aware_v1,79.803,55.835,270.138,34.238,1.233,137.904,69.252,3.494
7115afd8-2555-4a51-a844-2af583a66657,2026-04-25T17:22:00.033995-04:00,node-01,checkout-api,500,True,anomalous,market_aware_v1,79.494,63.098,277.094,31.651,1.369,139.181,49.208,3.58
9f2a27c0-a28d-4bcf-a62f-3bf4785eece6,2026-04-25T17:22:00.044534-04:00,node-01,payments-api,429,True,anomalous,market_aware_v1,72.527,61.927,298.82,29.617,1.3,137.833,40.862,3.586
25fb344b-9b5c-42e0-8035-7ad7ea29a01a,2026-04-25T17:22:00.055029-04:00,node-01,orders-api,500,True,anomalous,market_aware_v1,75.889,57.168,261.773,31.587,1.137,135.129,67.794,3.193
7fd964f3-4a37-4663-a152-34df887057ed,2026-04-25T17:22:00.065526-04:00,node-01,checkout-api,429,True,anomalous,market_aware_v1,77.679,61.104,285.941,29.027,1.325,135.408,51.335,3.582
4cf97cb7-8563-4849-b108-2a0e90ae6860,2026-04-25T17:22:00.076102-04:00,node-01,payments-api,502,True,anomalous,market_aware_v1,73.765,63.48,295.126,27.788,1.293,141.243,33.23,3.659
d116c7a6-80a8-46dd-a95f-7396e64adf42,2026-04-25T17:22:00.086615-04:00,node-01,orders-api,429,True,anomalous,market_aware_v1,78.2,55.173,254.457,31.545,1.171,130.852,69.445,3.264
bf6cd8ca-33a9-47c6-9acc-46286889e5fa,2026-04-25T17:22:00.097128-04:00,node-01,checkout-api,500,True,anomalous,market_aware_v1,73.343,57.544,269.656,31.675,1.255,132.644,41.003,3.353
8168da90-0698-4619-b718-bff7cf6bd763,2026-04-25T17:22:00.107621-04:00,node-01,payments-api,503,True,anomalous,market_aware_v1,73.545,62.748,301.687,27.902,1.54,145.302,19.676,4.037
eca2aedd-8c7f-4c2b-864c-2af2f79bb9bf,2026-04-25T17:22:00.118147-04:00,node-01,orders-api,502,True,anomalous,market_aware_v1,78.631,58.335,262.717,33.333,1.516,131.617,57.209,3.578
b293dfe9-30d7-4618-9c8a-02d576eacd44,2026-04-25T17:22:00.128637-04:00,node-01,checkout-api,503,True,anomalous,market_aware_v1,73.332,56.4,264.614,27.923,1.331,132.481,36.79,3.49
505a90cc-f8d4-4110-a1b0-656c4d4be476,2026-04-25T17:22:00.139153-04:00,node-01,payments-api,500,True,anomalous,market_aware_v1,69.135,59.277,292.28,29.016,1.516,143.074,17.165,3.929
863a5836-a841-40b3-9b87-205c7b903148,2026-04-25T17:22:00.149685-04:00,node-01,orders-api,503,True,anomalous,market_aware_v1,71.978,53.245,259.605,28.407,1.115,136.123,51.598,3.317
35bdfbc8-b27d-4579-a7ee-48c3257bf2ec,2026-04-25T17:22:00.160263-04:00,node-01,checkout-api,500,True,anomalous,market_aware_v1,70.094,59.984,287.457,28.373,1.328,136.04,30.641,3.638
710d0620-19e7-4644-9a98-f2d0b36d2f67,2026-04-25T17:22:00.170699-04:00,node-01,payments-api,429,True,anomalous,market_aware_v1,61.585,55.23,272.349,25.995,1.26,133.525,24.375,3.443
be8e1479-5bc0-45eb-924e-32a37cb53141,2026-04-25T17:22:00.181266-04:00,node-01,orders-api,429,True,anomalous,market_aware_v1,70.092,51.762,261.284,31.358,1.13,129.776,59.91,3.081
bd0ca835-57df-4999-b547-1b3ed3b9f5c1,2026-04-25T17:22:00.191832-04:00,node-01,checkout-api,503,True,anomalous,market_aware_v1,67.521,57.459,261.228,29.287,1.21,124.833,36.762,3.139
17d61f6e-3e74-44b5-8fcb-3dd7e6999ac7,2026-04-25T17:22:00.202376-04:00,node-01,payments-api,502,True,anomalous,market_aware_v1,57.71,55.65,286.377,23.979,1.181,132.981,25.6,3.389
15372d22-4786-433e-b043-d0953724ff2d,2026-04-25T17:22:00.212936-04:00,node-01,orders-api,503,True,anomalous,market_aware_v1,72.768,54.413,272.862,29.922,1.459,138.027,52.177,3.668
21ae4716-2757-4353-845a-c980b2b7c37e,2026-04-25T17:22:00.223515-04:00,node-01,checkout-api,503,True,anomalous,market_aware_v1,65.719,52.601,272.54,25.574,1.169,124.16,36.95,3.195
d4657a21-c4eb-41ff-9205-735e0eea6519,2026-04-25T17:22:00.234050-04:00,node-01,payments-api,429,True,anomalous,market_aware_v1,62.354,56.43,274.973,24.278,1.209,126.245,22.971,3.162
cebfa17e-ae98-497f-b63e-ae71de1962dd,2026-04-25T17:22:00.244541-04:00,node-01,orders-api,503,True,anomalous,market_aware_v1,65.47,50.715,241.601,29.059,0.925,122.195,60.425,2.774
b98c838d-5efb-400c-9302-b8b24fdbbcc9,2026-04-25T17:22:00.255052-04:00,node-01,checkout-api,502,True,anomalous,market_aware_v1,60.217,56.74,269.811,27.548,1.278,129.378,37.828,3.348
24d37917-21a5-4a80-8e93-3d301b3bf286,2026-04-25T17:22:00.265527-04:00,node-01,payments-api,500,True,anomalous,market_aware_v1,62.406,53.886,282.74,23.743,1.213,136.977,20.165,3.404
e9647477-0435-48ef-8409-b02f81487088,2026-04-25T17:22:00.276039-04:00,node-01,orders-api,500,True,anomalous,market_aware_v1,70.154,51.455,247.915,29.928,1.101,124.649,57.573,3.098
9f0934d9-8545-4eea-be7e-f6632aa36390,2026-04-25T17:22:00.286538-04:00,node-01,checkout-api,503,True,anomalous,market_aware_v1,67.948,55.218,280.998,28.114,1.22,131.006,36.133,3.204
39c80b84-0270-48f8-b166-440bdd077d43,2026-04-25T17:22:00.297038-04:00,node-01,payments-api,500,True,anomalous,market_aware_v1,61.349,59.388,273.061,23.888,1.267,133.434,24.791,3.4
5ca6de9c-585b-4d9b-afcc-ceec57e46d8e,2026-04-25T17:22:00.307528-04:00,node-01,orders-api,429,True,anomalous,market_aware_v1,73.105,51.143,259.594,30.386,1.115,129.978,66.805,3.145
2a628ac8-4e52-4a62-90b7-3b81d255d481,2026-04-25T17:22:00.317994-04:00,node-01,checkout-api,502,True,anomalous,market_aware_v1,67.31,53.43,268.477,28.697,1.306,132.214,32.33,3.497
96550c2f-59b1-4af9-b514-1e4bf5162d1e,2026-04-25T17:22:00.328510-04:00,node-01,payments-api,429,True,anomalous,market_aware_v1,67.238,58.893,287.318,25.74,1.598,137.878,16.489,3.991
b00483ab-4bb6-4b91-a8fe-c668ad197523,2026-04-25T17:22:00.339024-04:00,node-01,orders-api,429,True,anomalous,market_aware_v1,72.92,54.985,263.99,31.487,1.239,134.384,62.076,3.379
afe8bb50-39a1-4afe-9902-931a22f9afdf,2026-04-25T17:22:00.349576-04:00,node-01,checkout-api,500,True,anomalous,market_aware_v1,74.169,58.14,292.627,28.14,1.316,136.626,35.043,3.465
3703ab95-5c4e-4126-8c79-081104508ba3,2026-04-25T17:22:00.360110-04:00,node-01,payments-api,502,True,anomalous,market_aware_v1,63.78,62.193,271.402,25.797,1.182,132.091,26.774,3.321
8f11b638-31be-46da-85f8-dd66e3a2701c,2026-04-25T17:22:00.370602-04:00,node-01,orders-api,429,True,anomalous,market_aware_v1,74.831,53.772,254.737,30.153,1.199,134.235,62.032,3.345
cadfac77-4d8e-4505-a793-ee956e3937ac,2026-04-25T17:22:00.381142-04:00,node-01,checkout-api,429,True,anomalous,market_aware_v1,72.12,58.901,276.456,31.793,1.377,133.634,38.34,3.514
d9a75b86-1fe3-49e2-b791-7a47fc588150,2026-04-25T17:22:00.391674-04:00,node-01,payments-api,429,True,anomalous,market_aware_v1,67.323,58.036,270.929,26.399,1.214,130.33,34.142,3.307
6f614a0b-728f-43f9-b5e4-93b817159ec7,2026-04-25T17:22:00.402250-04:00,node-01,orders-api,500,True,anomalous,market_aware_v1,73.401,55.265,266.163,33.97,1.159,134.213,60.605,3.312
1655f59b-0540-4f3c-9b2e-b1d40062287f,2026-04-25T17:22:00.412846-04:00,node-01,checkout-api,503,True,anomalous,market_aware_v1,80.614,61.55,279.325,29.926,1.251,131.114,44.518,3.389
219d661e-b915-4218-9823-bdf416464749,2026-04-25T17:22:00.423375-04:00,node-01,payments-api,502,True,anomalous,market_aware_v1,70.134,62.875,285.347,27.616,1.309,137.832,32.858,3.477
199dcf27-65d9-4c9d-9624-6b93ba4ec2b7,2026-04-25T17:22:00.433948-04:00,node-01,orders-api,500,True,anomalous,market_aware_v1,80.809,56.884,273.001,31.126,1.163,137.807,67.537,3.304
746fcec8-b69e-458d-9f66-5b25bc3047fa,2026-04-25T17:22:00.444413-04:00,node-01,checkout-api,503,True,anomalous,market_aware_v1,73.892,59.055,280.892,30.273,1.354,142.133,43.431,3.595
5a598fba-7ada-40c5-bd55-782c083a7a46,2026-04-25T17:22:00.454919-04:00,node-01,payments-api,429,True,anomalous,market_aware_v1,71.104,62.763,295.801,28.147,1.314,143.356,31.183,3.754
e4617e45-9fdd-4e4c-b915-2d7199e7f60b,2026-04-25T17:22:00.465398-04:00,node-01,orders-api,429,True,anomalous,market_aware_v1,76.239,56.054,286.917,32.441,1.384,144.625,66.364,3.882
33649f7c-2ef8-4108-8c53-aac1d218dbf7,2026-04-25T17:22:00.475925-04:00,node-01,checkout-api,500,True,anomalous,market_aware_v1,76.598,57.669,285.099,30.06,1.342,134.267,38.262,3.565
9d994888-72dd-4988-b15b-4022097a1ecd,2026-04-25T17:22:00.486415-04:00,node-01,payments-api,503,True,anomalous,market_aware_v1,75.86,62.052,306.039,29.959,1.649,146.818,21.823,4.261
807595a6-e9cc-42b9-b765-5ca53bbc9419,2026-04-25T17:22:00.496964-04:00,node-01,orders-api,500,True,anomalous,market_aware_v1,72.69,52.344,255.089,31.48,1.136,131.44,67.525,3.215
82b8b6a1-6125-4dfb-9aa7-8126f0f1e91c,2026-04-25T17:22:00.507416-04:00,node-01,checkout-api,500,True,anomalous,market_aware_v1,72.782,53.293,283.088,26.909,1.429,138.683,43.16,3.661
a8d52969-3e52-4d2e-be95-c12b08b8fa1c,2026-04-25T17:22:00.517962-04:00,node-01,payments-api,429,True,anomalous,market_aware_v1,70.458,60.614,308.485,28.276,1.744,147.035,19.548,4.344
e3d771c4-9ac0-4399-85fd-c25204a71e94,2026-04-25T17:22:00.528516-04:00,node-01,orders-api,503,True,anomalous,market_aware_v1,73.858,56.802,265.404,30.541,1.087,132.333,62.731,3.079
52694f9d-2f1e-4a15-b5db-63813b198952,2026-04-25T17:22:00.539075-04:00,node-01,checkout-api,500,True,anomalous,market_aware_v1,71.093,56.875,266.393,29.899,1.247,130.477,39.938,3.433
886e2ad6-a8f1-4bdc-9ce7-e8549abd25f0,2026-04-25T17:22:00.549551-04:00,node-01,payments-api,500,True,anomalous,market_aware_v1,66.341,58.64,287.893,23.821,1.255,136.229,22.823,3.483
3b8055e3-d9ed-4c10-afb0-146d56e42f5c,2026-04-25T17:22:00.560009-04:00,node-01,orders-api,503,True,anomalous,market_aware_v1,69.112,52.418,271.162,30.435,1.514,139.646,53.457,3.88
6a06a6d6-85f5-4a99-ac63-8f3b632a70a9,2026-04-25T17:22:00.570497-04:00,node-01,checkout-api,429,True,anomalous,market_aware_v1,68.317,55.611,279.48,27.879,1.295,134.492,41.507,3.435
4a160d67-fa7c-442d-848b-cb8f7e6be480,2026-04-25T17:22:00.580980-04:00,node-01,payments-api,503,True,anomalous,market_aware_v1,67.546,58.489,303.81,28.318,1.354,141.596,17.561,3.774
f771b88d-15d7-4bc2-b6f0-ca4884ab2b22,2026-04-25T17:22:00.591407-04:00,node-01,orders-api,429,True,anomalous,market_aware_v1,72.159,50.446,252.631,30.334,1.156,129.794,62.252,3.237
11372a69-88da-40dc-8089-a215964b09d7,2026-04-25T17:22:00.601863-04:00,node-01,checkout-api,502,True,anomalous,market_aware_v1,69.789,55.243,269.011,27.046,1.189,131.225,39.099,3.354
d220493b-d126-429e-8663-b19d7741ff6e,2026-04-25T17:22:00.612327-04:00,node-01,payments-api,502,True,anomalous,market_aware_v1,65.319,56.626,274.502,25.206,1.298,135.053,25.119,3.554
320edeb2-5653-47b7-bdec-e95f01035bd5,2026-04-25T17:22:00.622854-04:00,node-01,orders-api,503,True,anomalous,market_aware_v1,72.206,53.444,269.489,31.954,1.266,136.397,50.854,3.46
73003d29-540a-4bb4-81fc-beb91f7f6577,2026-04-25T17:22:00.633396-04:00,node-01,checkout-api,503,True,anomalous,market_aware_v1,71.337,55.561,281.377,27.047,1.301,132.183,39.354,3.389
76584559-5660-4f79-ab17-9b7358c85ac8,2026-04-25T17:22:00.643875-04:00,node-01,payments-api,429,True,anomalous,market_aware_v1,64.991,58.441,297.314,24.644,1.211,136.196,23.028,3.401
12111817-f200-4216-b99c-364af1f6dbbe,2026-04-25T17:22:00.654375-04:00,node-01,orders-api,429,True,anomalous,market_aware_v1,73.302,53.5,267.236,30.972,1.152,136.118,61.58,3.386
da415c51-04fe-4587-a53f-1f9eabe1602a,2026-04-25T17:22:00.664907-04:00,node-01,checkout-api,502,True,anomalous,market_aware_v1,74.469,58.692,278.336,29.164,1.325,138.472,34.124,3.582
096efbc2-a5ff-4083-a943-5c446eee53d5,2026-04-25T17:22:00.675393-04:00,node-01,payments-api,429,True,anomalous,market_aware_v1,71.093,60.192,301.611,24.676,1.302,142.561,28.675,3.458
7905c90d-af2d-4344-ab5e-02f4a8939e2e,2026-04-25T17:22:00.685894-04:00,node-01,orders-api,503,True,anomalous,market_aware_v1,76.735,56.664,255.947,31.758,1.498,136.983,59.815,3.758
33ed4d04-1cd5-4c20-a882-e8e440e01da9,2026-04-25T17:22:00.696369-04:00,node-01,checkout-api,500,True,anomalous,market_aware_v1,71.936,56.906,284.342,27.758,1.347,133.622,38.585,3.499
296d87f5-3382-4b9f-93b4-4dcf86c5583e,2026-04-25T17:22:00.706859-04:00,node-01,payments-api,502,True,anomalous,market_aware_v1,72.781,63.219,291.117,25.61,1.284,139.579,25.927,3.723
e29e7188-aeb4-4548-98ed-100587ea390c,2026-04-25T17:22:00.717425-04:00,node-01,orders-api,500,True,anomalous,market_aware_v1,80.308,56.144,265.798,31.545,1.064,127.575,64.551,3.027
13c6d9f9-0071-425c-a98e-82445a85a88c,2026-04-25T17:22:00.727932-04:00,node-01,checkout-api,502,True,anomalous,market_aware_v1,71.38,58.316,273.936,29.864,1.325,140.083,35.481,3.62
3cc8048c-47be-4661-87f2-1411a4228ad1,2026-04-25T17:22:00.738400-04:00,node-01,payments-api,503,True,anomalous,market_aware_v1,67.95,61.517,297.023,27.119,1.328,138.872,26.09,3.668
5ca392fb-4372-47c2-8966-2aed9bccb7c4,2026-04-25T17:22:00.748903-04:00,node-01,orders-api,429,True,anomalous,market_aware_v1,78.106,54.921,266.988,31.687,1.207,134.919,66.0,3.325
62a55f33-937d-44ee-b0bc-dcdeb47a998a,2026-04-25T17:22:00.759372-04:00,node-01,checkout-api,502,True,anomalous,market_aware_v1,76.303,59.785,293.488,31.924,1.312,136.088,41.263,3.459
cbb07b04-8b73-4448-b81b-f28d42c5f626,2026-04-25T17:22:00.769836-04:00,node-01,payments-api,500,True,anomalous,market_aware_v1,74.142,63.91,294.218,28.904,1.334,145.175,30.012,3.712
359a0306-2a77-4ca9-a0c8-b6498aa22f24,2026-04-25T17:22:00.780254-04:00,node-01,orders-api,429,True,anomalous,market_aware_v1,79.694,58.725,264.977,30.814,1.09,136.967,68.812,3.193
6225000a-4a63-49fa-8cf4-99a025875302,2026-04-25T17:22:00.790708-04:00,node-01,checkout-api,429,True,anomalous,market_aware_v1,73.174,63.899,272.963,31.91,1.291,133.765,50.034,3.437
3bd97964-c225-4c2b-8974-c52d775d32c7,2026-04-25T17:22:00.801144-04:00,node-01,payments-api,503,True,anomalous,market_aware_v1,75.123,63.364,306.865,29.26,1.274,142.304,35.347,3.691
958083ef-d008-416d-b1e9-5d7ef0d2b2ae,2026-04-25T17:22:00.811550-04:00,node-01,orders-api,503,True,anomalous,market_aware_v1,80.06,58.102,268.504,32.707,1.132,133.026,64.479,3.238
abb452fb-7bf2-4b4f-99b3-45e529a0751f,2026-04-25T17:22:00.821932-04:00,node-01,checkout-api,503,True,anomalous,market_aware_v1,77.253,63.13,285.073,32.065,1.301,126.681,49.474,3.355
0d5e2753-82ea-4716-b896-562dde10f628,2026-04-25T17:22:00.832342-04:00,node-01,payments-api,503,True,anomalous,market_aware_v1,73.1,62.129,295.463,29.336,1.299,138.089,33.556,3.58
108473fd-cbcb-4b5f-9d76-a612a6af0f67,2026-04-25T17:22:00.842799-04:00,node-01,orders-api,429,True,anomalous,market_aware_v1,76.737,59.684,260.282,32.385,1.155,137.549,65.832,3.31
f5621fb8-0881-4c22-8bc4-5a24a4a64b47,2026-04-25T17:22:00.853246-04:00,node-01,checkout-api,503,True,anomalous,market_aware_v1,79.291,59.709,277.664,29.042,1.32,133.324,43.202,3.463
33491cfd-bebd-48dc-9420-ddc5c97ba207,2026-04-25T17:22:00.863696-04:00,node-01,payments-api,429,True,anomalous,market_aware_v1,68.899,61.418,281.864,26.726,1.221,134.883,32.874,3.414
bbdda57f-300a-4b74-9af7-e3142ff24d28,2026-04-25T17:22:00.874191-04:00,node-01,orders-api,429,True,anomalous,market_aware_v1,77.16,57.383,270.546,30.725,1.216,136.369,64.23,3.386
d5c48258-e3f2-44c9-89d5-cd0e020e3e2d,2026-04-25T17:22:00.884631-04:00,node-01,checkout-api,502,True,anomalous,market_aware_v1,73.744,61.663,272.733,29.099,1.221,135.159,39.338,3.396
4e59dd8f-79d4-44d4-8e91-ae207b17fb6b,2026-04-25T17:22:00.895076-04:00,node-01,payments-api,429,True,anomalous,market_aware_v1,69.944,62.379,304.367,27.903,1.399,142.746,24.172,3.777
6a15bea9-4b92-4892-8cdf-667a1a86e860,2026-04-25T17:22:00.905540-04:00,node-01,orders-api,500,True,anomalous,market_aware_v1,71.262,54.778,252.508,30.418,1.194,132.627,67.306,3.258
fa204d9c-3c51-4d8e-8b99-7d0004c65d9f,2026-04-25T17:22:00.915919-04:00,node-01,checkout-api,502,True,anomalous,market_aware_v1,74.499,59.681,309.396,32.017,1.848,149.62,28.095,4.394
40e7387d-29fa-494f-a13d-210f9ce7e46c,2026-04-25T17:22:00.926372-04:00,node-01,payments-api,503,True,anomalous,market_aware_v1,64.767,59.203,289.834,26.576,1.288,136.069,23.894,3.498
507a36d0-a654-48cf-a0f1-a59abd265ea2,2026-04-25T17:22:00.936811-04:00,node-01,orders-api,500,True,anomalous,market_aware_v1,70.746,54.961,258.474,31.376,1.196,132.924,58.743,3.279
629ff59c-8ed1-4e77-b05a-7476168700b9,2026-04-25T17:22:00.947255-04:00,node-01,checkout-api,503,True,anomalous,market_aware_v1,71.188,56.985,274.745,30.866,1.268,129.555,36.987,3.406
7c27bb0f-5139-4885-9d3b-fb0b0d9792dc,2026-04-25T17:22:00.957630-04:00,node-01,payments-api,502,True,anomalous,market_aware_v1,65.679,62.066,281.757,28.02,1.499,136.172,21.047,3.869
1f2ca5c4-7ef7-4f3a-8efd-080bd86b1768,2026-04-25T17:22:00.968087-04:00,node-01,orders-api,503,True,anomalous,market_aware_v1,71.806,51.446,262.074,30.126,1.221,129.747,52.042,3.155
755f4119-06c9-4da8-8529-60939ca755ae,2026-04-25T17:22:00.978501-04:00,node-01,checkout-api,500,True,anomalous,market_aware_v1,67.042,56.951,269.804,27.911,1.363,132.931,30.73,3.415
e938a27c-e248-4442-b9e8-dfbddfe75656,2026-04-25T17:22:00.988920-04:00,node-01,payments-api,503,True,anomalous,market_aware_v1,68.309,57.564,299.653,24.801,1.543,139.761,16.796,4.05
9ee5098a-7596-47e6-ac12-1f6c164698f4,2026-04-25T17:22:00.999376-04:00,node-01,orders-api,429,True,anomalous,market_aware_v1,75.478,58.528,270.232,28.915,1.452,134.566,49.379,3.771
fa5a12fe-df77-49d3-969e-b362f1f8589a,2026-04-25T17:22:01.009785-04:00,node-01,checkout-api,500,True,anomalous,market_aware_v1,67.341,55.878,270.008,28.824,1.367,137.945,29.299,3.634
db558b46-a085-4d3b-aeb7-ef1c377be986,2026-04-25T17:22:01.020260-04:00,node-01,payments-api,502,True,anomalous,market_aware_v1,60.277,58.499,281.391,23.694,1.22,134.617,13.792,3.615
be8d90a8-8e48-43bf-a35a-951d9ab76a74,2026-04-25T17:22:01.030660-04:00,node-01,orders-api,502,True,anomalous,market_aware_v1,67.501,50.0,262.406,28.883,1.118,135.067,58.604,3.25
3a3c615b-6c32-4d45-a38f-206798139a78,2026-04-25T17:22:01.041064-04:00,node-01,checkout-api,502,True,anomalous,market_aware_v1,65.442,57.091,265.781,27.258,1.219,130.818,33.834,3.373
7a34c8b6-ce26-4be8-8dc6-d6c4d1483b2b,2026-04-25T17:22:01.051503-04:00,node-01,payments-api,500,True,anomalous,market_aware_v1,65.42,56.733,293.711,24.463,1.439,144.247,15.633,3.82
ae66a5bd-3db0-46f8-977f-da1c1f1d5b02,2026-04-25T17:22:01.061949-04:00,node-01,orders-api,502,True,anomalous,market_aware_v1,71.22,54.691,250.195,30.158,1.536,133.187,52.67,3.612
d3852b36-fabc-489a-bf26-3c1fa9e1f1f9,2026-04-25T17:22:01.072405-04:00,node-01,checkout-api,503,True,anomalous,market_aware_v1,65.609,54.626,265.642,27.456,1.177,123.775,32.772,3.089
ad39dc35-896f-4973-964c-3868504e8359,2026-04-25T17:22:01.082886-04:00,node-01,payments-api,502,True,anomalous,market_aware_v1,66.701,58.798,292.169,22.655,1.256,143.162,17.513,3.636
a04b2a6b-3216-4792-b6b5-43a2ee35d3c3,2026-04-25T17:22:01.093571-04:00,node-01,orders-api,503,True,anomalous,market_aware_v1,71.134,52.741,270.426,27.301,1.193,133.306,51.903,3.251
12cccd7e-9f20-46a4-9685-ce7e23e3b8d2,2026-04-25T17:22:01.104070-04:00,node-01,checkout-api,429,True,anomalous,market_aware_v1,68.743,59.283,271.274,27.714,1.307,132.289,38.113,3.385
bc55971b-c828-4c91-adbe-d56ee3f6b9e7,2026-04-25T17:22:01.114602-04:00,node-01,payments-api,429,True,anomalous,market_aware_v1,64.235,58.251,291.365,23.463,1.278,136.062,23.093,3.45
3ad9823f-f02b-42f2-93af-b0ddc1c83c81,2026-04-25T17:22:01.125172-04:00,node-01,orders-api,502,True,anomalous,market_aware_v1,76.397,54.383,268.243,31.465,1.197,135.746,61.615,3.32
ecd9f563-54f3-4a01-8af5-e5749f1819cd,2026-04-25T17:22:01.135689-04:00,node-01,checkout-api,502,True,anomalous,market_aware_v1,69.095,57.103,272.885,28.91,1.248,132.152,44.142,3.335
56c4eea7-eadd-419e-b8c2-0e88a2f676a0,2026-04-25T17:22:01.146118-04:00,node-01,payments-api,500,True,anomalous,market_aware_v1,68.829,60.112,298.466,26.057,1.311,140.277,23.897,3.558
709dec8a-8e9c-4c47-b96b-49d7a9520305,2026-04-25T17:22:01.156571-04:00,node-01,orders-api,429,True,anomalous,market_aware_v1,76.598,58.411,269.957,29.326,1.138,132.563,62.134,3.203
fb1043e0-1f29-41ca-8bda-764b3088582b,2026-04-25T17:22:01.167072-04:00,node-01,checkout-api,500,True,anomalous,market_aware_v1,73.124,61.73,282.725,30.708,1.526,144.182,36.439,3.918
7f7b346e-9a27-4b55-bfd9-4c76b42383ce,2026-04-25T17:22:01.177546-04:00,node-01,payments-api,503,True,anomalous,market_aware_v1,67.102,63.766,278.785,26.068,1.186,131.348,36.085,3.413
2a90edd7-5216-4c91-87c7-6149f761f3af,2026-04-25T17:22:01.188047-04:00,node-01,orders-api,503,True,anomalous,market_aware_v1,79.212,56.748,267.751,33.189,1.267,138.079,67.192,3.483
cc3bd413-87dc-4717-bd1d-993eb53e7bbb,2026-04-25T17:22:01.198537-04:00,node-01,checkout-api,503,True,anomalous,market_aware_v1,72.272,57.861,278.374,29.584,1.276,136.177,47.077,3.506
734476c0-c230-45b4-a51c-0024b54e69dd,2026-04-25T17:22:01.209025-04:00,node-01,payments-api,502,True,anomalous,market_aware_v1,74.658,60.655,307.317,26.496,1.379,145.356,32.109,3.673
eb472b19-0711-49d5-8e8d-e257eeae51be,2026-04-25T17:22:01.219554-04:00,node-01,orders-api,503,True,anomalous,market_aware_v1,75.586,55.939,274.221,30.966,1.122,134.589,60.978,3.278
f2f22cf8-2fea-4a56-9c95-80d42a6aba67,2026-04-25T17:22:01.229966-04:00,node-01,checkout-api,503,True,anomalous,market_aware_v1,73.042,57.121,289.73,29.534,1.405,136.441,45.656,3.6
671df9dd-a556-4171-a922-04e44a1b6b47,2026-04-25T17:22:01.240465-04:00,node-01,payments-api,429,True,anomalous,market_aware_v1,77.137,64.413,295.624,24.972,1.297,136.557,32.513,3.51
3e1df0d6-4f1e-445c-b403-ffc74aa26623,2026-04-25T17:22:01.250979-04:00,node-01,orders-api,500,True,anomalous,market_aware_v1,73.207,58.687,257.267,30.835,1.09,126.783,64.105,3.181
8f4111a4-59da-43a1-ad5f-f919ccadefe4,2026-04-25T17:22:01.261484-04:00,node-01,checkout-api,500,True,anomalous,market_aware_v1,76.859,57.643,270.04,29.277,1.219,134.998,45.103,3.511
fbf8c4de-c23c-4b9a-8c10-37e1e4a656b4,2026-04-25T17:22:01.271981-04:00,node-01,payments-api,500,True,anomalous,market_aware_v1,66.755,60.41,279.292,24.786,1.172,134.305,35.402,3.4
3c8d52c8-c857-48e9-81f4-c66071732270,2026-04-25T17:22:01.282404-04:00,node-01,orders-api,500,True,anomalous,market_aware_v1,78.434,57.111,280.628,31.236,1.183,134.869,69.102,3.249
e0feda33-e246-44f8-aa03-9903eb54dc9f,2026-04-25T17:22:01.292883-04:00,node-01,checkout-api,429,True,anomalous,market_aware_v1,74.46,57.203,285.411,30.075,1.377,135.469,47.315,3.886
a995fcbf-6f46-4b8a-8e75-0dad4cdc9708,2026-04-25T17:22:01.303333-04:00,node-01,payments-api,500,True,anomalous,market_aware_v1,75.384,61.103,303.122,26.804,1.618,144.181,22.506,4.019
75bfae18-23c2-41ab-9d92-45a28f050f58,2026-04-25T17:22:01.313850-04:00,node-01,orders-api,500,True,anomalous,market_aware_v1,75.939,55.367,280.95,31.815,1.356,146.335,56.865,4.107
0ddaa390-0e69-4f03-9092-5de0b6d4089f,2026-04-25T17:22:01.324287-04:00,node-01,checkout-api,429,True,anomalous,market_aware_v1,72.504,55.013,285.278,29.112,1.266,131.744,37.993,3.365
74f5a889-1646-4820-8964-d00d915810fe,2026-04-25T17:22:01.334699-04:00,node-01,payments-api,503,True,anomalous,market_aware_v1,66.808,58.776,285.29,26.612,1.244,138.015,28.229,3.337
1c257b42-9ad8-4f72-a8c1-ebfb5e8743c2,2026-04-25T17:22:01.345228-04:00,node-01,orders-api,429,True,anomalous,market_aware_v1,71.86,52.432,264.633,29.864,1.215,133.155,55.891,3.219
54ec612e-e583-42e9-8cb4-a0c1c4b1dd4f,2026-04-25T17:22:01.355688-04:00,node-01,checkout-api,502,True,anomalous,market_aware_v1,68.864,58.881,284.279,28.917,1.391,138.134,34.066,3.703
a11b7694-014f-452c-bcce-2ffc0f512583,2026-04-25T17:22:01.366129-04:00,node-01,payments-api,502,True,anomalous,market_aware_v1,69.044,60.496,290.554,27.571,1.311,140.448,22.446,3.653
d3eea24b-eda5-43cb-8a82-7a37ba8731ce,2026-04-25T17:22:01.376525-04:00,node-01,orders-api,502,True,anomalous,market_aware_v1,76.971,54.819,273.822,29.267,1.317,143.346,52.561,3.597
e8c80277-5d07-4312-9b95-1e73c11c906f,2026-04-25T17:22:01.387023-04:00,node-01,checkout-api,502,True,anomalous,market_aware_v1,71.771,55.737,273.975,29.849,1.282,130.335,41.506,3.421
82e2905e-2948-4382-9afa-a337e7773805,2026-04-25T17:22:01.397499-04:00,node-01,payments-api,429,True,anomalous,market_aware_v1,66.025,56.374,282.759,24.778,1.201,138.592,25.882,3.552
51e9249d-fd3d-4eab-bd0f-f0692f8226a0,2026-04-25T17:22:01.407962-04:00,node-01,orders-api,503,True,anomalous,market_aware_v1,75.831,53.212,272.372,32.419,1.255,137.083,62.81,3.447
d24bfd9c-d218-4ac2-9af1-cbd6873749c6,2026-04-25T17:22:01.418423-04:00,node-01,checkout-api,429,True,anomalous,market_aware_v1,70.844,59.38,273.738,29.825,1.265,131.956,34.921,3.416
7309e37e-f17d-48c5-92e5-e75c4894b836,2026-04-25T17:22:01.428894-04:00,node-01,payments-api,502,True,anomalous,market_aware_v1,68.471,59.479,304.239,26.513,1.614,139.11,14.605,3.984
1217e5b6-ad3f-4f8d-8145-794c2c17c72b,2026-04-25T17:22:01.439365-04:00,node-01,orders-api,502,True,anomalous,market_aware_v1,72.977,52.422,269.193,30.329,1.171,136.215,58.036,3.252
cf4e05d8-7d34-4e76-be81-8ba1bbf576c3,2026-04-25T17:22:01.449813-04:00,node-01,checkout-api,429,True,anomalous,market_aware_v1,76.072,58.635,308.61,25.974,1.658,152.572,37.718,4.586
e1bb63ee-9e20-4a6c-b075-664b9d3d0c23,2026-04-25T17:22:01.460250-04:00,node-01,payments-api,500,True,anomalous,market_aware_v1,70.291,60.168,276.403,27.179,1.206,131.558,25.564,3.383
7a5459da-6731-4282-abcf-eba0fa366c5f,2026-04-25T17:22:01.470717-04:00,node-01,orders-api,429,True,anomalous,market_aware_v1,74.177,55.674,271.983,30.777,1.164,131.181,60.759,3.153
a8fa45a5-1f0c-4d0d-8a29-e12d6d30e223,2026-04-25T17:22:01.481198-04:00,node-01,checkout-api,503,True,anomalous,market_aware_v1,75.835,58.84,289.271,29.816,1.702,141.826,36.301,4.121
b39c6a4d-c031-4771-8f9a-e7d6906c2316,2026-04-25T17:22:01.491631-04:00,node-01,payments-api,500,True,anomalous,market_aware_v1,72.842,62.007,308.653,26.819,1.445,145.51,27.421,4.022
d5236d39-e68b-4834-aeea-c842a1eaea6d,2026-04-25T17:22:01.502097-04:00,node-01,orders-api,500,True,anomalous,market_aware_v1,79.122,58.598,283.071,31.916,1.508,144.736,60.838,3.972
d43da5e9-5043-4849-978a-1d0244d81816,2026-04-25T17:22:01.512546-04:00,node-01,checkout-api,500,True,anomalous,market_aware_v1,73.1,57.121,285.499,29.995,1.327,138.492,44.478,3.586
3ef63310-a1ca-482c-93b0-860d573be48b,2026-04-25T17:22:01.523003-04:00,node-01,payments-api,502,True,anomalous,market_aware_v1,68.216,60.917,279.595,26.911,1.28,139.718,32.771,3.531
bea4225d-d726-4227-8229-0f0312f1e396,2026-04-25T17:22:01.533510-04:00,node-01,orders-api,429,True,anomalous,market_aware_v1,75.033,53.42,273.192,32.504,1.283,144.3,62.888,3.551
13fe0db8-42a4-4709-9d5e-9f29cb95d1d7,2026-04-25T17:22:01.543910-04:00,node-01,checkout-api,502,True,anomalous,market_aware_v1,82.108,58.937,297.839,28.261,1.331,143.356,38.484,3.736
7feece31-a16b-4e55-9086-0e6ce9a70567,2026-04-25T17:22:01.554330-04:00,node-01,payments-api,429,True,anomalous,market_aware_v1,72.451,62.015,292.544,26.667,1.312,140.39,38.194,3.603
ec60fdb7-c0c2-4f30-bb64-8cdcef7dd5d6,2026-04-25T17:22:01.564957-04:00,node-01,orders-api,429,True,anomalous,market_aware_v1,79.207,57.616,260.794,32.684,1.072,133.543,67.366,3.116
59884e22-f5fe-4508-9e44-0f70d5295fc0,2026-04-25T17:22:01.575431-04:00,node-01,checkout-api,429,True,anomalous,market_aware_v1,79.632,63.789,297.938,30.493,1.497,145.997,44.431,3.938
67e5e5e8-db4f-4265-8b1a-a6ab52eda17f,2026-04-25T17:22:01.585920-04:00,node-01,payments-api,500,True,anomalous,market_aware_v1,69.762,63.95,280.005,27.528,1.285,129.27,34.765,3.372
c5119d31-eef1-4620-8ead-3180863f1520,2026-04-25T17:22:01.596391-04:00,node-01,orders-api,502,True,anomalous,market_aware_v1,79.747,59.645,261.171,31.225,1.104,126.907,71.262,3.003
84849d5b-138d-4964-a8f4-228e34c9e508,2026-04-25T17:22:01.606860-04:00,node-01,checkout-api,502,True,anomalous,market_aware_v1,79.425,62.132,289.462,31.569,1.373,140.222,45.896,3.731
f21b54be-1771-452f-a514-37123d653e48,2026-04-25T17:22:01.617331-04:00,node-01,payments-api,503,True,anomalous,market_aware_v1,77.441,63.553,288.028,25.469,1.312,138.221,35.319,3.563
db87f59e-2b78-47b1-bf83-7d0fb192de18,2026-04-25T17:22:01.627859-04:00,node-01,orders-api,500,True,anomalous,market_aware_v1,72.869,55.767,259.342,35.564,1.209,139.502,67.273,3.433
3867e072-f54e-4a44-a340-cd4a699e20cc,2026-04-25T17:22:01.638410-04:00,node-01,checkout-api,503,True,anomalous,market_aware_v1,77.805,61.499,284.637,29.647,1.396,139.508,39.267,3.655
ab3337fc-6e4e-4828-a332-b92dfa66471d,2026-04-25T17:22:01.648896-04:00,node-01,payments-api,429,True,anomalous,market_aware_v1,70.557,60.691,289.87,29.445,1.306,132.33,35.356,3.404
a9fa158d-c37d-45ca-912d-a09504e2a966,2026-04-25T17:22:01.659395-04:00,node-01,orders-api,500,True,anomalous,market_aware_v1,76.388,54.635,262.776,32.36,1.153,138.631,70.89,3.315
7bea803b-0895-4579-bfdf-8966725144a9,2026-04-25T17:22:01.669906-04:00,node-01,checkout-api,429,True,anomalous,market_aware_v1,76.884,63.392,284.876,31.35,1.346,129.323,42.034,3.425
1fae1e5b-b7e1-4756-ac5e-ce935ef83d1d,2026-04-25T17:22:01.680425-04:00,node-01,payments-api,500,True,anomalous,market_aware_v1,72.006,59.613,296.213,28.81,1.364,143.143,27.895,3.724
5d436796-09f0-47a0-8968-8f381b01f8c3,2026-04-25T17:22:01.690910-04:00,node-01,orders-api,429,True,anomalous,market_aware_v1,76.618,58.657,281.841,30.583,1.239,142.834,53.293,3.436
84056008-a504-4162-919e-61ad5e7a21fe,2026-04-25T17:22:01.701389-04:00,node-01,checkout-api,503,True,anomalous,market_aware_v1,74.238,59.523,267.092,30.451,1.247,130.142,43.672,3.346
b0c61a62-1e54-491d-98e0-bb4120810cfe,2026-04-25T17:22:01.711837-04:00,node-01,payments-api,502,True,anomalous,market_aware_v1,67.673,61.498,293.76,26.212,1.33,140.027,28.035,3.643
e5e4f9e7-fcd7-4e10-b95f-9d81e888e6b5,2026-04-25T17:22:01.722289-04:00,node-01,orders-api,429,True,anomalous,market_aware_v1,75.198,54.564,261.639,32.348,1.168,133.951,67.45,3.35
cf0c9c3f-fc93-4c3f-8e0b-8321b46c5de7,2026-04-25T17:22:01.732793-04:00,node-01,checkout-api,429,True,anomalous,market_aware_v1,69.441,52.743,272.684,27.064,1.313,130.19,33.42,3.333
9c8dafa4-1a76-4e16-a4f8-402192ef3213,2026-04-25T17:22:01.743266-04:00,node-01,payments-api,502,True,anomalous,market_aware_v1,66.792,56.297,285.974,25.356,1.348,140.181,23.089,3.667
9e4f3211-1822-456c-ac36-a6cb99ff0186,2026-04-25T17:22:01.753676-04:00,node-01,orders-api,500,True,anomalous,market_aware_v1,72.831,54.446,266.876,28.711,1.193,136.232,54.778,3.312
0c7c5581-c3fb-4753-9e45-7609a3782939,2026-04-25T17:22:01.764171-04:00,node-01,checkout-api,500,True,anomalous,market_aware_v1,71.405,56.541,292.126,28.173,1.684,144.368,25.393,4.09
21852597-e896-46cd-8b59-d201f0c14803,2026-04-25T17:22:01.774602-04:00,node-01,payments-api,502,True,anomalous,market_aware_v1,60.542,59.87,281.444,23.842,1.27,136.203,16.823,3.441
f6ec797e-b0cc-41b4-943a-bf9efd064840,2026-04-25T17:22:01.785041-04:00,node-01,orders-api,500,True,anomalous,market_aware_v1,76.437,53.995,317.532,30.947,1.799,157.757,46.388,4.724
df0f8df3-df51-4003-bc07-3468cc912eba,2026-04-25T17:22:01.795557-04:00,node-01,checkout-api,502,True,anomalous,market_aware_v1,65.63,54.119,268.568,25.911,1.225,129.578,34.058,3.296
6f403d92-7e8a-4603-89b9-2bc4a7615ae6,2026-04-25T17:22:01.806050-04:00,node-01,payments-api,429,True,anomalous,market_aware_v1,63.434,60.255,289.169,23.673,1.223,139.013,18.561,3.446
2c5cc989-2378-4784-85b9-2cae6ea09673,2026-04-25T17:22:01.816551-04:00,node-01,orders-api,502,True,anomalous,market_aware_v1,67.125,53.664,266.544,28.936,1.252,137.413,51.111,3.392
12b10326-cf44-4cf7-b53f-b8970634dcc2,2026-04-25T17:22:01.827042-04:00,node-01,checkout-api,500,True,anomalous,market_aware_v1,71.012,56.199,294.835,30.27,1.677,143.954,23.664,4.244
a10d101c-3340-4bc9-9058-d4b16bbb53a8,2026-04-25T17:22:01.837583-04:00,node-01,payments-api,429,True,anomalous,market_aware_v1,66.744,54.514,279.082,24.718,1.172,131.292,21.982,3.34
81459e21-a2f3-4ca9-b4ed-2831bdd70f7c,2026-04-25T17:22:01.848110-04:00,node-01,orders-api,503,True,anomalous,market_aware_v1,75.638,57.558,294.015,31.026,1.516,143.746,47.565,4.012
e6429390-5b06-4c90-af44-85e141345a37,2026-04-25T17:22:01.858554-04:00,node-01,checkout-api,429,True,anomalous,market_aware_v1,70.275,56.569,273.956,27.761,1.298,138.856,27.558,3.58
afcb3a79-34fe-4575-95d2-82de2940f288,2026-04-25T17:22:01.869029-04:00,node-01,payments-api,429,True,anomalous,market_aware_v1,69.12,59.145,305.684,24.266,1.459,147.349,15.109,3.93
95f28919-69b0-44de-b977-553435039f27,2026-04-25T17:22:01.879515-04:00,node-01,orders-api,429,True,anomalous,market_aware_v1,67.199,52.794,248.521,31.482,1.174,129.727,56.484,3.228
04cc2739-2153-403a-953c-b51fa9b6f11e,2026-04-25T17:22:01.890000-04:00,node-01,checkout-api,503,True,anomalous,market_aware_v1,70.298,57.628,277.901,28.23,1.293,132.894,36.027,3.411
0132f8ec-962f-49c6-801a-dc0c583f2ff0,2026-04-25T17:22:01.900431-04:00,node-01,payments-api,429,True,anomalous,market_aware_v1,65.638,55.767,286.616,26.779,1.229,134.469,20.849,3.411
eb763782-f246-443b-8478-88a6228b6bcf,2026-04-25T17:22:01.910861-04:00,node-01,orders-api,502,True,anomalous,market_aware_v1,75.336,52.548,274.268,29.895,1.218,137.051,59.698,3.52
c36b4ffd-3a10-4121-b278-d4702a496f13,2026-04-25T17:22:01.921304-04:00,node-01,checkout-api,502,True,anomalous,market_aware_v1,71.724,56.304,263.492,27.85,1.306,135.062,33.881,3.394
50e2bd7d-312d-46da-941f-003bc63160b7,2026-04-25T17:22:01.931830-04:00,node-01,payments-api,503,True,anomalous,market_aware_v1,70.412,59.895,290.218,29.066,1.28,137.546,23.77,3.585
d8868e09-c637-416c-a13e-941a290d8087,2026-04-25T17:22:01.942311-04:00,node-01,orders-api,500,True,anomalous,market_aware_v1,81.93,57.633,276.408,30.771,1.305,139.752,64.384,3.675
2bf39f19-2a83-4665-ae95-4658a3a2fbb1,2026-04-25T17:22:01.952793-04:00,node-01,checkout-api,500,True,anomalous,market_aware_v1,75.501,58.107,298.941,30.188,1.46,143.734,34.893,3.735
bd6123db-28fc-43ec-a505-5385faffe8d9,2026-04-25T17:22:01.963266-04:00,node-01,payments-api,502,True,anomalous,market_aware_v1,69.263,63.661,294.872,25.703,1.313,141.983,29.821,3.739
c5b3dcca-9050-4261-85bb-483292d89963,2026-04-25T17:22:01.973719-04:00,node-01,orders-api,500,True,anomalous,market_aware_v1,75.082,54.29,256.273,30.142,1.219,131.188,72.561,3.307
9ddee5cf-fd45-4e5f-8096-0066e6a9d2b2,2026-04-25T17:22:01.984161-04:00,node-01,checkout-api,500,True,anomalous,market_aware_v1,75.989,58.038,273.373,28.287,1.311,130.384,39.031,3.421
a139a313-2595-444a-a39d-f292cdf32da9,2026-04-25T17:22:01.994625-04:00,node-01,payments-api,429,True,anomalous,market_aware_v1,69.982,61.66,299.294,23.994,1.329,143.947,26.356,3.679
860b6e74-0912-4fb9-8467-5ed92ec7a946,2026-04-25T17:22:02.005382-04:00,node-01,orders-api,500,True,anomalous,market_aware_v1,76.413,59.096,270.151,31.514,1.092,137.117,61.696,3.316
a192ad0c-a357-4e2f-9ff7-179a001591b7,2026-04-25T17:22:02.015901-04:00,node-01,checkout-api,500,True,anomalous,market_aware_v1,75.361,57.355,284.123,27.344,1.347,135.456,43.735,3.502
3f9d181e-aa68-4f18-a088-2a71b8e8bd73,2026-04-25T17:22:02.026396-04:00,node-01,payments-api,500,True,anomalous,market_aware_v1,72.759,61.806,286.591,29.525,1.239,137.469,33.223,3.497
05e44a60-6309-4299-998c-fdd28415cc69,2026-04-25T17:22:02.036860-04:00,node-01,orders-api,502,True,anomalous,market_aware_v1,75.143,57.447,272.404,30.17,1.289,147.261,58.4,3.68
f24eb5bc-bae5-47ee-ae9b-20f803124b09,2026-04-25T17:22:02.047300-04:00,node-01,checkout-api,502,True,anomalous,market_aware_v1,78.227,58.24,279.129,32.371,1.366,135.229,37.785,3.52
9e0f738c-5d74-4099-b15b-b73a61e321b6,2026-04-25T17:22:02.057844-04:00,node-01,payments-api,500,True,anomalous,market_aware_v1,76.232,60.881,306.06,25.778,1.294,144.57,25.639,3.722
f272c940-f0c5-4409-ba9f-5075fb5eb649,2026-04-25T17:22:02.068225-04:00,node-01,orders-api,503,True,anomalous,market_aware_v1,75.496,55.187,284.615,29.96,1.208,142.379,57.547,3.38
dac63417-6a6e-4fd8-9633-8d718f6fdb32,2026-04-25T17:22:02.078644-04:00,node-01,checkout-api,500,True,anomalous,market_aware_v1,73.273,61.353,278.05,26.79,1.361,132.984,40.57,3.559
e1807942-09bb-4694-b84d-7c5a74a68bed,2026-04-25T17:22:02.089129-04:00,node-01,payments-api,429,True,anomalous,market_aware_v1,69.074,60.676,298.942,26.387,1.22,138.864,27.656,3.53
13dc2a0a-b70c-4b38-bbc2-392c99fa2881,2026-04-25T17:22:02.099533-04:00,node-01,orders-api,503,True,anomalous,market_aware_v1,75.349,57.649,280.679,30.165,1.302,141.393,57.222,3.467
f421ebbd-06ec-452f-8b16-8b7fdb2c118e,2026-04-25T17:22:02.110030-04:00,node-01,checkout-api,429,True,anomalous,market_aware_v1,76.28,58.824,272.649,30.935,1.156,131.034,40.782,3.416
2bb4f820-bf7c-4c8d-9e4b-697e5abaabad,2026-04-25T17:22:02.120504-04:00,node-01,payments-api,429,True,anomalous,market_aware_v1,64.614,61.035,283.918,26.969,1.25,136.246,22.055,3.472
f7fa8919-11ad-4c03-bb6f-f810e0a46bdc,2026-04-25T17:22:02.131052-04:00,node-01,orders-api,502,True,anomalous,market_aware_v1,73.642,53.492,267.313,29.366,1.119,131.952,64.744,3.262
20ef344e-f9d9-4080-b4e3-24a9fe1c8465,2026-04-25T17:22:02.141695-04:00,node-01,checkout-api,429,True,anomalous,market_aware_v1,74.552,58.871,286.042,30.12,1.394,140.657,32.259,3.759
1c65b030-f40b-49ae-a471-1782524e4105,2026-04-25T17:22:02.152224-04:00,node-01,payments-api,503,True,anomalous,market_aware_v1,62.826,58.198,277.92,26.837,1.312,142.256,22.185,3.735
3e85e6ca-3046-4582-9f22-828341c9b29a,2026-04-25T17:22:02.162708-04:00,node-01,orders-api,500,True,anomalous,market_aware_v1,70.617,56.228,261.713,28.88,1.124,134.889,58.063,3.223
e5a25129-3cab-401f-8f7a-8720fccaad7f,2026-04-25T17:22:02.173219-04:00,node-01,checkout-api,500,True,anomalous,market_aware_v1,68.932,54.296,277.397,30.815,1.349,134.193,37.901,3.604
d71c54b4-85d6-40c6-9018-52041a233c2e,2026-04-25T17:22:02.183614-04:00,node-01,payments-api,500,True,anomalous,market_aware_v1,67.623,60.026,297.357,25.607,1.4,148.261,17.899,3.824
be21a4e5-bbd6-4ca1-851b-9be98ed4d311,2026-04-25T17:22:02.194110-04:00,node-01,orders-api,500,True,anomalous,market_aware_v1,69.634,56.513,261.526,30.185,1.186,136.198,56.697,3.349
56be5497-1ec1-4f30-bc94-7578a776cd98,2026-04-25T17:22:02.204603-04:00,node-01,checkout-api,502,True,anomalous,market_aware_v1,69.839,57.554,273.64,28.555,1.21,133.253,32.915,3.462
efa9f3aa-94f6-42a8-bc54-8ce83f0fc90a,2026-04-25T17:22:02.215051-04:00,node-01,payments-api,503,True,anomalous,market_aware_v1,68.687,58.27,305.855,23.66,1.448,145.067,16.505,3.848
ca5e13e8-7f0f-48e9-9f72-9602a94d775a,2026-04-25T17:22:02.225536-04:00,node-01,orders-api,503,True,anomalous,market_aware_v1,75.893,54.374,279.936,30.316,1.316,136.945,63.859,3.741
1b0b9a0d-cf02-44b6-a45d-515024ad8225,2026-04-25T17:22:02.236008-04:00,node-01,checkout-api,503,True,anomalous,market_aware_v1,68.69,57.569,288.601,29.438,1.422,142.001,34.89,3.7
99ba1203-a91c-4c3f-a449-3f7f5f0e1493,2026-04-25T17:22:02.246491-04:00,node-01,payments-api,429,True,anomalous,market_aware_v1,69.966,59.797,291.106,26.65,1.362,141.496,23.592,3.721
40d159cc-c1c8-4fa2-b2b7-2db594173419,2026-04-25T17:22:02.256975-04:00,node-01,orders-api,429,True,anomalous,market_aware_v1,77.163,53.321,275.01,30.052,1.198,136.953,61.748,3.42
d879ddc3-8461-4588-a64d-fe158c13b23c,2026-04-25T17:22:02.267418-04:00,node-01,checkout-api,502,True,anomalous,market_aware_v1,73.966,56.685,286.923,28.832,1.336,143.403,38.218,3.652
de1bfe00-b439-480f-bfbe-db420f073415,2026-04-25T17:22:02.277915-04:00,node-01,payments-api,500,True,anomalous,market_aware_v1,68.754,61.137,299.923,28.904,1.332,144.551,24.183,3.763
e3a58292-1bdb-4433-a065-0ec519d58cf0,2026-04-25T17:22:02.288406-04:00,node-01,orders-api,502,True,anomalous,market_aware_v1,72.765,58.957,265.636,32.147,1.2,133.698,66.411,3.226
70fc1193-5f03-49a9-b684-d75d9b6b6645,2026-04-25T17:22:02.298910-04:00,node-01,checkout-api,429,True,anomalous,market_aware_v1,73.962,57.65,285.716,30.417,1.339,142.681,36.247,3.747
51294f4c-355a-4e9d-884a-8e133dcdd299,2026-04-25T17:22:02.309288-04:00,node-01,payments-api,429,True,anomalous,market_aware_v1,70.137,62.359,292.916,26.356,1.211,132.384,37.034,3.275
3af66761-41f4-48e8-b32d-705147b72eb6,2026-04-25T17:22:02.319789-04:00,node-01,orders-api,502,True,anomalous,market_aware_v1,74.531,59.53,274.204,31.399,1.112,134.142,64.26,3.266
fde49bbb-b4c9-4ec2-a717-e83d155801c0,2026-04-25T17:22:02.330294-04:00,node-01,checkout-api,502,True,anomalous,market_aware_v1,76.93,65.324,287.35,30.84,1.322,138.027,43.121,3.654
fbcf0a2f-a5d9-4eb0-a4f8-51cab4b01f5c,2026-04-25T17:22:02.340767-04:00,node-01,payments-api,500,True,anomalous,market_aware_v1,71.241,63.994,293.877,26.814,1.33,144.606,29.721,3.834
2af37b91-0aac-48ce-b7de-50d0427ccd13,2026-04-25T17:22:02.351224-04:00,node-01,orders-api,500,True,anomalous,market_aware_v1,81.207,60.681,277.898,32.899,1.179,136.839,62.507,3.311
717ccf08-2945-44e5-ac3b-52bc51094e5b,2026-04-25T17:22:02.361716-04:00,node-01,checkout-api,502,True,anomalous,market_aware_v1,80.209,64.061,290.74,33.264,1.617,137.981,38.431,3.975
50c3e4b6-42b7-425f-8c74-95492055e203,2026-04-25T17:22:02.372173-04:00,node-01,payments-api,502,True,anomalous,market_aware_v1,75.762,62.948,298.736,26.814,1.391,142.426,24.601,3.705
1c4fbe0d-9919-460a-ae86-f9148714affb,2026-04-25T17:22:02.382660-04:00,node-01,orders-api,500,True,anomalous,market_aware_v1,79.211,53.939,281.208,33.839,1.186,142.443,64.519,3.416
9b6985ff-4814-4aa6-9477-711590244b04,2026-04-25T17:22:02.393099-04:00,node-01,checkout-api,502,True,anomalous,market_aware_v1,80.409,61.967,296.182,32.693,1.33,142.173,43.03,3.726
81ed81d5-1bd1-4d84-aadc-034cfd9170b7,2026-04-25T17:22:02.403576-04:00,node-01,payments-api,500,True,anomalous,market_aware_v1,77.978,62.172,303.049,27.682,1.343,145.403,33.713,3.613
4e050633-aedf-4ac1-9eb2-964dfcf4cb36,2026-04-25T17:22:02.414053-04:00,node-01,orders-api,429,True,anomalous,market_aware_v1,82.51,60.463,262.882,31.752,1.095,129.382,70.499,3.225
8e70cb6c-7aec-4e00-a532-30d511074b43,2026-04-25T17:22:02.424566-04:00,node-01,checkout-api,500,True,anomalous,market_aware_v1,73.229,62.462,289.345,31.045,1.426,138.059,43.432,3.705
d33cc496-3d74-4b86-b9c0-ddb235eb3e86,2026-04-25T17:22:02.435012-04:00,node-01,payments-api,429,True,anomalous,market_aware_v1,76.365,64.252,313.607,30.982,1.672,150.137,19.158,4.202
4ab9da0a-6a94-4b63-b09d-79a9b547b9e3,2026-04-25T17:22:02.445519-04:00,node-01,orders-api,503,True,anomalous,market_aware_v1,79.627,55.841,289.278,30.988,1.247,145.016,59.341,3.638
f83abc4d-7ad7-475d-9ca0-61fe69de11d2,2026-04-25T17:22:02.455958-04:00,node-01,checkout-api,503,True,anomalous,market_aware_v1,77.102,59.246,281.825,31.146,1.238,135.288,47.528,3.563
a54e205b-b75b-471e-b2d3-82ae60c7dc2e,2026-04-25T17:22:02.466403-04:00,node-01,payments-api,429,True,anomalous,market_aware_v1,72.125,61.94,300.826,30.301,1.32,140.892,26.383,3.547
916adb13-de5c-464d-95b1-8a6769ecb1a6,2026-04-25T17:22:02.476863-04:00,node-01,orders-api,503,True,anomalous,market_aware_v1,85.256,57.733,287.558,31.871,1.21,143.69,58.182,3.44
51f85ecf-47e9-41d6-a8b2-740bbd5b72ea,2026-04-25T17:22:02.487381-04:00,node-01,checkout-api,429,True,anomalous,market_aware_v1,75.432,59.225,281.672,31.156,1.25,135.688,41.118,3.336
ee1b1cc9-12c5-4735-a657-b2059108eace,2026-04-25T17:22:02.497917-04:00,node-01,payments-api,502,True,anomalous,market_aware_v1,73.741,63.552,314.21,26.864,1.692,147.281,20.573,4.248
ef0525f4-f357-4bc3-877d-3984493f2130,2026-04-25T17:22:02.508431-04:00,node-01,orders-api,429,True,anomalous,market_aware_v1,78.076,54.042,275.615,28.623,1.245,136.514,57.639,3.358
1a5e51f0-4e3c-44ec-be09-f6d2f52a0cc8,2026-04-25T17:22:02.518909-04:00,node-01,checkout-api,429,True,anomalous,market_aware_v1,73.773,56.929,285.53,27.66,1.324,139.191,37.668,3.552
cfd847b2-804e-4d8b-9f39-aa74878cf23b,2026-04-25T17:22:02.529376-04:00,node-01,payments-api,429,True,anomalous,market_aware_v1,65.863,57.853,289.869,23.28,1.231,139.565,15.023,3.586
e9753924-7b12-447f-90d8-7c1be1289356,2026-04-25T17:22:02.539851-04:00,node-01,orders-api,503,True,anomalous,market_aware_v1,67.227,53.581,256.592,31.653,1.024,130.64,61.232,2.994
15c1b145-6a36-44bb-855b-b52f94fa85a8,2026-04-25T17:22:02.550329-04:00,node-01,checkout-api,500,True,anomalous,market_aware_v1,67.288,55.464,271.211,27.697,1.23,132.788,33.142,3.301
09332a5d-7b12-4797-99a0-49224e7fe8ec,2026-04-25T17:22:02.560816-04:00,node-01,payments-api,503,True,anomalous,market_aware_v1,65.345,59.872,299.003,26.364,1.684,142.278,11.663,4.131
d3a6b5bd-c221-4b2e-8efa-5c970629e2e0,2026-04-25T17:22:02.571219-04:00,node-01,orders-api,502,True,anomalous,market_aware_v1,68.691,52.245,268.65,28.086,1.249,141.947,45.622,3.46
684c24a0-7ee1-460b-b64b-43d70adb7cfa,2026-04-25T17:22:02.581722-04:00,node-01,checkout-api,500,True,anomalous,market_aware_v1,68.063,52.478,262.721,24.486,1.241,123.047,35.81,3.186
5a66e8dd-ab54-40ca-a604-6aa3d815133a,2026-04-25T17:22:02.592168-04:00,node-01,payments-api,429,True,anomalous,market_aware_v1,68.575,58.748,293.917,23.557,1.261,142.069,17.78,3.665
d0f762ba-7fa3-4782-962a-d66db5d6a3d2,2026-04-25T17:22:02.602635-04:00,node-01,orders-api,503,True,anomalous,market_aware_v1,73.168,53.481,283.898,31.071,1.494,148.874,54.318,4.192
2cec8d71-23fd-4fbd-a4af-19c4e9aad351,2026-04-25T17:22:02.613093-04:00,node-01,checkout-api,503,True,anomalous,market_aware_v1,67.003,56.743,283.37,25.322,1.41,142.454,26.095,3.792
4510f369-e6a0-47ac-85b2-5e88de893333,2026-04-25T17:22:02.623512-04:00,node-01,payments-api,503,True,anomalous,market_aware_v1,67.432,55.152,291.439,23.562,1.311,139.327,18.201,3.524
95a7a823-005a-4ec0-978e-a42d66e5f962,2026-04-25T17:22:02.633986-04:00,node-01,orders-api,503,True,anomalous,market_aware_v1,70.644,50.514,269.756,28.664,1.138,134.789,52.039,3.27
eca9bc8b-a768-40a0-a09c-e4d47e21fb73,2026-04-25T17:22:02.644538-04:00,node-01,checkout-api,503,True,anomalous,market_aware_v1,71.096,55.444,287.193,27.118,1.316,135.793,33.197,3.492
3a460a30-a48d-4a92-95a8-1b8d787af16e,2026-04-25T17:22:02.655034-04:00,node-01,payments-api,429,True,anomalous,market_aware_v1,66.999,60.275,301.486,26.605,1.294,142.244,21.587,3.614
da785e91-b137-4c5e-a04a-4786e6a79d95,2026-04-25T17:22:02.665509-04:00,node-01,orders-api,429,True,anomalous,market_aware_v1,72.528,52.875,278.499,29.742,1.286,139.059,50.732,3.485
bd8d3f8c-1fa8-4eb2-974d-cd54a5977758,2026-04-25T17:22:02.675997-04:00,node-01,checkout-api,429,True,anomalous,market_aware_v1,68.836,59.376,283.127,28.375,1.322,136.258,30.607,3.672
8b5dbf65-0f3a-42ed-96af-c2c642cc37ff,2026-04-25T17:22:02.686515-04:00,node-01,payments-api,502,True,anomalous,market_aware_v1,66.568,62.241,287.155,23.205,1.303,135.456,24.59,3.326
6c1dc42e-cb2e-48fb-95f6-2288387fb231,2026-04-25T17:22:02.696999-04:00,node-01,orders-api,429,True,anomalous,market_aware_v1,75.414,56.499,282.14,31.814,1.286,145.93,57.106,3.756
62b0f4e7-0032-40df-8de9-e398e2f9cd26,2026-04-25T17:22:02.707531-04:00,node-01,checkout-api,429,True,anomalous,market_aware_v1,71.966,60.01,274.374,27.149,1.332,139.135,39.025,3.666
99805090-a541-4f71-8765-2bfdbf0859ec,2026-04-25T17:22:02.718003-04:00,node-01,payments-api,500,True,anomalous,market_aware_v1,66.82,63.617,291.497,24.74,1.236,137.512,22.963,3.496
4e802e2f-2189-4ac9-a4a3-cefe57bd4afa,2026-04-25T17:22:02.728503-04:00,node-01,orders-api,429,True,anomalous,market_aware_v1,74.619,57.588,271.713,32.532,1.163,138.71,57.253,3.404
dc7634cf-afee-407b-9656-c9d1a8ec5d04,2026-04-25T17:22:02.738955-04:00,node-01,checkout-api,502,True,anomalous,market_aware_v1,75.211,58.732,297.869,29.819,1.426,146.738,36.176,3.866
74bd7f23-7bf2-4695-930b-e3b766cb913b,2026-04-25T17:22:02.749409-04:00,node-01,payments-api,503,True,anomalous,market_aware_v1,68.392,60.11,295.978,27.577,1.383,145.42,26.669,3.651
7d16bc2f-e62d-4056-ab3b-eba0fa9d55e3,2026-04-25T17:22:02.759856-04:00,node-01,orders-api,429,True,anomalous,market_aware_v1,72.972,54.387,274.092,30.436,1.141,138.43,64.455,3.28
baf56603-9c64-4453-abba-171301435008,2026-04-25T17:22:02.770404-04:00,node-01,checkout-api,502,True,anomalous,market_aware_v1,74.446,60.749,301.047,29.776,1.392,142.583,40.843,3.813
c89de20a-6665-44af-bf60-8d5350932a1f,2026-04-25T17:22:02.780866-04:00,node-01,payments-api,500,True,anomalous,market_aware_v1,69.629,62.296,300.568,25.754,1.32,145.946,22.816,3.735
a67d9d09-403e-49f7-af52-4e742a027cb5,2026-04-25T17:22:02.791349-04:00,node-01,orders-api,500,True,anomalous,market_aware_v1,83.582,63.292,287.772,33.416,1.599,148.76,55.045,4.212
46fc2f8e-f38e-4b4d-950e-0ee09295a70c,2026-04-25T17:22:02.801855-04:00,node-01,checkout-api,503,True,anomalous,market_aware_v1,72.84,56.072,280.456,28.692,1.332,132.26,44.007,3.575
b881bb1d-a055-4231-855c-fd7ff49c9775,2026-04-25T17:22:02.812591-04:00,node-01,payments-api,503,True,anomalous,market_aware_v1,76.301,62.596,319.12,26.603,1.726,153.628,20.478,4.422
5902fff2-0424-4d00-818a-b0b4ff07a3c8,2026-04-25T17:22:02.823054-04:00,node-01,orders-api,500,True,anomalous,market_aware_v1,77.381,60.008,268.232,31.211,1.172,134.838,66.643,3.304
666bd41a-ded9-4708-bafd-44ae65a550c7,2026-04-25T17:22:02.833482-04:00,node-01,checkout-api,500,True,anomalous,market_aware_v1,77.613,61.169,305.968,31.347,1.505,145.974,41.928,4.247
c6923bfd-6989-4bb8-b2fe-c12a792209e1,2026-04-25T17:22:02.844214-04:00,node-01,payments-api,429,True,anomalous,market_aware_v1,74.882,63.133,304.084,26.827,1.353,144.682,24.716,3.705
4ad5f10d-aae4-4420-8475-6a1daa8cc652,2026-04-25T17:22:02.854643-04:00,node-01,orders-api,500,True,anomalous,market_aware_v1,74.207,55.482,270.21,31.713,1.148,134.825,65.868,3.361
bbb3fb91-f400-4f67-8528-caa25efa7fc3,2026-04-25T17:22:02.865124-04:00,node-01,checkout-api,503,True,anomalous,market_aware_v1,74.467,59.501,301.397,29.548,1.395,142.4,44.179,3.676
dbc12c37-2b1f-4fc5-bb0a-283e54ea8c68,2026-04-25T17:22:02.875577-04:00,node-01,payments-api,503,True,anomalous,market_aware_v1,69.427,58.222,293.385,24.565,1.199,136.363,23.575,3.403
be520bc6-9868-4809-baaf-fef73c4486e3,2026-04-25T17:22:02.886067-04:00,node-01,orders-api,503,True,anomalous,market_aware_v1,75.865,54.333,274.645,31.888,1.166,137.533,64.69,3.31
3dbdfff0-37ee-43fc-b08c-39de8b0f0731,2026-04-25T17:22:02.896608-04:00,node-01,checkout-api,500,True,anomalous,market_aware_v1,74.927,58.372,286.004,26.25,1.364,138.346,37.693,3.663
ab4a3fe6-b285-416a-9b7b-bfc0c4d5e7ff,2026-04-25T17:22:02.907132-04:00,node-01,payments-api,503,True,anomalous,market_aware_v1,71.288,60.253,294.102,28.535,1.289,141.803,25.209,3.683
f8721b41-9e0e-447d-b69d-15d5a32a95cd,2026-04-25T17:22:02.917547-04:00,node-01,orders-api,500,True,anomalous,market_aware_v1,71.678,57.423,265.042,30.053,1.158,133.095,58.136,3.337
60988bfe-811e-40a2-a06b-375de2603442,2026-04-25T17:22:02.928001-04:00,node-01,checkout-api,502,True,anomalous,market_aware_v1,69.872,59.505,282.809,27.73,1.329,137.79,37.872,3.511
c52cb00f-4590-4697-9084-b3cc68fcd210,2026-04-25T17:22:02.938454-04:00,node-01,payments-api,429,True,anomalous,market_aware_v1,68.01,60.214,290.775,27.305,1.285,141.199,22.239,3.683
e252a67c-4891-414e-880d-acf403c7237e,2026-04-25T17:22:02.948938-04:00,node-01,orders-api,503,True,anomalous,market_aware_v1,77.568,53.355,284.742,31.861,1.269,139.729,58.547,3.448
1e745a02-04d2-4521-b425-fed952792ee8,2026-04-25T17:22:02.959428-04:00,node-01,checkout-api,503,True,anomalous,market_aware_v1,69.628,57.642,296.32,28.293,1.488,143.834,36.413,4.074
1cc2cd62-2a15-4b63-a6a4-44bf6c9b2940,2026-04-25T17:22:02.969909-04:00,node-01,payments-api,503,True,anomalous,market_aware_v1,66.093,64.603,298.929,27.704,1.741,146.357,14.389,4.265
edd5081d-3512-4d97-b1cc-5caac0e34bd2,2026-04-25T17:22:02.980393-04:00,node-01,orders-api,503,True,anomalous,market_aware_v1,76.98,53.283,281.994,32.393,1.386,148.036,57.968,3.875
418dad9f-ce5d-4da6-896c-684a00a725e9,2026-04-25T17:22:02.990915-04:00,node-01,checkout-api,503,True,anomalous,market_aware_v1,68.128,54.532,279.114,26.415,1.315,142.076,31.721,3.65
a15e7594-1500-4888-abbe-a36b8c5dd1ab,2026-04-25T17:22:03.001400-04:00,node-01,payments-api,502,True,anomalous,market_aware_v1,68.569,59.768,298.451,27.217,1.263,137.067,23.26,3.673
269a0e95-58fa-4c7e-9964-38a2e0e12797,2026-04-25T17:22:03.011862-04:00,node-01,orders-api,429,True,anomalous,market_aware_v1,74.685,52.208,274.175,30.222,1.274,139.834,61.264,3.546
99856115-1be2-4ee3-9d23-1c7f5b5d421e,2026-04-25T17:22:03.022293-04:00,node-01,checkout-api,503,True,anomalous,market_aware_v1,69.583,55.306,277.531,27.608,1.356,133.83,35.733,3.58
2b8244c4-1e7a-4310-8307-d597bef5895e,2026-04-25T17:22:03.032866-04:00,node-01,payments-api,500,True,anomalous,market_aware_v1,66.084,59.173,279.886,24.903,1.241,136.614,24.864,3.514
7a9a6831-6585-4b4f-9ced-56d95bd52593,2026-04-25T17:22:03.043319-04:00,node-01,orders-api,429,True,anomalous,market_aware_v1,77.21,57.627,265.943,31.211,1.154,132.332,60.737,3.259
5575cf0a-891c-483f-b47b-9165c556c1d2,2026-04-25T17:22:03.053845-04:00,node-01,checkout-api,503,True,anomalous,market_aware_v1,72.407,58.069,297.794,26.456,1.342,143.489,33.808,3.801
96f069d6-9206-4b06-9baf-8df00b48bb45,2026-04-25T17:22:03.064379-04:00,node-01,payments-api,502,True,anomalous,market_aware_v1,67.355,62.027,290.623,24.997,1.243,134.951,29.611,3.518
d302e390-7b4e-4212-bd9a-abf9100a1fef,2026-04-25T17:22:03.074824-04:00,node-01,orders-api,500,True,anomalous,market_aware_v1,77.322,58.372,282.75,32.656,1.178,139.09,58.169,3.497
5176dcc5-23eb-42c8-a35d-356523c629f8,2026-04-25T17:22:03.085231-04:00,node-01,checkout-api,503,True,anomalous,market_aware_v1,76.065,61.559,283.384,29.34,1.375,135.745,37.891,3.626
a573ecfa-0c34-4ea3-bf77-b49ff7d12a29,2026-04-25T17:22:03.095692-04:00,node-01,payments-api,429,True,anomalous,market_aware_v1,74.969,64.26,310.181,28.441,1.65,145.975,25.222,4.182
b3cfc86c-7564-4723-b834-364abdf91e57,2026-04-25T17:22:03.106085-04:00,node-01,orders-api,503,True,anomalous,market_aware_v1,81.048,56.816,278.603,34.655,1.204,143.588,72.379,3.414
78724374-a0e7-45b3-9c7d-a2fb82d9e121,2026-04-25T17:22:03.116545-04:00,node-01,checkout-api,429,True,anomalous,market_aware_v1,77.244,58.474,286.83,30.194,1.353,134.319,45.36,3.474
781ab6eb-d3b2-48c1-89f1-10a10a12e2ca,2026-04-25T17:22:03.127029-04:00,node-01,payments-api,502,True,anomalous,market_aware_v1,73.086,66.263,289.486,26.6,1.304,138.389,34.328,3.492
c57c7f54-814e-4e03-8931-9265689cf1f3,2026-04-25T17:22:03.137720-04:00,node-01,orders-api,429,True,anomalous,market_aware_v1,84.944,55.433,288.693,32.574,1.316,148.912,58.742,3.681
d007f811-e330-4a78-88bd-224898ada211,2026-04-25T17:22:03.148296-04:00,node-01,checkout-api,502,True,anomalous,market_aware_v1,84.988,61.038,312.945,33.611,1.751,148.346,40.883,4.398
f631779d-7d28-4334-9b68-87ac39fb93b2,2026-04-25T17:22:03.158894-04:00,node-01,payments-api,500,True,anomalous,market_aware_v1,76.718,66.961,308.528,28.189,1.629,146.909,20.581,4.085
3a6ace8b-96f7-4cc9-8f64-19ed4df03b49,2026-04-25T17:22:03.169541-04:00,node-01,orders-api,503,True,anomalous,market_aware_v1,81.656,62.567,282.784,33.538,1.292,141.172,74.864,3.524
4facb015-063d-4946-a83d-4522c91642c4,2026-04-25T17:22:03.180110-04:00,node-01,checkout-api,429,True,anomalous,market_aware_v1,80.291,63.766,305.315,31.982,1.379,144.326,38.866,3.911
cb0d5db3-1f12-4638-9e7e-3e1a31b7afb7,2026-04-25T17:22:03.190529-04:00,node-01,payments-api,503,True,anomalous,market_aware_v1,74.112,59.956,299.84,27.189,1.389,144.376,29.25,3.746
259cd6f8-113a-43f8-861b-ed2664d63fec,2026-04-25T17:22:03.201006-04:00,node-01,orders-api,503,True,anomalous,market_aware_v1,79.565,60.013,271.671,34.354,1.223,141.804,64.104,3.537
dd4d8d7e-bc26-4df6-8a9d-48f6f3efc91a,2026-04-25T17:22:03.211417-04:00,node-01,checkout-api,500,True,anomalous,market_aware_v1,82.983,60.602,313.766,32.765,1.899,155.062,34.887,4.782
26751d76-ae67-4e54-a164-8ca5ef1e0d2c,2026-04-25T17:22:03.221833-04:00,node-01,payments-api,502,True,anomalous,market_aware_v1,74.05,61.963,302.177,29.034,1.295,145.969,31.001,3.698
f28fe9cf-8483-4de5-a8ec-9c5ff029280b,2026-04-25T17:22:03.232224-04:00,node-01,orders-api,503,True,anomalous,market_aware_v1,76.397,60.155,271.275,32.796,1.351,144.294,62.402,3.537
c571db08-f9a2-46d3-a151-91323347f565,2026-04-25T17:22:03.242609-04:00,node-01,checkout-api,429,True,anomalous,market_aware_v1,75.5,63.293,276.082,29.277,1.33,137.445,46.172,3.538
d8aafe26-a3e9-4b0c-811b-da0a679b4de6,2026-04-25T17:22:03.252986-04:00,node-01,payments-api,503,True,anomalous,market_aware_v1,75.121,59.867,292.521,26.625,1.295,144.079,23.863,3.614
2fc423bb-fae8-4010-aa49-e5879ad317ee,2026-04-25T17:22:03.263389-04:00,node-01,orders-api,500,True,anomalous,market_aware_v1,75.493,56.4,264.183,30.956,1.113,132.902,61.546,3.096
3bb96445-24a3-44bd-9836-e750246e14bd,2026-04-25T17:22:03.273792-04:00,node-01,checkout-api,502,True,anomalous,market_aware_v1,74.841,58.395,283.985,27.989,1.403,136.2,37.467,3.493
33f10021-995c-436b-9ee2-d2eacaed85a2,2026-04-25T17:22:03.284160-04:00,node-01,payments-api,429,True,anomalous,market_aware_v1,76.075,63.784,317.55,26.755,1.582,145.986,19.458,4.107
6efc237f-de35-406e-b12e-400ee59dc5b4,2026-04-25T17:22:03.294555-04:00,node-01,orders-api,503,True,anomalous,market_aware_v1,72.59,56.851,261.355,32.971,1.117,131.613,60.778,2.989
1f2ee694-bb6f-4195-92c2-3ff1518f328d,2026-04-25T17:22:03.305008-04:00,node-01,checkout-api,500,True,anomalous,market_aware_v1,72.201,59.754,284.827,27.954,1.34,144.151,37.428,3.766
d6d14fcc-2b2f-4999-a220-9c6a05982208,2026-04-25T17:22:03.315462-04:00,node-01,payments-api,503,True,anomalous,market_aware_v1,65.23,60.568,289.769,27.1,1.343,140.438,20.917,3.806
d7498475-99e2-4cd3-bb0d-838e103418cd,2026-04-25T17:22:03.325896-04:00,node-01,orders-api,500,True,anomalous,market_aware_v1,73.291,51.481,281.256,29.575,1.3,145.239,56.808,3.581
7c89ce63-5f4e-4312-83f4-600ac237a11d,2026-04-25T17:22:03.336332-04:00,node-01,checkout-api,502,True,anomalous,market_aware_v1,74.914,54.734,307.31,28.256,1.59,149.839,29.286,4.263
fc4e09db-2b2d-48da-9d0a-04a7f5929ca4,2026-04-25T17:22:03.346833-04:00,node-01,payments-api,500,True,anomalous,market_aware_v1,70.708,59.437,318.272,25.847,1.715,152.557,10.287,4.382
ec5b9cd2-3fe2-4f64-992d-359c496f3179,2026-04-25T17:22:03.357236-04:00,node-01,orders-api,502,True,anomalous,market_aware_v1,71.881,53.281,282.402,30.538,1.343,137.571,51.453,3.668
c0e38175-4328-4b5a-9b6e-3b81ea727f9b,2026-04-25T17:22:03.367824-04:00,node-01,checkout-api,503,True,anomalous,market_aware_v1,65.195,54.12,279.947,26.124,1.364,139.39,29.488,3.605
b814fd2f-3a4f-4e90-a0c9-db88e78adaa6,2026-04-25T17:22:03.378214-04:00,node-01,payments-api,503,True,anomalous,market_aware_v1,68.053,56.176,285.998,24.228,1.213,139.502,15.444,3.543
b2d4f39a-92eb-4d66-8e0b-be4d377aed25,2026-04-25T17:22:03.388676-04:00,node-01,orders-api,429,True,anomalous,market_aware_v1,74.603,52.212,281.092,28.931,1.157,137.955,55.386,3.234
6980ca90-dd93-4b97-a3bf-415f31beb038,2026-04-25T17:22:03.399103-04:00,node-01,checkout-api,503,True,anomalous,market_aware_v1,73.242,56.51,298.143,25.305,1.413,140.859,28.296,3.741
c1baf63e-6294-42c8-8936-8c05ef629522,2026-04-25T17:22:03.409525-04:00,node-01,payments-api,502,True,anomalous,market_aware_v1,66.94,57.776,294.295,25.243,1.333,138.488,19.164,3.616
5c56ea42-2f12-40b2-87f8-d00ae6aa7c83,2026-04-25T17:22:03.420027-04:00,node-01,orders-api,502,True,anomalous,market_aware_v1,76.142,54.345,290.427,29.854,1.516,142.214,47.882,3.874
e7c5392e-755a-4c60-b884-206d0fede05a,2026-04-25T17:22:03.430407-04:00,node-01,checkout-api,503,True,anomalous,market_aware_v1,70.428,54.058,279.326,26.731,1.244,134.063,35.723,3.31
106d2f2e-190a-403e-adc1-a2f7efc23a0b,2026-04-25T17:22:03.440786-04:00,node-01,payments-api,502,True,anomalous,market_aware_v1,62.283,59.83,283.596,23.142,1.191,134.161,20.661,3.437
3f0f400b-9ba1-4bb7-9144-f30c61364cc9,2026-04-25T17:22:03.451190-04:00,node-01,orders-api,503,True,anomalous,market_aware_v1,70.633,54.931,273.986,27.382,1.172,138.695,50.584,3.39
2697894b-2902-4f06-ac85-f315207553c7,2026-04-25T17:22:03.461669-04:00,node-01,checkout-api,503,True,anomalous,market_aware_v1,69.701,57.483,275.547,29.509,1.224,129.535,38.497,3.222
a1f0ff72-a279-42ef-8dd5-42df51a9d7e1,2026-04-25T17:22:03.472097-04:00,node-01,payments-api,500,True,anomalous,market_aware_v1,71.363,55.502,294.912,26.476,1.306,142.285,20.179,3.735
cf8d6d8a-7253-4933-aa28-6cdcc68f4225,2026-04-25T17:22:03.482567-04:00,node-01,orders-api,500,True,anomalous,market_aware_v1,77.296,54.29,278.542,33.005,1.115,137.385,56.909,3.306
008c8cfd-0ffe-4640-90bd-2eb25753c43f,2026-04-25T17:22:03.492992-04:00,node-01,checkout-api,500,True,anomalous,market_aware_v1,72.44,58.048,287.472,26.139,1.35,138.272,35.413,3.575
403f0de1-e8a6-4d1e-9259-71d67c4ffb81,2026-04-25T17:22:03.503525-04:00,node-01,payments-api,502,True,anomalous,market_aware_v1,71.0,59.587,300.26,24.252,1.397,143.274,19.905,3.78
785ac995-47af-41d1-acb2-959513cc852a,2026-04-25T17:22:03.513996-04:00,node-01,orders-api,429,True,anomalous,market_aware_v1,79.847,57.117,281.447,32.983,1.489,146.688,52.725,3.958
64efd1da-3e53-4d58-9d59-e14399bb4596,2026-04-25T17:22:03.524432-04:00,node-01,checkout-api,502,True,anomalous,market_aware_v1,75.275,56.976,280.327,26.66,1.281,138.804,45.591,3.672
dd78736a-2c2a-4406-8708-c60c284c65ea,2026-04-25T17:22:03.534885-04:00,node-01,payments-api,503,True,anomalous,market_aware_v1,71.327,57.41,298.864,26.838,1.431,146.514,22.225,3.926
ff1292a8-c8b8-461e-a627-f95fcd19ff93,2026-04-25T17:22:03.545304-04:00,node-01,orders-api,503,True,anomalous,market_aware_v1,78.919,59.697,291.097,33.04,1.515,145.416,54.293,3.89
8563890d-d49c-4659-9d44-d5e8564b44e4,2026-04-25T17:22:03.555792-04:00,node-01,checkout-api,502,True,anomalous,market_aware_v1,79.781,61.318,309.049,28.381,1.424,147.58,40.779,3.863
8cafa720-6008-440b-99fd-8d594432fdf2,2026-04-25T17:22:03.566291-04:00,node-01,payments-api,500,True,anomalous,market_aware_v1,73.646,62.738,294.572,28.138,1.407,140.522,26.894,3.744
2a8cff2c-b661-40d4-a415-ba92e6e506a5,2026-04-25T17:22:03.576733-04:00,node-01,orders-api,502,True,anomalous,market_aware_v1,76.937,55.624,278.913,31.846,1.123,139.529,56.859,3.376
deced3e3-40cd-46ff-9eeb-ad9eab38c7c3,2026-04-25T17:22:03.587158-04:00,node-01,checkout-api,502,True,anomalous,market_aware_v1,77.679,58.967,293.617,31.562,1.359,140.894,40.864,3.643
d6f1440c-92f3-4564-8f95-79f4f8060a9b,2026-04-25T17:22:03.597597-04:00,node-01,payments-api,502,True,anomalous,market_aware_v1,75.852,62.466,309.488,24.264,1.457,148.41,26.532,3.86
2e044c2b-248f-4327-8256-a7bf4fc9a94b,2026-04-25T17:22:03.608055-04:00,node-01,orders-api,502,True,anomalous,market_aware_v1,76.725,53.047,265.137,30.545,1.244,141.056,62.584,3.446
a71fdb32-7232-41e8-8f5c-d1bf9fcdc9de,2026-04-25T17:22:03.618534-04:00,node-01,checkout-api,503,True,anomalous,market_aware_v1,79.501,62.076,314.792,33.219,1.768,145.706,35.742,4.374
a2768108-6f9a-475b-bcec-7602945f2478,2026-04-25T17:22:03.629113-04:00,node-01,payments-api,429,True,anomalous,market_aware_v1,71.095,62.528,283.827,26.784,1.279,140.071,31.617,3.585
3d006839-9c09-4fab-aca2-45115ef43581,2026-04-25T17:22:03.639567-04:00,node-01,orders-api,502,True,anomalous,market_aware_v1,77.126,55.199,264.076,32.181,1.128,126.069,62.719,2.991
af88c582-fa3b-4738-aa88-9363a7ea23cb,2026-04-25T17:22:03.650042-04:00,node-01,checkout-api,502,True,anomalous,market_aware_v1,75.069,56.783,291.892,28.202,1.475,144.833,30.989,3.852
9db5a5ff-a8ad-48c0-a59b-519fb5428fd7,2026-04-25T17:22:03.660619-04:00,node-01,payments-api,500,True,anomalous,market_aware_v1,64.718,60.22,280.214,28.282,1.349,146.769,20.82,3.932
d0b05389-7978-4138-a40d-f571f4c25574,2026-04-25T17:22:03.671167-04:00,node-01,orders-api,429,True,anomalous,market_aware_v1,76.875,54.165,262.639,30.064,1.193,137.407,60.787,3.363
d8914fc5-5acd-4075-a08a-5bc3e753b7c5,2026-04-25T17:22:03.681619-04:00,node-01,checkout-api,502,True,anomalous,market_aware_v1,73.99,58.01,292.043,25.77,1.409,138.861,41.821,3.792
94e4483c-3e03-405c-afdb-3c76dce1924c,2026-04-25T17:22:03.692171-04:00,node-01,payments-api,502,True,anomalous,market_aware_v1,68.188,60.129,302.124,27.365,1.325,144.632,23.54,3.745
2fc0c0ee-aed3-4569-8d35-00069d38e5cd,2026-04-25T17:22:03.702625-04:00,node-01,orders-api,500,True,anomalous,market_aware_v1,76.535,53.961,282.827,31.624,1.258,141.776,59.236,3.595
8cdb326b-a244-40c1-82a5-44d155eb7cb8,2026-04-25T17:22:03.713083-04:00,node-01,checkout-api,503,True,anomalous,market_aware_v1,72.561,60.441,280.192,28.203,1.352,139.072,34.034,3.604
54b54ec6-eda6-45cb-af4d-ac00d3635b63,2026-04-25T17:22:03.723543-04:00,node-01,payments-api,503,True,anomalous,market_aware_v1,72.073,61.388,308.56,25.42,1.768,151.172,13.43,4.42
30dc02eb-ed34-4612-aa24-d7ff3bc66f02,2026-04-25T17:22:03.733993-04:00,node-01,orders-api,429,True,anomalous,market_aware_v1,75.944,57.04,279.103,28.273,1.325,143.588,52.347,3.658
01b6d928-3fd3-4450-834b-4365e33f4659,2026-04-25T17:22:03.744409-04:00,node-01,checkout-api,500,True,anomalous,market_aware_v1,72.612,54.765,289.174,29.086,1.428,141.325,35.071,3.846
e95fcec6-554c-43e6-884b-bb3f88f88798,2026-04-25T17:22:03.754844-04:00,node-01,payments-api,503,True,anomalous,market_aware_v1,65.568,59.174,295.538,24.709,1.292,142.415,19.835,3.645
db736157-e0c0-442b-8ae5-515a906c9c66,2026-04-25T17:22:03.765328-04:00,node-01,orders-api,429,True,anomalous,market_aware_v1,77.372,54.247,274.073,28.714,1.23,143.767,54.854,3.459
e9da2420-d4f5-4ae6-aac9-f7c2f24cacea,2026-04-25T17:22:03.775861-04:00,node-01,checkout-api,500,True,anomalous,market_aware_v1,67.83,56.823,279.011,30.964,1.364,134.327,41.8,3.572
ae4146e3-1a0d-488d-94c8-05dcb965a2a2,2026-04-25T17:22:03.786323-04:00,node-01,payments-api,502,True,anomalous,market_aware_v1,69.616,62.841,308.517,26.571,1.619,143.187,17.705,4.154
f0e3eff8-6091-4906-8092-a100785015b1,2026-04-25T17:22:03.796837-04:00,node-01,orders-api,500,True,anomalous,market_aware_v1,73.078,55.628,268.246,29.499,1.17,135.639,52.905,3.333
6b08b3f7-b1f5-4902-808c-ff486d71fbc9,2026-04-25T17:22:03.807303-04:00,node-01,checkout-api,502,True,anomalous,market_aware_v1,72.042,56.695,279.425,29.899,1.36,139.956,35.78,3.867
07e832b4-569e-44cd-956a-3790008fd32b,2026-04-25T17:22:03.817840-04:00,node-01,payments-api,429,True,anomalous,market_aware_v1,70.264,60.69,315.627,27.448,1.329,146.915,26.923,3.67
d5ce0479-e314-4f8d-b7bb-c26a1d04f622,2026-04-25T17:22:03.828315-04:00,node-01,orders-api,502,True,anomalous,market_aware_v1,77.319,56.768,275.266,32.092,1.186,138.59,62.245,3.358
d6aa8cc3-3104-4670-a845-1c885563c208,2026-04-25T17:22:03.838780-04:00,node-01,checkout-api,500,True,anomalous,market_aware_v1,74.947,61.292,301.669,28.805,1.441,151.778,32.493,3.963
dbb34dbc-8e42-4512-84eb-e286e92fa58d,2026-04-25T17:22:03.849188-04:00,node-01,payments-api,500,True,anomalous,market_aware_v1,69.631,60.61,312.767,27.213,1.25,142.134,27.977,3.565
3fcb930d-e9a3-454d-929e-40925a6c4920,2026-04-25T17:22:03.859649-04:00,node-01,orders-api,503,True,anomalous,market_aware_v1,79.568,58.567,285.663,34.092,1.276,144.577,54.292,3.577
e6d57b76-d383-4cfa-8c1a-b314c9519bd7,2026-04-25T17:22:03.870061-04:00,node-01,checkout-api,500,True,anomalous,market_aware_v1,76.089,60.101,313.43,32.65,1.76,144.628,27.99,4.503
7fa98148-13c2-4b8c-b6b1-79319c4300e6,2026-04-25T17:22:03.880598-04:00,node-01,payments-api,429,True,anomalous,market_aware_v1,74.469,65.0,309.664,31.471,1.434,151.679,26.964,3.817
acf2eaf5-8346-424c-a663-86d7725c0d3f,2026-04-25T17:22:03.891120-04:00,node-01,orders-api,502,True,anomalous,market_aware_v1,80.173,54.019,281.687,32.756,1.272,149.019,59.155,3.689
000e0456-543f-4963-b2b0-31fefb66708e,2026-04-25T17:22:03.901594-04:00,node-01,checkout-api,503,True,anomalous,market_aware_v1,78.998,63.931,296.709,30.357,1.416,144.025,39.054,3.865
a2f596d3-81b8-4406-8ce7-049518035cba,2026-04-25T17:22:03.912122-04:00,node-01,payments-api,500,True,anomalous,market_aware_v1,74.608,62.585,305.336,25.217,1.439,148.753,30.638,3.736
c9477cf0-7146-4d64-9507-996bd4b7c815,2026-04-25T17:22:03.922979-04:00,node-01,orders-api,503,True,anomalous,market_aware_v1,80.786,56.369,283.658,31.343,1.267,146.048,60.697,3.606
ab091944-e6fd-42d7-a460-5bd81c6197dc,2026-04-25T17:22:03.933413-04:00,node-01,checkout-api,500,True,anomalous,market_aware_v1,74.553,63.699,288.371,28.194,1.389,142.175,42.209,3.81
24b32a50-f926-4125-8455-20d6de0cd06c,2026-04-25T17:22:03.943873-04:00,node-01,payments-api,429,True,anomalous,market_aware_v1,73.281,63.679,294.479,28.873,1.249,139.704,32.867,3.587
158e8af5-1c2a-4520-8951-244dd39bbf44,2026-04-25T17:22:03.954355-04:00,node-01,orders-api,429,True,anomalous,market_aware_v1,82.537,57.907,300.658,32.564,1.354,148.925,60.998,3.766
c28cfc7e-7463-40e4-a23e-b8e760f8ad52,2026-04-25T17:22:03.964896-04:00,node-01,checkout-api,503,True,anomalous,market_aware_v1,75.956,63.135,300.886,32.549,1.449,146.463,48.42,3.86
063a3339-fc61-422e-9388-5b01a974cc72,2026-04-25T17:22:03.975356-04:00,node-01,payments-api,429,True,anomalous,market_aware_v1,76.567,63.319,304.483,30.147,1.386,144.468,30.355,3.794
4e286441-0d4c-4efa-8798-84227218753f,2026-04-25T17:22:03.985748-04:00,node-01,orders-api,429,True,anomalous,market_aware_v1,79.947,61.18,300.969,34.407,1.443,153.661,64.216,4.064
e39fedf6-38d2-4e72-915d-24e65b34f1c1,2026-04-25T17:22:03.996196-04:00,node-01,checkout-api,429,True,anomalous,market_aware_v1,78.239,63.786,313.512,28.752,1.52,153.37,35.092,4.191
78d6a4e8-d18e-430f-89a6-68291f09d364,2026-04-25T17:22:04.006672-04:00,node-01,payments-api,503,True,anomalous,market_aware_v1,73.988,64.256,309.922,28.854,1.333,144.448,25.959,3.779
e67530eb-047b-4348-8e15-82f0b6a5fa24,2026-04-25T17:22:04.017156-04:00,node-01,orders-api,503,True,anomalous,market_aware_v1,81.358,59.185,279.318,31.775,1.202,145.256,63.436,3.646
9f8cb490-ad45-4570-94b7-2b1fca7fd239,2026-04-25T17:22:04.027718-04:00,node-01,checkout-api,429,True,anomalous,market_aware_v1,80.452,61.373,296.9,30.696,1.36,145.592,40.89,3.727
04fd1c79-b97c-4864-be55-dcb9650eb22b,2026-04-25T17:22:04.038165-04:00,node-01,payments-api,502,True,anomalous,market_aware_v1,73.644,61.322,300.346,28.815,1.368,147.471,22.472,3.924
cc7aa103-a51e-4d2b-9a29-bad5e4156fa7,2026-04-25T17:22:04.048612-04:00,node-01,orders-api,503,True,anomalous,market_aware_v1,77.92,54.108,277.89,31.755,1.27,142.984,61.473,3.574
345cb0b7-f13c-4c08-9d48-5bd7c05c9141,2026-04-25T17:22:04.059109-04:00,node-01,checkout-api,503,True,anomalous,market_aware_v1,73.956,63.644,285.526,30.896,1.396,135.488,43.757,3.628
9396746b-3c0a-419c-8015-d71381636c3d,2026-04-25T17:22:04.069582-04:00,node-01,payments-api,502,True,anomalous,market_aware_v1,71.704,63.113,312.63,27.697,1.653,150.616,21.022,4.242
670aae64-71a1-4db0-a815-6fe9db920221,2026-04-25T17:22:04.080030-04:00,node-01,orders-api,500,True,anomalous,market_aware_v1,76.898,53.808,284.242,33.675,1.238,143.022,57.605,3.508
9e0c451c-c85a-44ea-ae82-08c3b96542ba,2026-04-25T17:22:04.090486-04:00,node-01,checkout-api,502,True,anomalous,market_aware_v1,69.786,54.929,294.676,28.422,1.472,146.653,31.588,3.927
b6335e8e-adae-443f-816c-903f9fdf4a93,2026-04-25T17:22:04.100931-04:00,node-01,payments-api,500,True,anomalous,market_aware_v1,70.133,59.192,312.065,23.607,1.422,151.697,11.592,3.922
13c08d32-5662-4755-b26b-186e01f15396,2026-04-25T17:22:04.111396-04:00,node-01,orders-api,502,True,anomalous,market_aware_v1,74.186,54.019,277.908,30.55,1.258,146.52,52.142,3.7
a6c5daad-65cb-4cd5-a945-11afa540e7c4,2026-04-25T17:22:04.121872-04:00,node-01,checkout-api,429,True,anomalous,market_aware_v1,76.625,59.145,301.681,28.729,1.375,140.806,29.214,3.798
c39eb288-a6e6-4dbf-a902-6896dd96a0e7,2026-04-25T17:22:04.132322-04:00,node-01,payments-api,500,True,anomalous,market_aware_v1,66.051,58.055,290.578,25.256,1.308,141.971,20.33,3.867
84a5c1c7-8160-497c-89cf-9863232c7f06,2026-04-25T17:22:04.142752-04:00,node-01,orders-api,500,True,anomalous,market_aware_v1,70.36,55.326,266.125,29.678,1.181,131.93,51.558,3.165
852d9883-0a08-44d4-9583-3246bdfaed8a,2026-04-25T17:22:04.153233-04:00,node-01,checkout-api,503,True,anomalous,market_aware_v1,72.735,54.78,300.912,24.615,1.447,145.864,27.208,3.769
bb8c4b76-67cd-497c-b14b-01eee31966e0,2026-04-25T17:22:04.163663-04:00,node-01,payments-api,502,True,anomalous,market_aware_v1,63.146,57.793,282.148,25.013,1.235,130.116,17.769,3.394
7df6a667-5eb2-49ad-95cc-9fb23bd983a5,2026-04-25T17:22:04.174052-04:00,node-01,orders-api,500,True,anomalous,market_aware_v1,67.492,51.938,270.937,30.363,1.204,138.275,54.423,3.463
3af6f94d-8d5a-4dd3-8ae1-92858fd90c37,2026-04-25T17:22:04.184446-04:00,node-01,checkout-api,503,True,anomalous,market_aware_v1,71.891,55.925,289.926,26.357,1.324,140.803,24.987,3.703
fd89ffca-9c7c-4fa3-b20e-56e90e021e4b,2026-04-25T17:22:04.194833-04:00,node-01,payments-api,429,True,anomalous,market_aware_v1,66.61,57.587,292.044,25.12,1.266,136.091,13.582,3.598
3512b9fc-79bd-4ed1-935b-aebf2dc83566,2026-04-25T17:22:04.205217-04:00,node-01,orders-api,429,True,anomalous,market_aware_v1,76.997,49.317,286.904,29.011,1.364,148.89,48.0,3.734
6e095b67-8fb6-45f1-ae39-41d1d5162080,2026-04-25T17:22:04.215734-04:00,node-01,checkout-api,429,True,anomalous,market_aware_v1,69.648,55.59,285.772,26.451,1.312,139.84,31.485,3.695
4f56c432-29e6-4b98-81d8-084c86388d6f,2026-04-25T17:22:04.226222-04:00,node-01,payments-api,503,True,anomalous,market_aware_v1,64.595,60.444,292.149,24.202,1.327,143.775,15.731,3.699
3d2e056a-5219-4e6a-b2ac-a66acd2ec8c7,2026-04-25T17:22:04.236688-04:00,node-01,orders-api,502,True,anomalous,market_aware_v1,69.421,52.499,268.115,29.0,1.125,134.267,58.742,3.134
a8615623-83f8-4ba2-89ea-ecd6b781d5a7,2026-04-25T17:22:04.247078-04:00,node-01,checkout-api,503,True,anomalous,market_aware_v1,71.652,60.684,304.479,26.992,1.383,147.12,28.751,3.725
26f46848-1dea-4510-8b47-78015d1c6e5b,2026-04-25T17:22:04.257436-04:00,node-01,payments-api,502,True,anomalous,market_aware_v1,68.57,57.784,298.976,28.207,1.309,141.579,12.573,3.546
bfc2e415-64e4-4c45-b7a2-a139a4c8c05a,2026-04-25T17:22:04.267838-04:00,node-01,orders-api,429,True,anomalous,market_aware_v1,72.038,55.872,270.692,31.162,1.192,136.825,49.906,3.496
defd6dae-ffbc-455b-8692-98358b6e6951,2026-04-25T17:22:04.278227-04:00,node-01,checkout-api,429,True,anomalous,market_aware_v1,76.195,62.432,296.39,28.121,1.686,141.687,33.573,4.145
0db6f6b4-c9ae-4ada-bcec-0a1a42b98a0e,2026-04-25T17:22:04.288647-04:00,node-01,payments-api,429,True,anomalous,market_aware_v1,68.837,61.256,305.514,25.603,1.271,133.993,27.344,3.471
60fda5e1-b2a1-4fcd-8a39-1cdff3591b06,2026-04-25T17:22:04.299054-04:00,node-01,orders-api,503,True,anomalous,market_aware_v1,80.478,57.346,295.913,31.624,1.741,156.869,46.126,4.48
adef7b15-942e-4528-8b9c-2c7c616caeb3,2026-04-25T17:22:04.309406-04:00,node-01,checkout-api,429,True,anomalous,market_aware_v1,77.165,57.432,290.202,29.905,1.283,145.898,33.019,3.685
07367628-5c4b-48fe-b1d2-5ac6f736924b,2026-04-25T17:22:04.319851-04:00,node-01,payments-api,502,True,anomalous,market_aware_v1,71.136,60.593,295.513,26.479,1.33,145.043,24.612,3.636
ab414568-af3d-46b1-aa00-2c1c5c9496b4,2026-04-25T17:22:04.330253-04:00,node-01,orders-api,502,True,anomalous,market_aware_v1,76.693,56.129,282.438,30.109,1.223,136.081,55.708,3.343
f34ed16d-db81-44e9-b20a-2c80dc9db336,2026-04-25T17:22:04.340683-04:00,node-01,checkout-api,500,True,anomalous,market_aware_v1,76.167,62.767,290.138,29.136,1.418,141.954,42.989,3.803
3e146d98-43b9-4437-b5c5-daeb4a7da07e,2026-04-25T17:22:04.351076-04:00,node-01,payments-api,502,True,anomalous,market_aware_v1,76.445,61.025,312.096,25.345,1.384,146.0,22.621,3.786
93594e79-d37f-4b42-bad0-9eae24e385a8,2026-04-25T17:22:04.361485-04:00,node-01,orders-api,429,True,anomalous,market_aware_v1,81.465,59.208,293.974,32.224,1.243,143.873,57.738,3.558
5233a55d-7b87-4857-9511-27b12580274f,2026-04-25T17:22:04.371888-04:00,node-01,checkout-api,502,True,anomalous,market_aware_v1,79.603,61.503,291.599,29.787,1.378,142.825,41.875,3.7
eaa0dd15-98e1-4b18-baa3-7fd204bab3ed,2026-04-25T17:22:04.382310-04:00,node-01,payments-api,502,True,anomalous,market_aware_v1,71.759,63.922,305.064,27.361,1.466,153.328,17.265,3.981
22c376db-afc2-43d4-bce6-3f6c8beb12dc,2026-04-25T17:22:04.392779-04:00,node-01,orders-api,502,True,anomalous,market_aware_v1,76.937,55.52,279.422,31.337,1.308,147.199,57.027,3.657
dc62b2eb-0a83-41ca-a983-a9fc7b3d64f4,2026-04-25T17:22:04.403238-04:00,node-01,checkout-api,503,True,anomalous,market_aware_v1,75.697,60.233,318.849,29.744,1.43,144.362,43.182,3.749
5ad948b8-06f5-45c5-a187-c376129ae907,2026-04-25T17:22:04.413683-04:00,node-01,payments-api,429,True,anomalous,market_aware_v1,72.007,61.849,303.179,27.013,1.328,147.433,22.78,3.706
c3b17072-a699-4d66-adb7-19a7cf80c525,2026-04-25T17:22:04.424137-04:00,node-01,orders-api,502,True,anomalous,market_aware_v1,79.112,57.646,271.73,32.631,1.096,140.022,57.738,3.251
04f20c2a-9fb2-4c8a-9060-7639dcc06761,2026-04-25T17:22:04.434589-04:00,node-01,checkout-api,503,True,anomalous,market_aware_v1,77.819,61.7,299.644,28.321,1.523,144.816,38.36,3.903
829d9451-68e3-47fc-88fe-0117487d36a3,2026-04-25T17:22:04.444994-04:00,node-01,payments-api,502,True,anomalous,market_aware_v1,72.442,60.211,297.688,26.385,1.331,146.35,18.193,3.802
f780a45e-66ff-44d5-81e7-eadadb9e0368,2026-04-25T17:22:04.455547-04:00,node-01,orders-api,502,True,anomalous,market_aware_v1,76.595,57.269,286.744,31.872,1.166,141.739,56.561,3.383
52c445e3-2ec4-457d-b18d-359f8fd3dadf,2026-04-25T17:22:04.466105-04:00,node-01,checkout-api,503,True,anomalous,market_aware_v1,80.366,60.49,310.689,28.284,1.368,147.603,33.974,3.799
aff2bd06-3908-4800-9c85-000864b8774b,2026-04-25T17:22:04.476628-04:00,node-01,payments-api,502,True,anomalous,market_aware_v1,71.894,58.207,308.537,24.915,1.355,143.564,26.207,3.751
a21025ca-4f37-45ef-927a-4aa8cad967b4,2026-04-25T17:22:04.487114-04:00,node-01,orders-api,500,True,anomalous,market_aware_v1,78.788,54.751,277.491,31.068,1.314,142.244,57.559,3.508
63740285-44d5-4ce4-8ff2-7abd8ed9b926,2026-04-25T17:22:04.497740-04:00,node-01,checkout-api,503,True,anomalous,market_aware_v1,72.727,60.128,296.683,30.883,1.415,145.622,34.491,3.751
d3aef40e-2519-41c0-984c-e471e2b213e4,2026-04-25T17:22:04.508237-04:00,node-01,payments-api,429,True,anomalous,market_aware_v1,70.516,59.989,303.638,25.428,1.303,141.788,22.817,3.68
149f35e5-2c5c-4687-b160-798645bea566,2026-04-25T17:22:04.518665-04:00,node-01,orders-api,502,True,anomalous,market_aware_v1,74.317,52.499,266.697,31.272,1.151,141.258,56.057,3.475
ce36b1bd-2ea9-489b-922b-a0567339dfd9,2026-04-25T17:22:04.529316-04:00,node-01,checkout-api,500,True,anomalous,market_aware_v1,70.73,59.625,308.071,31.058,1.442,145.09,33.583,4.124
15f8409b-4c81-4e7a-bc23-8ecdd6cd5a6f,2026-04-25T17:22:04.539827-04:00,node-01,payments-api,502,True,anomalous,market_aware_v1,67.977,59.701,304.381,25.786,1.347,140.345,19.823,3.724
7bffbfc6-697b-4b1d-af37-b99b1209b01d,2026-04-25T17:22:04.550280-04:00,node-01,orders-api,503,True,anomalous,market_aware_v1,76.744,55.67,277.446,30.882,1.517,135.958,55.376,3.837
3b4c0f35-7db1-4664-a107-9e06a5344237,2026-04-25T17:22:04.560783-04:00,node-01,checkout-api,500,True,anomalous,market_aware_v1,72.737,56.311,302.242,27.608,1.396,149.322,28.179,3.865
6c350f67-4850-406b-94c1-340e0205d107,2026-04-25T17:22:04.571246-04:00,node-01,payments-api,429,True,anomalous,market_aware_v1,70.182,59.629,298.889,25.557,1.335,140.899,18.328,3.671
604d48c5-fa08-4402-a364-917bfdcdd6f8,2026-04-25T17:22:04.581745-04:00,node-01,orders-api,500,True,anomalous,market_aware_v1,74.922,56.019,278.967,28.827,1.307,141.161,56.626,3.537
4430d7d6-1b3a-4279-a85e-2e50fc15dd7c,2026-04-25T17:22:04.592296-04:00,node-01,checkout-api,502,True,anomalous,market_aware_v1,70.905,59.838,296.801,26.985,1.505,148.409,26.823,3.963
6ada66ab-bb0e-4a9f-a0a5-d4682720a2f4,2026-04-25T17:22:04.602907-04:00,node-01,payments-api,429,True,anomalous,market_aware_v1,68.003,63.891,311.378,27.352,1.354,144.271,24.211,3.645
d8a6ae8b-de05-44a6-b34b-e7e44a98da49,2026-04-25T17:22:04.613478-04:00,node-01,orders-api,502,True,anomalous,market_aware_v1,78.708,54.257,276.667,30.387,1.21,142.447,57.909,3.403
cd9ea958-19e3-41e1-9e89-ff766a5ea053,2026-04-25T17:22:04.624049-04:00,node-01,checkout-api,500,True,anomalous,market_aware_v1,78.613,64.031,316.783,29.504,1.821,150.339,27.335,4.36
66ac4851-b07f-42f9-afe8-a4563198f582,2026-04-25T17:22:04.634482-04:00,node-01,payments-api,502,True,anomalous,market_aware_v1,73.777,60.327,304.979,27.244,1.51,149.232,24.4,3.908
f5dba0b3-f25c-4f20-8609-4b26d245f214,2026-04-25T17:22:04.645033-04:00,node-01,orders-api,502,True,anomalous,market_aware_v1,75.344,56.689,270.073,30.33,1.16,135.453,58.876,3.085
19af02d1-fb16-4449-b845-445ec9a063f4,2026-04-25T17:22:04.655581-04:00,node-01,checkout-api,429,True,anomalous,market_aware_v1,75.112,61.62,294.935,29.556,1.341,139.767,40.965,3.627
ee0b8633-fa96-440f-87a9-ac7f8f9e99fd,2026-04-25T17:22:04.666180-04:00,node-01,payments-api,429,True,anomalous,market_aware_v1,73.511,62.855,307.434,25.83,1.295,146.534,27.835,3.662
39f8d9a7-6410-43e0-a511-9ab42e8eb58e,2026-04-25T17:22:04.676620-04:00,node-01,orders-api,502,True,anomalous,market_aware_v1,77.624,57.337,282.107,31.243,1.209,144.415,54.905,3.478
a1aa16a3-5d30-464a-a975-325e7588bfab,2026-04-25T17:22:04.687139-04:00,node-01,checkout-api,500,True,anomalous,market_aware_v1,79.492,56.932,286.023,30.24,1.337,140.342,36.037,3.682
388e1b68-4325-4c48-9e5e-9be163a42820,2026-04-25T17:22:04.697583-04:00,node-01,payments-api,502,True,anomalous,market_aware_v1,76.037,63.244,299.766,25.802,1.25,141.336,30.718,3.716
868791ec-fa13-4aee-9311-a48980dd257a,2026-04-25T17:22:04.708158-04:00,node-01,orders-api,503,True,anomalous,market_aware_v1,78.877,59.891,275.268,31.111,1.307,147.232,59.49,3.715
0704c335-5ac6-4dfa-80b2-94ae5ad00355,2026-04-25T17:22:04.718590-04:00,node-01,checkout-api,503,True,anomalous,market_aware_v1,76.934,61.731,296.368,30.078,1.403,139.114,45.287,3.748
a7d25afd-ec5b-474d-baf9-460d186f2a2d,2026-04-25T17:22:04.729102-04:00,node-01,payments-api,500,True,anomalous,market_aware_v1,76.456,62.796,316.731,26.122,1.339,146.832,28.052,3.768
472abab3-dbbf-4646-a41c-24c877c9241d,2026-04-25T17:22:04.739546-04:00,node-01,orders-api,429,True,anomalous,market_aware_v1,83.363,57.805,311.925,34.323,1.442,154.073,66.993,4.245
8bf7eef6-fa1e-45e4-8eaa-dede8ad96d5f,2026-04-25T17:22:04.750021-04:00,node-01,checkout-api,502,True,anomalous,market_aware_v1,79.81,61.576,293.318,30.625,1.497,144.551,46.295,3.988
4bb120c2-8987-4ce6-9991-acf91d1a0aff,2026-04-25T17:22:04.760547-04:00,node-01,payments-api,429,True,anomalous,market_aware_v1,74.917,63.852,314.241,27.885,1.391,151.791,30.684,3.989
0393976f-e4d0-4709-af96-eddbdfc7c27c,2026-04-25T17:22:04.771047-04:00,node-01,orders-api,503,True,anomalous,market_aware_v1,84.366,58.192,290.332,33.573,1.276,144.843,68.594,3.621
103a4789-9cbd-4e63-a8b8-5cb71f971068,2026-04-25T17:22:04.781560-04:00,node-01,checkout-api,503,True,anomalous,market_aware_v1,85.843,66.056,322.198,32.223,1.761,154.554,32.347,4.409
6339c405-3075-4fc5-8d2a-9b291d74052f,2026-04-25T17:22:04.792041-04:00,node-01,payments-api,500,True,anomalous,market_aware_v1,81.406,65.087,317.605,29.237,1.375,149.351,26.148,4.001
6cd7d640-302f-48e9-a56b-cd1474534586,2026-04-25T17:22:04.802602-04:00,node-01,orders-api,502,True,anomalous,market_aware_v1,82.625,54.22,274.894,32.853,1.265,145.387,69.129,3.554
eb22a099-d38e-423d-ab0e-f75ed9f85bc9,2026-04-25T17:22:04.813165-04:00,node-01,checkout-api,500,True,anomalous,market_aware_v1,84.922,65.552,324.133,32.681,1.803,152.956,31.357,4.453
bedf234f-e791-4c89-adb6-56c4d726c933,2026-04-25T17:22:04.823649-04:00,node-01,payments-api,503,True,anomalous,market_aware_v1,69.757,64.018,307.807,28.927,1.386,144.657,27.729,3.879
5477f1c3-7077-4e9d-a4fa-d075a20e789b,2026-04-25T17:22:04.834117-04:00,node-01,orders-api,503,True,anomalous,market_aware_v1,81.169,55.417,275.419,33.249,1.24,142.191,63.164,3.423
0a9c77d7-301a-4004-bac1-44ae7036d38e,2026-04-25T17:22:04.844564-04:00,node-01,checkout-api,503,True,anomalous,market_aware_v1,76.718,61.935,284.97,25.879,1.334,137.503,44.323,3.576
ec846c80-29c0-4d96-a164-697f289c245c,2026-04-25T17:22:04.855029-04:00,node-01,payments-api,503,True,anomalous,market_aware_v1,69.127,61.744,308.48,24.933,1.353,142.058,25.669,3.739
906f256a-99c7-4716-a908-3586eaf52f60,2026-04-25T17:22:04.865412-04:00,node-01,orders-api,502,True,anomalous,market_aware_v1,77.888,56.701,298.16,34.597,1.73,153.532,49.4,4.304
a2e0ed0d-d658-44f3-9ce4-2053f164a605,2026-04-25T17:22:04.875881-04:00,node-01,checkout-api,502,True,anomalous,market_aware_v1,74.893,58.793,311.547,30.427,1.794,154.714,27.562,4.4
3cfefa0e-775f-4b80-b3f7-2bca1ca13e2c,2026-04-25T17:22:04.886342-04:00,node-01,payments-api,502,True,anomalous,market_aware_v1,69.299,59.161,326.282,28.944,1.413,154.975,21.398,4.101
6ae7437a-3afa-4380-8533-50bc32e2bbe0,2026-04-25T17:22:04.896834-04:00,node-01,orders-api,503,True,anomalous,market_aware_v1,80.342,53.282,297.251,31.377,1.394,152.642,46.87,3.744
57875dec-aa6d-4f65-9acd-f4b01634a2a4,2026-04-25T17:22:04.907333-04:00,node-01,checkout-api,429,True,anomalous,market_aware_v1,77.232,60.247,326.136,29.601,1.981,162.239,20.631,4.839
7234624e-f9b2-4252-8723-bf7d528f57d6,2026-04-25T17:22:04.917903-04:00,node-01,payments-api,502,True,anomalous,market_aware_v1,69.363,58.32,308.168,23.733,1.445,146.948,20.38,3.922
dd55feb8-54ac-473a-aefa-9bcd9d510ca3,2026-04-25T17:22:04.928400-04:00,node-01,orders-api,502,True,anomalous,market_aware_v1,70.511,53.948,271.714,29.605,1.14,136.202,56.487,3.357
81b354bf-2b57-4343-9f64-bd8438e04f82,2026-04-25T17:22:04.938854-04:00,node-01,checkout-api,500,True,anomalous,market_aware_v1,67.541,55.807,288.222,27.699,1.355,139.071,34.069,3.754
fad59a36-3287-4152-ab17-119cf4610414,2026-04-25T17:22:04.949328-04:00,node-01,payments-api,500,True,anomalous,market_aware_v1,67.025,61.027,294.859,26.025,1.392,147.038,6.789,3.828
97d239e5-5ab2-4c6d-834c-36f9c67d3ae1,2026-04-25T17:22:04.959880-04:00,node-01,orders-api,503,True,anomalous,market_aware_v1,74.73,53.127,277.461,28.844,1.154,136.384,52.234,3.279
5d23ae9c-726c-48ff-9220-ea4c769ff2b6,2026-04-25T17:22:04.970337-04:00,node-01,checkout-api,500,True,anomalous,market_aware_v1,72.227,54.586,314.078,31.139,1.756,152.496,18.745,4.423
d4a72179-9b66-4a12-b9a8-22f6f620aea8,2026-04-25T17:22:04.980844-04:00,node-01,payments-api,503,True,anomalous,market_aware_v1,67.67,58.427,307.085,24.612,1.319,146.475,18.622,3.731
4e54ec3c-1664-4036-a266-0d654f4371ac,2026-04-25T17:22:04.991291-04:00,node-01,orders-api,503,True,anomalous,market_aware_v1,75.188,51.204,286.551,28.92,1.301,145.033,43.842,3.574
ba0e8478-9102-4b5d-bed7-76d8f2a3410c,2026-04-25T17:22:05.001887-04:00,node-01,checkout-api,503,True,anomalous,market_aware_v1,71.71,54.441,274.889,25.804,1.268,134.535,30.731,3.519
5785ae1a-6ec6-49a5-ae4d-edc920c518a9,2026-04-25T17:22:05.012338-04:00,node-01,payments-api,502,True,anomalous,market_aware_v1,66.123,53.989,311.147,25.284,1.403,150.294,18.372,3.988
9b838fdf-33e7-43a5-9c5f-bdb82712a5fd,2026-04-25T17:22:05.022939-04:00,node-01,orders-api,500,True,anomalous,market_aware_v1,72.149,51.687,270.585,31.941,1.267,141.301,51.718,3.509
7553ff25-00d6-40cc-8743-2756952b7ecd,2026-04-25T17:22:05.033440-04:00,node-01,checkout-api,429,True,anomalous,market_aware_v1,74.248,57.699,294.392,27.403,1.46,146.046,34.423,3.779
5d1f2e6f-be05-49aa-be18-d685495adebf,2026-04-25T17:22:05.043932-04:00,node-01,payments-api,503,True,anomalous,market_aware_v1,68.865,60.266,319.355,24.426,1.362,151.156,11.774,3.888
522d76dc-9360-40d8-9bfa-a6b82abc9df4,2026-04-25T17:22:05.054435-04:00,node-01,orders-api,502,True,anomalous,market_aware_v1,73.308,55.328,281.501,29.898,1.248,144.684,50.924,3.503
598d4bff-d935-4f70-ad55-67b5d3cc1cd7,2026-04-25T17:22:05.064971-04:00,node-01,checkout-api,500,True,anomalous,market_aware_v1,76.898,58.526,291.379,30.736,1.38,141.777,37.334,3.727
6996b20f-af40-450e-a931-71bd8c4f9f05,2026-04-25T17:22:05.075463-04:00,node-01,payments-api,500,True,anomalous,market_aware_v1,72.102,61.853,289.702,23.873,1.321,144.293,27.666,3.722
d5fe5b0d-77e8-49cd-94a3-16cf18603f36,2026-04-25T17:22:05.085959-04:00,node-01,orders-api,429,True,anomalous,market_aware_v1,80.209,57.854,278.113,31.63,1.186,138.11,65.829,3.519
0115a23c-cc39-4fcf-8236-95e327c22dd4,2026-04-25T17:22:05.096371-04:00,node-01,checkout-api,502,True,anomalous,market_aware_v1,75.638,58.469,310.443,27.428,1.61,154.332,29.062,4.157
3187e812-f4c4-4180-bc28-daaa22919f9f,2026-04-25T17:22:05.106776-04:00,node-01,payments-api,503,True,anomalous,market_aware_v1,76.28,63.319,293.272,27.659,1.216,140.721,24.328,3.593
5847989c-a7a6-4fc9-91a8-17ef03ecfbf6,2026-04-25T17:22:05.117177-04:00,node-01,orders-api,429,True,anomalous,market_aware_v1,78.773,55.261,276.661,29.931,1.115,138.864,60.522,3.264
295a2be6-6b29-4234-bf3c-9e94400d5778,2026-04-25T17:22:05.127582-04:00,node-01,checkout-api,500,True,anomalous,market_aware_v1,76.641,59.406,292.518,30.618,1.358,148.762,35.428,3.922
8122bd4f-a257-4740-91c0-8eceab2686e9,2026-04-25T17:22:05.138103-04:00,node-01,payments-api,500,True,anomalous,market_aware_v1,72.364,63.995,310.987,24.878,1.38,148.521,26.405,3.803
254063c8-c933-407f-921a-8380e21755c0,2026-04-25T17:22:05.148554-04:00,node-01,orders-api,429,True,anomalous,market_aware_v1,81.041,60.367,309.005,31.146,1.746,151.594,52.44,4.358
5c496823-1db9-460c-a4bd-08a476fb6211,2026-04-25T17:22:05.159046-04:00,node-01,checkout-api,502,True,anomalous,market_aware_v1,76.443,60.77,300.634,28.997,1.409,145.845,35.751,3.746
5bfae097-7bf4-4ae8-8dd0-97f5e5edcc9d,2026-04-25T17:22:05.169405-04:00,node-01,payments-api,429,True,anomalous,market_aware_v1,74.493,63.679,318.467,27.233,1.455,148.511,25.574,4.033
622a0a43-1fa2-4133-88f5-27fd3884a70a,2026-04-25T17:22:05.179850-04:00,node-01,orders-api,502,True,anomalous,market_aware_v1,82.904,61.074,284.914,32.136,1.279,141.887,61.464,3.564
418ccfd8-0365-4e55-ab16-ddfbd44936c5,2026-04-25T17:22:05.190610-04:00,node-01,checkout-api,502,True,anomalous,market_aware_v1,78.763,60.253,298.337,30.92,1.347,138.308,38.234,3.508
0a327119-5c51-4c55-8a0d-788be98e323e,2026-04-25T17:22:05.201275-04:00,node-01,payments-api,429,True,anomalous,market_aware_v1,72.009,64.203,329.994,27.521,1.505,159.934,19.426,4.213
1331cc16-9b53-4bf8-9ef4-0a2f17e73485,2026-04-25T17:22:05.211885-04:00,node-01,orders-api,503,True,anomalous,market_aware_v1,76.63,56.143,289.474,32.78,1.214,142.722,61.129,3.668
0e485706-7e7a-4a4a-9021-58b5b96432c6,2026-04-25T17:22:05.222427-04:00,node-01,checkout-api,503,True,anomalous,market_aware_v1,78.535,61.369,300.3,30.301,1.353,143.173,31.295,3.703
fbb6f132-2bba-48b3-a750-30822ec6c026,2026-04-25T17:22:05.232989-04:00,node-01,payments-api,429,True,anomalous,market_aware_v1,74.154,63.527,301.137,25.461,1.245,139.487,26.823,3.597
46b0ed22-94aa-4740-ac13-c002b7d3b6f9,2026-04-25T17:22:05.243408-04:00,node-01,orders-api,503,True,anomalous,market_aware_v1,79.481,55.453,282.478,31.145,1.26,145.217,56.738,3.592
cfdb5764-6815-44fc-8a2c-8a27851c3ea0,2026-04-25T17:22:05.253789-04:00,node-01,checkout-api,429,True,anomalous,market_aware_v1,74.558,59.139,303.497,30.604,1.328,140.406,40.145,3.694
c2d7c64f-5689-4074-b06c-1ceaf9ee7da2,2026-04-25T17:22:05.264306-04:00,node-01,payments-api,500,True,anomalous,market_aware_v1,71.082,60.311,299.662,25.486,1.261,143.006,18.085,3.58
51c42f4e-a8af-438c-83bd-63787b337f49,2026-04-25T17:22:05.274723-04:00,node-01,orders-api,500,True,anomalous,market_aware_v1,76.768,54.904,270.337,30.728,1.141,141.973,59.649,3.419
b22eda41-e40c-427e-ab5b-7fa556d59cf2,2026-04-25T17:22:05.285087-04:00,node-01,checkout-api,429,True,anomalous,market_aware_v1,77.236,57.926,312.553,27.511,1.45,149.021,34.877,4.027
8bd31d65-9337-4570-baf7-85d883fd588a,2026-04-25T17:22:05.295498-04:00,node-01,payments-api,500,True,anomalous,market_aware_v1,72.511,61.088,304.279,24.753,1.386,146.327,20.899,3.707
4c206720-c06d-4118-a7be-1156ec6979d9,2026-04-25T17:22:05.305917-04:00,node-01,orders-api,500,True,anomalous,market_aware_v1,78.195,55.278,275.826,32.669,1.289,141.984,54.557,3.566
8a2526f9-1218-4e51-b222-7d441cf923b2,2026-04-25T17:22:05.316330-04:00,node-01,checkout-api,500,True,anomalous,market_aware_v1,74.42,59.33,299.048,28.766,1.41,141.068,32.837,3.662
62861e78-13c4-4740-b7f9-9cc6869c1a2d,2026-04-25T17:22:05.326752-04:00,node-01,payments-api,500,True,anomalous,market_aware_v1,68.308,60.245,306.817,24.971,1.383,147.437,20.073,3.774
a8209d16-6c79-4760-9081-96b62e535cd6,2026-04-25T17:22:05.337111-04:00,node-01,orders-api,503,True,anomalous,market_aware_v1,75.916,52.031,299.398,30.556,1.384,149.248,48.574,3.822
27411b9d-4e92-429b-96a5-97002bfb2aa9,2026-04-25T17:22:05.347545-04:00,node-01,checkout-api,502,True,anomalous,market_aware_v1,69.578,56.228,286.072,26.949,1.384,142.383,35.367,3.727
608ac5cc-2a9e-4bdd-8e73-027d85ea1abf,2026-04-25T17:22:05.358043-04:00,node-01,payments-api,502,True,anomalous,market_aware_v1,69.188,60.726,318.125,26.679,1.426,152.253,9.302,3.941
b7d0ff4d-720a-4114-9b10-bca9324c4c3f,2026-04-25T17:22:05.368513-04:00,node-01,orders-api,429,True,anomalous,market_aware_v1,75.364,54.913,261.872,33.981,1.165,137.344,55.493,3.325
7099ad30-48f8-4a70-a4bf-68def317b256,2026-04-25T17:22:05.378886-04:00,node-01,checkout-api,502,True,anomalous,market_aware_v1,75.005,61.433,294.438,29.52,1.479,142.356,32.635,3.742
bdd5a78d-ff80-4b31-8c75-0192c3fdbba7,2026-04-25T17:22:05.389273-04:00,node-01,payments-api,503,True,anomalous,market_aware_v1,71.951,58.359,316.037,26.244,1.623,153.302,15.59,4.411
a9391d14-c013-4967-8d41-9bf27a80bec9,2026-04-25T17:22:05.399730-04:00,node-01,orders-api,502,True,anomalous,market_aware_v1,82.223,53.793,279.212,31.51,1.242,144.742,60.112,3.417
26ed89ea-f48f-4753-b690-439ca2ef4547,2026-04-25T17:22:05.410101-04:00,node-01,checkout-api,500,True,anomalous,market_aware_v1,75.244,61.147,292.627,27.517,1.407,142.053,37.306,3.754
a6c7f04d-39f5-42ff-8396-a080a4ab9b7e,2026-04-25T17:22:05.420516-04:00,node-01,payments-api,429,True,anomalous,market_aware_v1,72.186,64.871,340.723,27.217,1.585,158.686,19.448,4.564
802c9c31-1d1d-47c8-aff0-2a414095c7ba,2026-04-25T17:22:05.430886-04:00,node-01,orders-api,503,True,anomalous,market_aware_v1,77.292,58.364,294.027,30.524,1.263,150.8,55.037,3.764
d1fd2965-e7e3-41d3-b0e6-c2a80027ed40,2026-04-25T17:22:05.441254-04:00,node-01,checkout-api,503,True,anomalous,market_aware_v1,79.121,61.524,326.778,31.703,1.822,156.085,30.119,4.5
1c931bb2-5368-4e1b-9000-5575fe7b00da,2026-04-25T17:22:05.451668-04:00,node-01,payments-api,429,True,anomalous,market_aware_v1,74.253,62.922,292.473,26.195,1.269,149.389,24.228,3.778
75273b30-f84e-4180-83ac-7b01c6c19704,2026-04-25T17:22:05.462080-04:00,node-01,orders-api,503,True,anomalous,market_aware_v1,80.905,56.844,290.247,31.394,1.263,154.584,55.888,3.691
33a3d3e2-065a-434c-a07d-7c7cd2905f1e,2026-04-25T17:22:05.472580-04:00,node-01,checkout-api,429,True,anomalous,market_aware_v1,76.931,59.573,302.519,27.982,1.416,146.421,38.071,3.805
4819edc6-1370-4f7d-974b-14bf440ef843,2026-04-25T17:22:05.483064-04:00,node-01,payments-api,500,True,anomalous,market_aware_v1,73.716,65.616,298.849,26.129,1.36,148.018,27.062,3.752
b1fb298d-fce2-49ce-bbe5-5250934cd76d,2026-04-25T17:22:05.493576-04:00,node-01,orders-api,503,True,anomalous,market_aware_v1,81.989,55.639,297.477,32.158,1.337,153.869,58.836,3.891
e253346b-0984-4712-8dd6-00a2017be169,2026-04-25T17:22:05.504028-04:00,node-01,checkout-api,502,True,anomalous,market_aware_v1,84.533,62.712,326.113,34.269,1.763,166.116,39.528,4.791
7e942791-f71f-4f05-ab1e-c92c7f0e865b,2026-04-25T17:22:05.514543-04:00,node-01,payments-api,502,True,anomalous,market_aware_v1,80.762,64.529,318.953,26.486,1.48,156.133,30.227,4.103
26868fc5-2fc6-4708-ba15-5b0adb55f7e5,2026-04-25T17:22:05.525001-04:00,node-01,orders-api,502,True,anomalous,market_aware_v1,91.231,61.59,328.463,34.598,1.772,161.884,56.24,4.476
127f9ae8-a7db-4e85-ad8d-603d428f70b8,2026-04-25T17:22:05.535454-04:00,node-01,checkout-api,429,True,anomalous,market_aware_v1,85.808,65.188,324.061,34.197,1.876,158.33,36.466,4.584
5dd43db8-2120-4ff1-aac8-dd8744f03112,2026-04-25T17:22:05.546063-04:00,node-01,payments-api,502,True,anomalous,market_aware_v1,74.338,61.891,307.718,30.16,1.479,152.197,31.171,3.969
3d332a25-d18d-4372-9eb7-a863808807b1,2026-04-25T17:22:05.556530-04:00,node-01,orders-api,429,True,anomalous,market_aware_v1,80.049,59.521,276.727,32.202,1.315,141.752,63.374,3.589
f9fcf6d7-6a3c-477e-ab20-e2bbc8c9879a,2026-04-25T17:22:05.566980-04:00,node-01,checkout-api,500,True,anomalous,market_aware_v1,84.389,67.017,304.162,29.723,1.419,140.508,43.14,3.788
f0557b84-a9a7-45ae-a103-2640a8524732,2026-04-25T17:22:05.577453-04:00,node-01,payments-api,500,True,anomalous,market_aware_v1,77.084,65.528,298.656,27.211,1.331,142.467,36.442,3.637
fddce903-f0db-4c3f-ab98-4893c1cd4045,2026-04-25T17:22:05.588006-04:00,node-01,orders-api,429,True,anomalous,market_aware_v1,81.806,60.858,284.809,31.927,1.287,141.533,67.163,3.46
2e5260d7-0484-4647-b404-541ff6c6bab4,2026-04-25T17:22:05.598442-04:00,node-01,checkout-api,500,True,anomalous,market_aware_v1,76.314,65.199,289.257,31.388,1.28,135.543,42.747,3.693
02afb57b-a32b-4c78-8cd9-75ab238f26a9,2026-04-25T17:22:05.608986-04:00,node-01,payments-api,502,True,anomalous,market_aware_v1,75.137,63.435,306.741,24.904,1.343,147.179,30.293,3.761
09fc6990-cfa2-491e-898d-9a38a060be3d,2026-04-25T17:22:05.619441-04:00,node-01,orders-api,429,True,anomalous,market_aware_v1,79.841,55.424,286.736,33.636,1.223,143.252,62.505,3.372
505423ce-b038-4a1a-a232-f5dfad13a953,2026-04-25T17:22:05.630002-04:00,node-01,checkout-api,503,True,anomalous,market_aware_v1,83.065,63.455,329.661,30.913,1.822,155.578,29.568,4.542
492b49fc-68fb-4cd0-ad69-d401e388d30e,2026-04-25T17:22:05.640409-04:00,node-01,payments-api,500,True,anomalous,market_aware_v1,76.829,61.971,319.74,25.728,1.439,149.718,24.103,3.946
b256cf61-012e-4fe1-9264-f617f67dd2b9,2026-04-25T17:22:05.650936-04:00,node-01,orders-api,502,True,anomalous,market_aware_v1,79.817,59.58,290.374,31.37,1.325,150.741,58.446,3.756
69da73a6-9185-45f9-8277-0d085a5b960a,2026-04-25T17:22:05.661489-04:00,node-01,checkout-api,502,True,anomalous,market_aware_v1,72.079,60.263,297.902,28.873,1.438,145.456,37.742,3.955
9d30f36f-6810-41c0-9ec5-5d6ea8ca095b,2026-04-25T17:22:05.671911-04:00,node-01,payments-api,500,True,anomalous,market_aware_v1,71.246,58.918,307.356,23.64,1.348,148.072,23.553,3.745
692e6edd-d4d6-41f3-9f6b-26ac4af81dd3,2026-04-25T17:22:05.682364-04:00,node-01,orders-api,502,True,anomalous,market_aware_v1,79.341,59.435,287.98,30.828,1.277,149.917,50.39,3.604
6956a9c1-1aaa-4555-8b41-a1515acf1249,2026-04-25T17:22:05.692874-04:00,node-01,checkout-api,500,True,anomalous,market_aware_v1,73.698,59.361,317.602,30.551,1.87,150.149,24.228,4.529
bea45280-f99b-4cea-a50f-b2fbd29f5364,2026-04-25T17:22:05.703340-04:00,node-01,payments-api,503,True,anomalous,market_aware_v1,69.747,59.32,312.103,23.323,1.482,151.05,16.984,3.874
981990df-2580-4f91-9744-605841cbea48,2026-04-25T17:22:05.713867-04:00,node-01,orders-api,429,True,anomalous,market_aware_v1,73.927,52.97,276.998,27.874,1.245,138.186,52.156,3.411
2cbf352e-02c1-4212-8199-26bed686d91a,2026-04-25T17:22:05.724298-04:00,node-01,checkout-api,503,True,anomalous,market_aware_v1,69.234,51.368,279.313,28.296,1.271,136.71,32.176,3.52
94f5f4ed-ba83-4bd6-a4b2-4f240d330342,2026-04-25T17:22:05.734870-04:00,node-01,payments-api,503,True,anomalous,market_aware_v1,65.276,55.434,295.24,24.651,1.309,142.972,21.147,3.754
80771fe9-0618-4db5-a4a1-28f60fed7bac,2026-04-25T17:22:05.745340-04:00,node-01,orders-api,429,True,anomalous,market_aware_v1,70.879,51.195,269.03,29.743,1.244,137.323,50.218,3.323
d6e0aaf6-a62c-48a8-b494-e9e4e3485103,2026-04-25T17:22:05.755897-04:00,node-01,checkout-api,503,True,anomalous,market_aware_v1,64.756,54.772,270.082,28.472,1.301,132.261,31.692,3.38
87396699-2ec4-42d0-b83a-107a5c060e5a,2026-04-25T17:22:05.766318-04:00,node-01,payments-api,502,True,anomalous,market_aware_v1,66.527,63.098,316.724,24.645,1.788,156.609,5.181,4.47
c59042b5-2f06-481a-b7b3-14e05159cbf4,2026-04-25T17:22:05.776846-04:00,node-01,orders-api,500,True,anomalous,market_aware_v1,71.897,51.471,265.586,29.011,1.182,138.372,49.968,3.364
98cada38-ac2f-4151-a204-06a0e20fb457,2026-04-25T17:22:05.787250-04:00,node-01,checkout-api,500,True,anomalous,market_aware_v1,70.956,55.409,297.946,24.984,1.381,143.808,28.183,3.727
5c951e6f-6c1b-48e6-9fca-4e15bd32f157,2026-04-25T17:22:05.797677-04:00,node-01,payments-api,502,True,anomalous,market_aware_v1,64.341,54.762,310.073,21.997,1.391,153.356,10.764,4.089
1fd4a2ad-44f0-4cd2-bf9d-e75fda93aae1,2026-04-25T17:22:05.808102-04:00,node-01,orders-api,429,True,anomalous,market_aware_v1,72.909,51.488,292.829,31.642,1.291,149.089,48.89,3.634
8b70cef2-1f4f-4c55-bca5-fd04fef2ea37,2026-04-25T17:22:05.818522-04:00,node-01,checkout-api,500,True,anomalous,market_aware_v1,74.004,57.023,300.353,27.669,1.455,148.746,29.523,3.86
55328665-af80-4765-b581-3a7ea1230a66,2026-04-25T17:22:05.828935-04:00,node-01,payments-api,500,True,anomalous,market_aware_v1,71.59,59.332,338.285,30.989,1.856,157.698,6.738,4.758
a34a1d15-4677-4666-9239-5af83cea5d10,2026-04-25T17:22:05.839702-04:00,node-01,orders-api,503,True,anomalous,market_aware_v1,79.55,57.619,299.764,33.505,1.559,147.955,48.138,4.026
daa8399f-d510-4e7a-b6bc-313e8d7e515d,2026-04-25T17:22:05.850136-04:00,node-01,checkout-api,502,True,anomalous,market_aware_v1,72.899,58.092,287.313,27.652,1.401,141.336,31.775,3.697
c8785fa8-f6e7-432b-8b81-e9f452ddee28,2026-04-25T17:22:05.860598-04:00,node-01,payments-api,502,True,anomalous,market_aware_v1,74.917,58.828,312.027,25.702,1.443,155.866,12.227,4.121
30210c27-0e26-4ea4-9f75-f1dc6ddc70ad,2026-04-25T17:22:05.871036-04:00,node-01,orders-api,502,True,anomalous,market_aware_v1,77.942,55.908,272.207,30.936,1.264,145.293,57.899,3.518
5e59c813-ae22-4a4e-9e49-8edd06975221,2026-04-25T17:22:05.881495-04:00,node-01,checkout-api,500,True,anomalous,market_aware_v1,79.169,58.34,304.598,25.94,1.489,148.461,33.421,3.954
e2964b87-2123-4457-8a0b-59cc25de3273,2026-04-25T17:22:05.891933-04:00,node-01,payments-api,500,True,anomalous,market_aware_v1,71.378,60.787,314.188,25.385,1.43,152.951,20.939,3.948
6920de15-9043-4ae2-9b6d-566006c356e9,2026-04-25T17:22:05.902382-04:00,node-01,orders-api,503,True,anomalous,market_aware_v1,78.771,56.459,292.035,32.724,1.315,148.237,56.899,3.672
399b4b82-abb2-4dba-a522-6af19b5db0ea,2026-04-25T17:22:05.912856-04:00,node-01,checkout-api,502,True,anomalous,market_aware_v1,79.615,62.669,319.622,31.12,1.713,152.841,35.573,4.358
57694ee7-e0c3-444f-8e76-7736c4411d16,2026-04-25T17:22:05.923303-04:00,node-01,payments-api,502,True,anomalous,market_aware_v1,72.121,60.488,334.806,24.755,1.496,157.395,19.16,4.109
829e1db2-12b5-4177-937e-1494df55a73e,2026-04-25T17:22:05.933873-04:00,node-01,orders-api,500,True,anomalous,market_aware_v1,82.391,58.466,293.956,29.422,1.216,146.244,58.719,3.514
3235311a-9a6b-43eb-b77b-3bc53fb6d27c,2026-04-25T17:22:05.944339-04:00,node-01,checkout-api,500,True,anomalous,market_aware_v1,80.341,58.6,311.483,30.224,1.548,154.488,41.335,4.275
f75fb7e2-2771-4471-b2b8-25cafc193198,2026-04-25T17:22:05.954844-04:00,node-01,payments-api,429,True,anomalous,market_aware_v1,69.824,65.951,301.893,28.836,1.319,142.879,25.898,3.697
028ccf7e-8adb-41af-b89e-e09b0b3ed08e,2026-04-25T17:22:05.965268-04:00,node-01,orders-api,429,True,anomalous,market_aware_v1,77.632,57.744,276.676,34.857,1.191,138.349,58.354,3.242
6fed4be6-f39f-4a76-8a9e-19bf153b7bd0,2026-04-25T17:22:05.975711-04:00,node-01,checkout-api,429,True,anomalous,market_aware_v1,79.529,61.209,317.866,32.787,1.617,157.945,34.818,4.231
26ce5598-0280-456f-85a4-eca80b04a658,2026-04-25T17:22:05.986161-04:00,node-01,payments-api,503,True,anomalous,market_aware_v1,72.449,62.313,313.556,24.433,1.338,147.278,22.12,3.85
cbffa75f-a0f4-4d2b-8e7c-8813a71f0b0f,2026-04-25T17:22:05.996634-04:00,node-01,orders-api,429,True,anomalous,market_aware_v1,76.337,56.787,274.733,31.551,1.214,142.605,66.816,3.493
8c690493-6651-479e-8e19-7c067660b539,2026-04-25T17:22:06.007079-04:00,node-01,checkout-api,429,True,anomalous,market_aware_v1,79.969,60.793,324.647,30.328,1.489,153.772,35.241,4.121
735b1bb7-eca2-400d-a53a-d4eb77ee7b0a,2026-04-25T17:22:06.017512-04:00,node-01,payments-api,503,True,anomalous,market_aware_v1,72.883,64.681,316.608,26.581,1.418,147.809,20.162,3.859
1a6f9fbc-403b-4cb7-9f3f-5fe1e4019279,2026-04-25T17:22:06.027969-04:00,node-01,orders-api,500,True,anomalous,market_aware_v1,77.585,55.183,285.534,31.929,1.167,138.115,62.609,3.289
0a97055f-a73a-4e29-89e3-624af7429a8a,2026-04-25T17:22:06.038442-04:00,node-01,checkout-api,502,True,anomalous,market_aware_v1,74.264,58.836,278.02,30.677,1.288,136.618,40.369,3.486
a818fa11-b97d-402e-b0a4-fee6acbea293,2026-04-25T17:22:06.048865-04:00,node-01,payments-api,502,True,anomalous,market_aware_v1,75.34,62.975,334.11,25.675,1.434,158.747,18.404,4.178
2f735a37-6b76-4551-b453-1db6ea537d49,2026-04-25T17:22:06.059342-04:00,node-01,orders-api,502,True,anomalous,market_aware_v1,77.565,54.967,290.618,30.022,1.252,146.21,58.152,3.554
b1eba30d-d493-465b-83fa-45db0c757a84,2026-04-25T17:22:06.069846-04:00,node-01,checkout-api,502,True,anomalous,market_aware_v1,76.835,56.145,312.876,30.113,1.438,149.857,37.754,3.879
c02b0544-c97b-428f-b9fd-209d9fa89ef9,2026-04-25T17:22:06.080320-04:00,node-01,payments-api,429,True,anomalous,market_aware_v1,72.576,61.53,310.704,27.833,1.366,147.13,15.457,3.824
8b22e57e-1b06-4bbc-884d-6f4988e2737d,2026-04-25T17:22:06.090865-04:00,node-01,orders-api,502,True,anomalous,market_aware_v1,78.82,56.31,284.213,31.287,1.279,147.482,55.223,3.634
ff0eb6f3-8ce9-4b81-a11d-327ac5e1c619,2026-04-25T17:22:06.101340-04:00,node-01,checkout-api,500,True,anomalous,market_aware_v1,73.128,55.195,304.975,28.102,1.378,145.288,30.962,3.814
716070d9-a1d1-4725-b350-f582d1bf5315,2026-04-25T17:22:06.111856-04:00,node-01,payments-api,429,True,anomalous,market_aware_v1,70.625,58.476,303.413,25.364,1.341,144.463,19.506,3.742
46028c00-3f01-445f-a632-48bfc934c48e,2026-04-25T17:22:06.122287-04:00,node-01,orders-api,500,True,anomalous,market_aware_v1,76.627,56.036,280.333,32.407,1.201,146.467,52.091,3.59
20009ba9-ce34-4454-b6a9-2434e659409b,2026-04-25T17:22:06.132691-04:00,node-01,checkout-api,503,True,anomalous,market_aware_v1,73.288,55.138,312.425,27.526,1.499,151.834,24.924,3.981
c008ab86-9d1c-4a76-913b-d2010d85fc04,2026-04-25T17:22:06.143095-04:00,node-01,payments-api,500,True,anomalous,market_aware_v1,72.254,59.618,312.808,24.49,1.464,153.321,15.522,3.99
ed6bb726-e926-460c-a2b2-4428ca3d56ea,2026-04-25T17:22:06.153541-04:00,node-01,orders-api,429,True,anomalous,market_aware_v1,77.081,58.041,300.211,31.514,1.293,147.353,46.026,3.628
26168580-449e-4b23-80d9-05e739727418,2026-04-25T17:22:06.164022-04:00,node-01,checkout-api,502,True,anomalous,market_aware_v1,73.352,59.259,306.467,27.074,1.431,150.466,29.328,3.908
7d06b4c4-f395-4d08-baf6-6da77fe6bc9a,2026-04-25T17:22:06.174492-04:00,node-01,payments-api,429,True,anomalous,market_aware_v1,68.683,57.452,297.459,24.201,1.342,149.083,17.363,3.787
15d75078-3eb5-4edf-b06e-413aed5f7394,2026-04-25T17:22:06.184999-04:00,node-01,orders-api,502,True,anomalous,market_aware_v1,79.943,55.354,285.794,31.761,1.29,147.578,57.466,3.651
a38014d5-eed8-412b-b345-dbd2634e7fef,2026-04-25T17:22:06.195406-04:00,node-01,checkout-api,429,True,anomalous,market_aware_v1,81.782,57.315,318.891,31.726,1.687,152.858,27.24,4.371
a3a9fba9-1ae3-464c-b834-7579620ceda4,2026-04-25T17:22:06.205877-04:00,node-01,payments-api,502,True,anomalous,market_aware_v1,71.838,58.536,319.199,26.048,1.434,152.815,15.703,3.889
eafa3953-3bdc-4347-8767-6b7ca6e63233,2026-04-25T17:22:06.216336-04:00,node-01,orders-api,502,True,anomalous,market_aware_v1,81.844,55.641,296.732,28.947,1.279,153.84,52.357,3.839
5083a13b-c880-405d-aaf9-9b4f842c4de6,2026-04-25T17:22:06.226824-04:00,node-01,checkout-api,500,True,anomalous,market_aware_v1,73.102,59.242,296.89,31.074,1.408,148.048,33.257,3.905
2710e2f3-1d70-4db8-9f4c-dc2bcc6ff4f1,2026-04-25T17:22:06.237280-04:00,node-01,payments-api,500,True,anomalous,market_aware_v1,76.473,61.532,317.145,25.263,1.457,152.438,26.442,4.007
658e501c-9d9d-40d4-a96d-414102088517,2026-04-25T17:22:06.247729-04:00,node-01,orders-api,500,True,anomalous,market_aware_v1,80.295,60.926,301.791,31.745,1.348,146.6,58.457,3.606
42dcb656-b3b5-47a6-98af-5c3a03169bbd,2026-04-25T17:22:06.258169-04:00,node-01,checkout-api,500,True,anomalous,market_aware_v1,78.197,61.182,311.645,28.097,1.503,150.86,34.123,4.058
111f8480-26ff-4021-97a8-582db71982d1,2026-04-25T17:22:06.268609-04:00,node-01,payments-api,502,True,anomalous,market_aware_v1,77.647,68.336,329.649,26.629,1.722,152.259,22.829,4.365
b17baf59-4a24-4310-a8eb-bb0538d16b88,2026-04-25T17:22:06.279039-04:00,node-01,orders-api,429,True,anomalous,market_aware_v1,81.573,57.2,274.423,36.465,1.119,135.484,63.69,3.187
9dbda901-cbed-4a49-b54d-6da52d659a46,2026-04-25T17:22:06.289526-04:00,node-01,checkout-api,500,True,anomalous,market_aware_v1,84.962,62.324,331.453,30.272,1.718,165.153,37.844,4.824
5745adcc-d89d-46bd-b1ee-6ea1065a8040,2026-04-25T17:22:06.299993-04:00,node-01,payments-api,500,True,anomalous,market_aware_v1,80.535,65.733,331.857,27.551,1.474,158.064,24.14,4.15
b19a2bf3-3108-4069-b28b-8da8758bd9dd,2026-04-25T17:22:06.310405-04:00,node-01,orders-api,429,True,anomalous,market_aware_v1,81.876,65.304,306.302,32.274,1.341,157.163,61.601,3.899
19e7ed95-1294-441e-a1ea-8b591b9dc372,2026-04-25T17:22:06.320885-04:00,node-01,checkout-api,429,True,anomalous,market_aware_v1,80.505,61.367,301.65,30.057,1.544,155.533,37.689,4.103
376a13e1-5523-44cd-98bc-c592ffeebf3b,2026-04-25T17:22:06.331323-04:00,node-01,payments-api,502,True,anomalous,market_aware_v1,77.219,64.513,318.138,26.879,1.395,146.826,29.7,3.902
dd2dc01a-4c4a-47d6-bbd4-d4b5f391ce1a,2026-04-25T17:22:06.341833-04:00,node-01,orders-api,503,True,anomalous,market_aware_v1,85.215,60.423,297.295,31.069,1.339,149.045,62.321,3.803
aaa38bc2-5fce-4929-baf8-04c95c0310f5,2026-04-25T17:22:06.352351-04:00,node-01,checkout-api,429,True,anomalous,market_aware_v1,84.362,65.316,325.627,32.567,1.838,151.003,41.221,4.646
2f751fe0-9554-4cd1-bb5a-6b0260c29876,2026-04-25T17:22:06.362792-04:00,node-01,payments-api,502,True,anomalous,market_aware_v1,73.808,64.251,314.58,27.62,1.37,151.245,24.158,3.873
65266b0a-40df-4fd3-a819-072d92af07a7,2026-04-25T17:22:06.373214-04:00,node-01,orders-api,503,True,anomalous,market_aware_v1,83.777,62.077,295.225,32.959,1.328,148.434,61.083,3.74
7611f3d7-b2df-4797-9223-1cc6ddb1fa04,2026-04-25T17:22:06.383651-04:00,node-01,checkout-api,503,True,anomalous,market_aware_v1,79.254,63.47,301.284,28.387,1.349,143.093,44.848,3.677
bd44b082-8871-4e87-9115-08102b3107c0,2026-04-25T17:22:06.394065-04:00,node-01,payments-api,500,True,anomalous,market_aware_v1,76.745,65.16,333.991,29.368,1.688,160.939,28.283,4.597
41ae0ef6-5651-4253-a049-e45587605120,2026-04-25T17:22:06.404482-04:00,node-01,orders-api,429,True,anomalous,market_aware_v1,83.372,60.487,291.072,31.362,1.33,150.585,56.023,3.765
198160ae-6008-4121-b38f-275f3b64277e,2026-04-25T17:22:06.414890-04:00,node-01,checkout-api,429,True,anomalous,market_aware_v1,78.951,61.23,289.986,30.172,1.377,146.79,37.229,3.782
5d7c761c-895c-47b4-a39c-f6031936a256,2026-04-25T17:22:06.425322-04:00,node-01,payments-api,502,True,anomalous,market_aware_v1,72.315,64.026,325.749,25.864,1.363,153.419,18.995,3.894
ce1279fc-f875-4fb6-bf21-73840fb71891,2026-04-25T17:22:06.435771-04:00,node-01,orders-api,500,True,anomalous,market_aware_v1,83.512,55.978,297.892,30.689,1.633,153.292,48.851,4.291
ed5b59b1-b3dc-4aca-b0ae-21ed28bb07ba,2026-04-25T17:22:06.446163-04:00,node-01,checkout-api,500,True,anomalous,market_aware_v1,75.667,59.305,311.847,27.545,1.619,152.519,27.663,4.337
7c7e2265-9d24-4806-9439-cd45aa262a79,2026-04-25T17:22:06.456590-04:00,node-01,payments-api,503,True,anomalous,market_aware_v1,72.428,58.86,306.156,25.783,1.459,147.405,22.199,3.931
aa6e86f0-0a4e-460e-9241-ee4a66f1c9ba,2026-04-25T17:22:06.466993-04:00,node-01,orders-api,500,True,anomalous,market_aware_v1,74.947,56.451,308.852,30.932,1.345,151.87,48.68,3.781
f9c68173-1214-47c6-8b89-7ebe37a93b65,2026-04-25T17:22:06.477410-04:00,node-01,checkout-api,502,True,anomalous,market_aware_v1,72.486,57.125,303.459,28.985,1.489,149.479,30.561,4.038
cb665d43-b9cd-4baf-ad13-d410a38233aa,2026-04-25T17:22:06.487809-04:00,node-01,payments-api,502,True,anomalous,market_aware_v1,69.588,59.651,298.66,24.272,1.337,147.157,14.733,3.814
fe8aec92-2081-445e-803b-2857d7b0bc8f,2026-04-25T17:22:06.498203-04:00,node-01,orders-api,503,True,anomalous,market_aware_v1,75.349,54.579,295.95,28.864,1.281,148.614,47.694,3.663
4c54df41-a54d-4801-9114-408ad474d2ec,2026-04-25T17:22:06.508616-04:00,node-01,checkout-api,500,True,anomalous,market_aware_v1,69.732,57.603,289.28,27.246,1.363,140.845,28.054,3.606
f13a33ad-04e9-46bf-8ebc-bd62f20079e1,2026-04-25T17:22:06.518993-04:00,node-01,payments-api,502,True,anomalous,market_aware_v1,66.954,60.48,317.846,20.778,1.454,152.026,6.265,3.93
e68a00a4-fa7c-4145-997f-420286cc7076,2026-04-25T17:22:06.529398-04:00,node-01,orders-api,500,True,anomalous,market_aware_v1,69.35,56.354,285.644,28.696,1.312,153.08,49.249,3.847
6997bec5-55b4-4a4a-96a8-4a27edd6b525,2026-04-25T17:22:06.539800-04:00,node-01,checkout-api,503,True,anomalous,market_aware_v1,68.067,55.121,298.02,24.901,1.408,144.096,24.609,3.8
e942cd39-bd46-4d5d-a8bb-a5f70de0b336,2026-04-25T17:22:06.550185-04:00,node-01,payments-api,502,True,anomalous,market_aware_v1,64.75,59.321,309.194,22.942,1.354,148.382,8.904,3.886
dd868859-ab9e-498a-8336-adbeee78f200,2026-04-25T17:22:06.560600-04:00,node-01,orders-api,429,True,anomalous,market_aware_v1,73.63,51.543,310.338,28.892,1.457,155.096,46.893,4.221
83af75e7-7c83-4539-b504-36636805d327,2026-04-25T17:22:06.571016-04:00,node-01,checkout-api,503,True,anomalous,market_aware_v1,71.502,55.792,304.397,26.711,1.396,143.231,29.846,3.828
4eeecbc0-32b9-4485-8a89-0b5a49a41d7d,2026-04-25T17:22:06.581515-04:00,node-01,payments-api,429,True,anomalous,market_aware_v1,70.095,60.229,328.038,24.386,1.414,154.738,5.489,4.103
fbcc9441-bdf8-434e-94a1-4eaa34ba4620,2026-04-25T17:22:06.591910-04:00,node-01,orders-api,502,True,anomalous,market_aware_v1,70.906,53.766,282.634,29.914,1.311,143.317,54.535,3.648
7424d71c-f316-4e60-9387-8fd4253a9e62,2026-04-25T17:22:06.602322-04:00,node-01,checkout-api,503,True,anomalous,market_aware_v1,70.18,56.56,301.915,25.156,1.534,149.156,27.199,4.131
681ac44d-67f9-49fc-a09d-ddee66bea34c,2026-04-25T17:22:06.612731-04:00,node-01,payments-api,500,True,anomalous,market_aware_v1,70.393,59.471,320.301,26.229,1.44,152.924,15.897,3.952
21c0cbb7-8be3-43c7-8822-1305f23fa409,2026-04-25T17:22:06.623135-04:00,node-01,orders-api,502,True,anomalous,market_aware_v1,69.871,54.069,283.841,28.905,1.212,140.341,53.908,3.333
090f03bf-bdff-4ed9-a189-1f484d804ace,2026-04-25T17:22:06.633559-04:00,node-01,checkout-api,429,True,anomalous,market_aware_v1,73.568,57.592,282.992,26.369,1.361,138.766,31.895,3.673
8e043a94-7386-4329-a059-ab86b1a76b00,2026-04-25T17:22:06.643966-04:00,node-01,payments-api,502,True,anomalous,market_aware_v1,70.753,63.142,311.425,23.871,1.479,152.137,11.695,4.125
c7c71857-75d5-4cc3-bdda-44a989a661bd,2026-04-25T17:22:06.654402-04:00,node-01,orders-api,502,True,anomalous,market_aware_v1,77.609,54.179,294.166,30.565,1.297,149.514,50.289,3.789
aa57c2d2-791d-4dda-9e1b-3a6786c0e441,2026-04-25T17:22:06.664867-04:00,node-01,checkout-api,500,True,anomalous,market_aware_v1,83.077,62.877,316.441,32.067,1.981,158.275,26.985,4.888
06666f29-85eb-4806-b6f5-dd94ff7e0d0c,2026-04-25T17:22:06.675265-04:00,node-01,payments-api,500,True,anomalous,market_aware_v1,72.448,60.637,314.079,24.805,1.438,153.358,15.872,3.937
8cd1ac91-9503-407f-898d-4490fcb04da5,2026-04-25T17:22:06.685717-04:00,node-01,orders-api,500,True,anomalous,market_aware_v1,78.494,56.898,285.423,30.383,1.276,143.67,61.452,3.505
538a3728-3a8d-4515-93f3-601cebc2df16,2026-04-25T17:22:06.696115-04:00,node-01,checkout-api,500,True,anomalous,market_aware_v1,76.688,59.83,326.028,30.66,1.92,159.163,30.194,4.784
8234358e-0cde-4fb7-92d9-969fe288a2af,2026-04-25T17:22:06.706524-04:00,node-01,payments-api,502,True,anomalous,market_aware_v1,74.174,61.251,317.044,26.52,1.373,154.252,22.976,3.923
b270f0f3-d009-4e81-b628-a62e373c731f,2026-04-25T17:22:06.716929-04:00,node-01,orders-api,503,True,anomalous,market_aware_v1,83.129,59.6,302.574,30.333,1.34,149.189,54.035,3.786
c224dec8-2da9-4a70-a3f3-335c7d49604e,2026-04-25T17:22:06.727317-04:00,node-01,checkout-api,503,True,anomalous,market_aware_v1,79.367,61.874,302.901,29.409,1.47,150.853,35.783,4.035
67fbc00b-89eb-42b7-baee-5a57fa6af368,2026-04-25T17:22:06.737762-04:00,node-01,payments-api,503,True,anomalous,market_aware_v1,71.639,64.326,323.496,26.13,1.44,150.581,20.995,3.92
901db34e-181a-4573-ab5d-0728139c6217,2026-04-25T17:22:06.748159-04:00,node-01,orders-api,429,True,anomalous,market_aware_v1,85.337,61.392,298.723,33.121,1.609,152.596,56.252,4.05
e3e186a1-20ba-40d6-b09a-fbf894b422d2,2026-04-25T17:22:06.758557-04:00,node-01,checkout-api,429,True,anomalous,market_aware_v1,75.687,60.386,307.051,28.284,1.399,148.12,37.853,3.928
22ffdd5c-d2ec-459e-8dae-523e9d1db12a,2026-04-25T17:22:06.768954-04:00,node-01,payments-api,500,True,anomalous,market_aware_v1,77.441,62.459,308.584,27.891,1.401,149.402,24.628,3.674
1f9d001f-39c9-4e3c-bc19-210d04a4b4ba,2026-04-25T17:22:06.779354-04:00,node-01,orders-api,503,True,anomalous,market_aware_v1,81.373,58.888,300.045,33.285,1.3,149.494,57.628,3.707
a9b6c3ab-6944-4ca0-b3f6-79d2fb7eaef0,2026-04-25T17:22:06.789782-04:00,node-01,checkout-api,429,True,anomalous,market_aware_v1,77.624,61.128,305.204,30.267,1.382,147.469,37.883,3.891
4361e0a8-fafb-44ab-8f22-23043d45505e,2026-04-25T17:22:06.800198-04:00,node-01,payments-api,429,True,anomalous,market_aware_v1,73.226,62.937,310.951,26.225,1.392,148.45,18.325,3.871
28748581-ddb4-4973-8828-1e46826a48be,2026-04-25T17:22:06.810630-04:00,node-01,orders-api,500,True,anomalous,market_aware_v1,78.633,58.25,289.124,31.72,1.334,150.475,61.959,3.771
a39a235e-277a-431c-bbd2-f3b886524db5,2026-04-25T17:22:06.821028-04:00,node-01,checkout-api,502,True,anomalous,market_aware_v1,71.707,62.562,297.971,27.81,1.325,145.014,34.78,3.657
9f2036f4-5e39-4d4e-9599-cd840b6f25ac,2026-04-25T17:22:06.831425-04:00,node-01,payments-api,429,True,anomalous,market_aware_v1,74.329,59.974,320.246,28.035,1.437,150.771,22.054,3.969
c9e09e5b-ecaf-4be1-a289-9083a3974877,2026-04-25T17:22:06.841803-04:00,node-01,orders-api,429,True,anomalous,market_aware_v1,75.616,54.974,296.65,30.396,1.222,145.583,52.28,3.558
7c7e781e-4199-4cad-b9af-7543883db71e,2026-04-25T17:22:06.852189-04:00,node-01,checkout-api,429,True,anomalous,market_aware_v1,80.197,57.785,323.356,27.231,1.52,156.09,27.012,4.195
7cee1296-2e25-4280-a44b-19af84cb4c53,2026-04-25T17:22:06.862634-04:00,node-01,payments-api,502,True,anomalous,market_aware_v1,71.15,56.423,304.752,22.686,1.468,148.713,15.807,4.022
6116ceb9-a373-474f-80f8-ad05ece7a204,2026-04-25T17:22:06.873134-04:00,node-01,orders-api,502,True,anomalous,market_aware_v1,78.967,50.521,296.422,32.02,1.404,151.633,50.187,3.944
7ae794c4-fa15-4665-9a0e-eb29b7463e75,2026-04-25T17:22:06.883545-04:00,node-01,checkout-api,429,True,anomalous,market_aware_v1,73.092,55.328,311.502,28.249,1.436,144.456,29.384,3.773
a4021ad8-fcca-491f-8462-0a12be6d9c7f,2026-04-25T17:22:06.894061-04:00,node-01,payments-api,503,True,anomalous,market_aware_v1,70.046,60.845,309.824,23.109,1.378,147.671,22.604,3.888
7fa238a1-348f-4f49-afce-5436e108f3cf,2026-04-25T17:22:06.904558-04:00,node-01,orders-api,429,True,anomalous,market_aware_v1,74.475,54.854,283.304,30.977,1.285,147.133,55.941,3.712
3cbaf757-c00d-4065-b989-77bb3d5a2bd9,2026-04-25T17:22:06.914986-04:00,node-01,checkout-api,500,True,anomalous,market_aware_v1,73.664,58.677,308.431,29.189,1.457,147.852,29.143,3.944
add0010b-af49-45ad-9d01-d854e28788bb,2026-04-25T17:22:06.925429-04:00,node-01,payments-api,503,True,anomalous,market_aware_v1,71.817,60.917,309.399,26.997,1.537,161.106,14.921,4.228
491bad10-278e-4aeb-ae55-2f689e25c16e,2026-04-25T17:22:06.935849-04:00,node-01,orders-api,429,True,anomalous,market_aware_v1,75.725,55.381,273.922,31.358,1.278,143.423,58.145,3.464
761a67c5-febb-453c-a410-0d2305fd27cc,2026-04-25T17:22:06.946278-04:00,node-01,checkout-api,502,True,anomalous,market_aware_v1,73.504,61.116,317.121,29.302,1.558,154.306,25.006,4.178
1e3dbc32-5bb0-439c-a145-b045d79acf43,2026-04-25T17:22:06.956730-04:00,node-01,payments-api,429,True,anomalous,market_aware_v1,68.079,61.118,297.266,25.139,1.353,142.257,23.507,3.721
4c9e6c61-e6fa-4cb9-ac40-1bcf82901c1c,2026-04-25T17:22:06.967144-04:00,node-01,orders-api,500,True,anomalous,market_aware_v1,74.893,53.768,287.392,30.469,1.263,146.907,60.142,3.565
aa7f3fde-4cfb-4aed-bd21-ddeaafc4a8e4,2026-04-25T17:22:06.977600-04:00,node-01,checkout-api,502,True,anomalous,market_aware_v1,73.787,57.516,296.687,28.08,1.444,144.874,35.838,3.73
a580d9a8-cce2-4a7d-95a5-16d56aa463f2,2026-04-25T17:22:06.988036-04:00,node-01,payments-api,500,True,anomalous,market_aware_v1,72.571,62.0,312.429,25.669,1.388,147.714,30.196,3.872
ccf6e0e9-14f3-436a-b898-b2fe64d27f1c,2026-04-25T17:22:06.998475-04:00,node-01,orders-api,500,True,anomalous,market_aware_v1,74.003,55.867,286.666,34.067,1.288,151.122,55.764,3.732
7be69b33-79dc-40f9-8897-acceaed2aeaf,2026-04-25T17:22:07.008904-04:00,node-01,checkout-api,502,True,anomalous,market_aware_v1,76.077,60.59,307.453,28.226,1.455,153.199,27.184,3.909
764b5705-34a9-4790-98c7-40cf8d786a6d,2026-04-25T17:22:07.019313-04:00,node-01,payments-api,500,True,anomalous,market_aware_v1,71.342,62.724,312.884,25.463,1.473,152.481,24.317,4.004
a1b0ca6f-ea5d-49bf-bf3b-7e501b202c70,2026-04-25T17:22:07.029719-04:00,node-01,orders-api,502,True,anomalous,market_aware_v1,82.4,59.42,301.424,32.089,1.303,151.175,55.762,3.753
5eb85d60-d111-4461-9371-024a1903b4ba,2026-04-25T17:22:07.040132-04:00,node-01,checkout-api,503,True,anomalous,market_aware_v1,81.175,62.293,333.008,28.969,1.769,157.646,40.209,4.59
b90f5079-4f6e-4ea5-8b89-67ec8276018b,2026-04-25T17:22:07.050544-04:00,node-01,payments-api,500,True,anomalous,market_aware_v1,78.72,61.908,322.07,27.461,1.424,153.512,26.105,3.969
a783257f-7da1-436e-bf89-3661ecc95804,2026-04-25T17:22:07.060946-04:00,node-01,orders-api,429,True,anomalous,market_aware_v1,86.445,59.184,308.904,31.637,1.372,153.847,56.945,3.979
e84712c4-85dd-4a04-91bc-33ea9407bb11,2026-04-25T17:22:07.071343-04:00,node-01,checkout-api,502,True,anomalous,market_aware_v1,78.541,63.858,298.653,27.484,1.288,138.659,43.862,3.741
02f558e1-8459-4d49-88a2-86d459b8e307,2026-04-25T17:22:07.081802-04:00,node-01,payments-api,503,True,anomalous,market_aware_v1,74.66,62.006,330.986,27.796,1.513,155.337,29.953,4.219
ebf170e3-34f1-4af5-9e50-cca8b4e03cb2,2026-04-25T17:22:07.092195-04:00,node-01,orders-api,503,True,anomalous,market_aware_v1,82.983,59.785,295.179,31.803,1.283,149.853,66.742,3.791
f5ea1add-8b86-4dbd-a688-48d6e8ebb166,2026-04-25T17:22:07.102602-04:00,node-01,checkout-api,502,True,anomalous,market_aware_v1,80.784,59.731,300.947,32.154,1.617,154.131,41.544,4.165
b82529de-7eb9-4a46-bc8f-40c8fe775682,2026-04-25T17:22:07.112995-04:00,node-01,payments-api,429,True,anomalous,market_aware_v1,80.223,63.118,312.768,28.72,1.382,149.189,22.039,3.83
2b0488e8-99bb-41bd-89e3-673ae7df0c8d,2026-04-25T17:22:07.123394-04:00,node-01,orders-api,429,True,anomalous,market_aware_v1,83.071,61.32,299.214,34.498,1.356,148.795,66.721,3.828
ed97dc74-5a00-41eb-9755-5d4c7cd0bd4d,2026-04-25T17:22:07.133808-04:00,node-01,checkout-api,503,True,anomalous,market_aware_v1,80.75,66.01,315.705,30.697,1.528,151.727,40.324,4.053
59896aef-fb25-465c-b5a2-b664391fcd6e,2026-04-25T17:22:07.144199-04:00,node-01,payments-api,502,True,anomalous,market_aware_v1,74.249,65.498,332.041,26.684,1.457,159.95,23.81,4.013
627d8032-e837-4bce-bbca-9db9d32faa9d,2026-04-25T17:22:07.154680-04:00,node-01,orders-api,500,True,anomalous,market_aware_v1,88.649,60.706,303.354,33.023,1.627,154.814,61.478,4.155
8eda49dd-bdd7-4820-aea3-43b5bebad69f,2026-04-25T17:22:07.165180-04:00,node-01,checkout-api,500,True,anomalous,market_aware_v1,80.136,63.866,314.987,30.642,1.612,161.99,34.109,4.192
4af19689-2c72-4cb7-a65d-4b7fc2ade29f,2026-04-25T17:22:07.175591-04:00,node-01,payments-api,503,True,anomalous,market_aware_v1,76.411,64.753,319.877,28.595,1.494,149.343,35.659,4.027
6515fb78-840d-4138-81ad-ee8da9071f0d,2026-04-25T17:22:07.185992-04:00,node-01,orders-api,502,True,anomalous,market_aware_v1,84.139,58.343,274.832,32.663,1.158,138.928,62.232,3.415
8f8ac2d2-de8f-43ff-805b-cb1719e493b5,2026-04-25T17:22:07.196385-04:00,node-01,checkout-api,503,True,anomalous,market_aware_v1,81.716,62.615,325.765,29.057,1.595,156.958,31.171,4.341
20202136-b2d8-4508-b74c-fe34822ee6a6,2026-04-25T17:22:07.206785-04:00,node-01,payments-api,503,True,anomalous,market_aware_v1,76.048,61.944,309.472,24.673,1.335,144.668,26.593,3.685
77635efa-dfa9-47f0-a737-dbed468502d1,2026-04-25T17:22:07.217186-04:00,node-01,orders-api,502,True,anomalous,market_aware_v1,77.125,59.668,297.521,32.693,1.353,148.739,54.357,3.755
83c9447c-b9d3-400b-bde4-1d04cc9bf97a,2026-04-25T17:22:07.227726-04:00,node-01,checkout-api,502,True,anomalous,market_aware_v1,80.753,62.161,303.304,28.574,1.507,151.334,37.664,4.177
4a889711-7367-4a91-bd15-a5c4e691bab3,2026-04-25T17:22:07.238344-04:00,node-01,payments-api,503,True,anomalous,market_aware_v1,72.736,59.396,329.088,26.089,1.434,152.753,16.091,4.052
596133e2-0c03-41f7-9229-954b23ce104e,2026-04-25T17:22:07.248886-04:00,node-01,orders-api,503,True,anomalous,market_aware_v1,77.067,54.806,287.409,33.367,1.369,146.737,51.806,3.747
b6c73a7c-72c4-46e3-b1bf-e7d764d634d1,2026-04-25T17:22:07.259511-04:00,node-01,checkout-api,429,True,anomalous,market_aware_v1,73.544,58.591,303.127,25.936,1.45,146.117,27.129,3.898
b2009ee5-7f3b-49cd-a1a5-935adbc305e8,2026-04-25T17:22:07.270057-04:00,node-01,payments-api,429,True,anomalous,market_aware_v1,68.988,59.932,337.149,24.213,1.537,163.507,10.591,4.344
babb3437-4db2-4811-9ace-16475d34ba1c,2026-04-25T17:22:07.280578-04:00,node-01,orders-api,503,True,anomalous,market_aware_v1,75.777,53.836,303.41,27.975,1.332,153.886,48.026,3.906
f55ca213-eb92-4b45-b89d-7bc6ddfacbc1,2026-04-25T17:22:07.291086-04:00,node-01,checkout-api,429,True,anomalous,market_aware_v1,73.392,55.427,320.81,29.339,1.601,152.646,31.826,4.338
10345ab7-f618-4659-a232-fde2d0527eca,2026-04-25T17:22:07.301567-04:00,node-01,payments-api,503,True,anomalous,market_aware_v1,67.284,57.727,319.63,23.921,1.475,150.494,15.63,3.951
356584ed-5bae-46a2-86e2-008b749afc84,2026-04-25T17:22:07.312050-04:00,node-01,orders-api,500,True,anomalous,market_aware_v1,74.563,49.886,292.702,28.155,1.317,150.209,47.065,3.673
7bbb63fb-c8df-4cb3-ae9c-b875df34815b,2026-04-25T17:22:07.322598-04:00,node-01,checkout-api,503,True,anomalous,market_aware_v1,69.962,54.989,300.955,25.028,1.37,144.738,28.201,3.76
bd494f89-05a1-4eed-90c0-7b2af72b9917,2026-04-25T17:22:07.333077-04:00,node-01,payments-api,500,True,anomalous,market_aware_v1,67.934,55.843,313.042,24.987,1.383,147.376,10.678,3.904
6987c4b3-99b3-420d-b57b-708a43c848aa,2026-04-25T17:22:07.343523-04:00,node-01,orders-api,429,True,anomalous,market_aware_v1,74.171,51.539,300.672,30.006,1.477,156.675,47.952,4.168
335c9c47-9aa2-4fa2-a7c6-514e7efd2bba,2026-04-25T17:22:07.353974-04:00,node-01,checkout-api,500,True,anomalous,market_aware_v1,67.178,55.476,288.055,27.427,1.39,138.825,33.009,3.677
8998f024-5e0d-4009-b8ec-8a8cc0d62661,2026-04-25T17:22:07.364469-04:00,node-01,payments-api,502,True,anomalous,market_aware_v1,70.154,54.667,303.45,28.069,1.378,142.477,18.882,3.776
236f1f8e-1dc1-4d7b-8d0a-fd2540f355fd,2026-04-25T17:22:07.374962-04:00,node-01,orders-api,429,True,anomalous,market_aware_v1,72.013,55.498,301.434,30.301,1.279,155.822,44.295,3.894
ac51de58-a5a0-41d0-b34d-f4b72992c68a,2026-04-25T17:22:07.385536-04:00,node-01,checkout-api,503,True,anomalous,market_aware_v1,75.937,56.464,314.064,26.739,1.462,150.602,23.103,3.955
e23a0b38-19b9-4c0e-9f6f-6c5ed843b411,2026-04-25T17:22:07.395999-04:00,node-01,payments-api,429,True,anomalous,market_aware_v1,67.553,59.254,317.545,24.265,1.403,154.307,15.317,3.919
5249856a-876c-4519-a401-7e7459f71c60,2026-04-25T17:22:07.406495-04:00,node-01,orders-api,503,True,anomalous,market_aware_v1,77.272,53.325,296.96,28.499,1.218,149.88,50.934,3.634
43cdeb3f-97ab-4b1e-95fe-d1b15a70e2ce,2026-04-25T17:22:07.416952-04:00,node-01,checkout-api,500,True,anomalous,market_aware_v1,75.919,62.031,320.508,27.61,1.753,155.403,28.965,4.611
7c6192f7-6b89-47cd-8aa4-3181510c40d0,2026-04-25T17:22:07.427409-04:00,node-01,payments-api,502,True,anomalous,market_aware_v1,75.308,59.181,334.443,26.561,1.496,160.039,8.595,4.203
35354ccd-4c3e-4555-ab44-eb06382bcfc5,2026-04-25T17:22:07.437863-04:00,node-01,orders-api,500,True,anomalous,market_aware_v1,75.364,56.977,276.536,29.867,1.243,139.504,61.072,3.499
f1a619da-54a2-427b-8b2a-250bc279040c,2026-04-25T17:22:07.448305-04:00,node-01,checkout-api,500,True,anomalous,market_aware_v1,78.638,63.313,318.563,28.199,1.798,154.001,25.468,4.531
4dbe08bc-c13d-4bdf-8691-806ac9d78d5d,2026-04-25T17:22:07.458789-04:00,node-01,payments-api,429,True,anomalous,market_aware_v1,70.238,59.276,315.245,27.358,1.516,159.842,15.074,4.187
0f2d66d7-b14a-4b7e-b63e-cec6bdf5d2b9,2026-04-25T17:22:07.469287-04:00,node-01,orders-api,500,True,anomalous,market_aware_v1,82.078,59.543,296.321,31.716,1.302,150.569,56.462,3.691
955a79b5-a89e-473f-b20c-43ffac3b0c41,2026-04-25T17:22:07.479856-04:00,node-01,checkout-api,502,True,anomalous,market_aware_v1,75.979,60.461,317.304,28.714,1.48,155.608,33.778,4.128
1b89b702-ca69-4c13-9abe-2050e471f4b3,2026-04-25T17:22:07.490377-04:00,node-01,payments-api,502,True,anomalous,market_aware_v1,76.913,60.781,312.124,26.369,1.418,153.671,17.861,4.044
1e255136-b60b-4479-88ae-ceb28417a545,2026-04-25T17:22:07.500958-04:00,node-01,orders-api,429,True,anomalous,market_aware_v1,84.069,58.075,302.447,31.467,1.362,150.542,54.877,3.784
04a35f38-a1de-4c42-9777-787b2551e67d,2026-04-25T17:22:07.511421-04:00,node-01,checkout-api,502,True,anomalous,market_aware_v1,77.465,63.389,311.834,30.36,1.527,155.264,28.925,4.103
cf1c427b-bdc3-4150-bd92-a9f8bc630acd,2026-04-25T17:22:07.521934-04:00,node-01,payments-api,502,True,anomalous,market_aware_v1,73.608,66.092,316.465,27.379,1.34,144.209,26.016,3.674
47fdd42e-8d7b-418e-8424-69f44194b81b,2026-04-25T17:22:07.532409-04:00,node-01,orders-api,429,True,anomalous,market_aware_v1,75.975,57.78,289.059,31.15,1.344,143.714,63.464,3.697
b0c6d6a2-d395-4045-9088-381ddd2c8a12,2026-04-25T17:22:07.542909-04:00,node-01,checkout-api,503,True,anomalous,market_aware_v1,79.602,61.754,325.022,30.905,1.627,166.59,29.464,4.476
cbf5f190-ebdc-4f9a-8ffe-90ca147e4b63,2026-04-25T17:22:07.553656-04:00,node-01,payments-api,502,True,anomalous,market_aware_v1,76.818,66.638,329.188,26.354,1.534,157.495,21.298,4.456
b34e2b0c-e257-4d28-864b-0db9f6345592,2026-04-25T17:22:07.564125-04:00,node-01,orders-api,429,True,anomalous,market_aware_v1,83.182,61.197,338.222,32.011,1.698,163.324,52.966,4.539
e09ee7ca-a9f4-4df0-93a6-3067ca5ec73b,2026-04-25T17:22:07.574620-04:00,node-01,checkout-api,429,True,anomalous,market_aware_v1,79.213,64.413,323.945,29.458,1.579,153.082,34.152,4.104
4235e2c2-9391-4097-b28d-a18c9504ddef,2026-04-25T17:22:07.585205-04:00,node-01,payments-api,503,True,anomalous,market_aware_v1,77.066,63.446,326.753,27.172,1.507,156.27,22.369,4.114
6c7b2b19-52c3-41dc-ad5b-0f61de3ed1c3,2026-04-25T17:22:07.595705-04:00,node-01,orders-api,429,True,anomalous,market_aware_v1,78.158,55.985,288.049,30.837,1.275,149.385,55.115,3.594
92120fe8-898c-4a7e-be85-c73bcd5cf4d9,2026-04-25T17:22:07.606183-04:00,node-01,checkout-api,500,True,anomalous,market_aware_v1,79.357,59.972,303.975,31.132,1.449,150.037,41.655,3.952
76b6123a-9da0-4673-a77a-7c6cef68290b,2026-04-25T17:22:07.616714-04:00,node-01,payments-api,500,True,anomalous,market_aware_v1,77.154,61.83,325.26,24.797,1.444,155.962,19.203,4.093
49e0c516-6954-4cc1-a21a-8d2334f1a334,2026-04-25T17:22:07.627184-04:00,node-01,orders-api,503,True,anomalous,market_aware_v1,83.283,60.238,296.24,30.782,1.65,148.877,57.772,4.144
f754b9b0-445d-4cd8-a4d0-af07d98ba313,2026-04-25T17:22:07.637624-04:00,node-01,checkout-api,500,True,anomalous,market_aware_v1,75.721,57.644,313.078,28.353,1.387,150.66,29.583,3.937
f57d4587-5edf-4854-b791-561971f41411,2026-04-25T17:22:07.648060-04:00,node-01,payments-api,429,True,anomalous,market_aware_v1,69.13,61.646,310.341,26.407,1.489,157.089,15.969,4.162
a5316232-f8b8-483e-a04c-b22a4f9fc3cc,2026-04-25T17:22:07.658546-04:00,node-01,orders-api,503,True,anomalous,market_aware_v1,84.431,58.453,316.582,31.623,1.737,154.891,46.552,4.341
1383680e-b4e4-45f8-9cfe-2971e01662b7,2026-04-25T17:22:07.669107-04:00,node-01,checkout-api,500,True,anomalous,market_aware_v1,74.801,57.854,299.311,26.466,1.463,147.68,38.481,3.872
4593eab2-7837-4946-9dc3-9d4ed3c8d9a8,2026-04-25T17:22:07.679597-04:00,node-01,payments-api,429,True,anomalous,market_aware_v1,72.188,60.163,336.555,25.026,1.545,160.394,16.765,4.293
f3f424db-f420-4886-8dcd-dfd861acf53e,2026-04-25T17:22:07.690065-04:00,node-01,orders-api,502,True,anomalous,market_aware_v1,74.948,55.641,285.802,30.808,1.244,150.706,49.896,3.614
d22a31e5-3ded-49a1-a724-7c54176943fe,2026-04-25T17:22:07.700564-04:00,node-01,checkout-api,502,True,anomalous,market_aware_v1,77.629,58.002,306.81,26.895,1.513,152.043,23.315,3.972
774834c1-8a23-4873-9ee9-d5a8b6dab49e,2026-04-25T17:22:07.711042-04:00,node-01,payments-api,429,True,anomalous,market_aware_v1,71.682,58.319,312.397,24.557,1.329,150.112,17.304,3.804
09fc2a42-39c3-4a65-9759-150356bd1ea2,2026-04-25T17:22:07.721536-04:00,node-01,orders-api,502,True,anomalous,market_aware_v1,78.19,54.532,295.405,30.583,1.33,148.023,53.953,3.716
52855d67-42de-4ff7-93cd-1c22bcb6ec4e,2026-04-25T17:22:07.731999-04:00,node-01,checkout-api,503,True,anomalous,market_aware_v1,76.494,59.302,325.464,29.595,1.564,154.221,26.542,4.191
c7540e05-9b24-46bc-a5d1-2ac6efa5a6ca,2026-04-25T17:22:07.742504-04:00,node-01,payments-api,500,True,anomalous,market_aware_v1,68.941,61.211,306.322,25.819,1.327,147.454,21.169,3.751
8b3db3ec-65d8-4eea-a761-6c998070a6da,2026-04-25T17:22:07.752974-04:00,node-01,orders-api,503,True,anomalous,market_aware_v1,78.852,55.555,291.079,30.393,1.412,157.881,50.342,3.929
6a515434-d096-4191-bc42-cf0c1e02af5a,2026-04-25T17:22:07.763461-04:00,node-01,checkout-api,500,True,anomalous,market_aware_v1,78.986,59.477,318.572,27.366,1.358,148.716,33.26,3.91
fae70627-6561-40f0-9dcc-fefb48246ad0,2026-04-25T17:22:07.773922-04:00,node-01,payments-api,502,True,anomalous,market_aware_v1,72.737,61.093,311.306,25.012,1.401,153.045,23.855,4.013
b04eb9e4-13ff-4b7a-974e-83cf14f91910,2026-04-25T17:22:07.784451-04:00,node-01,orders-api,500,True,anomalous,market_aware_v1,76.526,55.732,292.29,31.194,1.313,149.127,61.86,3.742
7ba4b753-a5bf-41de-ad31-1783e8540e47,2026-04-25T17:22:07.794954-04:00,node-01,checkout-api,503,True,anomalous,market_aware_v1,74.271,59.709,316.318,28.46,1.44,155.043,25.188,4.049
6b0fa2ae-8a95-4105-a21d-b2a32ea47266,2026-04-25T17:22:07.805419-04:00,node-01,payments-api,503,True,anomalous,market_aware_v1,71.033,59.878,320.33,26.036,1.456,157.185,19.039,4.169
3f1d2c58-690c-4343-9976-65e966a82ad3,2026-04-25T17:22:07.815879-04:00,node-01,orders-api,500,True,anomalous,market_aware_v1,82.493,58.12,285.263,31.048,1.295,150.025,55.155,3.705
fccba4a6-aafd-4733-8e0c-992b258ee9f9,2026-04-25T17:22:07.826441-04:00,node-01,checkout-api,503,True,anomalous,market_aware_v1,84.035,61.024,326.756,31.691,1.748,158.868,25.556,4.481
212d7f07-4afa-4c01-8c60-ebfcf2c66270,2026-04-25T17:22:07.837000-04:00,node-01,payments-api,502,True,anomalous,market_aware_v1,78.642,65.105,335.681,29.112,1.613,158.847,21.334,4.479
510ae4a1-4aec-402e-add4-1341779982c6,2026-04-25T17:22:07.847468-04:00,node-01,orders-api,500,True,anomalous,market_aware_v1,81.782,57.515,323.142,34.968,1.498,163.708,61.347,4.483
e61082d8-8450-4af1-a71d-6c3fe12f3ab2,2026-04-25T17:22:07.857967-04:00,node-01,checkout-api,429,True,anomalous,market_aware_v1,83.266,63.132,316.099,30.015,1.554,155.223,30.1,4.248
1f79a391-44fe-4983-b60e-d3a6f291e05a,2026-04-25T17:22:07.868421-04:00,node-01,payments-api,502,True,anomalous,market_aware_v1,76.992,64.431,337.506,24.795,1.511,157.647,30.686,4.276
f6f3ff52-b3a2-4010-9f22-a7726e9c7147,2026-04-25T17:22:07.878912-04:00,node-01,orders-api,429,True,anomalous,market_aware_v1,82.963,60.967,308.541,31.601,1.42,157.194,61.739,4.042
40dc9b1b-b45c-4d2d-ac68-cba1947b0f14,2026-04-25T17:22:07.889449-04:00,node-01,checkout-api,503,True,anomalous,market_aware_v1,82.326,63.857,309.306,31.913,1.448,151.001,37.655,4.063
03c3a660-47c5-4df4-a9fd-f2159dfefbad,2026-04-25T17:22:07.899952-04:00,node-01,payments-api,503,True,anomalous,market_aware_v1,75.945,67.727,331.951,28.878,1.555,161.449,26.697,4.292
abdf489d-786c-4b9d-a6f7-56716dc0a870,2026-04-25T17:22:07.910403-04:00,node-01,orders-api,503,True,anomalous,market_aware_v1,87.92,58.524,292.668,34.055,1.279,145.107,70.433,3.557
8bb9e616-773d-449c-8ed7-a715c3ea8d88,2026-04-25T17:22:07.920907-04:00,node-01,checkout-api,429,True,anomalous,market_aware_v1,83.59,62.011,320.675,29.396,1.511,158.17,35.377,4.034
7f81c381-7a10-4c6c-90a9-741199753ebb,2026-04-25T17:22:07.931404-04:00,node-01,payments-api,500,True,anomalous,market_aware_v1,77.933,66.063,324.805,27.224,1.489,155.972,27.739,4.2
c3cd4bdb-99cc-43b2-b46a-b53ef75cbbd4,2026-04-25T17:22:07.941902-04:00,node-01,orders-api,429,True,anomalous,market_aware_v1,81.688,62.09,280.673,33.042,1.221,148.6,61.753,3.636
276cf388-e8bc-4b08-9add-ccac6019ec4e,2026-04-25T17:22:07.952447-04:00,node-01,checkout-api,502,True,anomalous,market_aware_v1,81.288,63.555,297.787,31.263,1.382,148.503,38.796,3.901
63b4d3ef-80ce-4df7-958d-b3630819bbc5,2026-04-25T17:22:07.962953-04:00,node-01,payments-api,503,True,anomalous,market_aware_v1,74.432,64.394,325.027,26.034,1.517,159.359,29.416,4.245
edd09e59-808c-48bf-98c7-f6c5aa660304,2026-04-25T17:22:07.973464-04:00,node-01,orders-api,500,True,anomalous,market_aware_v1,81.134,60.456,302.698,32.416,1.277,154.431,62.563,3.99
cec9ecf5-8288-407c-9c53-62cf40e115b5,2026-04-25T17:22:07.983979-04:00,node-01,checkout-api,500,True,anomalous,market_aware_v1,76.188,63.662,313.16,28.972,1.313,151.005,29.315,3.937
0928b056-78f5-4261-a1f9-2d5f36446e8c,2026-04-25T17:22:07.994431-04:00,node-01,payments-api,500,True,anomalous,market_aware_v1,76.042,64.212,326.167,26.999,1.42,157.872,22.707,4.081
d4b2cf4f-787e-48cc-a84c-1e46f206ef37,2026-04-25T17:22:08.004905-04:00,node-01,orders-api,502,True,anomalous,market_aware_v1,80.807,59.838,290.386,31.576,1.268,145.8,58.719,3.575
e255ff43-20b2-45fd-8234-bd2d1a330930,2026-04-25T17:22:08.015427-04:00,node-01,checkout-api,502,True,anomalous,market_aware_v1,75.697,59.148,312.158,29.98,1.413,147.785,33.317,3.952
1f9da83b-b1af-4183-804e-f7c881e1b6a8,2026-04-25T17:22:08.025969-04:00,node-01,payments-api,503,True,anomalous,market_aware_v1,69.543,58.131,333.076,26.167,1.503,162.23,17.05,4.198
99c30890-4b0c-4419-869a-57d0b175e416,2026-04-25T17:22:08.036413-04:00,node-01,orders-api,429,True,anomalous,market_aware_v1,79.603,57.575,300.724,31.514,1.287,153.687,52.379,3.712
3444d15c-85c4-4e83-ba79-7db9a189327c,2026-04-25T17:22:08.046932-04:00,node-01,checkout-api,500,True,anomalous,market_aware_v1,74.82,57.45,308.871,28.633,1.453,153.766,29.641,4.067
ac263698-f926-4593-bf96-9b4fc8a4fd9f,2026-04-25T17:22:08.057401-04:00,node-01,payments-api,429,True,anomalous,market_aware_v1,67.422,60.002,320.734,25.432,1.551,157.257,12.615,4.265
a3f157e8-19d6-480f-a99e-9f227025adb4,2026-04-25T17:22:08.067873-04:00,node-01,orders-api,502,True,anomalous,market_aware_v1,78.147,54.764,291.415,28.9,1.332,146.103,45.889,3.796
e7040082-c2f3-4b20-9a16-85acf24e4be1,2026-04-25T17:22:08.078435-04:00,node-01,checkout-api,500,True,anomalous,market_aware_v1,72.325,55.551,309.726,29.106,1.446,149.753,31.513,3.977
bc1229c0-c06a-4650-8115-0f098ef8f44f,2026-04-25T17:22:08.088921-04:00,node-01,payments-api,502,True,anomalous,market_aware_v1,69.825,60.628,321.789,24.39,1.523,158.592,5.365,4.059
f5cab095-c4d5-4e87-a897-a9c81f666f8f,2026-04-25T17:22:08.099430-04:00,node-01,orders-api,500,True,anomalous,market_aware_v1,74.706,58.137,296.789,29.904,1.246,151.09,47.715,3.747
52f6ee29-7dbf-47ba-98bb-90121ea647ac,2026-04-25T17:22:08.109931-04:00,node-01,checkout-api,502,True,anomalous,market_aware_v1,73.237,54.258,311.163,27.589,1.592,153.395,22.971,4.226
1d6bdccc-e9f6-40e1-8c7d-69d9df004097,2026-04-25T17:22:08.120441-04:00,node-01,payments-api,429,True,anomalous,market_aware_v1,66.775,58.076,303.239,24.897,1.341,146.988,15.849,3.691
bb741178-7884-4ae0-a766-6b73f6c4fd02,2026-04-25T17:22:08.130889-04:00,node-01,orders-api,429,True,anomalous,market_aware_v1,73.099,56.248,294.598,31.306,1.359,151.027,46.564,3.842
27bc4174-5427-4179-8a3b-8f2fe8a3db6c,2026-04-25T17:22:08.141331-04:00,node-01,checkout-api,429,True,anomalous,market_aware_v1,73.635,57.358,312.609,26.843,1.372,147.563,28.49,3.726
48ffafff-b9c7-466a-85bb-138c25c84729,2026-04-25T17:22:08.151861-04:00,node-01,payments-api,503,True,anomalous,market_aware_v1,66.984,56.651,309.154,25.116,1.421,146.072,18.547,3.747
8817cc19-e12c-456f-99c1-d92a5f16f9c6,2026-04-25T17:22:08.162335-04:00,node-01,orders-api,500,True,anomalous,market_aware_v1,73.91,56.089,292.88,29.78,1.302,146.388,48.13,3.614
c5eef270-05ab-4426-8b1a-22aab5997698,2026-04-25T17:22:08.172908-04:00,node-01,checkout-api,503,True,anomalous,market_aware_v1,76.213,58.398,319.328,26.281,1.488,154.087,22.978,4.131
2cc6eb51-d11d-4ef2-bf8f-25ceda253ce3,2026-04-25T17:22:08.183452-04:00,node-01,payments-api,500,True,anomalous,market_aware_v1,66.342,56.944,334.117,25.173,1.533,155.15,10.775,4.15
d50f4bce-e543-4b3c-b304-88c1344fa473,2026-04-25T17:22:08.193988-04:00,node-01,orders-api,500,True,anomalous,market_aware_v1,74.367,55.356,292.327,31.821,1.189,143.326,54.445,3.498
5c187e80-561a-4c10-bae8-e28dff6ff844,2026-04-25T17:22:08.204480-04:00,node-01,checkout-api,503,True,anomalous,market_aware_v1,80.185,55.474,332.023,28.076,1.533,161.967,24.508,4.216
e15c273b-a2dc-42b0-bb40-809c4c229242,2026-04-25T17:22:08.214988-04:00,node-01,payments-api,429,True,anomalous,market_aware_v1,70.689,61.385,309.874,22.951,1.498,155.738,15.002,4.145
71e53e4f-f912-4727-874f-3b35711c1d40,2026-04-25T17:22:08.225507-04:00,node-01,orders-api,500,True,anomalous,market_aware_v1,85.129,58.447,315.51,29.962,1.76,159.349,44.199,4.353
380a5875-c857-4633-89e8-d8e1ed1f2630,2026-04-25T17:22:08.235969-04:00,node-01,checkout-api,500,True,anomalous,market_aware_v1,75.819,56.811,323.167,31.501,1.498,160.584,30.011,4.255
51666263-f39f-40a9-8b55-36672ad243e0,2026-04-25T17:22:08.246397-04:00,node-01,payments-api,500,True,anomalous,market_aware_v1,76.087,59.592,337.227,27.572,1.514,160.293,16.714,4.338
45496e3d-3671-4467-aaa8-cb5eebaba424,2026-04-25T17:22:08.256884-04:00,node-01,orders-api,500,True,anomalous,market_aware_v1,81.526,59.221,312.007,29.104,1.268,147.523,55.958,3.682
eb7187e4-6a63-4676-9bc5-14dce569c991,2026-04-25T17:22:08.267356-04:00,node-01,checkout-api,503,True,anomalous,market_aware_v1,80.925,62.399,320.507,27.878,1.437,157.021,32.82,4.072
e9af780e-426d-49e0-b9a2-af5c1cd697ed,2026-04-25T17:22:08.277913-04:00,node-01,payments-api,503,True,anomalous,market_aware_v1,75.181,68.39,328.774,27.536,1.476,159.748,13.531,4.176
7ba8804c-4612-4781-b6be-93574a22736b,2026-04-25T17:22:08.288432-04:00,node-01,orders-api,500,True,anomalous,market_aware_v1,87.103,58.631,327.979,34.555,1.729,158.8,46.037,4.489
107caada-d985-467f-a925-4c6030d878da,2026-04-25T17:22:08.298950-04:00,node-01,checkout-api,429,True,anomalous,market_aware_v1,79.579,61.083,318.502,31.126,1.429,154.959,28.996,4.028
d133f895-bf20-4c3a-9623-a3c061d0f287,2026-04-25T17:22:08.309404-04:00,node-01,payments-api,429,True,anomalous,market_aware_v1,76.98,62.961,327.279,26.771,1.542,162.081,20.881,4.253
73060afb-d8ae-4a03-825d-c82ed0a54c83,2026-04-25T17:22:08.319916-04:00,node-01,orders-api,503,True,anomalous,market_aware_v1,78.946,61.485,291.253,29.843,1.26,145.09,59.784,3.608
f818e9b0-2c9e-4a22-8e07-98c2849030c7,2026-04-25T17:22:08.330422-04:00,node-01,checkout-api,503,True,anomalous,market_aware_v1,83.248,58.624,321.151,28.982,1.558,155.783,33.399,4.269
858c108e-53ad-4af7-b0af-b02348238e21,2026-04-25T17:22:08.340951-04:00,node-01,payments-api,429,True,anomalous,market_aware_v1,75.689,66.143,311.237,27.278,1.382,147.857,23.792,3.837
42cceb4c-b7ce-4c60-b1d5-ec40dc495318,2026-04-25T17:22:08.351410-04:00,node-01,orders-api,503,True,anomalous,market_aware_v1,89.61,62.804,312.604,30.562,1.712,159.265,49.661,4.544
1d985e20-9654-4c05-b1e8-f1fb17e807f4,2026-04-25T17:22:08.361841-04:00,node-01,checkout-api,502,True,anomalous,market_aware_v1,76.1,64.517,312.35,33.064,1.484,152.892,29.726,4.143
2b889478-a749-4cad-916e-4d220f9836a9,2026-04-25T17:22:08.372405-04:00,node-01,payments-api,502,True,anomalous,market_aware_v1,76.378,62.975,335.542,26.961,1.435,162.758,19.256,4.247
1b767397-ede8-4dd8-b4b4-847a0fa8cf21,2026-04-25T17:22:08.382940-04:00,node-01,orders-api,429,True,anomalous,market_aware_v1,85.855,59.042,303.282,32.839,1.288,155.639,48.634,3.692
3e9ec9c0-2a31-40c2-a398-f86aa0cb1708,2026-04-25T17:22:08.393433-04:00,node-01,checkout-api,502,True,anomalous,market_aware_v1,80.767,62.29,319.082,26.968,1.499,160.329,29.287,4.242
fe74a24c-bb4a-4969-8c06-74f0fdccab04,2026-04-25T17:22:08.403914-04:00,node-01,payments-api,500,True,anomalous,market_aware_v1,74.607,61.75,309.673,26.419,1.42,151.518,19.495,3.975
f6c0d53d-9f5a-44cd-a396-78dd0a3baea5,2026-04-25T17:22:08.414431-04:00,node-01,orders-api,502,True,anomalous,market_aware_v1,80.92,58.106,299.908,32.067,1.406,154.908,49.314,3.831
a0eaf964-2e2b-4bf8-afaa-28a55edd4d7f,2026-04-25T17:22:08.425014-04:00,node-01,checkout-api,503,True,anomalous,market_aware_v1,75.684,59.73,299.384,29.316,1.553,149.731,37.381,4.029
2b8cb9b9-6012-47a0-bcdf-3d5e1229271f,2026-04-25T17:22:08.435479-04:00,node-01,payments-api,503,True,anomalous,market_aware_v1,80.998,66.167,340.771,27.7,1.79,166.313,10.869,4.717
64caf101-e865-4a3a-8f6e-b3dada7f2c3a,2026-04-25T17:22:08.445931-04:00,node-01,orders-api,502,True,anomalous,market_aware_v1,75.378,53.513,293.73,29.474,1.324,147.703,55.166,3.654
801d3860-bfa8-4703-a486-831c05f0fa79,2026-04-25T17:22:08.456393-04:00,node-01,checkout-api,502,True,anomalous,market_aware_v1,74.496,59.149,310.103,29.524,1.38,146.136,32.938,3.783
02d94214-200e-41ff-bc67-1c7c37b6d05f,2026-04-25T17:22:08.466890-04:00,node-01,payments-api,429,True,anomalous,market_aware_v1,71.301,61.073,321.439,25.841,1.394,159.733,13.212,4.142
31f8845e-e22b-4f16-aaf8-c34e0757066a,2026-04-25T17:22:08.477335-04:00,node-01,orders-api,429,True,anomalous,market_aware_v1,75.725,55.612,297.653,31.914,1.294,145.512,59.044,3.741
16c4171a-64df-491b-a034-4a47aa4df462,2026-04-25T17:22:08.487834-04:00,node-01,checkout-api,429,True,anomalous,market_aware_v1,74.301,61.031,298.132,29.077,1.447,144.297,24.281,3.825
d7cced23-92d8-4e4e-b677-8d4362ab8b54,2026-04-25T17:22:08.498311-04:00,node-01,payments-api,429,True,anomalous,market_aware_v1,71.867,62.219,328.698,24.83,1.382,154.647,16.794,4.053
be15141d-9547-4284-b401-7384cf1e11e4,2026-04-25T17:22:08.508804-04:00,node-01,orders-api,429,True,anomalous,market_aware_v1,76.19,54.145,304.052,29.676,1.36,155.198,48.441,3.845
c1e3a774-1469-4edc-ba0c-ab9c1b160b2b,2026-04-25T17:22:08.519265-04:00,node-01,checkout-api,503,True,anomalous,market_aware_v1,74.771,57.816,322.534,30.521,1.749,159.444,31.026,4.723
6af52169-b6c1-4079-aefd-a2112055c57c,2026-04-25T17:22:08.529816-04:00,node-01,payments-api,503,True,anomalous,market_aware_v1,72.744,58.002,323.797,25.129,1.48,156.354,15.96,3.929
8fe910a8-6a03-484d-ba1d-b5bd421253da,2026-04-25T17:22:08.540288-04:00,node-01,orders-api,429,True,anomalous,market_aware_v1,78.464,54.108,309.866,29.079,1.377,159.201,44.735,3.902
db4126dc-b165-4283-b551-a7591eae9a52,2026-04-25T17:22:08.550808-04:00,node-01,checkout-api,503,True,anomalous,market_aware_v1,72.742,58.284,321.524,26.566,1.522,156.696,33.274,4.058
f21e5f6f-29b0-44b3-bcb3-7ffc12de584f,2026-04-25T17:22:08.561264-04:00,node-01,payments-api,429,True,anomalous,market_aware_v1,68.455,62.916,319.53,25.065,1.506,155.689,20.465,4.265
bf4724c5-13d4-4297-996c-e1a6469f3935,2026-04-25T17:22:08.571840-04:00,node-01,orders-api,502,True,anomalous,market_aware_v1,78.97,56.465,307.119,31.772,1.385,161.673,48.544,4.051
eb7592bc-5608-432c-98ed-fcd19b21848c,2026-04-25T17:22:08.582289-04:00,node-01,checkout-api,429,True,anomalous,market_aware_v1,77.126,62.373,307.913,30.276,1.48,152.625,34.262,4.02
8a8d3adf-a2b9-496c-8238-9f3e3ddf5271,2026-04-25T17:22:08.592880-04:00,node-01,payments-api,503,True,anomalous,market_aware_v1,73.407,63.147,316.089,25.596,1.384,157.037,14.349,4.038
ecc42424-189b-44e3-8b0c-79954ccb18fc,2026-04-25T17:22:08.603409-04:00,node-01,orders-api,503,True,anomalous,market_aware_v1,81.306,60.828,307.372,31.48,1.397,152.442,58.727,3.941
0316709a-1cf3-433e-97e6-0a7748039330,2026-04-25T17:22:08.613862-04:00,node-01,checkout-api,503,True,anomalous,market_aware_v1,84.348,63.149,326.631,31.898,1.798,155.999,31.559,4.526
988f23a0-edb3-4367-9c00-b59f807e0cd7,2026-04-25T17:22:08.624335-04:00,node-01,payments-api,502,True,anomalous,market_aware_v1,74.124,63.689,319.069,27.007,1.403,148.845,22.838,3.785
b72445e5-ec96-4cad-9ae1-1bae50cd7da4,2026-04-25T17:22:08.634869-04:00,node-01,orders-api,429,True,anomalous,market_aware_v1,85.07,62.538,331.315,33.364,1.39,162.578,51.176,4.328
6dfb13db-58d0-4a9f-b68b-48a8f0aeaff1,2026-04-25T17:22:08.645330-04:00,node-01,checkout-api,429,True,anomalous,market_aware_v1,84.745,62.38,333.533,29.26,1.502,152.957,37.176,4.078
d42fb36f-97d4-45f5-84b9-ab8b6755caa7,2026-04-25T17:22:08.655830-04:00,node-01,payments-api,429,True,anomalous,market_aware_v1,74.2,63.513,325.926,28.656,1.574,156.671,23.205,4.163
701729bc-2d4a-432a-afc1-e041c20889c6,2026-04-25T17:22:08.666323-04:00,node-01,orders-api,502,True,anomalous,market_aware_v1,88.821,61.374,311.406,32.754,1.442,156.677,64.647,4.062
522791cd-87e9-4f29-b2e5-1bcc7c540153,2026-04-25T17:22:08.676918-04:00,node-01,checkout-api,500,True,anomalous,market_aware_v1,83.006,65.096,328.753,32.511,1.522,163.064,37.035,4.348
ab52d5dd-3f6f-4cd2-8774-6c11d4598e61,2026-04-25T17:22:08.687401-04:00,node-01,payments-api,502,True,anomalous,market_aware_v1,79.446,63.776,325.512,29.311,1.393,153.002,28.771,3.984
954c0414-ec3e-4919-9ca8-4c2d37dfafd1,2026-04-25T17:22:08.697842-04:00,node-01,orders-api,429,True,anomalous,market_aware_v1,83.324,59.781,288.478,32.432,1.283,149.453,61.39,3.688
777e11d9-4b72-4c7c-ae9b-15356d29cf37,2026-04-25T17:22:08.708304-04:00,node-01,checkout-api,503,True,anomalous,market_aware_v1,81.195,60.716,302.945,28.974,1.555,147.623,43.326,3.94
f53df2ff-1d0a-4d00-8bf5-59f75406ae73,2026-04-25T17:22:08.718754-04:00,node-01,payments-api,503,True,anomalous,market_aware_v1,82.425,71.3,345.054,29.389,1.83,162.212,21.591,4.697
0097fa60-dbe4-4323-ac73-3898b3a7dbea,2026-04-25T17:22:08.729203-04:00,node-01,orders-api,429,True,anomalous,market_aware_v1,88.12,63.48,330.111,34.213,1.741,161.119,54.527,4.597
d30bcf5d-a729-4a7f-822b-5134704920fe,2026-04-25T17:22:08.739662-04:00,node-01,checkout-api,500,True,anomalous,market_aware_v1,78.723,63.645,306.129,31.587,1.389,147.999,40.064,3.9
95890e5f-d50a-4cfa-a42f-3e6f3ef6123f,2026-04-25T17:22:08.750077-04:00,node-01,payments-api,429,True,anomalous,market_aware_v1,78.263,64.481,327.429,25.906,1.497,158.752,26.792,4.162
e3931dd7-5949-4d35-99c8-0d0490c8333d,2026-04-25T17:22:08.760530-04:00,node-01,orders-api,500,True,anomalous,market_aware_v1,84.254,55.789,305.231,27.634,1.415,159.666,55.552,4.106
01639a02-fc0d-4538-9ae3-66b0fb990c8d,2026-04-25T17:22:08.770951-04:00,node-01,checkout-api,500,True,anomalous,market_aware_v1,81.878,57.16,314.906,32.0,1.504,151.227,37.308,4.017
9bdbd816-7133-41b8-9ccc-e8d2971c5006,2026-04-25T17:22:08.781372-04:00,node-01,payments-api,502,True,anomalous,market_aware_v1,78.451,65.357,326.683,26.136,1.464,159.473,20.889,4.141
548ca8c1-1e86-4bdb-a6ea-b9fa605ea8aa,2026-04-25T17:22:08.791853-04:00,node-01,orders-api,429,True,anomalous,market_aware_v1,78.015,59.237,295.99,33.68,1.396,149.015,64.684,3.813
79205819-cb8c-4e2a-b519-684ca6245be6,2026-04-25T17:22:08.802308-04:00,node-01,checkout-api,503,True,anomalous,market_aware_v1,79.248,61.512,324.282,28.359,1.626,155.971,30.355,4.257
fafd65ea-1fd4-4a48-82fb-0c40f7b7b6ab,2026-04-25T17:22:08.812811-04:00,node-01,payments-api,429,True,anomalous,market_aware_v1,76.47,63.9,319.595,26.752,1.34,148.962,17.101,3.734
4a2e5308-7d9f-48cb-8003-dc834a989131,2026-04-25T17:22:08.823224-04:00,node-01,orders-api,429,True,anomalous,market_aware_v1,79.917,58.558,306.643,31.626,1.384,157.819,52.197,4.053
365d664e-0d5f-4daf-824d-12aa669c676c,2026-04-25T17:22:08.833715-04:00,node-01,checkout-api,503,True,anomalous,market_aware_v1,71.87,58.893,295.728,28.841,1.493,145.588,33.855,3.852
c163c033-ac74-485f-85ce-38fb84ec1462,2026-04-25T17:22:08.844148-04:00,node-01,payments-api,502,True,anomalous,market_aware_v1,69.476,62.705,318.676,24.971,1.292,149.236,20.681,3.856
09519e81-8274-47f8-abf1-a912adc8375b,2026-04-25T17:22:08.854570-04:00,node-01,orders-api,500,True,anomalous,market_aware_v1,78.366,56.247,297.874,30.818,1.375,152.46,51.521,3.846
211d9e15-d313-4a69-964e-abe6454e11c0,2026-04-25T17:22:08.865400-04:00,node-01,checkout-api,503,True,anomalous,market_aware_v1,74.835,59.364,306.201,24.201,1.476,146.518,30.553,3.834
cc87fff4-6cdf-43b7-97b3-8f297e2c87e2,2026-04-25T17:22:08.875852-04:00,node-01,payments-api,500,True,anomalous,market_aware_v1,67.978,61.872,320.034,23.492,1.479,151.826,10.472,4.05
6e0134f4-ec08-4ce4-a596-12972d97e166,2026-04-25T17:22:08.886299-04:00,node-01,orders-api,503,True,anomalous,market_aware_v1,73.189,52.428,303.276,29.649,1.345,154.253,43.833,3.727
8d357678-c074-4cf4-b198-97db6a89e0d1,2026-04-25T17:22:08.896775-04:00,node-01,checkout-api,503,True,anomalous,market_aware_v1,76.392,57.402,312.434,26.538,1.404,147.437,27.667,3.892
1d0a35f3-d142-45e1-8676-afdb0e8d58c1,2026-04-25T17:22:08.907204-04:00,node-01,payments-api,500,True,anomalous,market_aware_v1,68.853,58.717,327.311,26.594,1.43,152.164,10.273,3.946
48f9b174-f158-4f9b-add4-94e20da41d69,2026-04-25T17:22:08.917655-04:00,node-01,orders-api,503,True,anomalous,market_aware_v1,74.722,54.268,302.044,26.769,1.33,154.85,46.427,3.932
e63bbb4a-0999-4986-9309-5982a0cce50f,2026-04-25T17:22:08.928099-04:00,node-01,checkout-api,429,True,anomalous,market_aware_v1,70.006,53.801,292.592,27.66,1.289,139.312,28.452,3.601
1fda0f7a-d69a-4aac-9ed0-513b6542ed9e,2026-04-25T17:22:08.938584-04:00,node-01,payments-api,500,True,anomalous,market_aware_v1,72.686,59.393,317.026,25.388,1.528,157.656,14.366,4.241
5cccda30-b9eb-4c8e-939b-8543e84dee95,2026-04-25T17:22:08.948997-04:00,node-01,orders-api,429,True,anomalous,market_aware_v1,74.57,51.163,292.249,26.12,1.344,144.696,48.049,3.568
615d9112-6bf8-4f14-949a-50d684e028e9,2026-04-25T17:22:08.959458-04:00,node-01,checkout-api,500,True,anomalous,market_aware_v1,73.385,58.802,307.769,28.189,1.463,150.96,28.589,3.981
4aa0205b-e5f2-4ecc-b05f-6964fa998234,2026-04-25T17:22:08.969911-04:00,node-01,payments-api,500,True,anomalous,market_aware_v1,71.986,60.349,340.927,24.801,1.455,159.554,11.483,4.131
45707627-7dd8-46b6-8c28-eaa5df567ea5,2026-04-25T17:22:08.980344-04:00,node-01,orders-api,503,True,anomalous,market_aware_v1,76.955,55.793,282.385,29.51,1.137,139.073,49.381,3.418
fdf78825-0e41-407c-b795-3417f1c8fcd5,2026-04-25T17:22:08.990833-04:00,node-01,checkout-api,503,True,anomalous,market_aware_v1,77.391,57.103,314.38,28.924,1.509,153.195,21.97,4.102
5b98608f-de8c-4672-bfee-6f667970cceb,2026-04-25T17:22:09.001303-04:00,node-01,payments-api,500,True,anomalous,market_aware_v1,73.893,59.859,324.464,24.681,1.475,154.125,9.676,3.926
61e206a8-fc7a-49f6-af64-58e45578df22,2026-04-25T17:22:09.011792-04:00,node-01,orders-api,502,True,anomalous,market_aware_v1,77.462,54.539,291.058,29.864,1.222,144.53,53.126,3.486
cf378221-05f5-4de6-ba52-34162344c056,2026-04-25T17:22:09.022244-04:00,node-01,checkout-api,429,True,anomalous,market_aware_v1,75.235,62.049,304.875,27.745,1.496,150.72,30.564,3.924
5edf628b-393c-4241-98c8-4536c96da9ff,2026-04-25T17:22:09.032784-04:00,node-01,payments-api,429,True,anomalous,market_aware_v1,73.553,62.405,341.708,26.98,1.511,161.927,12.149,4.207
d978df11-d1b4-450f-b098-c9a86a846247,2026-04-25T17:22:09.043264-04:00,node-01,orders-api,502,True,anomalous,market_aware_v1,78.114,56.694,305.387,29.86,1.419,153.542,53.375,3.924
bc8bc947-4ae6-4a32-8604-de9e2ec96258,2026-04-25T17:22:09.053845-04:00,node-01,checkout-api,503,True,anomalous,market_aware_v1,71.801,62.035,320.57,33.468,1.561,152.42,35.611,4.09
7a345ed3-7887-4817-a9ca-acd908bd43a6,2026-04-25T17:22:09.064317-04:00,node-01,payments-api,429,True,anomalous,market_aware_v1,77.04,65.344,342.599,26.247,1.559,162.729,18.562,4.316
73c9d679-ddda-4235-9113-e798658edb1d,2026-04-25T17:22:09.074856-04:00,node-01,orders-api,500,True,anomalous,market_aware_v1,84.881,57.434,315.473,31.344,1.446,161.493,55.314,4.211
3dd1f49f-16a3-405c-bef4-a9e097c20fcc,2026-04-25T17:22:09.085322-04:00,node-01,checkout-api,429,True,anomalous,market_aware_v1,78.913,62.452,300.33,27.667,1.331,147.782,36.458,3.859
6c985a13-2300-4998-aaf4-be6316a05b8c,2026-04-25T17:22:09.095826-04:00,node-01,payments-api,429,True,anomalous,market_aware_v1,76.894,60.581,325.002,27.995,1.498,159.136,23.994,4.179
d49e5779-6fab-47c3-bbb3-6517d88ad955,2026-04-25T17:22:09.106281-04:00,node-01,orders-api,503,True,anomalous,market_aware_v1,85.803,59.697,324.235,32.218,1.409,164.961,52.533,4.173
a3805024-8937-47f2-953b-be83ecf83e73,2026-04-25T17:22:09.116830-04:00,node-01,checkout-api,502,True,anomalous,market_aware_v1,82.048,61.833,326.371,29.79,1.618,159.195,34.414,4.243
7c22d505-6ba5-4a87-80c8-5745846f018c,2026-04-25T17:22:09.127281-04:00,node-01,payments-api,502,True,anomalous,market_aware_v1,81.335,63.578,327.468,27.12,1.519,154.337,24.589,4.03
c8ee8c94-94e1-4d11-9422-e44a283de4e6,2026-04-25T17:22:09.137737-04:00,node-01,orders-api,500,True,anomalous,market_aware_v1,82.81,59.413,314.673,33.05,1.48,160.591,60.592,4.372
6ee218dd-cc50-41e7-b1d9-7b95e46e283d,2026-04-25T17:22:09.148326-04:00,node-01,checkout-api,502,True,anomalous,market_aware_v1,81.274,64.163,330.67,29.504,1.57,155.391,37.474,4.269
c86b760d-03bd-42a3-8f97-cbf49993357d,2026-04-25T17:22:09.158869-04:00,node-01,payments-api,429,True,anomalous,market_aware_v1,78.888,65.433,332.285,26.624,1.447,158.714,26.265,4.117
336b9684-66ea-476e-9b26-6c512ab7e883,2026-04-25T17:22:09.169416-04:00,node-01,orders-api,429,True,anomalous,market_aware_v1,81.011,58.25,305.245,30.021,1.411,161.398,58.505,3.983
76a426db-2c16-4f59-b657-8b39f5847a02,2026-04-25T17:22:09.180012-04:00,node-01,checkout-api,502,True,anomalous,market_aware_v1,80.138,62.256,320.948,30.081,1.472,156.811,32.1,4.069
20724f2b-ffe0-41b5-acdf-b18881f3b21e,2026-04-25T17:22:09.190563-04:00,node-01,payments-api,502,True,anomalous,market_aware_v1,74.307,63.122,325.562,26.018,1.437,153.046,22.556,4.011
2baa1428-85d9-4bcc-b204-3e11a9059cdf,2026-04-25T17:22:09.201124-04:00,node-01,orders-api,500,True,anomalous,market_aware_v1,81.433,60.142,314.858,32.009,1.495,162.267,50.121,4.201
73c81aaf-d194-41c7-8813-abf28e37c7ed,2026-04-25T17:22:09.211552-04:00,node-01,checkout-api,503,True,anomalous,market_aware_v1,80.339,63.933,340.509,30.732,1.88,164.512,24.058,4.824
2d9d1cf7-4434-4c41-bb0e-523997544173,2026-04-25T17:22:09.222092-04:00,node-01,payments-api,500,True,anomalous,market_aware_v1,75.976,63.113,323.2,25.454,1.466,154.502,20.988,4.092
2c83b2d8-5144-4c88-bb87-788a7f336791,2026-04-25T17:22:09.232619-04:00,node-01,orders-api,429,True,anomalous,market_aware_v1,79.142,56.883,291.89,30.5,1.252,148.488,56.755,3.669
f38d59b1-5ec3-4589-a943-0bc6d750c6b9,2026-04-25T17:22:09.243163-04:00,node-01,checkout-api,500,True,anomalous,market_aware_v1,77.971,59.371,330.543,27.575,1.435,155.858,33.016,4.158
b32e94f7-1973-4c0d-9061-ad8afe125f8a,2026-04-25T17:22:09.253605-04:00,node-01,payments-api,503,True,anomalous,market_aware_v1,72.045,58.797,322.91,25.99,1.445,153.333,16.473,3.991
f9a4bfc8-1ab9-4e63-b00c-cf2f5050bd4a,2026-04-25T17:22:09.264027-04:00,node-01,orders-api,429,True,anomalous,market_aware_v1,79.358,56.294,305.517,29.268,1.311,156.926,51.16,3.815
5e6ad825-efd1-40ab-ad15-6c5675e56130,2026-04-25T17:22:09.274640-04:00,node-01,checkout-api,502,True,anomalous,market_aware_v1,72.157,58.736,323.059,29.23,1.632,162.369,31.402,4.392
25bbef82-ca44-4b88-9399-25cc0de1cc56,2026-04-25T17:22:09.285372-04:00,node-01,payments-api,503,True,anomalous,market_aware_v1,70.432,60.119,326.72,25.171,1.445,158.804,16.355,4.078
653b3e99-cb94-458a-8550-42345b9b643d,2026-04-25T17:22:09.296028-04:00,node-01,orders-api,502,True,anomalous,market_aware_v1,77.032,54.76,306.802,31.97,1.39,161.03,44.572,4.057
01c64fe8-bb73-4949-a741-3c13f6cdde03,2026-04-25T17:22:09.306673-04:00,node-01,checkout-api,503,True,anomalous,market_aware_v1,79.654,58.648,312.016,27.679,1.469,151.845,28.314,3.967
f5009022-7094-43fc-96fd-1133db683c41,2026-04-25T17:22:09.317270-04:00,node-01,payments-api,503,True,anomalous,market_aware_v1,69.092,60.511,323.38,25.213,1.415,152.337,18.021,3.995
9fa0d683-2d3e-401a-9870-09bf8de68a62,2026-04-25T17:22:09.327755-04:00,node-01,orders-api,500,True,anomalous,market_aware_v1,79.591,58.121,310.173,30.324,1.415,157.903,48.026,4.074
cb8e211d-3c57-4c52-9370-1369d9c44f91,2026-04-25T17:22:09.338215-04:00,node-01,checkout-api,500,True,anomalous,market_aware_v1,73.403,56.758,317.809,27.6,1.46,152.217,25.386,3.992
200c6603-5e0e-4297-962c-b173b6c57d2a,2026-04-25T17:22:09.348708-04:00,node-01,payments-api,500,True,anomalous,market_aware_v1,74.067,59.399,342.116,24.34,1.498,162.815,15.12,4.296
93d537c0-df83-4af3-b3c7-2bb1f5730f37,2026-04-25T17:22:09.359298-04:00,node-01,orders-api,502,True,anomalous,market_aware_v1,80.094,56.812,308.038,32.071,1.305,152.614,53.288,3.915
50f9745d-ee6f-4aa5-9e82-e9c029314c9b,2026-04-25T17:22:09.369792-04:00,node-01,checkout-api,500,True,anomalous,market_aware_v1,80.194,59.127,323.37,30.559,1.474,154.753,26.939,4.042
86de79b0-85ed-49c6-be4a-739db60583a3,2026-04-25T17:22:09.380237-04:00,node-01,payments-api,502,True,anomalous,market_aware_v1,72.471,64.083,340.051,26.758,1.704,169.311,14.928,4.881
d44ce598-64ed-4419-a958-ea986b1461de,2026-04-25T17:22:09.390831-04:00,node-01,orders-api,502,True,anomalous,market_aware_v1,79.499,56.883,296.419,32.209,1.284,153.79,54.709,3.855
cb12fe99-f4d3-400f-af69-8c5a9918bfbc,2026-04-25T17:22:09.401271-04:00,node-01,checkout-api,429,True,anomalous,market_aware_v1,79.393,62.166,317.368,29.662,1.548,155.686,34.097,4.165
e65858fc-683d-4edb-813a-41f99fe23f21,2026-04-25T17:22:09.411728-04:00,node-01,payments-api,502,True,anomalous,market_aware_v1,79.022,66.903,322.153,24.772,1.5,157.654,22.806,4.041
003e8a5e-e2d1-438a-bb46-90425a947bbc,2026-04-25T17:22:09.422190-04:00,node-01,orders-api,429,True,anomalous,market_aware_v1,84.619,58.935,288.912,29.68,1.345,151.353,57.487,3.773
f2b34098-7bb7-4c0d-87e6-eb3caea8b8c5,2026-04-25T17:22:09.432586-04:00,node-01,checkout-api,503,True,anomalous,market_aware_v1,83.057,65.467,330.396,29.98,1.574,161.749,27.629,4.314
a2beaa60-30ec-42c3-b5b5-ed803268be25,2026-04-25T17:22:09.442993-04:00,node-01,payments-api,503,True,anomalous,market_aware_v1,75.419,65.021,323.181,28.961,1.404,148.587,22.553,3.852
7b3112c9-a3ac-4000-9387-11610f82f578,2026-04-25T17:22:09.453407-04:00,node-01,orders-api,429,True,anomalous,market_aware_v1,83.92,61.099,307.257,32.62,1.363,159.187,56.006,3.908
5b044b2c-b13d-4954-aaaa-b5d701fdf961,2026-04-25T17:22:09.463892-04:00,node-01,checkout-api,502,True,anomalous,market_aware_v1,86.631,63.677,342.195,29.815,2.003,170.164,27.466,5.055
e6922b03-c53b-4d9b-8140-ec92451b20cd,2026-04-25T17:22:09.474355-04:00,node-01,payments-api,502,True,anomalous,market_aware_v1,79.813,68.081,334.126,28.971,1.459,161.195,26.873,4.148
c74b3f10-720b-4d72-bf9f-cdb864ab91fb,2026-04-25T17:22:09.484841-04:00,node-01,orders-api,502,True,anomalous,market_aware_v1,82.053,60.648,299.804,31.854,1.415,154.124,67.775,3.779
9fe6170f-8355-4a3e-9819-ea6415b4d7e4,2026-04-25T17:22:09.495247-04:00,node-01,checkout-api,503,True,anomalous,market_aware_v1,82.943,68.326,347.522,30.596,1.709,164.387,38.827,4.629
f7336faf-d1f5-44cd-9fbb-9a1fd6e4da8a,2026-04-25T17:22:09.505670-04:00,node-01,payments-api,500,True,anomalous,market_aware_v1,80.381,67.983,336.671,28.422,1.576,158.747,26.717,4.354
47b7c090-2161-43f3-baba-515900cf8db5,2026-04-25T17:22:09.516086-04:00,node-01,orders-api,503,True,anomalous,market_aware_v1,82.243,60.719,300.741,34.353,1.403,156.844,55.143,3.926
3c698c82-801e-4289-beaa-4c518ec2e731,2026-04-25T17:22:09.526545-04:00,node-01,checkout-api,503,True,anomalous,market_aware_v1,79.762,62.676,313.136,32.226,1.57,158.024,35.32,4.172
0eb4aafe-445c-47fa-af46-6d0b897e0b16,2026-04-25T17:22:09.536979-04:00,node-01,payments-api,503,True,anomalous,market_aware_v1,83.788,68.519,365.736,31.311,2.002,167.926,18.823,5.234
662c3e1d-b05e-4da7-a4df-d4bb6c9c3912,2026-04-25T17:22:09.547504-04:00,node-01,orders-api,500,True,anomalous,market_aware_v1,84.347,61.556,299.463,32.235,1.296,148.956,64.726,3.781
5b2393ba-7ee0-46c9-abd3-e70b72d8093b,2026-04-25T17:22:09.557934-04:00,node-01,checkout-api,500,True,anomalous,market_aware_v1,85.961,63.651,332.728,30.297,1.609,162.639,28.135,4.393
2fc15c21-78ee-498c-b86f-cd4540a83883,2026-04-25T17:22:09.568426-04:00,node-01,payments-api,503,True,anomalous,market_aware_v1,81.373,65.442,359.841,30.547,1.867,167.373,12.802,4.828
f07f7e1a-c4c6-4ffa-b7ae-2a521e7cd32e,2026-04-25T17:22:09.578898-04:00,node-01,orders-api,502,True,anomalous,market_aware_v1,83.543,62.707,326.197,31.552,1.725,163.022,48.144,4.534
716500b4-47a7-4b11-a491-3a956649e9e6,2026-04-25T17:22:09.589429-04:00,node-01,checkout-api,500,True,anomalous,market_aware_v1,82.732,66.289,326.181,29.792,1.839,152.619,31.576,4.449
8d0e05d7-2187-47f1-9b75-387c6e5f98cc,2026-04-25T17:22:09.599945-04:00,node-01,payments-api,429,True,anomalous,market_aware_v1,73.669,61.047,320.398,26.126,1.344,147.683,22.166,3.824
ddea0305-0035-4b61-b5d5-1b9e7e43e2f9,2026-04-25T17:22:09.610420-04:00,node-01,orders-api,500,True,anomalous,market_aware_v1,81.765,52.965,297.987,33.74,1.471,153.728,53.303,3.962
645ef806-a6af-4b76-a359-3ca3fe261915,2026-04-25T17:22:09.620881-04:00,node-01,checkout-api,503,True,anomalous,market_aware_v1,77.079,59.71,330.463,28.865,1.511,160.59,28.393,4.168
078f7996-a30a-43db-bba8-871be1dd187c,2026-04-25T17:22:09.631355-04:00,node-01,payments-api,503,True,anomalous,market_aware_v1,71.61,60.518,331.91,25.939,1.521,160.552,15.582,4.349
cfc9fe9f-5693-4dba-8e90-8f2ae60e90d2,2026-04-25T17:22:09.641907-04:00,node-01,orders-api,429,True,anomalous,market_aware_v1,82.81,59.244,310.227,30.317,1.559,154.388,45.641,4.22
378fbf0c-b215-43e5-885b-7649e3a9e5d2,2026-04-25T17:22:09.652410-04:00,node-01,checkout-api,500,True,anomalous,market_aware_v1,73.501,57.829,320.9,28.614,1.474,155.842,30.503,4.098
ecc03371-95d8-4b63-b031-d8b5a10e9d43,2026-04-25T17:22:09.662894-04:00,node-01,payments-api,429,True,anomalous,market_aware_v1,71.364,57.086,320.738,25.741,1.44,156.706,9.79,4.122
1f4f794b-ee4b-4ddb-88c3-0e4230da84c8,2026-04-25T17:22:09.673343-04:00,node-01,orders-api,429,True,anomalous,market_aware_v1,78.027,54.851,287.964,29.189,1.303,142.535,50.679,3.514
bb2792d1-3a79-43b1-889f-910b023cd422,2026-04-25T17:22:09.683807-04:00,node-01,checkout-api,429,True,anomalous,market_aware_v1,74.137,55.992,314.191,24.989,1.623,161.228,21.01,4.301
7a641cfa-0fc0-40f7-8fe5-b2a96cdb46f3,2026-04-25T17:22:09.694240-04:00,node-01,payments-api,500,True,anomalous,market_aware_v1,70.596,61.255,332.438,24.692,1.514,161.386,3.93,4.212
eb7044de-4122-4a42-b4e9-a0757d53256b,2026-04-25T17:22:09.704728-04:00,node-01,orders-api,502,True,anomalous,market_aware_v1,75.279,53.69,283.152,29.236,1.288,145.332,48.565,3.629
2dc964ab-3dc3-47cc-8ece-5846076bd186,2026-04-25T17:22:09.715199-04:00,node-01,checkout-api,500,True,anomalous,market_aware_v1,75.697,55.889,317.789,28.412,1.582,155.612,23.573,4.354
8ec6b092-4af1-47ef-b448-145117249e3e,2026-04-25T17:22:09.725651-04:00,node-01,payments-api,503,True,anomalous,market_aware_v1,66.647,58.66,322.981,22.261,1.472,151.995,12.203,4.074
a234e783-bde1-4b6d-956f-2789c7507260,2026-04-25T17:22:09.736127-04:00,node-01,orders-api,500,True,anomalous,market_aware_v1,75.703,54.862,303.118,28.989,1.336,151.477,47.235,3.665
3ce4211d-2930-4885-99bc-725de02e4aa9,2026-04-25T17:22:09.746642-04:00,node-01,checkout-api,503,True,anomalous,market_aware_v1,75.288,56.072,312.157,24.23,1.507,147.863,22.491,3.965
7a4d7370-dfea-4dd5-afab-ed7fcbafc460,2026-04-25T17:22:09.757097-04:00,node-01,payments-api,500,True,anomalous,market_aware_v1,74.513,58.343,338.189,22.605,1.498,158.985,8.479,4.011
bd7a80a4-87a3-4994-bbd4-0c815a04b831,2026-04-25T17:22:09.767556-04:00,node-01,orders-api,429,True,anomalous,market_aware_v1,74.672,55.293,297.11,26.374,1.377,155.865,50.302,3.955
16a20109-8593-448d-83b2-d49ff1ace03d,2026-04-25T17:22:09.778014-04:00,node-01,checkout-api,429,True,anomalous,market_aware_v1,70.921,58.121,301.983,26.751,1.44,146.025,35.638,3.748
cf60f8f7-e8b8-4d73-9e25-47c2cfa2a9bd,2026-04-25T17:22:09.788458-04:00,node-01,payments-api,429,True,anomalous,market_aware_v1,71.599,58.444,320.512,25.821,1.47,158.021,17.216,4.139
92db3e9d-ae61-4b1e-98a3-da8e1e7f1d0f,2026-04-25T17:22:09.798916-04:00,node-01,orders-api,500,True,anomalous,market_aware_v1,78.468,56.405,318.137,31.782,1.61,168.175,50.079,4.725
0e4cf42b-6d2e-49bd-8bdb-055fbb5722b6,2026-04-25T17:22:09.809390-04:00,node-01,checkout-api,502,True,anomalous,market_aware_v1,83.25,61.135,322.944,32.488,1.855,159.18,23.389,4.655
67f24e28-5dce-4285-946d-afc9792215b3,2026-04-25T17:22:09.819913-04:00,node-01,payments-api,500,True,anomalous,market_aware_v1,72.744,64.807,333.708,25.658,1.504,161.817,16.935,4.217
db50aa79-c7ec-4dd8-bbcb-ea2b1962981a,2026-04-25T17:22:09.830353-04:00,node-01,orders-api,503,True,anomalous,market_aware_v1,81.579,56.665,313.177,31.93,1.39,160.027,50.5,4.116
fbfc9fed-e37a-4bcf-956d-cc8f2ca22ef4,2026-04-25T17:22:09.840814-04:00,node-01,checkout-api,503,True,anomalous,market_aware_v1,81.533,66.616,342.046,32.805,1.95,163.732,25.121,4.798
9ceaee59-1598-4ca2-9762-fcab5f85ecc2,2026-04-25T17:22:09.851274-04:00,node-01,payments-api,500,True,anomalous,market_aware_v1,81.066,64.64,360.085,25.684,1.792,173.831,10.859,4.988
732a959f-6e37-45b9-b44e-bc24afa5ac32,2026-04-25T17:22:09.861854-04:00,node-01,orders-api,500,True,anomalous,market_aware_v1,85.766,57.001,325.127,33.814,1.696,162.41,45.023,4.424
49c37c89-cda0-418d-af55-6a1d5d3d740b,2026-04-25T17:22:09.872331-04:00,node-01,checkout-api,500,True,anomalous,market_aware_v1,78.559,57.602,321.331,31.561,1.576,158.634,31.52,4.179
16b43baa-2d0a-4819-bb5f-0fbcadb51a64,2026-04-25T17:22:09.882877-04:00,node-01,payments-api,502,True,anomalous,market_aware_v1,81.212,64.057,350.165,27.153,1.936,170.194,16.259,4.954
dbdf21c6-a041-4560-99fe-c4e6cec7b547,2026-04-25T17:22:09.893371-04:00,node-01,orders-api,502,True,anomalous,market_aware_v1,84.176,59.865,295.181,30.775,1.304,151.498,61.168,3.698
2f3b6acb-f297-43b3-a8ff-cd92cf981798,2026-04-25T17:22:09.903880-04:00,node-01,checkout-api,500,True,anomalous,market_aware_v1,81.632,63.127,324.484,31.58,1.428,153.29,39.661,3.927
b45be62b-f4c5-4550-a71e-f3d634038b65,2026-04-25T17:22:09.914424-04:00,node-01,payments-api,503,True,anomalous,market_aware_v1,74.099,62.683,338.352,26.822,1.539,163.671,19.672,4.447
6aa36698-ae31-4896-a9c6-b3f486abb5c5,2026-04-25T17:22:09.924902-04:00,node-01,orders-api,503,True,anomalous,market_aware_v1,81.519,60.988,302.051,31.4,1.281,156.774,54.192,3.887
6e206ad7-97f6-414d-bdd4-7948ee0a4b45,2026-04-25T17:22:09.935346-04:00,node-01,checkout-api,429,True,anomalous,market_aware_v1,83.309,64.627,332.037,29.895,1.547,156.137,39.85,4.203
1c67c343-cb85-4b05-bbd0-991d77f39d8f,2026-04-25T17:22:09.945840-04:00,node-01,payments-api,429,True,anomalous,market_aware_v1,74.971,66.737,337.56,27.562,1.551,161.63,21.328,4.136
ba5a96e2-05ae-4c41-bf9e-d1e3c70273b0,2026-04-25T17:22:09.956315-04:00,node-01,orders-api,429,True,anomalous,market_aware_v1,82.091,56.781,318.415,30.556,1.356,161.031,56.481,4.054
1aa7019e-a48e-4881-b7e3-8334ece97143,2026-04-25T17:22:09.966850-04:00,node-01,checkout-api,500,True,anomalous,market_aware_v1,79.927,62.427,311.863,29.578,1.423,150.911,33.568,3.971
ac18bc83-626c-4ce1-8342-5b7a8aa1c6e3,2026-04-25T17:22:09.977321-04:00,node-01,payments-api,500,True,anomalous,market_aware_v1,75.418,62.818,320.404,25.628,1.521,155.143,26.382,4.093
91789929-41f4-488c-837f-79845022f6e7,2026-04-25T17:22:09.987907-04:00,node-01,orders-api,429,True,anomalous,market_aware_v1,83.659,60.291,322.615,30.526,1.344,160.407,52.158,3.895
3d5a1fd0-43b7-4daa-85af-7c3ecc3b30f7,2026-04-25T17:22:09.998400-04:00,node-01,checkout-api,500,True,anomalous,market_aware_v1,79.778,56.938,328.126,30.039,1.496,153.257,30.159,4.045
a270eb55-56da-4fd5-bd75-53bfdd45a33a,2026-04-25T17:22:10.008889-04:00,node-01,payments-api,502,True,anomalous,market_aware_v1,72.938,61.973,329.93,26.058,1.518,160.868,13.992,4.208
d3b924e9-5186-4311-8f06-af81acdf33aa,2026-04-25T17:22:10.019386-04:00,node-01,orders-api,502,True,anomalous,market_aware_v1,77.161,57.409,299.687,29.357,1.406,155.395,51.407,3.826
7790c3de-5d19-4c2a-bb4a-ff9b7f6fec84,2026-04-25T17:22:10.029914-04:00,node-01,checkout-api,502,True,anomalous,market_aware_v1,80.958,60.871,335.87,30.025,1.558,159.378,24.028,4.212
5c2caac9-a023-4244-9629-741770f09896,2026-04-25T17:22:10.040435-04:00,node-01,payments-api,503,True,anomalous,market_aware_v1,70.122,62.334,321.253,25.561,1.461,155.592,18.612,4.191
303390cc-5275-49a4-9bf5-04aede4b36b8,2026-04-25T17:22:10.050907-04:00,node-01,orders-api,429,True,anomalous,market_aware_v1,82.262,56.737,314.42,30.444,1.374,157.048,47.636,4.011
726a361f-ea05-4d0f-ab46-0214839bbe1a,2026-04-25T17:22:10.061374-04:00,node-01,checkout-api,502,True,anomalous,market_aware_v1,78.771,61.991,330.703,28.315,1.678,162.138,25.981,4.506
d2ee6d9d-2a39-4912-b93b-b0d86ae028b2,2026-04-25T17:22:10.071845-04:00,node-01,payments-api,502,True,anomalous,market_aware_v1,69.255,61.181,309.529,21.549,1.423,149.955,18.687,3.851
e180968c-9b8e-49a0-97ea-d61e94973cac,2026-04-25T17:22:10.082330-04:00,node-01,orders-api,502,True,anomalous,market_aware_v1,78.014,57.038,298.544,28.86,1.355,152.084,51.945,3.722
51de07b7-7da0-4477-bebe-5a07d5b455d7,2026-04-25T17:22:10.092860-04:00,node-01,checkout-api,500,True,anomalous,market_aware_v1,76.646,57.598,335.168,26.44,1.561,161.783,25.205,4.238
4a2e2cdb-39a0-4304-aa7a-d768f40e48e1,2026-04-25T17:22:10.103368-04:00,node-01,payments-api,502,True,anomalous,market_aware_v1,72.818,63.19,332.157,23.547,1.493,159.773,8.924,4.226
921ed070-4a8d-42aa-b14a-0c0d65a5e97c,2026-04-25T17:22:10.113878-04:00,node-01,orders-api,429,True,anomalous,market_aware_v1,77.467,52.847,298.927,30.894,1.268,146.12,49.385,3.575
50b037db-c528-496f-b788-404ca5e9a80d,2026-04-25T17:22:10.124351-04:00,node-01,checkout-api,503,True,anomalous,market_aware_v1,78.545,63.021,322.388,26.189,1.408,157.238,24.085,3.959
f787a728-f95e-4ab0-b1d5-3e2983cb0fa7,2026-04-25T17:22:10.134879-04:00,node-01,payments-api,503,True,anomalous,market_aware_v1,69.879,57.585,322.068,24.212,1.459,155.288,17.499,4.138
3be95040-3a8b-4a7c-b77d-0de436e9975c,2026-04-25T17:22:10.145358-04:00,node-01,orders-api,503,True,anomalous,market_aware_v1,78.467,55.471,302.009,29.274,1.403,152.525,51.664,3.837
966135a3-3931-4b4c-bb3e-880d2bf59930,2026-04-25T17:22:10.155861-04:00,node-01,checkout-api,429,True,anomalous,market_aware_v1,83.263,55.394,336.313,28.879,1.474,159.974,31.542,4.19
b6fc76b2-9844-4497-b3b4-8e74d651d1a8,2026-04-25T17:22:10.166317-04:00,node-01,payments-api,429,True,anomalous,market_aware_v1,77.083,61.354,336.204,23.375,1.531,161.389,9.537,4.326
51de809a-3541-4edf-8c20-307e6244cf68,2026-04-25T17:22:10.176776-04:00,node-01,orders-api,502,True,anomalous,market_aware_v1,81.831,56.938,323.661,34.189,1.462,167.546,51.707,4.35
4321bb6a-c3ac-490d-9245-92d69bba34f8,2026-04-25T17:22:10.187238-04:00,node-01,checkout-api,500,True,anomalous,market_aware_v1,79.125,62.379,317.17,30.357,1.586,163.182,29.875,4.352
99fe9458-0917-49db-b6c8-1dafbd01420a,2026-04-25T17:22:10.197684-04:00,node-01,payments-api,503,True,anomalous,market_aware_v1,79.412,61.555,339.697,26.395,1.504,161.391,21.515,4.181
7d8c6a75-02a3-4d83-82e9-cf17e96ffd4f,2026-04-25T17:22:10.208143-04:00,node-01,orders-api,503,True,anomalous,market_aware_v1,83.902,59.335,301.482,30.956,1.277,155.456,50.474,3.776
8db16de9-d316-4189-8938-71b0c6d612a3,2026-04-25T17:22:10.218612-04:00,node-01,checkout-api,500,True,anomalous,market_aware_v1,82.38,63.682,330.347,29.667,1.489,162.167,32.761,4.247
418638d2-5cd9-4b3f-ba5b-38df49c19dc1,2026-04-25T17:22:10.229037-04:00,node-01,payments-api,429,True,anomalous,market_aware_v1,79.602,65.189,331.59,29.488,1.439,159.806,24.708,4.19
453376c7-bbb8-49e5-9994-75b9e749af15,2026-04-25T17:22:10.239687-04:00,node-01,orders-api,500,True,anomalous,market_aware_v1,88.215,61.253,319.179,33.041,1.372,157.2,55.461,3.946
a3f24080-23a7-4c52-8bf2-b6ed97572782,2026-04-25T17:22:10.250115-04:00,node-01,checkout-api,503,True,anomalous,market_aware_v1,84.232,63.43,334.017,34.507,1.562,160.033,34.778,4.277
2ff788d0-6859-4dad-86de-7e0ee06c3497,2026-04-25T17:22:10.260552-04:00,node-01,payments-api,500,True,anomalous,market_aware_v1,78.035,64.104,337.776,28.175,1.521,166.841,27.127,4.355
3b02bd5e-c83a-47db-bc01-19459e086e07,2026-04-25T17:22:10.270971-04:00,node-01,orders-api,429,True,anomalous,market_aware_v1,87.788,59.597,309.498,32.697,1.407,154.945,58.999,3.847
68e55cc6-828d-49fc-a359-8a47df924029,2026-04-25T17:22:10.281453-04:00,node-01,checkout-api,503,True,anomalous,market_aware_v1,87.165,64.995,337.272,29.824,1.538,161.964,35.341,4.295
c161bde5-3a4d-4885-b3fa-5aa247f09005,2026-04-25T17:22:10.291884-04:00,node-01,payments-api,500,True,anomalous,market_aware_v1,80.448,66.753,341.191,28.388,1.605,164.664,24.593,4.33
c57b794f-e234-47fa-93af-173a8a32da29,2026-04-25T17:22:10.302388-04:00,node-01,orders-api,503,True,anomalous,market_aware_v1,87.928,64.478,316.743,32.061,1.373,163.34,59.244,4.135
f2a1a61f-763b-4520-a398-5822239f5876,2026-04-25T17:22:10.312872-04:00,node-01,checkout-api,503,True,anomalous,market_aware_v1,85.969,62.813,344.331,31.994,1.748,172.115,33.778,4.908
ac56d3e2-9c1a-44b6-b264-5a281d12afdd,2026-04-25T17:22:10.323275-04:00,node-01,payments-api,503,True,anomalous,market_aware_v1,78.074,66.321,343.3,27.068,1.595,170.181,17.906,4.499
58a678bb-3fe5-4f8d-b21b-4ff4c2714b5a,2026-04-25T17:22:10.333738-04:00,node-01,orders-api,500,True,anomalous,market_aware_v1,85.821,60.244,298.596,34.317,1.358,153.601,62.551,3.844
9ba00949-46e7-4a5f-9de7-916e479db50c,2026-04-25T17:22:10.344154-04:00,node-01,checkout-api,429,True,anomalous,market_aware_v1,80.772,62.903,329.444,31.132,1.589,159.554,38.882,4.306
5943371f-3979-4012-a468-63aa61e2c4c1,2026-04-25T17:22:10.354705-04:00,node-01,payments-api,500,True,anomalous,market_aware_v1,81.18,66.062,329.864,27.139,1.515,160.185,17.87,4.17
09524acd-5c06-480e-b8d3-ebd9ea57b8f4,2026-04-25T17:22:10.365145-04:00,node-01,orders-api,502,True,anomalous,market_aware_v1,80.392,58.983,305.403,31.931,1.37,155.005,55.812,3.936
9e703b93-33c5-4202-b4e4-8a8a2e60736b,2026-04-25T17:22:10.376017-04:00,node-01,checkout-api,502,True,anomalous,market_aware_v1,80.57,60.892,309.17,30.14,1.495,152.019,29.419,4.166
6d64c73c-54e5-4450-ae9e-64079082efe3,2026-04-25T17:22:10.386401-04:00,node-01,payments-api,503,True,anomalous,market_aware_v1,72.331,59.97,326.788,24.709,1.432,158.241,16.403,4.221
0024ef22-29d5-4ab5-8b8b-fe804d3e13c4,2026-04-25T17:22:10.396811-04:00,node-01,orders-api,503,True,anomalous,market_aware_v1,77.782,57.081,323.404,31.997,1.366,162.289,46.806,4.028
f4a078e2-1439-4bbb-a1f2-b426bf33fa80,2026-04-25T17:22:10.407215-04:00,node-01,checkout-api,429,True,anomalous,market_aware_v1,78.166,59.737,328.456,28.938,1.481,164.032,34.685,4.221
bcdacdb0-da3c-4fa6-8f8c-58d86e955b1f,2026-04-25T17:22:10.417698-04:00,node-01,payments-api,502,True,anomalous,market_aware_v1,73.376,58.813,330.324,25.185,1.545,159.533,12.92,4.206
a589507a-0d57-42ed-8ded-3b660b548095,2026-04-25T17:22:10.428117-04:00,node-01,orders-api,500,True,anomalous,market_aware_v1,77.57,56.393,300.38,30.836,1.413,155.392,53.674,3.95
d3b7d819-c08e-439b-ae0c-f9adee02cc60,2026-04-25T17:22:10.438527-04:00,node-01,checkout-api,502,True,anomalous,market_aware_v1,72.533,60.859,312.628,28.508,1.501,151.547,32.591,4.069
2c1e7d39-bc26-4172-b293-24b4379ae183,2026-04-25T17:22:10.448938-04:00,node-01,payments-api,502,True,anomalous,market_aware_v1,68.156,59.343,331.236,26.26,1.439,157.091,15.366,4.116
0adeef87-0e2e-4265-9e66-f617f0901f47,2026-04-25T17:22:10.459354-04:00,node-01,orders-api,429,True,anomalous,market_aware_v1,74.81,55.008,298.353,27.608,1.381,152.452,45.344,3.818
a90e2607-d3a5-431c-9c17-5f17f8bf810f,2026-04-25T17:22:10.469830-04:00,node-01,checkout-api,429,True,anomalous,market_aware_v1,73.013,59.114,319.446,28.997,1.593,156.246,25.139,4.018
d3049817-08e1-4a10-abb6-b5a5a4771573,2026-04-25T17:22:10.480266-04:00,node-01,payments-api,500,True,anomalous,market_aware_v1,66.403,58.939,321.13,24.357,1.388,152.36,5.323,3.921
9f3f575a-2862-4574-beaf-807b9d3eb271,2026-04-25T17:22:10.490766-04:00,node-01,orders-api,500,True,anomalous,market_aware_v1,76.155,52.574,299.772,28.866,1.352,151.75,45.828,3.762
d16d2f74-01da-48ab-b434-4b0ae939a296,2026-04-25T17:22:10.501204-04:00,node-01,checkout-api,502,True,anomalous,market_aware_v1,72.299,60.487,316.094,28.308,1.47,152.226,24.094,4.016
adb84a1d-6fbc-4ff0-8ad9-2b62fd17efaf,2026-04-25T17:22:10.511669-04:00,node-01,payments-api,503,True,anomalous,market_aware_v1,70.794,58.849,339.66,26.724,1.529,159.46,8.119,4.305
c98df967-b425-4ac7-981f-f365324b4320,2026-04-25T17:22:10.522089-04:00,node-01,orders-api,503,True,anomalous,market_aware_v1,76.511,57.072,300.419,27.89,1.328,154.39,44.242,3.872
fbc767b4-46c2-4fe0-bf39-0d083d36cf38,2026-04-25T17:22:10.532523-04:00,node-01,checkout-api,503,True,anomalous,market_aware_v1,75.652,56.466,302.221,28.847,1.347,147.722,28.22,3.787
0219a3c9-7b59-47d6-9091-222b2185e664,2026-04-25T17:22:10.542942-04:00,node-01,payments-api,502,True,anomalous,market_aware_v1,64.713,63.145,333.244,25.77,1.563,157.957,7.137,4.316
b8162a13-7202-4327-8d39-ec059a7fb39d,2026-04-25T17:22:10.553429-04:00,node-01,orders-api,502,True,anomalous,market_aware_v1,81.837,58.677,332.075,32.165,1.722,162.882,34.438,4.489
de43ad94-3620-4470-b03a-ec1e3f221637,2026-04-25T17:22:10.563874-04:00,node-01,checkout-api,503,True,anomalous,market_aware_v1,77.061,57.304,336.759,27.846,1.589,160.742,19.714,4.326
2cbaf90e-3fcf-4d7b-bf37-4c637261694b,2026-04-25T17:22:10.574331-04:00,node-01,payments-api,429,True,anomalous,market_aware_v1,74.529,58.417,340.049,25.927,1.571,164.313,9.189,4.368
90080bfd-3a1f-4551-a05a-3eddb20582fd,2026-04-25T17:22:10.584857-04:00,node-01,orders-api,503,True,anomalous,market_aware_v1,82.338,56.497,299.735,29.589,1.311,148.575,52.794,3.479
fc4d4fdb-b70c-41f3-971a-40e6c0416e4a,2026-04-25T17:22:10.595244-04:00,node-01,checkout-api,429,True,anomalous,market_aware_v1,76.423,56.717,324.987,29.811,1.624,161.007,21.506,4.373
5e9a6580-891f-4c87-8581-4dbe9c3121f2,2026-04-25T17:22:10.605687-04:00,node-01,payments-api,502,True,anomalous,market_aware_v1,69.278,65.059,320.519,27.086,1.425,160.868,14.163,4.138
7453002e-ba8e-4957-9826-54ee52085e60,2026-04-25T17:22:10.616133-04:00,node-01,orders-api,503,True,anomalous,market_aware_v1,79.238,56.033,305.736,30.902,1.351,150.277,52.085,3.703
529ad1ec-55e1-4a84-afb7-893f8ac7733b,2026-04-25T17:22:10.626555-04:00,node-01,checkout-api,429,True,anomalous,market_aware_v1,77.119,62.421,330.611,29.669,1.498,162.316,33.614,4.312
2d0879e3-1221-4621-963a-adf8cab7cdd9,2026-04-25T17:22:10.636933-04:00,node-01,payments-api,503,True,anomalous,market_aware_v1,77.739,66.206,341.827,27.399,1.525,164.621,17.639,4.415
82aceb9e-0151-47ee-a7fc-a44d300384bc,2026-04-25T17:22:10.647311-04:00,node-01,orders-api,502,True,anomalous,market_aware_v1,83.888,61.964,303.427,31.985,1.368,155.501,57.332,3.959
d94aa01e-9555-48d7-9d7a-9af54ae619b9,2026-04-25T17:22:10.657740-04:00,node-01,checkout-api,500,True,anomalous,market_aware_v1,82.854,66.312,347.926,31.13,1.835,164.437,26.636,4.772
2a8e5186-de58-44f4-ab8e-7534b9cf5d35,2026-04-25T17:22:10.668194-04:00,node-01,payments-api,500,True,anomalous,market_aware_v1,77.985,63.883,340.515,25.657,1.462,161.173,14.184,4.171
d84b9eba-a415-405e-b271-8392f2df0406,2026-04-25T17:22:10.678914-04:00,node-01,orders-api,500,True,anomalous,market_aware_v1,84.095,60.185,315.674,32.654,1.261,153.486,58.97,3.767
b8cee695-f6d2-48c0-a63c-80a20056d539,2026-04-25T17:22:10.689365-04:00,node-01,checkout-api,500,True,anomalous,market_aware_v1,80.039,62.778,336.446,32.038,1.557,166.677,27.18,4.403
5d083090-1abc-490b-8197-87759cc3e94b,2026-04-25T17:22:10.699846-04:00,node-01,payments-api,503,True,anomalous,market_aware_v1,74.216,62.761,346.963,27.268,1.667,165.52,14.332,4.372
6a6e8580-83af-4994-8a6a-9c7890421a8d,2026-04-25T17:22:10.710305-04:00,node-01,orders-api,500,True,anomalous,market_aware_v1,86.36,62.278,317.872,34.061,1.684,161.762,52.388,4.551
d9bffca6-d5e0-4651-85f7-c4a482aa606c,2026-04-25T17:22:10.720846-04:00,node-01,checkout-api,502,True,anomalous,market_aware_v1,83.578,61.643,323.586,28.706,1.532,161.577,31.167,4.208
e708786c-e99e-4061-9a17-7f75215a944f,2026-04-25T17:22:10.731234-04:00,node-01,payments-api,500,True,anomalous,market_aware_v1,75.91,61.466,326.645,28.029,1.536,160.276,21.152,4.248
f8a8a1d1-e2ae-4f99-abcb-d96820eb1eeb,2026-04-25T17:22:10.741671-04:00,node-01,orders-api,500,True,anomalous,market_aware_v1,83.698,58.665,305.607,31.889,1.388,154.142,59.767,3.991
2a011ae1-5a9f-4803-80eb-690e1ec3a1ea,2026-04-25T17:22:10.752173-04:00,node-01,checkout-api,503,True,anomalous,market_aware_v1,83.543,60.244,316.095,27.675,1.48,156.752,36.636,4.096
e6c7b84d-cddd-4303-a62b-f9e3e5105988,2026-04-25T17:22:10.762638-04:00,node-01,payments-api,500,True,anomalous,market_aware_v1,76.326,62.959,329.421,25.571,1.415,158.936,17.059,4.11
b608b370-97d3-4e68-86c8-ea297f6a836d,2026-04-25T17:22:10.773073-04:00,node-01,orders-api,429,True,anomalous,market_aware_v1,83.926,59.94,321.422,32.146,1.436,160.693,52.643,4.057
099d9ac9-7489-49ed-b021-667923045edb,2026-04-25T17:22:10.783558-04:00,node-01,checkout-api,429,True,anomalous,market_aware_v1,77.742,59.395,321.763,27.688,1.524,156.133,30.305,4.035
d34e1cbb-1831-44a2-a804-92a89101941b,2026-04-25T17:22:10.793994-04:00,node-01,payments-api,502,True,anomalous,market_aware_v1,76.441,62.918,342.789,26.528,1.523,166.808,8.378,4.398
8155f6a8-ba0f-4ea9-8ad5-dcde594d79f2,2026-04-25T17:22:10.804417-04:00,node-01,orders-api,500,True,anomalous,market_aware_v1,83.256,58.552,319.235,32.719,1.382,159.703,44.55,4.128
f6eea40e-024f-4789-b6fc-d0a81b755991,2026-04-25T17:22:10.814845-04:00,node-01,checkout-api,503,True,anomalous,market_aware_v1,76.319,62.257,333.276,28.448,1.662,159.381,24.563,4.299
d5a12b1a-96be-4f7b-9547-5e4695bf489b,2026-04-25T17:22:10.825250-04:00,node-01,payments-api,502,True,anomalous,market_aware_v1,74.779,62.975,330.596,24.642,1.516,161.784,12.004,4.245
7c0936dc-1b7f-4f1b-bedc-0e409cdf377b,2026-04-25T17:22:10.835707-04:00,node-01,orders-api,502,True,anomalous,market_aware_v1,84.108,58.91,313.281,30.249,1.531,159.255,52.991,4.25
7095f7cc-ec9e-4a99-a6cc-f4daa0fc86a9,2026-04-25T17:22:10.846141-04:00,node-01,checkout-api,502,True,anomalous,market_aware_v1,82.316,60.926,333.991,31.77,1.889,163.261,21.839,4.693
a6f5902a-d084-4e9b-992d-7b67436da4b5,2026-04-25T17:22:10.856598-04:00,node-01,payments-api,502,True,anomalous,market_aware_v1,71.26,61.753,322.172,26.198,1.488,156.078,16.131,4.196
2590af24-ab2d-4bf5-b0ad-4b130722ffb1,2026-04-25T17:22:10.867025-04:00,node-01,orders-api,503,True,anomalous,market_aware_v1,72.11,55.155,298.429,29.861,1.286,151.904,49.161,3.899
e0de5e66-507a-4677-88cd-022c3b232b79,2026-04-25T17:22:10.877499-04:00,node-01,checkout-api,503,True,anomalous,market_aware_v1,75.668,61.982,324.654,25.852,1.525,155.618,23.832,4.175
d4d916ef-48f0-486e-90d8-5220f58069e4,2026-04-25T17:22:10.887929-04:00,node-01,payments-api,500,True,anomalous,market_aware_v1,71.795,60.457,332.16,26.35,1.468,154.357,13.186,4.006
9bce28cb-cd38-4057-9f6d-21c2e8d427f9,2026-04-25T17:22:10.898388-04:00,node-01,orders-api,500,True,anomalous,market_aware_v1,80.863,55.232,293.964,28.864,1.313,152.613,49.255,3.797
7820c8d5-6cdf-47ea-9bb7-ffad89f6f8fb,2026-04-25T17:22:10.908853-04:00,node-01,checkout-api,429,True,anomalous,market_aware_v1,76.638,55.859,326.596,27.813,1.622,155.984,27.244,4.245
f99c9120-0aa9-4b17-b707-8abdd1bbea5a,2026-04-25T17:22:10.919270-04:00,node-01,payments-api,429,True,anomalous,market_aware_v1,68.995,61.216,330.178,24.577,1.554,162.255,6.91,4.254
caac4286-f9e4-4f80-861a-ecc574fc5ea9,2026-04-25T17:22:10.929808-04:00,node-01,orders-api,503,True,anomalous,market_aware_v1,79.731,54.062,296.405,29.871,1.394,155.822,49.76,3.896
ea753cd2-2636-43b9-b2da-39187702405e,2026-04-25T17:22:10.940188-04:00,node-01,checkout-api,429,True,anomalous,market_aware_v1,77.135,58.158,322.692,27.208,1.515,157.256,29.933,4.172
e6c1d5e2-37d5-4ca8-9ef5-7901813b96ab,2026-04-25T17:22:10.950648-04:00,node-01,payments-api,503,True,anomalous,market_aware_v1,72.119,64.956,331.534,23.904,1.539,164.246,16.428,4.271
537a4ea2-2630-4607-9d93-2e1ee5dfa235,2026-04-25T17:22:10.961120-04:00,node-01,orders-api,429,True,anomalous,market_aware_v1,82.922,58.231,320.821,31.89,1.354,160.71,49.551,3.889
2ff6ca99-9a79-4001-833b-72d2e9078042,2026-04-25T17:22:10.971550-04:00,node-01,checkout-api,503,True,anomalous,market_aware_v1,81.025,64.961,339.762,30.121,1.736,164.981,28.957,4.73
081bbb2b-1310-4726-b098-ed0c00501f48,2026-04-25T17:22:10.982089-04:00,node-01,payments-api,429,True,anomalous,market_aware_v1,77.775,63.179,339.881,28.831,1.509,160.937,16.151,4.323
a1f15afe-2f96-4f23-8f29-65207498704b,2026-04-25T17:22:10.992552-04:00,node-01,orders-api,500,True,anomalous,market_aware_v1,83.377,58.622,319.748,32.582,1.424,163.955,49.625,4.054
f4f94ec6-3bd3-41da-a457-4a68a60db62e,2026-04-25T17:22:11.002986-04:00,node-01,checkout-api,502,True,anomalous,market_aware_v1,78.42,62.601,329.224,31.292,1.622,160.002,30.605,4.3
5a560218-51e8-44c2-9836-76df02db8296,2026-04-25T17:22:11.013409-04:00,node-01,payments-api,500,True,anomalous,market_aware_v1,78.357,62.847,332.438,26.439,1.543,163.517,15.33,4.296
8aa2e762-7649-44f0-9242-e2086cfde735,2026-04-25T17:22:11.023844-04:00,node-01,orders-api,500,True,anomalous,market_aware_v1,85.719,58.755,318.106,33.768,1.412,161.376,55.065,3.984
f7f7601b-a388-420b-9e51-4169f1df6281,2026-04-25T17:22:11.034267-04:00,node-01,checkout-api,503,True,anomalous,market_aware_v1,82.643,63.782,330.605,30.609,1.553,162.504,33.552,4.281
fcb0e211-b1ef-4359-be0f-5099d79f4525,2026-04-25T17:22:11.044785-04:00,node-01,payments-api,502,True,anomalous,market_aware_v1,83.489,65.626,334.933,30.221,1.465,165.262,24.758,4.313
cc186f69-e99f-4ff8-9901-74232c5dbc81,2026-04-25T17:22:11.055244-04:00,node-01,orders-api,500,True,anomalous,market_aware_v1,85.262,63.801,307.948,34.245,1.378,160.447,61.893,3.93
4c82ced2-df1c-4c65-b5ab-cb052b15dd0b,2026-04-25T17:22:11.065662-04:00,node-01,checkout-api,503,True,anomalous,market_aware_v1,84.721,66.18,325.139,29.477,1.629,161.76,32.488,4.33
80d315c9-fec1-422b-944c-a7fb1f359c3f,2026-04-25T17:22:11.076089-04:00,node-01,payments-api,503,True,anomalous,market_aware_v1,84.361,66.018,355.203,28.376,1.538,168.358,26.032,4.307
982b6174-508d-4ef9-9b0e-36472f1f6919,2026-04-25T17:22:11.086549-04:00,node-01,orders-api,429,True,anomalous,market_aware_v1,88.681,64.524,307.483,33.683,1.419,158.407,61.048,4.057
aab75791-fbfb-4e06-923f-7873d4123b16,2026-04-25T17:22:11.096974-04:00,node-01,checkout-api,503,True,anomalous,market_aware_v1,84.363,64.601,322.341,29.702,1.565,157.378,38.806,4.034
fcc208ce-8924-4a69-aa67-d3d557daecdf,2026-04-25T17:22:11.107462-04:00,node-01,payments-api,500,True,anomalous,market_aware_v1,79.357,66.974,341.166,27.071,1.501,163.068,27.925,4.233
477e9fbd-f9d9-4829-acf9-2188700a3336,2026-04-25T17:22:11.117898-04:00,node-01,orders-api,429,True,anomalous,market_aware_v1,83.398,62.06,321.174,29.477,1.385,161.182,54.799,4.093
866cf66b-949c-484d-be01-5aa5a654fdab,2026-04-25T17:22:11.128335-04:00,node-01,checkout-api,500,True,anomalous,market_aware_v1,88.867,60.602,349.38,28.563,1.663,168.545,32.664,4.446
c9211db9-5dd6-499f-a311-7326d2bbc70d,2026-04-25T17:22:11.138798-04:00,node-01,payments-api,502,True,anomalous,market_aware_v1,79.955,65.021,338.422,28.677,1.528,162.156,24.914,4.223
fd0e40d6-f97b-4608-a6f7-8c4dc424e47d,2026-04-25T17:22:11.149202-04:00,node-01,orders-api,429,True,anomalous,market_aware_v1,83.717,55.487,301.458,33.054,1.385,156.329,60.573,3.934
0a07c5cf-c995-4b6c-94be-7ff55e2885fd,2026-04-25T17:22:11.159595-04:00,node-01,checkout-api,503,True,anomalous,market_aware_v1,84.695,59.984,333.265,28.828,1.589,161.214,27.958,4.224
d5354c33-af9b-48ac-ba55-1c9decd3f724,2026-04-25T17:22:11.170018-04:00,node-01,payments-api,503,True,anomalous,market_aware_v1,75.721,57.163,344.09,25.603,1.552,162.825,15.114,4.328
13fa4d09-e7ed-47d8-bb8b-0f6f8348f9e4,2026-04-25T17:22:11.180500-04:00,node-01,orders-api,429,True,anomalous,market_aware_v1,78.662,55.886,307.197,31.064,1.419,160.634,56.401,3.926
c1c9e3d4-62d9-417f-b76c-fab7932e638a,2026-04-25T17:22:11.190977-04:00,node-01,checkout-api,429,True,anomalous,market_aware_v1,78.796,59.939,312.664,29.352,1.46,153.055,36.171,3.966
af8fb4df-ac87-4c94-afed-8a75f04b1db2,2026-04-25T17:22:11.201419-04:00,node-01,payments-api,429,True,anomalous,market_aware_v1,74.637,62.194,329.358,26.302,1.626,165.348,21.054,4.443
72b8730a-5cc0-4089-8e13-c65e60fcdd7b,2026-04-25T17:22:11.211841-04:00,node-01,orders-api,503,True,anomalous,market_aware_v1,80.853,56.432,317.018,26.046,1.449,161.382,47.146,4.048
5cb0fc5c-b704-4813-9216-f663bf44176e,2026-04-25T17:22:11.222255-04:00,node-01,checkout-api,429,True,anomalous,market_aware_v1,78.227,60.539,324.152,29.737,1.499,162.753,25.207,4.162
98bcada5-2882-4520-b6de-d051ad59c7e5,2026-04-25T17:22:11.232717-04:00,node-01,payments-api,503,True,anomalous,market_aware_v1,77.338,66.138,346.577,26.273,1.927,167.095,1.577,4.877
9ab5c344-238d-40cc-a4a6-2a019f3619e2,2026-04-25T17:22:11.243280-04:00,node-01,orders-api,500,True,anomalous,market_aware_v1,75.291,53.613,319.95,30.233,1.538,160.673,50.067,4.184
6d93f7b5-fcfb-4f99-8a52-86dbbfb92878,2026-04-25T17:22:11.253837-04:00,node-01,checkout-api,502,True,anomalous,market_aware_v1,76.25,54.182,330.421,28.073,1.627,164.657,13.692,4.467
7f50ee1c-9a6d-46a0-9d58-324765875bb8,2026-04-25T17:22:11.264257-04:00,node-01,payments-api,502,True,anomalous,market_aware_v1,75.678,58.124,350.294,24.335,1.568,164.636,6.707,4.312
fe08a495-d751-46a2-87bd-3c7883057613,2026-04-25T17:22:11.274804-04:00,node-01,orders-api,502,True,anomalous,market_aware_v1,75.223,53.588,297.073,28.069,1.433,151.48,45.904,3.886
ec9cdf08-e51a-4546-ad38-c35039511195,2026-04-25T17:22:11.285213-04:00,node-01,checkout-api,502,True,anomalous,market_aware_v1,75.008,57.699,324.805,26.625,1.579,157.37,19.281,4.071
1406239c-4dfc-44a3-b559-600484edc135,2026-04-25T17:22:11.295640-04:00,node-01,payments-api,500,True,anomalous,market_aware_v1,70.27,60.03,343.216,25.544,1.598,166.478,8.321,4.481
1db56405-b256-4f0f-a1db-61c72a80bd15,2026-04-25T17:22:11.306073-04:00,node-01,orders-api,500,True,anomalous,market_aware_v1,76.12,56.174,309.189,28.246,1.414,158.683,42.407,3.985
05a77144-7120-42ef-99c7-972b3eedc889,2026-04-25T17:22:11.316540-04:00,node-01,checkout-api,502,True,anomalous,market_aware_v1,75.174,55.895,324.11,26.388,1.47,154.579,19.729,4.054
7f19dac4-8c1d-4e19-b089-689435b47589,2026-04-25T17:22:11.327097-04:00,node-01,payments-api,503,True,anomalous,market_aware_v1,65.043,61.988,335.172,24.572,1.518,161.919,9.229,4.236
07f514fc-5ac2-404f-87cf-810da53b300c,2026-04-25T17:22:11.337783-04:00,node-01,orders-api,503,True,anomalous,market_aware_v1,83.378,53.39,304.443,30.598,1.73,156.431,44.829,4.354
909d0e46-f539-4956-bfb3-27d44ead112e,2026-04-25T17:22:11.348444-04:00,node-01,checkout-api,503,True,anomalous,market_aware_v1,73.709,58.621,318.001,28.064,1.583,157.126,24.251,4.192
ab6ec1a2-1947-4ee1-b43e-4ae306ea3982,2026-04-25T17:22:11.359023-04:00,node-01,payments-api,429,True,anomalous,market_aware_v1,76.037,63.4,342.483,25.77,1.554,166.336,8.745,4.428
673c2544-1d00-4cff-b239-208865859a41,2026-04-25T17:22:11.369529-04:00,node-01,orders-api,500,True,anomalous,market_aware_v1,79.249,57.185,317.154,29.288,1.405,164.211,41.72,4.12
89b2ef7a-1ff8-4d1f-8392-599042b3b970,2026-04-25T17:22:11.380056-04:00,node-01,checkout-api,429,True,anomalous,market_aware_v1,77.022,57.47,337.434,28.282,1.487,160.281,26.112,4.162
b7f24373-e6e7-47b4-a44e-df295a86d95b,2026-04-25T17:22:11.390517-04:00,node-01,payments-api,500,True,anomalous,market_aware_v1,74.459,58.145,326.062,25.743,1.511,159.056,17.021,4.018
6b0e7948-8197-4936-a851-fada88330dd7,2026-04-25T17:22:11.400947-04:00,node-01,orders-api,500,True,anomalous,market_aware_v1,81.156,55.222,323.925,29.664,1.434,164.219,46.898,4.107
9d3ccbd1-8d8e-44a9-baae-328fe5f1c86c,2026-04-25T17:22:11.411499-04:00,node-01,checkout-api,500,True,anomalous,market_aware_v1,82.234,62.35,334.658,27.58,1.565,163.486,26.321,4.426
0b7c58c4-9677-4b7f-a73b-e15c15293974,2026-04-25T17:22:11.421926-04:00,node-01,payments-api,502,True,anomalous,market_aware_v1,78.557,67.48,339.697,24.059,1.592,163.838,17.16,4.41
3fea260e-e4bf-471b-bd21-bc9c8d9d182b,2026-04-25T17:22:11.432474-04:00,node-01,orders-api,500,True,anomalous,market_aware_v1,83.886,63.13,320.815,32.297,1.685,156.173,51.672,4.337
00ce0a61-961b-42db-a983-d19a5708c241,2026-04-25T17:22:11.442899-04:00,node-01,checkout-api,502,True,anomalous,market_aware_v1,80.143,62.557,331.424,28.655,1.583,160.047,29.564,4.303
7bbe2c94-ffb3-4827-8da1-88cbc6637ef2,2026-04-25T17:22:11.453341-04:00,node-01,payments-api,502,True,anomalous,market_aware_v1,79.737,63.877,343.511,23.06,1.454,163.212,21.577,4.275
38d9a055-17eb-49e4-8718-10e975b4f9aa,2026-04-25T17:22:11.463841-04:00,node-01,orders-api,500,True,anomalous,market_aware_v1,80.546,59.781,303.59,32.428,1.403,155.244,57.581,3.776
e9163c62-d692-48ef-82bd-ad8b11fb6ff1,2026-04-25T17:22:11.474252-04:00,node-01,checkout-api,503,True,anomalous,market_aware_v1,79.93,67.272,313.246,30.115,1.571,153.88,39.242,4.13
7ae08b4e-d586-4d81-a129-290955311032,2026-04-25T17:22:11.484693-04:00,node-01,payments-api,429,True,anomalous,market_aware_v1,77.309,63.281,343.681,27.349,1.535,165.771,17.589,4.39
de225b4a-9998-4fc7-a4c2-44c3c2886f59,2026-04-25T17:22:11.495103-04:00,node-01,orders-api,429,True,anomalous,market_aware_v1,84.019,57.601,315.77,31.341,1.442,163.598,56.464,4.204
4d4bef70-b5c5-4b24-b8d7-0e8494750dd8,2026-04-25T17:22:11.505514-04:00,node-01,checkout-api,429,True,anomalous,market_aware_v1,81.203,64.328,335.917,27.52,1.599,160.199,33.327,4.353
2a172097-0924-45c5-8f61-17b170df902c,2026-04-25T17:22:11.515924-04:00,node-01,payments-api,503,True,anomalous,market_aware_v1,79.303,65.647,339.572,24.73,1.544,163.046,16.203,4.25
817d5edb-8dfa-4470-8761-9c1bff012ef6,2026-04-25T17:22:11.526319-04:00,node-01,orders-api,502,True,anomalous,market_aware_v1,82.537,61.281,318.053,31.141,1.373,161.987,49.3,4.043
09a36b36-2682-434d-9c02-c026cd2406a0,2026-04-25T17:22:11.536728-04:00,node-01,checkout-api,503,True,anomalous,market_aware_v1,84.135,60.696,341.101,29.207,1.681,170.04,25.027,4.574
873eb392-3390-4364-b132-71e828103949,2026-04-25T17:22:11.547137-04:00,node-01,payments-api,503,True,anomalous,market_aware_v1,80.998,64.071,356.369,26.333,1.625,168.154,12.464,4.426
74bdefa6-ec5b-4471-a678-dfa5a2b06e2d,2026-04-25T17:22:11.557552-04:00,node-01,orders-api,500,True,anomalous,market_aware_v1,83.362,59.81,328.377,29.932,1.531,168.569,46.989,4.324
2be89385-98ec-4f88-b170-10c0a8d969e2,2026-04-25T17:22:11.568073-04:00,node-01,checkout-api,500,True,anomalous,market_aware_v1,80.723,61.808,332.526,28.37,1.643,163.357,23.205,4.408
2d8b7fdd-ac83-4115-92c3-9c24d2bb9154,2026-04-25T17:22:11.578533-04:00,node-01,payments-api,500,True,anomalous,market_aware_v1,76.629,61.367,339.784,25.227,1.481,158.422,16.519,4.217
18a6f437-2de4-49b8-b435-81c53dd83616,2026-04-25T17:22:11.588963-04:00,node-01,orders-api,503,True,anomalous,market_aware_v1,83.427,60.606,335.312,33.157,1.662,162.579,42.331,4.492
20f74ba8-0d3f-41f6-a27b-fe5e167f3f05,2026-04-25T17:22:11.599566-04:00,node-01,checkout-api,500,True,anomalous,market_aware_v1,80.355,58.214,308.216,31.084,1.528,151.866,29.544,3.996
9144d7bd-0600-4a15-b283-228f7600cab7,2026-04-25T17:22:11.610068-04:00,node-01,payments-api,502,True,anomalous,market_aware_v1,77.824,63.039,327.647,24.965,1.564,167.728,9.72,4.459
3a7e8814-ee43-447f-b74e-ca95c1a525fb,2026-04-25T17:22:11.620584-04:00,node-01,orders-api,502,True,anomalous,market_aware_v1,81.568,55.0,321.223,29.479,1.41,161.231,47.285,4.029
08aaf47a-1352-4b50-a6fe-82a488e9eb68,2026-04-25T17:22:11.631019-04:00,node-01,checkout-api,500,True,anomalous,market_aware_v1,75.26,62.353,322.565,28.121,1.506,155.555,27.09,4.135
2eca7e1f-0315-4f93-8db8-6f581e48a66f,2026-04-25T17:22:11.641562-04:00,node-01,payments-api,500,True,anomalous,market_aware_v1,71.524,65.272,328.399,24.926,1.532,156.524,19.288,4.106
07270563-5dc2-4c46-a437-172a29e9370c,2026-04-25T17:22:11.652099-04:00,node-01,orders-api,429,True,anomalous,market_aware_v1,80.522,56.121,307.395,31.393,1.333,158.764,47.512,3.954
09b6f8de-f799-4362-a589-4fe4190077a1,2026-04-25T17:22:11.662535-04:00,node-01,checkout-api,502,True,anomalous,market_aware_v1,77.075,62.848,329.51,28.502,1.591,164.422,18.245,4.338
38aac535-ee93-45ab-bcaa-89599c4f1e0e,2026-04-25T17:22:11.673091-04:00,node-01,payments-api,502,True,anomalous,market_aware_v1,73.159,60.713,327.372,25.319,1.426,161.103,11.235,4.059
b625e3fc-ee28-4513-9fce-c3f89de62f91,2026-04-25T17:22:11.683663-04:00,node-01,orders-api,500,True,anomalous,market_aware_v1,82.959,53.924,320.529,32.016,1.421,160.591,40.023,4.083
368ea5b6-93b0-489d-8b5a-196da1ef5bf9,2026-04-25T17:22:11.694264-04:00,node-01,checkout-api,502,True,anomalous,market_aware_v1,75.611,60.112,320.522,27.74,1.505,152.78,28.017,4.004
4f5327b4-0635-4d61-85e1-d7d0a686410d,2026-04-25T17:22:11.704877-04:00,node-01,payments-api,500,True,anomalous,market_aware_v1,76.257,63.96,328.695,24.042,1.445,160.06,10.223,4.247
8a348fa6-934e-429d-aaf3-cd553f2397ff,2026-04-25T17:22:11.715422-04:00,node-01,orders-api,429,True,anomalous,market_aware_v1,86.596,58.536,316.832,32.881,1.759,165.454,39.966,4.557
beb7b673-e0e8-4fcb-99bc-fd55f8e904e9,2026-04-25T17:22:11.725946-04:00,node-01,checkout-api,429,True,anomalous,market_aware_v1,81.394,65.98,332.269,29.951,1.639,167.956,21.068,4.422
4576fb7c-37c8-48c7-b968-090b52ad91c1,2026-04-25T17:22:11.736416-04:00,node-01,payments-api,503,True,anomalous,market_aware_v1,73.58,60.889,326.66,24.845,1.421,159.608,15.984,4.14
4a802a23-4c08-4634-bdb7-0bcd67d66aa5,2026-04-25T17:22:11.746833-04:00,node-01,orders-api,503,True,anomalous,market_aware_v1,80.577,58.027,312.498,31.592,1.348,155.924,49.288,3.721
679fb3b5-d69f-4fdc-8dce-fc32bd7dc523,2026-04-25T17:22:11.757220-04:00,node-01,checkout-api,429,True,anomalous,market_aware_v1,81.127,63.861,342.261,30.145,1.681,171.602,27.751,4.501
6f10414f-ec5c-4d65-b31f-a8092e8ec9b2,2026-04-25T17:22:11.767700-04:00,node-01,payments-api,502,True,anomalous,market_aware_v1,76.456,65.176,346.09,25.854,1.54,160.583,25.949,4.269
f85ff465-d446-4afe-91e0-f00921258301,2026-04-25T17:22:11.778161-04:00,node-01,orders-api,500,True,anomalous,market_aware_v1,83.568,57.805,320.25,31.112,1.5,164.912,50.137,4.245
e42f974f-e9fe-494b-9a5d-b54fea4bd185,2026-04-25T17:22:11.788664-04:00,node-01,checkout-api,503,True,anomalous,market_aware_v1,82.189,63.143,331.816,28.492,1.646,165.022,30.309,4.537
f96a1cbe-f2c1-4b70-9f6f-17b25263906e,2026-04-25T17:22:11.799122-04:00,node-01,payments-api,503,True,anomalous,market_aware_v1,75.552,63.214,352.884,27.628,1.527,162.579,18.857,4.2
53ec6dfb-8f90-4644-aa8e-207fda9a2b8c,2026-04-25T17:22:11.809628-04:00,node-01,orders-api,502,True,anomalous,market_aware_v1,90.689,60.042,340.26,33.668,1.616,169.284,55.223,4.743
e88fff56-0696-4ff1-b3b9-eec5026651a7,2026-04-25T17:22:11.820124-04:00,node-01,checkout-api,503,True,anomalous,market_aware_v1,82.499,64.417,347.831,29.01,1.685,168.246,33.797,4.621
f03d5cd2-fad7-403a-8fad-d5c0f1353976,2026-04-25T17:22:11.830543-04:00,node-01,payments-api,500,True,anomalous,market_aware_v1,85.245,64.172,339.336,30.15,1.557,163.671,21.33,4.305
0affb783-e64e-4b1b-87fd-3ed8d48c8ae3,2026-04-25T17:22:11.840955-04:00,node-01,orders-api,429,True,anomalous,market_aware_v1,85.601,62.16,320.059,34.503,1.417,158.54,59.044,3.933
03cc3062-fcb0-4d7d-b287-40d5cb7336a9,2026-04-25T17:22:11.851412-04:00,node-01,checkout-api,502,True,anomalous,market_aware_v1,82.63,66.94,338.671,30.353,1.527,156.467,36.771,4.104
8f93343a-ee2d-465b-beb2-5b41ae0d5652,2026-04-25T17:22:11.861897-04:00,node-01,payments-api,503,True,anomalous,market_aware_v1,80.343,66.887,341.798,27.062,1.539,166.053,26.203,4.37
7322bbd0-0ad5-4787-b63f-e72e797400cd,2026-04-25T17:22:11.872389-04:00,node-01,orders-api,502,True,anomalous,market_aware_v1,87.549,59.269,330.88,34.231,1.442,163.55,57.965,4.172
1e3fddd6-c9b5-426a-a337-83dd9b03a7be,2026-04-25T17:22:11.882896-04:00,node-01,checkout-api,500,True,anomalous,market_aware_v1,84.536,62.083,341.35,31.306,1.523,161.462,40.48,4.284
c85df99e-7f3c-4299-8f8a-dcc55d3ce57b,2026-04-25T17:22:11.893367-04:00,node-01,payments-api,429,True,anomalous,market_aware_v1,81.113,67.523,332.734,29.978,1.582,168.361,28.275,4.35
c43062dc-16b8-4615-84f1-4671d8bf0c98,2026-04-25T17:22:11.903884-04:00,node-01,orders-api,503,True,anomalous,market_aware_v1,88.019,63.927,308.55,33.012,1.397,157.542,58.512,3.892
cfac0661-088a-47d6-8574-a66370b1c089,2026-04-25T17:22:11.914323-04:00,node-01,checkout-api,502,True,anomalous,market_aware_v1,82.643,63.252,331.555,30.321,1.521,161.596,40.283,4.281
f731ed73-99b4-483e-a6ed-63a053e9fa6f,2026-04-25T17:22:11.924783-04:00,node-01,payments-api,503,True,anomalous,market_aware_v1,78.619,62.898,349.23,27.898,1.573,161.135,23.059,4.317
df4b5aee-394b-4140-bc2e-0f786f624fb4,2026-04-25T17:22:11.935236-04:00,node-01,orders-api,502,True,anomalous,market_aware_v1,84.136,60.863,318.864,32.316,1.433,161.202,52.345,4.086
04a17b59-507e-4704-835e-a0da6e7a016f,2026-04-25T17:22:11.945664-04:00,node-01,checkout-api,502,True,anomalous,market_aware_v1,79.851,60.949,306.631,32.315,1.427,153.379,40.522,3.926
bbbb86b8-d9cb-420e-871d-d5c9d82c2378,2026-04-25T17:22:11.956167-04:00,node-01,payments-api,502,True,anomalous,market_aware_v1,79.387,62.658,358.524,27.72,1.785,174.153,16.007,4.907
9d8dda3c-1e34-4e8b-b738-62fa85a06e1f,2026-04-25T17:22:11.966628-04:00,node-01,orders-api,503,True,anomalous,market_aware_v1,83.466,61.294,316.394,30.142,1.411,163.661,52.464,4.178
8178b38f-45ea-45d9-b483-07292d2acd40,2026-04-25T17:22:11.977103-04:00,node-01,checkout-api,429,True,anomalous,market_aware_v1,79.161,61.907,326.201,28.822,1.578,161.371,31.505,4.337
f301e7a3-0865-43b4-a220-2051daef42fe,2026-04-25T17:22:11.987537-04:00,node-01,payments-api,502,True,anomalous,market_aware_v1,73.13,63.093,342.589,27.441,1.538,165.151,9.059,4.382
95ced02d-166f-4529-be87-8b31af016526,2026-04-25T17:22:11.998033-04:00,node-01,orders-api,500,True,anomalous,market_aware_v1,81.07,55.845,316.685,29.244,1.418,160.923,47.664,4.041
1e5657f7-63ac-4993-aa41-20f3cc7abd4c,2026-04-25T17:22:12.008561-04:00,node-01,checkout-api,503,True,anomalous,market_aware_v1,80.159,60.106,324.251,29.385,1.478,157.823,29.858,4.105
82f06814-701f-40f0-95fa-1ca5bf90cbef,2026-04-25T17:22:12.019077-04:00,node-01,payments-api,503,True,anomalous,market_aware_v1,74.171,60.477,347.566,24.657,1.503,160.772,11.197,4.201
287be3d6-90d4-4fde-b259-806a0b1a08d2,2026-04-25T17:22:12.029644-04:00,node-01,orders-api,429,True,anomalous,market_aware_v1,78.851,56.734,317.233,31.632,1.441,157.343,40.504,3.987
24e272d7-f0b7-4bcb-8612-8bb130abaf52,2026-04-25T17:22:12.040142-04:00,node-01,checkout-api,429,True,anomalous,market_aware_v1,80.771,59.189,352.206,30.482,1.796,172.128,24.01,5.033
2077b174-8458-44d5-89fb-a048c26c001c,2026-04-25T17:22:12.050603-04:00,node-01,payments-api,500,True,anomalous,market_aware_v1,77.925,62.698,337.742,22.027,1.627,166.623,4.522,4.393
94801480-3daf-48a1-a3b7-1da7e2c20512,2026-04-25T17:22:12.061145-04:00,node-01,orders-api,500,True,anomalous,market_aware_v1,80.45,56.395,304.978,29.868,1.149,148.234,50.842,3.591
53fdf599-61ae-410c-9a25-bbe787ec09ea,2026-04-25T17:22:12.071608-04:00,node-01,checkout-api,503,True,anomalous,market_aware_v1,74.927,60.52,335.933,26.619,1.505,159.802,20.978,4.27
4f37118e-c4b1-4898-8fd8-0b042c94f134,2026-04-25T17:22:12.082069-04:00,node-01,payments-api,502,True,anomalous,market_aware_v1,67.217,60.237,331.892,23.979,1.543,160.107,7.498,4.246
598c9be5-37e1-448d-9f24-bfe049dbe878,2026-04-25T17:22:12.092674-04:00,node-01,orders-api,503,True,anomalous,market_aware_v1,79.028,54.93,280.435,28.57,1.215,148.267,45.038,3.58
fa867625-180b-4c07-a244-e19e7873bcd2,2026-04-25T17:22:12.103148-04:00,node-01,checkout-api,500,True,anomalous,market_aware_v1,75.672,59.077,325.687,29.311,1.493,157.215,20.692,4.112
7fdb1017-41b3-4316-ae49-1da31766ef51,2026-04-25T17:22:12.113591-04:00,node-01,payments-api,502,True,anomalous,market_aware_v1,72.574,59.191,330.113,23.357,1.562,159.42,8.091,4.173
d46be1ad-0ede-4216-bdcd-4ca6603467f7,2026-04-25T17:22:12.124070-04:00,node-01,orders-api,500,True,anomalous,market_aware_v1,78.39,54.054,314.867,32.597,1.387,162.507,43.302,3.987
003f51b9-b5a3-47ff-a05a-6d40d90eedd5,2026-04-25T17:22:12.134509-04:00,node-01,checkout-api,429,True,anomalous,market_aware_v1,75.562,60.754,326.306,26.239,1.609,160.774,20.945,4.35
f935b909-9851-4163-8bd5-8afa9f113c44,2026-04-25T17:22:12.144960-04:00,node-01,payments-api,503,True,anomalous,market_aware_v1,77.04,60.043,345.759,24.408,1.641,165.66,8.226,4.533
6c752a06-db18-4982-9f03-f0949fa25ea7,2026-04-25T17:22:12.155403-04:00,node-01,orders-api,502,True,anomalous,market_aware_v1,80.657,55.908,311.375,29.307,1.493,165.788,47.069,4.191
c2dfd17d-0efc-4a7c-b9ca-72c8d685cb0e,2026-04-25T17:22:12.165903-04:00,node-01,checkout-api,503,True,anomalous,market_aware_v1,77.321,59.092,313.67,28.167,1.558,157.68,31.005,4.171
1818c9dc-39a1-4af8-8276-77db5279f827,2026-04-25T17:22:12.176384-04:00,node-01,payments-api,502,True,anomalous,market_aware_v1,76.564,60.9,345.764,25.458,1.573,166.961,11.04,4.443
8e0dc96e-02ff-4a03-9a85-5ca3f4855c6a,2026-04-25T17:22:12.186905-04:00,node-01,orders-api,500,True,anomalous,market_aware_v1,86.004,57.047,324.949,27.638,1.437,161.728,49.388,4.04
a0b44f87-af0d-46b0-944b-2603fcc5d504,2026-04-25T17:22:12.197414-04:00,node-01,checkout-api,502,True,anomalous,market_aware_v1,79.103,61.878,326.088,29.509,1.51,159.124,25.904,4.163
53cd4868-cc2d-495b-a60e-878323e4d0c4,2026-04-25T17:22:12.207945-04:00,node-01,payments-api,503,True,anomalous,market_aware_v1,73.899,65.702,354.646,24.228,1.629,166.435,11.946,4.579
dff24a74-bae8-4b0c-8288-b4362fdb71b5,2026-04-25T17:22:12.218485-04:00,node-01,orders-api,502,True,anomalous,market_aware_v1,85.145,57.951,311.614,31.306,1.377,157.597,53.826,3.894
5c6adc6a-c6a3-4b78-8e3d-427e99f61772,2026-04-25T17:22:12.228907-04:00,node-01,checkout-api,502,True,anomalous,market_aware_v1,81.033,61.8,324.769,27.818,1.555,160.667,31.168,4.295
396a773f-985f-4b38-9d39-0b9d5802ad8d,2026-04-25T17:22:12.239313-04:00,node-01,payments-api,500,True,anomalous,market_aware_v1,75.39,65.427,345.587,29.301,1.54,164.171,18.287,4.325
28e8a8df-7886-47fe-b496-89827aea740c,2026-04-25T17:22:12.249766-04:00,node-01,orders-api,502,True,anomalous,market_aware_v1,82.329,57.162,321.991,32.37,1.537,170.689,47.155,4.358
43af7b23-61ec-4daf-9cfe-ea3be7d0c0c0,2026-04-25T17:22:12.260230-04:00,node-01,checkout-api,500,True,anomalous,market_aware_v1,80.858,63.158,335.531,32.076,1.609,166.308,27.608,4.346
dad2c3fc-dc61-49d8-8872-7a9aefafef62,2026-04-25T17:22:12.270673-04:00,node-01,payments-api,502,True,anomalous,market_aware_v1,78.556,65.442,355.394,28.679,1.514,165.116,14.989,4.452
64430027-1d8b-4606-a2c8-fe65f8bbdeaa,2026-04-25T17:22:12.281136-04:00,node-01,orders-api,429,True,anomalous,market_aware_v1,87.051,59.217,315.055,30.77,1.404,164.874,55.285,4.136
41fce9e9-19e1-4ded-8871-5006bd5df364,2026-04-25T17:22:12.291563-04:00,node-01,checkout-api,503,True,anomalous,market_aware_v1,79.376,62.103,328.722,29.435,1.639,158.312,36.969,4.329
66b8e694-791a-44e9-9a56-8ab105a9b7af,2026-04-25T17:22:12.302056-04:00,node-01,payments-api,503,True,anomalous,market_aware_v1,76.488,62.161,338.414,27.692,1.546,165.426,20.003,4.389
370b5bac-6ff0-4a16-a86d-cf979f7e92bf,2026-04-25T17:22:12.312505-04:00,node-01,orders-api,429,True,anomalous,market_aware_v1,85.042,59.828,330.389,33.031,1.496,163.515,56.655,4.228
78c57585-46ce-4479-9ab0-b84f1a602542,2026-04-25T17:22:12.323002-04:00,node-01,checkout-api,429,True,anomalous,market_aware_v1,81.828,60.324,334.193,28.583,1.642,156.736,27.307,4.288
2d0e9e8e-6f1e-4982-9aac-b00cf0759d8b,2026-04-25T17:22:12.333427-04:00,node-01,payments-api,503,True,anomalous,market_aware_v1,79.902,63.318,361.654,27.908,1.617,172.191,9.746,4.525
89f43dcf-0bb2-4ff1-a9cb-b9afeb09777c,2026-04-25T17:22:12.343940-04:00,node-01,orders-api,502,True,anomalous,market_aware_v1,84.557,60.506,336.381,34.476,1.468,168.568,43.796,4.291
4a243864-926d-44a7-982a-c7a657933d4a,2026-04-25T17:22:12.354503-04:00,node-01,checkout-api,429,True,anomalous,market_aware_v1,80.779,60.753,325.814,28.357,1.55,164.669,26.2,4.259
abfba33c-f75b-4b19-b775-d87d832fd72d,2026-04-25T17:22:12.364939-04:00,node-01,payments-api,503,True,anomalous,market_aware_v1,76.295,62.844,339.742,27.617,1.521,163.918,15.368,4.231
c563af19-3e0f-4594-8520-56c8a4b61c47,2026-04-25T17:22:12.375507-04:00,node-01,orders-api,503,True,anomalous,market_aware_v1,82.595,57.339,313.426,31.03,1.493,164.676,50.985,4.204
d0af4472-fe7a-4cbc-9a0c-38c542900f6f,2026-04-25T17:22:12.386057-04:00,node-01,checkout-api,429,True,anomalous,market_aware_v1,81.095,61.154,338.101,27.007,1.523,161.813,27.726,4.216
ff7d069e-f02a-4887-a53f-829d0d58fc7e,2026-04-25T17:22:12.396558-04:00,node-01,payments-api,500,True,anomalous,market_aware_v1,73.968,63.473,341.028,24.22,1.504,162.487,14.268,4.215
3d2384f9-aef1-4419-81b0-47e8d6d47733,2026-04-25T17:22:12.407037-04:00,node-01,orders-api,503,True,anomalous,market_aware_v1,83.096,56.014,319.403,29.344,1.413,158.695,51.963,4.11
7f06049d-b810-40db-aa23-b18945bf6ef0,2026-04-25T17:22:12.417717-04:00,node-01,checkout-api,503,True,anomalous,market_aware_v1,82.122,58.326,345.58,28.132,1.657,170.139,15.041,4.429
7b49dfb4-bf69-420f-93a9-c0b0b14f2abd,2026-04-25T17:22:12.428198-04:00,node-01,payments-api,500,True,anomalous,market_aware_v1,78.653,62.491,347.637,24.094,1.517,164.285,14.11,4.297
e74be607-ab37-43ad-85c3-799174e4df7e,2026-04-25T17:22:12.438684-04:00,node-01,orders-api,502,True,anomalous,market_aware_v1,80.669,56.407,308.36,31.268,1.313,159.086,48.385,3.924
f7972e81-a3d9-4077-83ed-a0c476efa16f,2026-04-25T17:22:12.449122-04:00,node-01,checkout-api,500,True,anomalous,market_aware_v1,77.192,62.106,325.511,28.547,1.602,159.826,23.917,4.233
b25807dc-2c86-446c-b6e2-5ffb6a392dd8,2026-04-25T17:22:12.459571-04:00,node-01,payments-api,502,True,anomalous,market_aware_v1,74.241,62.623,351.294,24.995,1.57,168.256,15.138,4.448
84ff852a-57c4-4354-a3e3-fc71e62804e2,2026-04-25T17:22:12.470045-04:00,node-01,orders-api,429,True,anomalous,market_aware_v1,84.861,55.631,327.239,27.729,1.49,165.48,45.192,4.274
bf634243-674b-4c75-a651-daefa65c22d8,2026-04-25T17:22:12.480513-04:00,node-01,checkout-api,500,True,anomalous,market_aware_v1,71.886,59.909,329.212,26.349,1.584,161.369,22.41,4.332
cc7586ef-30f7-46be-920e-164027a5257b,2026-04-25T17:22:12.490996-04:00,node-01,payments-api,502,True,anomalous,market_aware_v1,70.726,61.949,338.071,27.025,1.54,165.398,7.477,4.401
4f44ceac-90b8-4cfb-82c7-d06fbab0e311,2026-04-25T17:22:12.501444-04:00,node-01,orders-api,503,True,anomalous,market_aware_v1,76.078,56.329,325.354,29.808,1.467,166.312,45.775,4.219
f9b92cc1-cbc1-409d-8f0f-e64b776d3d3d,2026-04-25T17:22:12.511908-04:00,node-01,checkout-api,502,True,anomalous,market_aware_v1,77.497,57.796,324.985,29.293,1.65,159.403,23.642,4.248
36eb5442-f1ce-48f4-aa61-eefd0268d8b5,2026-04-25T17:22:12.522365-04:00,node-01,payments-api,500,True,anomalous,market_aware_v1,75.652,63.622,339.33,25.322,1.565,169.052,12.569,4.464
c5a3b48e-0cef-4e21-b8ae-31e6bdf7c2ee,2026-04-25T17:22:12.532840-04:00,node-01,orders-api,500,True,anomalous,market_aware_v1,82.52,58.704,319.459,29.773,1.397,157.538,48.738,3.977
78f087f8-5110-4e1e-8835-f974812023dd,2026-04-25T17:22:12.543306-04:00,node-01,checkout-api,502,True,anomalous,market_aware_v1,83.131,61.671,348.286,30.552,2.01,174.076,22.304,5.042
a409dc0d-87d4-420e-bf01-ac858f6da951,2026-04-25T17:22:12.553920-04:00,node-01,payments-api,503,True,anomalous,market_aware_v1,80.806,63.528,354.349,24.254,1.437,166.727,16.635,4.198
41d72ae2-0ed7-495d-b910-f5ef8153ca43,2026-04-25T17:22:12.564400-04:00,node-01,orders-api,500,True,anomalous,market_aware_v1,86.093,58.363,341.67,34.61,1.742,173.081,52.907,4.832
a5261d41-6cb8-4ed5-9555-e2b07239867e,2026-04-25T17:22:12.574833-04:00,node-01,checkout-api,502,True,anomalous,market_aware_v1,83.593,62.203,337.439,30.422,1.671,160.288,30.222,4.507
fafceb48-e51f-46f1-ae03-4c425e950619,2026-04-25T17:22:12.585335-04:00,node-01,payments-api,429,True,anomalous,market_aware_v1,80.589,67.377,352.234,25.015,1.682,171.22,18.527,4.628
9bc4e333-19f3-4080-8421-2b2406ab340f,2026-04-25T17:22:12.595906-04:00,node-01,orders-api,429,True,anomalous,market_aware_v1,87.031,64.717,331.129,35.247,1.49,165.567,50.508,4.129
551fee73-88bd-4180-84c3-26314c5dbf06,2026-04-25T17:22:12.606431-04:00,node-01,checkout-api,500,True,anomalous,market_aware_v1,88.14,62.075,326.959,30.075,1.585,160.343,41.057,4.254
dec9f7ae-9536-4bbc-a596-0470006ebd96,2026-04-25T17:22:12.616905-04:00,node-01,payments-api,502,True,anomalous,market_aware_v1,79.056,62.412,353.639,29.209,1.61,173.731,15.026,4.59
37280a0f-adda-4ace-adbc-d00bd966f9cd,2026-04-25T17:22:12.627425-04:00,node-01,orders-api,500,True,anomalous,market_aware_v1,86.589,61.51,343.351,30.87,1.688,175.462,60.577,4.919
44cac796-3034-4b13-8a3f-aee3b7e2b932,2026-04-25T17:22:12.637836-04:00,node-01,checkout-api,429,True,anomalous,market_aware_v1,85.752,67.276,331.355,28.483,1.57,164.353,33.524,4.432
4040c1af-ba0f-4e97-815b-23242679598b,2026-04-25T17:22:12.648302-04:00,node-01,payments-api,500,True,anomalous,market_aware_v1,80.834,67.425,345.243,28.858,1.593,165.493,21.453,4.423
4511e4ef-4bd2-4b1c-b450-ce5a8f476f24,2026-04-25T17:22:12.658757-04:00,node-01,orders-api,500,True,anomalous,market_aware_v1,89.461,62.236,317.834,33.363,1.35,162.378,64.371,4.076
9911d533-145a-4475-a5c2-0946efa607cc,2026-04-25T17:22:12.669130-04:00,node-01,checkout-api,429,True,anomalous,market_aware_v1,82.721,67.47,348.901,33.356,1.581,167.9,32.717,4.379
b17eb0a7-00c8-4856-be57-b5bbdb30a55f,2026-04-25T17:22:12.679566-04:00,node-01,payments-api,500,True,anomalous,market_aware_v1,85.523,67.3,376.107,28.561,2.038,181.106,12.51,5.281
52c0d5d8-f128-4b10-a0e8-5fc59941cd4f,2026-04-25T17:22:12.689959-04:00,node-01,orders-api,500,True,anomalous,market_aware_v1,90.307,59.932,331.095,32.457,1.545,168.2,48.887,4.308
137e4872-48f6-4392-a535-48057542834d,2026-04-25T17:22:12.700485-04:00,node-01,checkout-api,503,True,anomalous,market_aware_v1,84.779,62.138,334.671,31.422,1.596,162.589,26.959,4.373
5a69de20-5f67-4aad-b683-22e860036dab,2026-04-25T17:22:12.710934-04:00,node-01,payments-api,502,True,anomalous,market_aware_v1,74.654,67.182,344.794,27.399,1.581,169.082,15.83,4.504
9fe3c641-18cd-4e14-9179-9fd45a011bd3,2026-04-25T17:22:12.721373-04:00,node-01,orders-api,503,True,anomalous,market_aware_v1,86.603,61.09,317.204,32.095,1.456,167.035,54.217,4.196
c24a8ca0-0507-4eec-b478-7db2e04e0c0b,2026-04-25T17:22:12.731804-04:00,node-01,checkout-api,500,True,anomalous,market_aware_v1,83.724,61.862,332.967,30.49,1.594,163.403,26.732,4.301
e5108ba2-81b2-4c31-9181-c5f7977340cf,2026-04-25T17:22:12.742243-04:00,node-01,payments-api,429,True,anomalous,market_aware_v1,77.54,62.286,361.558,26.499,1.784,174.445,14.512,4.925
f7552df1-b378-4e2c-bc30-9b5ccc801334,2026-04-25T17:22:12.752668-04:00,node-01,orders-api,503,True,anomalous,market_aware_v1,81.239,59.734,331.881,32.22,1.442,167.545,47.277,4.18
91848366-5a17-4ef9-8c00-39bf66f2b35f,2026-04-25T17:22:12.763055-04:00,node-01,checkout-api,500,True,anomalous,market_aware_v1,77.327,60.832,338.049,30.16,1.601,165.854,25.989,4.36
ee819db9-3d6b-4eca-8978-a27c9b09a67b,2026-04-25T17:22:12.773500-04:00,node-01,payments-api,500,True,anomalous,market_aware_v1,82.885,65.047,376.698,26.425,2.002,176.968,11.75,5.407
148b8da3-1eee-4dbd-bba1-6ba5a051147a,2026-04-25T17:22:12.783979-04:00,node-01,orders-api,429,True,anomalous,market_aware_v1,82.274,54.483,329.276,29.383,1.434,162.462,44.843,4.139
cfd18273-5f7a-4e21-aec6-dd43eba4a670,2026-04-25T17:22:12.794396-04:00,node-01,checkout-api,429,True,anomalous,market_aware_v1,79.956,58.567,335.267,28.855,1.531,158.914,25.735,4.269
20bb9eb0-8b42-4eba-9e66-67e9995eef9b,2026-04-25T17:22:12.804810-04:00,node-01,payments-api,502,True,anomalous,market_aware_v1,75.219,64.194,337.212,23.183,1.52,161.741,13.885,4.245
c5700c8d-a307-4ed0-ad0f-2dd6f1f5dd71,2026-04-25T17:22:12.815191-04:00,node-01,orders-api,503,True,anomalous,market_aware_v1,82.063,60.946,318.295,31.121,1.742,165.997,37.953,4.564
e5e2c5f8-a97f-4e9d-80e3-6ea318d1eb7f,2026-04-25T17:22:12.825715-04:00,node-01,checkout-api,502,True,anomalous,market_aware_v1,77.332,55.998,334.398,28.567,1.595,158.188,26.34,4.418
4cb6d8c8-7e82-4b05-8335-3aefbd83549c,2026-04-25T17:22:12.836130-04:00,node-01,payments-api,429,True,anomalous,market_aware_v1,70.688,56.704,352.891,23.518,1.78,176.384,3.288,5.027
bee7d9f6-ca62-4faa-aa7d-d8ebbbf359ae,2026-04-25T17:22:12.846742-04:00,node-01,orders-api,429,True,anomalous,market_aware_v1,80.332,53.209,312.577,28.953,1.446,159.926,45.062,4.106
7e8a6ae2-79c7-45d5-9c2a-791ce3b8aa4f,2026-04-25T17:22:12.857118-04:00,node-01,checkout-api,503,True,anomalous,market_aware_v1,70.817,59.516,320.622,26.86,1.586,163.707,20.536,4.297
561e4f88-e158-4c6b-b583-4b7121997d19,2026-04-25T17:22:12.867540-04:00,node-01,payments-api,429,True,anomalous,market_aware_v1,73.41,63.087,353.638,24.061,1.628,168.11,5.056,4.491
c749339f-87c6-49f1-922b-ef755268769a,2026-04-25T17:22:12.877912-04:00,node-01,orders-api,502,True,anomalous,market_aware_v1,78.996,57.261,304.187,29.502,1.5,162.148,50.347,4.103
18adba35-e9cf-4c92-88a5-4ca1e46688d4,2026-04-25T17:22:12.888347-04:00,node-01,checkout-api,502,True,anomalous,market_aware_v1,74.626,58.543,343.047,25.531,1.678,166.591,13.76,4.421
d375cedb-47f6-46be-86bd-cc73b369ebe8,2026-04-25T17:22:12.898791-04:00,node-01,payments-api,502,True,anomalous,market_aware_v1,71.542,59.74,343.845,24.149,1.483,164.831,4.952,4.34
2f536a8f-5898-431e-9e25-dc82e68425db,2026-04-25T17:22:12.909211-04:00,node-01,orders-api,500,True,anomalous,market_aware_v1,80.053,52.746,321.278,31.336,1.44,160.654,47.867,3.925
a27eb0ba-e50e-45f7-b2ea-a5247466b747,2026-04-25T17:22:12.919670-04:00,node-01,checkout-api,503,True,anomalous,market_aware_v1,75.411,61.613,346.255,27.657,1.974,162.465,21.381,4.882
b37dafc6-4ed1-44ea-a0e0-14f28563ceb4,2026-04-25T17:22:12.930051-04:00,node-01,payments-api,429,True,anomalous,market_aware_v1,73.865,58.003,353.427,22.594,1.579,168.617,2.168,4.445
70227600-161c-4901-be9a-a6c0c5e53557,2026-04-25T17:22:12.940482-04:00,node-01,orders-api,502,True,anomalous,market_aware_v1,80.454,58.138,315.323,28.715,1.459,158.876,51.748,4.005
0dea4f76-5532-4438-af15-86b343f7deb3,2026-04-25T17:22:12.950863-04:00,node-01,checkout-api,502,True,anomalous,market_aware_v1,81.081,59.612,316.589,27.859,1.57,155.279,26.675,4.185
a81a825d-70e7-4b19-946c-6ffaf2e11d82,2026-04-25T17:22:12.961260-04:00,node-01,payments-api,502,True,anomalous,market_aware_v1,75.752,62.955,320.537,24.204,1.397,158.422,19.914,4.074
7795af75-fb46-4f38-b207-07ec3b9ee7fd,2026-04-25T17:22:12.971721-04:00,node-01,orders-api,500,True,anomalous,market_aware_v1,77.737,54.008,316.708,31.444,1.498,161.39,53.776,4.141
33f2c25d-e56f-40a4-afa1-1529b4fc0659,2026-04-25T17:22:12.982106-04:00,node-01,checkout-api,502,True,anomalous,market_aware_v1,80.258,59.886,335.778,31.046,1.513,160.433,29.743,4.269
84987789-460e-49c9-a035-34a593a1f9f0,2026-04-25T17:22:12.992544-04:00,node-01,payments-api,503,True,anomalous,market_aware_v1,82.362,64.055,349.727,26.754,1.833,172.243,13.797,4.832
4d04fbcf-b3c1-4ea2-b5d8-5c9b2bc8cb50,2026-04-25T17:22:13.002947-04:00,node-01,orders-api,500,True,anomalous,market_aware_v1,86.878,57.632,329.693,30.247,1.484,169.15,47.052,4.285
47cf4f0b-abbb-44fa-aeca-852eae6ee387,2026-04-25T17:22:13.013400-04:00,node-01,checkout-api,429,True,anomalous,market_aware_v1,82.226,62.117,349.98,29.141,1.904,173.924,27.86,5.199
be053345-a6e6-42f9-aacf-c7056c33456b,2026-04-25T17:22:13.023815-04:00,node-01,payments-api,502,True,anomalous,market_aware_v1,79.791,70.594,348.703,27.092,1.858,169.769,13.287,4.916
a25a265a-9f85-4924-be0b-a26af6c1dcfd,2026-04-25T17:22:13.034204-04:00,node-01,orders-api,500,True,anomalous,market_aware_v1,85.419,60.965,333.238,30.318,1.479,168.956,48.349,4.293
b8e22021-a64d-431f-9051-cd214f414c17,2026-04-25T17:22:13.044669-04:00,node-01,checkout-api,502,True,anomalous,market_aware_v1,84.987,62.466,341.499,31.156,1.613,168.021,30.273,4.581
457587b4-fb20-4269-9903-2e8d122318f8,2026-04-25T17:22:13.055109-04:00,node-01,payments-api,429,True,anomalous,market_aware_v1,81.325,63.717,352.525,27.378,1.652,171.392,17.591,4.531
af3a6225-fb01-4830-a263-1e625f1ca35d,2026-04-25T17:22:13.065589-04:00,node-01,orders-api,500,True,anomalous,market_aware_v1,86.784,59.145,328.451,30.765,1.486,168.856,54.215,4.287
cddd8929-8315-4d03-ab61-ba0230f18414,2026-04-25T17:22:13.076078-04:00,node-01,checkout-api,429,True,anomalous,market_aware_v1,89.575,68.453,374.225,28.996,2.169,184.032,21.684,5.731
7bb628f4-e3e3-4b30-b825-db0f09703622,2026-04-25T17:22:13.086472-04:00,node-01,payments-api,429,True,anomalous,market_aware_v1,80.288,64.636,351.589,28.298,1.533,168.453,20.03,4.436
a366fab9-d2f6-4d70-b534-d57cdd4ec60e,2026-04-25T17:22:13.096858-04:00,node-01,orders-api,429,True,anomalous,market_aware_v1,90.875,60.782,334.938,33.01,1.843,169.683,42.297,4.769
90445f7e-5cf0-4ccc-b1a4-41c27a220d8f,2026-04-25T17:22:13.107247-04:00,node-01,checkout-api,429,True,anomalous,market_aware_v1,82.018,60.395,341.702,27.994,1.676,170.944,27.369,4.659
d4b877b7-068c-4526-a111-460cad3f8a13,2026-04-25T17:22:13.117749-04:00,node-01,payments-api,500,True,anomalous,market_aware_v1,76.734,62.983,362.407,24.875,1.618,174.756,9.806,4.605
a6ef4a53-bc64-4a56-98b2-c95c4345bb5d,2026-04-25T17:22:13.128177-04:00,node-01,orders-api,502,True,anomalous,market_aware_v1,84.214,62.737,320.633,29.961,1.399,156.936,54.861,3.853
bc4d7079-266d-4c4f-8753-3b0b6c101aef,2026-04-25T17:22:13.138598-04:00,node-01,checkout-api,500,True,anomalous,market_aware_v1,79.563,63.449,327.892,27.388,1.601,167.356,27.714,4.361
cec80d6f-577f-47e9-8088-cc918c7e9c3f,2026-04-25T17:22:13.148964-04:00,node-01,payments-api,503,True,anomalous,market_aware_v1,74.304,62.621,341.432,24.16,1.559,166.485,11.81,4.293
421d4b1a-b631-4ea4-814a-72ac378d22cd,2026-04-25T17:22:13.159393-04:00,node-01,orders-api,429,True,anomalous,market_aware_v1,89.292,61.307,347.089,32.662,1.846,181.317,38.721,4.968
60f862d4-8565-473d-879a-7a4480d75cc4,2026-04-25T17:22:13.169788-04:00,node-01,checkout-api,500,True,anomalous,market_aware_v1,80.293,59.628,327.31,28.038,1.486,154.582,30.991,4.048
1150cf91-8804-4eb8-9dc8-a4aa9dbe7775,2026-04-25T17:22:13.180168-04:00,node-01,payments-api,502,True,anomalous,market_aware_v1,76.017,63.3,347.797,26.729,1.565,167.963,16.43,4.426
03a7394b-cb74-4c47-a821-146c8dcacc88,2026-04-25T17:22:13.190661-04:00,node-01,orders-api,429,True,anomalous,market_aware_v1,79.945,60.826,312.454,30.031,1.414,160.489,46.809,3.985
288fd41d-25d9-4236-9d1d-7d7195329b0a,2026-04-25T17:22:13.201108-04:00,node-01,checkout-api,503,True,anomalous,market_aware_v1,81.946,60.951,336.217,28.287,1.638,163.852,27.396,4.454
e19cd1f2-d160-4074-8ae8-f191f556bd4c,2026-04-25T17:22:13.211536-04:00,node-01,payments-api,503,True,anomalous,market_aware_v1,77.268,61.516,351.612,24.914,1.547,168.434,10.826,4.461
8e4b1cbd-8366-4df7-b97e-dca31b19cfc5,2026-04-25T17:22:13.221980-04:00,node-01,orders-api,503,True,anomalous,market_aware_v1,80.823,56.33,310.487,32.448,1.304,157.559,48.642,3.868
3aeb845e-2166-4a87-8978-05a55858613f,2026-04-25T17:22:13.232410-04:00,node-01,checkout-api,502,True,anomalous,market_aware_v1,74.572,56.405,329.362,29.03,1.576,160.27,25.881,4.359
53048b4d-212f-43d8-b2bc-ff7c2de84ea5,2026-04-25T17:22:13.242841-04:00,node-01,payments-api,500,True,anomalous,market_aware_v1,78.209,65.828,351.932,25.973,1.901,169.891,5.656,4.917
9b9c799d-9fab-425f-b6c7-59f5079ee34a,2026-04-25T17:22:13.253245-04:00,node-01,orders-api,500,True,anomalous,market_aware_v1,79.208,56.682,308.889,28.965,1.3,159.053,48.507,3.841
3b0196e6-4d0c-4c71-a101-d5a5cb6afa30,2026-04-25T17:22:13.263667-04:00,node-01,checkout-api,500,True,anomalous,market_aware_v1,78.702,60.032,336.306,26.115,1.552,167.309,21.857,4.386
a0ab5185-17bb-4665-8b46-ad007c640b30,2026-04-25T17:22:13.274041-04:00,node-01,payments-api,500,True,anomalous,market_aware_v1,79.977,65.089,366.215,26.483,1.954,175.407,0.0,5.001
3a492254-1638-4706-9e42-2f98e2db34da,2026-04-25T17:22:13.284399-04:00,node-01,orders-api,503,True,anomalous,market_aware_v1,84.079,56.102,334.404,32.482,1.731,174.956,39.985,4.793
e5947609-31a4-4cd7-9066-8cb736821211,2026-04-25T17:22:13.294781-04:00,node-01,checkout-api,502,True,anomalous,market_aware_v1,79.186,60.11,338.41,29.324,1.55,156.795,25.579,4.088
efead574-7680-4454-893c-77187323007a,2026-04-25T17:22:13.305157-04:00,node-01,payments-api,429,True,anomalous,market_aware_v1,75.057,64.632,348.053,27.411,1.529,161.956,12.832,4.245
333378b5-ebac-41ab-a443-4f10705c9928,2026-04-25T17:22:13.315663-04:00,node-01,orders-api,500,True,anomalous,market_aware_v1,84.997,57.465,323.342,29.775,1.337,158.054,53.738,4.05
55400653-a4b8-4c3c-add5-089d60c023f8,2026-04-25T17:22:13.326047-04:00,node-01,checkout-api,500,True,anomalous,market_aware_v1,80.862,62.87,326.871,27.473,1.597,160.573,29.54,4.301
89e21328-63a4-4841-86aa-67f5fa218f2a,2026-04-25T17:22:13.336403-04:00,node-01,payments-api,503,True,anomalous,market_aware_v1,79.281,67.405,344.748,27.037,1.908,164.147,8.309,4.82
2707823e-6532-4140-ab78-484ad46413e2,2026-04-25T17:22:13.346784-04:00,node-01,orders-api,500,True,anomalous,market_aware_v1,86.493,61.71,323.684,30.394,1.541,175.006,50.84,4.376
bfacc5f7-a12e-4ae7-8a1b-efe299c60047,2026-04-25T17:22:13.357178-04:00,node-01,checkout-api,502,True,anomalous,market_aware_v1,78.663,62.019,332.172,31.31,1.635,160.186,30.144,4.303
5c633350-edb9-4e47-8b17-2672bc8f31ad,2026-04-25T17:22:13.367811-04:00,node-01,payments-api,503,True,anomalous,market_aware_v1,83.056,65.777,369.298,29.112,1.664,180.223,14.465,4.688
ad985d2d-f72b-4530-9c54-fb5ef1d45a43,2026-04-25T17:22:13.378554-04:00,node-01,orders-api,500,True,anomalous,market_aware_v1,83.009,62.272,324.269,31.51,1.476,166.38,58.941,4.255
1884c24c-4516-4bb9-a1fd-cf0e4af2860a,2026-04-25T17:22:13.389106-04:00,node-01,checkout-api,500,True,anomalous,market_aware_v1,92.106,62.274,340.279,30.924,1.772,174.233,36.637,4.784
6ad4ae39-a5c5-43c0-84bd-d416f1790093,2026-04-25T17:22:13.399753-04:00,node-01,payments-api,500,True,anomalous,market_aware_v1,81.183,66.31,345.568,26.498,1.466,166.183,21.63,4.347
04fc39dc-783b-421c-81f1-3e11e8198376,2026-04-25T17:22:13.410443-04:00,node-01,orders-api,500,True,anomalous,market_aware_v1,91.42,60.999,332.619,34.111,1.505,167.28,54.699,4.281
1e9550d6-74ba-4b10-a20f-3da31346debc,2026-04-25T17:22:13.421000-04:00,node-01,checkout-api,503,True,anomalous,market_aware_v1,85.335,64.283,339.023,31.376,1.615,165.864,30.1,4.406
1bc3e1a8-053d-458b-acf0-e5bd9ac031fb,2026-04-25T17:22:13.431436-04:00,node-01,payments-api,429,True,anomalous,market_aware_v1,86.059,67.829,370.925,28.014,1.827,181.588,22.4,5.115
5feafa7c-a8ff-4910-b709-ad9ed37fa8ec,2026-04-25T17:22:13.441930-04:00,node-01,orders-api,429,True,anomalous,market_aware_v1,87.459,57.334,329.512,34.106,1.572,170.844,49.662,4.499
706e9fa2-33c3-4c41-94d9-296f5e47e5e7,2026-04-25T17:22:13.452380-04:00,node-01,checkout-api,429,True,anomalous,market_aware_v1,86.179,64.734,353.331,31.54,1.68,167.192,31.562,4.543
7861d35b-84a3-4e0c-868b-d9f8f3f56bd6,2026-04-25T17:22:13.462875-04:00,node-01,payments-api,500,True,anomalous,market_aware_v1,84.976,66.492,347.957,28.344,1.575,170.916,21.569,4.547
b09930c4-c05a-4dc4-b261-2c8dabaede26,2026-04-25T17:22:13.473398-04:00,node-01,orders-api,503,True,anomalous,market_aware_v1,89.185,58.906,333.554,30.962,1.468,170.498,56.404,4.292
e5e80205-6d9a-47c5-a917-daa9d5fbe636,2026-04-25T17:22:13.483886-04:00,node-01,checkout-api,502,True,anomalous,market_aware_v1,84.911,64.476,354.488,28.462,1.652,174.169,25.021,4.661
91e21b2a-0837-4ae5-b194-a16d86150d0a,2026-04-25T17:22:13.494370-04:00,node-01,payments-api,429,True,anomalous,market_aware_v1,80.725,65.634,348.004,28.15,1.59,168.981,19.408,4.502
97712657-eaad-4fdf-ac47-d922307b9a0c,2026-04-25T17:22:13.504867-04:00,node-01,orders-api,503,True,anomalous,market_aware_v1,89.688,60.715,326.34,29.781,1.519,164.279,49.835,4.255
5e460524-44a6-40c6-be4b-ddd52bc00e04,2026-04-25T17:22:13.515310-04:00,node-01,checkout-api,503,True,anomalous,market_aware_v1,83.935,62.863,328.691,27.674,1.495,158.213,35.634,3.979
870cc0ee-a87f-4c78-93d5-fadebc391623,2026-04-25T17:22:13.525795-04:00,node-01,payments-api,500,True,anomalous,market_aware_v1,79.809,65.391,346.556,24.921,1.54,167.639,19.197,4.461
304b3718-ed6a-4fe2-9b74-566a0a4b5d24,2026-04-25T17:22:13.536279-04:00,node-01,orders-api,503,True,anomalous,market_aware_v1,81.011,59.82,324.011,32.514,1.477,163.501,52.267,4.082
896f3648-929f-4223-b388-1c23711cfe3b,2026-04-25T17:22:13.546741-04:00,node-01,checkout-api,503,True,anomalous,market_aware_v1,79.251,64.294,336.413,32.354,1.705,165.807,20.776,4.587
05ba2a42-2814-4898-984f-4e6f74f3cfb7,2026-04-25T17:22:13.557178-04:00,node-01,payments-api,500,True,anomalous,market_aware_v1,79.927,62.366,363.545,24.566,1.597,172.886,8.33,4.593
cfd66ddf-1c28-4706-b47c-3173d2ba9cc7,2026-04-25T17:22:13.567628-04:00,node-01,orders-api,500,True,anomalous,market_aware_v1,79.017,55.8,331.244,32.027,1.371,163.171,49.523,4.068
51c0df99-9bc5-422e-a5e2-d17fbe86a374,2026-04-25T17:22:13.578078-04:00,node-01,checkout-api,502,True,anomalous,market_aware_v1,76.878,60.89,351.499,26.256,1.732,163.307,25.827,4.548
c62bca86-9e79-47a5-a4ee-d17abcc61bc9,2026-04-25T17:22:13.588566-04:00,node-01,payments-api,503,True,anomalous,market_aware_v1,73.885,62.339,347.591,24.794,1.664,172.652,7.042,4.608
9d6b4489-654c-439e-9ebf-e324beb49748,2026-04-25T17:22:13.599037-04:00,node-01,orders-api,500,True,anomalous,market_aware_v1,78.712,53.51,325.7,27.448,1.542,175.527,36.752,4.632
f579131e-13ed-44e9-a75f-a07ca49756d1,2026-04-25T17:22:13.609569-04:00,node-01,checkout-api,503,True,anomalous,market_aware_v1,73.611,57.32,335.713,28.255,1.655,162.77,18.706,4.371
7b6f5ed3-e9d4-467a-8701-650b25ec1808,2026-04-25T17:22:13.620087-04:00,node-01,payments-api,503,True,anomalous,market_aware_v1,75.939,60.68,346.312,26.74,1.536,167.464,8.263,4.441
a28c5e10-6ea5-4012-988d-23294118fd73,2026-04-25T17:22:13.630583-04:00,node-01,orders-api,429,True,anomalous,market_aware_v1,77.048,57.155,313.783,28.689,1.421,163.786,43.138,4.165
0d788720-c899-4318-b8f8-1b97fd811e78,2026-04-25T17:22:13.641080-04:00,node-01,checkout-api,500,True,anomalous,market_aware_v1,79.259,57.534,336.594,28.622,1.676,162.322,20.004,4.498
1e37d0ae-76d7-4e64-96af-fdf21b1f2c03,2026-04-25T17:22:13.651570-04:00,node-01,payments-api,429,True,anomalous,market_aware_v1,72.38,62.891,357.975,26.223,1.971,174.358,1.417,5.09
004626ed-6dfb-454e-a718-481720aac99e,2026-04-25T17:22:13.662024-04:00,node-01,orders-api,429,True,anomalous,market_aware_v1,75.111,55.831,316.417,27.899,1.411,160.943,41.269,4.104
7ff6834a-9ec2-4998-a2d3-6f33110a47b8,2026-04-25T17:22:13.672571-04:00,node-01,checkout-api,429,True,anomalous,market_aware_v1,73.698,58.295,320.242,26.76,1.525,153.421,22.186,4.118
d264f803-6305-41c2-9163-38194c055390,2026-04-25T17:22:13.683133-04:00,node-01,payments-api,503,True,anomalous,market_aware_v1,76.196,59.748,361.935,21.316,1.564,168.28,6.266,4.506
bbfa95c8-d100-4860-b3ea-45424a16fa9f,2026-04-25T17:22:13.693618-04:00,node-01,orders-api,503,True,anomalous,market_aware_v1,78.189,54.457,315.192,29.724,1.274,154.32,44.362,3.842
dfdd2184-1bf2-4f80-9f6c-a0cfc5fb5fa8,2026-04-25T17:22:13.704154-04:00,node-01,checkout-api,429,True,anomalous,market_aware_v1,72.564,58.392,338.021,28.269,1.739,168.476,15.874,4.638
e855e470-e8bd-4280-8da8-bb1215a87eb3,2026-04-25T17:22:13.714617-04:00,node-01,payments-api,502,True,anomalous,market_aware_v1,76.87,60.746,350.612,23.094,1.536,167.756,9.017,4.366
65c7d23b-e87b-483c-87e0-5ecd948d3667,2026-04-25T17:22:13.725127-04:00,node-01,orders-api,502,True,anomalous,market_aware_v1,81.041,54.841,334.039,30.624,1.449,168.154,44.618,4.211
5ffc2045-4765-4e0f-8eed-1dbdeb6c13aa,2026-04-25T17:22:13.735566-04:00,node-01,checkout-api,500,True,anomalous,market_aware_v1,76.965,59.729,344.696,28.582,1.6,161.533,23.425,4.407
089f7be6-8d36-450c-84e3-e258adf712ac,2026-04-25T17:22:13.746000-04:00,node-01,payments-api,429,True,anomalous,market_aware_v1,74.396,59.304,347.957,25.087,1.6,172.867,6.106,4.382
75a554cd-5a04-49f1-9c3a-cecfd44f3a3d,2026-04-25T17:22:13.756407-04:00,node-01,orders-api,503,True,anomalous,market_aware_v1,78.477,58.34,326.131,31.802,1.444,167.17,42.268,4.205
653fe672-f0cf-4dcc-9450-60479f83e9a5,2026-04-25T17:22:13.766852-04:00,node-01,checkout-api,500,True,anomalous,market_aware_v1,78.736,62.061,335.721,28.158,1.632,165.315,28.927,4.414
75e55298-6b87-4e4a-8946-848c0f685bb3,2026-04-25T17:22:13.777317-04:00,node-01,payments-api,503,True,anomalous,market_aware_v1,80.55,60.712,356.345,23.98,1.631,173.496,10.247,4.658
2e50207f-2b3d-4a57-85c5-f9ea1f1194d5,2026-04-25T17:22:13.787848-04:00,node-01,orders-api,429,True,anomalous,market_aware_v1,84.249,58.997,329.472,30.587,1.602,169.579,47.469,4.351
cd856ad9-12c0-4dc4-8c57-06eea0f2a13a,2026-04-25T17:22:13.798336-04:00,node-01,checkout-api,503,True,anomalous,market_aware_v1,85.776,64.421,338.205,31.278,1.661,165.344,27.159,4.506
acdea753-2eff-4f23-8117-87a3705d928b,2026-04-25T17:22:13.808915-04:00,node-01,payments-api,503,True,anomalous,market_aware_v1,72.946,65.951,343.405,29.9,1.604,165.115,14.838,4.476
e992d20a-5036-4ceb-8927-45ffb335bd1b,2026-04-25T17:22:13.819380-04:00,node-01,orders-api,500,True,anomalous,market_aware_v1,87.868,58.427,327.383,31.498,1.442,171.544,46.551,4.405
7256810f-6326-470d-8e05-eea8056753a5,2026-04-25T17:22:13.829851-04:00,node-01,checkout-api,500,True,anomalous,market_aware_v1,81.018,63.646,324.312,29.754,1.497,162.019,28.53,4.285
d2242796-b050-4f94-a75a-6716523ee923,2026-04-25T17:22:13.840307-04:00,node-01,payments-api,500,True,anomalous,market_aware_v1,80.701,64.574,357.213,27.123,1.642,172.449,14.944,4.666
191d62c3-7f3a-4dd4-a8e2-cde9a3a36643,2026-04-25T17:22:13.850731-04:00,node-01,orders-api,502,True,anomalous,market_aware_v1,86.496,59.33,332.134,32.672,1.572,171.252,50.859,4.477
e0eb8e7f-0e3c-480f-8af3-fdbf60061951,2026-04-25T17:22:13.861208-04:00,node-01,checkout-api,502,True,anomalous,market_aware_v1,83.799,60.748,336.343,29.631,1.536,161.784,29.043,4.398
c58d5bdf-98c2-423b-96fd-3850993cdc23,2026-04-25T17:22:13.871625-04:00,node-01,payments-api,500,True,anomalous,market_aware_v1,81.454,66.508,368.575,27.982,1.612,171.972,15.362,4.593
c9c740e4-280c-4b5d-84f0-4b7ba754ef2b,2026-04-25T17:22:13.882095-04:00,node-01,orders-api,429,True,anomalous,market_aware_v1,83.857,59.827,332.274,32.659,1.479,168.545,51.96,4.207
5b2b4ad6-a696-463b-b73c-23db41d030c2,2026-04-25T17:22:13.892585-04:00,node-01,checkout-api,429,True,anomalous,market_aware_v1,82.764,64.239,351.288,31.798,1.676,169.024,25.213,4.535
03223661-7dcf-4be6-9176-e6ce0398f203,2026-04-25T17:22:13.903031-04:00,node-01,payments-api,502,True,anomalous,market_aware_v1,81.368,63.218,352.605,26.239,1.567,164.209,17.918,4.338
9066e420-dd80-4cc0-a98b-3114e4ee423d,2026-04-25T17:22:13.913536-04:00,node-01,orders-api,503,True,anomalous,market_aware_v1,86.008,58.943,325.957,33.362,1.348,157.656,56.782,3.814
fbc83009-82d5-4531-9b36-907faf8b5ed2,2026-04-25T17:22:13.924011-04:00,node-01,checkout-api,502,True,anomalous,market_aware_v1,86.584,62.293,347.19,27.883,1.74,171.58,26.169,4.677
64b2ac20-6475-4243-a29d-171aa6714a2e,2026-04-25T17:22:13.934594-04:00,node-01,payments-api,503,True,anomalous,market_aware_v1,78.774,61.288,356.447,24.093,1.563,167.498,23.002,4.385
2195ec9e-fccb-4b9c-8e65-cf25cea5cee7,2026-04-25T17:22:13.945078-04:00,node-01,orders-api,500,True,anomalous,market_aware_v1,82.977,57.836,333.097,32.753,1.402,163.769,49.742,4.136
a831e951-44d0-462f-9cdd-de7033aa133c,2026-04-25T17:22:13.955551-04:00,node-01,checkout-api,429,True,anomalous,market_aware_v1,81.002,61.229,333.838,31.753,1.575,160.616,25.664,4.222
a6905974-073a-4b0c-9745-08dd11b39058,2026-04-25T17:22:13.965999-04:00,node-01,payments-api,429,True,anomalous,market_aware_v1,78.212,62.513,351.888,25.711,1.648,169.58,13.677,4.388
d7984e01-d5e3-4cc0-8e31-e2d20b8571d0,2026-04-25T17:22:13.976504-04:00,node-01,orders-api,503,True,anomalous,market_aware_v1,80.006,54.093,322.592,30.201,1.418,156.141,50.941,3.936
ae2a80c1-5a05-422b-bcef-e8a58934be6e,2026-04-25T17:22:13.986974-04:00,node-01,checkout-api,503,True,anomalous,market_aware_v1,76.877,61.266,341.572,29.176,1.729,163.712,26.804,4.528
92f5090e-896b-488b-814c-cae771b97c00,2026-04-25T17:22:13.997468-04:00,node-01,payments-api,503,True,anomalous,market_aware_v1,76.352,63.499,355.584,26.328,1.55,168.153,2.261,4.536
3277ee33-b28d-400d-be9e-1804cf360996,2026-04-25T17:22:14.007968-04:00,node-01,orders-api,503,True,anomalous,market_aware_v1,78.189,56.002,320.179,29.099,1.485,165.653,50.325,4.263
d2388eb0-930f-4dea-933e-cb903230506e,2026-04-25T17:22:14.018498-04:00,node-01,checkout-api,502,True,anomalous,market_aware_v1,79.686,60.402,332.816,28.169,1.652,162.425,24.964,4.353
95967daa-b87f-40c7-937f-a527b37fc19f,2026-04-25T17:22:14.028996-04:00,node-01,payments-api,502,True,anomalous,market_aware_v1,73.006,59.304,346.11,25.154,1.613,165.498,10.703,4.442
f436dce7-ff43-4359-baa8-3c8798704af4,2026-04-25T17:22:14.039498-04:00,node-01,orders-api,429,True,anomalous,market_aware_v1,80.751,56.1,314.068,30.795,1.461,163.318,53.047,4.174
7ce54266-2e9e-47f3-a14f-b6c4812b60b0,2026-04-25T17:22:14.050088-04:00,node-01,checkout-api,503,True,anomalous,market_aware_v1,78.91,59.237,338.924,30.47,1.562,163.688,27.717,4.315
772360d3-f339-40a2-af20-f9978275930b,2026-04-25T17:22:14.060565-04:00,node-01,payments-api,429,True,anomalous,market_aware_v1,77.32,63.111,349.081,24.678,1.587,169.976,7.27,4.51
8f322257-21cb-45ff-808c-e9ef02c16ca4,2026-04-25T17:22:14.071025-04:00,node-01,orders-api,502,True,anomalous,market_aware_v1,83.347,59.197,324.14,30.745,1.531,168.688,45.015,4.292
279d4f4a-3827-4928-ae0d-5feddfd8aa1d,2026-04-25T17:22:14.081515-04:00,node-01,checkout-api,502,True,anomalous,market_aware_v1,83.246,59.637,325.001,26.081,1.587,160.837,28.682,4.242
21756958-43c5-4c5b-a203-8216a9f8f146,2026-04-25T17:22:14.092007-04:00,node-01,payments-api,500,True,anomalous,market_aware_v1,78.838,62.433,339.718,25.641,1.538,164.789,16.839,4.33
723dd6d5-fd2b-4f48-aa61-84eadad79b9a,2026-04-25T17:22:14.102479-04:00,node-01,orders-api,500,True,anomalous,market_aware_v1,88.038,55.93,343.606,29.819,1.496,174.726,45.407,4.46
66626402-266e-4935-8362-6520edd21f06,2026-04-25T17:22:14.112975-04:00,node-01,checkout-api,503,True,anomalous,market_aware_v1,78.176,63.636,332.63,28.438,1.597,159.409,31.179,4.219
549e455d-ed29-467b-98d0-c2829137ad66,2026-04-25T17:22:14.123494-04:00,node-01,payments-api,502,True,anomalous,market_aware_v1,76.046,63.932,344.825,26.7,1.499,164.523,15.726,4.317
e8ebcb34-27ef-42fe-bc49-6bd6d1e25140,2026-04-25T17:22:14.133942-04:00,node-01,orders-api,502,True,anomalous,market_aware_v1,82.673,58.832,314.84,32.275,1.41,164.757,48.373,4.305
7b4933aa-8790-49c9-abe0-aa125746ead4,2026-04-25T17:22:14.144396-04:00,node-01,checkout-api,503,True,anomalous,market_aware_v1,87.759,63.842,342.854,30.508,1.65,160.524,29.603,4.468
bd4655ea-dacb-43c5-9483-409b193e1f3a,2026-04-25T17:22:14.154889-04:00,node-01,payments-api,503,True,anomalous,market_aware_v1,78.366,66.3,354.628,27.983,1.726,176.453,10.482,4.751
83e0e106-e6b5-447d-bba4-359b77a1d87d,2026-04-25T17:22:14.165400-04:00,node-01,orders-api,429,True,anomalous,market_aware_v1,85.866,60.789,329.028,32.741,1.421,170.706,52.108,4.151
9f05ea64-6480-4c0c-9b5e-5ad9a122ecf8,2026-04-25T17:22:14.175857-04:00,node-01,checkout-api,429,True,anomalous,market_aware_v1,85.309,67.768,333.629,30.261,1.606,163.473,29.493,4.426
dff45072-2c59-472e-9210-6dcf5d137890,2026-04-25T17:22:14.186409-04:00,node-01,payments-api,429,True,anomalous,market_aware_v1,80.236,68.952,353.185,27.059,1.571,171.136,16.146,4.495
bc493d97-b642-4cd7-8b65-b590240ac38f,2026-04-25T17:22:14.196881-04:00,node-01,orders-api,500,True,anomalous,market_aware_v1,86.599,62.163,307.623,31.018,1.389,162.243,58.678,3.989
52a8ad9a-599e-41fb-a77d-38616c139eb7,2026-04-25T17:22:14.207412-04:00,node-01,checkout-api,502,True,anomalous,market_aware_v1,86.236,63.162,346.31,30.498,1.653,168.579,31.263,4.448
f3e07dc7-503f-4221-a162-cbf8e794e170,2026-04-25T17:22:14.217968-04:00,node-01,payments-api,503,True,anomalous,market_aware_v1,82.677,67.263,352.318,29.133,1.541,174.201,18.396,4.502
5bc6907e-75e8-4b1b-8e23-9456e767fcaf,2026-04-25T17:22:14.228403-04:00,node-01,orders-api,429,True,anomalous,market_aware_v1,89.197,60.961,335.579,32.226,1.651,173.721,52.818,4.493
9b2598b3-4f33-4b84-b7ca-f78342b7b4ba,2026-04-25T17:22:14.238976-04:00,node-01,checkout-api,500,True,anomalous,market_aware_v1,88.757,66.557,341.829,30.985,1.628,163.586,29.677,4.392
51005258-3df7-4f23-8e03-9bd1b32f6bea,2026-04-25T17:22:14.249411-04:00,node-01,payments-api,500,True,anomalous,market_aware_v1,84.046,67.066,358.948,27.363,1.69,171.741,22.41,4.644
ba3d5638-5cbd-4315-b1bf-43b9c89c663c,2026-04-25T17:22:14.259820-04:00,node-01,orders-api,502,True,anomalous,market_aware_v1,87.566,61.042,326.882,32.081,1.424,166.867,57.333,4.264
9d90889c-ac86-4e37-a229-59e55f3388fc,2026-04-25T17:22:14.270226-04:00,node-01,checkout-api,503,True,anomalous,market_aware_v1,88.446,63.031,348.718,31.953,1.693,172.278,28.015,4.682
1645b977-c925-408a-ba3d-159078b88eb1,2026-04-25T17:22:14.280658-04:00,node-01,payments-api,429,True,anomalous,market_aware_v1,84.226,69.543,356.846,26.94,1.62,169.528,15.3,4.608
8835b970-ee06-43a1-8888-4d004a42416f,2026-04-25T17:22:14.291049-04:00,node-01,orders-api,503,True,anomalous,market_aware_v1,87.07,60.499,327.053,31.406,1.466,169.474,53.889,4.274
be00a308-01c4-4239-9404-49c1b15a6f05,2026-04-25T17:22:14.301417-04:00,node-01,checkout-api,503,True,anomalous,market_aware_v1,87.777,61.076,355.756,30.124,1.746,174.28,29.846,4.734
80c053f8-66b0-4355-8099-c127b996ada6,2026-04-25T17:22:14.311848-04:00,node-01,payments-api,429,True,anomalous,market_aware_v1,77.754,65.613,361.532,29.031,1.629,175.902,10.062,4.684
545fd43a-97f3-4711-b7bf-31d87c58031e,2026-04-25T17:22:14.322235-04:00,node-01,orders-api,429,True,anomalous,market_aware_v1,88.506,59.831,344.714,30.904,1.61,174.844,48.698,4.685
7e9edf20-7df1-4e54-a604-22048fc7ec61,2026-04-25T17:22:14.332658-04:00,node-01,checkout-api,500,True,anomalous,market_aware_v1,80.794,59.976,348.093,27.884,1.606,172.245,24.134,4.582
53e6a9cf-8c45-49e8-94cb-131fd6b43199,2026-04-25T17:22:14.343075-04:00,node-01,payments-api,503,True,anomalous,market_aware_v1,77.838,65.263,345.471,24.335,1.592,166.42,10.085,4.396
6dbfa0ce-89a4-4dca-a7a4-b8b572f68abd,2026-04-25T17:22:14.353465-04:00,node-01,orders-api,500,True,anomalous,market_aware_v1,85.568,55.734,321.177,29.796,1.406,162.485,48.363,4.061
d9fe5365-b1ec-416c-a5a1-312a0bef22b2,2026-04-25T17:22:14.363971-04:00,node-01,checkout-api,503,True,anomalous,market_aware_v1,79.525,57.132,347.989,29.906,1.77,171.821,16.414,4.592
83e9c4b7-ea55-4326-908c-5b58e4880298,2026-04-25T17:22:14.374454-04:00,node-01,payments-api,500,True,anomalous,market_aware_v1,74.592,63.72,358.228,24.822,1.592,169.173,9.697,4.487
b05addaf-ffcf-474c-adc3-a4bb7f6cab61,2026-04-25T17:22:14.384947-04:00,node-01,orders-api,429,True,anomalous,market_aware_v1,79.926,58.337,317.185,29.379,1.363,159.554,47.417,3.948
33704fbc-163e-4f04-ab44-48ed1fdac928,2026-04-25T17:22:14.395419-04:00,node-01,checkout-api,502,True,anomalous,market_aware_v1,82.02,60.695,362.206,25.237,1.904,176.814,22.148,5.337
247830ea-e9ea-47d7-b528-8b80765196d3,2026-04-25T17:22:14.405850-04:00,node-01,payments-api,500,True,anomalous,market_aware_v1,74.951,58.816,355.389,22.086,1.536,171.38,4.539,4.42
1a1a56ed-0883-41eb-b22e-fda8d3d5c968,2026-04-25T17:22:14.416227-04:00,node-01,orders-api,502,True,anomalous,market_aware_v1,78.411,55.668,332.565,31.014,1.683,172.253,37.882,4.624
79ac336e-432d-4623-9a9c-9d673e98b0d6,2026-04-25T17:22:14.426709-04:00,node-01,checkout-api,500,True,anomalous,market_aware_v1,75.902,57.865,339.163,26.14,1.617,165.99,18.297,4.493
c9b4fac0-4d18-4ed1-8fe6-d959d47c8434,2026-04-25T17:22:14.437120-04:00,node-01,payments-api,503,True,anomalous,market_aware_v1,69.349,58.98,352.456,22.22,1.609,172.666,4.423,4.659
0f980d2b-bd3e-4d24-8a66-89f5d053b947,2026-04-25T17:22:14.447562-04:00,node-01,orders-api,503,True,anomalous,market_aware_v1,78.787,52.782,323.558,27.948,1.475,166.761,38.171,4.115
1c68ef5e-72b4-4e1f-822a-56562391a75b,2026-04-25T17:22:14.457944-04:00,node-01,checkout-api,502,True,anomalous,market_aware_v1,75.667,59.465,357.502,28.495,1.742,169.415,24.224,4.844
d38f1e68-7d41-47b3-aa18-6745da8810c7,2026-04-25T17:22:14.468332-04:00,node-01,payments-api,429,True,anomalous,market_aware_v1,72.844,64.413,355.091,23.981,1.631,168.498,3.7,4.388
210fa1bb-cd58-4541-adb1-a015b422df2b,2026-04-25T17:22:14.478759-04:00,node-01,orders-api,502,True,anomalous,market_aware_v1,78.408,53.837,335.764,29.504,1.557,168.583,42.67,4.312
496a8130-d904-4633-a05e-7be560cd43ab,2026-04-25T17:22:14.489250-04:00,node-01,checkout-api,429,True,anomalous,market_aware_v1,77.098,57.26,345.466,28.585,1.737,170.379,17.397,4.621
7054c3ea-72bb-45fc-be78-88058023b9ef,2026-04-25T17:22:14.499846-04:00,node-01,payments-api,500,True,anomalous,market_aware_v1,74.599,63.26,348.474,27.024,1.621,170.878,6.857,4.432
d04ad5c2-efb3-49b3-85d5-89cdf6b076af,2026-04-25T17:22:14.510388-04:00,node-01,orders-api,500,True,anomalous,market_aware_v1,82.952,56.675,317.896,28.513,1.428,160.799,42.862,4.117
a2918a79-3740-44f4-a7aa-35bd2547748d,2026-04-25T17:22:14.520917-04:00,node-01,checkout-api,429,True,anomalous,market_aware_v1,80.598,61.957,352.816,30.88,1.947,174.149,14.736,5.065
d980f780-b1e7-4dbe-b9c5-56b2016c4e48,2026-04-25T17:22:14.531445-04:00,node-01,payments-api,502,True,anomalous,market_aware_v1,76.501,60.297,349.868,24.032,1.709,168.807,2.735,4.484
9e14812c-92af-4a83-b49d-7505afb7aff8,2026-04-25T17:22:14.541985-04:00,node-01,orders-api,429,True,anomalous,market_aware_v1,80.899,55.878,329.332,29.462,1.421,159.78,50.527,4.17
c8adbf1a-2fad-4a82-aa68-0ef2c731d525,2026-04-25T17:22:14.552471-04:00,node-01,checkout-api,502,True,anomalous,market_aware_v1,80.912,62.565,353.379,32.012,1.672,172.626,16.265,4.7
4f35beda-698f-4ed2-8d29-59884253fbfd,2026-04-25T17:22:14.562963-04:00,node-01,payments-api,500,True,anomalous,market_aware_v1,78.189,63.477,360.606,26.494,1.693,176.05,15.227,4.702
549bf976-556e-4a8c-aff6-d76bcc53aed9,2026-04-25T17:22:14.573477-04:00,node-01,orders-api,429,True,anomalous,market_aware_v1,88.006,62.073,322.508,30.871,1.487,169.086,50.231,4.346
df79973b-b8a7-4509-adc5-5f824dfa9272,2026-04-25T17:22:14.583967-04:00,node-01,checkout-api,503,True,anomalous,market_aware_v1,84.323,59.102,352.514,29.172,1.73,171.549,22.789,4.648
71c2969f-34b9-4a36-877c-0f2179ee32cd,2026-04-25T17:22:14.594452-04:00,node-01,payments-api,500,True,anomalous,market_aware_v1,79.407,65.008,372.31,27.427,1.769,173.908,14.223,5.003
f9baffd5-2fe1-4da2-9481-0561c09790bc,2026-04-25T17:22:14.604939-04:00,node-01,orders-api,500,True,anomalous,market_aware_v1,87.207,58.298,335.558,30.259,1.507,173.113,44.664,4.554
294cfb83-b78e-4887-90d5-7e63d537b905,2026-04-25T17:22:14.615406-04:00,node-01,checkout-api,503,True,anomalous,market_aware_v1,85.897,61.883,341.701,31.068,1.663,170.764,22.814,4.467
7a59882a-c24e-492a-881c-0452957d0348,2026-04-25T17:22:14.625913-04:00,node-01,payments-api,429,True,anomalous,market_aware_v1,82.764,69.274,361.836,27.732,1.603,172.177,13.6,4.579
e4274a93-c1e4-423b-b932-61d54d2d66be,2026-04-25T17:22:14.636418-04:00,node-01,orders-api,502,True,anomalous,market_aware_v1,86.321,62.343,318.226,33.722,1.466,163.879,48.067,4.143
5d6fbf3a-5b39-431d-9ce3-51e220b5177b,2026-04-25T17:22:14.646930-04:00,node-01,checkout-api,429,True,anomalous,market_aware_v1,85.679,62.182,354.163,29.557,1.715,184.852,23.607,4.905
3a3e348f-c765-406f-8781-a7f91891840d,2026-04-25T17:22:14.657415-04:00,node-01,payments-api,500,True,anomalous,market_aware_v1,84.47,65.886,371.898,30.622,2.078,182.537,10.169,5.331
86026b5b-6e32-424f-90a1-b2c505a3b600,2026-04-25T17:22:14.667875-04:00,node-01,orders-api,500,True,anomalous,market_aware_v1,85.19,62.592,328.154,30.32,1.437,165.583,48.3,4.213
375358cc-7cfd-4ef5-ba20-8d2f9628ba61,2026-04-25T17:22:14.678349-04:00,node-01,checkout-api,429,True,anomalous,market_aware_v1,86.103,63.84,348.334,30.61,1.703,175.496,24.124,4.705
5455a01e-8c78-4a92-9276-c5381b8bfc84,2026-04-25T17:22:14.688907-04:00,node-01,payments-api,503,True,anomalous,market_aware_v1,82.884,64.219,363.322,27.855,1.67,177.94,11.381,4.723
7517490a-3568-4c37-b25d-e1a5bb9b9129,2026-04-25T17:22:14.699437-04:00,node-01,orders-api,429,True,anomalous,market_aware_v1,86.088,59.368,335.425,32.884,1.517,175.298,45.085,4.44
a23dea14-591d-4306-9a58-0f885d965b69,2026-04-25T17:22:14.709982-04:00,node-01,checkout-api,429,True,anomalous,market_aware_v1,80.365,64.669,341.468,28.593,1.654,167.982,26.335,4.712
3be5d59d-bea4-4435-a5b0-985dd9fc54b5,2026-04-25T17:22:14.720506-04:00,node-01,payments-api,429,True,anomalous,market_aware_v1,80.272,61.03,365.392,22.927,1.654,174.439,11.284,4.512
2b8016a7-3816-4670-afb1-b6207029a538,2026-04-25T17:22:14.730989-04:00,node-01,orders-api,502,True,anomalous,market_aware_v1,85.497,60.947,337.572,33.013,1.857,168.862,43.492,4.752
b0ca9f4f-ab7c-44f5-973b-032229cdfe23,2026-04-25T17:22:14.741490-04:00,node-01,checkout-api,429,True,anomalous,market_aware_v1,81.809,63.833,340.534,29.742,1.645,168.635,25.604,4.528
2acf474c-cada-46bd-94ed-5b7a2078f248,2026-04-25T17:22:14.751974-04:00,node-01,payments-api,503,True,anomalous,market_aware_v1,76.389,60.393,349.047,24.501,1.553,166.143,12.522,4.413
df6de26b-02e1-4c7a-86c8-6dadf0870b16,2026-04-25T17:22:14.762514-04:00,node-01,orders-api,503,True,anomalous,market_aware_v1,80.684,55.856,316.786,29.634,1.373,159.155,55.254,3.887
2caa8076-04f7-4f2f-9bc6-9ce09e50a348,2026-04-25T17:22:14.772987-04:00,node-01,checkout-api,500,True,anomalous,market_aware_v1,80.293,60.464,342.588,27.429,1.74,169.346,23.734,4.517
118bcd76-09c6-429a-b139-f9c4907c5a45,2026-04-25T17:22:14.783349-04:00,node-01,payments-api,429,True,anomalous,market_aware_v1,80.527,62.651,352.264,25.252,1.53,165.567,8.259,4.423
54a0bf64-0f40-415f-8ec8-8c948a4194fc,2026-04-25T17:22:14.793751-04:00,node-01,orders-api,503,True,anomalous,market_aware_v1,81.659,56.316,326.662,27.174,1.42,168.825,41.667,4.297
c5a2f1be-b818-48fc-8a28-1cc2c6adfb73,2026-04-25T17:22:14.804125-04:00,node-01,checkout-api,502,True,anomalous,market_aware_v1,81.549,61.314,341.471,28.298,1.725,165.246,23.298,4.55
2ba8cfb4-8fd9-486e-8b5a-30fd557e691b,2026-04-25T17:22:14.814551-04:00,node-01,payments-api,503,True,anomalous,market_aware_v1,72.292,61.112,342.676,25.525,1.651,167.349,5.415,4.485
5342bd9c-ba4c-4794-ad60-db1758d28644,2026-04-25T17:22:14.824929-04:00,node-01,orders-api,503,True,anomalous,market_aware_v1,81.943,57.254,335.658,30.377,1.531,170.547,42.286,4.287
aa3a1398-d47a-41e5-ba82-0d80551c0b9f,2026-04-25T17:22:14.835352-04:00,node-01,checkout-api,429,True,anomalous,market_aware_v1,80.376,58.464,342.603,28.683,1.64,163.016,21.485,4.372
1bf4175a-0906-466e-be6d-816c0ec48ab5,2026-04-25T17:22:14.845751-04:00,node-01,payments-api,502,True,anomalous,market_aware_v1,78.007,63.715,360.731,24.049,1.6,174.31,8.349,4.576
b872446f-e007-429b-9729-e45d657d1b99,2026-04-25T17:22:14.856099-04:00,node-01,orders-api,429,True,anomalous,market_aware_v1,82.73,58.591,309.418,31.07,1.444,161.339,49.318,4.089
66ab48c7-c12c-430c-808b-9f6da801d926,2026-04-25T17:22:14.866488-04:00,node-01,checkout-api,502,True,anomalous,market_aware_v1,82.148,59.764,364.244,31.369,2.004,175.54,16.162,5.124
be9a4eda-c3ef-4af6-a518-23952ac1ca89,2026-04-25T17:22:14.876855-04:00,node-01,payments-api,500,True,anomalous,market_aware_v1,76.26,61.676,368.046,24.947,1.714,177.521,9.861,4.723
f480925e-4d72-4277-9501-8e02a015d34a,2026-04-25T17:22:14.887222-04:00,node-01,orders-api,500,True,anomalous,market_aware_v1,82.031,59.655,316.12,30.396,1.433,156.978,45.951,3.918
b405a7a6-4cc0-414d-a071-ace7f20baa18,2026-04-25T17:22:14.897602-04:00,node-01,checkout-api,503,True,anomalous,market_aware_v1,83.217,59.362,349.519,29.805,1.773,176.427,23.117,4.856
d50807af-4988-4242-a865-2ba0e445e1cb,2026-04-25T17:22:14.907969-04:00,node-01,payments-api,503,True,anomalous,market_aware_v1,82.782,66.583,347.843,24.876,1.596,169.364,15.812,4.514
8adb608c-cbe1-4586-b8a2-8501381917e7,2026-04-25T17:22:14.918398-04:00,node-01,orders-api,502,True,anomalous,market_aware_v1,88.718,58.678,353.835,33.352,1.652,175.969,42.458,4.781
96b8d648-f695-4d7b-9374-3944e870c04f,2026-04-25T17:22:14.928935-04:00,node-01,checkout-api,503,True,anomalous,market_aware_v1,88.726,63.75,365.133,30.999,1.978,178.346,23.025,5.063
5ef31dcc-ae9a-4b0d-a72d-8d3116e2cb56,2026-04-25T17:22:14.939399-04:00,node-01,payments-api,500,True,anomalous,market_aware_v1,82.239,66.413,356.511,27.445,1.664,171.54,12.615,4.542
77a8e54b-b130-4fdc-a040-f008d652003e,2026-04-25T17:22:14.949849-04:00,node-01,orders-api,429,True,anomalous,market_aware_v1,93.108,63.368,358.004,35.6,1.982,181.787,37.07,5.07
754877d1-9560-48b1-8b7f-158e12f8fc81,2026-04-25T17:22:14.960331-04:00,node-01,checkout-api,502,True,anomalous,market_aware_v1,84.348,64.896,353.861,29.031,1.747,174.322,32.119,4.787
87e25303-3528-454d-a289-a20bb50cfea3,2026-04-25T17:22:14.970893-04:00,node-01,payments-api,502,True,anomalous,market_aware_v1,85.712,66.001,366.247,27.201,1.675,176.203,15.785,4.657
ec55165f-7805-451a-8d38-f9c49d225514,2026-04-25T17:22:14.981352-04:00,node-01,orders-api,503,True,anomalous,market_aware_v1,91.528,64.006,337.065,32.015,1.675,175.936,51.334,4.554
e795d90a-5008-429e-8f29-6f71c3ad152b,2026-04-25T17:22:14.991848-04:00,node-01,checkout-api,502,True,anomalous,market_aware_v1,87.427,65.62,354.411,28.782,1.645,172.836,28.834,4.707
46089ab7-fe52-47fb-a953-068fc5cfe83c,2026-04-25T17:22:15.002250-04:00,node-01,payments-api,503,True,anomalous,market_aware_v1,87.861,71.287,380.263,28.245,2.028,178.338,10.545,5.252
94dbc30a-b15f-488b-98c6-289e8945a381,2026-04-25T17:22:15.012670-04:00,node-01,orders-api,502,True,anomalous,market_aware_v1,89.47,64.066,330.328,32.383,1.604,174.096,43.187,4.548
221926a5-450f-428a-b4e5-dc99a8ca0163,2026-04-25T17:22:15.023104-04:00,node-01,checkout-api,500,True,anomalous,market_aware_v1,91.093,66.951,356.87,28.786,1.662,174.356,28.336,4.714
55c91a6b-98a0-4e8a-b347-36dd854fee43,2026-04-25T17:22:15.033543-04:00,node-01,payments-api,429,True,anomalous,market_aware_v1,83.058,68.734,371.325,28.783,1.693,175.947,17.283,4.693
d933c1af-97ed-474d-b695-bb5d5efe8c9d,2026-04-25T17:22:15.044042-04:00,node-01,orders-api,500,True,anomalous,market_aware_v1,88.436,63.6,310.195,31.764,1.451,161.368,56.772,4.075
749c4867-a936-4964-9831-15da45556cf9,2026-04-25T17:22:15.054593-04:00,node-01,checkout-api,503,True,anomalous,market_aware_v1,81.527,64.533,344.425,31.811,1.624,170.967,33.189,4.528
fa49dbc3-efb1-4630-b649-10ab3327d4b4,2026-04-25T17:22:15.065047-04:00,node-01,payments-api,500,True,anomalous,market_aware_v1,84.072,64.652,355.319,29.005,1.502,167.465,16.064,4.35
360c5490-f5ab-449b-ae9c-b34ccde7d870,2026-04-25T17:22:15.075518-04:00,node-01,orders-api,502,True,anomalous,market_aware_v1,87.58,64.535,318.064,29.723,1.388,162.033,53.315,4.034
91108dd1-0f84-472a-8fcd-8d472b3fc957,2026-04-25T17:22:15.085968-04:00,node-01,checkout-api,503,True,anomalous,market_aware_v1,86.665,61.933,349.205,30.417,1.692,170.658,30.706,4.532
eccb6a43-b5b8-4378-8955-c8fe0e5ddb8c,2026-04-25T17:22:15.096404-04:00,node-01,payments-api,500,True,anomalous,market_aware_v1,81.341,63.852,363.301,27.472,1.579,172.911,17.699,4.586
ec50ee5d-bd92-4359-ace0-2c46c8283c0e,2026-04-25T17:22:15.106849-04:00,node-01,orders-api,429,True,anomalous,market_aware_v1,90.179,61.765,335.351,31.705,1.508,173.289,42.494,4.36
fba676b1-8541-43b5-966d-18657ba4da30,2026-04-25T17:22:15.117323-04:00,node-01,checkout-api,429,True,anomalous,market_aware_v1,80.493,63.507,355.637,26.349,1.636,171.895,23.77,4.599
c8dd0184-578c-4641-9b05-0097fdf8eea6,2026-04-25T17:22:15.127759-04:00,node-01,payments-api,500,True,anomalous,market_aware_v1,75.76,63.601,353.94,23.721,1.682,167.692,9.999,4.497
dc700a91-475c-41f6-be7b-aaab85e2056d,2026-04-25T17:22:15.138228-04:00,node-01,orders-api,503,True,anomalous,market_aware_v1,88.729,59.644,370.098,32.112,1.849,187.728,44.688,5.212
1e24dfa3-15b3-4a56-8594-7876b7feb12f,2026-04-25T17:22:15.148685-04:00,node-01,checkout-api,429,True,anomalous,market_aware_v1,80.477,58.806,346.692,29.813,1.642,168.2,17.606,4.492
b3680338-3389-48ab-9993-a839c1b68014,2026-04-25T17:22:15.159122-04:00,node-01,payments-api,500,True,anomalous,market_aware_v1,73.62,63.126,351.884,24.408,1.514,163.719,13.411,4.369
c37396ab-0574-4278-980e-fe67b0f1dbfd,2026-04-25T17:22:15.169565-04:00,node-01,orders-api,500,True,anomalous,market_aware_v1,83.561,60.773,350.688,28.761,1.601,177.5,40.783,4.515
