event_id,generated_at,source_node,service_name,status_code,is_synthetic,scenario_tag,telemetry_profile,cpu_pct,memory_pct,latency_ms,disk_io_pct,net_error_rate,queue_length,throughput_rate,http_5xx_rate
86db70d9-3291-4681-b606-2232d8eb0ee4,2026-04-25T16:56:34.689834-04:00,node-01,payments-api,200,True,normal,market_aware_v1,44.053,50.828,121.461,26.188,0.576,56.391,63.698,1.519
57da0753-c471-4aec-8f3c-fdc0395be743,2026-04-25T16:56:34.693765-04:00,node-01,orders-api,200,True,normal,market_aware_v1,49.205,45.187,78.114,31.167,0.196,42.86,105.364,0.431
2cb4b5c0-5fa7-4984-9109-822b8b2f6984,2026-04-25T16:56:34.694622-04:00,node-01,checkout-api,200,True,normal,market_aware_v1,51.092,46.537,101.787,27.212,0.363,41.15,87.26,0.573
c080cb24-16f2-4fa4-a9e3-454b90977ff0,2026-04-25T16:56:34.695131-04:00,node-01,payments-api,200,True,normal,market_aware_v1,45.463,51.534,99.819,26.887,0.326,40.135,72.589,0.633
0ec9b99a-e986-4bfb-81be-f494b5a04c8f,2026-04-25T16:56:34.695622-04:00,node-01,orders-api,200,True,normal,market_aware_v1,51.7,44.708,81.947,31.41,0.228,44.805,103.815,0.565
a39b7e39-9373-445c-b9b9-57f669f5889b,2026-04-25T16:56:34.696081-04:00,node-01,checkout-api,200,True,normal,market_aware_v1,50.716,49.925,97.402,31.878,0.439,42.454,90.714,0.732
97329e2e-5913-4059-9ab7-32a185a342c8,2026-04-25T16:56:34.696494-04:00,node-01,payments-api,200,True,normal,market_aware_v1,45.999,48.648,106.411,25.481,0.327,43.829,74.239,0.722
74aba495-d9d7-4c31-941a-0191e6a95c7b,2026-04-25T16:56:34.696913-04:00,node-01,orders-api,200,True,normal,market_aware_v1,54.032,46.217,88.106,33.009,0.213,39.321,108.88,0.379
2472248e-28be-483f-ae33-a9148d92ea9e,2026-04-25T16:56:34.697290-04:00,node-01,checkout-api,200,True,normal,market_aware_v1,47.504,50.162,89.44,31.026,0.355,43.064,85.082,0.602
26aa3c48-727b-4082-88fb-fccee255c798,2026-04-25T16:56:34.697690-04:00,node-01,payments-api,200,True,normal,market_aware_v1,44.622,51.7,104.487,30.814,0.283,45.313,78.168,0.581
a275bf3d-45bb-4a55-a6d5-98f7378e7841,2026-04-25T16:56:34.698107-04:00,node-01,orders-api,200,True,normal,market_aware_v1,51.212,47.521,100.861,32.21,0.334,49.864,112.229,0.761
b1a3c389-95aa-48c1-b9f4-94d6986b6be4,2026-04-25T16:56:34.698527-04:00,node-01,checkout-api,200,True,normal,market_aware_v1,50.819,50.298,82.387,32.2,0.363,42.197,85.574,0.607
1fcf585c-f20f-480b-bb8a-537cd6a925f7,2026-04-25T16:56:34.698909-04:00,node-01,payments-api,200,True,normal,market_aware_v1,43.805,51.908,91.993,27.209,0.374,39.885,73.328,0.577
06714d05-9ebf-4e72-9ee7-ce9e52f52737,2026-04-25T16:56:34.699297-04:00,node-01,orders-api,200,True,normal,market_aware_v1,50.556,48.701,75.567,32.022,0.291,35.867,110.897,0.39
9475dcc7-9161-4d64-a4e1-8ea72e468997,2026-04-25T16:56:34.699695-04:00,node-01,checkout-api,200,True,normal,market_aware_v1,52.392,50.722,100.661,30.68,0.36,50.134,87.075,0.97
f62bfdda-7cb5-430f-be28-ca94935868b1,2026-04-25T16:56:34.700055-04:00,node-01,payments-api,200,True,normal,market_aware_v1,44.481,52.422,97.075,28.53,0.356,47.431,63.97,0.798
5938083c-ee57-47f5-ac70-df3de657cd4e,2026-04-25T16:56:34.700474-04:00,node-01,orders-api,200,True,normal,market_aware_v1,48.862,45.206,73.095,32.451,0.306,43.801,106.288,0.444
c58cac98-9ac1-402b-8442-545e647cc7d8,2026-04-25T16:56:34.700882-04:00,node-01,checkout-api,200,True,normal,market_aware_v1,46.012,45.291,90.204,30.656,0.407,43.859,77.354,0.888
e37397bc-0c09-4f11-9041-52d7b92c8900,2026-04-25T16:56:34.701300-04:00,node-01,payments-api,200,True,normal,market_aware_v1,41.521,44.894,91.206,28.199,0.419,44.727,68.13,0.854
28bcdd3e-0cb7-49f1-b1f5-545ad348fd70,2026-04-25T16:56:34.701734-04:00,node-01,orders-api,200,True,normal,market_aware_v1,46.434,43.166,89.78,30.695,0.222,39.616,95.391,0.437
0c25166d-9513-4ce6-aea7-de4e1a587184,2026-04-25T16:56:34.702134-04:00,node-01,checkout-api,200,True,anomalous,market_aware_v1,44.376,49.137,103.122,28.481,0.748,48.916,70.151,1.282
b3a4a954-f435-4b55-bba1-2d738165325a,2026-04-25T16:56:34.702558-04:00,node-01,payments-api,200,True,normal,market_aware_v1,33.942,47.429,88.074,24.889,0.354,42.646,61.612,0.63
6ee81972-a8a2-423f-b687-b6bd616541dc,2026-04-25T16:56:34.703050-04:00,node-01,orders-api,200,True,normal,market_aware_v1,45.145,42.141,74.026,27.99,0.203,41.362,97.313,0.437
5deb9357-1964-41d6-95aa-4799382ead30,2026-04-25T16:56:34.703494-04:00,node-01,checkout-api,200,True,normal,market_aware_v1,39.557,46.19,78.577,29.486,0.386,33.793,73.031,0.512
0f5afdd4-0cc4-4578-9fdb-0b7aaee6b96d,2026-04-25T16:56:34.703965-04:00,node-01,payments-api,200,True,normal,market_aware_v1,36.065,47.452,101.084,22.503,0.294,43.835,58.497,0.738
7010fcdd-d3b3-4143-a605-f9f3f454a2dd,2026-04-25T16:56:34.704423-04:00,node-01,orders-api,200,True,normal,market_aware_v1,37.147,43.843,55.487,28.653,0.198,26.121,96.694,0.26
3243e093-7486-43ea-a82f-c903bd687c09,2026-04-25T16:56:34.704896-04:00,node-01,checkout-api,200,True,normal,market_aware_v1,42.276,42.252,83.094,24.625,0.471,42.344,72.808,0.7
1e6ccd9a-ba92-4f89-bbe8-70a08472dc44,2026-04-25T16:56:34.705353-04:00,node-01,payments-api,200,True,normal,market_aware_v1,40.341,47.729,97.929,23.362,0.314,43.434,57.506,0.773
4336bb5c-757b-4040-8fcc-a8023871490b,2026-04-25T16:56:34.705763-04:00,node-01,orders-api,200,True,normal,market_aware_v1,39.45,43.142,80.298,29.355,0.326,40.014,89.011,0.569
98b5fec4-8488-4b88-b10b-91b3d0299f32,2026-04-25T16:56:34.706140-04:00,node-01,checkout-api,200,True,normal,market_aware_v1,32.135,43.212,75.949,25.299,0.351,32.938,73.042,0.517
2a430db1-174a-4f6b-9f59-447fe61997ea,2026-04-25T16:56:34.706535-04:00,node-01,payments-api,200,True,anomalous,market_aware_v1,37.995,50.672,111.943,27.563,0.837,55.006,52.703,1.301
36ffc6b7-e1f4-4cc5-b42b-3d49a8114460,2026-04-25T16:56:34.706984-04:00,node-01,orders-api,200,True,normal,market_aware_v1,41.198,39.477,79.3,28.405,0.123,37.952,91.509,0.432
6d45fef0-8076-4a0f-93ef-0d40248559ea,2026-04-25T16:56:34.707405-04:00,node-01,checkout-api,200,True,normal,market_aware_v1,39.083,44.509,80.653,27.835,0.419,32.211,75.685,0.601
5cc26003-462f-4e7d-95e6-f0fb14a82b17,2026-04-25T16:56:34.707837-04:00,node-01,payments-api,200,True,normal,market_aware_v1,37.949,45.508,102.218,24.777,0.462,50.755,58.243,0.948
751efe95-8f2a-49a3-b61d-619c6fb56715,2026-04-25T16:56:34.708237-04:00,node-01,orders-api,200,True,normal,market_aware_v1,45.172,38.241,63.018,29.626,0.142,36.833,103.745,0.157
a2bbf9bc-183a-4068-8184-0011d992f023,2026-04-25T16:56:34.708619-04:00,node-01,checkout-api,200,True,normal,market_aware_v1,44.958,44.945,88.322,27.859,0.417,42.728,72.544,0.849
fc363c4b-b7c3-4ed6-8b10-97773c4ecaf0,2026-04-25T16:56:34.709061-04:00,node-01,payments-api,200,True,anomalous,market_aware_v1,41.649,50.175,109.634,27.047,0.703,46.686,60.994,1.239
fb8b4384-e892-4f1e-8e19-60df77cadc53,2026-04-25T16:56:34.709491-04:00,node-01,orders-api,200,True,normal,market_aware_v1,45.587,42.53,77.464,28.775,0.127,34.875,97.853,0.235
ff438771-7fc6-4baf-9a9a-e1ed63678948,2026-04-25T16:56:34.709909-04:00,node-01,checkout-api,200,True,normal,market_aware_v1,43.874,41.106,95.863,27.93,0.391,40.658,78.63,0.677
06a83e5e-30d0-4fa3-b998-6b3981703342,2026-04-25T16:56:34.710355-04:00,node-01,payments-api,200,True,anomalous,market_aware_v1,43.565,51.828,110.291,28.156,0.714,48.499,62.207,1.241
4732634c-98fb-4036-b018-7f7e871b3ed2,2026-04-25T16:56:34.710833-04:00,node-01,orders-api,200,True,normal,market_aware_v1,45.9,45.552,75.803,30.861,0.168,36.81,98.155,0.33
b6c32f49-c280-4136-862a-117dbf025c33,2026-04-25T16:56:34.711270-04:00,node-01,checkout-api,200,True,normal,market_aware_v1,47.638,45.65,93.308,29.584,0.405,41.312,82.884,0.713
3db1ad87-bc1c-40d8-9f45-0405cbe86b87,2026-04-25T16:56:34.711720-04:00,node-01,payments-api,200,True,normal,market_aware_v1,40.968,47.399,100.803,26.916,0.377,47.567,66.437,0.83
a32cbea7-460f-43a9-925e-d0d7533d57dd,2026-04-25T16:56:34.712159-04:00,node-01,orders-api,200,True,normal,market_aware_v1,45.858,42.451,90.073,31.651,0.266,44.381,103.565,0.516
3e68e4b3-d4f9-44df-b906-99b0c1b67d4e,2026-04-25T16:56:34.712567-04:00,node-01,checkout-api,200,True,normal,market_aware_v1,48.208,46.844,106.476,28.985,0.373,44.239,81.073,0.84
38c52682-61f2-426a-8b90-147991997d80,2026-04-25T16:56:34.712978-04:00,node-01,payments-api,200,True,normal,market_aware_v1,42.354,49.458,89.319,25.951,0.342,34.153,68.327,0.464
08f9fc7a-71d3-4661-ac40-4a4485b3efbb,2026-04-25T16:56:34.713393-04:00,node-01,orders-api,200,True,normal,market_aware_v1,46.504,46.545,73.428,32.357,0.249,41.098,108.665,0.444
b35e2e3e-2147-4e2c-b859-63b6deb987cb,2026-04-25T16:56:34.713850-04:00,node-01,checkout-api,200,True,normal,market_aware_v1,47.966,46.376,88.159,30.738,0.355,38.655,83.284,0.663
cf56df5a-6ea8-4ce2-b41e-dec85ea2aca7,2026-04-25T16:56:34.714268-04:00,node-01,payments-api,200,True,normal,market_aware_v1,41.876,50.334,98.292,25.519,0.336,49.241,66.076,0.779
8f758c19-f220-4337-859e-b5af07378a8c,2026-04-25T16:56:34.715209-04:00,node-01,orders-api,200,True,normal,market_aware_v1,49.554,45.166,75.383,31.901,0.154,41.67,101.25,0.315
23e09c3b-950b-4235-b56e-db0805ec6407,2026-04-25T16:56:34.715678-04:00,node-01,checkout-api,200,True,normal,market_aware_v1,44.422,52.645,82.643,30.028,0.391,40.541,77.955,0.596
b4824563-ced7-468f-8447-84fae9b84d55,2026-04-25T16:56:34.716157-04:00,node-01,payments-api,200,True,normal,market_aware_v1,36.893,53.382,107.03,26.808,0.389,48.692,68.334,0.911
fca2422d-667b-4f99-9b12-722f9b26a950,2026-04-25T16:56:34.716618-04:00,node-01,orders-api,200,True,normal,market_aware_v1,51.816,46.64,96.169,30.987,0.221,44.824,96.8,0.51
0b69a5ce-5760-4ca4-972d-73b9337c4f24,2026-04-25T16:56:34.717079-04:00,node-01,checkout-api,200,True,normal,market_aware_v1,44.338,45.715,93.658,28.434,0.381,40.11,79.14,0.644
5db9b7a3-a515-4539-98d0-9e994c6199e9,2026-04-25T16:56:34.717499-04:00,node-01,payments-api,200,True,anomalous,market_aware_v1,43.879,48.239,105.349,28.527,0.751,42.745,68.809,1.192
56bdad28-194a-430a-89bb-32f6b5ac9e09,2026-04-25T16:56:34.718253-04:00,node-01,orders-api,200,True,normal,market_aware_v1,47.601,45.639,76.831,30.37,0.302,47.564,100.669,0.719
24a2b9e9-1704-43c9-8b0c-9846ede62911,2026-04-25T16:56:34.718794-04:00,node-01,checkout-api,200,True,anomalous,market_aware_v1,51.872,46.007,115.696,28.784,0.866,50.743,71.72,1.504
190f9735-6ef6-42a8-9708-7037b38fd526,2026-04-25T16:56:34.719396-04:00,node-01,payments-api,200,True,normal,market_aware_v1,44.791,49.443,111.522,26.315,0.484,54.59,58.013,1.063
7b469b9d-2e1f-43a0-a819-6ac3c115446c,2026-04-25T16:56:34.719883-04:00,node-01,orders-api,200,True,normal,market_aware_v1,42.541,41.952,66.643,29.299,0.273,37.991,100.154,0.513
0cb8dce1-9f30-4fff-8f50-b89c980dbf07,2026-04-25T16:56:34.720325-04:00,node-01,checkout-api,200,True,normal,market_aware_v1,41.27,46.22,89.255,30.162,0.514,42.932,77.887,0.966
30991860-eb25-4d19-b708-e539a85020e4,2026-04-25T16:56:34.720729-04:00,node-01,payments-api,200,True,normal,market_aware_v1,40.357,49.766,105.859,23.674,0.358,44.921,61.785,0.809
460298ae-8c21-41a0-b606-f37155e74066,2026-04-25T16:56:34.721236-04:00,node-01,orders-api,200,True,normal,market_aware_v1,45.517,42.362,79.727,30.405,0.374,46.304,98.987,0.721
ed0b4243-58a3-428e-b7a4-0052e0912fa2,2026-04-25T16:56:34.721758-04:00,node-01,checkout-api,200,True,normal,market_aware_v1,43.849,44.914,72.273,31.036,0.355,35.379,79.395,0.555
cfad3348-f77e-440a-a3b3-d46a9a4e6d20,2026-04-25T16:56:34.722265-04:00,node-01,payments-api,200,True,normal,market_aware_v1,40.089,49.552,91.408,24.327,0.297,42.559,63.477,0.621
4f9b8932-ebf5-487d-90ec-10cd7e2b9d51,2026-04-25T16:56:34.722762-04:00,node-01,orders-api,200,True,normal,market_aware_v1,41.699,42.935,78.943,30.266,0.219,40.205,94.696,0.41
e70281f9-00d8-4920-9793-679db4a69236,2026-04-25T16:56:34.723229-04:00,node-01,checkout-api,200,True,normal,market_aware_v1,43.759,44.657,96.586,28.411,0.513,47.028,73.453,1.007
f8390576-8768-47e5-9a6c-ddc1b26f4e98,2026-04-25T16:56:34.723661-04:00,node-01,payments-api,200,True,normal,market_aware_v1,41.413,47.952,104.426,24.42,0.366,46.307,57.063,0.617
cd67fb37-790c-46fd-843a-ca7078c663d4,2026-04-25T16:56:34.724083-04:00,node-01,orders-api,200,True,normal,market_aware_v1,43.786,38.867,68.637,30.312,0.218,40.564,94.124,0.376
030933d6-81b1-47fc-aecf-0b7da601f854,2026-04-25T16:56:34.724505-04:00,node-01,checkout-api,200,True,normal,market_aware_v1,42.503,43.897,91.738,28.568,0.241,37.792,78.903,0.378
3660a075-c43e-4e1f-80d8-967ffc2cb9b4,2026-04-25T16:56:34.724957-04:00,node-01,payments-api,200,True,normal,market_aware_v1,45.347,45.873,108.808,24.599,0.375,46.541,62.696,0.803
972dad88-ba39-4864-aba0-b82b1d94299d,2026-04-25T16:56:34.725420-04:00,node-01,orders-api,200,True,normal,market_aware_v1,43.018,42.176,64.898,28.132,0.213,37.516,99.134,0.374
c2eedf49-9bf8-4e0c-87a0-fe3e5174a49a,2026-04-25T16:56:34.725917-04:00,node-01,checkout-api,200,True,normal,market_aware_v1,47.011,47.385,105.742,27.198,0.436,48.263,73.206,0.932
a151ce57-48c2-4adc-9bbf-d2f74c012c61,2026-04-25T16:56:34.726367-04:00,node-01,payments-api,200,True,normal,market_aware_v1,43.794,47.877,108.067,28.616,0.408,54.654,55.805,0.914
2e446126-b64e-46f9-9d5f-19fe49b4d960,2026-04-25T16:56:34.726885-04:00,node-01,orders-api,200,True,normal,market_aware_v1,47.25,44.536,70.26,31.406,0.142,35.151,103.989,0.274
74209cd3-f082-44da-a735-b7e8ffe151eb,2026-04-25T16:56:34.727382-04:00,node-01,checkout-api,200,True,normal,market_aware_v1,44.791,47.408,85.547,30.772,0.438,39.435,77.749,0.602
8dae67a6-5101-4b67-b256-02db18516e65,2026-04-25T16:56:34.727799-04:00,node-01,payments-api,200,True,normal,market_aware_v1,43.123,57.121,87.202,26.049,0.295,34.161,69.812,0.525
9c45ecf2-5967-404d-b1d6-08f1948c38e6,2026-04-25T16:56:34.728183-04:00,node-01,orders-api,200,True,normal,market_aware_v1,50.159,43.447,88.858,31.239,0.19,43.885,108.327,0.471
ebbaa2af-60a0-4247-a1e4-370e1b69c667,2026-04-25T16:56:34.728630-04:00,node-01,checkout-api,200,True,normal,market_aware_v1,48.32,49.017,81.253,28.936,0.27,39.087,84.229,0.399
94c706b4-66ad-47ed-a739-3eb3cfbca5e7,2026-04-25T16:56:34.729096-04:00,node-01,payments-api,200,True,normal,market_aware_v1,46.476,47.944,101.835,27.173,0.374,42.933,73.976,0.763
99f93706-89d3-48a3-a110-995486e36271,2026-04-25T16:56:34.729583-04:00,node-01,orders-api,200,True,normal,market_aware_v1,53.053,46.833,68.972,32.074,0.157,36.718,108.945,0.35
1a9b2307-2575-4464-ad11-cbb0c19ea534,2026-04-25T16:56:34.730041-04:00,node-01,checkout-api,200,True,normal,market_aware_v1,47.819,51.106,91.369,31.438,0.434,42.691,86.358,0.781
311296dc-8495-4c33-a759-6581f4b1a34d,2026-04-25T16:56:34.730420-04:00,node-01,payments-api,200,True,normal,market_aware_v1,46.069,55.257,116.736,27.722,0.389,56.777,69.488,0.998
086696dc-9d86-416e-8d38-075332b29214,2026-04-25T16:56:34.730851-04:00,node-01,orders-api,200,True,normal,market_aware_v1,55.186,50.144,96.15,33.92,0.344,56.423,104.028,0.929
d0d3e684-bab1-4ca7-b958-4dd699228df7,2026-04-25T16:56:34.731306-04:00,node-01,checkout-api,200,True,normal,market_aware_v1,51.83,53.804,108.709,31.257,0.465,47.446,85.67,0.843
b109b6d3-f68d-4549-b213-a4591793dcef,2026-04-25T16:56:34.731788-04:00,node-01,payments-api,200,True,normal,market_aware_v1,46.822,53.939,103.27,26.949,0.462,46.93,73.502,0.866
1398b7e2-56e7-4944-af7a-1b9b3fee80b6,2026-04-25T16:56:34.732187-04:00,node-01,orders-api,200,True,anomalous,market_aware_v1,57.676,50.188,101.789,34.411,0.708,57.479,100.917,1.397
ad8e33c1-0828-488b-a0c0-a81302b0c09a,2026-04-25T16:56:34.732662-04:00,node-01,checkout-api,200,True,normal,market_aware_v1,49.885,52.681,83.285,29.777,0.384,37.379,86.416,0.529
edd11840-1d26-42ef-8aa9-c402e09f48db,2026-04-25T16:56:34.733070-04:00,node-01,payments-api,200,True,normal,market_aware_v1,45.917,54.017,113.17,30.481,0.448,51.499,70.438,1.044
a31c79d6-8246-4032-8206-a344fd12654b,2026-04-25T16:56:34.733517-04:00,node-01,orders-api,200,True,normal,market_aware_v1,51.559,44.932,77.931,30.145,0.281,37.993,108.045,0.537
da01725c-5939-4be1-9cd6-178207fe87de,2026-04-25T16:56:34.733944-04:00,node-01,checkout-api,200,True,normal,market_aware_v1,51.86,49.099,104.463,31.178,0.401,41.697,81.777,0.814
c4e074ad-f0e3-4864-be46-8805f5c9cbb5,2026-04-25T16:56:34.734624-04:00,node-01,payments-api,200,True,normal,market_aware_v1,46.926,52.325,95.296,26.307,0.296,36.418,75.146,0.571
0d9c6a8a-23b4-4451-bd60-c83c3cf2e93d,2026-04-25T16:56:34.735129-04:00,node-01,orders-api,200,True,normal,market_aware_v1,50.733,44.224,76.661,30.163,0.191,36.189,108.485,0.338
7e062b6f-da33-4d93-b388-dc88ad5cfeb5,2026-04-25T16:56:34.735541-04:00,node-01,checkout-api,200,True,anomalous,market_aware_v1,49.778,48.87,117.37,31.88,0.902,51.886,80.348,1.8
34c45cdb-0dcb-4874-b6a0-9c5ef4a89171,2026-04-25T16:56:34.736010-04:00,node-01,payments-api,200,True,normal,market_aware_v1,42.407,48.509,90.566,26.572,0.309,43.14,62.625,0.747
ed1fab40-e354-4c49-bf4f-a89551bd8585,2026-04-25T16:56:34.736420-04:00,node-01,orders-api,200,True,normal,market_aware_v1,48.612,46.513,82.239,29.888,0.267,42.988,94.348,0.61
88e29ecb-3a1b-443f-aba1-59cb0a3f2a88,2026-04-25T16:56:34.736930-04:00,node-01,checkout-api,200,True,normal,market_aware_v1,44.156,48.292,115.688,29.036,0.651,58.364,70.622,1.443
b37dc517-0cd7-456a-9c65-38579d3b0212,2026-04-25T16:56:34.737786-04:00,node-01,payments-api,200,True,normal,market_aware_v1,39.219,46.851,93.791,25.344,0.315,43.242,60.278,0.637
b5947d53-b07c-4c14-83a6-aceb2e28f072,2026-04-25T16:56:34.739440-04:00,node-01,orders-api,200,True,normal,market_aware_v1,43.097,39.603,83.889,29.24,0.139,36.53,98.017,0.259
8437459d-6c80-4b05-85dd-44f432cfae8b,2026-04-25T16:56:34.739949-04:00,node-01,checkout-api,200,True,normal,market_aware_v1,44.641,44.577,85.785,26.787,0.36,36.584,74.812,0.592
4dc2cf83-88c6-4afc-bc14-b17b22c15920,2026-04-25T16:56:34.740461-04:00,node-01,payments-api,200,True,normal,market_aware_v1,38.424,47.312,92.458,23.342,0.383,45.246,60.995,0.865
3dbecd00-3a82-4712-add3-31dc371d66a0,2026-04-25T16:56:34.740888-04:00,node-01,orders-api,200,True,normal,market_aware_v1,39.01,43.071,71.849,29.178,0.179,42.421,99.144,0.406
5f8d1e34-77af-478d-b463-955f77b98c52,2026-04-25T16:56:34.741327-04:00,node-01,checkout-api,200,True,normal,market_aware_v1,44.893,46.944,83.381,27.779,0.369,40.315,68.3,0.616
36ff326d-34bf-432f-ba19-b2bee7c5702b,2026-04-25T16:56:34.741758-04:00,node-01,payments-api,200,True,normal,market_aware_v1,37.315,46.828,121.088,24.156,0.573,57.682,56.39,1.383
96862d09-c18b-48eb-8468-38d07d66c4d2,2026-04-25T16:56:34.742201-04:00,node-01,orders-api,200,True,normal,market_aware_v1,43.574,43.721,73.724,28.701,0.272,42.847,95.173,0.519
b1c40457-49a7-4881-ba2a-066e5f417426,2026-04-25T16:56:34.742676-04:00,node-01,checkout-api,200,True,normal,market_aware_v1,42.764,43.282,75.228,28.262,0.434,34.944,75.376,0.618
e14e3fb1-bc65-4078-879a-48089d7e195a,2026-04-25T16:56:34.743318-04:00,node-01,payments-api,200,True,normal,market_aware_v1,36.821,44.769,82.661,25.216,0.297,37.539,59.75,0.549
cf401078-81b6-4261-8f97-93820d966d88,2026-04-25T16:56:34.745799-04:00,node-01,orders-api,200,True,normal,market_aware_v1,42.062,41.352,68.874,29.178,0.176,41.219,94.777,0.303
655dda86-efe0-4f98-aa11-6adbb25cf092,2026-04-25T16:56:34.746296-04:00,node-01,checkout-api,200,True,normal,market_aware_v1,39.67,47.023,90.784,28.789,0.428,40.841,73.436,0.768
5f68e467-350b-44b2-8d89-3d6a17232a90,2026-04-25T16:56:34.746778-04:00,node-01,payments-api,200,True,anomalous,market_aware_v1,40.961,48.034,129.099,26.633,0.866,56.895,50.461,1.915
b567f5d4-effb-4151-ba50-1458ef6ff876,2026-04-25T16:56:34.747663-04:00,node-01,orders-api,200,True,normal,market_aware_v1,42.74,42.525,72.563,28.331,0.189,36.434,93.658,0.316
90413999-d93a-4feb-bbeb-68189c08ab3f,2026-04-25T16:56:34.748198-04:00,node-01,checkout-api,200,True,normal,market_aware_v1,42.543,44.907,99.4,29.021,0.428,44.803,76.527,0.721
00660328-6a24-4105-93a2-114df3cf04bc,2026-04-25T16:56:34.748859-04:00,node-01,payments-api,200,True,normal,market_aware_v1,38.658,45.734,95.679,26.624,0.29,40.415,62.017,0.668
400446d7-839a-48d3-ad97-8bb8c631bad4,2026-04-25T16:56:34.749408-04:00,node-01,orders-api,200,True,normal,market_aware_v1,46.012,42.305,76.097,30.2,0.249,39.068,100.538,0.461
6bf4b38c-3ccf-4bd9-ac52-f65e175ba5ec,2026-04-25T16:56:34.749956-04:00,node-01,checkout-api,200,True,normal,market_aware_v1,45.092,46.415,104.333,28.172,0.389,49.551,64.561,0.851
49e10d44-c552-4f2c-955a-622e304b5cb3,2026-04-25T16:56:34.750476-04:00,node-01,payments-api,200,True,normal,market_aware_v1,39.444,46.499,92.73,26.261,0.264,44.984,63.709,0.618
5c83b464-14f8-42c9-b21f-a44ecc2185d2,2026-04-25T16:56:34.751021-04:00,node-01,orders-api,200,True,normal,market_aware_v1,50.31,45.681,95.388,30.537,0.265,50.026,92.489,0.673
5126444c-613f-442f-b64d-5145a7d4b265,2026-04-25T16:56:34.754597-04:00,node-01,checkout-api,200,True,anomalous,market_aware_v1,51.216,51.81,104.943,31.15,0.74,50.029,71.105,1.287
81d2eb32-25f1-4ce7-ba87-75f2ec1fd153,2026-04-25T16:56:34.755143-04:00,node-01,payments-api,200,True,normal,market_aware_v1,39.084,46.909,106.675,25.846,0.324,43.762,67.125,0.796
4abfb993-b5e9-4bb6-add1-5c54652e3358,2026-04-25T16:56:34.755660-04:00,node-01,orders-api,200,True,normal,market_aware_v1,50.129,45.205,90.907,29.6,0.358,45.518,93.726,0.6
d18371e3-5cef-4b7f-8aa6-80cfcee857f0,2026-04-25T16:56:34.756156-04:00,node-01,checkout-api,200,True,normal,market_aware_v1,45.261,49.757,94.456,31.397,0.301,43.562,76.244,0.652
3fd6cb72-8561-4ab6-897c-aa4323f7fdb9,2026-04-25T16:56:34.759428-04:00,node-01,payments-api,200,True,normal,market_aware_v1,40.237,48.846,104.15,29.235,0.392,45.748,64.92,0.825
7bdf1d1b-8654-4a90-9b9a-ea57bb062ffe,2026-04-25T16:56:34.763409-04:00,node-01,orders-api,200,True,normal,market_aware_v1,48.994,45.648,91.085,31.763,0.27,49.091,98.936,0.756
65944335-4156-4143-ba0c-920b9dcd6fe5,2026-04-25T16:56:34.763842-04:00,node-01,checkout-api,200,True,normal,market_aware_v1,50.78,49.367,103.939,31.224,0.475,47.231,79.522,0.94
daca5558-ec3b-47c6-8541-2e96c0488f0d,2026-04-25T16:56:34.767411-04:00,node-01,payments-api,200,True,normal,market_aware_v1,45.601,48.503,104.083,27.244,0.418,47.875,66.747,0.835
14cbc185-5be3-4aba-ae44-43f266994e21,2026-04-25T16:56:34.767875-04:00,node-01,orders-api,200,True,anomalous,market_aware_v1,52.275,50.12,86.444,32.783,0.489,42.952,96.0,0.812
13d13b41-e614-49cf-b84f-e270fac8af25,2026-04-25T16:56:34.768317-04:00,node-01,checkout-api,200,True,normal,market_aware_v1,45.164,48.379,88.764,29.418,0.259,38.645,81.86,0.615
4454b92f-fb38-4136-bdef-4c8ec7b1a8ef,2026-04-25T16:56:34.768752-04:00,node-01,payments-api,200,True,normal,market_aware_v1,42.575,50.604,108.521,27.026,0.237,45.341,71.878,0.68
1f3c54e2-cf9c-4755-8305-80cdbbfe1041,2026-04-25T16:56:34.769230-04:00,node-01,orders-api,200,True,normal,market_aware_v1,51.138,47.354,93.29,32.625,0.417,53.887,95.545,1.131
6483ad15-d8c7-4a4a-961a-fcd869037275,2026-04-25T16:56:34.769718-04:00,node-01,checkout-api,200,True,normal,market_aware_v1,44.832,48.007,105.401,30.857,0.498,47.132,79.947,0.986
b0cc8b10-4bf9-4e5d-8220-38012d19a889,2026-04-25T16:56:34.770290-04:00,node-01,payments-api,200,True,normal,market_aware_v1,42.258,51.325,102.817,27.834,0.374,50.896,65.851,0.804
7b556f52-b43d-47e6-ab06-4822e5b60847,2026-04-25T16:56:34.773424-04:00,node-01,orders-api,200,True,normal,market_aware_v1,46.847,47.406,86.307,33.026,0.259,44.693,100.868,0.554
ccdffd18-877f-4690-bb96-7a50cf664911,2026-04-25T16:56:34.773895-04:00,node-01,checkout-api,429,True,normal,market_aware_v1,46.635,47.514,106.573,30.254,0.505,57.604,73.868,1.294
f5bc891f-91fc-47c0-b740-92869e6df8b1,2026-04-25T16:56:34.774379-04:00,node-01,payments-api,200,True,normal,market_aware_v1,37.451,47.519,86.532,25.815,0.29,38.192,66.449,0.491
a8aad7ec-aaf7-4eca-8962-01e8bd4e9a34,2026-04-25T16:56:34.774852-04:00,node-01,orders-api,200,True,normal,market_aware_v1,45.458,44.778,79.412,30.576,0.267,38.365,106.927,0.486
e6eb58a6-11ec-4882-91f2-d19f4b85cbde,2026-04-25T16:56:34.775293-04:00,node-01,checkout-api,200,True,normal,market_aware_v1,45.878,45.887,93.336,28.523,0.323,40.834,76.48,0.614
df1bdea6-f4af-4495-8f45-86dae389d4a8,2026-04-25T16:56:34.778421-04:00,node-01,payments-api,200,True,normal,market_aware_v1,43.397,49.619,95.102,23.891,0.252,41.737,66.001,0.508
5a6badb5-abed-4283-8c8d-057490459df9,2026-04-25T16:56:34.778891-04:00,node-01,orders-api,200,True,normal,market_aware_v1,45.565,45.313,89.994,29.01,0.293,48.279,94.854,0.615
29123a79-c9c5-4696-bfa9-a4df24850585,2026-04-25T16:56:34.781437-04:00,node-01,checkout-api,200,True,normal,market_aware_v1,40.665,46.243,89.679,27.571,0.432,42.767,76.476,0.775
bada3671-2239-4118-be6b-7b4050210f5d,2026-04-25T16:56:34.781973-04:00,node-01,payments-api,200,True,normal,market_aware_v1,39.167,45.877,98.217,24.356,0.316,42.686,63.992,0.608
36ec2fdd-03a4-462c-880e-491e762a81a3,2026-04-25T16:56:34.782507-04:00,node-01,orders-api,200,True,normal,market_aware_v1,47.036,43.446,97.337,26.963,0.296,46.128,98.241,0.59
a0c55222-1313-4c72-ae00-c55a33e9c6a5,2026-04-25T16:56:34.783089-04:00,node-01,checkout-api,200,True,normal,market_aware_v1,46.566,43.03,100.881,27.409,0.376,41.216,71.524,0.592
39b3fcca-f9c2-4388-8aa6-51490994865a,2026-04-25T16:56:34.784071-04:00,node-01,payments-api,200,True,normal,market_aware_v1,40.126,45.561,103.196,26.126,0.407,45.791,61.195,0.829
8a77f2fa-3150-4129-ac7c-cd6295f4d408,2026-04-25T16:56:34.784766-04:00,node-01,orders-api,200,True,anomalous,market_aware_v1,45.759,44.839,96.882,31.283,0.622,49.586,82.206,1.167
2d155d73-ad97-4e58-9c05-e73877a9c30d,2026-04-25T16:56:34.785716-04:00,node-01,checkout-api,200,True,normal,market_aware_v1,41.187,43.656,83.987,26.818,0.452,41.825,73.982,0.724
6b46fe86-c1b4-4479-909d-76e8327e2f3c,2026-04-25T16:56:34.786408-04:00,node-01,payments-api,200,True,normal,market_aware_v1,40.055,46.07,99.338,26.384,0.432,44.95,64.459,0.794
e6636262-ad72-41de-97d3-551a7a7efd3c,2026-04-25T16:56:34.787703-04:00,node-01,orders-api,200,True,normal,market_aware_v1,44.264,43.079,70.097,29.533,0.169,40.411,102.307,0.344
e82a24e8-98e8-42a6-8e23-f0e06d33e11c,2026-04-25T16:56:34.788314-04:00,node-01,checkout-api,200,True,normal,market_aware_v1,47.792,47.106,115.133,30.013,0.417,48.34,73.775,0.774
cb0c2d8c-4b2b-4583-b1aa-45733112d2c4,2026-04-25T16:56:34.788895-04:00,node-01,payments-api,200,True,normal,market_aware_v1,43.114,48.327,105.827,26.569,0.375,44.672,65.7,0.734
62c3698d-848f-427b-8585-1fb1428f0b65,2026-04-25T16:56:34.789459-04:00,node-01,orders-api,200,True,normal,market_aware_v1,51.207,43.591,98.409,32.652,0.316,48.811,99.303,0.662
21592409-7b84-433c-af9d-2b9d29e0c80b,2026-04-25T16:56:34.789990-04:00,node-01,checkout-api,200,True,normal,market_aware_v1,45.46,45.923,86.737,29.219,0.317,41.173,75.528,0.781
58814332-b9e4-4212-86af-41dead0b66a1,2026-04-25T16:56:34.790558-04:00,node-01,payments-api,200,True,normal,market_aware_v1,44.486,54.794,113.354,26.891,0.381,50.435,59.28,0.989
f7bc62e8-3cdf-4d8a-8574-240db050386f,2026-04-25T16:56:34.791104-04:00,node-01,orders-api,200,True,normal,market_aware_v1,48.195,46.613,71.812,31.758,0.191,39.112,107.294,0.347
9119ccb9-6be8-491d-b80c-fd06a930ae78,2026-04-25T16:56:34.791574-04:00,node-01,checkout-api,200,True,normal,market_aware_v1,51.877,48.944,96.255,29.767,0.469,49.844,81.184,0.968
ae3854c0-729d-461c-b642-07e59f10c8ac,2026-04-25T16:56:34.792165-04:00,node-01,payments-api,200,True,normal,market_aware_v1,51.116,51.453,115.276,27.43,0.308,51.911,70.76,0.669
2180be95-8cca-4f43-80c9-4976edd15170,2026-04-25T16:56:34.795745-04:00,node-01,orders-api,200,True,normal,market_aware_v1,52.88,44.651,75.825,34.413,0.245,40.449,105.086,0.442
1eb47814-2e1d-49a5-b433-c8674f946d13,2026-04-25T16:56:34.799495-04:00,node-01,checkout-api,200,True,anomalous,market_aware_v1,52.215,54.275,115.958,33.335,0.813,50.44,80.1,1.456
6aabb677-e076-4fe6-ad23-f5e6b0313c67,2026-04-25T16:56:34.800003-04:00,node-01,payments-api,200,True,normal,market_aware_v1,44.805,54.059,101.87,28.047,0.362,42.073,71.314,0.742
b7d3c5e5-2c76-4fd9-bf83-ae3bc8f110e9,2026-04-25T16:56:34.802433-04:00,node-01,orders-api,200,True,anomalous,market_aware_v1,57.133,49.954,106.264,32.871,0.69,53.624,92.756,1.263
c53a72b6-a4da-4313-8c18-d523c9b05236,2026-04-25T16:56:34.804347-04:00,node-01,checkout-api,200,True,normal,market_aware_v1,55.742,49.545,113.624,33.124,0.423,48.567,80.089,0.915
3391b038-b203-4114-8ed4-d967bd991a83,2026-04-25T16:56:34.807315-04:00,node-01,payments-api,200,True,anomalous,market_aware_v1,52.066,54.259,122.961,29.06,0.769,56.07,64.723,1.403
6d5fe280-f56f-4adb-8443-2017362c2554,2026-04-25T16:56:34.809844-04:00,node-01,orders-api,200,True,normal,market_aware_v1,53.519,49.822,100.36,33.237,0.278,47.628,113.748,0.589
db0f0a07-2564-480e-aef5-21ac96c18dfe,2026-04-25T16:56:34.811731-04:00,node-01,checkout-api,200,True,normal,market_aware_v1,52.088,51.78,102.861,32.4,0.431,47.869,81.54,0.877
e56d4b3f-4bbd-4cae-bd44-7dd95a97a12d,2026-04-25T16:56:34.813007-04:00,node-01,payments-api,200,True,normal,market_aware_v1,52.006,53.285,112.339,27.884,0.404,53.155,71.798,0.904
785fb065-7f8d-4dbf-8dfc-6d71bf7eff02,2026-04-25T16:56:34.814605-04:00,node-01,orders-api,200,True,normal,market_aware_v1,53.456,46.283,91.109,33.639,0.217,47.163,106.026,0.53
9b4c1878-dc38-4af3-b0a5-4ad3e4a06502,2026-04-25T16:56:34.817723-04:00,node-01,checkout-api,200,True,normal,market_aware_v1,46.491,51.764,88.631,30.687,0.362,37.226,84.391,0.564
2b5d3861-3e2e-4dce-a1f0-fe6dbbd9bab9,2026-04-25T16:56:34.819488-04:00,node-01,payments-api,200,True,normal,market_aware_v1,45.776,49.782,103.451,28.209,0.35,46.886,70.852,0.753
d40be172-0de4-4cfa-8830-e2ddd1302a34,2026-04-25T16:56:34.820871-04:00,node-01,orders-api,200,True,normal,market_aware_v1,55.574,47.939,83.907,29.974,0.374,46.532,102.208,0.698
7c3f9829-5238-47b6-93aa-5abcc141f810,2026-04-25T16:56:34.821579-04:00,node-01,checkout-api,200,True,anomalous,market_aware_v1,53.184,49.738,110.428,32.746,0.962,56.497,74.014,1.487
75f87c62-b6e2-4cbe-b92c-b6fd895bc571,2026-04-25T16:56:34.822129-04:00,node-01,payments-api,200,True,anomalous,market_aware_v1,45.035,52.382,113.096,30.111,0.637,48.705,58.825,1.239
9dadc84a-7256-4164-b5d7-a9b706f35a8e,2026-04-25T16:56:34.822704-04:00,node-01,orders-api,200,True,normal,market_aware_v1,51.879,46.231,91.334,32.513,0.288,48.267,95.969,0.691
0512e7c4-d5a1-4a5e-9cc6-12e1bba0f294,2026-04-25T16:56:34.823793-04:00,node-01,checkout-api,200,True,normal,market_aware_v1,47.539,46.479,110.545,29.018,0.454,46.821,70.357,0.885
b79f274b-6a28-49a4-a856-71f57364f82e,2026-04-25T16:56:34.825282-04:00,node-01,payments-api,200,True,normal,market_aware_v1,40.188,49.216,94.353,25.815,0.259,41.416,59.106,0.648
9f0f345d-9d91-4c09-84ac-7910100e48eb,2026-04-25T16:56:34.825825-04:00,node-01,orders-api,200,True,normal,market_aware_v1,46.811,45.834,92.115,30.842,0.365,47.033,100.78,0.761
98f5182a-31f0-4c95-9dca-6df26f17b667,2026-04-25T16:56:34.829293-04:00,node-01,checkout-api,200,True,normal,market_aware_v1,44.489,47.682,92.972,29.745,0.431,43.114,76.823,0.756
411b9b4d-e50e-406a-aa79-8beb3d57c8a3,2026-04-25T16:56:34.829934-04:00,node-01,payments-api,200,True,normal,market_aware_v1,39.999,47.659,109.365,23.233,0.41,48.347,55.941,0.953
4e28219a-d69a-42c8-8299-16263a114568,2026-04-25T16:56:34.830868-04:00,node-01,orders-api,200,True,normal,market_aware_v1,46.224,41.886,78.397,29.992,0.182,33.42,97.67,0.261
292cf54c-2846-4ecf-8e61-b4ff8d4857cf,2026-04-25T16:56:34.831563-04:00,node-01,checkout-api,200,True,normal,market_aware_v1,43.445,46.145,87.092,27.847,0.377,38.875,73.38,0.685
852496dd-06d6-48a8-afda-7eabfc8a0d2f,2026-04-25T16:56:34.832407-04:00,node-01,payments-api,200,True,normal,market_aware_v1,38.541,49.004,106.666,26.513,0.362,48.23,49.374,0.798
8783c751-3d0a-45d0-af44-5d5bcdb828f8,2026-04-25T16:56:34.833083-04:00,node-01,orders-api,200,True,normal,market_aware_v1,39.447,40.1,94.901,27.871,0.33,50.741,88.893,0.833
ac754473-5598-4219-984a-076bb832e379,2026-04-25T16:56:34.833619-04:00,node-01,checkout-api,200,True,normal,market_aware_v1,40.724,44.6,91.488,27.377,0.532,42.483,71.28,0.837
4050ae29-794e-415c-92c5-f44a4b212216,2026-04-25T16:56:34.834084-04:00,node-01,payments-api,200,True,anomalous,market_aware_v1,42.532,46.607,117.341,28.105,0.773,55.681,50.008,1.548
7ade46c0-5690-4706-925c-0d91c273539d,2026-04-25T16:56:34.835654-04:00,node-01,orders-api,200,True,normal,market_aware_v1,42.633,41.203,81.766,29.763,0.251,46.488,93.169,0.542
f3546e24-dbc6-4b14-9634-119f2fb0962f,2026-04-25T16:56:34.836147-04:00,node-01,checkout-api,200,True,normal,market_aware_v1,39.46,45.284,77.361,24.61,0.4,33.618,78.217,0.524
1d8cf7fa-e29b-4df1-8978-70d6e9773ec2,2026-04-25T16:56:34.836699-04:00,node-01,payments-api,200,True,normal,market_aware_v1,37.048,44.698,99.29,26.28,0.263,42.278,59.057,0.64
8c720f0f-f06e-4481-80b3-ca681eaac869,2026-04-25T16:56:34.839479-04:00,node-01,orders-api,200,True,normal,market_aware_v1,45.266,43.901,73.832,31.177,0.221,37.524,94.489,0.371
eb16b208-fd8a-4f3a-8dbf-399814ba25aa,2026-04-25T16:56:34.840031-04:00,node-01,checkout-api,200,True,normal,market_aware_v1,47.76,47.956,95.225,28.02,0.577,48.908,74.953,1.047
89ed28cd-1981-42da-b091-c6247f4cf664,2026-04-25T16:56:34.840570-04:00,node-01,payments-api,200,True,normal,market_aware_v1,40.809,47.921,111.62,26.421,0.401,47.461,59.701,0.841
0f5a3a09-1d67-4d2b-9d1a-e33ec2054e94,2026-04-25T16:56:34.841095-04:00,node-01,orders-api,200,True,normal,market_aware_v1,45.247,45.04,83.338,28.778,0.276,43.142,97.997,0.646
4edd58ed-3930-4b44-be00-e508d305da18,2026-04-25T16:56:34.844492-04:00,node-01,checkout-api,200,True,normal,market_aware_v1,41.533,44.301,98.99,26.958,0.401,49.452,69.868,0.966
98c7f4a2-35de-41b1-b693-0a9d1ec0fdad,2026-04-25T16:56:34.845038-04:00,node-01,payments-api,200,True,anomalous,market_aware_v1,47.547,51.465,147.324,27.888,0.883,57.826,47.794,1.801
eff16a7f-a607-4398-8d68-7908aed32b8d,2026-04-25T16:56:34.845593-04:00,node-01,orders-api,200,True,normal,market_aware_v1,41.541,42.92,75.455,31.551,0.275,38.491,99.184,0.371
1c18175a-88d1-43d1-8eaf-a7411f1ef893,2026-04-25T16:56:34.846138-04:00,node-01,checkout-api,200,True,normal,market_aware_v1,43.643,46.035,111.928,29.303,0.687,50.132,73.558,1.295
e1642c46-4f52-49bb-badd-618b2163dbc3,2026-04-25T16:56:34.846644-04:00,node-01,payments-api,200,True,normal,market_aware_v1,43.487,51.023,113.08,27.416,0.328,47.87,68.084,0.652
305b8ac3-e822-467d-a640-f36383d770a8,2026-04-25T16:56:34.847193-04:00,node-01,orders-api,200,True,normal,market_aware_v1,45.177,46.637,71.059,32.025,0.248,41.613,108.033,0.472
3fa3c64c-dc21-43c6-84fb-9a9ea97bb148,2026-04-25T16:56:34.847742-04:00,node-01,checkout-api,200,True,normal,market_aware_v1,48.066,47.781,91.337,28.903,0.367,40.392,79.602,0.712
e34ca4d6-a61e-4b8e-a2f3-cfa83d9ebae1,2026-04-25T16:56:34.848290-04:00,node-01,payments-api,200,True,normal,market_aware_v1,49.983,52.066,119.673,27.49,0.555,57.533,61.499,1.249
7ae7cf12-098f-44c9-9535-b190eab338f4,2026-04-25T16:56:34.848830-04:00,node-01,orders-api,200,True,normal,market_aware_v1,52.301,45.659,82.646,30.55,0.273,39.642,109.246,0.494
b2076911-9241-4e4d-b600-4038b2cb6052,2026-04-25T16:56:34.849362-04:00,node-01,checkout-api,200,True,normal,market_aware_v1,46.309,48.889,81.028,30.302,0.47,43.822,78.637,0.821
8e1ba7e5-0d72-40e6-91c7-534109e54bd7,2026-04-25T16:56:34.849903-04:00,node-01,payments-api,200,True,normal,market_aware_v1,46.044,50.176,111.369,26.537,0.438,49.626,64.329,0.954
389c0b61-96f4-4700-ac98-9173fa5b736c,2026-04-25T16:56:34.850465-04:00,node-01,orders-api,200,True,normal,market_aware_v1,54.185,46.196,91.554,31.947,0.319,47.663,103.279,0.593
6e06aaf2-1187-4b14-99ab-42b86867adc0,2026-04-25T16:56:34.851017-04:00,node-01,checkout-api,200,True,normal,market_aware_v1,50.425,48.499,100.879,31.599,0.373,44.35,79.288,0.824
283b79ea-1883-4cc8-9e29-df7117ced0aa,2026-04-25T16:56:34.851574-04:00,node-01,payments-api,200,True,normal,market_aware_v1,45.838,50.88,119.552,28.713,0.375,52.128,61.94,0.938
6f6a2c5f-aeb9-46f2-9e8a-ea2cde52ad17,2026-04-25T16:56:34.852111-04:00,node-01,orders-api,200,True,normal,market_aware_v1,47.681,44.701,81.39,32.096,0.226,44.752,102.89,0.454
7f51a32b-f188-4cb0-8ddf-06a86a96d026,2026-04-25T16:56:34.852648-04:00,node-01,checkout-api,200,True,normal,market_aware_v1,49.033,47.667,114.936,31.202,0.503,54.45,74.965,1.122
cab2ecf6-03ac-427f-a718-8f5dc7130322,2026-04-25T16:56:34.853181-04:00,node-01,payments-api,200,True,normal,market_aware_v1,46.134,49.916,103.568,25.832,0.381,52.174,67.969,0.904
0adfccc3-6487-4704-aa5e-0f7b966f80eb,2026-04-25T16:56:34.853761-04:00,node-01,orders-api,200,True,normal,market_aware_v1,51.07,46.586,99.371,30.648,0.336,51.354,97.298,0.742
51b63eca-d88c-4fe0-93f1-4e470e5559fa,2026-04-25T16:56:34.854302-04:00,node-01,checkout-api,200,True,normal,market_aware_v1,46.22,48.77,101.512,31.747,0.376,47.733,75.963,0.852
edf5e09e-a85b-4e56-bf41-7fabb2fc1087,2026-04-25T16:56:34.854847-04:00,node-01,payments-api,200,True,normal,market_aware_v1,44.315,48.631,95.871,26.272,0.3,43.178,64.653,0.749
f28983f7-2d89-44b7-95a0-b5c5b0c8303e,2026-04-25T16:56:34.857851-04:00,node-01,orders-api,200,True,normal,market_aware_v1,50.47,42.233,97.585,27.686,0.269,46.594,98.084,0.43
800b86c5-de70-4d8b-a325-32f4edcbc62a,2026-04-25T16:56:34.858400-04:00,node-01,checkout-api,200,True,normal,market_aware_v1,45.75,45.757,93.215,29.757,0.44,42.495,73.406,0.606
1e8c0616-0db4-4965-b953-4547ffbc7753,2026-04-25T16:56:34.858985-04:00,node-01,payments-api,200,True,normal,market_aware_v1,41.172,50.635,98.791,24.295,0.344,40.587,71.368,0.797
534f9218-dab6-4a49-bd5c-679234277741,2026-04-25T16:56:34.859522-04:00,node-01,orders-api,200,True,normal,market_aware_v1,46.888,43.78,78.086,30.044,0.21,40.441,98.459,0.423
02bd77d5-5c97-478d-82c0-4bc6b2791d02,2026-04-25T16:56:34.859983-04:00,node-01,checkout-api,200,True,normal,market_aware_v1,41.128,43.684,95.761,29.69,0.383,45.17,77.347,0.849
d3886a9a-b4bf-44fb-9626-a6b1bc6fe4b6,2026-04-25T16:56:34.860499-04:00,node-01,payments-api,200,True,normal,market_aware_v1,36.756,49.984,103.78,22.742,0.384,46.493,55.841,0.817
3c9019e6-cf31-45f9-bfbd-bd2fdb256f0b,2026-04-25T16:56:34.860945-04:00,node-01,orders-api,200,True,normal,market_aware_v1,46.894,42.362,79.614,31.716,0.272,42.251,100.334,0.474
370ebac6-45a2-4600-b9fb-5c3d580ec90b,2026-04-25T16:56:34.861398-04:00,node-01,checkout-api,200,True,normal,market_aware_v1,45.598,47.014,85.146,26.455,0.424,46.038,68.052,0.837
2e3dfcdb-4a87-4514-874a-987fe18d0e66,2026-04-25T16:56:34.861854-04:00,node-01,payments-api,200,True,normal,market_aware_v1,38.186,49.241,82.889,24.648,0.277,37.181,71.802,0.568
4ce354dc-628a-4850-ad5d-739ac480ab13,2026-04-25T16:56:34.862264-04:00,node-01,orders-api,200,True,normal,market_aware_v1,45.669,43.103,93.284,32.76,0.242,49.783,92.007,0.694
f98b4222-a9c4-4b1c-abc5-83a87b3519af,2026-04-25T16:56:34.862736-04:00,node-01,checkout-api,200,True,normal,market_aware_v1,42.513,48.967,118.198,27.691,0.547,50.463,67.425,1.043
4b488529-7292-4a39-a8b6-a2d9e5d000d2,2026-04-25T16:56:34.863171-04:00,node-01,payments-api,200,True,normal,market_aware_v1,39.377,47.107,100.532,24.233,0.303,45.75,55.144,0.629
da2b6f97-80a1-4a55-9cac-ea006327f04a,2026-04-25T16:56:34.863650-04:00,node-01,orders-api,200,True,normal,market_aware_v1,48.166,45.874,82.653,31.87,0.276,42.973,95.886,0.553
01951ec9-fe48-4d16-a094-38211d5d879c,2026-04-25T16:56:34.864098-04:00,node-01,checkout-api,200,True,normal,market_aware_v1,44.36,48.109,82.813,26.689,0.356,42.328,72.148,0.62
07df297e-1fa0-495d-bfcd-2bca08c8290e,2026-04-25T16:56:34.864546-04:00,node-01,payments-api,200,True,normal,market_aware_v1,38.57,49.096,94.427,23.056,0.349,45.95,68.031,0.662
6d8516e7-5940-47ad-a67a-3ded09ce34db,2026-04-25T16:56:34.864997-04:00,node-01,orders-api,200,True,anomalous,market_aware_v1,50.809,47.946,99.848,31.238,0.668,52.034,92.113,1.272
8d731194-3768-4eac-a34f-668e2387b3fa,2026-04-25T16:56:34.865421-04:00,node-01,checkout-api,200,True,normal,market_aware_v1,47.891,48.791,109.144,29.297,0.406,39.921,81.206,0.742
e4ca9aef-2366-4245-9ac1-3adc071f0091,2026-04-25T16:56:34.865883-04:00,node-01,payments-api,200,True,normal,market_aware_v1,49.06,51.52,142.218,28.154,0.638,65.567,60.0,1.814
62751a8c-5841-40ed-8d54-cfc3d9189c2b,2026-04-25T16:56:34.866326-04:00,node-01,orders-api,200,True,normal,market_aware_v1,48.453,46.023,103.491,32.323,0.299,44.62,99.324,0.62
14935b7b-2fb6-4a2e-b7ed-f6cd1e20da35,2026-04-25T16:56:34.866787-04:00,node-01,checkout-api,200,True,normal,market_aware_v1,49.586,46.524,101.233,30.645,0.481,49.424,76.335,0.933
da8ff3a2-c54d-410a-97c3-1d6745ca0047,2026-04-25T16:56:34.867222-04:00,node-01,payments-api,200,True,normal,market_aware_v1,44.174,50.984,116.327,26.717,0.349,52.749,69.064,0.912
b7db1551-ab52-46cb-816b-113a0d542c74,2026-04-25T16:56:34.867676-04:00,node-01,orders-api,200,True,normal,market_aware_v1,53.575,47.353,89.547,34.844,0.246,46.099,107.487,0.555
56a7cce3-efe8-419a-9bb4-885b1cb97323,2026-04-25T16:56:34.868144-04:00,node-01,checkout-api,429,True,normal,market_aware_v1,55.186,50.399,100.608,29.039,0.494,55.273,74.392,1.049
043e07bc-58e8-43eb-b215-3fbee7d89962,2026-04-25T16:56:34.868622-04:00,node-01,payments-api,200,True,normal,market_aware_v1,44.443,54.679,100.604,30.221,0.3,48.573,73.913,0.749
a34f2e07-5628-421e-a861-42b813874cdd,2026-04-25T16:56:34.869083-04:00,node-01,orders-api,200,True,normal,market_aware_v1,50.196,47.463,88.649,33.26,0.214,42.546,106.21,0.474
cd5eab36-a27e-40b7-a9c2-235ec73b8cff,2026-04-25T16:56:34.869560-04:00,node-01,checkout-api,200,True,normal,market_aware_v1,48.25,51.286,102.93,30.509,0.423,49.307,80.596,0.871
6768ff47-a453-4f36-b62a-9ee1da356541,2026-04-25T16:56:34.870040-04:00,node-01,payments-api,200,True,normal,market_aware_v1,49.7,52.388,112.179,28.15,0.435,50.673,69.115,0.95
aaec1f95-cf4c-4677-827e-521771905a8d,2026-04-25T16:56:34.870506-04:00,node-01,orders-api,200,True,anomalous,market_aware_v1,55.097,49.024,112.824,35.369,0.676,57.17,98.379,1.247
5e1a61af-33f1-4466-b8e7-9d37e9c4ab5e,2026-04-25T16:56:34.870966-04:00,node-01,checkout-api,200,True,normal,market_aware_v1,53.149,51.678,100.252,31.064,0.447,47.677,79.186,0.931
726c167d-785d-4ead-9d8a-5664167fad95,2026-04-25T16:56:34.871404-04:00,node-01,payments-api,200,True,normal,market_aware_v1,44.53,49.847,116.458,26.068,0.41,52.158,74.63,1.015
571bffc0-2d21-4575-8967-a17647b33d80,2026-04-25T16:56:34.871838-04:00,node-01,orders-api,200,True,normal,market_aware_v1,52.386,48.058,95.201,32.938,0.31,49.597,111.463,0.668
3b46fc4b-7e50-469a-9092-674fda748472,2026-04-25T16:56:34.872299-04:00,node-01,checkout-api,200,True,normal,market_aware_v1,52.736,52.311,108.258,31.097,0.401,47.387,88.866,0.723
2acd05c3-a515-4813-93a9-07f08c5514ed,2026-04-25T16:56:34.872725-04:00,node-01,payments-api,200,True,anomalous,market_aware_v1,49.757,52.394,120.63,31.792,0.768,54.686,65.733,1.514
ad7c1b00-dc1e-4f7c-bbe2-56e64ff72c5c,2026-04-25T16:56:34.873205-04:00,node-01,orders-api,200,True,normal,market_aware_v1,46.933,43.453,94.954,32.86,0.295,45.001,106.514,0.654
454d6222-3af8-43da-8218-b9f396edc14c,2026-04-25T16:56:34.873703-04:00,node-01,checkout-api,200,True,normal,market_aware_v1,51.438,51.639,96.257,28.265,0.4,45.653,86.365,0.789
5478b036-6125-49a8-a25a-994c7a54989f,2026-04-25T16:56:34.874181-04:00,node-01,payments-api,200,True,normal,market_aware_v1,44.566,51.704,115.809,27.408,0.467,48.856,62.978,0.859
1096fafa-1f4d-4b3b-a203-80beddd137b5,2026-04-25T16:56:34.874676-04:00,node-01,orders-api,200,True,normal,market_aware_v1,50.791,45.785,74.666,32.73,0.312,42.813,104.287,0.631
6478645d-c30c-4474-b0e2-45c59acab4e1,2026-04-25T16:56:34.875146-04:00,node-01,checkout-api,200,True,normal,market_aware_v1,46.907,49.14,109.78,29.862,0.454,50.794,73.078,0.862
26c0a6fd-3a6b-488d-9e8b-cb83e74a7ae9,2026-04-25T16:56:34.875633-04:00,node-01,payments-api,200,True,normal,market_aware_v1,38.312,54.216,97.345,25.201,0.388,45.176,67.989,0.751
13b7a18e-e6ef-42ee-8b46-7df9055cf4d7,2026-04-25T16:56:34.876084-04:00,node-01,orders-api,200,True,normal,market_aware_v1,47.773,43.643,88.467,29.992,0.288,49.756,90.524,0.77
2a547743-60f8-4fb6-908f-ab1dc7025d91,2026-04-25T16:56:34.876569-04:00,node-01,checkout-api,200,True,normal,market_aware_v1,43.715,44.211,88.856,29.417,0.452,43.448,69.347,0.89
4ef5a49e-181b-4397-b842-dccde4564e9b,2026-04-25T16:56:34.877038-04:00,node-01,payments-api,429,True,anomalous,market_aware_v1,48.197,50.629,120.143,25.059,0.773,53.504,51.597,1.337
35de2de5-9487-44c2-ada2-a30ca48e299b,2026-04-25T16:56:34.877495-04:00,node-01,orders-api,200,True,normal,market_aware_v1,48.123,42.649,84.439,29.141,0.203,42.054,90.451,0.482
c270b906-282c-471f-83ee-f500636a0fd6,2026-04-25T16:56:34.877959-04:00,node-01,checkout-api,200,True,normal,market_aware_v1,43.557,45.353,98.415,26.928,0.302,38.907,68.552,0.517
564631dd-1ec0-4ff0-945a-273b8dd481a0,2026-04-25T16:56:34.878413-04:00,node-01,payments-api,200,True,anomalous,market_aware_v1,42.642,51.922,105.578,27.292,0.699,45.629,52.939,1.18
7652e818-0d52-4efa-83b9-674097872bfa,2026-04-25T16:56:34.878858-04:00,node-01,orders-api,200,True,normal,market_aware_v1,44.53,42.251,93.747,28.848,0.257,44.762,85.673,0.633
07961320-2dfb-40f2-8373-7cc91b36587b,2026-04-25T16:56:34.879297-04:00,node-01,checkout-api,200,True,anomalous,market_aware_v1,44.788,46.146,102.796,30.718,0.765,45.884,69.616,1.209
b45a43fc-fa0b-4c70-95b6-511392548555,2026-04-25T16:56:34.879759-04:00,node-01,payments-api,200,True,normal,market_aware_v1,34.664,47.335,108.059,24.845,0.432,48.068,62.232,0.942
3243dbfd-c594-4905-8b74-3e3e00e1500a,2026-04-25T16:56:34.880199-04:00,node-01,orders-api,200,True,normal,market_aware_v1,45.157,41.916,73.094,27.733,0.183,38.092,94.469,0.28
3297dc2c-7812-44a8-a71f-f0c52da34335,2026-04-25T16:56:34.880650-04:00,node-01,checkout-api,200,True,normal,market_aware_v1,43.473,42.248,98.396,30.115,0.39,46.498,65.395,0.667
d2f6d1e3-173c-4043-bfb9-b549fcf42ce3,2026-04-25T16:56:34.881113-04:00,node-01,payments-api,200,True,normal,market_aware_v1,36.916,46.447,104.129,24.859,0.433,44.943,56.817,0.77
1836d327-55b4-40e4-8a5e-a9c3b07d366b,2026-04-25T16:56:34.881580-04:00,node-01,orders-api,200,True,normal,market_aware_v1,45.743,43.167,86.683,28.033,0.347,45.273,88.179,0.629
bccda1f5-7897-4b06-862f-bc40785ac3f4,2026-04-25T16:56:34.882030-04:00,node-01,checkout-api,200,True,normal,market_aware_v1,40.108,43.101,105.007,29.061,0.437,46.322,68.012,0.876
b091ce12-6bc4-4038-9b74-c8714e088e84,2026-04-25T16:56:34.882453-04:00,node-01,payments-api,200,True,normal,market_aware_v1,38.775,48.915,100.27,23.891,0.301,44.158,56.678,0.813
6006ebaf-ac87-44ef-84c0-a1990d756ac9,2026-04-25T16:56:34.882883-04:00,node-01,orders-api,200,True,normal,market_aware_v1,44.014,43.671,93.908,26.827,0.401,48.882,92.643,0.805
c08f7f1a-9f53-46fe-b891-cd733355871b,2026-04-25T16:56:34.883324-04:00,node-01,checkout-api,200,True,normal,market_aware_v1,42.07,47.332,116.422,28.366,0.379,48.173,71.623,0.836
3dc0ea8f-287b-4083-9591-fd3091a99801,2026-04-25T16:56:34.883777-04:00,node-01,payments-api,200,True,normal,market_aware_v1,38.123,51.893,109.439,23.57,0.474,52.094,54.68,1.062
796cdb5e-940d-4bd5-8188-c3a7d6e2ba69,2026-04-25T16:56:34.884177-04:00,node-01,orders-api,200,True,normal,market_aware_v1,48.314,44.511,86.824,31.699,0.259,45.436,97.345,0.55
d6249e51-0ffd-43e6-b41c-d99d257c003d,2026-04-25T16:56:34.884686-04:00,node-01,checkout-api,200,True,anomalous,market_aware_v1,49.797,47.443,112.606,30.867,0.9,57.917,65.47,1.556
190a768a-78e7-4dac-879e-8a4c2e4a51bf,2026-04-25T16:56:34.885147-04:00,node-01,payments-api,200,True,normal,market_aware_v1,46.545,49.485,124.626,26.222,0.483,58.335,62.09,1.076
c985d6cf-5af3-4ec6-82c5-6c0db4577270,2026-04-25T16:56:34.885631-04:00,node-01,orders-api,200,True,normal,market_aware_v1,50.089,46.989,93.374,30.606,0.32,46.061,97.926,0.683
fb46d8f3-8aa2-4a4f-9c8d-76d0453732ef,2026-04-25T16:56:34.886101-04:00,node-01,checkout-api,200,True,normal,market_aware_v1,47.951,50.113,118.371,28.885,0.498,53.717,77.424,1.139
3631d5e7-c08b-479a-bbc1-be1fcfc9f9bf,2026-04-25T16:56:34.886578-04:00,node-01,payments-api,200,True,normal,market_aware_v1,42.156,52.764,102.06,27.267,0.409,53.6,64.01,0.922
3486f858-799e-465b-882a-7672cf4040ad,2026-04-25T16:56:34.887062-04:00,node-01,orders-api,200,True,normal,market_aware_v1,50.803,46.49,82.459,30.945,0.332,52.109,100.579,0.806
9e4de70e-d0fb-4442-bf53-498d6b88c7a3,2026-04-25T16:56:34.887546-04:00,node-01,checkout-api,200,True,normal,market_aware_v1,46.894,51.385,112.789,28.801,0.495,52.497,75.605,0.975
a700293b-46a7-4cd5-b248-6148f3c86cd8,2026-04-25T16:56:34.888004-04:00,node-01,payments-api,200,True,normal,market_aware_v1,49.294,53.521,111.521,28.554,0.406,47.731,67.145,0.883
737b6329-ab54-4cae-a147-7f039b4fe414,2026-04-25T16:56:34.888473-04:00,node-01,orders-api,200,True,normal,market_aware_v1,52.241,47.634,87.297,32.151,0.325,50.495,105.39,0.688
41adea83-4eea-47b8-851e-10882496abd3,2026-04-25T16:56:34.888930-04:00,node-01,checkout-api,200,True,normal,market_aware_v1,52.41,50.742,113.336,30.304,0.369,45.636,80.798,0.733
14d42663-a104-4b22-8862-5d22f12b54cd,2026-04-25T16:56:34.889412-04:00,node-01,payments-api,200,True,normal,market_aware_v1,46.255,48.946,116.34,24.683,0.422,52.279,68.035,0.941
038a0707-48ff-4ced-8a79-d88460053293,2026-04-25T16:56:34.889897-04:00,node-01,orders-api,200,True,normal,market_aware_v1,48.762,45.426,78.935,30.758,0.291,46.579,100.51,0.593
72c87665-7c5f-4d99-90a4-aa109bed4b86,2026-04-25T16:56:34.890388-04:00,node-01,checkout-api,200,True,normal,market_aware_v1,48.339,46.73,99.094,29.648,0.452,47.948,77.285,0.96
0c360677-94f7-4ee1-a856-5fe8fda4fb66,2026-04-25T16:56:34.890850-04:00,node-01,payments-api,200,True,normal,market_aware_v1,43.646,48.66,115.122,27.203,0.418,49.762,66.926,0.854
f24d3a49-98e5-48c6-94ff-4fcd2c22623f,2026-04-25T16:56:34.891302-04:00,node-01,orders-api,200,True,normal,market_aware_v1,47.748,44.264,81.286,31.317,0.299,46.416,101.251,0.778
21fb4159-858f-47d6-ae4f-81cc4276bf84,2026-04-25T16:56:34.891767-04:00,node-01,checkout-api,200,True,normal,market_aware_v1,47.034,49.376,99.756,27.778,0.475,51.311,74.77,0.909
3494fa47-4978-41d6-8632-f21229f5bf05,2026-04-25T16:56:34.892223-04:00,node-01,payments-api,200,True,normal,market_aware_v1,42.483,51.396,114.999,27.429,0.425,51.478,58.875,1.016
a907cada-0531-4aae-bb13-e3c4bc2b6f64,2026-04-25T16:56:34.892701-04:00,node-01,orders-api,200,True,anomalous,market_aware_v1,51.611,47.615,101.017,31.384,0.621,51.169,93.474,1.232
8672a33f-8376-4302-8042-7b81cac0a868,2026-04-25T16:56:34.893183-04:00,node-01,checkout-api,200,True,normal,market_aware_v1,44.609,47.509,100.634,27.605,0.439,42.561,81.509,0.693
6505fcfe-7480-4724-8976-766767182de1,2026-04-25T16:56:34.893662-04:00,node-01,payments-api,200,True,normal,market_aware_v1,45.168,49.959,125.654,26.23,0.455,55.382,55.721,1.125
e95103e0-6bba-4d18-8549-0c647a1eede5,2026-04-25T16:56:34.894137-04:00,node-01,orders-api,200,True,normal,market_aware_v1,48.679,41.514,87.587,27.796,0.394,49.179,92.688,0.732
f4955d4e-aaa0-4f6b-a97d-b31987d43243,2026-04-25T16:56:34.894627-04:00,node-01,checkout-api,200,True,normal,market_aware_v1,43.904,43.922,101.655,28.318,0.39,45.485,73.636,0.785
59509a57-2d19-405e-8b21-dd46c0460984,2026-04-25T16:56:34.895104-04:00,node-01,payments-api,200,True,normal,market_aware_v1,42.965,47.333,114.847,25.681,0.448,53.251,53.629,1.015
02b1fe78-67ab-43cb-a802-a241356d82e9,2026-04-25T16:56:34.895600-04:00,node-01,orders-api,200,True,normal,market_aware_v1,45.687,43.754,87.589,30.145,0.294,49.503,92.93,0.638
9dc8f146-8199-4306-bc3b-7e82de9214e0,2026-04-25T16:56:34.896092-04:00,node-01,checkout-api,200,True,normal,market_aware_v1,44.68,47.312,107.902,27.92,0.455,52.723,66.791,0.977
9fb89d0f-94ed-4a91-9402-c12f56984764,2026-04-25T16:56:34.896562-04:00,node-01,payments-api,200,True,normal,market_aware_v1,41.243,47.472,102.588,27.537,0.448,52.616,55.781,0.96
1c7d94aa-0759-45cd-b2b0-6ac8e2ebd310,2026-04-25T16:56:34.897045-04:00,node-01,orders-api,200,True,normal,market_aware_v1,48.054,43.737,110.012,29.752,0.553,54.929,95.05,1.275
2810f1d8-5f7b-4979-ba19-26b5b1679f6c,2026-04-25T16:56:34.897618-04:00,node-01,checkout-api,200,True,normal,market_aware_v1,47.408,46.475,93.555,29.782,0.353,41.647,72.822,0.762
8158b1b9-1504-4d3b-8d42-46763f60800f,2026-04-25T16:56:34.898126-04:00,node-01,payments-api,200,True,normal,market_aware_v1,38.279,47.954,115.896,23.701,0.431,53.045,55.562,0.852
3e39fdb7-39ac-4f3e-ba18-f12382c24735,2026-04-25T16:56:34.898638-04:00,node-01,orders-api,200,True,normal,market_aware_v1,47.568,43.1,89.431,28.976,0.28,48.001,95.681,0.673
2fa1f2ae-ee4e-4e16-9dba-b7a333066d61,2026-04-25T16:56:34.899264-04:00,node-01,checkout-api,200,True,normal,market_aware_v1,44.152,48.714,89.061,28.102,0.38,40.166,76.597,0.608
bbd8cd27-c47e-43d4-982f-5e15ef8bd18d,2026-04-25T16:56:34.899745-04:00,node-01,payments-api,200,True,normal,market_aware_v1,45.605,50.017,101.989,25.679,0.446,45.027,63.313,0.904
e6506429-f1b9-4792-bf6f-f40c885ee6bf,2026-04-25T16:56:34.900233-04:00,node-01,orders-api,200,True,normal,market_aware_v1,50.565,45.993,74.369,30.473,0.221,46.616,97.23,0.572
611d2059-807d-4f72-98f7-7e5426f6342b,2026-04-25T16:56:34.900694-04:00,node-01,checkout-api,200,True,normal,market_aware_v1,49.037,50.777,96.708,29.829,0.465,49.171,76.718,0.966
a66a671e-d8bd-4486-b2af-966c720bf32b,2026-04-25T16:56:34.901109-04:00,node-01,payments-api,200,True,normal,market_aware_v1,44.282,49.938,105.717,24.522,0.422,46.934,62.87,0.793
88b0d465-e499-44c5-9c65-4963aae31586,2026-04-25T16:56:34.901516-04:00,node-01,orders-api,200,True,normal,market_aware_v1,49.566,45.494,84.04,32.355,0.166,43.857,98.93,0.381
ea45b97d-2b69-4904-b8a5-6b9f98764c71,2026-04-25T16:56:34.901942-04:00,node-01,checkout-api,200,True,anomalous,market_aware_v1,51.449,52.603,110.839,31.149,0.826,50.541,75.208,1.436
b88b2f72-6315-4017-9f7f-85447d7193b6,2026-04-25T16:56:34.902371-04:00,node-01,payments-api,200,True,normal,market_aware_v1,42.082,54.141,115.123,27.744,0.479,56.478,68.17,1.097
c28898be-5f16-48df-819d-6274f3dbd8cc,2026-04-25T16:56:34.902805-04:00,node-01,orders-api,200,True,normal,market_aware_v1,53.463,48.502,94.26,34.647,0.33,45.645,107.026,0.659
fcecee0f-cb47-4886-beba-0184e9381476,2026-04-25T16:56:34.903235-04:00,node-01,checkout-api,429,True,normal,market_aware_v1,54.576,53.091,140.743,28.825,0.623,59.173,78.764,1.522
19cae981-a38a-4296-8764-dbf4408cd731,2026-04-25T16:56:34.903676-04:00,node-01,payments-api,200,True,normal,market_aware_v1,47.576,54.09,114.682,27.265,0.475,54.815,67.115,0.926
34babbda-1397-4dac-b962-3765a3dbca4c,2026-04-25T16:56:34.904126-04:00,node-01,orders-api,200,True,normal,market_aware_v1,53.188,50.871,91.864,31.327,0.264,44.372,108.386,0.617
e8b11d26-c179-4b67-8f54-a18ea0d7288a,2026-04-25T16:56:34.904574-04:00,node-01,checkout-api,200,True,normal,market_aware_v1,51.85,49.34,108.833,29.634,0.464,50.676,82.948,0.973
c273a5e7-db9a-4cc8-b186-32d756fcd384,2026-04-25T16:56:34.905012-04:00,node-01,payments-api,429,True,normal,market_aware_v1,48.959,50.954,129.815,27.545,0.653,57.369,70.419,1.2
01e17fd0-a52d-4402-9ef4-5c1dcd5515da,2026-04-25T16:56:34.905417-04:00,node-01,orders-api,200,True,anomalous,market_aware_v1,61.246,48.828,103.395,33.717,0.731,55.735,98.836,1.389
cea92712-07e0-4e9a-b1d1-f42c647d1204,2026-04-25T16:56:34.905852-04:00,node-01,checkout-api,200,True,normal,market_aware_v1,53.724,52.411,110.194,30.333,0.529,52.599,80.723,1.133
62dd001e-312c-433c-902c-fad2a67503f4,2026-04-25T16:56:34.906278-04:00,node-01,payments-api,200,True,normal,market_aware_v1,50.157,54.994,128.336,27.94,0.37,57.816,65.703,1.091
40fd2a82-e984-4b03-8102-f7be0f566fa8,2026-04-25T16:56:34.906719-04:00,node-01,orders-api,200,True,normal,market_aware_v1,50.668,48.672,94.742,33.164,0.353,47.945,100.729,0.668
0ff52a9d-8db1-48f4-9f72-110596c5e969,2026-04-25T16:56:34.907217-04:00,node-01,checkout-api,200,True,anomalous,market_aware_v1,52.506,51.807,121.603,32.956,0.858,56.937,75.784,1.664
f053bdfc-dfd4-4191-9a66-59590d710341,2026-04-25T16:56:34.907697-04:00,node-01,payments-api,200,True,normal,market_aware_v1,46.117,52.937,117.676,27.227,0.436,55.044,65.459,1.022
b875cb75-338e-494b-96b0-abf508090dc6,2026-04-25T16:56:34.908158-04:00,node-01,orders-api,200,True,anomalous,market_aware_v1,59.948,48.013,102.347,35.288,0.65,52.344,97.211,1.176
755bcbe3-4ad3-483e-a6a1-5f1dc7ce861a,2026-04-25T16:56:34.908626-04:00,node-01,checkout-api,200,True,normal,market_aware_v1,54.156,48.222,105.87,30.237,0.509,49.364,76.092,0.955
cf77a715-e8f0-4dae-964b-1043d0fd0f81,2026-04-25T16:56:34.909087-04:00,node-01,payments-api,200,True,normal,market_aware_v1,42.313,49.2,130.529,24.8,0.504,61.113,63.154,1.264
1cf8604e-3d23-4048-93d6-241f9eb2d701,2026-04-25T16:56:34.909561-04:00,node-01,orders-api,200,True,normal,market_aware_v1,50.54,43.44,91.19,31.695,0.185,41.134,99.172,0.421
12faecb8-45f9-4793-ab98-5cf3dd185c22,2026-04-25T16:56:34.910005-04:00,node-01,checkout-api,200,True,normal,market_aware_v1,49.632,49.312,114.86,29.441,0.502,57.259,73.864,1.23
6583b53e-ba0d-4e99-8d8b-97dbd6df702e,2026-04-25T16:56:34.910470-04:00,node-01,payments-api,200,True,normal,market_aware_v1,46.456,51.547,117.593,26.611,0.409,55.154,58.366,1.09
e47c9165-c279-47cd-94ee-3e5e4693802a,2026-04-25T16:56:34.910923-04:00,node-01,orders-api,200,True,normal,market_aware_v1,49.353,43.269,98.492,30.879,0.225,44.574,99.809,0.597
4b4252a0-6456-4481-a41f-4a33db76b357,2026-04-25T16:56:34.911607-04:00,node-01,checkout-api,200,True,normal,market_aware_v1,45.155,44.898,99.327,28.876,0.458,45.998,72.123,0.727
e77dd28f-b7ec-48e3-8411-fca61cf27a5b,2026-04-25T16:56:34.912069-04:00,node-01,payments-api,200,True,normal,market_aware_v1,41.269,44.06,114.981,25.146,0.399,51.818,53.748,0.882
11f71458-8aad-4516-a831-4536ffce3f5f,2026-04-25T16:56:34.912548-04:00,node-01,orders-api,200,True,normal,market_aware_v1,48.409,42.11,77.548,29.413,0.205,39.292,96.321,0.336
b557bedf-30da-4e1d-939d-5cb858902669,2026-04-25T16:56:34.913048-04:00,node-01,checkout-api,200,True,normal,market_aware_v1,40.905,44.327,98.315,29.062,0.373,38.439,80.036,0.78
ed825679-8445-4e8f-b64a-9a5bf6901153,2026-04-25T16:56:34.913551-04:00,node-01,payments-api,200,True,normal,market_aware_v1,42.148,46.46,108.775,25.576,0.427,53.629,55.064,0.983
661749f3-a6f2-4eaa-8ece-40497fc07009,2026-04-25T16:56:34.914017-04:00,node-01,orders-api,200,True,normal,market_aware_v1,45.146,42.119,90.008,27.837,0.268,44.314,95.037,0.443
9243509b-8d17-4e90-87cc-f600fae2129d,2026-04-25T16:56:34.914477-04:00,node-01,checkout-api,200,True,normal,market_aware_v1,42.174,47.005,104.618,26.223,0.571,54.877,67.402,1.113
4531259a-5cde-4f7a-aafe-ad9a03e008ba,2026-04-25T16:56:34.914950-04:00,node-01,payments-api,200,True,normal,market_aware_v1,34.748,46.002,100.996,25.637,0.335,42.699,56.734,0.698
d8e031b8-2764-4610-b222-e089c5f61bfb,2026-04-25T16:56:34.915427-04:00,node-01,orders-api,200,True,normal,market_aware_v1,42.342,38.325,91.293,29.253,0.237,46.122,89.141,0.583
68bc51a6-91ab-49a8-a7ab-f39044e7245f,2026-04-25T16:56:34.915869-04:00,node-01,checkout-api,200,True,normal,market_aware_v1,42.263,42.998,105.743,27.554,0.395,43.775,71.38,0.701
6a7b79f2-e376-4c85-9b70-ab5a192eb156,2026-04-25T16:56:34.916300-04:00,node-01,payments-api,200,True,normal,market_aware_v1,40.327,45.487,96.214,24.508,0.345,41.545,62.801,0.655
584ea8d7-1cfd-4998-a8e0-bce2607c371e,2026-04-25T16:56:34.917148-04:00,node-01,orders-api,200,True,normal,market_aware_v1,48.353,43.923,100.784,27.968,0.294,50.033,86.754,0.783
ab264f3c-a186-4e23-8b38-d9fe12d0c350,2026-04-25T16:56:34.917607-04:00,node-01,checkout-api,200,True,normal,market_aware_v1,47.692,47.181,97.302,27.711,0.396,38.93,67.962,0.711
b0695958-c83b-4e08-bd76-e77910ba8122,2026-04-25T16:56:34.918048-04:00,node-01,payments-api,200,True,normal,market_aware_v1,40.131,47.127,106.792,24.651,0.336,45.94,61.058,0.938
1379add0-b814-44d7-82fc-759e85f07cb3,2026-04-25T16:56:34.918506-04:00,node-01,orders-api,200,True,normal,market_aware_v1,42.505,41.767,91.405,29.194,0.231,44.102,95.589,0.51
1a22579c-e000-4459-a090-bc7be3c4358f,2026-04-25T16:56:34.918951-04:00,node-01,checkout-api,200,True,normal,market_aware_v1,47.567,46.364,113.874,27.525,0.447,50.732,68.654,1.034
b77a314b-bcd1-443a-8512-a1e8b83c106c,2026-04-25T16:56:34.919406-04:00,node-01,payments-api,200,True,normal,market_aware_v1,41.266,48.178,126.858,24.544,0.346,49.068,64.306,0.889
4dd6c59c-cf54-44d5-b1d7-7236e8df5382,2026-04-25T16:56:34.920067-04:00,node-01,orders-api,200,True,normal,market_aware_v1,50.215,43.165,83.031,30.261,0.325,44.021,94.521,0.531
34e5790f-76a4-451b-9784-a33d523ab526,2026-04-25T16:56:34.920539-04:00,node-01,checkout-api,200,True,normal,market_aware_v1,41.866,47.018,91.752,27.919,0.254,42.511,73.902,0.568
320cb73b-cbaf-4ffb-b224-f7149f2891e4,2026-04-25T16:56:34.921010-04:00,node-01,payments-api,200,True,normal,market_aware_v1,42.211,49.956,117.519,26.285,0.453,58.275,54.075,1.27
014d6a74-a99c-49d7-8b5e-5f8ce6847865,2026-04-25T16:56:34.921490-04:00,node-01,orders-api,200,True,anomalous,market_aware_v1,53.834,47.409,106.503,33.885,0.621,50.586,91.867,1.208
057b4b75-6935-468a-b2a8-f46fa7536bb9,2026-04-25T16:56:34.921951-04:00,node-01,checkout-api,200,True,normal,market_aware_v1,49.997,46.284,115.67,28.484,0.418,49.834,73.194,1.007
4e1619df-9ed2-4eb7-9961-8c10a107082e,2026-04-25T16:56:34.922466-04:00,node-01,payments-api,200,True,normal,market_aware_v1,42.94,52.919,123.527,27.048,0.438,59.781,58.029,1.181
42731e83-bc0f-4616-acce-ee94707523d6,2026-04-25T16:56:34.922966-04:00,node-01,orders-api,429,True,normal,market_aware_v1,54.932,45.886,103.911,30.862,0.351,56.274,100.511,0.797
2cdffbcc-b99d-4224-8189-3e5fd907fb3d,2026-04-25T16:56:34.923416-04:00,node-01,checkout-api,200,True,normal,market_aware_v1,50.79,50.069,115.057,30.849,0.455,49.757,81.917,0.942
ff757d78-2600-4c99-bbc2-46be03398ec3,2026-04-25T16:56:34.923988-04:00,node-01,payments-api,200,True,normal,market_aware_v1,48.167,54.049,124.775,27.579,0.46,60.384,62.66,1.167
c9de24f4-c5ae-425f-ba40-21bb4b96740c,2026-04-25T16:56:34.924523-04:00,node-01,orders-api,200,True,normal,market_aware_v1,50.332,46.069,85.632,32.184,0.288,46.045,102.279,0.571
dcf0de08-d00e-48a7-b904-2b97116cb7d4,2026-04-25T16:56:34.925032-04:00,node-01,checkout-api,200,True,anomalous,market_aware_v1,56.277,51.396,121.425,31.94,0.781,54.587,73.101,1.492
5ccbeda0-4cd3-4ece-b700-6e34b3e3810d,2026-04-25T16:56:34.925555-04:00,node-01,payments-api,200,True,normal,market_aware_v1,47.525,50.987,125.52,26.09,0.521,58.77,59.288,1.144
c349a611-10d2-4401-8a1d-aae36f0683b8,2026-04-25T16:56:34.926063-04:00,node-01,orders-api,200,True,normal,market_aware_v1,52.499,48.451,94.729,32.634,0.377,55.171,97.158,0.867
0de35241-4df7-4762-8051-5ae55703f598,2026-04-25T16:56:34.926596-04:00,node-01,checkout-api,200,True,anomalous,market_aware_v1,52.826,47.564,112.21,30.956,0.87,52.134,73.886,1.509
ad6d1e5c-3db6-476b-be23-eaa9cfbde87d,2026-04-25T16:56:34.927095-04:00,node-01,payments-api,200,True,normal,market_aware_v1,43.772,51.523,96.176,26.148,0.446,49.873,67.574,0.929
c4655f6b-a6d5-401a-a76f-3756cf2fc57e,2026-04-25T16:56:34.927590-04:00,node-01,orders-api,200,True,normal,market_aware_v1,53.04,47.907,100.563,32.283,0.351,55.9,92.117,1.025
95499b01-b4e8-4f76-8bc3-3989affce8cd,2026-04-25T16:56:34.928222-04:00,node-01,checkout-api,200,True,normal,market_aware_v1,46.651,50.357,112.121,30.136,0.526,56.955,76.453,1.135
5080380c-d56a-421c-a320-58f259953621,2026-04-25T16:56:34.928740-04:00,node-01,payments-api,429,True,normal,market_aware_v1,47.788,52.677,144.625,25.944,0.668,60.101,55.587,1.522
f56ab9c5-92c0-44de-8021-5f5ee661358d,2026-04-25T16:56:34.929230-04:00,node-01,orders-api,200,True,normal,market_aware_v1,51.494,45.983,103.936,31.941,0.416,54.56,100.883,0.928
b3953879-024d-4249-9614-b3758cf7969a,2026-04-25T16:56:34.929730-04:00,node-01,checkout-api,200,True,normal,market_aware_v1,49.653,47.51,104.977,28.264,0.412,46.624,78.354,0.898
85a60606-a03a-418e-9b46-4bcf1327ab71,2026-04-25T16:56:34.930220-04:00,node-01,payments-api,200,True,normal,market_aware_v1,41.79,44.128,113.168,25.526,0.393,46.72,61.621,0.799
0d1e0dcd-bf3c-43a7-b450-9065c6d37065,2026-04-25T16:56:34.930654-04:00,node-01,orders-api,429,True,normal,market_aware_v1,52.318,45.921,113.106,32.037,0.479,56.075,95.875,1.278
92fafd41-7d8f-4a16-921c-5214a6649a82,2026-04-25T16:56:34.931092-04:00,node-01,checkout-api,200,True,normal,market_aware_v1,46.755,44.689,97.357,27.512,0.396,42.575,73.143,0.787
e4a73158-7801-448b-bf7e-dc5f01c32941,2026-04-25T16:56:34.931569-04:00,node-01,payments-api,200,True,normal,market_aware_v1,41.015,49.928,117.813,24.561,0.436,54.16,60.034,0.926
ebf543dc-98d1-4d11-b199-90f3f3bf5503,2026-04-25T16:56:34.932040-04:00,node-01,orders-api,200,True,normal,market_aware_v1,44.315,45.493,95.775,30.52,0.363,52.068,92.566,0.886
17cf0720-307c-41ec-aac3-12b388ceba02,2026-04-25T16:56:34.932523-04:00,node-01,checkout-api,200,True,normal,market_aware_v1,45.255,46.367,107.314,27.12,0.512,52.688,73.119,1.041
d4bd36bd-e9a5-4d0a-97bb-cb3537ffc691,2026-04-25T16:56:34.933058-04:00,node-01,payments-api,200,True,normal,market_aware_v1,41.033,45.754,123.756,27.154,0.434,51.159,55.266,1.037
11f6502b-c294-4c4e-a6e8-51ecce54de29,2026-04-25T16:56:34.933502-04:00,node-01,orders-api,200,True,normal,market_aware_v1,47.073,42.136,80.33,29.489,0.287,42.836,98.501,0.657
06c3ae03-f674-42f3-99a6-ce464d50db53,2026-04-25T16:56:34.933969-04:00,node-01,checkout-api,200,True,normal,market_aware_v1,46.927,47.21,105.836,26.71,0.48,48.757,77.416,0.855
b59e0ab2-ddbd-48c5-97c9-71086be152ce,2026-04-25T16:56:34.934409-04:00,node-01,payments-api,200,True,normal,market_aware_v1,42.405,48.248,112.262,25.957,0.517,55.705,55.768,1.226
e16875e0-364d-48eb-b076-93bbead9888a,2026-04-25T16:56:34.934847-04:00,node-01,orders-api,200,True,normal,market_aware_v1,50.744,46.796,86.023,31.12,0.295,50.311,97.344,0.687
ea0d085a-b80a-4f5d-98d4-3887fd4c9365,2026-04-25T16:56:34.935289-04:00,node-01,checkout-api,200,True,normal,market_aware_v1,48.306,44.974,108.114,28.877,0.503,50.173,68.078,1.082
e30a7a5b-f83d-4e0f-bef4-4880a7763421,2026-04-25T16:56:34.935692-04:00,node-01,payments-api,200,True,normal,market_aware_v1,43.516,49.986,127.448,27.479,0.427,55.506,58.472,0.968
8b2d77d0-5014-44e2-a735-bcee85df2479,2026-04-25T16:56:34.936063-04:00,node-01,orders-api,200,True,normal,market_aware_v1,49.771,46.179,85.861,32.089,0.253,49.689,99.678,0.66
c4633b6f-e85b-48d7-b41b-3f0e6b6b7baa,2026-04-25T16:56:34.936503-04:00,node-01,checkout-api,200,True,normal,market_aware_v1,46.195,49.413,110.731,28.68,0.491,54.165,73.503,1.045
e8e16360-2f89-4385-ae18-bbf5dfaf9f07,2026-04-25T16:56:34.937033-04:00,node-01,payments-api,200,True,normal,market_aware_v1,43.017,52.93,124.063,25.068,0.445,53.042,59.507,0.929
58244276-db12-48b9-8dad-96abd31df03e,2026-04-25T16:56:34.937519-04:00,node-01,orders-api,200,True,normal,market_aware_v1,54.716,47.221,112.865,31.988,0.407,59.32,95.676,1.073
c1b00e7b-f550-41ea-946e-177a3c103839,2026-04-25T16:56:34.938014-04:00,node-01,checkout-api,200,True,normal,market_aware_v1,48.264,50.116,117.963,29.762,0.617,54.77,74.747,1.268
a9578d41-6896-4f69-840d-60199aea3352,2026-04-25T16:56:34.938470-04:00,node-01,payments-api,200,True,normal,market_aware_v1,40.743,53.105,107.718,28.799,0.427,51.833,61.635,0.889
ce0d86ea-0c4a-4cd9-8c34-c35f359b3acc,2026-04-25T16:56:34.938907-04:00,node-01,orders-api,200,True,normal,market_aware_v1,53.814,45.643,123.817,32.938,0.538,62.352,101.87,1.515
5cd1ed28-0a4a-41e7-8da3-41115c01b93f,2026-04-25T16:56:34.939326-04:00,node-01,checkout-api,200,True,normal,market_aware_v1,49.518,49.663,122.173,29.936,0.419,50.977,75.639,0.928
9a245d43-b6bb-41f2-aeeb-242f7337f222,2026-04-25T16:56:34.939713-04:00,node-01,payments-api,429,True,normal,market_aware_v1,49.514,51.969,138.488,27.215,0.441,58.38,66.688,1.011
d8beb862-f6f5-45ff-8add-ae683341e434,2026-04-25T16:56:34.940090-04:00,node-01,orders-api,429,True,normal,market_aware_v1,55.949,43.497,111.647,32.32,0.37,57.044,109.53,0.96
e4cb680b-ce75-46e7-9a06-a07556c4fa06,2026-04-25T16:56:34.940562-04:00,node-01,checkout-api,200,True,normal,market_aware_v1,52.091,51.25,112.823,29.668,0.419,52.192,81.797,0.925
b490b154-86a3-4726-b162-93789c587e51,2026-04-25T16:56:34.940987-04:00,node-01,payments-api,429,True,normal,market_aware_v1,49.426,50.228,133.801,26.665,0.421,58.851,67.755,1.094
7030b7d4-f71f-49a9-addf-249aa5af57a4,2026-04-25T16:56:34.941520-04:00,node-01,orders-api,200,True,normal,market_aware_v1,56.839,46.247,101.319,32.681,0.52,53.814,102.277,0.896
1af23cb8-1464-4c8c-bd72-658f1bf7b45d,2026-04-25T16:56:34.941949-04:00,node-01,checkout-api,200,True,normal,market_aware_v1,52.793,50.158,106.36,32.397,0.459,54.967,81.396,1.035
bd897245-6532-47aa-9505-fd460a1f3716,2026-04-25T16:56:34.942368-04:00,node-01,payments-api,200,True,normal,market_aware_v1,51.72,53.254,107.696,26.341,0.455,50.143,66.333,0.927
616a2f0d-605e-42cc-be64-b2bc5e05b8c1,2026-04-25T16:56:34.942867-04:00,node-01,orders-api,200,True,normal,market_aware_v1,56.179,48.498,121.407,32.182,0.481,64.121,103.008,1.133
20eb8214-4024-4aeb-b6c7-32c42cf5e4f6,2026-04-25T16:56:34.943373-04:00,node-01,checkout-api,200,True,normal,market_aware_v1,53.869,51.453,114.722,31.415,0.462,48.131,78.877,1.038
d2bbb12d-1b3c-425c-8c78-0afffef8c829,2026-04-25T16:56:34.943863-04:00,node-01,payments-api,200,True,normal,market_aware_v1,48.319,49.827,118.852,27.666,0.501,52.001,72.081,1.025
964085d0-5afa-4c7c-b519-8f661ebf1616,2026-04-25T16:56:34.944341-04:00,node-01,orders-api,200,True,normal,market_aware_v1,51.875,46.702,107.973,33.025,0.321,53.636,103.135,0.778
65f40849-639b-45ed-8111-c8eff2175da7,2026-04-25T16:56:34.944838-04:00,node-01,checkout-api,200,True,normal,market_aware_v1,50.257,47.977,109.775,29.257,0.445,51.124,76.068,0.958
c32514c1-cf12-470a-908e-ccd41b01c47f,2026-04-25T16:56:34.945326-04:00,node-01,payments-api,200,True,normal,market_aware_v1,45.127,54.101,122.868,26.52,0.514,49.629,65.58,0.991
ce581314-eb73-46aa-a47a-e4f016687a46,2026-04-25T16:56:34.945815-04:00,node-01,orders-api,200,True,normal,market_aware_v1,52.218,44.778,87.892,32.823,0.278,43.347,102.641,0.616
6a692f8d-34d6-4fad-a0e6-aee995677dc0,2026-04-25T16:56:34.946302-04:00,node-01,checkout-api,200,True,normal,market_aware_v1,49.583,51.157,118.288,27.709,0.623,54.561,75.047,1.409
44e7c2c1-067d-4890-a741-61ec0faaaf69,2026-04-25T16:56:34.946799-04:00,node-01,payments-api,429,True,normal,market_aware_v1,47.097,52.627,123.337,27.182,0.371,51.891,55.275,1.012
edfd5cdf-bff6-4b38-9814-86a4b00e7dd6,2026-04-25T16:56:34.947292-04:00,node-01,orders-api,200,True,normal,market_aware_v1,49.721,43.571,103.496,28.226,0.379,51.298,99.804,0.768
2842257f-e566-4632-b2ac-69d5c07d58ea,2026-04-25T16:56:34.947792-04:00,node-01,checkout-api,200,True,normal,market_aware_v1,46.762,45.573,107.617,27.486,0.53,50.922,63.764,1.049
0786a1d7-bbed-40be-8b89-29b18fbde611,2026-04-25T16:56:34.948294-04:00,node-01,payments-api,200,True,normal,market_aware_v1,44.574,48.582,116.916,25.894,0.487,58.029,53.247,1.021
943a26d5-473d-48ed-9dd7-3e897d8a116e,2026-04-25T16:56:34.948790-04:00,node-01,orders-api,200,True,normal,market_aware_v1,45.61,43.505,82.995,32.634,0.249,41.752,94.109,0.441
c6ea3acd-73d9-4082-8752-99e97629ad89,2026-04-25T16:56:34.949275-04:00,node-01,checkout-api,200,True,normal,market_aware_v1,40.1,46.209,116.975,28.021,0.501,51.948,65.71,1.119
d310e523-b6b4-4098-9233-b0ba68fbd7e8,2026-04-25T16:56:34.949782-04:00,node-01,payments-api,200,True,normal,market_aware_v1,43.748,48.494,110.976,24.851,0.37,46.605,55.302,0.772
a0afd08c-2c31-474f-b2ea-f0229fe500c2,2026-04-25T16:56:34.950243-04:00,node-01,orders-api,200,True,normal,market_aware_v1,47.85,45.336,90.506,29.902,0.251,42.675,92.0,0.55
bf738929-b9d2-470c-b36c-99c8f8fecd0a,2026-04-25T16:56:34.950700-04:00,node-01,checkout-api,200,True,anomalous,market_aware_v1,46.917,50.108,112.397,29.496,0.815,49.271,59.062,1.461
e3a85b89-1f28-41df-b9cf-ec6e2543ef77,2026-04-25T16:56:34.951202-04:00,node-01,payments-api,200,True,normal,market_aware_v1,40.111,46.257,122.819,24.087,0.483,53.739,55.241,1.067
5a4bfa28-9869-4326-b0d1-1dab96143d33,2026-04-25T16:56:34.951701-04:00,node-01,orders-api,429,True,normal,market_aware_v1,46.312,41.864,116.298,29.424,0.612,65.113,83.628,1.621
dda51f88-0a5d-4392-be4d-20c5746c8aa7,2026-04-25T16:56:34.952185-04:00,node-01,checkout-api,200,True,normal,market_aware_v1,41.062,44.902,95.712,25.492,0.51,48.993,68.709,1.005
caf97b6a-ee23-4cc0-951d-fa169f21b61e,2026-04-25T16:56:34.952671-04:00,node-01,payments-api,200,True,normal,market_aware_v1,39.93,46.681,103.914,24.747,0.449,48.882,55.094,0.94
fbd2f6c2-6cef-43c8-9f6d-77647fa62122,2026-04-25T16:56:34.953100-04:00,node-01,orders-api,200,True,normal,market_aware_v1,46.662,42.154,91.871,29.375,0.319,49.185,90.697,0.73
d245ccb7-c1bb-4cd0-889b-80f3864fca13,2026-04-25T16:56:34.953559-04:00,node-01,checkout-api,200,True,normal,market_aware_v1,44.466,45.106,103.059,26.614,0.421,45.839,78.46,0.781
f773c525-b8e5-481b-bddc-6b9839d4f654,2026-04-25T16:56:34.954003-04:00,node-01,payments-api,200,True,normal,market_aware_v1,39.644,46.226,109.365,23.418,0.309,50.238,50.85,0.906
1f2a9410-55eb-4161-b34c-be285a34936b,2026-04-25T16:56:34.954475-04:00,node-01,orders-api,200,True,normal,market_aware_v1,45.33,44.101,88.63,29.61,0.329,47.313,88.508,0.686
a048d836-ad11-4a4d-a260-df3a87044cc4,2026-04-25T16:56:34.954977-04:00,node-01,checkout-api,200,True,normal,market_aware_v1,43.09,45.269,92.032,28.076,0.453,41.103,72.486,0.702
c0acc577-125e-466d-b572-5cf53ae174eb,2026-04-25T16:56:34.955417-04:00,node-01,payments-api,200,True,normal,market_aware_v1,44.761,49.041,121.375,26.453,0.522,56.401,62.351,1.155
0f6b55a2-3045-4ab0-936f-da9a429c4563,2026-04-25T16:56:34.955939-04:00,node-01,orders-api,200,True,normal,market_aware_v1,46.206,44.813,80.714,29.072,0.315,46.317,98.102,0.528
2195f28d-1b4d-497a-832c-686ec178426b,2026-04-25T16:56:34.956414-04:00,node-01,checkout-api,200,True,normal,market_aware_v1,46.659,45.849,102.017,29.012,0.48,45.18,75.055,0.977
50034a81-29fe-42cd-9387-3ff161829051,2026-04-25T16:56:34.956902-04:00,node-01,payments-api,200,True,normal,market_aware_v1,44.662,50.254,124.897,24.284,0.49,58.886,57.547,1.176
60a9e238-8a9b-42ea-9972-464855b27384,2026-04-25T16:56:34.957423-04:00,node-01,orders-api,200,True,normal,market_aware_v1,50.278,45.901,109.783,32.136,0.326,53.531,93.714,0.976
92d44d82-a7ae-44fe-a399-fce4e860011b,2026-04-25T16:56:34.957914-04:00,node-01,checkout-api,200,True,normal,market_aware_v1,48.217,47.665,116.924,28.924,0.479,54.481,76.848,1.069
31520e8a-a1fe-4014-a8fe-372d69216db1,2026-04-25T16:56:34.958403-04:00,node-01,payments-api,200,True,normal,market_aware_v1,47.835,51.002,111.684,26.331,0.343,53.848,61.776,0.856
fca3aed2-2a01-4c98-a662-8cef7535434b,2026-04-25T16:56:34.958883-04:00,node-01,orders-api,200,True,normal,market_aware_v1,54.155,46.763,91.331,30.853,0.269,50.13,99.336,0.558
52e628e5-da69-451e-85de-8b39fd0f0e5b,2026-04-25T16:56:34.959380-04:00,node-01,checkout-api,200,True,normal,market_aware_v1,52.231,44.529,120.281,29.869,0.523,50.823,74.951,1.104
6ab6a684-0ee7-4a4c-9964-92c06b2a38de,2026-04-25T16:56:34.960203-04:00,node-01,payments-api,200,True,normal,market_aware_v1,47.914,54.069,116.396,26.719,0.405,49.678,70.244,0.983
2036a87c-7f6a-4581-bf8e-3eae36a24161,2026-04-25T16:56:34.961059-04:00,node-01,orders-api,200,True,normal,market_aware_v1,53.847,46.589,83.449,32.355,0.2,45.617,106.168,0.519
193e275f-09a0-4eb0-a2b3-79eedbe0270d,2026-04-25T16:56:34.961519-04:00,node-01,checkout-api,200,True,anomalous,market_aware_v1,56.661,52.716,139.456,31.756,0.965,64.238,67.565,1.862
7e6c6fc1-5419-4694-af54-8788900561e0,2026-04-25T16:56:34.962082-04:00,node-01,payments-api,200,True,normal,market_aware_v1,46.996,51.463,135.12,27.749,0.439,60.477,60.561,1.049
df47b440-0826-440e-b8b3-3a2305367f4b,2026-04-25T16:56:34.962530-04:00,node-01,orders-api,200,True,normal,market_aware_v1,51.653,43.874,92.699,31.062,0.293,49.723,105.184,0.674
3bbe48c6-5667-42ae-b3d0-9719e72c6dac,2026-04-25T16:56:34.963017-04:00,node-01,checkout-api,200,True,normal,market_aware_v1,52.672,50.84,112.71,29.311,0.442,52.802,73.454,0.99
e007e004-1b0d-44fe-a4a1-1084a5173053,2026-04-25T16:56:34.963505-04:00,node-01,payments-api,200,True,normal,market_aware_v1,48.354,53.585,98.196,25.335,0.35,46.164,68.08,0.72
0b316548-47e2-4776-b6e6-755043bf07c8,2026-04-25T16:56:34.963959-04:00,node-01,orders-api,200,True,normal,market_aware_v1,54.74,44.562,104.49,32.406,0.333,54.698,93.366,0.967
aab39f33-f064-4ac5-9bbf-766bfa849970,2026-04-25T16:56:34.964426-04:00,node-01,checkout-api,429,True,normal,market_aware_v1,48.219,51.429,114.822,32.504,0.524,57.941,76.159,0.998
70c5f53b-f496-46bb-83be-829ed76293db,2026-04-25T16:56:34.964936-04:00,node-01,payments-api,429,True,normal,market_aware_v1,42.598,51.329,132.107,28.041,0.564,57.808,66.145,1.32
b0ab0c8a-6e2d-42d3-a4e0-7589d94650ec,2026-04-25T16:56:34.965426-04:00,node-01,orders-api,200,True,normal,market_aware_v1,48.32,46.725,87.151,29.753,0.231,46.488,95.076,0.548
6f9a6277-e347-44ed-8bd9-f46d97a07e56,2026-04-25T16:56:34.965906-04:00,node-01,checkout-api,429,True,anomalous,market_aware_v1,47.258,49.344,113.51,31.701,0.959,58.393,65.927,1.728
deceac20-8304-4a77-a6d4-0ea0f2d76b8b,2026-04-25T16:56:34.966332-04:00,node-01,payments-api,200,True,normal,market_aware_v1,49.019,50.519,132.239,24.659,0.593,65.067,51.341,1.4
82ea38a6-c1aa-45ae-bb26-f8e0c0bffc55,2026-04-25T16:56:34.966756-04:00,node-01,orders-api,200,True,normal,market_aware_v1,48.606,47.164,83.904,31.134,0.213,40.218,95.674,0.387
96c2ccf0-21ff-47d0-89a4-cc0d97ad47f5,2026-04-25T16:56:34.967176-04:00,node-01,checkout-api,200,True,normal,market_aware_v1,45.472,49.33,113.661,30.216,0.47,46.601,74.167,0.829
5e489487-2ba8-4b9e-a60d-ee1bedeb0557,2026-04-25T16:56:34.967604-04:00,node-01,payments-api,200,True,anomalous,market_aware_v1,42.683,49.881,126.899,25.63,0.764,51.414,59.072,1.355
4a8b5619-aa75-4aca-bc92-c48a75cab45d,2026-04-25T16:56:34.968015-04:00,node-01,orders-api,200,True,normal,market_aware_v1,47.352,44.932,84.474,29.348,0.258,42.008,103.641,0.488
6084b70e-abb8-4931-a911-81d632990cc8,2026-04-25T16:56:34.968517-04:00,node-01,checkout-api,200,True,normal,market_aware_v1,44.23,46.663,118.214,28.33,0.505,53.444,70.29,1.109
28b7f8ec-f548-4034-8ca8-4ee0e7dbd877,2026-04-25T16:56:34.969007-04:00,node-01,payments-api,200,True,normal,market_aware_v1,41.656,45.732,117.286,26.3,0.52,56.939,59.063,1.21
808bd7bb-5738-48a1-b796-4b171ad0af82,2026-04-25T16:56:34.969406-04:00,node-01,orders-api,200,True,normal,market_aware_v1,50.269,44.0,87.425,30.518,0.346,48.438,97.272,0.702
7508fcaf-62c1-469d-b2f6-6bec6e0a90eb,2026-04-25T16:56:34.969846-04:00,node-01,checkout-api,200,True,normal,market_aware_v1,46.222,46.691,93.574,27.13,0.528,51.734,72.226,1.047
42bc5d25-7e80-4594-8be7-a2303343a67a,2026-04-25T16:56:34.970282-04:00,node-01,payments-api,200,True,normal,market_aware_v1,42.764,48.394,113.274,24.047,0.411,50.244,59.294,0.919
00220c2e-8230-4207-b868-377de41d3bf0,2026-04-25T16:56:34.970797-04:00,node-01,orders-api,200,True,normal,market_aware_v1,46.631,41.506,85.339,31.079,0.271,44.2,101.418,0.712
737059bf-ef9f-4397-a8cf-8b09a55b9344,2026-04-25T16:56:34.971259-04:00,node-01,checkout-api,200,True,normal,market_aware_v1,45.062,50.375,111.861,29.397,0.628,50.33,70.689,1.131
9be701dd-b3f8-40c3-a01f-cc029348a983,2026-04-25T16:56:34.971752-04:00,node-01,payments-api,200,True,normal,market_aware_v1,43.556,51.159,89.449,22.557,0.329,37.885,65.717,0.558
b579d8b9-01d5-4e10-a115-ff0d1df5c71e,2026-04-25T16:56:34.972240-04:00,node-01,orders-api,429,True,anomalous,market_aware_v1,51.458,49.074,127.404,32.813,0.691,62.05,91.32,1.397
3ceaa71a-2e7f-435b-bf16-2235a65f1d81,2026-04-25T16:56:34.972693-04:00,node-01,checkout-api,200,True,normal,market_aware_v1,49.333,45.359,110.638,28.626,0.391,52.26,71.089,0.996
abe556ee-009d-44d3-a781-e2366f7d976c,2026-04-25T16:56:34.973170-04:00,node-01,payments-api,200,True,normal,market_aware_v1,44.581,53.21,115.795,24.913,0.461,54.748,60.902,0.997
0a50df6f-4ccc-48fa-a434-bd11158da296,2026-04-25T16:56:34.973632-04:00,node-01,orders-api,200,True,normal,market_aware_v1,52.853,44.535,86.248,32.557,0.327,51.122,99.677,0.794
7ab20343-913e-412b-afef-cdb98b701144,2026-04-25T16:56:34.974049-04:00,node-01,checkout-api,200,True,normal,market_aware_v1,53.059,50.871,121.434,29.497,0.568,56.737,70.156,1.224
56136291-b082-487b-b1ec-afae2b5014e9,2026-04-25T16:56:34.974492-04:00,node-01,payments-api,200,True,normal,market_aware_v1,44.443,54.239,138.552,27.108,0.458,61.983,62.36,1.214
80ee4610-8472-41d7-9e32-047600e63063,2026-04-25T16:56:34.974910-04:00,node-01,orders-api,200,True,normal,market_aware_v1,50.593,45.476,89.342,32.536,0.409,45.732,99.1,0.599
b67a6897-f800-4c28-8bcb-18cee0a42118,2026-04-25T16:56:34.975311-04:00,node-01,checkout-api,200,True,normal,market_aware_v1,52.775,51.742,132.877,30.588,0.652,62.692,75.289,1.391
fc2083ac-0405-456b-8ca1-b5907a31f1fe,2026-04-25T16:56:34.975754-04:00,node-01,payments-api,200,True,normal,market_aware_v1,49.602,53.216,121.139,27.078,0.432,56.123,72.321,1.04
e0464752-583c-4f1f-b4e8-58177a938b10,2026-04-25T16:56:34.976251-04:00,node-01,orders-api,200,True,anomalous,market_aware_v1,57.727,51.807,134.493,33.266,0.749,62.521,92.067,1.529
b9c303da-5152-470d-89d6-ade90040abe0,2026-04-25T16:56:34.976682-04:00,node-01,checkout-api,429,True,normal,market_aware_v1,55.127,50.479,133.538,28.667,0.696,65.615,79.67,1.492
8d57d516-8443-489f-873d-2dc785cb7e2c,2026-04-25T16:56:34.978020-04:00,node-01,payments-api,200,True,normal,market_aware_v1,49.055,57.192,125.72,27.679,0.303,55.44,72.988,0.864
957e8e15-2538-4a3c-b1b8-a2cc9288aaad,2026-04-25T16:56:34.978462-04:00,node-01,orders-api,200,True,normal,market_aware_v1,52.187,49.544,104.714,31.359,0.416,57.193,103.08,0.892
fa790d61-976a-4e6b-870c-c17736bea179,2026-04-25T16:56:34.978958-04:00,node-01,checkout-api,200,True,normal,market_aware_v1,55.482,51.037,108.635,32.617,0.474,51.87,87.846,1.031
e459d590-8fd6-4e5a-9409-e52314701084,2026-04-25T16:56:34.979420-04:00,node-01,payments-api,200,True,normal,market_aware_v1,48.201,54.447,144.69,27.597,0.541,60.438,69.1,1.294
68a168d4-754a-4b6f-ab02-1009eefb91c8,2026-04-25T16:56:34.979920-04:00,node-01,orders-api,200,True,normal,market_aware_v1,52.358,49.308,97.847,34.348,0.306,45.589,110.567,0.677
c2ce39b7-a383-47e2-95cb-74306604f608,2026-04-25T16:56:34.980356-04:00,node-01,checkout-api,200,True,normal,market_aware_v1,52.755,52.866,98.341,28.772,0.462,46.57,83.342,0.827
243005d2-4d8e-45f4-acbc-ab6498ff70b5,2026-04-25T16:56:34.980793-04:00,node-01,payments-api,200,True,normal,market_aware_v1,51.889,53.255,120.212,28.061,0.457,58.235,66.997,1.158
fcd06434-8851-4446-8158-66fe79f068c3,2026-04-25T16:56:34.981233-04:00,node-01,orders-api,200,True,normal,market_aware_v1,54.672,46.427,104.523,31.122,0.393,56.681,100.105,0.792
73c93f2e-c000-4fd0-ba54-7d757b67629f,2026-04-25T16:56:34.981724-04:00,node-01,checkout-api,200,True,normal,market_aware_v1,50.784,50.524,114.775,27.79,0.575,56.529,75.802,1.048
78d3208a-04a9-4a28-847c-08719ad6ac20,2026-04-25T16:56:34.982151-04:00,node-01,payments-api,200,True,normal,market_aware_v1,46.517,53.57,115.453,27.359,0.46,53.59,63.679,1.07
f3bd4c7c-5eaf-476c-8180-aed92cbfa826,2026-04-25T16:56:34.982609-04:00,node-01,orders-api,200,True,normal,market_aware_v1,53.023,47.051,96.46,32.818,0.317,48.889,97.308,0.794
de41670a-148d-4695-93de-45b0dfef8a3b,2026-04-25T16:56:34.983071-04:00,node-01,checkout-api,429,True,normal,market_aware_v1,51.693,49.359,145.434,28.439,0.801,65.712,71.183,1.932
3cc68267-b5c4-4005-a34a-439ccdeeb62b,2026-04-25T16:56:34.983591-04:00,node-01,payments-api,200,True,normal,market_aware_v1,42.764,50.861,137.75,26.457,0.466,60.935,55.967,1.296
0f2cc608-b9e3-43d3-82dc-42052dd0db0c,2026-04-25T16:56:34.984173-04:00,node-01,orders-api,200,True,normal,market_aware_v1,54.425,45.297,94.063,31.368,0.399,52.752,91.783,0.976
3c0e73ea-8d19-425f-b06e-4b6046532b25,2026-04-25T16:56:34.984641-04:00,node-01,checkout-api,200,True,normal,market_aware_v1,48.226,46.914,101.329,29.953,0.466,49.057,70.248,0.906
2a99bee4-ad62-40cc-b614-a1cd89081786,2026-04-25T16:56:34.985124-04:00,node-01,payments-api,200,True,normal,market_aware_v1,42.545,52.352,116.441,25.343,0.561,58.027,59.357,1.164
18b07a68-37ed-447f-adfe-17f4380edbbe,2026-04-25T16:56:34.985757-04:00,node-01,orders-api,200,True,normal,market_aware_v1,50.031,42.252,108.874,30.607,0.333,55.464,88.752,0.859
eeccf5ef-0225-4874-bff5-9193d0b9210d,2026-04-25T16:56:34.986219-04:00,node-01,checkout-api,200,True,normal,market_aware_v1,42.514,44.722,104.264,27.165,0.456,50.178,67.057,1.037
14c19c78-1d0b-456c-a16b-40531035c645,2026-04-25T16:56:34.986725-04:00,node-01,payments-api,200,True,normal,market_aware_v1,38.575,44.871,120.137,22.331,0.539,58.364,53.033,1.168
73f5fd28-71c0-40af-bedd-cff9e3cc4409,2026-04-25T16:56:34.987372-04:00,node-01,orders-api,200,True,anomalous,market_aware_v1,50.779,43.354,113.83,32.437,0.675,56.084,87.948,1.327
44dcb679-3501-4ce2-8596-cdd9608e82ec,2026-04-25T16:56:34.987854-04:00,node-01,checkout-api,200,True,normal,market_aware_v1,45.182,46.772,116.665,26.101,0.466,53.041,67.515,1.137
a12235f5-774f-4b35-86e9-a46cddc54225,2026-04-25T16:56:34.988340-04:00,node-01,payments-api,200,True,normal,market_aware_v1,40.739,44.326,115.271,24.039,0.451,53.307,52.732,1.099
466e1777-360b-4328-a947-fb774cce8729,2026-04-25T16:56:34.988889-04:00,node-01,orders-api,200,True,anomalous,market_aware_v1,52.185,45.33,118.611,29.853,0.658,56.318,82.717,1.212
5beb503f-ad25-43a2-ab0f-c88a80e66c26,2026-04-25T16:56:34.989390-04:00,node-01,checkout-api,429,True,normal,market_aware_v1,47.172,46.528,130.853,27.208,0.663,62.606,57.957,1.351
31a04411-543e-4bc3-b26d-64f3a9821a6a,2026-04-25T16:56:34.989978-04:00,node-01,payments-api,200,True,normal,market_aware_v1,40.962,50.305,125.259,24.954,0.501,59.228,50.865,1.253
d09156dc-0801-488f-bc47-8da98123dc81,2026-04-25T16:56:34.990535-04:00,node-01,orders-api,200,True,normal,market_aware_v1,42.017,39.595,86.49,30.366,0.23,42.717,93.458,0.578
6e6823ee-95fd-44ad-89e7-fe4ac6f6343b,2026-04-25T16:56:34.991051-04:00,node-01,checkout-api,429,True,normal,market_aware_v1,45.866,45.319,120.194,28.011,0.609,57.422,62.022,1.237
37584d0e-300c-4162-8c7f-bab3405e0a3b,2026-04-25T16:56:34.991549-04:00,node-01,payments-api,200,True,normal,market_aware_v1,40.363,45.616,109.227,23.291,0.393,50.791,55.964,0.925
75ac08dd-7a80-4ac7-aa58-75ca8f4ee9b0,2026-04-25T16:56:34.992044-04:00,node-01,orders-api,200,True,normal,market_aware_v1,47.404,41.042,96.114,29.715,0.256,47.808,94.369,0.603
bae312ad-8ab3-4413-97ac-3e1941183cd4,2026-04-25T16:56:34.992568-04:00,node-01,checkout-api,200,True,normal,market_aware_v1,45.892,46.533,106.971,24.725,0.5,52.79,65.921,1.039
3b0dc795-f970-44f7-8280-c04bf5b02fd8,2026-04-25T16:56:34.993065-04:00,node-01,payments-api,200,True,normal,market_aware_v1,38.403,49.058,119.054,28.777,0.434,50.486,58.612,1.02
14c7cb3f-89b6-4dd6-9222-20eb508f0895,2026-04-25T16:56:34.993587-04:00,node-01,orders-api,200,True,normal,market_aware_v1,49.644,44.324,90.903,29.251,0.371,50.078,89.759,0.77
12f54af0-39d8-4405-8cb4-1d001a1e2032,2026-04-25T16:56:34.994094-04:00,node-01,checkout-api,429,True,normal,market_aware_v1,47.356,49.323,116.692,31.317,0.543,55.054,74.096,1.098
edebdedf-cf62-4497-9da9-926b15065951,2026-04-25T16:56:34.994571-04:00,node-01,payments-api,200,True,anomalous,market_aware_v1,48.644,53.859,142.551,26.799,0.864,64.001,49.956,1.583
006ec9a5-0ce7-4c2b-b922-7ddd2c5f58dc,2026-04-25T16:56:34.995032-04:00,node-01,orders-api,200,True,normal,market_aware_v1,49.831,45.564,100.742,31.455,0.343,53.034,97.085,0.907
5951eb64-af0e-4677-a277-8a8bd095e67a,2026-04-25T16:56:34.995486-04:00,node-01,checkout-api,200,True,normal,market_aware_v1,52.946,47.024,121.008,28.46,0.619,56.168,67.636,1.229
cf4136dc-77e1-4430-9f15-6ffc5ea6d776,2026-04-25T16:56:34.995953-04:00,node-01,payments-api,200,True,normal,market_aware_v1,45.397,50.027,127.069,26.525,0.438,56.274,65.961,1.114
592709bb-abd1-48a6-bb99-145738c216d5,2026-04-25T16:56:34.996404-04:00,node-01,orders-api,200,True,normal,market_aware_v1,55.448,42.95,110.491,29.756,0.338,49.172,98.595,0.784
8c88e6c5-2c8b-4fb5-979a-7ecdf63469a8,2026-04-25T16:56:34.996837-04:00,node-01,checkout-api,429,True,normal,market_aware_v1,53.554,51.401,118.903,29.403,0.535,58.661,72.349,1.29
6938dd0e-dfdb-499b-a52a-000cec5289c1,2026-04-25T16:56:34.997389-04:00,node-01,payments-api,429,True,normal,market_aware_v1,44.707,52.384,126.735,28.208,0.392,49.24,65.494,0.973
196e9738-8af5-4dfa-b4fd-d5b3ef77c18a,2026-04-25T16:56:34.997940-04:00,node-01,orders-api,429,True,normal,market_aware_v1,58.894,44.782,110.219,32.946,0.442,56.785,103.002,1.09
0c4f1415-915e-42d3-af25-4c016d6c8c9c,2026-04-25T16:56:34.998425-04:00,node-01,checkout-api,429,True,normal,market_aware_v1,53.916,53.235,126.474,30.973,0.544,55.205,75.813,1.138
e994898b-6fc6-4fd0-ae14-df24348586ce,2026-04-25T16:56:34.999136-04:00,node-01,payments-api,200,True,normal,market_aware_v1,47.761,52.599,123.918,28.477,0.468,54.489,67.436,1.075
6d8a0c13-b3df-4142-a1e0-6911b3766ff2,2026-04-25T16:56:35.000094-04:00,node-01,orders-api,200,True,normal,market_aware_v1,57.327,45.485,98.345,29.895,0.371,49.608,98.32,0.717
5316fe96-3ce0-4ac3-a55d-4bdf1bd844af,2026-04-25T16:56:35.000569-04:00,node-01,checkout-api,200,True,normal,market_aware_v1,53.414,49.727,124.134,29.169,0.555,54.997,81.841,1.125
cbb6228b-3fa8-4187-bf2f-e19ef8d16b2e,2026-04-25T16:56:35.001026-04:00,node-01,payments-api,200,True,normal,market_aware_v1,47.424,54.565,134.969,27.043,0.486,60.663,59.833,1.372
f7869ced-b060-46e0-acce-a65e5d73f793,2026-04-25T16:56:35.001465-04:00,node-01,orders-api,429,True,normal,market_aware_v1,52.681,49.694,120.359,34.253,0.292,54.877,89.347,0.914
fd43fc33-5a0d-4033-aba4-2e330b95f7e2,2026-04-25T16:56:35.001910-04:00,node-01,checkout-api,200,True,normal,market_aware_v1,47.499,48.086,123.729,30.186,0.621,62.418,70.816,1.322
8fe34507-f235-4a89-9b3e-7c5b01bd326a,2026-04-25T16:56:35.002340-04:00,node-01,payments-api,429,True,anomalous,market_aware_v1,50.449,53.26,144.563,28.046,0.9,63.38,58.281,1.773
72afe14d-fb36-4db2-a17f-d539a16e35e6,2026-04-25T16:56:35.002784-04:00,node-01,orders-api,200,True,normal,market_aware_v1,45.702,48.978,82.609,28.745,0.369,48.947,97.303,0.762
29a1a680-9880-468b-b612-6e01b9ea58dd,2026-04-25T16:56:35.003181-04:00,node-01,checkout-api,429,True,normal,market_aware_v1,47.179,48.487,119.201,27.728,0.613,60.974,72.408,1.276
cbf9f357-e43a-4c77-99f4-d46a490a3838,2026-04-25T16:56:35.003642-04:00,node-01,payments-api,200,True,normal,market_aware_v1,43.759,48.476,127.591,25.418,0.634,58.772,59.973,1.324
e38b60c9-4354-4578-b734-bd522fa9d3d2,2026-04-25T16:56:35.004066-04:00,node-01,orders-api,200,True,normal,market_aware_v1,53.728,45.165,100.877,29.916,0.333,46.992,100.656,0.692
b84b2116-73d0-4d02-af22-ae2f58cc5fc0,2026-04-25T16:56:35.004471-04:00,node-01,checkout-api,200,True,anomalous,market_aware_v1,53.018,51.451,133.865,28.724,0.882,63.943,57.106,1.712
3948e840-3d8e-4879-9ec6-f0ce00a5bdca,2026-04-25T16:56:35.004882-04:00,node-01,payments-api,200,True,normal,market_aware_v1,42.175,47.86,114.706,25.27,0.404,52.069,56.149,1.047
1a4cc4cf-405a-4e2c-9972-f138eb5b4ebe,2026-04-25T16:56:35.005278-04:00,node-01,orders-api,200,True,normal,market_aware_v1,47.495,43.241,105.218,31.395,0.241,50.585,92.118,0.683
109f0705-493c-4850-9385-1466317e6288,2026-04-25T16:56:35.005726-04:00,node-01,checkout-api,200,True,normal,market_aware_v1,47.284,47.527,108.137,27.794,0.503,51.419,71.329,1.013
13ff75b2-9373-4d3e-aca9-248946a9fcd2,2026-04-25T16:56:35.006164-04:00,node-01,payments-api,200,True,normal,market_aware_v1,45.189,49.591,118.429,26.523,0.486,53.605,57.872,1.059
9d754e22-8666-4bb3-b2a7-b681e090735d,2026-04-25T16:56:35.006616-04:00,node-01,orders-api,200,True,normal,market_aware_v1,45.379,43.996,99.966,30.731,0.315,52.512,92.679,0.757
b8358237-e6fe-4784-88bb-eb7fa6491f39,2026-04-25T16:56:35.007048-04:00,node-01,checkout-api,200,True,normal,market_aware_v1,45.454,48.613,123.721,27.626,0.502,53.875,64.892,1.217
5d15b5af-4068-431d-8b44-15904783dfe4,2026-04-25T16:56:35.007476-04:00,node-01,payments-api,200,True,anomalous,market_aware_v1,43.886,48.421,127.377,26.763,0.842,62.58,53.174,1.715
c34e069e-a56e-44c2-bf2c-eeb0ba3ce12f,2026-04-25T16:56:35.007949-04:00,node-01,orders-api,200,True,normal,market_aware_v1,46.43,43.186,101.745,30.46,0.388,47.402,94.102,0.75
c7aefcb5-ef26-493e-be73-73baed572a0a,2026-04-25T16:56:35.008381-04:00,node-01,checkout-api,200,True,normal,market_aware_v1,46.136,48.165,123.837,29.455,0.452,59.926,67.646,1.093
873b07a9-81c7-411f-a69e-02af006c6c27,2026-04-25T16:56:35.008834-04:00,node-01,payments-api,200,True,normal,market_aware_v1,44.298,48.411,123.991,23.654,0.354,50.303,61.627,0.811
86384026-82c9-45fb-8aca-e3447f8dd6bb,2026-04-25T16:56:35.009250-04:00,node-01,orders-api,200,True,normal,market_aware_v1,50.11,45.333,102.205,29.569,0.422,49.942,98.713,0.814
54c298df-c3de-4a8e-85ab-3246a901fcff,2026-04-25T16:56:35.009654-04:00,node-01,checkout-api,200,True,normal,market_aware_v1,45.074,49.522,111.76,26.007,0.523,51.823,69.446,1.061
e2fc7208-2b94-4400-9c62-a24e27b966e4,2026-04-25T16:56:35.010070-04:00,node-01,payments-api,200,True,normal,market_aware_v1,44.012,50.96,118.079,25.229,0.457,54.227,56.678,0.988
26e8a9b1-1c57-419a-afce-fd9f2e53b9b1,2026-04-25T16:56:35.010494-04:00,node-01,orders-api,200,True,normal,market_aware_v1,51.406,49.61,92.912,30.039,0.339,49.855,98.562,0.782
e90bb0f9-4bcb-4585-84c9-53f943eb43b9,2026-04-25T16:56:35.010894-04:00,node-01,checkout-api,200,True,normal,market_aware_v1,50.118,47.195,110.854,29.262,0.545,55.288,73.815,1.108
47db26e2-99ea-43a2-8ada-599fd139170a,2026-04-25T16:56:35.011329-04:00,node-01,payments-api,200,True,normal,market_aware_v1,43.697,49.899,120.972,27.974,0.407,52.522,62.891,0.923
c7de15d0-443d-4b8a-8dae-64722b2e2121,2026-04-25T16:56:35.011749-04:00,node-01,orders-api,429,True,normal,market_aware_v1,53.255,50.508,100.03,31.347,0.374,55.362,100.129,0.883
9560bfdc-98d0-4d77-8fe6-c4adc75469d0,2026-04-25T16:56:35.012159-04:00,node-01,checkout-api,200,True,normal,market_aware_v1,49.959,49.706,110.582,29.994,0.567,53.224,82.629,1.169
c07412b4-3a55-4bc0-9464-e1573e5e52a2,2026-04-25T16:56:35.012577-04:00,node-01,payments-api,200,True,normal,market_aware_v1,52.636,51.02,137.019,26.622,0.459,58.266,66.459,1.221
39c27303-47c1-455c-bfa4-639c55ef1583,2026-04-25T16:56:35.013009-04:00,node-01,orders-api,200,True,normal,market_aware_v1,62.453,45.59,114.203,31.234,0.334,61.037,92.354,1.056
9dfc1ac5-1393-4ba4-8eea-1f7f3dc453d5,2026-04-25T16:56:35.013404-04:00,node-01,checkout-api,200,True,normal,market_aware_v1,56.221,48.555,126.266,31.954,0.608,60.727,74.364,1.106
0e135ecb-d09c-4c5b-9cbd-231b79d81bba,2026-04-25T16:56:35.013841-04:00,node-01,payments-api,200,True,normal,market_aware_v1,50.312,54.298,129.722,27.781,0.418,54.996,68.756,0.987
fdcd6403-3df4-4189-83a9-5c55d6c8e26a,2026-04-25T16:56:35.014268-04:00,node-01,orders-api,200,True,normal,market_aware_v1,57.973,50.418,97.017,30.579,0.364,52.925,106.493,0.805
021aceda-e393-41b1-96c5-30e5e826a1e1,2026-04-25T16:56:35.014676-04:00,node-01,checkout-api,200,True,normal,market_aware_v1,52.235,51.753,115.436,33.153,0.511,58.941,79.272,1.255
40e95336-dfb8-4d94-b81a-da4c72e20203,2026-04-25T16:56:35.015131-04:00,node-01,payments-api,200,True,normal,market_aware_v1,51.984,54.922,130.311,29.288,0.521,62.198,63.466,1.195
99923d95-726b-4164-a7f2-aaf8fa8e8916,2026-04-25T16:56:35.015579-04:00,node-01,orders-api,200,True,normal,market_aware_v1,55.388,48.625,107.918,34.828,0.322,51.952,103.507,0.872
6e3a6095-685d-4143-b3ac-5207656ee438,2026-04-25T16:56:35.016020-04:00,node-01,checkout-api,200,True,normal,market_aware_v1,51.891,53.875,117.041,30.021,0.467,58.019,82.745,1.049
cec87f9f-8e1c-453a-abe4-541604736b18,2026-04-25T16:56:35.016513-04:00,node-01,payments-api,429,True,normal,market_aware_v1,47.825,55.416,128.702,27.361,0.527,59.609,64.036,1.021
8a9e0f0e-b8cd-4b53-b527-79a2cc5d1834,2026-04-25T16:56:35.016995-04:00,node-01,orders-api,200,True,normal,market_aware_v1,52.722,47.069,104.207,33.237,0.519,61.355,98.946,1.139
56d453ea-aed2-49bd-bc7f-632a1f6a68f2,2026-04-25T16:56:35.017906-04:00,node-01,checkout-api,200,True,normal,market_aware_v1,50.73,49.599,121.469,30.907,0.579,56.882,79.517,1.141
86000cc0-73c8-470b-8e8b-548b136b6f9e,2026-04-25T16:56:35.018390-04:00,node-01,payments-api,200,True,normal,market_aware_v1,45.526,53.214,117.857,26.656,0.39,53.517,67.975,0.98
c08798e2-b2d9-44fb-ac37-930e5e72bf8c,2026-04-25T16:56:35.018844-04:00,node-01,orders-api,200,True,normal,market_aware_v1,54.752,45.313,95.091,30.799,0.444,52.773,99.495,0.873
f3656c1e-85c9-4171-99fc-4088eecd0c35,2026-04-25T16:56:35.019280-04:00,node-01,checkout-api,200,True,normal,market_aware_v1,50.462,48.746,114.676,28.541,0.553,54.299,74.007,1.081
7a0b3257-8ccb-4125-9f10-48a4d2232359,2026-04-25T16:56:35.019781-04:00,node-01,payments-api,200,True,normal,market_aware_v1,44.051,52.42,115.608,26.557,0.478,55.432,64.568,1.005
98efef26-10e9-428d-9e60-5f7f5e3df243,2026-04-25T16:56:35.020237-04:00,node-01,orders-api,429,True,normal,market_aware_v1,49.997,44.818,112.168,30.225,0.432,60.824,88.675,1.062
fcce48da-127f-44c9-aee6-b950854d465c,2026-04-25T16:56:35.020696-04:00,node-01,checkout-api,200,True,normal,market_aware_v1,50.66,49.243,125.068,28.961,0.566,55.582,73.654,1.176
4bc0785a-3e09-4d2d-be24-ef898e3fc751,2026-04-25T16:56:35.021181-04:00,node-01,payments-api,200,True,normal,market_aware_v1,43.627,45.218,131.43,27.714,0.558,63.211,51.009,1.441
f149a4a5-bfc1-4266-8e4d-ee94a7853766,2026-04-25T16:56:35.021654-04:00,node-01,orders-api,200,True,anomalous,market_aware_v1,51.236,43.304,116.818,32.601,0.567,49.335,87.73,1.169
a48d88e2-63b7-4366-9263-8c4ffea2552c,2026-04-25T16:56:35.022063-04:00,node-01,checkout-api,200,True,normal,market_aware_v1,44.802,46.708,97.626,28.647,0.469,46.412,71.025,0.876
1b76079a-3508-43f8-a04c-9112272551bc,2026-04-25T16:56:35.022472-04:00,node-01,payments-api,200,True,normal,market_aware_v1,43.12,45.657,121.797,24.804,0.45,57.186,47.387,1.147
6771a0b0-5184-450a-b4b5-9c5315f9e755,2026-04-25T16:56:35.022896-04:00,node-01,orders-api,200,True,normal,market_aware_v1,43.538,42.024,105.605,29.921,0.332,51.428,90.351,0.854
0f655aeb-0e9f-48c4-abfc-e07cccf370cb,2026-04-25T16:56:35.023344-04:00,node-01,checkout-api,200,True,normal,market_aware_v1,47.466,48.695,112.779,26.926,0.587,56.938,67.815,1.186
aee76e16-8cbf-4691-9ee1-754d0df7f6cc,2026-04-25T16:56:35.023821-04:00,node-01,payments-api,200,True,normal,market_aware_v1,37.214,46.219,119.424,24.32,0.547,57.138,57.738,1.313
9f67fa3e-a598-43ba-86d1-f3052b317f60,2026-04-25T16:56:35.024271-04:00,node-01,orders-api,429,True,anomalous,market_aware_v1,46.929,46.404,110.867,30.586,0.559,56.072,76.148,1.187
4f61c3c0-c0ce-4a0a-949e-c68705e897d3,2026-04-25T16:56:35.024720-04:00,node-01,checkout-api,429,True,anomalous,market_aware_v1,48.462,45.699,126.342,27.955,0.811,54.627,58.817,1.464
e85f3027-c522-48df-8dea-6bbbca198156,2026-04-25T16:56:35.025150-04:00,node-01,payments-api,200,True,normal,market_aware_v1,34.067,48.703,121.499,26.82,0.541,58.718,49.449,1.175
45383e47-21c4-4460-aaa3-b2c253bb7f9d,2026-04-25T16:56:35.025620-04:00,node-01,orders-api,200,True,normal,market_aware_v1,43.585,42.88,83.663,30.209,0.193,43.411,95.276,0.375
655c8487-92b1-46e5-b6d8-67c7f6f60976,2026-04-25T16:56:35.026079-04:00,node-01,checkout-api,200,True,normal,market_aware_v1,46.833,44.464,115.109,26.88,0.49,50.628,66.864,1.148
9a0f28db-9fc4-4347-82ab-772736cd2f34,2026-04-25T16:56:35.026514-04:00,node-01,payments-api,429,True,normal,market_aware_v1,40.371,48.811,125.715,22.987,0.384,52.366,55.234,0.886
4cafc1bf-94ee-4d77-b736-b46cb6dca976,2026-04-25T16:56:35.026975-04:00,node-01,orders-api,429,True,normal,market_aware_v1,51.909,43.215,105.016,30.883,0.39,58.21,81.342,1.085
f025ba4f-4569-47a0-9b30-271c3cd76939,2026-04-25T16:56:35.027427-04:00,node-01,checkout-api,200,True,normal,market_aware_v1,49.858,45.446,118.439,28.498,0.55,56.084,67.455,1.229
0f7a7d5e-154b-448c-8220-0d405d6a2776,2026-04-25T16:56:35.027883-04:00,node-01,payments-api,200,True,normal,market_aware_v1,41.934,46.811,129.141,24.931,0.431,55.05,59.775,0.955
39736f6c-5c6e-40ee-b31e-af22add8c907,2026-04-25T16:56:35.028327-04:00,node-01,orders-api,200,True,normal,market_aware_v1,51.023,44.196,101.759,29.71,0.339,54.651,95.383,0.85
1a3c6ebb-b0f1-42b2-b0ac-bb5246017f6d,2026-04-25T16:56:35.028809-04:00,node-01,checkout-api,200,True,normal,market_aware_v1,45.454,48.119,117.502,28.907,0.478,54.045,73.715,1.06
5351f847-caae-457e-beae-4ea2667c8b00,2026-04-25T16:56:35.029256-04:00,node-01,payments-api,429,True,normal,market_aware_v1,44.767,48.332,128.098,22.982,0.461,54.631,63.509,1.081
2c13bf90-3537-4a2e-9195-77eff5d98e07,2026-04-25T16:56:35.029681-04:00,node-01,orders-api,200,True,normal,market_aware_v1,53.035,44.192,109.847,33.287,0.461,61.548,81.982,1.175
6e967b67-a5f8-4e80-afe9-f001b2e60b2e,2026-04-25T16:56:35.030123-04:00,node-01,checkout-api,200,True,normal,market_aware_v1,53.888,50.553,117.818,29.835,0.486,48.666,72.827,0.85
efbaaecf-94ec-4d2e-b6c5-4e3be3b5ce9b,2026-04-25T16:56:35.030622-04:00,node-01,payments-api,200,True,normal,market_aware_v1,46.148,52.12,115.824,26.851,0.472,52.733,60.276,0.99
1ddb41a9-f7bd-412b-862b-15ce56f00a22,2026-04-25T16:56:35.031127-04:00,node-01,orders-api,429,True,anomalous,market_aware_v1,56.585,46.525,122.931,34.044,0.718,64.071,90.514,1.466
6c78103c-7791-44f7-8831-1d5aa2dcb6a3,2026-04-25T16:56:35.031631-04:00,node-01,checkout-api,200,True,normal,market_aware_v1,52.711,47.535,118.12,31.738,0.53,56.859,75.698,1.295
fa1ae02c-3421-4e65-a671-2c972cb31dcb,2026-04-25T16:56:35.032128-04:00,node-01,payments-api,200,True,normal,market_aware_v1,48.876,54.213,125.979,27.499,0.502,58.155,63.451,1.231
6109f45f-bc75-4671-9fe3-8481049bcd65,2026-04-25T16:56:35.032630-04:00,node-01,orders-api,200,True,normal,market_aware_v1,57.177,46.071,98.412,30.913,0.235,49.57,101.039,0.626
7756bae2-8e63-46db-b873-1e0ca952d323,2026-04-25T16:56:35.033114-04:00,node-01,checkout-api,200,True,normal,market_aware_v1,54.159,47.443,116.945,30.277,0.551,54.611,76.519,1.084
2884c039-967d-497c-ab7a-082f896d5a60,2026-04-25T16:56:35.033628-04:00,node-01,payments-api,200,True,normal,market_aware_v1,46.359,54.068,128.065,24.719,0.458,52.257,73.052,1.036
5ab92c48-1b77-443f-a4a5-d967368c7818,2026-04-25T16:56:35.034110-04:00,node-01,orders-api,429,True,anomalous,market_aware_v1,57.889,46.949,109.799,32.902,0.721,61.036,93.308,1.554
a88af95f-91b8-4787-a0bf-857e527df9d2,2026-04-25T16:56:35.034601-04:00,node-01,checkout-api,429,True,normal,market_aware_v1,50.839,51.556,129.64,29.676,0.555,58.205,79.429,1.209
07dd8412-bec2-4b45-82ea-fd56c7e3cb02,2026-04-25T16:56:35.035081-04:00,node-01,payments-api,200,True,normal,market_aware_v1,51.029,50.748,124.528,25.241,0.359,53.441,69.03,0.907
54b37482-3f00-4fd8-b7d5-603e79266227,2026-04-25T16:56:35.035589-04:00,node-01,orders-api,200,True,normal,market_aware_v1,50.089,45.653,102.306,31.261,0.344,50.377,100.561,0.752
c5ada79f-499e-4efa-aee9-77aebed87bd1,2026-04-25T16:56:35.036071-04:00,node-01,checkout-api,200,True,normal,market_aware_v1,51.608,51.267,112.847,30.207,0.548,54.465,74.38,0.963
63d1ed7d-7614-4047-9f52-d14bfd43605d,2026-04-25T16:56:35.036557-04:00,node-01,payments-api,200,True,normal,market_aware_v1,46.606,51.393,134.156,29.073,0.545,64.026,62.111,1.239
3a8f6cba-b140-4ca5-b7cc-031dc00a3b3e,2026-04-25T16:56:35.037039-04:00,node-01,orders-api,200,True,anomalous,market_aware_v1,59.544,48.45,122.552,31.794,0.617,60.211,88.753,1.284
7f5c6cd1-fb90-4f99-961e-304c0e6d9ebe,2026-04-25T16:56:35.037555-04:00,node-01,checkout-api,200,True,normal,market_aware_v1,48.475,47.987,124.227,29.736,0.583,60.513,70.672,1.322
0e9ba0ec-1963-4725-b9af-aa015e1052a9,2026-04-25T16:56:35.038035-04:00,node-01,payments-api,200,True,normal,market_aware_v1,45.816,52.599,142.929,27.425,0.636,61.434,57.127,1.345
1dab85ae-e399-4ef6-9808-ef1b2de29e77,2026-04-25T16:56:35.039587-04:00,node-01,orders-api,200,True,normal,market_aware_v1,49.71,42.955,105.715,32.738,0.37,52.126,95.377,0.991
93299997-c8de-4be8-85ad-2be39d849f49,2026-04-25T16:56:35.040890-04:00,node-01,checkout-api,200,True,normal,market_aware_v1,47.267,49.032,122.07,29.276,0.56,62.439,73.09,1.388
9a02a923-efae-4abc-9e8e-6f2b84c6f214,2026-04-25T16:56:35.041378-04:00,node-01,payments-api,200,True,normal,market_aware_v1,38.905,50.153,127.21,26.376,0.532,54.69,51.129,1.09
adb70810-7ccb-4bf3-af02-833dfb4b9df6,2026-04-25T16:56:35.041840-04:00,node-01,orders-api,200,True,normal,market_aware_v1,50.634,44.098,90.754,31.023,0.309,49.139,101.419,0.648
47fc6607-61cb-428b-9eff-8bd81b28d4a8,2026-04-25T16:56:35.042320-04:00,node-01,checkout-api,200,True,anomalous,market_aware_v1,53.664,47.374,132.083,28.419,0.89,60.595,65.255,1.816
37b66479-ff10-4f73-8133-667bd415e892,2026-04-25T16:56:35.042853-04:00,node-01,payments-api,200,True,normal,market_aware_v1,41.75,49.881,128.742,26.867,0.537,56.583,55.499,1.226
5d34f66f-035a-471d-9a7a-1c78c74bccba,2026-04-25T16:56:35.043342-04:00,node-01,orders-api,200,True,normal,market_aware_v1,46.691,42.786,124.844,29.528,0.613,63.583,87.689,1.544
32209c4e-e978-47e8-a80a-023027f69bf8,2026-04-25T16:56:35.043798-04:00,node-01,checkout-api,200,True,normal,market_aware_v1,44.429,47.464,113.552,26.476,0.497,50.562,71.677,0.943
74547994-2cce-42dc-89d9-dd429f6df6fb,2026-04-25T16:56:35.044250-04:00,node-01,payments-api,200,True,normal,market_aware_v1,43.406,51.75,120.49,25.255,0.42,48.566,62.269,0.968
3e83c5b5-abe0-47d0-b4b8-2ffa2e5b8acc,2026-04-25T16:56:35.044728-04:00,node-01,orders-api,200,True,normal,market_aware_v1,47.938,45.885,99.112,30.061,0.355,50.875,94.78,0.785
e6aa77d2-2b42-4d26-96af-2bcb82ef4a3f,2026-04-25T16:56:35.045183-04:00,node-01,checkout-api,200,True,normal,market_aware_v1,44.123,44.491,118.454,29.878,0.455,50.476,78.442,0.916
074acba3-fc48-4a58-bb90-51ad0034bfb8,2026-04-25T16:56:35.045795-04:00,node-01,payments-api,429,True,normal,market_aware_v1,43.158,52.909,126.126,25.486,0.444,52.131,54.791,0.975
d02eca6b-9f31-42d3-8461-57ab142a43c7,2026-04-25T16:56:35.046292-04:00,node-01,orders-api,429,True,normal,market_aware_v1,52.286,46.343,116.994,28.727,0.344,57.059,91.541,1.022
c73055c5-cd9c-4f21-b2a6-e6eadd3c73cf,2026-04-25T16:56:35.046771-04:00,node-01,checkout-api,200,True,normal,market_aware_v1,50.066,48.914,133.571,29.618,0.675,63.596,66.604,1.42
d1ad646f-1e07-4d74-92c7-298ae4aa2a07,2026-04-25T16:56:35.047277-04:00,node-01,payments-api,200,True,normal,market_aware_v1,47.025,50.918,114.335,25.558,0.347,46.31,75.031,0.891
034a6297-f3f3-48ae-b9d4-c7c0e0f5e726,2026-04-25T16:56:35.047780-04:00,node-01,orders-api,200,True,normal,market_aware_v1,51.85,46.507,103.618,30.051,0.339,53.88,94.204,0.886
70fd671c-4766-422d-ba82-e1435c51ecd0,2026-04-25T16:56:35.048267-04:00,node-01,checkout-api,200,True,anomalous,market_aware_v1,54.569,51.337,139.379,31.394,0.886,63.132,64.676,1.803
365b0096-35be-4192-916c-305535a55c32,2026-04-25T16:56:35.048751-04:00,node-01,payments-api,200,True,normal,market_aware_v1,49.372,48.242,123.582,25.472,0.402,59.066,69.326,1.186
c1d7533c-ea9e-4a53-b7bd-b1508ee42412,2026-04-25T16:56:35.049236-04:00,node-01,orders-api,200,True,normal,market_aware_v1,53.736,51.615,111.753,30.215,0.436,60.487,95.894,1.085
9cd14737-f645-4b51-9084-759ee3badd27,2026-04-25T16:56:35.049746-04:00,node-01,checkout-api,200,True,normal,market_aware_v1,52.771,51.23,130.66,29.535,0.586,61.632,76.471,1.357
30ea1b6c-dc40-48e3-b2f8-676398903560,2026-04-25T16:56:35.050239-04:00,node-01,payments-api,200,True,normal,market_aware_v1,49.453,54.927,130.464,27.35,0.544,64.302,57.82,1.374
fd079562-0de2-49e5-9d39-93dcb7003e7e,2026-04-25T16:56:35.050682-04:00,node-01,orders-api,200,True,normal,market_aware_v1,58.21,46.747,109.469,30.708,0.434,56.18,97.978,0.886
4be1af6f-ab36-433e-be84-9948e12a23fa,2026-04-25T16:56:35.051124-04:00,node-01,checkout-api,200,True,normal,market_aware_v1,53.248,55.494,120.387,29.978,0.525,58.266,81.033,1.217
3ba21405-b295-4289-8c81-0caa106345ba,2026-04-25T16:56:35.051642-04:00,node-01,payments-api,429,True,normal,market_aware_v1,55.002,55.174,145.172,29.295,0.735,68.644,70.312,1.976
d609c2dd-302a-4c2e-9187-d815333ddfb3,2026-04-25T16:56:35.052137-04:00,node-01,orders-api,200,True,normal,market_aware_v1,61.776,47.125,112.96,33.441,0.445,58.388,95.613,1.004
6a07a036-26a0-4042-9438-de9e0a5d6417,2026-04-25T16:56:35.052603-04:00,node-01,checkout-api,502,True,anomalous,market_aware_v1,58.261,58.357,146.713,32.41,0.985,68.533,69.906,2.038
77a49fc5-6f04-4207-bac1-b26c946dc54b,2026-04-25T16:56:35.053052-04:00,node-01,payments-api,200,True,normal,market_aware_v1,48.793,54.285,127.65,28.134,0.469,57.32,67.936,1.138
4dd0766e-0534-470c-801c-874cf7c301e4,2026-04-25T16:56:35.053550-04:00,node-01,orders-api,429,True,normal,market_aware_v1,54.98,49.129,109.824,33.199,0.481,59.754,96.322,1.084
efe1b3e6-73e0-4bb9-8e81-ac8537ad77e7,2026-04-25T16:56:35.054017-04:00,node-01,checkout-api,200,True,normal,market_aware_v1,55.928,52.674,129.008,31.401,0.54,55.734,82.797,1.204
8cf6366f-3b02-4848-a4df-87113369beef,2026-04-25T16:56:35.054477-04:00,node-01,payments-api,429,True,normal,market_aware_v1,49.08,54.308,131.523,27.325,0.484,66.975,57.868,1.387
8260ec8a-3816-4722-99ba-f504750e2ce0,2026-04-25T16:56:35.054961-04:00,node-01,orders-api,200,True,normal,market_aware_v1,52.722,51.027,111.882,31.921,0.379,54.55,102.054,0.985
3511d973-99e4-4068-8b47-d02cf417c653,2026-04-25T16:56:35.055404-04:00,node-01,checkout-api,200,True,normal,market_aware_v1,53.462,51.201,109.116,29.608,0.539,53.131,78.045,1.06
28d95a0f-0434-4744-ae40-625f32a459f5,2026-04-25T16:56:35.055833-04:00,node-01,payments-api,200,True,normal,market_aware_v1,48.277,54.729,145.254,28.78,0.569,63.817,60.876,1.401
8546e7cc-0248-41b7-b278-6216d7f11f8e,2026-04-25T16:56:35.056304-04:00,node-01,orders-api,429,True,normal,market_aware_v1,57.706,47.404,115.765,31.358,0.411,57.485,95.982,1.028
b4e6ec34-b9b1-4bc7-a4e9-3f35c5455887,2026-04-25T16:56:35.057349-04:00,node-01,checkout-api,200,True,normal,market_aware_v1,50.763,47.054,134.688,30.134,0.573,59.998,76.346,1.387
d412dfd0-1c95-46cd-b0ec-af29d977addf,2026-04-25T16:56:35.057887-04:00,node-01,payments-api,200,True,normal,market_aware_v1,47.308,50.98,129.455,26.969,0.582,66.546,63.252,1.352
1edd0691-6001-4c43-a032-e93b6c5a4385,2026-04-25T16:56:35.058329-04:00,node-01,orders-api,200,True,normal,market_aware_v1,53.14,45.481,107.922,29.814,0.363,54.389,91.143,0.813
a23fe34e-d01b-4c10-880a-f5b230aa083e,2026-04-25T16:56:35.058779-04:00,node-01,checkout-api,200,True,normal,market_aware_v1,50.2,50.857,117.754,27.575,0.476,56.978,64.611,1.133
5f8bfd6d-a535-49f7-aab1-3953637c8b21,2026-04-25T16:56:35.059232-04:00,node-01,payments-api,200,True,normal,market_aware_v1,46.406,48.169,114.489,24.05,0.395,52.797,58.665,1.017
6781fbdd-7dd8-4649-b81c-d5b57878f954,2026-04-25T16:56:35.059767-04:00,node-01,orders-api,200,True,anomalous,market_aware_v1,53.649,47.153,120.79,30.884,0.718,62.036,87.481,1.531
423fb7da-825c-4c8e-8ee8-db3ed99e936c,2026-04-25T16:56:35.060290-04:00,node-01,checkout-api,200,True,normal,market_aware_v1,44.329,47.642,110.352,27.991,0.545,58.369,64.118,1.181
b02e370c-a018-4001-bc49-fa2be809f751,2026-04-25T16:56:35.060799-04:00,node-01,payments-api,200,True,normal,market_aware_v1,42.87,47.298,135.549,22.783,0.424,54.586,43.822,0.92
e41fcdda-98b8-416c-805c-634d45e8ef5c,2026-04-25T16:56:35.061310-04:00,node-01,orders-api,200,True,normal,market_aware_v1,49.215,42.604,106.887,28.495,0.351,52.666,89.641,0.958
f99e8e8b-c4b8-4b7b-9688-d2785f1183eb,2026-04-25T16:56:35.061850-04:00,node-01,checkout-api,200,True,anomalous,market_aware_v1,52.195,48.605,137.628,27.887,1.026,65.988,54.658,1.893
712654fd-6818-487f-9c73-ebe9eac794cd,2026-04-25T16:56:35.062443-04:00,node-01,payments-api,429,True,normal,market_aware_v1,40.347,46.842,122.801,24.133,0.497,48.356,53.643,0.989
f5135e2e-3455-4a18-88d4-e858c92c3e5c,2026-04-25T16:56:35.063327-04:00,node-01,orders-api,200,True,anomalous,market_aware_v1,52.654,47.617,124.671,33.001,0.822,64.806,82.036,1.642
3d79c024-4570-4402-8723-5711573f9d19,2026-04-25T16:56:35.063841-04:00,node-01,checkout-api,200,True,normal,market_aware_v1,45.351,46.027,116.445,26.319,0.442,56.887,64.782,1.104
978e3379-b983-4aaa-8f8a-8891272f6a31,2026-04-25T16:56:35.064350-04:00,node-01,payments-api,429,True,normal,market_aware_v1,43.534,46.374,135.098,22.668,0.552,59.245,55.22,1.131
7322977a-e180-486f-b81f-ba91875b829e,2026-04-25T16:56:35.065654-04:00,node-01,orders-api,200,True,normal,market_aware_v1,47.627,43.031,108.578,29.855,0.425,55.417,87.602,0.951
e442ccac-6931-4c6a-a701-0d2dcaf318ad,2026-04-25T16:56:35.066279-04:00,node-01,checkout-api,200,True,normal,market_aware_v1,45.015,45.318,114.953,26.776,0.552,55.716,69.811,1.184
7f1dc570-fd04-4e06-a2ad-a1ffd224eee6,2026-04-25T16:56:35.066810-04:00,node-01,payments-api,429,True,normal,market_aware_v1,38.607,48.206,129.849,23.849,0.467,56.119,52.753,1.012
6a653ac9-f36e-4191-94e3-0fa8a0744277,2026-04-25T16:56:35.067314-04:00,node-01,orders-api,200,True,normal,market_aware_v1,43.823,43.261,102.673,30.331,0.319,54.43,87.565,0.666
c7f516a7-50d6-4c0a-90bb-133f2f2797b1,2026-04-25T16:56:35.067825-04:00,node-01,checkout-api,200,True,normal,market_aware_v1,47.231,46.354,108.064,27.849,0.507,53.35,64.805,1.035
1051234e-03d4-46f9-bdc3-5bc17a810a94,2026-04-25T16:56:35.068341-04:00,node-01,payments-api,429,True,normal,market_aware_v1,39.298,48.699,120.965,23.738,0.515,54.823,63.621,1.152
131cb052-eb50-4baa-a24e-1353cc35b7db,2026-04-25T16:56:35.068828-04:00,node-01,orders-api,200,True,anomalous,market_aware_v1,50.998,43.907,117.886,32.621,0.735,60.982,90.567,1.599
80fb7b3b-f203-428d-8bf1-4e6802a9acd8,2026-04-25T16:56:35.069276-04:00,node-01,checkout-api,200,True,normal,market_aware_v1,46.835,50.025,114.829,27.846,0.553,50.304,73.659,1.014
d96a7d9a-6b44-485f-bd02-ec2e596d95f7,2026-04-25T16:56:35.069775-04:00,node-01,payments-api,200,True,normal,market_aware_v1,43.263,52.387,136.994,24.477,0.423,55.299,59.521,1.039
80b8ef91-eae1-4408-86d0-b94fec1d23e0,2026-04-25T16:56:35.070305-04:00,node-01,orders-api,200,True,normal,market_aware_v1,53.485,45.793,113.595,32.484,0.428,61.06,91.072,1.006
051b0c99-357d-4d58-9bfb-46aa0a233564,2026-04-25T16:56:35.070808-04:00,node-01,checkout-api,200,True,anomalous,market_aware_v1,51.923,49.368,139.932,30.027,0.942,60.911,65.339,1.736
b65bd214-a6e4-46ce-9816-e63455bd15fb,2026-04-25T16:56:35.071295-04:00,node-01,payments-api,200,True,normal,market_aware_v1,45.168,53.975,133.74,26.63,0.515,62.756,62.068,1.139
750273af-b75d-4ba1-a514-ee307aad796a,2026-04-25T16:56:35.071779-04:00,node-01,orders-api,200,True,normal,market_aware_v1,52.651,48.235,118.004,30.671,0.418,61.023,94.065,1.143
5855800b-ec00-46a6-916f-ca2395748501,2026-04-25T16:56:35.072256-04:00,node-01,checkout-api,200,True,normal,market_aware_v1,50.932,50.534,113.895,29.241,0.571,55.751,78.773,1.197
a7ecb195-a20b-4737-abe7-54ed0ac87429,2026-04-25T16:56:35.072841-04:00,node-01,payments-api,200,True,normal,market_aware_v1,45.715,51.998,127.937,24.026,0.493,61.784,63.755,1.208
8eb704e4-55f4-4c7c-8649-4726e44207ac,2026-04-25T16:56:35.073358-04:00,node-01,orders-api,200,True,normal,market_aware_v1,58.074,49.761,124.54,30.501,0.567,67.208,93.485,1.254
475c8fcb-21ae-4921-b0fe-83d254c78588,2026-04-25T16:56:35.073911-04:00,node-01,checkout-api,200,True,normal,market_aware_v1,54.128,49.492,112.713,28.926,0.525,51.682,77.036,1.119
05e7b05e-2b68-4939-89ae-8e3fe33668d7,2026-04-25T16:56:35.074387-04:00,node-01,payments-api,429,True,normal,market_aware_v1,49.242,52.123,121.105,25.542,0.579,61.057,60.7,1.336
45c6d056-8dfe-422f-9d2f-0f457ffda148,2026-04-25T16:56:35.074864-04:00,node-01,orders-api,200,True,normal,market_aware_v1,53.129,46.603,99.604,32.63,0.33,57.356,98.178,0.813
dd122b1f-3e36-4dd7-81b4-ba2388215269,2026-04-25T16:56:35.075326-04:00,node-01,checkout-api,429,True,normal,market_aware_v1,53.079,52.286,124.688,26.626,0.556,59.302,72.778,1.34
46462b9a-9daa-44a0-acc1-4b61266c79b6,2026-04-25T16:56:35.075810-04:00,node-01,payments-api,200,True,normal,market_aware_v1,48.736,51.822,128.023,27.773,0.504,59.197,65.559,1.175
135a2894-e0c1-4e18-90de-644c39d397f2,2026-04-25T16:56:35.076306-04:00,node-01,orders-api,200,True,normal,market_aware_v1,53.548,48.021,134.047,31.793,0.394,59.816,93.705,1.049
28fc58c0-49b7-4bc2-af52-13ce9d3e129d,2026-04-25T16:56:35.076805-04:00,node-01,checkout-api,200,True,normal,market_aware_v1,50.034,49.551,120.631,30.393,0.514,54.84,72.21,1.047
beb7a235-deb9-4688-a389-7fbfd147c87c,2026-04-25T16:56:35.077341-04:00,node-01,payments-api,200,True,anomalous,market_aware_v1,50.883,52.153,135.989,26.548,0.883,69.348,49.157,1.854
1fbf692a-8b57-4684-a7a9-05b1a9948dd8,2026-04-25T16:56:35.077940-04:00,node-01,orders-api,200,True,normal,market_aware_v1,54.802,47.867,111.372,32.068,0.437,57.982,98.893,1.006
09d25ca4-dbb6-435f-8f86-befc1fe5997a,2026-04-25T16:56:35.078412-04:00,node-01,checkout-api,429,True,anomalous,market_aware_v1,54.88,48.33,131.555,30.38,0.875,57.416,64.127,1.602
3d2ceef6-c9fa-47c3-b5fb-fc49c5e14d00,2026-04-25T16:56:35.078882-04:00,node-01,payments-api,429,True,anomalous,market_aware_v1,51.057,49.58,141.605,27.734,0.849,63.526,54.322,1.654
1a1c915c-1112-459a-bb7f-f92330e003e1,2026-04-25T16:56:35.079393-04:00,node-01,orders-api,200,True,normal,market_aware_v1,50.596,42.837,107.253,31.617,0.503,60.38,93.852,0.991
ecef9405-649c-45c5-ace9-53e738795eec,2026-04-25T16:56:35.079931-04:00,node-01,checkout-api,200,True,normal,market_aware_v1,48.637,50.319,119.359,29.581,0.631,57.324,69.799,1.172
fc5d2e3a-c438-45a4-a203-3f3d21fc0b7d,2026-04-25T16:56:35.080520-04:00,node-01,payments-api,200,True,normal,market_aware_v1,44.786,49.803,136.382,25.56,0.433,57.278,54.256,1.156
901199d8-3106-441e-b552-521808998cb6,2026-04-25T16:56:35.081022-04:00,node-01,orders-api,200,True,normal,market_aware_v1,51.123,47.02,110.887,28.517,0.444,53.344,88.128,1.013
48e3c86f-f818-470a-89a4-7117e7fe46cc,2026-04-25T16:56:35.081759-04:00,node-01,checkout-api,200,True,normal,market_aware_v1,47.761,43.261,116.717,28.556,0.578,59.069,70.145,1.239
9329d164-87d8-47dc-bb1b-5840d0f78cee,2026-04-25T16:56:35.082174-04:00,node-01,payments-api,200,True,normal,market_aware_v1,43.208,49.129,125.338,25.958,0.488,58.967,58.693,1.195
10d88363-ba88-46c9-b3b1-1cca8b57a017,2026-04-25T16:56:35.082644-04:00,node-01,orders-api,200,True,normal,market_aware_v1,51.935,47.202,106.651,32.031,0.267,52.263,89.556,0.701
df2dcdbd-f6b8-4de3-93a9-0dcc6f620022,2026-04-25T16:56:35.083049-04:00,node-01,checkout-api,200,True,normal,market_aware_v1,51.1,49.159,138.835,28.536,0.686,66.004,65.056,1.486
835a2921-e428-4d7c-9e3b-b596ae0900a4,2026-04-25T16:56:35.083493-04:00,node-01,payments-api,200,True,normal,market_aware_v1,45.63,49.32,139.677,26.522,0.563,59.798,61.648,1.305
781a58b1-6be9-4f37-9ece-66ae4c51a8a5,2026-04-25T16:56:35.083924-04:00,node-01,orders-api,200,True,normal,market_aware_v1,51.489,45.253,125.154,30.35,0.49,65.879,81.722,1.274
5d89a6a2-6891-4167-be14-7e82a5a22ec8,2026-04-25T16:56:35.084369-04:00,node-01,checkout-api,200,True,normal,market_aware_v1,50.91,45.329,126.968,29.19,0.554,52.373,65.871,1.199
390b1e37-edae-46ed-b5ac-a4099b9787d1,2026-04-25T16:56:35.084833-04:00,node-01,payments-api,200,True,normal,market_aware_v1,45.292,48.874,135.213,25.707,0.525,59.086,61.6,1.229
0b03ea09-a1f2-4a1d-966d-7dc7608d6f94,2026-04-25T16:56:35.085208-04:00,node-01,orders-api,200,True,normal,market_aware_v1,49.482,44.531,108.017,31.394,0.425,59.937,95.768,0.975
8328ad9a-6e5f-4080-8533-a6ce53377c88,2026-04-25T16:56:35.085676-04:00,node-01,checkout-api,502,True,anomalous,market_aware_v1,52.222,50.586,141.146,32.036,0.965,69.707,63.885,2.095
45d9c5b3-40be-4472-ab63-3103a6307073,2026-04-25T16:56:35.086153-04:00,node-01,payments-api,200,True,normal,market_aware_v1,43.265,50.604,134.241,26.305,0.631,59.931,61.074,1.403
0512db58-c6f2-4f4b-80cc-669675cb8399,2026-04-25T16:56:35.087260-04:00,node-01,orders-api,200,True,normal,market_aware_v1,49.446,47.88,120.613,32.418,0.472,59.781,89.159,1.062
242130ae-9684-4fd4-a1c7-7c04424e921b,2026-04-25T16:56:35.087764-04:00,node-01,checkout-api,200,True,normal,market_aware_v1,50.107,49.256,104.49,31.34,0.496,50.674,75.874,0.964
8a933c32-446d-4fdd-b325-fc1cef99807b,2026-04-25T16:56:35.088242-04:00,node-01,payments-api,429,True,normal,market_aware_v1,49.555,53.03,132.887,26.3,0.539,63.645,56.198,1.274
0829df9f-98b9-4b0f-93df-0f7834599596,2026-04-25T16:56:35.088720-04:00,node-01,orders-api,200,True,normal,market_aware_v1,57.363,49.246,113.943,29.703,0.418,53.214,99.664,0.799
a21d9d3b-e0b6-4701-a81d-83b02046ccdf,2026-04-25T16:56:35.089206-04:00,node-01,checkout-api,200,True,normal,market_aware_v1,51.721,51.899,141.217,30.71,0.815,62.442,79.038,1.834
cf084a59-c4c5-4756-9922-5ac5bf88c528,2026-04-25T16:56:35.089768-04:00,node-01,payments-api,200,True,normal,market_aware_v1,48.7,50.189,135.666,26.784,0.725,64.451,60.433,1.522
30b41645-46e9-473b-ba8d-87e6b50cea9d,2026-04-25T16:56:35.090188-04:00,node-01,orders-api,200,True,normal,market_aware_v1,57.462,48.874,115.256,32.703,0.491,62.194,99.808,1.252
06f6f79e-3850-4d36-a583-b756c487c632,2026-04-25T16:56:35.090637-04:00,node-01,checkout-api,200,True,normal,market_aware_v1,53.785,54.316,116.066,29.695,0.538,54.397,83.042,1.021
7f0e9898-da2d-4204-914b-63f864c0926b,2026-04-25T16:56:35.091128-04:00,node-01,payments-api,200,True,normal,market_aware_v1,51.285,52.588,138.708,29.441,0.611,60.424,69.464,1.429
b93e3ba3-53bc-4c1b-9ee3-39f1a34e51de,2026-04-25T16:56:35.092487-04:00,node-01,orders-api,200,True,anomalous,market_aware_v1,57.044,53.275,118.996,33.338,0.774,62.648,90.27,1.618
9e18839f-10ca-458a-8b01-81cc11099635,2026-04-25T16:56:35.092889-04:00,node-01,checkout-api,200,True,normal,market_aware_v1,54.131,53.506,132.395,31.335,0.677,64.55,77.535,1.478
c73d0adf-8bc7-451d-8c0e-92de275ed827,2026-04-25T16:56:35.093618-04:00,node-01,payments-api,200,True,normal,market_aware_v1,50.145,53.862,122.019,28.601,0.617,61.307,64.765,1.337
bd1947fb-70a8-433b-86ea-169735734ca3,2026-04-25T16:56:35.094128-04:00,node-01,orders-api,200,True,normal,market_aware_v1,59.817,48.59,120.676,34.554,0.472,63.577,101.214,1.009
7e7a2ff7-5475-40d8-9ace-b070d8438c79,2026-04-25T16:56:35.094618-04:00,node-01,checkout-api,429,True,normal,market_aware_v1,54.019,53.419,137.969,30.951,0.632,63.512,76.55,1.393
f66e4f8b-375d-42c3-9339-4da9077d191d,2026-04-25T16:56:35.095048-04:00,node-01,payments-api,200,True,normal,market_aware_v1,50.019,53.863,139.472,29.174,0.553,61.464,65.076,1.309
2915dfae-f78b-423a-add0-8aac327b9121,2026-04-25T16:56:35.095588-04:00,node-01,orders-api,200,True,normal,market_aware_v1,57.06,51.607,112.423,33.745,0.313,53.833,104.353,0.731
ce60906c-0a1f-43b1-a46c-13fbf77032a9,2026-04-25T16:56:35.096062-04:00,node-01,checkout-api,429,True,normal,market_aware_v1,54.252,52.266,137.647,30.291,0.532,59.069,75.472,1.264
81aba02e-5feb-48d7-a027-d38c9b2936e4,2026-04-25T16:56:35.096578-04:00,node-01,payments-api,429,True,normal,market_aware_v1,51.999,52.159,149.434,26.367,0.452,63.639,58.966,1.38
ae0a50e1-0f27-4868-8c15-2d12cca2767f,2026-04-25T16:56:35.097053-04:00,node-01,orders-api,200,True,normal,market_aware_v1,54.499,49.346,113.739,31.311,0.422,51.895,99.964,0.867
09285b13-7562-4c48-bef5-e7d56529468e,2026-04-25T16:56:35.097535-04:00,node-01,checkout-api,200,True,normal,market_aware_v1,52.666,48.151,119.264,30.635,0.592,60.179,72.217,1.356
606e2468-452e-49ce-9769-d3652f3734ea,2026-04-25T16:56:35.098073-04:00,node-01,payments-api,429,True,normal,market_aware_v1,50.158,52.182,134.199,25.442,0.537,61.692,62.304,1.347
8cf4b246-ceb6-4fe0-929a-208fc0006410,2026-04-25T16:56:35.098575-04:00,node-01,orders-api,200,True,normal,market_aware_v1,50.799,47.355,101.277,32.252,0.401,56.414,94.851,1.025
357ca019-118d-4172-b7c3-15963c92e46a,2026-04-25T16:56:35.099110-04:00,node-01,checkout-api,200,True,normal,market_aware_v1,49.902,50.896,136.694,27.454,0.648,63.615,61.718,1.462
5e4e4817-c7f7-4008-b839-6da822d9b642,2026-04-25T16:56:35.099566-04:00,node-01,payments-api,200,True,normal,market_aware_v1,44.66,49.378,130.472,26.62,0.458,62.746,56.655,1.233
cbbba8e1-8967-432c-aa18-3dcf90297185,2026-04-25T16:56:35.100064-04:00,node-01,orders-api,429,True,normal,market_aware_v1,49.352,45.676,112.21,32.264,0.397,55.795,86.683,0.879
9a17d027-d871-4e76-8fbf-59eed5b0c130,2026-04-25T16:56:35.100591-04:00,node-01,checkout-api,200,True,normal,market_aware_v1,50.545,47.646,124.437,27.843,0.482,57.509,67.106,1.117
c20ef457-fe96-4db5-af05-f263536a485b,2026-04-25T16:56:35.101093-04:00,node-01,payments-api,200,True,normal,market_aware_v1,39.835,46.96,107.45,23.021,0.29,47.519,54.082,0.696
9bdd94f0-e3aa-409f-905a-269e8341eb95,2026-04-25T16:56:35.101596-04:00,node-01,orders-api,200,True,normal,market_aware_v1,50.003,42.386,117.007,29.143,0.51,60.36,84.256,1.136
c93d77c8-1744-4267-9f07-97dfe433d96f,2026-04-25T16:56:35.102055-04:00,node-01,checkout-api,200,True,normal,market_aware_v1,49.002,46.808,125.832,26.865,0.654,56.912,62.764,1.233
2bbef8d1-bf9d-4466-bc16-2343fc66bf69,2026-04-25T16:56:35.102509-04:00,node-01,payments-api,200,True,normal,market_aware_v1,40.927,47.349,128.798,24.1,0.551,68.204,50.546,1.434
3c556cb1-02a7-440b-9754-158c6170c2d4,2026-04-25T16:56:35.102969-04:00,node-01,orders-api,200,True,normal,market_aware_v1,49.725,39.056,104.171,29.455,0.292,51.711,90.979,0.651
547f13eb-c23d-4536-b60a-1bec8067be18,2026-04-25T16:56:35.103411-04:00,node-01,checkout-api,200,True,anomalous,market_aware_v1,46.584,43.171,131.942,27.875,0.903,62.01,59.006,1.837
df64d2f8-83d6-44a8-b349-ceb24404a967,2026-04-25T16:56:35.104810-04:00,node-01,payments-api,200,True,normal,market_aware_v1,39.312,50.252,125.643,22.786,0.496,54.965,50.099,1.076
44fc52b4-0847-49ed-b56d-dfaa6e868e8b,2026-04-25T16:56:35.106258-04:00,node-01,orders-api,200,True,normal,market_aware_v1,44.824,42.036,107.302,28.356,0.299,50.606,90.281,0.622
b1f1239a-0429-4747-adf8-05905360b1c8,2026-04-25T16:56:35.106720-04:00,node-01,checkout-api,200,True,normal,market_aware_v1,43.755,46.737,119.933,28.134,0.589,61.613,62.862,1.259
36cb5ebf-6501-4716-bff3-6e57f78f6cbf,2026-04-25T16:56:35.107168-04:00,node-01,payments-api,200,True,normal,market_aware_v1,37.957,46.277,123.989,23.169,0.406,59.496,58.505,1.052
137c4518-29b5-4f9a-ac34-5256c3c330cd,2026-04-25T16:56:35.107646-04:00,node-01,orders-api,200,True,normal,market_aware_v1,47.758,42.617,111.921,30.729,0.461,58.155,88.48,1.051
723f6df5-c3e4-4f4f-a551-199070f85b4a,2026-04-25T16:56:35.108111-04:00,node-01,checkout-api,200,True,normal,market_aware_v1,44.809,44.29,107.37,27.36,0.362,47.487,71.063,0.843
15c5d823-7e5f-4936-a2b1-0bc986d29393,2026-04-25T16:56:35.108622-04:00,node-01,payments-api,200,True,normal,market_aware_v1,42.524,47.776,131.274,24.891,0.422,56.688,56.689,1.063
5d943f9e-6203-4837-81d2-246f77e4f3e7,2026-04-25T16:56:35.109115-04:00,node-01,orders-api,200,True,normal,market_aware_v1,51.394,41.754,117.766,32.395,0.362,59.818,91.595,0.85
5b778695-3f41-484c-9ced-d4c5ac486301,2026-04-25T16:56:35.109614-04:00,node-01,checkout-api,200,True,normal,market_aware_v1,51.643,43.621,129.334,28.061,0.546,63.428,67.84,1.346
0a2acb03-69a2-411a-a0c3-c09c937bc5c2,2026-04-25T16:56:35.110098-04:00,node-01,payments-api,200,True,normal,market_aware_v1,46.142,49.156,154.42,24.702,0.487,63.416,52.508,1.182
ca39e6b5-6e81-4a3d-a415-7456cf8911d0,2026-04-25T16:56:35.110543-04:00,node-01,orders-api,200,True,normal,market_aware_v1,52.757,45.515,119.013,31.329,0.339,63.22,89.221,1.005
920af09b-1e7c-4872-969b-c25fcd0f5906,2026-04-25T16:56:35.110987-04:00,node-01,checkout-api,200,True,normal,market_aware_v1,50.181,47.278,119.596,28.85,0.58,53.622,75.382,1.289
d7182c78-17df-4a8b-b6da-0a7bfe139872,2026-04-25T16:56:35.111497-04:00,node-01,payments-api,200,True,anomalous,market_aware_v1,47.992,53.322,139.809,26.007,0.901,64.941,56.753,1.69
56fa563f-d559-4b47-949c-f0e2ef01f5f8,2026-04-25T16:56:35.111936-04:00,node-01,orders-api,429,True,normal,market_aware_v1,56.797,45.47,110.888,32.323,0.451,61.144,91.861,1.116
ddaf3d35-4a0d-415e-a1b8-808a72277930,2026-04-25T16:56:35.113428-04:00,node-01,checkout-api,200,True,normal,market_aware_v1,48.771,51.403,140.49,32.619,0.648,61.825,73.008,1.529
11e1f8e9-9d24-4675-9b64-ca499ef793cd,2026-04-25T16:56:35.114212-04:00,node-01,payments-api,200,True,normal,market_aware_v1,50.137,48.674,122.242,27.293,0.542,59.262,58.898,1.228
f09ee1a7-480a-4a61-ac8a-9130f8ac646e,2026-04-25T16:56:35.114722-04:00,node-01,orders-api,200,True,normal,market_aware_v1,49.002,47.009,97.276,32.629,0.239,50.083,98.68,0.636
2c20f80e-d604-4514-9a46-e5e1c4a41a12,2026-04-25T16:56:35.115199-04:00,node-01,checkout-api,200,True,normal,market_aware_v1,53.235,50.915,117.672,29.64,0.583,63.024,79.527,1.26
bc091642-ba13-4469-92fb-d0eedc9563bd,2026-04-25T16:56:35.115695-04:00,node-01,payments-api,200,True,normal,market_aware_v1,49.805,52.23,126.342,27.566,0.472,58.416,67.278,1.142
2a2cb9ff-dd53-4d86-8e71-e36d93e75010,2026-04-25T16:56:35.116180-04:00,node-01,orders-api,429,True,normal,market_aware_v1,52.449,49.226,108.353,30.847,0.443,64.795,95.95,1.11
239bfaf6-619d-4b34-987e-d696675f2fbb,2026-04-25T16:56:35.116675-04:00,node-01,checkout-api,200,True,normal,market_aware_v1,51.952,52.197,124.532,28.987,0.55,57.676,77.07,1.257
fd5f37d2-4de4-46bd-bb42-582af74eda07,2026-04-25T16:56:35.117157-04:00,node-01,payments-api,200,True,normal,market_aware_v1,49.816,51.922,160.71,29.672,0.683,71.028,58.737,1.818
1fa5d6f0-39bc-42bb-9e95-575d93009d2b,2026-04-25T16:56:35.117625-04:00,node-01,orders-api,200,True,normal,market_aware_v1,53.527,46.424,97.484,32.181,0.364,57.384,92.651,0.961
8a630ec0-9aee-481e-9bc0-66f688403bdc,2026-04-25T16:56:35.118629-04:00,node-01,checkout-api,200,True,anomalous,market_aware_v1,52.241,51.443,128.255,33.797,0.949,65.938,68.231,1.753
7b9f1637-56cf-471f-b426-c5a46617b59f,2026-04-25T16:56:35.119115-04:00,node-01,payments-api,200,True,normal,market_aware_v1,51.059,51.432,139.934,25.768,0.477,66.261,59.974,1.376
8be35a05-c36f-41b2-8455-8ed0d2e543dc,2026-04-25T16:56:35.119597-04:00,node-01,orders-api,200,True,anomalous,market_aware_v1,58.204,47.54,126.932,35.484,0.797,68.504,82.186,1.701
8e4df8c4-49fa-4060-9ce2-bbef7352b80f,2026-04-25T16:56:35.120055-04:00,node-01,checkout-api,200,True,normal,market_aware_v1,49.932,51.762,112.018,29.099,0.483,48.151,77.744,0.873
f33f4454-ec08-44e1-b1a7-aca1328f5f58,2026-04-25T16:56:35.120585-04:00,node-01,payments-api,429,True,normal,market_aware_v1,45.322,50.166,124.963,26.472,0.451,55.225,61.777,1.071
cdefccbe-2e0a-4354-9f58-09f6de7f9d7a,2026-04-25T16:56:35.121043-04:00,node-01,orders-api,200,True,normal,market_aware_v1,51.533,43.862,100.307,32.462,0.414,51.702,90.446,0.835
c41a102d-0feb-4c70-b206-eb103607680d,2026-04-25T16:56:35.121545-04:00,node-01,checkout-api,200,True,normal,market_aware_v1,49.473,47.631,135.412,29.995,0.52,63.23,63.757,1.38
9025174d-98a5-4b34-b755-87da09db1e7a,2026-04-25T16:56:35.122057-04:00,node-01,payments-api,200,True,normal,market_aware_v1,43.068,51.766,135.669,25.643,0.538,61.646,53.366,1.288
f6e7d13c-29e3-47b9-9720-f0dd33132eea,2026-04-25T16:56:35.122565-04:00,node-01,orders-api,200,True,normal,market_aware_v1,52.694,43.503,116.302,29.175,0.432,59.17,94.93,0.962
2e23e876-80d8-43c2-bd0c-10c05e04907c,2026-04-25T16:56:35.123056-04:00,node-01,checkout-api,200,True,normal,market_aware_v1,46.464,47.627,115.339,27.839,0.504,57.706,69.81,1.182
65212043-81dc-41a9-8f30-1e02b90163b5,2026-04-25T16:56:35.123548-04:00,node-01,payments-api,200,True,normal,market_aware_v1,45.949,47.18,136.303,25.011,0.449,53.607,60.304,0.931
05f1ca6a-b0d2-4c46-934e-b2080ec7ff5a,2026-04-25T16:56:35.124036-04:00,node-01,orders-api,200,True,normal,market_aware_v1,52.581,44.92,100.647,29.318,0.253,50.067,92.165,0.605
52e1fb37-f6fe-460a-b345-dc12e52ef92e,2026-04-25T16:56:35.124497-04:00,node-01,checkout-api,200,True,normal,market_aware_v1,43.171,47.091,125.019,26.224,0.579,56.142,67.405,1.163
d182646f-8375-4833-85db-796fb990dc9c,2026-04-25T16:56:35.124963-04:00,node-01,payments-api,200,True,normal,market_aware_v1,40.001,47.737,130.835,24.349,0.445,56.299,54.554,1.122
a98bcfa8-66e4-4635-8c1b-5f355e93d5e9,2026-04-25T16:56:35.125417-04:00,node-01,orders-api,429,True,normal,market_aware_v1,50.673,46.107,119.195,29.973,0.412,62.812,85.866,1.14
1d417ac1-0a14-4ab2-93af-bccd21b1270e,2026-04-25T16:56:35.125916-04:00,node-01,checkout-api,200,True,normal,market_aware_v1,46.282,47.92,129.684,28.514,0.597,57.963,66.502,1.303
aab498b6-974d-4053-b4f2-dde0c49e9a1b,2026-04-25T16:56:35.126370-04:00,node-01,payments-api,200,True,anomalous,market_aware_v1,49.353,50.495,146.302,25.833,0.866,67.094,44.924,1.72
8eaaadb4-0d87-4e0e-b7ff-612f75d070ea,2026-04-25T16:56:35.126827-04:00,node-01,orders-api,200,True,normal,market_aware_v1,51.228,46.04,115.756,30.494,0.334,58.425,96.323,0.933
f4aed0f1-ddfd-472f-9f01-fb019051d47c,2026-04-25T16:56:35.127329-04:00,node-01,checkout-api,200,True,normal,market_aware_v1,49.421,48.436,131.518,28.964,0.614,63.925,63.414,1.344
0687f144-985f-49fa-b5fe-8470bdfca3d6,2026-04-25T16:56:35.127834-04:00,node-01,payments-api,429,True,normal,market_aware_v1,45.301,50.796,134.643,25.424,0.583,62.131,60.616,1.139
34a4ff80-7f55-444c-85c5-cd76d7c7287f,2026-04-25T16:56:35.128306-04:00,node-01,orders-api,200,True,normal,market_aware_v1,52.239,45.313,120.014,32.178,0.312,59.388,93.484,0.87
1c42284a-bbaa-42b7-b9f6-0fe60763927c,2026-04-25T16:56:35.128830-04:00,node-01,checkout-api,200,True,normal,market_aware_v1,48.117,51.793,127.428,28.281,0.733,63.147,71.663,1.4
cc3c2669-de0c-4827-8c7f-b09aec9fa923,2026-04-25T16:56:35.129323-04:00,node-01,payments-api,200,True,normal,market_aware_v1,48.173,49.453,136.705,26.151,0.536,66.369,58.23,1.455
2f9d1732-18d7-4df0-976b-e7cc29094eed,2026-04-25T16:56:35.129818-04:00,node-01,orders-api,500,True,anomalous,market_aware_v1,60.958,55.616,157.67,35.147,1.026,78.265,85.136,2.353
0e291946-e71c-408f-a130-1a14f0373964,2026-04-25T16:56:35.130330-04:00,node-01,checkout-api,200,True,normal,market_aware_v1,50.713,52.78,131.118,30.715,0.57,58.492,76.597,1.208
0a7e4e5b-c767-49ec-afea-23fb2929e061,2026-04-25T16:56:35.130817-04:00,node-01,payments-api,200,True,normal,market_aware_v1,49.713,56.06,131.782,26.492,0.59,64.61,63.746,1.373
3b92f5fd-1496-41a2-aede-0b0d31b0f6a0,2026-04-25T16:56:35.131399-04:00,node-01,orders-api,200,True,normal,market_aware_v1,56.544,49.554,116.703,33.361,0.316,55.396,100.593,0.863
d2179dea-2c44-4824-9e0b-b0c38c4ab649,2026-04-25T16:56:35.131920-04:00,node-01,checkout-api,429,True,normal,market_aware_v1,53.95,52.716,131.146,29.567,0.604,62.496,81.732,1.337
99fb8fbd-df3c-4370-9cb7-fd050f757cd1,2026-04-25T16:56:35.132409-04:00,node-01,payments-api,200,True,normal,market_aware_v1,51.289,52.691,137.612,25.697,0.583,56.683,65.793,1.158
99a61a01-7377-4a11-8197-0238c26c082c,2026-04-25T16:56:35.132958-04:00,node-01,orders-api,200,True,normal,market_aware_v1,59.328,49.859,112.83,31.809,0.4,62.396,104.78,1.067
238789aa-6edb-48d6-a371-02c52f2915e3,2026-04-25T16:56:35.133484-04:00,node-01,checkout-api,429,True,anomalous,market_aware_v1,56.393,53.448,140.637,33.032,0.908,69.658,66.483,1.852
bf45c942-5ec8-467c-aa72-ec505d7d1be2,2026-04-25T16:56:35.134012-04:00,node-01,payments-api,200,True,normal,market_aware_v1,55.695,52.4,141.818,27.262,0.5,64.8,66.009,1.192
19d565cf-36ed-455d-b2f7-b84404a201d4,2026-04-25T16:56:35.134488-04:00,node-01,orders-api,200,True,normal,market_aware_v1,59.283,50.211,124.833,31.569,0.487,62.943,100.415,1.166
adbeba50-e923-4ae0-bc9e-11bc591f3b08,2026-04-25T16:56:35.134966-04:00,node-01,checkout-api,429,True,normal,market_aware_v1,56.96,51.946,115.562,32.318,0.559,56.023,78.958,1.08
293d887a-d92a-4b71-9196-a7aa3e8e7b35,2026-04-25T16:56:35.135427-04:00,node-01,payments-api,500,True,anomalous,market_aware_v1,53.497,59.77,154.58,29.819,0.89,74.13,56.812,2.066
762db3b6-868f-4b3f-a89f-cf4d345a3f3d,2026-04-25T16:56:35.135883-04:00,node-01,orders-api,200,True,normal,market_aware_v1,54.719,45.992,105.47,33.388,0.456,57.737,100.788,1.068
14f7dd03-d936-4078-9107-ad87563ff460,2026-04-25T16:56:35.136325-04:00,node-01,checkout-api,429,True,normal,market_aware_v1,57.557,52.597,141.741,31.733,0.619,67.187,76.104,1.534
6324884b-6115-46c6-b674-50ee717319db,2026-04-25T16:56:35.136766-04:00,node-01,payments-api,200,True,normal,market_aware_v1,51.662,53.809,126.347,27.376,0.529,57.68,62.14,1.154
b4dc3923-ca12-4c08-8ffc-c5db862cddd7,2026-04-25T16:56:35.137201-04:00,node-01,orders-api,200,True,normal,market_aware_v1,54.274,48.91,116.209,30.875,0.442,61.134,99.788,1.034
51fd9c34-94fe-4121-9f42-868985112fce,2026-04-25T16:56:35.137659-04:00,node-01,checkout-api,502,True,anomalous,market_aware_v1,58.278,52.075,162.516,32.197,1.075,75.811,64.165,2.233
359094d0-7e54-4614-a6f7-7977eb89b87a,2026-04-25T16:56:35.138097-04:00,node-01,payments-api,429,True,normal,market_aware_v1,47.781,50.671,135.396,27.421,0.436,58.9,63.007,1.111
4c893fd0-84f6-4c30-af59-6f264899a775,2026-04-25T16:56:35.138548-04:00,node-01,orders-api,200,True,normal,market_aware_v1,50.165,45.627,115.133,33.597,0.382,59.792,93.196,0.875
fac72044-a9be-4dae-87c6-c5ca5bb385d9,2026-04-25T16:56:35.139145-04:00,node-01,checkout-api,200,True,normal,market_aware_v1,51.308,50.412,106.488,29.903,0.471,53.504,72.038,0.904
eae116d2-2e59-4229-a26b-2b081007ea61,2026-04-25T16:56:35.140232-04:00,node-01,payments-api,200,True,normal,market_aware_v1,43.589,50.957,132.9,27.476,0.483,57.302,61.845,1.103
1c2b4b2c-ef34-42e0-83cf-0686101659c2,2026-04-25T16:56:35.140728-04:00,node-01,orders-api,200,True,normal,market_aware_v1,52.402,44.445,102.731,28.726,0.329,56.091,88.066,0.881
0c515bbb-92f3-4515-854c-0cf7130c68a5,2026-04-25T16:56:35.141205-04:00,node-01,checkout-api,200,True,normal,market_aware_v1,45.314,46.85,124.012,28.965,0.589,57.633,70.883,1.349
a5296065-d9f5-41a2-85e8-0e0601e90177,2026-04-25T16:56:35.141715-04:00,node-01,payments-api,429,True,normal,market_aware_v1,43.091,50.881,131.415,24.251,0.617,65.298,61.035,1.391
9ca1d4b0-47f3-483d-aac6-93c6d1d5a759,2026-04-25T16:56:35.142209-04:00,node-01,orders-api,200,True,anomalous,market_aware_v1,51.277,45.137,122.561,30.54,0.657,61.369,82.623,1.296
65e1e361-cf99-4d67-880d-05143b4b0fdd,2026-04-25T16:56:35.142705-04:00,node-01,checkout-api,200,True,normal,market_aware_v1,45.058,46.528,119.615,25.995,0.52,54.185,64.102,1.219
c7c7394b-061a-4535-9edc-64a5a4fd50d1,2026-04-25T16:56:35.143183-04:00,node-01,payments-api,200,True,normal,market_aware_v1,36.882,50.805,126.861,25.915,0.544,58.279,54.11,1.118
e359a31b-3d93-459a-967b-60917cb6e3d2,2026-04-25T16:56:35.143664-04:00,node-01,orders-api,429,True,anomalous,market_aware_v1,56.998,49.535,138.829,29.84,0.751,68.115,81.951,1.572
d941d2c5-c19c-4c1c-8459-6a9b85bf0c20,2026-04-25T16:56:35.144127-04:00,node-01,checkout-api,200,True,normal,market_aware_v1,44.687,47.191,114.257,28.251,0.596,56.653,62.247,1.232
a1f5c1fb-de04-40d5-b80d-1dde9db27783,2026-04-25T16:56:35.144603-04:00,node-01,payments-api,200,True,normal,market_aware_v1,43.437,50.296,152.302,24.039,0.678,72.165,42.333,1.571
33baf153-51b6-42c3-9ab2-51d27054057a,2026-04-25T16:56:35.145067-04:00,node-01,orders-api,200,True,normal,market_aware_v1,47.347,42.055,109.032,30.521,0.306,52.38,91.384,0.836
1974b24b-86d4-4583-8cd4-6eebac8080e9,2026-04-25T16:56:35.145545-04:00,node-01,checkout-api,200,True,normal,market_aware_v1,50.849,45.714,134.833,27.86,0.546,59.556,62.112,1.184
5efe7b68-e2a8-4514-a8e6-802b25820e1b,2026-04-25T16:56:35.146020-04:00,node-01,payments-api,429,True,normal,market_aware_v1,42.751,50.175,122.16,24.091,0.371,51.638,51.693,0.946
d8558458-568f-445f-b3c7-b62010306dd5,2026-04-25T16:56:35.146517-04:00,node-01,orders-api,200,True,normal,market_aware_v1,50.823,45.909,124.146,28.861,0.407,61.527,90.995,1.045
63b0f566-2d8f-4ff5-8a8f-1d537c1257ca,2026-04-25T16:56:35.147000-04:00,node-01,checkout-api,200,True,normal,market_aware_v1,46.346,48.122,120.735,27.564,0.631,59.148,67.235,1.288
d5d2dbe4-3873-4348-8cad-0b4f4fe7c995,2026-04-25T16:56:35.147485-04:00,node-01,payments-api,200,True,normal,market_aware_v1,44.354,47.818,142.727,26.687,0.622,61.493,53.508,1.475
b48bdfcd-6cbf-4f9b-990b-60e7a967fab3,2026-04-25T16:56:35.147972-04:00,node-01,orders-api,200,True,normal,market_aware_v1,48.977,43.552,104.832,29.703,0.46,57.829,89.648,1.005
f1903ebe-0556-4efb-b000-6381721bafc3,2026-04-25T16:56:35.148415-04:00,node-01,checkout-api,200,True,anomalous,market_aware_v1,52.518,47.761,132.55,29.232,0.856,56.191,65.632,1.708
6ea0accc-7d94-4f5d-bdf3-3c26c1898445,2026-04-25T16:56:35.148881-04:00,node-01,payments-api,200,True,normal,market_aware_v1,47.185,49.107,141.76,25.289,0.612,71.351,51.403,1.433
1423ccc4-4d3c-4c55-840f-ee2124c3840d,2026-04-25T16:56:35.149311-04:00,node-01,orders-api,200,True,normal,market_aware_v1,53.457,46.851,124.201,32.5,0.448,59.997,93.425,1.026
c3a6e916-1b31-4a57-8adc-a45691c7a43b,2026-04-25T16:56:35.149765-04:00,node-01,checkout-api,200,True,normal,market_aware_v1,53.69,46.585,135.14,29.868,0.647,59.733,72.293,1.351
b1511a7a-0bb4-4f4c-bd3d-a48bd71633d7,2026-04-25T16:56:35.150240-04:00,node-01,payments-api,200,True,normal,market_aware_v1,46.822,52.578,145.099,25.917,0.584,65.48,54.833,1.423
46a1fcd5-d66c-4283-bf2c-1a8c92baeb1f,2026-04-25T16:56:35.150874-04:00,node-01,orders-api,429,True,normal,market_aware_v1,51.764,47.959,123.2,31.32,0.449,63.382,97.405,1.149
526abade-75ba-4b2a-a8b1-d9936b02b56b,2026-04-25T16:56:35.152626-04:00,node-01,checkout-api,200,True,normal,market_aware_v1,52.604,51.201,139.539,31.067,0.789,70.929,79.104,1.893
41b29783-6329-4940-81d6-e4718c36f962,2026-04-25T16:56:35.153123-04:00,node-01,payments-api,200,True,normal,market_aware_v1,49.011,52.629,152.51,28.746,0.504,65.571,62.428,1.383
4cbc73bb-cd3d-4bf4-bfc6-26f7b525188d,2026-04-25T16:56:35.153600-04:00,node-01,orders-api,200,True,normal,market_aware_v1,50.279,51.096,119.182,32.54,0.4,62.985,98.211,0.994
ac028f5a-40ab-4795-81b0-73f8c481fa50,2026-04-25T16:56:35.154059-04:00,node-01,checkout-api,200,True,normal,market_aware_v1,53.007,49.039,115.392,27.136,0.514,57.474,76.452,1.259
5ce0112a-89a7-4705-b283-767a8f497935,2026-04-25T16:56:35.154510-04:00,node-01,payments-api,429,True,normal,market_aware_v1,48.561,53.387,150.156,27.601,0.723,69.959,54.486,1.619
27651750-d4c6-4184-a054-21da96c47ca2,2026-04-25T16:56:35.154984-04:00,node-01,orders-api,200,True,normal,market_aware_v1,59.188,47.534,135.295,31.241,0.458,59.915,97.399,1.158
e395869b-4a28-4c57-a6cb-7146e6349f98,2026-04-25T16:56:35.155400-04:00,node-01,checkout-api,200,True,normal,market_aware_v1,48.623,51.681,112.154,30.425,0.498,51.488,78.72,0.94
0bff2884-e722-4f4a-9b51-f1bcdf0e6219,2026-04-25T16:56:35.155826-04:00,node-01,payments-api,200,True,normal,market_aware_v1,47.249,55.088,148.847,27.413,0.561,71.016,57.053,1.461
5517097e-02c1-40a6-83ef-833ae6ea81f8,2026-04-25T16:56:35.156279-04:00,node-01,orders-api,429,True,normal,market_aware_v1,52.744,48.973,122.977,29.788,0.394,59.449,98.255,1.138
9529eac7-0de9-40af-9215-c75a80e5b81e,2026-04-25T16:56:35.156741-04:00,node-01,checkout-api,429,True,normal,market_aware_v1,57.789,49.464,148.393,29.177,0.722,71.316,75.224,1.609
15288972-ccdd-46ae-8f24-277438096324,2026-04-25T16:56:35.157211-04:00,node-01,payments-api,200,True,normal,market_aware_v1,50.434,52.303,151.854,24.544,0.595,71.861,59.038,1.486
5b1d5289-b108-4f41-9078-92c78b03f3db,2026-04-25T16:56:35.157764-04:00,node-01,orders-api,200,True,normal,market_aware_v1,53.802,46.197,120.087,35.01,0.439,62.941,92.271,1.126
2627d2b9-a2f1-4d1d-aaa1-362548c36494,2026-04-25T16:56:35.158331-04:00,node-01,checkout-api,200,True,normal,market_aware_v1,50.419,48.244,145.256,31.795,0.673,64.001,59.071,1.455
ebad3599-969f-45e9-8488-6d67fcc7364a,2026-04-25T16:56:35.158880-04:00,node-01,payments-api,429,True,normal,market_aware_v1,46.171,51.206,137.911,25.703,0.569,63.504,53.463,1.25
6ed40a1c-e910-4c37-9d5d-1e21603992d0,2026-04-25T16:56:35.159316-04:00,node-01,orders-api,200,True,normal,market_aware_v1,49.14,46.578,100.536,32.191,0.345,54.498,93.92,0.81
e72d9ade-5fdb-4bbd-9242-a7107b46dd70,2026-04-25T16:56:35.159926-04:00,node-01,checkout-api,200,True,normal,market_aware_v1,52.349,48.473,136.636,29.236,0.674,65.709,66.645,1.469
41fc9648-4ab5-4fe3-b632-e02c214eff74,2026-04-25T16:56:35.160398-04:00,node-01,payments-api,200,True,normal,market_aware_v1,48.011,52.107,144.754,24.603,0.51,61.653,58.38,1.146
a323a039-18d9-4c80-810f-7b8a6459e8ec,2026-04-25T16:56:35.160871-04:00,node-01,orders-api,200,True,normal,market_aware_v1,49.314,45.046,106.582,31.2,0.314,57.272,94.882,0.908
7593a12c-a7a4-401f-acc0-140fbbaff844,2026-04-25T16:56:35.161488-04:00,node-01,checkout-api,200,True,normal,market_aware_v1,50.558,45.624,132.852,28.941,0.51,60.692,65.774,1.185
bbcdb90d-14b9-42eb-8f6c-3fc6cdcd4647,2026-04-25T16:56:35.161966-04:00,node-01,payments-api,200,True,normal,market_aware_v1,47.025,49.909,140.181,24.073,0.588,70.32,50.729,1.396
0451badf-e808-45bd-8248-4fbca85f62d0,2026-04-25T16:56:35.162424-04:00,node-01,orders-api,200,True,normal,market_aware_v1,50.378,42.829,111.828,30.191,0.369,63.42,88.313,1.031
dafe1663-5d7f-49d5-be14-0fc3d65f617e,2026-04-25T16:56:35.162914-04:00,node-01,checkout-api,200,True,normal,market_aware_v1,48.098,47.683,127.565,27.354,0.684,60.92,65.288,1.312
1aaf865b-2bce-4be6-814e-71ae1d93cc26,2026-04-25T16:56:35.163395-04:00,node-01,payments-api,200,True,anomalous,market_aware_v1,48.46,53.393,133.699,25.654,0.832,62.428,51.111,1.689
e547f2a2-5a3c-4a9d-a607-5cbfb4160c7c,2026-04-25T16:56:35.163924-04:00,node-01,orders-api,429,True,normal,market_aware_v1,54.121,46.613,126.592,31.347,0.537,67.162,85.919,1.196
83671634-4212-4074-8d11-d057c1766a78,2026-04-25T16:56:35.164417-04:00,node-01,checkout-api,429,True,normal,market_aware_v1,51.605,48.255,128.569,27.015,0.54,57.629,72.156,1.096
18039679-701e-4bf9-8267-92207865c091,2026-04-25T16:56:35.164865-04:00,node-01,payments-api,200,True,normal,market_aware_v1,46.412,49.738,152.394,24.073,0.596,65.792,52.699,1.416
90b85c04-26f8-45b6-b87e-6ec9eb1223cb,2026-04-25T16:56:35.165398-04:00,node-01,orders-api,200,True,normal,market_aware_v1,50.676,44.423,114.63,31.143,0.434,59.978,95.17,0.998
61a12ba9-4033-47b7-b4fe-72ec52c76836,2026-04-25T16:56:35.165905-04:00,node-01,checkout-api,429,True,normal,market_aware_v1,48.094,47.298,130.928,27.487,0.612,62.06,75.109,1.385
e75a8b90-f473-4a3a-9a53-f7eed7b9a580,2026-04-25T16:56:35.166357-04:00,node-01,payments-api,200,True,normal,market_aware_v1,46.288,52.916,132.746,26.386,0.498,59.718,60.988,1.191
372639c6-0351-4dea-b1a2-87f85a17810b,2026-04-25T16:56:35.166803-04:00,node-01,orders-api,200,True,normal,market_aware_v1,52.368,46.049,121.91,31.428,0.442,61.544,95.144,1.221
a8ac05ea-5311-4a6b-b347-85fe06e6711a,2026-04-25T16:56:35.167261-04:00,node-01,checkout-api,200,True,normal,market_aware_v1,51.613,49.742,121.115,30.231,0.548,54.963,71.206,1.153
a9b30fec-06c3-4db2-bf10-8b60fa33dd54,2026-04-25T16:56:35.167694-04:00,node-01,payments-api,200,True,normal,market_aware_v1,44.524,48.265,132.763,26.569,0.492,54.447,62.571,0.942
7a323da2-3ff5-459c-9773-7287d04d7d35,2026-04-25T16:56:35.168106-04:00,node-01,orders-api,200,True,normal,market_aware_v1,55.929,47.669,136.79,33.545,0.362,60.561,93.463,0.853
ae99b416-3188-4632-a907-61cc016ce6e5,2026-04-25T16:56:35.168568-04:00,node-01,checkout-api,200,True,normal,market_aware_v1,53.148,53.217,144.908,28.998,0.755,71.325,71.155,1.663
7ad58b8b-1ce0-4ac8-bba4-3cfe55ae46df,2026-04-25T16:56:35.169020-04:00,node-01,payments-api,200,True,normal,market_aware_v1,50.607,55.114,134.171,27.443,0.516,60.088,61.567,1.302
8c18b2d6-27bc-4d39-9b32-d4b8c3fc4877,2026-04-25T16:56:35.169540-04:00,node-01,orders-api,429,True,normal,market_aware_v1,58.335,51.734,117.863,32.353,0.403,62.587,97.461,1.038
7739743b-f94e-4ee6-a519-2cf26735b61d,2026-04-25T16:56:35.170010-04:00,node-01,checkout-api,200,True,normal,market_aware_v1,56.696,52.277,130.983,31.961,0.583,58.105,80.079,1.268
a1fafdd5-1291-4054-83cd-5f7c8cf4a0d1,2026-04-25T16:56:35.170487-04:00,node-01,payments-api,200,True,normal,market_aware_v1,51.854,55.237,144.263,29.732,0.49,66.351,60.193,1.366
3f92daf9-59ce-498b-badc-ec4399f63e42,2026-04-25T16:56:35.170982-04:00,node-01,orders-api,200,True,normal,market_aware_v1,54.674,47.015,100.199,33.513,0.403,53.959,100.458,0.904
bdb92672-484c-4a2f-bddb-38a3ad52dda6,2026-04-25T16:56:35.171482-04:00,node-01,checkout-api,502,True,anomalous,market_aware_v1,60.022,57.787,150.159,32.042,1.048,72.831,69.348,2.07
8a284f98-4aa4-4901-9355-e71ba914a94f,2026-04-25T16:56:35.171917-04:00,node-01,payments-api,429,True,normal,market_aware_v1,54.869,56.6,144.234,28.372,0.482,61.661,70.533,1.188
42ea0f3a-be58-4bea-b6f0-24c266c1e966,2026-04-25T16:56:35.172350-04:00,node-01,orders-api,200,True,normal,market_aware_v1,59.084,50.188,123.707,33.3,0.427,61.953,96.687,1.176
160e8249-beba-4633-b8bd-f396992a9c26,2026-04-25T16:56:35.172791-04:00,node-01,checkout-api,200,True,normal,market_aware_v1,55.829,56.913,128.454,30.914,0.6,60.624,77.586,1.28
631f863b-4e34-470d-979d-551cbc86b85b,2026-04-25T16:56:35.173231-04:00,node-01,payments-api,200,True,normal,market_aware_v1,54.119,54.314,139.773,28.287,0.572,66.784,63.436,1.393
546e9739-cee2-4adc-8e96-d6993939175e,2026-04-25T16:56:35.173679-04:00,node-01,orders-api,200,True,normal,market_aware_v1,56.183,48.205,116.044,31.631,0.395,58.148,96.45,1.003
509dec64-0a29-492c-9fa3-556eeb89fbfc,2026-04-25T16:56:35.174124-04:00,node-01,checkout-api,429,True,normal,market_aware_v1,55.549,51.664,149.863,33.173,0.702,69.029,72.52,1.649
374802c2-7dc6-4ff4-aa27-53f8c6831890,2026-04-25T16:56:35.174556-04:00,node-01,payments-api,200,True,normal,market_aware_v1,53.547,53.496,142.258,30.141,0.538,70.479,62.503,1.514
a9bdc12c-a38b-48ad-8194-100005e23e0b,2026-04-25T16:56:35.174984-04:00,node-01,orders-api,200,True,normal,market_aware_v1,58.371,52.999,123.931,32.292,0.459,61.346,97.753,1.001
1eb91825-1285-4e3a-9281-2f0b400e9be1,2026-04-25T16:56:35.175419-04:00,node-01,checkout-api,200,True,anomalous,market_aware_v1,54.445,56.071,140.897,32.21,0.858,60.907,66.848,1.811
80cc9e4e-6a9e-4342-b304-b8222aa8108a,2026-04-25T16:56:35.175864-04:00,node-01,payments-api,200,True,normal,market_aware_v1,48.215,53.76,149.543,26.391,0.582,64.345,58.693,1.396
7b2d0cd4-85bb-4a85-8262-679e0c0f83ec,2026-04-25T16:56:35.176279-04:00,node-01,orders-api,200,True,normal,market_aware_v1,52.712,45.217,98.511,32.319,0.389,55.522,99.01,0.85
4c0ed343-4685-4e68-8bcf-864895c5cc10,2026-04-25T16:56:35.176713-04:00,node-01,checkout-api,429,True,normal,market_aware_v1,54.683,50.795,135.501,28.984,0.696,62.646,73.537,1.398
bde0f8e6-5f7a-44db-b257-885d17168fe4,2026-04-25T16:56:35.177114-04:00,node-01,payments-api,200,True,normal,market_aware_v1,47.503,47.924,141.218,26.091,0.469,65.548,59.846,1.304
495d6d1c-e375-4fe3-8cc9-8f21e0337405,2026-04-25T16:56:35.177544-04:00,node-01,orders-api,200,True,normal,market_aware_v1,50.429,46.046,122.165,32.246,0.386,61.451,86.751,1.078
2ce71556-3244-4680-9970-6e4a525ea779,2026-04-25T16:56:35.177987-04:00,node-01,checkout-api,200,True,normal,market_aware_v1,46.141,48.91,134.555,25.974,0.584,62.971,64.412,1.317
c8e64b45-29b5-4cea-905b-d3e7a3e8f89b,2026-04-25T16:56:35.178435-04:00,node-01,payments-api,200,True,normal,market_aware_v1,48.179,47.955,145.27,24.574,0.637,70.439,55.184,1.48
c29a02f4-e523-4c7e-9bce-855689251786,2026-04-25T16:56:35.178883-04:00,node-01,orders-api,200,True,anomalous,market_aware_v1,53.407,48.63,119.469,29.923,0.718,60.206,81.412,1.303
1bfd30ee-9915-4a26-8f2a-f85328bda043,2026-04-25T16:56:35.179370-04:00,node-01,checkout-api,200,True,normal,market_aware_v1,47.47,46.644,133.571,27.136,0.706,67.514,57.593,1.584
3ee81623-1df6-435a-b22c-45c8743ace6f,2026-04-25T16:56:35.179845-04:00,node-01,payments-api,200,True,normal,market_aware_v1,44.644,52.433,130.944,25.166,0.501,66.341,45.713,1.352
231852a7-851b-41ff-9cdb-8ca811d78e6e,2026-04-25T16:56:35.180307-04:00,node-01,orders-api,200,True,normal,market_aware_v1,51.987,45.104,111.658,30.241,0.282,55.154,88.3,0.846
1a49ea66-d93b-4ed0-9bab-b89d8ff1f96e,2026-04-25T16:56:35.180769-04:00,node-01,checkout-api,200,True,normal,market_aware_v1,44.686,45.609,129.808,26.996,0.54,57.691,57.997,1.143
0f0afebf-c3b1-45ca-9ebd-d78e6a07f363,2026-04-25T16:56:35.181164-04:00,node-01,payments-api,200,True,normal,market_aware_v1,50.42,50.176,155.269,22.64,0.653,73.108,44.034,1.658
c103e9e1-f4fd-46ee-8a05-fab4cb5c5a9e,2026-04-25T16:56:35.181600-04:00,node-01,orders-api,429,True,normal,market_aware_v1,49.996,39.304,120.997,31.203,0.4,62.554,87.379,1.061
398a6b5c-fc0f-4656-b841-9149189bad2f,2026-04-25T16:56:35.182050-04:00,node-01,checkout-api,429,True,normal,market_aware_v1,47.502,47.923,130.24,28.513,0.667,63.154,61.534,1.663
bdb2d858-2b04-476e-b14f-9a776f2115b3,2026-04-25T16:56:35.182488-04:00,node-01,payments-api,200,True,normal,market_aware_v1,44.956,47.409,135.107,24.048,0.516,59.515,51.098,1.168
1f75ebdc-783b-4ed7-bff1-8c8986457510,2026-04-25T16:56:35.182926-04:00,node-01,orders-api,200,True,normal,market_aware_v1,48.864,45.395,121.609,29.734,0.395,63.226,84.439,1.002
d0b4259c-7b6f-45c9-9743-191d34b9b96c,2026-04-25T16:56:35.183377-04:00,node-01,checkout-api,429,True,normal,market_aware_v1,47.363,48.16,124.006,28.778,0.606,61.712,67.742,1.394
8a166932-3615-4e0a-b670-43cfaf3b2928,2026-04-25T16:56:35.183815-04:00,node-01,payments-api,200,True,normal,market_aware_v1,44.463,50.714,139.382,24.954,0.507,62.249,52.81,1.335
86eb181d-43cc-49ca-a0f5-33dab2f728bc,2026-04-25T16:56:35.184285-04:00,node-01,orders-api,429,True,normal,market_aware_v1,52.016,43.81,113.66,31.065,0.479,59.158,91.76,1.039
d04110e7-ad1f-4e3e-984e-6e05c9eb8833,2026-04-25T16:56:35.184758-04:00,node-01,checkout-api,429,True,normal,market_aware_v1,50.673,48.235,137.497,27.723,0.659,63.443,77.492,1.491
b18c8004-5c26-4e46-ade1-5fa6c64876b4,2026-04-25T16:56:35.185246-04:00,node-01,payments-api,429,True,normal,market_aware_v1,44.446,51.51,164.682,24.54,0.696,70.074,48.165,1.453
3da44d18-850b-4268-a4e0-66ebe0bba297,2026-04-25T16:56:35.185705-04:00,node-01,orders-api,200,True,normal,market_aware_v1,54.488,44.26,124.367,29.528,0.429,57.532,85.258,1.037
4acb1e6c-43ec-4d48-8bb2-83eca9d192ae,2026-04-25T16:56:35.186190-04:00,node-01,checkout-api,200,True,normal,market_aware_v1,48.704,47.526,134.932,30.134,0.65,64.912,67.496,1.439
cd3da199-4a57-42a2-9440-473211450e39,2026-04-25T16:56:35.186650-04:00,node-01,payments-api,429,True,normal,market_aware_v1,45.524,49.671,148.435,26.715,0.641,69.801,58.386,1.638
1ea6aeba-737e-42e0-903f-480078f95511,2026-04-25T16:56:35.187109-04:00,node-01,orders-api,200,True,normal,market_aware_v1,54.263,50.36,123.297,29.899,0.485,60.875,96.409,1.152
29924184-7cc3-41dc-bf20-a91cb8382021,2026-04-25T16:56:35.187591-04:00,node-01,checkout-api,200,True,normal,market_aware_v1,50.381,52.118,139.974,29.506,0.555,65.074,69.059,1.319
52c1136e-e802-4407-9c34-a129d8c66f14,2026-04-25T16:56:35.188052-04:00,node-01,payments-api,200,True,normal,market_aware_v1,51.709,53.707,136.966,26.743,0.552,64.504,62.907,1.272
58580547-f89a-4a4d-af6d-acddc1104afd,2026-04-25T16:56:35.188697-04:00,node-01,orders-api,200,True,normal,market_aware_v1,57.113,50.555,137.316,30.276,0.525,62.155,95.161,1.123
09e02b30-9bfc-4293-845d-35cf3049bfb1,2026-04-25T16:56:35.190079-04:00,node-01,checkout-api,200,True,normal,market_aware_v1,50.411,53.185,150.426,27.852,0.659,63.775,76.336,1.51
11ee78fc-4ab8-41cd-95f6-e1ff89cb3a6e,2026-04-25T16:56:35.190554-04:00,node-01,payments-api,200,True,normal,market_aware_v1,51.93,55.908,136.542,26.623,0.545,61.49,66.379,1.252
b20cc507-95cf-424a-a8b6-5325386c08c8,2026-04-25T16:56:35.191043-04:00,node-01,orders-api,429,True,normal,market_aware_v1,58.855,49.996,113.553,28.707,0.437,62.987,99.105,1.155
344c7abb-660e-455a-8e6f-31dc9aec5629,2026-04-25T16:56:35.191502-04:00,node-01,checkout-api,200,True,normal,market_aware_v1,53.243,51.451,141.265,29.208,0.598,59.953,75.156,1.155
6df4a350-5cc1-4d35-ac87-51af436eacfc,2026-04-25T16:56:35.191959-04:00,node-01,payments-api,429,True,normal,market_aware_v1,52.009,54.013,146.541,29.016,0.535,62.931,61.3,1.255
5cbf805c-c3d4-4ce1-bce9-e625e64b9202,2026-04-25T16:56:35.192400-04:00,node-01,orders-api,200,True,normal,market_aware_v1,55.887,46.71,126.716,32.639,0.489,62.923,94.967,1.258
c4c7ed3b-a4b9-453b-8b8d-1f28d0a32f8b,2026-04-25T16:56:35.192952-04:00,node-01,checkout-api,200,True,normal,market_aware_v1,55.039,51.404,123.375,29.315,0.588,56.532,71.469,1.194
655bc763-5bdc-4bcb-b25b-664a3d8c08e5,2026-04-25T16:56:35.193513-04:00,node-01,payments-api,200,True,normal,market_aware_v1,48.451,54.413,138.568,25.943,0.628,67.022,60.658,1.431
0803b0d2-cb35-43fe-8d11-d4356ecbec0e,2026-04-25T16:56:35.194016-04:00,node-01,orders-api,429,True,normal,market_aware_v1,58.999,46.501,132.45,32.477,0.501,61.691,93.058,1.18
bdb43142-e428-4ca9-a08f-990424e6d93a,2026-04-25T16:56:35.194901-04:00,node-01,checkout-api,200,True,normal,market_aware_v1,52.092,51.013,131.534,25.353,0.672,66.822,66.707,1.561
f932d495-0508-418f-9f8e-19605c9c8670,2026-04-25T16:56:35.197189-04:00,node-01,payments-api,200,True,normal,market_aware_v1,48.036,52.502,158.199,25.446,0.506,67.647,51.772,1.305
a88acbb2-f928-43d7-b904-9a46139e300b,2026-04-25T16:56:35.199000-04:00,node-01,orders-api,200,True,normal,market_aware_v1,50.251,46.411,141.908,28.381,0.51,69.135,86.49,1.378
3e3f4b3d-fc13-4f70-b8e9-025739760323,2026-04-25T16:56:35.199493-04:00,node-01,checkout-api,429,True,normal,market_aware_v1,54.072,51.187,133.814,27.513,0.636,63.402,72.33,1.468
310dfaa4-b89c-4275-bc47-5b391b02038f,2026-04-25T16:56:35.200088-04:00,node-01,payments-api,200,True,normal,market_aware_v1,46.366,51.094,130.092,22.015,0.506,57.883,55.672,1.208
7ede61d7-1748-44ea-ba85-9d7d8af36333,2026-04-25T16:56:35.200573-04:00,node-01,orders-api,200,True,normal,market_aware_v1,51.727,44.248,129.22,32.554,0.492,65.586,89.612,1.13
5d5fadf1-1e23-482f-adb0-6807c2660c8d,2026-04-25T16:56:35.201045-04:00,node-01,checkout-api,200,True,normal,market_aware_v1,49.365,49.473,135.102,29.468,0.608,61.156,67.073,1.246
3f42c3ef-c516-4433-901c-e5061dedb392,2026-04-25T16:56:35.201514-04:00,node-01,payments-api,429,True,normal,market_aware_v1,41.244,51.468,132.805,25.825,0.567,58.728,55.273,1.295
e8ecbd10-e2d8-4565-a51e-add33055720f,2026-04-25T16:56:35.201982-04:00,node-01,orders-api,200,True,normal,market_aware_v1,49.839,46.437,133.748,30.827,0.64,65.227,89.504,1.635
e09d94e2-db35-4d7f-bbc1-026eee4ea250,2026-04-25T16:56:35.202451-04:00,node-01,checkout-api,200,True,anomalous,market_aware_v1,54.497,51.223,159.336,29.878,1.024,68.717,62.652,1.94
262ae290-28e2-4975-9bb6-278c4c5fce03,2026-04-25T16:56:35.202936-04:00,node-01,payments-api,429,True,normal,market_aware_v1,42.03,50.944,141.783,24.946,0.654,66.322,55.733,1.471
cbf1521d-5de5-47d3-bad3-02df750792c7,2026-04-25T16:56:35.203603-04:00,node-01,orders-api,200,True,normal,market_aware_v1,48.745,43.674,115.413,28.06,0.478,59.319,91.894,1.085
e9351146-e993-44bf-9358-e34ef43b5f38,2026-04-25T16:56:35.204083-04:00,node-01,checkout-api,200,True,normal,market_aware_v1,51.719,45.601,164.221,29.864,0.763,73.843,64.303,1.949
5a78410b-7916-4c95-9d8d-0ab8ce91adab,2026-04-25T16:56:35.204550-04:00,node-01,payments-api,429,True,normal,market_aware_v1,45.231,50.378,150.728,23.954,0.624,70.29,48.585,1.491
eb821d01-f49c-4ca9-bfb8-bcb74547c0db,2026-04-25T16:56:35.205006-04:00,node-01,orders-api,200,True,normal,market_aware_v1,51.124,46.785,132.962,30.983,0.532,66.747,91.956,1.279
07904827-4458-47f0-93cf-dcea16987b3c,2026-04-25T16:56:35.205432-04:00,node-01,checkout-api,200,True,normal,market_aware_v1,47.832,47.302,122.308,28.62,0.454,56.326,62.619,1.095
5a15bb9e-e4a2-4c5a-bf18-4f9ad9a61c4b,2026-04-25T16:56:35.205942-04:00,node-01,payments-api,200,True,normal,market_aware_v1,49.484,51.163,142.868,27.247,0.743,74.403,51.272,1.896
80a0d9f2-0db2-4103-ac87-30c577ac84e0,2026-04-25T16:56:35.206423-04:00,node-01,orders-api,429,True,normal,market_aware_v1,53.266,47.19,126.101,30.23,0.52,65.91,88.549,1.182
ecdce1fd-0030-4547-89e1-62d0a9b0cfa1,2026-04-25T16:56:35.206908-04:00,node-01,checkout-api,429,True,normal,market_aware_v1,50.922,49.821,132.93,30.44,0.578,57.61,74.343,1.21
dba5b686-1f30-4266-bfec-a0bed510f0aa,2026-04-25T16:56:35.207509-04:00,node-01,payments-api,200,True,normal,market_aware_v1,47.737,51.208,150.004,27.109,0.596,66.843,58.242,1.264
a306d668-30f0-454b-aceb-d74a779bf22d,2026-04-25T16:56:35.208214-04:00,node-01,orders-api,200,True,normal,market_aware_v1,55.223,49.166,117.175,30.84,0.48,66.223,89.882,1.318
a1d762a4-e1b7-4268-8df9-8c72af827bfd,2026-04-25T16:56:35.209629-04:00,node-01,checkout-api,200,True,normal,market_aware_v1,49.782,53.562,133.761,27.865,0.548,61.598,71.465,1.346
b9aa5d39-988b-46bf-b09e-c12db7ce287b,2026-04-25T16:56:35.210090-04:00,node-01,payments-api,200,True,normal,market_aware_v1,52.584,51.628,144.196,27.555,0.525,65.348,60.723,1.27
179d8901-a7d1-4535-ac58-e49b2519a48a,2026-04-25T16:56:35.210559-04:00,node-01,orders-api,200,True,normal,market_aware_v1,57.891,49.173,124.064,32.222,0.4,61.246,99.869,1.092
da3eaa8d-c750-410f-8601-5e8074667d4e,2026-04-25T16:56:35.211770-04:00,node-01,checkout-api,429,True,normal,market_aware_v1,56.577,53.077,142.909,30.168,0.654,66.364,72.203,1.493
b6979333-4ddc-4b77-9edd-4465bc0c0e84,2026-04-25T16:56:35.212206-04:00,node-01,payments-api,429,True,normal,market_aware_v1,50.149,55.218,145.322,27.807,0.46,60.531,61.68,1.223
7a573bae-e0b7-497e-b1f5-538d9ab7b8e1,2026-04-25T16:56:35.212677-04:00,node-01,orders-api,200,True,normal,market_aware_v1,58.531,50.605,124.268,32.495,0.537,71.021,97.512,1.381
cb777e7c-b364-46ee-b953-1b9431e7e96d,2026-04-25T16:56:35.213121-04:00,node-01,checkout-api,200,True,normal,market_aware_v1,52.462,51.777,140.841,32.844,0.621,65.961,75.149,1.408
bd17de02-e5ed-4fee-a33e-d2ad97e28646,2026-04-25T16:56:35.213599-04:00,node-01,payments-api,200,True,normal,market_aware_v1,52.383,57.249,145.83,29.428,0.559,63.791,66.444,1.215
b71ac4c1-5dd1-4bdb-aacb-14eafa4fde46,2026-04-25T16:56:35.217499-04:00,node-01,orders-api,200,True,normal,market_aware_v1,60.506,48.926,122.904,32.348,0.529,65.63,95.459,1.196
f28122f1-e074-42cd-9a7e-31811e616d6c,2026-04-25T16:56:35.218855-04:00,node-01,checkout-api,200,True,normal,market_aware_v1,57.565,52.02,133.482,32.155,0.634,63.729,82.559,1.416
94689e9d-9042-4178-b6ed-8224e1cad6db,2026-04-25T16:56:35.220086-04:00,node-01,payments-api,200,True,normal,market_aware_v1,55.953,57.055,163.7,25.456,0.65,77.938,58.771,1.634
ef9abf73-ee0d-4f13-a16c-d643b16b0a0c,2026-04-25T16:56:35.221196-04:00,node-01,orders-api,200,True,normal,market_aware_v1,56.523,52.005,137.292,31.848,0.487,69.274,95.113,1.292
42d1dce3-97d6-4ebe-b464-f98adc081f91,2026-04-25T16:56:35.222203-04:00,node-01,checkout-api,429,True,normal,market_aware_v1,57.47,50.704,144.38,30.239,0.639,70.287,64.91,1.582
8c4600e1-ece2-4f58-9638-7ef5039d5fc8,2026-04-25T16:56:35.222786-04:00,node-01,payments-api,200,True,anomalous,market_aware_v1,59.731,53.405,165.363,27.791,0.868,71.485,58.995,1.845
c8576586-af0a-47dc-a30f-eb7056ccc7dc,2026-04-25T16:56:35.223389-04:00,node-01,orders-api,429,True,normal,market_aware_v1,53.828,47.309,127.256,32.404,0.44,64.306,91.073,1.113
b7ecd67b-5e8f-4bc0-b61f-615f4c8ab5e8,2026-04-25T16:56:35.224042-04:00,node-01,checkout-api,200,True,normal,market_aware_v1,51.479,52.752,134.099,27.134,0.563,55.159,79.826,1.155
957effe7-0e65-494f-9cb0-479134f4d413,2026-04-25T16:56:35.224558-04:00,node-01,payments-api,200,True,normal,market_aware_v1,53.388,53.256,164.29,28.881,0.748,74.972,52.896,1.952
808e615c-ce0f-4a62-9efd-4b65afff4638,2026-04-25T16:56:35.225196-04:00,node-01,orders-api,200,True,normal,market_aware_v1,57.573,45.225,113.765,31.196,0.44,57.6,93.158,1.072
0f28ff98-4f6e-4c75-9832-e4c50e80b764,2026-04-25T16:56:35.225712-04:00,node-01,checkout-api,429,True,normal,market_aware_v1,53.189,50.094,148.392,28.582,0.716,69.863,68.849,1.56
b3630832-1159-4f36-a250-4b1e083e573f,2026-04-25T16:56:35.227712-04:00,node-01,payments-api,200,True,normal,market_aware_v1,46.361,53.135,143.668,24.749,0.61,64.402,55.24,1.37
2617b376-5a9d-4735-a0d3-646c63308270,2026-04-25T16:56:35.228378-04:00,node-01,orders-api,200,True,normal,market_aware_v1,55.657,47.312,128.795,30.348,0.558,67.694,92.502,1.211
8fca7a85-e79c-4e5c-91a7-aa01787864d7,2026-04-25T16:56:35.228966-04:00,node-01,checkout-api,429,True,normal,market_aware_v1,47.151,48.252,139.521,27.14,0.582,58.59,65.324,1.325
92ab2f6a-52ee-410d-9549-c80e5b499929,2026-04-25T16:56:35.229598-04:00,node-01,payments-api,200,True,normal,market_aware_v1,45.548,51.012,135.498,25.507,0.558,67.502,56.26,1.387
3985e96f-aa9a-4b34-be53-7c24fad33616,2026-04-25T16:56:35.230235-04:00,node-01,orders-api,200,True,normal,market_aware_v1,50.801,45.41,116.788,32.693,0.433,61.718,92.428,1.068
34b43b96-6338-4238-b6fe-7ec3c2aaec55,2026-04-25T16:56:35.230773-04:00,node-01,checkout-api,429,True,normal,market_aware_v1,49.329,45.727,151.34,28.35,0.646,65.617,65.826,1.423
fcde5674-63ea-45e1-b630-3980e35f721e,2026-04-25T16:56:35.231386-04:00,node-01,payments-api,200,True,normal,market_aware_v1,40.895,51.105,141.138,25.629,0.525,64.42,45.119,1.371
d36bfad5-8ea4-425b-ae27-1ccd677f9c84,2026-04-25T16:56:35.231995-04:00,node-01,orders-api,200,True,anomalous,market_aware_v1,50.599,44.178,129.019,29.014,0.729,65.346,82.673,1.532
e045070b-040a-4b94-9fea-ff72f741d7e3,2026-04-25T16:56:35.232593-04:00,node-01,checkout-api,200,True,normal,market_aware_v1,45.489,46.918,148.289,26.869,0.728,70.524,59.498,1.566
04562638-79cf-409e-86a5-41a1b9f181be,2026-04-25T16:56:35.233189-04:00,node-01,payments-api,200,True,anomalous,market_aware_v1,42.593,50.926,149.473,22.962,0.984,65.702,42.09,1.959
042c081e-2391-4f71-8e40-b6cbd409027c,2026-04-25T16:56:35.233819-04:00,node-01,orders-api,200,True,normal,market_aware_v1,47.77,44.268,106.403,27.684,0.255,48.025,84.34,0.629
7a626730-ab50-49ff-949a-23ce5a9418f3,2026-04-25T16:56:35.234407-04:00,node-01,checkout-api,429,True,normal,market_aware_v1,45.599,48.614,141.901,29.438,0.681,68.105,57.93,1.593
7e7d5512-fced-4b5a-9be5-7273b4d9ce0d,2026-04-25T16:56:35.235033-04:00,node-01,payments-api,200,True,normal,market_aware_v1,42.741,45.377,121.576,24.694,0.432,53.902,53.779,1.003
92909ffd-e413-4b4f-866a-0b8b7798dc67,2026-04-25T16:56:35.235622-04:00,node-01,orders-api,200,True,normal,market_aware_v1,45.077,44.235,111.055,29.252,0.358,52.494,87.746,0.806
612cbe32-764d-4eda-9059-0a97810380fe,2026-04-25T16:56:35.236782-04:00,node-01,checkout-api,200,True,normal,market_aware_v1,46.83,43.026,140.794,24.85,0.709,64.965,62.485,1.554
145d63af-9638-4ccf-bbe6-cc4b60c4de28,2026-04-25T16:56:35.237238-04:00,node-01,payments-api,200,True,normal,market_aware_v1,45.416,48.749,139.619,25.352,0.492,61.879,51.481,1.172
6a13c379-87d3-4bb4-8e16-a3de16e43129,2026-04-25T16:56:35.238562-04:00,node-01,orders-api,200,True,normal,market_aware_v1,52.89,45.769,134.764,27.958,0.394,65.558,86.58,1.169
228113dc-9c18-4eff-b454-e7972f0f6d48,2026-04-25T16:56:35.238996-04:00,node-01,checkout-api,200,True,normal,market_aware_v1,49.123,49.304,140.256,26.533,0.58,64.397,62.735,1.336
013923c7-c4fe-4996-b061-fda90a38475b,2026-04-25T16:56:35.239497-04:00,node-01,payments-api,200,True,normal,market_aware_v1,45.954,52.776,138.421,24.983,0.514,62.434,57.55,1.293
b6ef7f12-a88e-4dea-afb4-072009f98959,2026-04-25T16:56:35.239961-04:00,node-01,orders-api,429,True,normal,market_aware_v1,49.664,48.487,108.165,29.17,0.356,58.603,96.76,0.979
54471ce5-d3a2-420e-a2c3-767887ddb82b,2026-04-25T16:56:35.240416-04:00,node-01,checkout-api,429,True,normal,market_aware_v1,51.886,51.223,136.513,29.907,0.553,64.487,66.43,1.331
f6a7fc1b-156e-47d7-8927-2c05c7643d07,2026-04-25T16:56:35.240895-04:00,node-01,payments-api,429,True,anomalous,market_aware_v1,47.631,54.409,164.151,26.745,0.943,73.16,49.914,2.062
068f234e-8fce-4042-8331-b93408dd53aa,2026-04-25T16:56:35.241329-04:00,node-01,orders-api,200,True,normal,market_aware_v1,52.23,45.82,119.101,31.007,0.435,61.679,92.814,1.126
fa1c2f7d-57d9-42ba-bafa-0baf783444a2,2026-04-25T16:56:35.241788-04:00,node-01,checkout-api,200,True,normal,market_aware_v1,50.741,48.393,125.171,29.414,0.489,61.101,77.325,1.252
ab59bacc-e364-4c51-9f00-e76fe10132b0,2026-04-25T16:56:35.242278-04:00,node-01,payments-api,200,True,normal,market_aware_v1,48.767,52.778,151.975,26.077,0.542,71.324,56.401,1.458
7f559510-3cc0-4d7b-bd4c-8a0beeee20b4,2026-04-25T16:56:35.242775-04:00,node-01,orders-api,200,True,normal,market_aware_v1,54.695,48.475,125.208,30.555,0.529,60.475,96.552,1.166
22a2818f-dcd3-40f1-b283-e99f37938122,2026-04-25T16:56:35.243213-04:00,node-01,checkout-api,429,True,normal,market_aware_v1,53.081,54.524,146.349,29.677,0.605,64.034,73.03,1.273
a45d4931-8a22-4ed9-a0b2-520fa940b73f,2026-04-25T16:56:35.243646-04:00,node-01,payments-api,200,True,normal,market_aware_v1,50.913,52.005,144.326,25.426,0.544,67.369,57.618,1.429
51f8a38e-2fc9-4f93-b899-427b76f2ecb1,2026-04-25T16:56:35.246716-04:00,node-01,orders-api,429,True,normal,market_aware_v1,58.041,47.096,131.474,34.337,0.567,70.802,99.22,1.314
b8a9eb36-6973-46e3-a6b0-f1a928e0421f,2026-04-25T16:56:35.247318-04:00,node-01,checkout-api,429,True,normal,market_aware_v1,52.593,51.341,133.251,32.725,0.572,62.889,73.919,1.327
2f9d902d-0ba3-47ef-82e1-c70c2e333702,2026-04-25T16:56:35.247795-04:00,node-01,payments-api,502,True,normal,market_aware_v1,51.719,57.588,179.518,27.732,0.77,79.166,54.095,2.152
30db02fb-b183-4be4-9267-203e037f1fc0,2026-04-25T16:56:35.248220-04:00,node-01,orders-api,200,True,normal,market_aware_v1,50.227,45.922,116.526,31.793,0.378,55.918,102.461,0.878
752d4764-53b3-44ab-ae56-071ec8881b52,2026-04-25T16:56:35.249996-04:00,node-01,checkout-api,200,True,normal,market_aware_v1,54.798,46.903,148.021,31.416,0.651,69.145,65.913,1.553
9b9cc100-ea65-420d-8db2-0974fffccdcf,2026-04-25T16:56:35.250453-04:00,node-01,payments-api,200,True,normal,market_aware_v1,54.307,53.247,168.339,27.425,0.732,74.427,55.299,1.758
529059eb-6cca-4471-b613-4ec558ecde34,2026-04-25T16:56:35.250851-04:00,node-01,orders-api,429,True,normal,market_aware_v1,56.932,47.524,127.925,31.213,0.46,66.278,89.984,1.236
4ed33b33-ec96-4ca5-981f-a2d20de686eb,2026-04-25T16:56:35.251308-04:00,node-01,checkout-api,200,True,normal,market_aware_v1,54.241,50.546,140.158,28.551,0.679,65.232,70.36,1.434
5010639e-08bc-4b4d-a8df-12681b1d244d,2026-04-25T16:56:35.251744-04:00,node-01,payments-api,429,True,normal,market_aware_v1,48.363,54.46,152.609,27.31,0.696,70.173,51.648,1.65
09012b33-0750-4033-857a-69e3d64ba263,2026-04-25T16:56:35.252196-04:00,node-01,orders-api,429,True,normal,market_aware_v1,53.019,43.971,128.137,31.738,0.411,57.427,97.81,0.993
9abf200f-23ba-46b5-988a-dcf3a62d6c3c,2026-04-25T16:56:35.252627-04:00,node-01,checkout-api,200,True,normal,market_aware_v1,53.164,49.705,135.191,28.469,0.625,66.133,63.891,1.468
f8a45533-3c3f-4349-a4d8-fb4f2fc06c06,2026-04-25T16:56:35.253079-04:00,node-01,payments-api,429,True,normal,market_aware_v1,48.988,51.702,143.43,27.866,0.529,66.9,54.085,1.425
1177b066-3ea5-45d8-b03b-5d7f1ff7c9fa,2026-04-25T16:56:35.253500-04:00,node-01,orders-api,200,True,normal,market_aware_v1,52.175,45.524,144.79,30.533,0.513,68.824,85.662,1.395
6533a246-7c32-4077-8dbc-fb5792bb1d7f,2026-04-25T16:56:35.253957-04:00,node-01,checkout-api,200,True,normal,market_aware_v1,52.822,46.542,142.688,26.82,0.744,67.976,67.635,1.605
0d2846a4-e176-4467-b6a3-d2ba1ab5b7ec,2026-04-25T16:56:35.254381-04:00,node-01,payments-api,200,True,normal,market_aware_v1,46.653,53.163,151.269,26.907,0.548,66.225,49.256,1.343
6307aa64-284c-4323-9cd4-aae9cf169c11,2026-04-25T16:56:35.254831-04:00,node-01,orders-api,200,True,normal,market_aware_v1,53.967,46.658,131.868,29.047,0.536,64.092,87.522,1.35
841d7fe8-4a53-4a67-8915-251d55e608a8,2026-04-25T16:56:35.255311-04:00,node-01,checkout-api,200,True,anomalous,market_aware_v1,51.557,52.058,140.66,30.7,0.898,59.285,62.611,1.536
c4e1c8e4-c1c5-407a-8340-b43187936bd7,2026-04-25T16:56:35.255821-04:00,node-01,payments-api,200,True,normal,market_aware_v1,40.784,47.643,131.671,25.294,0.489,58.429,54.214,1.167
3c14deda-6936-4a8a-bedd-6f683ba67de9,2026-04-25T16:56:35.256296-04:00,node-01,orders-api,200,True,normal,market_aware_v1,48.43,46.719,123.303,30.205,0.359,57.239,92.638,0.942
80d51111-7cbf-4fa1-a914-44ff70f764a7,2026-04-25T16:56:35.256805-04:00,node-01,checkout-api,200,True,normal,market_aware_v1,48.557,44.372,118.553,29.095,0.517,57.487,68.896,1.162
d3aeb388-b793-4c1d-94e4-132ee2a344d9,2026-04-25T16:56:35.257314-04:00,node-01,payments-api,429,True,normal,market_aware_v1,48.849,50.564,156.232,26.504,0.541,70.715,47.92,1.376
09f6cf1b-56f3-4a8a-bc91-b46305a39593,2026-04-25T16:56:35.257857-04:00,node-01,orders-api,200,True,normal,market_aware_v1,50.874,47.221,124.214,28.767,0.453,62.82,83.712,1.026
5ffd14d6-264a-43ae-bd61-c42ef178b36d,2026-04-25T16:56:35.258388-04:00,node-01,checkout-api,200,True,normal,market_aware_v1,50.376,52.143,119.804,28.178,0.685,65.957,65.399,1.403
de66649c-4626-4d47-9885-57e34fa1e52f,2026-04-25T16:56:35.258928-04:00,node-01,payments-api,200,True,normal,market_aware_v1,46.11,53.891,138.959,26.562,0.687,66.065,53.5,1.417
cb4c48b7-145f-40e1-9941-23272f26ff71,2026-04-25T16:56:35.259409-04:00,node-01,orders-api,200,True,normal,market_aware_v1,57.715,47.29,114.758,31.839,0.465,62.13,92.476,1.129
67932340-7cf8-4121-9701-1604e34c7e16,2026-04-25T16:56:35.262704-04:00,node-01,checkout-api,200,True,normal,market_aware_v1,53.761,51.719,140.799,29.641,0.536,60.661,74.678,1.167
4c2eb479-0ef2-4ad3-a80f-ac7248087ac4,2026-04-25T16:56:35.263134-04:00,node-01,payments-api,200,True,normal,market_aware_v1,51.346,52.232,144.927,26.843,0.539,68.754,57.462,1.405
09fac5c7-6b2d-47e9-88a7-577f8e732c80,2026-04-25T16:56:35.266728-04:00,node-01,orders-api,200,True,normal,market_aware_v1,53.709,48.246,131.029,31.982,0.511,65.051,90.911,1.171
6295e1bd-e8d8-470c-83bb-27bc165df3ec,2026-04-25T16:56:35.268590-04:00,node-01,checkout-api,200,True,normal,market_aware_v1,54.818,48.724,142.487,29.992,0.669,67.948,71.822,1.452
d321e12e-adc8-48de-bc6f-2ed138328038,2026-04-25T16:56:35.272096-04:00,node-01,payments-api,200,True,normal,market_aware_v1,49.208,52.997,156.953,27.173,0.588,69.993,55.0,1.502
b88100cd-7182-45c7-ab2d-a819d7d56a03,2026-04-25T16:56:35.275339-04:00,node-01,orders-api,429,True,normal,market_aware_v1,61.082,50.51,142.308,31.655,0.504,72.808,90.725,1.479
2768c29d-b092-46ce-a938-7d5f2e58d92a,2026-04-25T16:56:35.278719-04:00,node-01,checkout-api,200,True,normal,market_aware_v1,57.747,51.196,134.354,30.473,0.655,65.903,75.607,1.515
8b2a9a25-5411-4d3d-aeed-691984cf5de7,2026-04-25T16:56:35.279293-04:00,node-01,payments-api,503,True,anomalous,market_aware_v1,54.041,57.551,169.349,30.028,0.961,79.028,57.824,2.137
ab46faa2-34b7-40d8-8722-b3c213b37302,2026-04-25T16:56:35.283559-04:00,node-01,orders-api,200,True,normal,market_aware_v1,58.112,51.052,120.303,32.834,0.475,63.149,101.674,1.081
44d475fe-1c7d-4266-98e8-f40aa7328519,2026-04-25T16:56:35.284156-04:00,node-01,checkout-api,200,True,normal,market_aware_v1,58.289,53.198,151.804,28.802,0.644,73.077,71.962,1.752
32eaf5f5-d148-4d8d-b060-0b33a5344f89,2026-04-25T16:56:35.285082-04:00,node-01,payments-api,200,True,normal,market_aware_v1,53.973,56.341,151.017,27.195,0.471,62.802,65.885,1.196
55706ba0-89cc-4dfb-b356-27a9945a0d37,2026-04-25T16:56:35.285642-04:00,node-01,orders-api,200,True,normal,market_aware_v1,58.672,49.923,121.256,32.311,0.465,58.8,97.567,1.006
70ae2725-5c54-49e9-80a6-16a25c4d2fc2,2026-04-25T16:56:35.287188-04:00,node-01,checkout-api,200,True,normal,market_aware_v1,59.411,54.05,139.475,30.803,0.714,69.15,76.401,1.549
39ee159c-89dc-444a-95c5-d573e712ae51,2026-04-25T16:56:35.290816-04:00,node-01,payments-api,200,True,normal,market_aware_v1,54.812,55.428,143.897,27.71,0.596,68.304,64.777,1.449
9455239a-6523-46db-9e89-befa44a47e74,2026-04-25T16:56:35.291249-04:00,node-01,orders-api,200,True,normal,market_aware_v1,59.47,46.783,125.883,31.449,0.544,70.448,94.062,1.316
ca35f309-691f-4c38-ba12-cea976ddeb93,2026-04-25T16:56:35.291782-04:00,node-01,checkout-api,200,True,normal,market_aware_v1,56.64,53.682,141.549,30.54,0.664,66.059,75.309,1.413
17560b03-192e-4839-9901-f02a23e2575b,2026-04-25T16:56:35.292304-04:00,node-01,payments-api,200,True,normal,market_aware_v1,54.961,54.478,153.435,28.082,0.571,70.074,57.155,1.556
3cffd0b9-2aaf-4064-853e-9d127f6fa9a7,2026-04-25T16:56:35.292750-04:00,node-01,orders-api,200,True,normal,market_aware_v1,62.071,48.907,142.99,32.535,0.525,68.837,90.991,1.317
ed6acf74-4a93-4f9c-b63f-81be302a03c2,2026-04-25T16:56:35.293354-04:00,node-01,checkout-api,200,True,anomalous,market_aware_v1,57.011,52.249,149.236,29.732,0.935,73.368,64.197,1.927
021f7c22-e9e0-4df5-bbe2-c723e446fa6a,2026-04-25T16:56:35.294449-04:00,node-01,payments-api,200,True,normal,market_aware_v1,56.946,55.683,166.101,26.808,0.648,76.244,59.636,1.793
6c09255e-7886-45e1-bec6-0b04f8554616,2026-04-25T16:56:35.295588-04:00,node-01,orders-api,429,True,normal,market_aware_v1,55.519,46.424,119.972,31.594,0.362,61.192,93.945,0.975
3e792dcb-d513-46c8-918f-9d920852713a,2026-04-25T16:56:35.296055-04:00,node-01,checkout-api,429,True,normal,market_aware_v1,49.898,51.935,145.666,31.112,0.744,76.474,63.891,1.717
9d4350d9-4b78-4678-900d-bb1cef127e49,2026-04-25T16:56:35.296536-04:00,node-01,payments-api,429,True,normal,market_aware_v1,45.843,49.557,139.735,22.72,0.486,67.001,59.537,1.373
92780684-4a42-4a3a-9dcf-119edf726889,2026-04-25T16:56:35.296986-04:00,node-01,orders-api,200,True,normal,market_aware_v1,57.45,43.955,126.126,30.952,0.438,61.02,90.18,1.056
d3928800-8316-40f7-b1e1-14f2a5822e7b,2026-04-25T16:56:35.297406-04:00,node-01,checkout-api,429,True,normal,market_aware_v1,52.232,50.393,146.238,26.98,0.731,68.336,64.421,1.567
9cbc85a6-4fc4-47a8-b0bb-9e3767d79e9a,2026-04-25T16:56:35.299459-04:00,node-01,payments-api,429,True,normal,market_aware_v1,46.855,50.944,159.804,24.943,0.681,71.543,50.05,1.811
2830d87b-70b1-45f5-b5f5-32e44b55d69b,2026-04-25T16:56:35.299949-04:00,node-01,orders-api,200,True,normal,market_aware_v1,52.354,44.034,121.365,29.798,0.466,61.105,95.191,1.164
6faf49c4-d5b9-4ca1-bd37-cd4def4c2c93,2026-04-25T16:56:35.300906-04:00,node-01,checkout-api,200,True,normal,market_aware_v1,53.489,46.871,134.831,26.512,0.705,63.295,69.944,1.511
4fcbadbc-f105-4cb1-81f8-fc10845c0b97,2026-04-25T16:56:35.302734-04:00,node-01,payments-api,200,True,normal,market_aware_v1,40.534,50.058,144.464,26.11,0.471,68.123,49.398,1.311
b669039e-ca2e-4b52-90a7-97450e6cb5cb,2026-04-25T16:56:35.303235-04:00,node-01,orders-api,200,True,normal,market_aware_v1,51.503,45.017,120.085,31.408,0.494,60.931,84.695,1.13
8a5a4012-1994-4221-a5a8-d9bb067493a3,2026-04-25T16:56:35.303984-04:00,node-01,checkout-api,200,True,normal,market_aware_v1,46.568,47.098,127.107,26.863,0.661,65.624,63.027,1.588
ac1e940e-b95d-4a3a-bfcd-2ecbe69aa9ec,2026-04-25T16:56:35.304768-04:00,node-01,payments-api,200,True,normal,market_aware_v1,47.02,47.727,145.322,24.275,0.529,59.867,51.923,1.115
8077574a-cf22-4613-ad0b-19999dd327ef,2026-04-25T16:56:35.305657-04:00,node-01,orders-api,200,True,normal,market_aware_v1,48.016,42.296,125.759,26.813,0.497,65.075,78.982,1.212
81223281-165c-42ba-9e50-089c090752b3,2026-04-25T16:56:35.306337-04:00,node-01,checkout-api,200,True,normal,market_aware_v1,50.183,45.993,135.516,27.638,0.578,65.136,62.727,1.388
04130c6a-565a-4a77-8b9f-54198142fe1b,2026-04-25T16:56:35.307291-04:00,node-01,payments-api,429,True,normal,market_aware_v1,41.463,50.311,133.076,22.376,0.499,58.041,55.471,1.108
0702a734-d2e2-4a50-b9b0-6505cb6ac631,2026-04-25T16:56:35.307916-04:00,node-01,orders-api,429,True,normal,market_aware_v1,51.694,44.294,132.631,28.038,0.469,64.29,82.798,1.17
ad67ed05-55cd-4479-ad76-44fd860dd81d,2026-04-25T16:56:35.308356-04:00,node-01,checkout-api,200,True,normal,market_aware_v1,45.809,45.141,132.046,27.566,0.547,64.764,63.41,1.403
7a6706f5-62b5-4838-89ad-a1cb8995c031,2026-04-25T16:56:35.310468-04:00,node-01,payments-api,429,True,anomalous,market_aware_v1,47.192,52.469,140.1,27.285,0.851,65.934,42.975,1.786
0e56e4b3-8772-4ad1-abfb-a425960ab23b,2026-04-25T16:56:35.311178-04:00,node-01,orders-api,200,True,normal,market_aware_v1,48.131,45.955,112.132,30.194,0.366,55.097,92.151,0.889
77731fd4-c89b-4d17-946a-803a1152d6cb,2026-04-25T16:56:35.312062-04:00,node-01,checkout-api,503,True,normal,market_aware_v1,50.428,51.749,157.115,31.069,0.804,73.453,59.255,2.124
97d3bb8e-c394-48b2-a1cf-9b7ec9a9260e,2026-04-25T16:56:35.313096-04:00,node-01,payments-api,200,True,normal,market_aware_v1,46.579,51.105,151.702,21.315,0.632,73.541,50.87,1.606
9a4f58e0-1cb1-475d-8c8e-8186093c28ab,2026-04-25T16:56:35.313793-04:00,node-01,orders-api,429,True,normal,market_aware_v1,56.15,47.001,124.37,32.417,0.4,57.674,92.64,0.89
8117d94d-56cb-4462-ab15-6652940d058f,2026-04-25T16:56:35.314437-04:00,node-01,checkout-api,200,True,normal,market_aware_v1,56.431,47.876,148.798,27.264,0.715,75.367,66.808,1.723
ac6e74c3-ed7b-48ea-aa8e-8f98e7b16ed1,2026-04-25T16:56:35.315153-04:00,node-01,payments-api,200,True,normal,market_aware_v1,47.771,55.189,143.077,24.402,0.606,69.315,54.822,1.445
1b71a5b9-cc91-4fa3-9887-23cccfcf90cf,2026-04-25T16:56:35.315925-04:00,node-01,orders-api,200,True,normal,market_aware_v1,56.067,47.256,116.124,30.766,0.385,59.14,88.264,1.051
3c0bfef3-df0d-4e24-a874-10893ef0bbd3,2026-04-25T16:56:35.316660-04:00,node-01,checkout-api,200,True,normal,market_aware_v1,53.434,50.484,151.755,29.749,0.635,67.11,69.341,1.573
ee926de2-854d-4c92-8b00-53e7fd1bc1f9,2026-04-25T16:56:35.317383-04:00,node-01,payments-api,200,True,normal,market_aware_v1,43.612,50.567,142.945,25.882,0.571,65.75,54.141,1.538
696c30f7-b8c6-44c0-8c6f-d7dd26053728,2026-04-25T16:56:35.317968-04:00,node-01,orders-api,200,True,normal,market_aware_v1,56.155,47.808,133.352,30.175,0.451,69.11,91.857,1.179
d22992b0-e527-444c-b8bd-7e1f5eba3c0e,2026-04-25T16:56:35.318662-04:00,node-01,checkout-api,200,True,normal,market_aware_v1,52.586,50.491,149.657,29.207,0.637,66.999,70.771,1.439
47509d8c-e351-4ad4-bda1-4116bcd1929c,2026-04-25T16:56:35.319889-04:00,node-01,payments-api,200,True,normal,market_aware_v1,52.752,51.932,156.791,28.426,0.561,66.356,58.345,1.373
38fa92e3-fd1e-4a36-ac20-6f81fd39c121,2026-04-25T16:56:35.321149-04:00,node-01,orders-api,200,True,normal,market_aware_v1,61.314,47.646,133.58,32.665,0.474,69.535,97.528,1.383
0943e89c-c80d-459b-86c3-6e84bfcb7b3e,2026-04-25T16:56:35.321824-04:00,node-01,checkout-api,200,True,normal,market_aware_v1,55.769,51.705,150.128,29.832,0.802,74.209,69.902,1.68
fb8a9950-6512-4eec-953a-3329242c33d9,2026-04-25T16:56:35.322351-04:00,node-01,payments-api,200,True,normal,market_aware_v1,46.642,52.581,144.679,25.837,0.588,68.755,60.856,1.452
71fc58ba-9acc-46e1-af62-f9f279aa064a,2026-04-25T16:56:35.322958-04:00,node-01,orders-api,200,True,anomalous,market_aware_v1,63.615,51.062,150.309,31.839,0.903,75.114,90.431,1.824
81c30c4a-6fdf-4574-9ffc-5802081c7783,2026-04-25T16:56:35.323366-04:00,node-01,checkout-api,200,True,normal,market_aware_v1,57.703,51.485,149.66,28.787,0.66,70.03,70.34,1.485
57729db5-4ddc-48e7-823e-657587179196,2026-04-25T16:56:35.324160-04:00,node-01,payments-api,200,True,normal,market_aware_v1,48.193,56.166,157.026,25.75,0.613,68.359,57.898,1.483
ac214ba5-e32b-45c1-b613-42b2d1460ae1,2026-04-25T16:56:35.324769-04:00,node-01,orders-api,500,True,anomalous,market_aware_v1,61.774,48.33,164.141,32.772,1.1,85.221,81.522,2.528
0dd89de1-6bd6-476e-811b-50a45b0b9130,2026-04-25T16:56:35.325174-04:00,node-01,checkout-api,500,True,normal,market_aware_v1,56.881,53.152,156.098,31.587,0.858,73.523,71.285,2.063
1499786e-7c62-4dce-968e-f0bf2a293c0f,2026-04-25T16:56:35.326067-04:00,node-01,payments-api,200,True,normal,market_aware_v1,47.944,48.91,158.534,27.93,0.705,72.88,54.514,1.787
905d73fb-e26c-4c4a-b636-9affe3194041,2026-04-25T16:56:35.326631-04:00,node-01,orders-api,200,True,normal,market_aware_v1,55.5,46.913,141.206,30.753,0.411,70.016,90.739,1.356
14f6fb0c-f24a-4ab5-9084-a2e18e007283,2026-04-25T16:56:35.327225-04:00,node-01,checkout-api,200,True,normal,market_aware_v1,50.974,49.494,148.284,31.899,0.672,65.627,67.966,1.578
7e44452a-4519-472a-930a-8ea94cd3fb23,2026-04-25T16:56:35.327903-04:00,node-01,payments-api,200,True,normal,market_aware_v1,46.602,53.467,149.85,25.563,0.579,71.653,50.998,1.531
52244207-34ce-4559-8678-a52086aa235b,2026-04-25T16:56:35.328846-04:00,node-01,orders-api,200,True,normal,market_aware_v1,54.559,45.521,138.813,30.817,0.583,72.9,85.835,1.42
14a0c552-1467-493b-bb35-6920f0fe3239,2026-04-25T16:56:35.329372-04:00,node-01,checkout-api,200,True,normal,market_aware_v1,48.724,49.124,139.834,27.207,0.641,65.84,65.377,1.611
1c5a8bc1-48da-4a48-8e48-3c44c6e9179c,2026-04-25T16:56:35.329827-04:00,node-01,payments-api,200,True,normal,market_aware_v1,49.491,51.187,148.75,25.551,0.676,75.807,48.98,1.667
4105aa86-6e50-465b-8d2e-7fa3e27c7bfd,2026-04-25T16:56:35.330397-04:00,node-01,orders-api,200,True,normal,market_aware_v1,50.785,46.935,123.244,28.567,0.438,62.343,84.885,1.036
6a3cb92a-9b1f-4b78-be09-f4ff1e77f96c,2026-04-25T16:56:35.331569-04:00,node-01,checkout-api,200,True,normal,market_aware_v1,51.22,49.15,136.337,27.603,0.631,57.817,67.343,1.186
b1558983-99a9-4b84-8ad0-165ba922eccc,2026-04-25T16:56:35.333571-04:00,node-01,payments-api,429,True,normal,market_aware_v1,46.568,49.9,149.127,24.275,0.56,67.624,49.978,1.469
76694266-aefe-4c83-84ee-5ad67c347974,2026-04-25T16:56:35.335101-04:00,node-01,orders-api,200,True,anomalous,market_aware_v1,56.358,48.176,152.732,29.276,0.891,77.385,78.307,1.893
b94a4c55-b8aa-4ffb-8524-5ee046aa7c14,2026-04-25T16:56:35.335544-04:00,node-01,checkout-api,200,True,normal,market_aware_v1,49.471,48.687,136.582,25.414,0.604,65.292,68.973,1.488
4f543e7b-8a3a-486f-9d1a-d6b0f21501a3,2026-04-25T16:56:35.335960-04:00,node-01,payments-api,200,True,normal,market_aware_v1,46.593,47.901,148.547,24.814,0.654,69.878,50.489,1.508
bd0af49c-520d-4eaf-91be-6c61d5879bc5,2026-04-25T16:56:35.336362-04:00,node-01,orders-api,200,True,normal,market_aware_v1,55.675,46.478,124.87,30.955,0.607,68.294,90.402,1.749
74c0eb48-a4e7-4134-b1a7-82f5e2828717,2026-04-25T16:56:35.336820-04:00,node-01,checkout-api,429,True,anomalous,market_aware_v1,56.368,52.481,161.987,31.056,1.011,74.08,60.483,2.139
ddb809ba-9dc7-422b-952c-e7520e028439,2026-04-25T16:56:35.337276-04:00,node-01,payments-api,200,True,normal,market_aware_v1,49.132,51.548,155.715,25.041,0.602,67.88,48.937,1.466
9d0d5194-22f6-461f-a710-1a053fe95fc2,2026-04-25T16:56:35.337742-04:00,node-01,orders-api,200,True,normal,market_aware_v1,55.075,51.013,121.242,29.445,0.371,62.094,91.659,1.046
30020e9c-0e0e-4a12-8f4f-29142bf61069,2026-04-25T16:56:35.338201-04:00,node-01,checkout-api,429,True,normal,market_aware_v1,56.77,47.881,142.697,25.72,0.616,67.326,68.468,1.342
9d183335-956d-481f-b652-3871ecc2c416,2026-04-25T16:56:35.338638-04:00,node-01,payments-api,429,True,normal,market_aware_v1,46.779,51.849,166.658,26.285,0.836,80.888,51.864,2.211
06d311e3-eda3-459c-9dbe-40facc703a81,2026-04-25T16:56:35.339070-04:00,node-01,orders-api,429,True,normal,market_aware_v1,54.047,48.598,126.557,28.88,0.479,68.883,92.59,1.342
2291159f-403e-4254-b1d1-f18246e94eb0,2026-04-25T16:56:35.339494-04:00,node-01,checkout-api,200,True,normal,market_aware_v1,53.241,51.762,149.751,28.901,0.691,71.416,63.729,1.453
7dd45d8c-6652-4e9e-9135-578d9c1896f6,2026-04-25T16:56:35.339912-04:00,node-01,payments-api,200,True,normal,market_aware_v1,53.041,57.562,161.246,28.331,0.582,67.194,61.601,1.432
0773a834-04e5-4593-a826-d9b0ce176cd0,2026-04-25T16:56:35.340337-04:00,node-01,orders-api,429,True,normal,market_aware_v1,60.482,48.543,135.507,32.861,0.499,67.012,90.755,1.238
23918496-75c9-4abe-939d-2649858b583b,2026-04-25T16:56:35.340871-04:00,node-01,checkout-api,429,True,normal,market_aware_v1,56.693,51.961,151.776,30.788,0.591,64.925,75.703,1.439
382908de-6670-4479-96ad-43c17a7eb287,2026-04-25T16:56:35.341290-04:00,node-01,payments-api,200,True,normal,market_aware_v1,53.434,54.305,147.235,27.093,0.668,67.004,65.179,1.517
3fc228a3-86c4-42f3-a29d-eb072c85d775,2026-04-25T16:56:35.341757-04:00,node-01,orders-api,200,True,normal,market_aware_v1,59.789,50.125,127.382,33.309,0.497,68.563,93.572,1.12
16ea630f-5b90-4ca1-b193-6c8dd7a54fe2,2026-04-25T16:56:35.342185-04:00,node-01,checkout-api,429,True,normal,market_aware_v1,63.734,54.677,136.369,30.892,0.643,64.702,74.245,1.33
2d97e040-b526-4864-af07-5a7af846e404,2026-04-25T16:56:35.342615-04:00,node-01,payments-api,200,True,normal,market_aware_v1,55.431,54.572,161.173,25.713,0.721,70.554,61.252,1.48
7b2229a9-b3c1-439f-be3f-435227d01036,2026-04-25T16:56:35.343042-04:00,node-01,orders-api,200,True,normal,market_aware_v1,61.782,52.084,156.709,33.441,0.613,74.094,94.214,1.47
708d37cc-2662-4611-8ec8-b727e000d933,2026-04-25T16:56:35.343396-04:00,node-01,checkout-api,200,True,normal,market_aware_v1,56.646,53.119,142.173,30.072,0.647,70.266,74.41,1.526
87e18de3-2dd0-49d9-8e71-07f241eb7376,2026-04-25T16:56:35.343790-04:00,node-01,payments-api,200,True,normal,market_aware_v1,55.575,55.867,161.483,27.872,0.669,76.378,59.125,1.698
b55f6179-5863-4c09-9667-24b19531f94a,2026-04-25T16:56:35.344177-04:00,node-01,orders-api,200,True,anomalous,market_aware_v1,62.82,51.861,138.453,34.729,0.685,73.079,87.131,1.696
055cf81a-c742-4101-8bad-5033da123d64,2026-04-25T16:56:35.344583-04:00,node-01,checkout-api,200,True,normal,market_aware_v1,58.874,51.538,139.968,30.975,0.574,62.563,76.097,1.251
82cae523-84b8-421e-b97e-1460ca3ad10d,2026-04-25T16:56:35.344987-04:00,node-01,payments-api,200,True,normal,market_aware_v1,54.536,56.911,167.888,26.746,0.659,78.417,57.082,1.808
e982b65b-2afc-4930-8658-c651b906bec6,2026-04-25T16:56:35.345344-04:00,node-01,orders-api,200,True,normal,market_aware_v1,56.152,46.729,138.84,31.826,0.655,76.52,90.249,1.544
8eda139a-1999-472e-8e10-910e473cab23,2026-04-25T16:56:35.345749-04:00,node-01,checkout-api,429,True,normal,market_aware_v1,56.045,53.215,157.572,30.066,0.633,74.156,66.366,1.571
521fc0b5-e19b-4bb6-bf94-6c701775a5d7,2026-04-25T16:56:35.346182-04:00,node-01,payments-api,200,True,normal,market_aware_v1,50.554,53.936,157.761,26.26,0.554,67.118,60.539,1.433
fda8aaf8-40ff-4b54-bbb2-308581a09010,2026-04-25T16:56:35.346604-04:00,node-01,orders-api,200,True,normal,market_aware_v1,56.484,48.011,145.057,31.661,0.608,73.82,89.356,1.464
835773f7-1a2f-4e56-97bc-5cd728a06a13,2026-04-25T16:56:35.346995-04:00,node-01,checkout-api,429,True,normal,market_aware_v1,52.006,53.33,175.303,32.179,0.895,77.813,69.031,2.341
6a337037-c239-4837-8608-21d9875fb859,2026-04-25T16:56:35.347377-04:00,node-01,payments-api,200,True,normal,market_aware_v1,50.653,51.534,146.885,29.061,0.653,68.167,55.41,1.396
a45612d1-4ba3-49e8-9f5d-7e9405d4ae30,2026-04-25T16:56:35.347801-04:00,node-01,orders-api,429,True,normal,market_aware_v1,54.274,48.594,115.722,30.601,0.478,59.811,90.549,0.998
dfd2618a-d708-4d4d-ad51-17a31b3676b9,2026-04-25T16:56:35.348230-04:00,node-01,checkout-api,200,True,normal,market_aware_v1,54.187,50.906,149.551,29.246,0.744,76.029,67.507,1.666
6b38b600-8819-42cb-9010-b2960806fa5d,2026-04-25T16:56:35.348630-04:00,node-01,payments-api,429,True,normal,market_aware_v1,46.928,50.344,143.693,22.947,0.574,65.97,55.563,1.418
c0fa6fd8-d822-4a05-921b-6e73f79af846,2026-04-25T16:56:35.349016-04:00,node-01,orders-api,200,True,normal,market_aware_v1,51.517,45.522,129.519,25.614,0.577,71.548,84.194,1.381
2757ad8f-f8bc-44af-ac0c-eba61fbe4fe9,2026-04-25T16:56:35.349473-04:00,node-01,checkout-api,200,True,normal,market_aware_v1,50.31,49.026,137.968,25.814,0.675,67.233,61.606,1.44
db252f9d-f17d-41c9-9323-bd7c0d25e501,2026-04-25T16:56:35.349917-04:00,node-01,payments-api,200,True,normal,market_aware_v1,49.274,50.46,148.048,22.367,0.597,68.978,47.427,1.455
e78339a6-ef1d-4044-bd00-7ecc78da54e1,2026-04-25T16:56:35.350278-04:00,node-01,orders-api,429,True,normal,market_aware_v1,53.948,41.338,117.783,30.403,0.412,58.695,83.0,1.085
dd05093a-4fc6-4cf3-add7-9318b7df2c16,2026-04-25T16:56:35.350681-04:00,node-01,checkout-api,200,True,normal,market_aware_v1,49.647,46.851,144.436,28.652,0.515,65.924,61.755,1.42
b71f4bed-6acd-4563-9483-c2052b1532ac,2026-04-25T16:56:35.351069-04:00,node-01,payments-api,200,True,normal,market_aware_v1,43.168,51.688,140.577,25.227,0.559,68.028,52.78,1.434
e3eaab53-8a6c-40bd-9333-885607279c20,2026-04-25T16:56:35.351496-04:00,node-01,orders-api,200,True,normal,market_aware_v1,47.277,44.541,117.549,29.057,0.506,63.591,79.689,1.141
15e6a0c6-a33c-494c-9648-098f9efe37e5,2026-04-25T16:56:35.351919-04:00,node-01,checkout-api,200,True,normal,market_aware_v1,49.254,49.797,143.544,27.627,0.583,70.01,62.654,1.506
cec93452-d847-4ea9-8bee-16084c370329,2026-04-25T16:56:35.352338-04:00,node-01,payments-api,200,True,normal,market_aware_v1,41.951,48.436,138.148,22.008,0.478,64.003,49.102,1.258
58cc3aa9-6d1d-42c7-aa07-cb84f2a6c1b7,2026-04-25T16:56:35.352757-04:00,node-01,orders-api,200,True,normal,market_aware_v1,50.74,44.99,119.634,29.097,0.392,63.259,89.587,1.164
30344a7c-309f-4af8-83a6-6fd1456f3ce9,2026-04-25T16:56:35.353154-04:00,node-01,checkout-api,503,True,anomalous,market_aware_v1,47.657,51.652,159.989,28.635,1.182,78.812,53.631,2.485
65c2615d-9b5d-4126-832e-32b338d87d2f,2026-04-25T16:56:35.353585-04:00,node-01,payments-api,429,True,anomalous,market_aware_v1,45.784,49.561,165.813,29.851,1.023,72.815,40.509,1.972
cf49c3bf-e804-4cf1-9df3-44e79749d6d3,2026-04-25T16:56:35.354489-04:00,node-01,orders-api,200,True,normal,market_aware_v1,49.639,45.227,136.954,29.05,0.519,68.605,84.626,1.247
b5b15274-7e80-4832-96db-64507846f968,2026-04-25T16:56:35.354938-04:00,node-01,checkout-api,200,True,normal,market_aware_v1,51.155,44.638,142.225,28.026,0.683,67.266,63.682,1.461
a775682d-affc-4d8c-8686-d99ca555b8a2,2026-04-25T16:56:35.355404-04:00,node-01,payments-api,200,True,normal,market_aware_v1,46.725,51.815,140.379,22.939,0.65,67.638,49.259,1.393
38f93ed1-16f5-4dfc-ac25-a213243c72d8,2026-04-25T16:56:35.355875-04:00,node-01,orders-api,200,True,normal,market_aware_v1,51.851,47.948,133.796,31.341,0.494,70.01,78.976,1.268
1a591d5e-9cfe-4098-a616-97d008a91381,2026-04-25T16:56:35.356306-04:00,node-01,checkout-api,200,True,normal,market_aware_v1,53.441,49.768,144.471,28.21,0.655,66.575,59.914,1.413
8adaa9fa-83f6-4a3f-ae12-e2f49da682a5,2026-04-25T16:56:35.356706-04:00,node-01,payments-api,200,True,normal,market_aware_v1,47.327,51.895,134.12,26.768,0.524,65.968,58.324,1.327
9ed394c1-1a92-4c00-9a53-8d7c7f412942,2026-04-25T16:56:35.357111-04:00,node-01,orders-api,200,True,normal,market_aware_v1,51.852,48.312,117.136,30.318,0.5,61.563,93.737,1.092
aa20e25e-5946-427a-9ca3-5bafe35cf745,2026-04-25T16:56:35.357534-04:00,node-01,checkout-api,200,True,normal,market_aware_v1,54.161,50.188,140.522,30.386,0.726,71.763,66.114,1.556
2a32acb6-597b-4cce-a68d-61d03f24818d,2026-04-25T16:56:35.357930-04:00,node-01,payments-api,200,True,normal,market_aware_v1,48.535,50.528,164.344,28.356,0.697,81.2,54.781,1.913
3456e1c3-cdad-414c-b1c5-f54b167f4ad6,2026-04-25T16:56:35.358299-04:00,node-01,orders-api,200,True,normal,market_aware_v1,57.25,48.222,134.632,34.168,0.546,71.026,91.15,1.469
9041c576-240b-4f4d-8433-69b089e77ac6,2026-04-25T16:56:35.358690-04:00,node-01,checkout-api,200,True,normal,market_aware_v1,55.89,50.286,146.733,32.082,0.753,75.221,71.957,1.831
c4a6d533-f3b6-47c3-a9fd-61256793d111,2026-04-25T16:56:35.359050-04:00,node-01,payments-api,200,True,normal,market_aware_v1,48.118,56.433,144.8,26.1,0.507,59.889,64.162,1.177
55467e53-ea14-4b65-a960-86f2f7585bd8,2026-04-25T16:56:35.359401-04:00,node-01,orders-api,200,True,normal,market_aware_v1,58.86,49.649,141.196,32.229,0.502,73.765,89.63,1.34
52182738-6c72-4e33-b2f2-797b6b1bc6f7,2026-04-25T16:56:35.359747-04:00,node-01,checkout-api,200,True,normal,market_aware_v1,53.285,49.816,137.572,30.224,0.665,65.534,74.196,1.44
cb8866f4-bd2d-43ff-ac12-0af9092408e4,2026-04-25T16:56:35.360107-04:00,node-01,payments-api,200,True,normal,market_aware_v1,55.202,55.118,164.904,27.133,0.652,77.739,59.552,1.775
e3cc1238-ba64-44ed-af9d-cc7906555305,2026-04-25T16:56:35.360498-04:00,node-01,orders-api,200,True,normal,market_aware_v1,61.506,47.768,131.692,31.005,0.603,74.495,90.735,1.423
947508e0-1892-467a-970d-cda03bae5b96,2026-04-25T16:56:35.360891-04:00,node-01,checkout-api,200,True,normal,market_aware_v1,54.655,52.855,150.971,30.567,0.651,72.514,73.678,1.524
cb560381-9f8b-4179-b31d-4ff273fb06b5,2026-04-25T16:56:35.361263-04:00,node-01,payments-api,500,True,anomalous,market_aware_v1,56.608,59.345,176.637,27.777,1.059,81.05,48.695,2.274
cec631b0-7726-489b-a1d9-39c7e99b6aba,2026-04-25T16:56:35.361642-04:00,node-01,orders-api,200,True,normal,market_aware_v1,59.922,45.808,141.473,33.026,0.488,67.932,94.696,1.196
2cb739cd-f5ef-4411-bc1c-3e0df548eddf,2026-04-25T16:56:35.362003-04:00,node-01,checkout-api,200,True,normal,market_aware_v1,56.229,53.005,148.968,28.823,0.673,68.72,68.13,1.457
9648579b-b909-4647-b64f-2c78584e6f4f,2026-04-25T16:56:35.362375-04:00,node-01,payments-api,502,True,anomalous,market_aware_v1,54.313,57.439,162.494,27.278,0.979,77.026,48.632,2.277
6ab05f91-f518-4dea-a663-0985d9adf75e,2026-04-25T16:56:35.362780-04:00,node-01,orders-api,200,True,normal,market_aware_v1,53.844,47.171,127.257,29.612,0.409,61.636,88.646,1.086
f1aeef4d-ee18-4d4d-a1e5-5863474f2b41,2026-04-25T16:56:35.363191-04:00,node-01,checkout-api,200,True,normal,market_aware_v1,55.007,50.501,155.678,26.592,0.745,75.871,66.878,1.614
02aec922-a05b-4f81-9e47-120fd0a0587c,2026-04-25T16:56:35.363581-04:00,node-01,payments-api,200,True,normal,market_aware_v1,50.564,50.011,144.734,25.774,0.592,69.57,52.228,1.4
2bff3b03-26ea-4088-b3c8-2b8938dc5444,2026-04-25T16:56:35.363928-04:00,node-01,orders-api,429,True,normal,market_aware_v1,56.313,47.506,143.74,30.403,0.619,73.868,81.034,1.587
b446de0f-2396-4d8e-85ff-9bb0e392e92c,2026-04-25T16:56:35.364284-04:00,node-01,checkout-api,200,True,normal,market_aware_v1,53.135,53.269,143.096,30.126,0.746,70.674,61.148,1.681
d8691880-cca1-4d35-acb1-c4c8b5e6469c,2026-04-25T16:56:35.364654-04:00,node-01,payments-api,429,True,normal,market_aware_v1,47.738,50.286,155.913,26.195,0.502,64.025,51.642,1.27
7d6b9773-90b5-4a55-8d03-5eb854f55c7a,2026-04-25T16:56:35.365087-04:00,node-01,orders-api,429,True,normal,market_aware_v1,53.768,47.803,122.804,30.661,0.446,66.759,83.128,1.207
2ff599f7-a25c-427b-ac70-c7d0d6f6cbf5,2026-04-25T16:56:35.365531-04:00,node-01,checkout-api,429,True,normal,market_aware_v1,53.577,49.162,153.914,30.338,0.73,73.057,62.437,1.726
605331f5-d409-42c0-bdde-1a8a4f99858f,2026-04-25T16:56:35.365885-04:00,node-01,payments-api,429,True,normal,market_aware_v1,48.174,50.194,150.686,24.162,0.551,72.277,47.616,1.436
0ca00723-766c-4ce0-bafb-9ae9478a6574,2026-04-25T16:56:35.366653-04:00,node-01,orders-api,200,True,normal,market_aware_v1,55.055,46.099,126.896,30.158,0.518,65.323,88.336,1.217
d7749d8f-d202-4e92-87cb-1f8a77a31320,2026-04-25T16:56:35.367105-04:00,node-01,checkout-api,200,True,normal,market_aware_v1,51.809,48.621,149.258,27.754,0.686,66.672,61.797,1.606
8a2b16f4-8505-4105-82dc-a18bfd0aa9db,2026-04-25T16:56:35.367645-04:00,node-01,payments-api,200,True,normal,market_aware_v1,48.013,49.27,159.623,27.026,0.649,73.496,52.552,1.562
3f4747f2-30e6-4fc5-8ef2-ff53a7b04836,2026-04-25T16:56:35.368124-04:00,node-01,orders-api,200,True,normal,market_aware_v1,55.674,46.923,132.257,32.195,0.431,62.689,86.711,1.196
ecefc71c-c39d-460a-bec5-b95bdd39b075,2026-04-25T16:56:35.368610-04:00,node-01,checkout-api,429,True,normal,market_aware_v1,50.208,53.146,156.129,28.321,0.826,71.229,64.75,1.89
5413fa01-55e4-4e58-b313-4b9534873d9f,2026-04-25T16:56:35.369112-04:00,node-01,payments-api,200,True,normal,market_aware_v1,47.76,49.025,162.083,26.637,0.763,76.23,53.788,1.724
b29430a5-f512-4d9d-8bb8-d4a3869c68cf,2026-04-25T16:56:35.369675-04:00,node-01,orders-api,200,True,normal,market_aware_v1,49.3,43.901,120.61,30.798,0.557,68.297,86.639,1.313
def47e18-9ba6-47b3-bb67-169c5150775f,2026-04-25T16:56:35.370101-04:00,node-01,checkout-api,200,True,normal,market_aware_v1,50.182,49.419,161.426,27.69,0.819,76.841,63.112,1.857
5d11d942-4b4c-4d20-8f08-6c77ac867ed0,2026-04-25T16:56:35.370752-04:00,node-01,payments-api,200,True,anomalous,market_aware_v1,51.061,56.803,152.861,28.061,0.88,68.831,52.911,1.822
cd625a4e-b3eb-4948-ab27-42107adb3ec2,2026-04-25T16:56:35.371288-04:00,node-01,orders-api,200,True,normal,market_aware_v1,55.899,45.282,141.286,32.189,0.624,74.338,84.942,1.478
d6103d83-48d7-4cca-9227-39967712d1a4,2026-04-25T16:56:35.371809-04:00,node-01,checkout-api,502,True,normal,market_aware_v1,56.549,46.044,169.771,31.51,0.88,77.719,74.708,2.236
1624c275-e422-4187-a0b4-ebf261f9bd8c,2026-04-25T16:56:35.372316-04:00,node-01,payments-api,200,True,normal,market_aware_v1,53.784,55.49,165.397,28.076,0.662,68.429,57.015,1.59
96f40ce0-3132-41ca-b595-d1009d9e52bb,2026-04-25T16:56:35.372832-04:00,node-01,orders-api,429,True,normal,market_aware_v1,57.596,51.081,127.179,30.441,0.439,66.125,97.728,1.143
54d26522-f2d0-4b16-a73a-a7d85da87c60,2026-04-25T16:56:35.373317-04:00,node-01,checkout-api,200,True,normal,market_aware_v1,54.507,53.031,133.585,29.199,0.545,62.909,75.16,1.334
8d45d086-71c7-4dc4-abfb-53a65421a8ac,2026-04-25T16:56:35.373769-04:00,node-01,payments-api,200,True,normal,market_aware_v1,52.151,53.677,159.495,27.841,0.573,71.718,59.437,1.5
82a8088b-434d-43da-9a39-9da4c620c9e3,2026-04-25T16:56:35.374278-04:00,node-01,orders-api,429,True,normal,market_aware_v1,60.175,49.871,138.424,33.316,0.492,69.961,97.31,1.284
48b8aa89-4fee-432c-b4b2-83283995523a,2026-04-25T16:56:35.374802-04:00,node-01,checkout-api,200,True,normal,market_aware_v1,55.728,52.585,146.598,30.596,0.538,64.057,75.662,1.272
7816cc5c-ebb7-46cf-ab8a-90f840cdc6b4,2026-04-25T16:56:35.375295-04:00,node-01,payments-api,200,True,normal,market_aware_v1,55.072,55.16,165.254,27.901,0.684,76.542,60.124,1.779
24b95784-5a87-4747-a210-aeb143582d6c,2026-04-25T16:56:35.375799-04:00,node-01,orders-api,200,True,normal,market_aware_v1,63.235,48.428,142.541,32.661,0.554,66.506,94.22,1.344
01d0591a-c618-4c4b-9c02-cae212b2896d,2026-04-25T16:56:35.376300-04:00,node-01,checkout-api,429,True,normal,market_aware_v1,59.2,51.213,153.872,29.127,0.74,75.794,71.166,1.703
282c8494-d9b1-491b-867f-6fb6e3ec3610,2026-04-25T16:56:35.376798-04:00,node-01,payments-api,200,True,normal,market_aware_v1,57.12,56.339,163.365,29.004,0.619,76.905,57.263,1.633
3adca8e0-e4d6-4853-9a54-22f187feb799,2026-04-25T16:56:35.377296-04:00,node-01,orders-api,200,True,normal,market_aware_v1,61.605,51.51,148.663,31.21,0.568,73.079,99.796,1.462
d7d207eb-28ae-4fd0-8356-e3a2f73b9d69,2026-04-25T16:56:35.377811-04:00,node-01,checkout-api,200,True,normal,market_aware_v1,58.689,52.452,147.059,28.282,0.704,71.411,80.012,1.576
ff1002a6-3f26-4c22-a7ff-6e81c4912aa4,2026-04-25T16:56:35.378298-04:00,node-01,payments-api,200,True,normal,market_aware_v1,52.053,56.182,153.51,27.997,0.625,69.052,63.383,1.395
e3ffa332-09c1-49e7-bcf5-d63c3da6b43d,2026-04-25T16:56:35.378819-04:00,node-01,orders-api,502,True,anomalous,market_aware_v1,63.239,50.402,166.998,32.557,0.912,78.151,88.264,2.021
2b11fb7d-7f44-412b-98cc-4b40a02f8922,2026-04-25T16:56:35.379284-04:00,node-01,checkout-api,200,True,normal,market_aware_v1,56.325,53.88,158.92,31.519,0.713,73.481,67.229,1.623
67532946-52ac-4788-a52d-83ec0541df12,2026-04-25T16:56:35.379766-04:00,node-01,payments-api,200,True,normal,market_aware_v1,53.791,55.955,165.665,26.596,0.684,76.498,56.424,1.822
e8a99ff4-2bf6-4ac9-9fd4-188ae93b83a9,2026-04-25T16:56:35.380212-04:00,node-01,orders-api,200,True,anomalous,market_aware_v1,63.292,52.139,146.894,32.336,0.769,71.883,85.612,1.688
8a206f07-4f2a-4785-bb63-ae33b1deccb1,2026-04-25T16:56:35.380667-04:00,node-01,checkout-api,429,True,normal,market_aware_v1,59.259,49.532,161.714,30.607,0.727,73.132,62.212,1.692
dcf33efc-4ded-4394-8507-4a04a96bd697,2026-04-25T16:56:35.381113-04:00,node-01,payments-api,200,True,normal,market_aware_v1,51.804,52.833,169.592,27.5,0.785,81.681,51.832,1.83
ed7f9e8c-2793-4a96-80d1-4b807644436c,2026-04-25T16:56:35.381572-04:00,node-01,orders-api,200,True,normal,market_aware_v1,52.107,44.109,137.617,31.505,0.574,75.606,86.16,1.502
51ba03f5-6aa1-4d6e-babb-dffee86d9b9e,2026-04-25T16:56:35.382005-04:00,node-01,checkout-api,503,True,anomalous,market_aware_v1,55.129,52.378,154.015,34.479,1.027,72.905,53.317,2.059
8ee5e9e8-2fb4-4789-b004-841b90081d19,2026-04-25T16:56:35.382488-04:00,node-01,payments-api,429,True,anomalous,market_aware_v1,50.889,55.376,184.386,25.504,1.038,79.084,40.877,2.158
cb0689a5-3cea-43cd-8c2a-16e19f9b7c79,2026-04-25T16:56:35.382971-04:00,node-01,orders-api,429,True,normal,market_aware_v1,52.836,43.787,137.021,28.488,0.53,67.601,83.726,1.318
41c3028c-5991-4964-af91-624be6c459f3,2026-04-25T16:56:35.383497-04:00,node-01,checkout-api,200,True,normal,market_aware_v1,49.455,48.919,142.047,26.228,0.634,63.927,68.976,1.413
c03750cf-6993-4433-a7e8-1260f8385ad9,2026-04-25T16:56:35.384002-04:00,node-01,payments-api,200,True,normal,market_aware_v1,44.264,48.548,150.963,23.41,0.62,68.109,52.134,1.429
a85122d8-a40e-46c1-a94e-5d6b1d4d3a4c,2026-04-25T16:56:35.384518-04:00,node-01,orders-api,200,True,normal,market_aware_v1,50.681,45.934,130.009,28.718,0.474,61.698,86.28,1.115
bde00fab-56f5-4954-9ce4-d7dc18feeca7,2026-04-25T16:56:35.385006-04:00,node-01,checkout-api,200,True,normal,market_aware_v1,46.71,46.964,143.847,27.127,0.741,72.633,60.657,1.738
32daf8ac-1d7c-40c9-9934-8f3d96614dbe,2026-04-25T16:56:35.385513-04:00,node-01,payments-api,429,True,normal,market_aware_v1,47.706,49.54,138.322,22.518,0.589,61.542,54.334,1.357
e690cbf6-f72e-4a82-9529-187e22e2770f,2026-04-25T16:56:35.386021-04:00,node-01,orders-api,200,True,normal,market_aware_v1,49.901,41.48,134.608,29.51,0.429,66.463,80.242,1.087
2fc36cd9-07a7-4a6c-a5e1-4f76bc4255cf,2026-04-25T16:56:35.386535-04:00,node-01,checkout-api,200,True,normal,market_aware_v1,46.459,47.499,147.129,28.064,0.645,68.347,61.284,1.505
16b40f15-0af7-46d1-8c75-3d12b6e8dd12,2026-04-25T16:56:35.387035-04:00,node-01,payments-api,200,True,normal,market_aware_v1,46.52,49.301,164.294,25.563,0.633,72.644,46.054,1.565
b4ad0ba1-84b1-4b48-b690-85ab4ab3a066,2026-04-25T16:56:35.387561-04:00,node-01,orders-api,200,True,normal,market_aware_v1,51.917,42.724,133.85,28.861,0.454,64.65,85.93,1.227
b4c4bd28-d3b7-4bee-9200-d01bbf5c8c3c,2026-04-25T16:56:35.388068-04:00,node-01,checkout-api,200,True,normal,market_aware_v1,50.104,46.498,134.055,27.484,0.566,62.355,62.381,1.327
20352455-4da4-4c4b-8047-9dceb9cfb6d6,2026-04-25T16:56:35.388576-04:00,node-01,payments-api,200,True,normal,market_aware_v1,44.686,47.609,159.909,26.086,0.592,67.294,48.481,1.532
05a79412-ceac-4016-a804-c92b94f2f514,2026-04-25T16:56:35.389111-04:00,node-01,orders-api,200,True,normal,market_aware_v1,50.566,50.411,123.905,30.034,0.486,67.081,85.089,1.259
6553ae58-8f4c-411b-9963-70605ad2fae3,2026-04-25T16:56:35.389621-04:00,node-01,checkout-api,200,True,normal,market_aware_v1,49.703,48.145,143.836,29.983,0.669,68.127,62.602,1.568
39961b7a-e3b6-4d31-af92-9159e1f6f21e,2026-04-25T16:56:35.390120-04:00,node-01,payments-api,200,True,normal,market_aware_v1,44.784,49.784,168.58,25.765,0.672,76.53,47.045,1.685
74e766bc-420b-4550-ba66-b552e627577c,2026-04-25T16:56:35.390623-04:00,node-01,orders-api,200,True,normal,market_aware_v1,56.387,47.527,131.732,28.9,0.507,67.563,80.963,1.222
61fc04f8-6969-4933-92a8-636c9d3060a1,2026-04-25T16:56:35.391117-04:00,node-01,checkout-api,429,True,normal,market_aware_v1,52.179,48.705,143.796,26.488,0.718,74.58,58.276,1.621
674da7d6-0c77-4328-a21e-f50bbd4c3167,2026-04-25T16:56:35.391626-04:00,node-01,payments-api,200,True,normal,market_aware_v1,48.897,52.48,162.882,25.869,0.65,75.024,50.312,1.58
aef5159a-a7f4-44f6-af65-4bfad513a2bd,2026-04-25T16:56:35.392117-04:00,node-01,orders-api,200,True,normal,market_aware_v1,52.02,48.045,127.405,29.294,0.533,75.326,88.946,1.475
f2d91a8b-0d89-4bf9-84e1-d460d5d2e1ba,2026-04-25T16:56:35.392625-04:00,node-01,checkout-api,200,True,normal,market_aware_v1,56.403,50.892,174.409,29.81,0.836,73.846,66.759,1.669
ce59f915-402b-4b59-92b5-11fe3cd8c26c,2026-04-25T16:56:35.393126-04:00,node-01,payments-api,500,True,anomalous,market_aware_v1,53.946,57.374,174.641,27.749,1.131,81.731,52.825,2.487
3f2447c9-322e-40cb-89f4-5c288957e0ea,2026-04-25T16:56:35.393634-04:00,node-01,orders-api,429,True,normal,market_aware_v1,54.544,51.829,144.288,30.853,0.516,69.712,86.619,1.111
d73e01f3-a768-476e-a6a9-ba7d22caed68,2026-04-25T16:56:35.394120-04:00,node-01,checkout-api,502,True,normal,market_aware_v1,59.51,55.279,157.094,30.205,0.886,78.784,66.853,2.203
3b334102-0376-4a55-b8aa-c0aac4863f46,2026-04-25T16:56:35.394626-04:00,node-01,payments-api,200,True,normal,market_aware_v1,54.873,56.555,162.354,27.509,0.685,78.945,54.236,1.786
0b68f9ca-d55f-44d7-b0e4-d97dfd21a82b,2026-04-25T16:56:35.395111-04:00,node-01,orders-api,429,True,anomalous,market_aware_v1,58.169,50.451,152.834,33.948,0.872,72.352,84.787,1.831
9edf95c2-917c-477c-85d1-0600e8a8185a,2026-04-25T16:56:35.395588-04:00,node-01,checkout-api,200,True,normal,market_aware_v1,53.13,54.152,150.583,33.113,0.766,67.828,66.371,1.511
dddcd0b1-77cc-4af4-8725-ed366883380a,2026-04-25T16:56:35.396429-04:00,node-01,payments-api,200,True,normal,market_aware_v1,53.459,54.575,157.654,26.949,0.686,71.33,55.815,1.679
1de743f7-8767-4cbb-8623-9a4465339016,2026-04-25T16:56:35.397143-04:00,node-01,orders-api,429,True,normal,market_aware_v1,58.043,48.302,146.022,33.257,0.651,77.309,89.761,1.702
39be0243-becf-4859-af4d-98efdefba044,2026-04-25T16:56:35.397787-04:00,node-01,checkout-api,429,True,normal,market_aware_v1,57.005,51.627,164.047,29.349,0.708,77.342,63.283,1.731
958c4894-329a-461b-8fe2-49c6ba0d8804,2026-04-25T16:56:35.398241-04:00,node-01,payments-api,429,True,normal,market_aware_v1,51.313,54.453,154.022,28.228,0.549,70.724,54.744,1.455
6ad2c0f6-c83e-4dd3-81ce-4e050608b3ed,2026-04-25T16:56:35.398679-04:00,node-01,orders-api,503,True,anomalous,market_aware_v1,56.016,50.175,149.727,33.441,0.963,78.181,81.604,2.134
9d6925a2-7a5f-4229-864a-3ad73ddc179c,2026-04-25T16:56:35.399102-04:00,node-01,checkout-api,200,True,normal,market_aware_v1,58.101,52.392,141.235,28.673,0.686,68.342,67.386,1.513
a3e75d24-24aa-462e-a5bf-ad906dc434ad,2026-04-25T16:56:35.399587-04:00,node-01,payments-api,200,True,normal,market_aware_v1,51.894,52.256,166.26,26.566,0.576,71.179,55.046,1.625
ca63b8f8-ffde-4c3c-be79-b2f956090920,2026-04-25T16:56:35.400098-04:00,node-01,orders-api,200,True,normal,market_aware_v1,55.087,49.819,153.79,29.432,0.541,76.192,84.141,1.415
eb47f104-5de9-46c9-8ec5-87c0219beaf8,2026-04-25T16:56:35.400590-04:00,node-01,checkout-api,200,True,normal,market_aware_v1,53.688,52.752,142.816,27.947,0.693,72.844,69.141,1.599
e16cf1d7-b73d-425f-9b5c-80d17da009b5,2026-04-25T16:56:35.401072-04:00,node-01,payments-api,200,True,normal,market_aware_v1,50.437,53.283,165.43,22.854,0.713,80.298,48.381,1.802
aa6dfe7f-7a39-4aa2-9279-52b3c9b13f95,2026-04-25T16:56:35.401584-04:00,node-01,orders-api,429,True,normal,market_aware_v1,57.238,45.855,142.2,30.494,0.601,73.941,86.804,1.458
00113841-ba59-4a11-9ae4-08ed8de6b616,2026-04-25T16:56:35.402043-04:00,node-01,checkout-api,503,True,anomalous,market_aware_v1,57.774,51.691,171.939,30.185,1.113,82.484,55.363,2.246
99ff4845-a61e-4a40-ae55-fa91d719d784,2026-04-25T16:56:35.402547-04:00,node-01,payments-api,429,True,normal,market_aware_v1,46.613,52.009,157.821,22.408,0.678,75.711,48.946,1.69
c73601f1-1b9b-405b-9f05-61a6a8488814,2026-04-25T16:56:35.403040-04:00,node-01,orders-api,200,True,normal,market_aware_v1,56.668,45.49,137.267,29.306,0.643,75.917,80.825,1.535
b30dddb5-c82c-4111-9aff-4234878e7ddb,2026-04-25T16:56:35.403537-04:00,node-01,checkout-api,200,True,normal,market_aware_v1,53.806,47.646,125.754,27.905,0.574,67.18,64.762,1.474
a1b7dd12-f582-400a-a718-22ec30595e76,2026-04-25T16:56:35.403995-04:00,node-01,payments-api,200,True,normal,market_aware_v1,48.413,50.876,156.993,25.16,0.617,75.763,45.376,1.654
57f1f5d1-db4b-4e61-8740-86b4a5c6e72d,2026-04-25T16:56:35.404612-04:00,node-01,orders-api,429,True,normal,market_aware_v1,50.612,46.035,127.85,28.475,0.524,67.622,80.586,1.306
ed7ac594-878f-42c5-89c7-edc72ca60c4e,2026-04-25T16:56:35.405110-04:00,node-01,checkout-api,200,True,normal,market_aware_v1,55.781,48.42,148.396,28.141,0.748,70.536,62.671,1.745
d3d87fa5-ae4a-476c-b4f3-61b75ee2fcea,2026-04-25T16:56:35.405610-04:00,node-01,payments-api,200,True,normal,market_aware_v1,47.993,51.983,163.208,24.353,0.609,71.428,51.35,1.454
96890d25-ceda-4f44-bec8-0c68931d237c,2026-04-25T16:56:35.406093-04:00,node-01,orders-api,200,True,normal,market_aware_v1,50.272,42.38,123.676,29.289,0.354,61.108,84.495,0.911
6cc5ba3f-f004-4898-a89f-b0e74d8227b5,2026-04-25T16:56:35.406563-04:00,node-01,checkout-api,429,True,normal,market_aware_v1,54.614,51.542,146.262,26.513,0.656,68.694,64.737,1.383
4b686d63-b702-4e2e-96ef-1daed5b3faa6,2026-04-25T16:56:35.407035-04:00,node-01,payments-api,200,True,normal,market_aware_v1,49.108,53.303,156.698,26.754,0.608,74.111,45.517,1.585
5b0e6aee-464b-417e-829f-7673fda340e9,2026-04-25T16:56:35.407490-04:00,node-01,orders-api,200,True,normal,market_aware_v1,55.475,44.563,133.692,31.131,0.465,66.598,91.307,1.162
7c9792fd-7831-4350-87c2-03fabf577fe7,2026-04-25T16:56:35.407956-04:00,node-01,checkout-api,429,True,normal,market_aware_v1,57.854,48.424,150.724,27.785,0.697,73.568,66.511,1.628
ba1172c3-2a2f-4f7c-8cae-46c90f4d76bf,2026-04-25T16:56:35.408495-04:00,node-01,payments-api,200,True,normal,market_aware_v1,48.028,52.323,173.721,27.021,0.726,79.242,50.682,1.853
04fbe33a-e0c2-4c46-a014-484b5611c9d1,2026-04-25T16:56:35.408999-04:00,node-01,orders-api,200,True,normal,market_aware_v1,52.27,48.324,160.785,32.225,0.707,84.034,79.851,1.711
f78019dd-e691-48f9-8ccf-287eafdb3fa9,2026-04-25T16:56:35.409516-04:00,node-01,checkout-api,200,True,normal,market_aware_v1,56.364,52.195,153.44,30.747,0.703,63.216,74.567,1.509
b9f27dee-b5ca-4abe-9c7e-6eefcf474937,2026-04-25T16:56:35.409938-04:00,node-01,payments-api,200,True,normal,market_aware_v1,50.848,53.86,174.917,27.108,0.803,79.597,55.636,1.905
0106e905-22f1-4a39-af58-ad75a9a3acb9,2026-04-25T16:56:35.410403-04:00,node-01,orders-api,429,True,normal,market_aware_v1,61.686,49.153,147.266,31.242,0.602,78.461,84.07,1.703
eb9fdc78-149e-4ac3-a62a-87b71cff6ac7,2026-04-25T16:56:35.410851-04:00,node-01,checkout-api,200,True,normal,market_aware_v1,59.324,52.729,164.464,31.521,0.763,74.927,68.63,1.824
0dfc03d7-f077-4ba1-9e30-6c1131ba507a,2026-04-25T16:56:35.411321-04:00,node-01,payments-api,429,True,normal,market_aware_v1,54.045,54.967,163.753,25.793,0.548,73.262,63.292,1.629
7215b0d3-ed55-4342-b7b0-b1cc29883f83,2026-04-25T16:56:35.411767-04:00,node-01,orders-api,200,True,normal,market_aware_v1,58.466,52.319,127.226,33.869,0.513,71.323,100.422,1.257
dbcf59b1-7923-461a-a628-a7b0b81486d7,2026-04-25T16:56:35.412230-04:00,node-01,checkout-api,200,True,normal,market_aware_v1,59.415,56.951,156.38,29.829,0.791,77.922,67.787,1.789
a05e2cc3-3723-47b0-8012-83ebb5814f2b,2026-04-25T16:56:35.412721-04:00,node-01,payments-api,429,True,normal,market_aware_v1,57.71,54.802,154.546,26.616,0.633,73.729,60.946,1.66
53508414-5cdd-42de-b19e-f53c6f48f4ff,2026-04-25T16:56:35.413220-04:00,node-01,orders-api,429,True,normal,market_aware_v1,58.919,49.429,131.865,30.89,0.466,67.838,95.626,1.29
f57fce8e-c2ac-483a-8b12-4983acf0b7a8,2026-04-25T16:56:35.413743-04:00,node-01,checkout-api,429,True,normal,market_aware_v1,60.084,56.157,154.307,29.652,0.621,73.639,76.223,1.57
ac2a62d0-11d3-4624-b1bf-a89595458474,2026-04-25T16:56:35.414132-04:00,node-01,payments-api,503,True,anomalous,market_aware_v1,57.519,56.142,168.059,28.815,1.045,80.542,53.704,2.275
c0087eaa-6925-430a-87fa-56eadd0daacd,2026-04-25T16:56:35.414641-04:00,node-01,orders-api,502,True,anomalous,market_aware_v1,63.433,53.676,161.27,35.763,0.921,80.734,89.0,2.1
74a88665-4cb9-4276-b9c0-8c046586144e,2026-04-25T16:56:35.415182-04:00,node-01,checkout-api,200,True,normal,market_aware_v1,57.294,49.736,150.381,30.064,0.617,65.66,72.176,1.448
8598ae6b-2c19-4c52-8846-f704a27a4bfb,2026-04-25T16:56:35.415731-04:00,node-01,payments-api,200,True,normal,market_aware_v1,56.701,54.261,179.195,28.987,0.665,80.985,57.331,1.807
8197c12e-5793-44d4-9bb4-a4dcc4e54deb,2026-04-25T16:56:35.416303-04:00,node-01,orders-api,429,True,anomalous,market_aware_v1,64.768,51.122,151.426,31.287,0.904,76.648,89.427,2.067
fc884083-dbb1-42bb-930a-22180fd7019b,2026-04-25T16:56:35.416851-04:00,node-01,checkout-api,200,True,normal,market_aware_v1,57.965,51.526,147.827,28.835,0.682,70.189,68.859,1.583
0831609b-3505-4a9f-bc19-7fafa65c713a,2026-04-25T16:56:35.417342-04:00,node-01,payments-api,200,True,normal,market_aware_v1,52.111,53.611,165.205,27.676,0.647,79.862,57.867,1.718
9251547e-71f8-4fba-8a45-17a7cfa3f69a,2026-04-25T16:56:35.417868-04:00,node-01,orders-api,200,True,normal,market_aware_v1,58.923,50.604,145.026,31.796,0.615,70.558,89.253,1.532
8f20870a-33d7-4080-8493-cb96378cba7a,2026-04-25T16:56:35.418354-04:00,node-01,checkout-api,200,True,normal,market_aware_v1,57.071,53.673,153.237,28.934,0.665,66.099,68.647,1.493
b747d32e-82ed-4c32-98e2-9d052df8ad57,2026-04-25T16:56:35.418892-04:00,node-01,payments-api,200,True,normal,market_aware_v1,51.329,53.474,176.655,27.711,0.734,78.729,49.935,1.824
7c587713-65b7-4b25-88fc-0310e4634e50,2026-04-25T16:56:35.419418-04:00,node-01,orders-api,429,True,normal,market_aware_v1,55.534,45.844,138.63,31.221,0.462,68.708,88.96,1.308
6bd7876d-cae9-4f15-a520-d7c2863ace1a,2026-04-25T16:56:35.419904-04:00,node-01,checkout-api,200,True,normal,market_aware_v1,52.529,52.43,159.303,29.159,0.783,75.646,63.869,1.773
110554a2-5404-40a0-b0da-0859e5b5ce25,2026-04-25T16:56:35.420443-04:00,node-01,payments-api,200,True,normal,market_aware_v1,48.247,51.629,148.59,26.25,0.433,66.067,58.964,1.381
3423e040-5a56-4b0e-8429-0cff48bf0b73,2026-04-25T16:56:35.421419-04:00,node-01,orders-api,200,True,normal,market_aware_v1,52.002,46.873,134.349,30.787,0.417,66.33,85.562,1.195
98c2d33b-1f16-47c4-99fe-f2802c12ed28,2026-04-25T16:56:35.421886-04:00,node-01,checkout-api,200,True,normal,market_aware_v1,52.104,46.807,137.497,27.428,0.726,67.593,59.05,1.542
15751736-9c72-41ad-b7cb-4abb743e18af,2026-04-25T16:56:35.422275-04:00,node-01,payments-api,200,True,normal,market_aware_v1,46.973,49.363,162.826,24.24,0.721,72.623,50.754,1.615
48906154-ad2a-485e-8ca9-33f13b8ff57c,2026-04-25T16:56:35.422699-04:00,node-01,orders-api,429,True,normal,market_aware_v1,53.773,43.075,126.342,27.895,0.441,62.93,87.406,1.189
4a921000-657e-4858-9c6f-29ef8c768565,2026-04-25T16:56:35.423133-04:00,node-01,checkout-api,200,True,normal,market_aware_v1,51.472,47.426,145.41,27.962,0.707,67.722,67.71,1.403
1cdb2479-2319-4433-b960-3a558566f977,2026-04-25T16:56:35.423575-04:00,node-01,payments-api,200,True,normal,market_aware_v1,45.458,49.776,162.446,26.002,0.648,74.591,44.131,1.67
40e1db9a-a82b-49cf-a726-a8ef90fd0c57,2026-04-25T16:56:35.423970-04:00,node-01,orders-api,200,True,normal,market_aware_v1,48.321,42.84,123.734,28.789,0.439,67.122,83.885,1.197
3f62ba9b-0e48-4c50-b12d-3b8c6a1691f5,2026-04-25T16:56:35.424401-04:00,node-01,checkout-api,200,True,normal,market_aware_v1,46.499,49.927,151.808,24.904,0.763,70.168,61.541,1.729
c78d1370-e642-4707-8054-d8bd19c19a77,2026-04-25T16:56:35.424845-04:00,node-01,payments-api,429,True,normal,market_aware_v1,46.24,47.625,164.301,24.438,0.599,71.981,50.888,1.484
9be169ce-52e6-4cd5-8470-5b2990219627,2026-04-25T16:56:35.425354-04:00,node-01,orders-api,200,True,normal,market_aware_v1,49.797,43.942,135.162,30.325,0.551,67.356,80.404,1.421
fe266fbd-f3b4-4591-9b23-fc76b7555612,2026-04-25T16:56:35.425810-04:00,node-01,checkout-api,200,True,normal,market_aware_v1,48.912,47.253,145.022,23.785,0.623,68.347,58.792,1.415
87446e12-0677-4f8c-b236-72939697c605,2026-04-25T16:56:35.426269-04:00,node-01,payments-api,200,True,normal,market_aware_v1,41.892,50.877,144.87,22.301,0.544,69.652,49.48,1.434
55a8de80-7286-45d3-9739-539f4446b65d,2026-04-25T16:56:35.426699-04:00,node-01,orders-api,429,True,normal,market_aware_v1,49.974,46.275,119.426,29.88,0.471,63.344,82.581,1.209
c11c64f0-e61d-43cf-b25f-2086786141b4,2026-04-25T16:56:35.427106-04:00,node-01,checkout-api,200,True,normal,market_aware_v1,47.483,44.495,143.291,28.308,0.779,76.217,62.166,1.841
8b16577f-42f7-418e-87b1-456bdfaf34e3,2026-04-25T16:56:35.427531-04:00,node-01,payments-api,502,True,anomalous,market_aware_v1,54.062,53.252,193.094,28.95,1.18,88.808,38.784,2.784
0436ab47-d1e9-4dc8-b119-052150dedcc2,2026-04-25T16:56:35.427930-04:00,node-01,orders-api,200,True,normal,market_aware_v1,52.664,45.605,133.392,31.653,0.525,68.375,83.596,1.287
9b3b84e6-e05c-40fa-94e0-ade80abf5e19,2026-04-25T16:56:35.428323-04:00,node-01,checkout-api,429,True,normal,market_aware_v1,54.255,49.929,160.128,27.864,0.675,73.897,54.438,1.564
ba9a75fa-969a-434b-8963-6687444c7397,2026-04-25T16:56:35.428890-04:00,node-01,payments-api,429,True,normal,market_aware_v1,47.56,54.126,155.88,25.741,0.632,71.966,46.474,1.54
c317de5b-ca27-46b2-bf50-6b8b5fb5786a,2026-04-25T16:56:35.429592-04:00,node-01,orders-api,429,True,normal,market_aware_v1,55.168,45.646,140.368,30.383,0.463,68.53,85.732,1.325
8fcd2020-1a18-4667-a399-77f9bfa063ab,2026-04-25T16:56:35.430111-04:00,node-01,checkout-api,200,True,normal,market_aware_v1,48.323,50.744,153.974,29.164,0.68,75.429,60.826,1.672
572cf249-19e4-4494-9d99-1631842ec06d,2026-04-25T16:56:35.430630-04:00,node-01,payments-api,200,True,normal,market_aware_v1,48.299,53.901,152.569,27.269,0.632,72.876,55.609,1.602
9a45bd19-e1ca-451d-a316-7e913366be92,2026-04-25T16:56:35.431143-04:00,node-01,orders-api,200,True,normal,market_aware_v1,56.102,48.711,131.715,33.414,0.441,67.157,92.794,1.305
8e1e2ce0-14d1-4cfd-8f9d-12db16839647,2026-04-25T16:56:35.431660-04:00,node-01,checkout-api,200,True,normal,market_aware_v1,54.235,53.423,142.7,30.139,0.642,69.644,65.88,1.494
2ee1cacf-a918-44dd-8499-4d8ce8140216,2026-04-25T16:56:35.432144-04:00,node-01,payments-api,200,True,normal,market_aware_v1,52.142,54.694,161.808,26.223,0.66,76.488,53.308,1.653
67eaf463-2a90-455f-b102-500fc30afd1e,2026-04-25T16:56:35.432649-04:00,node-01,orders-api,200,True,anomalous,market_aware_v1,62.936,50.087,141.669,33.861,0.903,75.601,90.94,1.852
69516d62-c73c-4353-b06a-796d527986a2,2026-04-25T16:56:35.433166-04:00,node-01,checkout-api,200,True,normal,market_aware_v1,55.731,52.015,149.913,27.18,0.693,73.63,71.617,1.649
2f2427bd-fce7-4f2d-8738-9f8d05e02113,2026-04-25T16:56:35.433672-04:00,node-01,payments-api,200,True,normal,market_aware_v1,51.094,57.693,151.272,27.891,0.703,74.595,56.653,1.828
aa1bfadc-762a-4d8b-a059-ff884ce6f657,2026-04-25T16:56:35.434170-04:00,node-01,orders-api,200,True,normal,market_aware_v1,58.509,46.486,130.422,32.452,0.47,67.404,96.253,1.276
4fe4fcbf-479b-45c4-9185-2a53e6ddf79e,2026-04-25T16:56:35.434694-04:00,node-01,checkout-api,429,True,normal,market_aware_v1,54.791,51.398,156.633,26.789,0.696,75.74,64.245,1.633
e19c3139-1179-4761-aad1-6ca4619deddc,2026-04-25T16:56:35.435198-04:00,node-01,payments-api,200,True,normal,market_aware_v1,52.603,51.884,167.857,27.847,0.728,77.373,56.492,1.664
097ef461-cdad-4472-8d3f-ae8e3797a5cc,2026-04-25T16:56:35.435805-04:00,node-01,orders-api,200,True,normal,market_aware_v1,59.165,51.919,138.767,33.56,0.498,69.36,83.042,1.328
fb6b9e5c-03c2-461c-8f2e-a4d365a984f7,2026-04-25T16:56:35.436398-04:00,node-01,checkout-api,500,True,normal,market_aware_v1,58.825,52.07,168.803,32.848,0.774,80.148,66.636,2.011
0ce54b9c-3225-4524-a89d-43a320bfa6d9,2026-04-25T16:56:35.436910-04:00,node-01,payments-api,200,True,normal,market_aware_v1,53.273,54.778,169.346,26.759,0.735,77.82,51.819,1.782
c21bce4e-0d42-4cac-8d20-21937f0b32bd,2026-04-25T16:56:35.437422-04:00,node-01,orders-api,200,True,normal,market_aware_v1,54.541,45.699,138.212,29.414,0.601,77.14,89.787,1.459
4bd53501-4d28-460a-bb80-9c997f8706de,2026-04-25T16:56:35.437929-04:00,node-01,checkout-api,200,True,normal,market_aware_v1,53.547,51.221,171.174,27.781,0.822,81.119,63.064,1.89
b3ab4c51-4710-4ddc-abb6-792c8f879b5c,2026-04-25T16:56:35.438418-04:00,node-01,payments-api,200,True,normal,market_aware_v1,48.032,51.165,150.683,27.846,0.587,71.9,51.318,1.483
98f686bd-8128-4793-b905-96a4747e2541,2026-04-25T16:56:35.438925-04:00,node-01,orders-api,429,True,normal,market_aware_v1,55.096,47.813,137.722,30.45,0.512,71.714,88.724,1.342
91ba1cc5-3fe6-4186-8dbc-2f791e019ac0,2026-04-25T16:56:35.439418-04:00,node-01,checkout-api,200,True,normal,market_aware_v1,51.048,46.257,135.304,30.418,0.687,67.111,64.359,1.523
f894a42a-e6f2-41ad-a1d8-4fb9eec8ad4d,2026-04-25T16:56:35.440178-04:00,node-01,payments-api,200,True,normal,market_aware_v1,50.744,52.852,155.664,23.753,0.608,72.455,51.593,1.571
1111c3bf-b371-46dd-b220-b2ed8f429ace,2026-04-25T16:56:35.440704-04:00,node-01,orders-api,502,True,anomalous,market_aware_v1,60.425,47.962,159.328,29.902,0.848,78.951,77.297,2.002
c3147e91-0105-4d7c-b751-d4b8982d0dfe,2026-04-25T16:56:35.441208-04:00,node-01,checkout-api,200,True,normal,market_aware_v1,47.54,46.991,139.452,31.276,0.709,71.79,66.037,1.625
6da53c07-43c0-4371-8084-425c7c94388c,2026-04-25T16:56:35.441736-04:00,node-01,payments-api,429,True,anomalous,market_aware_v1,50.104,51.811,167.535,26.588,0.996,80.989,46.431,2.212
31236ac4-485b-42cc-b193-0f1accf46486,2026-04-25T16:56:35.442259-04:00,node-01,orders-api,200,True,normal,market_aware_v1,55.145,44.033,133.367,32.772,0.51,64.248,86.681,1.184
2d8d8f45-5103-4724-8d9e-b279a4b6c99a,2026-04-25T16:56:35.442764-04:00,node-01,checkout-api,200,True,normal,market_aware_v1,51.204,51.268,142.393,28.608,0.639,68.015,62.89,1.481
4d9246c5-3af7-4886-931d-a28d0a97a27e,2026-04-25T16:56:35.443270-04:00,node-01,payments-api,429,True,normal,market_aware_v1,50.658,50.451,155.549,25.498,0.584,71.604,49.981,1.523
9113e150-1f76-4527-b6da-6811249265be,2026-04-25T16:56:35.443777-04:00,node-01,orders-api,503,True,anomalous,market_aware_v1,58.687,50.559,170.134,32.253,0.931,81.393,81.173,2.035
c5815916-3236-45ac-b214-cf7f7041b2ca,2026-04-25T16:56:35.444286-04:00,node-01,checkout-api,200,True,normal,market_aware_v1,55.847,49.827,158.833,26.188,0.766,73.007,61.791,1.721
bd8240ae-c503-4400-9b34-509350834f9e,2026-04-25T16:56:35.444797-04:00,node-01,payments-api,200,True,normal,market_aware_v1,45.527,53.242,168.514,24.045,0.72,76.298,48.399,1.67
613a99fb-9f02-4bba-8b80-44bbbd4e0dc2,2026-04-25T16:56:35.445291-04:00,node-01,orders-api,429,True,anomalous,market_aware_v1,56.792,47.059,146.09,32.863,0.875,76.057,73.196,2.014
bdd7b782-b761-422c-bfa0-5c74031114b9,2026-04-25T16:56:35.445869-04:00,node-01,checkout-api,200,True,normal,market_aware_v1,55.262,47.994,168.51,28.239,0.777,76.95,67.21,1.8
569214c8-2926-45ac-8d09-769dd99ed2e2,2026-04-25T16:56:35.446356-04:00,node-01,payments-api,200,True,normal,market_aware_v1,47.542,53.139,159.304,26.996,0.653,72.314,51.959,1.588
dd2c15b1-15cf-4553-9a8b-b2f6031492f6,2026-04-25T16:56:35.446876-04:00,node-01,orders-api,200,True,normal,market_aware_v1,54.102,45.811,135.629,32.361,0.462,65.164,92.351,1.251
5808091d-105f-40b4-b85f-e47239ed9526,2026-04-25T16:56:35.447421-04:00,node-01,checkout-api,200,True,normal,market_aware_v1,58.772,53.203,152.078,28.154,0.64,73.797,72.286,1.538
58629425-cdf5-4d8e-ba2c-5b31440f0854,2026-04-25T16:56:35.447949-04:00,node-01,payments-api,200,True,normal,market_aware_v1,53.456,54.65,161.223,27.439,0.681,80.957,52.574,1.895
2290b810-fe9d-4c5b-8a2b-b9c5f8c91c3b,2026-04-25T16:56:35.448409-04:00,node-01,orders-api,200,True,normal,market_aware_v1,60.244,52.609,154.034,31.148,0.681,81.079,88.0,1.716
8215cfa8-e455-47c5-a124-f10bf4a1fc7c,2026-04-25T16:56:35.448904-04:00,node-01,checkout-api,200,True,normal,market_aware_v1,58.154,50.336,162.626,28.598,0.742,75.474,63.837,1.724
e7e63bb2-7fbd-4ee0-b5bd-26a53440f191,2026-04-25T16:56:35.449411-04:00,node-01,payments-api,429,True,normal,market_aware_v1,52.604,52.875,163.886,28.357,0.598,77.478,55.988,1.69
fca785fc-e6f4-4e44-8da2-821d75256166,2026-04-25T16:56:35.449870-04:00,node-01,orders-api,429,True,normal,market_aware_v1,59.803,51.327,141.948,32.052,0.591,76.106,88.912,1.511
ba66a697-cb26-4a58-8932-1719830d586d,2026-04-25T16:56:35.450341-04:00,node-01,checkout-api,200,True,normal,market_aware_v1,57.617,52.78,155.119,27.719,0.723,74.772,65.657,1.688
882781f8-7243-42f7-895c-564f7868cf94,2026-04-25T16:56:35.450873-04:00,node-01,payments-api,200,True,normal,market_aware_v1,51.155,54.288,157.41,28.673,0.448,63.158,66.898,1.168
766a66d7-34b9-4150-b0f2-db1544a74952,2026-04-25T16:56:35.451345-04:00,node-01,orders-api,200,True,normal,market_aware_v1,67.09,51.726,153.217,32.802,0.535,77.794,95.262,1.492
8e361da3-8b45-4c66-a6b2-dadd0fd5a164,2026-04-25T16:56:35.451807-04:00,node-01,checkout-api,200,True,normal,market_aware_v1,58.928,52.966,159.929,28.805,0.684,74.787,77.254,1.582
2c967460-e17b-4ab6-8d20-e4c877a2975e,2026-04-25T16:56:35.452317-04:00,node-01,payments-api,200,True,normal,market_aware_v1,59.068,58.168,164.901,28.717,0.561,75.358,58.844,1.603
648d23d8-e866-46ef-a0b2-7e6702b779d3,2026-04-25T16:56:35.452843-04:00,node-01,orders-api,200,True,normal,market_aware_v1,62.546,49.132,146.781,31.793,0.624,73.701,96.793,1.499
67957e92-0535-4212-b420-bcf921a4fa32,2026-04-25T16:56:35.453308-04:00,node-01,checkout-api,200,True,normal,market_aware_v1,58.85,56.385,171.746,29.867,0.727,77.007,77.187,1.733
1a7491ff-9361-4918-9c95-f51a5071c599,2026-04-25T16:56:35.453762-04:00,node-01,payments-api,200,True,normal,market_aware_v1,55.635,56.058,165.98,28.178,0.631,72.86,65.003,1.602
0085f830-c67d-4c86-9019-ea9f20e97207,2026-04-25T16:56:35.454209-04:00,node-01,orders-api,200,True,normal,market_aware_v1,58.287,51.655,149.848,34.511,0.541,73.802,88.091,1.511
dc110986-8f38-4372-9b0e-54f78a5e0b70,2026-04-25T16:56:35.454677-04:00,node-01,checkout-api,502,True,anomalous,market_aware_v1,60.899,54.496,170.084,32.771,1.053,80.82,64.337,2.247
38ed403e-88f4-4f42-86e6-eb894c738640,2026-04-25T16:56:35.455146-04:00,node-01,payments-api,429,True,anomalous,market_aware_v1,58.089,59.189,183.764,26.965,1.076,85.608,45.784,2.554
8589b40e-97c4-4fa0-812f-901af1535415,2026-04-25T16:56:35.455538-04:00,node-01,orders-api,200,True,normal,market_aware_v1,57.069,49.379,146.305,28.747,0.611,75.748,94.464,1.505
ff22e2e0-080c-47e4-b1d2-2ad41d39bcda,2026-04-25T16:56:35.456000-04:00,node-01,checkout-api,200,True,normal,market_aware_v1,54.994,50.866,154.959,30.713,0.711,74.417,65.004,1.662
fcda0616-dc88-4b46-b827-a3da7a05ebc6,2026-04-25T16:56:35.456426-04:00,node-01,payments-api,200,True,normal,market_aware_v1,51.615,55.421,178.609,26.909,0.805,79.258,52.807,1.915
9fbb237a-414e-416c-bdcb-b26355fa962b,2026-04-25T16:56:35.456927-04:00,node-01,orders-api,503,True,anomalous,market_aware_v1,63.17,51.414,155.801,34.401,0.906,81.225,81.196,2.017
b60edecf-bfd4-494d-a4ad-6dccd93a36a3,2026-04-25T16:56:35.457735-04:00,node-01,checkout-api,200,True,normal,market_aware_v1,58.053,50.109,157.918,27.804,0.601,73.17,63.131,1.591
4bb84a06-4c82-402e-8f87-ce9846253227,2026-04-25T16:56:35.458257-04:00,node-01,payments-api,429,True,normal,market_aware_v1,49.408,50.832,157.73,23.843,0.694,71.894,48.868,1.694
8d21eb3b-b4c5-4014-a36e-ba84000dd5d6,2026-04-25T16:56:35.458780-04:00,node-01,orders-api,200,True,normal,market_aware_v1,54.92,48.79,145.577,29.552,0.467,67.209,86.659,1.238
949acb76-d72e-4850-a955-1d5c0a6b419c,2026-04-25T16:56:35.459315-04:00,node-01,checkout-api,200,True,normal,market_aware_v1,52.649,49.85,164.323,29.02,0.781,72.662,67.071,1.891
f63c20f6-2415-43d7-8664-bc4323b28389,2026-04-25T16:56:35.459850-04:00,node-01,payments-api,503,True,anomalous,market_aware_v1,55.739,52.554,204.984,26.175,1.285,98.365,44.824,3.223
c928492e-4cb1-4512-8ef9-288967723fcc,2026-04-25T16:56:35.460333-04:00,node-01,orders-api,200,True,normal,market_aware_v1,51.674,43.25,140.862,30.347,0.545,73.434,85.425,1.535
7928de61-f981-4ecc-94fc-89b9c9816ff7,2026-04-25T16:56:35.460872-04:00,node-01,checkout-api,200,True,normal,market_aware_v1,52.782,48.108,151.223,26.505,0.691,72.287,56.862,1.73
7ccbfbfb-047a-4dce-bf79-714351980fae,2026-04-25T16:56:35.461662-04:00,node-01,payments-api,429,True,normal,market_aware_v1,47.161,51.906,150.515,23.857,0.673,72.183,51.701,1.452
c527a70c-d00f-4de9-a97f-06771239ac3f,2026-04-25T16:56:35.462141-04:00,node-01,orders-api,200,True,anomalous,market_aware_v1,48.794,48.169,145.001,31.211,0.842,74.861,77.825,1.846
5b31a207-951b-47fd-87e2-0856b91bd2ee,2026-04-25T16:56:35.462678-04:00,node-01,checkout-api,200,True,normal,market_aware_v1,50.592,48.612,154.824,28.42,0.72,69.527,57.572,1.714
d5c13961-56d4-4b6e-b348-2bfcda495872,2026-04-25T16:56:35.463186-04:00,node-01,payments-api,429,True,normal,market_aware_v1,46.884,51.339,160.881,22.965,0.683,75.345,44.452,1.701
14a8d278-0697-45e6-a447-e9d17c0e561b,2026-04-25T16:56:35.463761-04:00,node-01,orders-api,429,True,normal,market_aware_v1,50.173,44.095,131.891,29.733,0.515,72.137,85.288,1.272
7484a16b-8be0-4ecf-99d9-e6477b5cba0f,2026-04-25T16:56:35.464282-04:00,node-01,checkout-api,200,True,normal,market_aware_v1,50.863,45.39,164.893,26.974,0.741,76.448,50.208,1.708
8e61f4a6-5b05-44dd-bceb-ab714a31ae95,2026-04-25T16:56:35.464840-04:00,node-01,payments-api,200,True,normal,market_aware_v1,45.285,48.579,152.671,24.226,0.602,70.244,47.531,1.424
256752b3-56fc-414f-947d-32776588e131,2026-04-25T16:56:35.465377-04:00,node-01,orders-api,200,True,normal,market_aware_v1,53.69,48.43,143.18,31.46,0.592,72.828,82.644,1.446
86cdaeba-db7f-4400-9552-9bae2c25e66c,2026-04-25T16:56:35.465884-04:00,node-01,checkout-api,200,True,normal,market_aware_v1,51.743,48.459,140.102,28.127,0.656,69.115,64.16,1.444
3cfd48fe-5cd4-4870-a996-6f454b29c87b,2026-04-25T16:56:35.466428-04:00,node-01,payments-api,429,True,normal,market_aware_v1,51.024,49.046,172.633,24.998,0.602,74.953,50.797,1.57
55cf6195-55c3-480d-a340-1e7f2d68658a,2026-04-25T16:56:35.466973-04:00,node-01,orders-api,429,True,normal,market_aware_v1,55.555,46.24,139.258,28.91,0.496,71.453,84.641,1.322
59700876-0599-44bb-810e-e0d2c889562a,2026-04-25T16:56:35.467573-04:00,node-01,checkout-api,200,True,normal,market_aware_v1,52.092,51.795,149.81,29.982,0.702,71.195,66.671,1.565
d8f55e7b-59e3-4c10-b852-f8d176e5ccf9,2026-04-25T16:56:35.468150-04:00,node-01,payments-api,200,True,normal,market_aware_v1,51.658,53.76,164.097,25.818,0.776,85.846,54.095,1.939
8e2b2a46-b382-4e89-be1f-f4d5619cbb04,2026-04-25T16:56:35.468723-04:00,node-01,orders-api,429,True,normal,market_aware_v1,53.492,50.027,141.914,32.365,0.508,68.153,92.209,1.265
3c65a56d-18cd-465b-b0a9-d76ca283233a,2026-04-25T16:56:35.469247-04:00,node-01,checkout-api,429,True,normal,market_aware_v1,51.51,49.692,147.838,29.38,0.726,71.728,67.684,1.581
65902862-8e72-4855-9a43-bd5e033d6d7e,2026-04-25T16:56:35.469781-04:00,node-01,payments-api,200,True,normal,market_aware_v1,51.93,52.804,169.632,24.347,0.663,73.001,50.162,1.719
dd9bf1d4-7adc-488b-bda4-c4c250c03d0e,2026-04-25T16:56:35.470283-04:00,node-01,orders-api,200,True,normal,market_aware_v1,57.209,51.763,141.265,32.034,0.465,72.303,90.568,1.259
104c1005-d139-484e-943a-457e80d57b0b,2026-04-25T16:56:35.470785-04:00,node-01,checkout-api,200,True,normal,market_aware_v1,52.824,51.083,150.214,29.042,0.646,67.854,67.508,1.417
ebf5f9e5-139b-4f43-a326-88b68897c5da,2026-04-25T16:56:35.471291-04:00,node-01,payments-api,500,True,anomalous,market_aware_v1,58.419,56.722,178.855,26.299,0.99,84.159,45.992,2.276
bc83418f-3f69-491f-89f2-cfd6d81fd6fb,2026-04-25T16:56:35.471892-04:00,node-01,orders-api,502,True,anomalous,market_aware_v1,60.175,53.257,160.473,34.118,0.916,76.806,82.985,2.002
d24ff336-1c85-4325-83fc-a65d809ccdd8,2026-04-25T16:56:35.472419-04:00,node-01,checkout-api,200,True,normal,market_aware_v1,55.456,53.659,165.529,30.599,0.758,79.045,62.111,1.825
72fd1b89-d37e-4e99-b296-30129ef751eb,2026-04-25T16:56:35.472982-04:00,node-01,payments-api,200,True,normal,market_aware_v1,54.953,56.826,161.813,25.437,0.67,75.979,55.185,1.69
91fa3c53-18af-47ad-9382-5f695e08bbfb,2026-04-25T16:56:35.473500-04:00,node-01,orders-api,200,True,normal,market_aware_v1,61.107,48.02,163.053,30.759,0.717,85.295,85.372,1.776
b6ed4427-b0ec-445a-9262-28ab825d435d,2026-04-25T16:56:35.474058-04:00,node-01,checkout-api,200,True,normal,market_aware_v1,55.715,53.349,157.47,31.594,0.707,75.396,68.646,1.792
bcaa6615-84d4-418b-9a73-5dd7da12f03c,2026-04-25T16:56:35.474614-04:00,node-01,payments-api,200,True,normal,market_aware_v1,52.685,50.575,156.124,24.564,0.613,75.74,59.35,1.613
177c0e90-3013-4f5f-9608-2e37fa99dfc8,2026-04-25T16:56:35.475322-04:00,node-01,orders-api,200,True,normal,market_aware_v1,56.364,48.738,140.425,31.212,0.53,75.094,90.099,1.447
0ac95867-860f-42e7-b65f-c9583373174f,2026-04-25T16:56:35.475883-04:00,node-01,checkout-api,200,True,normal,market_aware_v1,55.828,53.156,152.738,30.102,0.686,71.193,68.623,1.652
e2a4c0c1-ffdd-4350-88ab-b8353280b5f3,2026-04-25T16:56:35.476415-04:00,node-01,payments-api,500,True,anomalous,market_aware_v1,54.844,56.599,193.54,27.52,1.119,81.923,46.933,2.326
f80a2fe4-7d91-4af8-8f06-efc704e0fdf4,2026-04-25T16:56:35.476910-04:00,node-01,orders-api,200,True,normal,market_aware_v1,59.954,48.208,147.962,32.77,0.559,73.033,89.033,1.513
dcf924d2-0dfb-4dfa-8c12-84df598869c6,2026-04-25T16:56:35.477709-04:00,node-01,checkout-api,200,True,normal,market_aware_v1,54.023,52.663,161.431,28.425,0.798,75.158,60.914,1.808
564e6ff1-882a-4e62-97fc-43177f2c01fd,2026-04-25T16:56:35.478233-04:00,node-01,payments-api,429,True,normal,market_aware_v1,52.43,50.735,168.484,26.33,0.734,78.586,51.126,1.796
87c8060a-e730-4fc8-9598-c5145fa06cae,2026-04-25T16:56:35.478771-04:00,node-01,orders-api,429,True,normal,market_aware_v1,57.272,49.156,139.31,29.969,0.48,70.349,89.373,1.238
f471f760-1aee-4b96-a05d-1b552adc0003,2026-04-25T16:56:35.479309-04:00,node-01,checkout-api,200,True,normal,market_aware_v1,54.2,52.077,163.997,30.726,0.74,78.455,60.182,1.777
e12e651a-1969-4a8b-895d-5a1bd9491713,2026-04-25T16:56:35.479868-04:00,node-01,payments-api,429,True,anomalous,market_aware_v1,52.861,53.527,168.189,27.887,1.01,78.62,43.064,2.239
ceb59974-5728-4d80-a499-881aabc15fdd,2026-04-25T16:56:35.480470-04:00,node-01,orders-api,429,True,normal,market_aware_v1,56.32,48.395,156.248,27.663,0.752,78.078,92.317,1.829
662f908a-fdc6-46f7-bcfd-78c72f3d5b62,2026-04-25T16:56:35.481016-04:00,node-01,checkout-api,429,True,normal,market_aware_v1,49.577,52.046,145.709,30.296,0.695,67.837,68.485,1.471
5da606cf-fb6d-41b1-b2f0-80bdca68638f,2026-04-25T16:56:35.481539-04:00,node-01,payments-api,429,True,normal,market_aware_v1,51.467,49.855,171.257,25.324,0.657,76.983,49.481,1.69
5d939d04-c4b4-43ab-9de6-8863dea8eb11,2026-04-25T16:56:35.482081-04:00,node-01,orders-api,200,True,normal,market_aware_v1,54.8,44.502,144.356,30.545,0.522,72.985,81.586,1.339
dee2055c-ccb3-4b31-bf3e-6c0800dd0c52,2026-04-25T16:56:35.482629-04:00,node-01,checkout-api,502,True,anomalous,market_aware_v1,55.818,51.974,173.952,29.481,1.009,84.236,51.796,2.247
8617d487-7203-4489-a7ce-fa8d8a0b9863,2026-04-25T16:56:35.483167-04:00,node-01,payments-api,200,True,normal,market_aware_v1,47.392,53.482,163.121,24.558,0.658,77.961,52.111,1.775
adb37b78-81cf-4482-921c-a1a86128c274,2026-04-25T16:56:35.483678-04:00,node-01,orders-api,200,True,normal,market_aware_v1,52.547,47.339,136.615,31.207,0.606,75.918,83.431,1.472
d4099b97-4c08-4ba4-a773-0f1f6ca32dc6,2026-04-25T16:56:35.484191-04:00,node-01,checkout-api,200,True,normal,market_aware_v1,48.697,47.701,153.113,29.477,0.728,71.357,65.048,1.666
5ae1ebdf-4fb0-4237-821c-d8cc76929e66,2026-04-25T16:56:35.484681-04:00,node-01,payments-api,429,True,normal,market_aware_v1,48.615,52.39,168.524,23.231,0.728,75.492,54.036,1.701
bc83072f-87a4-4921-8bb9-4cd0f12ddd82,2026-04-25T16:56:35.485244-04:00,node-01,orders-api,200,True,normal,market_aware_v1,57.318,46.463,145.7,29.796,0.525,77.525,79.292,1.588
241bb6ff-823d-4065-bf80-e1103f3704c8,2026-04-25T16:56:35.485753-04:00,node-01,checkout-api,429,True,normal,market_aware_v1,50.466,51.638,151.082,29.45,0.79,72.647,64.587,1.782
24e4954f-0d3f-4c1e-b930-f51e86dd57b3,2026-04-25T16:56:35.486351-04:00,node-01,payments-api,200,True,normal,market_aware_v1,52.263,53.609,166.987,24.904,0.608,75.397,56.912,1.618
0ffacc76-2688-48f8-b000-57c26af9eefb,2026-04-25T16:56:35.486906-04:00,node-01,orders-api,429,True,normal,market_aware_v1,55.801,46.538,155.654,32.094,0.606,76.184,89.344,1.587
78aefeea-d4ac-494f-a881-daeeea111b54,2026-04-25T16:56:35.487419-04:00,node-01,checkout-api,429,True,anomalous,market_aware_v1,54.64,54.286,166.004,31.94,1.135,79.518,58.253,2.327
a406a459-c452-4d7c-9909-3e2adb6c5e2a,2026-04-25T16:56:35.487905-04:00,node-01,payments-api,200,True,normal,market_aware_v1,56.341,51.849,175.909,25.389,0.737,79.961,53.108,1.831
f61bc99e-8576-444d-9d8c-5287a0c96915,2026-04-25T16:56:35.488377-04:00,node-01,orders-api,200,True,normal,market_aware_v1,55.033,48.774,145.264,30.034,0.54,69.557,93.496,1.151
883322f4-bf72-4fee-9327-8098a989346b,2026-04-25T16:56:35.488900-04:00,node-01,checkout-api,429,True,normal,market_aware_v1,60.007,52.954,166.06,30.161,0.795,76.576,64.859,1.823
b9b8a5b7-af78-4391-8382-160f153bc92c,2026-04-25T16:56:35.489426-04:00,node-01,payments-api,200,True,normal,market_aware_v1,52.798,55.326,160.283,26.94,0.631,73.698,58.636,1.488
7926bdd0-0f6a-4f60-a489-dbacbe4fa906,2026-04-25T16:56:35.489984-04:00,node-01,orders-api,200,True,normal,market_aware_v1,60.055,50.933,151.301,32.022,0.561,76.658,93.286,1.502
a848b378-2873-47f2-86d1-34627120826c,2026-04-25T16:56:35.490485-04:00,node-01,checkout-api,200,True,normal,market_aware_v1,58.402,52.01,157.426,29.793,0.723,70.887,72.387,1.56
46506663-1b6b-4560-ab70-5a60a4955842,2026-04-25T16:56:35.491022-04:00,node-01,payments-api,200,True,normal,market_aware_v1,54.153,52.141,157.758,27.935,0.705,72.936,52.09,1.661
bc2ed383-01eb-4ae1-af34-71fad3953d7f,2026-04-25T16:56:35.491526-04:00,node-01,orders-api,200,True,normal,market_aware_v1,58.323,49.617,139.688,34.35,0.535,72.153,97.352,1.402
16257b80-5918-4d20-8a7b-e492a47c7166,2026-04-25T16:56:35.492107-04:00,node-01,checkout-api,200,True,normal,market_aware_v1,58.71,56.423,165.1,32.407,0.748,80.163,68.384,1.968
c647dc78-162e-4a63-b4e2-eeec48d956b3,2026-04-25T16:56:35.492615-04:00,node-01,payments-api,200,True,normal,market_aware_v1,53.053,56.379,158.01,28.717,0.64,73.866,63.663,1.571
a5afec63-5070-4e07-b120-3bc1eb6410a5,2026-04-25T16:56:35.493118-04:00,node-01,orders-api,429,True,normal,market_aware_v1,60.953,51.268,151.983,32.711,0.628,79.157,92.245,1.531
15cd3c3d-a534-459c-a77a-c9b9de794ee2,2026-04-25T16:56:35.493660-04:00,node-01,checkout-api,503,True,normal,market_aware_v1,61.878,55.827,171.701,32.153,0.847,83.662,75.138,2.048
6b5d0df7-7e58-4f23-ba2f-645c2e35e945,2026-04-25T16:56:35.494146-04:00,node-01,payments-api,429,True,anomalous,market_aware_v1,59.492,60.224,181.984,29.257,1.036,84.096,52.856,2.266
00bea55c-753f-4cd8-836f-9fe5ad4e838a,2026-04-25T16:56:35.494651-04:00,node-01,orders-api,200,True,normal,market_aware_v1,60.114,53.34,145.967,32.227,0.636,77.544,94.59,1.62
58d8e1f5-b13e-4419-93e9-f77cd92591f2,2026-04-25T16:56:35.495158-04:00,node-01,checkout-api,429,True,normal,market_aware_v1,56.77,54.285,170.928,31.724,0.774,76.954,64.805,1.814
0c7b357c-2f35-45b0-98b8-81d2b753a51e,2026-04-25T16:56:35.495692-04:00,node-01,payments-api,200,True,normal,market_aware_v1,55.054,55.255,166.834,26.262,0.704,84.268,53.571,1.817
a67021db-9110-4d37-87ef-6c71d38279ae,2026-04-25T16:56:35.496196-04:00,node-01,orders-api,200,True,normal,market_aware_v1,64.004,48.198,145.524,33.876,0.603,76.629,92.109,1.554
f7f34987-b6a5-4bd0-82a7-f634dc1940d1,2026-04-25T16:56:35.496698-04:00,node-01,checkout-api,200,True,normal,market_aware_v1,56.286,52.422,167.964,30.117,0.698,78.098,70.78,1.662
6b7fda28-ee43-4878-83ea-2b9396ad6ac8,2026-04-25T16:56:35.497192-04:00,node-01,payments-api,429,True,normal,market_aware_v1,51.716,56.395,165.728,25.744,0.69,80.752,51.957,1.935
163f14f3-34b1-4398-a540-ec3407aeac48,2026-04-25T16:56:35.498703-04:00,node-01,orders-api,429,True,normal,market_aware_v1,56.241,46.123,139.605,31.136,0.575,70.515,95.737,1.421
6f185a07-69d8-4fcc-963d-fdfb9ebefebf,2026-04-25T16:56:35.499529-04:00,node-01,checkout-api,502,True,normal,market_aware_v1,55.474,48.802,174.727,28.508,0.863,84.216,55.172,2.134
d071a555-8fcd-4dc9-a7d7-f035a3a4b898,2026-04-25T16:56:35.501078-04:00,node-01,payments-api,429,True,normal,market_aware_v1,50.113,53.96,172.886,26.686,0.749,84.361,50.131,1.906
2c58aac2-6a3b-4b94-93f3-7cc0b97aa79e,2026-04-25T16:56:35.501589-04:00,node-01,orders-api,200,True,normal,market_aware_v1,52.926,47.163,147.344,30.64,0.613,76.935,83.622,1.424
6277845f-83a8-4048-85fb-00be0aa13a82,2026-04-25T16:56:35.502065-04:00,node-01,checkout-api,503,True,normal,market_aware_v1,54.564,49.244,177.778,28.263,0.987,84.827,55.359,2.359
bfbfbd41-5956-4d9b-91ee-f4c41be32227,2026-04-25T16:56:35.502554-04:00,node-01,payments-api,200,True,normal,market_aware_v1,47.996,50.075,157.764,24.973,0.712,74.08,47.976,1.704
30351c20-d299-4906-a2fe-4f88bc0ea059,2026-04-25T16:56:35.503094-04:00,node-01,orders-api,200,True,normal,market_aware_v1,51.742,42.681,141.187,28.743,0.563,70.18,90.021,1.349
8c61fbf5-894a-4d75-9967-a3c05f45f624,2026-04-25T16:56:35.503624-04:00,node-01,checkout-api,429,True,normal,market_aware_v1,50.048,49.999,143.388,27.448,0.669,68.601,63.712,1.507
92b31ef8-db15-4c61-a0f1-a627c3437e07,2026-04-25T16:56:35.504162-04:00,node-01,payments-api,200,True,normal,market_aware_v1,45.249,48.503,175.065,23.749,0.616,79.848,41.585,1.717
b6eefba8-4402-436e-8e56-93d2a037fd98,2026-04-25T16:56:35.504675-04:00,node-01,orders-api,200,True,normal,market_aware_v1,50.51,46.111,132.936,26.791,0.502,70.383,85.435,1.294
1011ba1c-4b41-4d92-93f6-ff399482b497,2026-04-25T16:56:35.505146-04:00,node-01,checkout-api,200,True,normal,market_aware_v1,46.839,46.085,143.04,26.374,0.559,64.916,57.855,1.365
866ac263-9080-4a77-8eaf-ee66ede404ab,2026-04-25T16:56:35.505633-04:00,node-01,payments-api,200,True,normal,market_aware_v1,49.667,48.779,186.903,24.766,0.641,78.364,46.281,1.739
b18ff6c7-d934-4750-8a8b-8a85038659a0,2026-04-25T16:56:35.506203-04:00,node-01,orders-api,200,True,normal,market_aware_v1,46.894,44.777,133.115,28.302,0.567,74.812,77.309,1.432
95cbe6e9-45ca-42d8-949e-342827f2bebe,2026-04-25T16:56:35.506732-04:00,node-01,checkout-api,429,True,normal,market_aware_v1,52.519,46.528,148.227,28.22,0.737,74.894,57.622,1.649
10191895-de61-465c-bf18-500703e54ff6,2026-04-25T16:56:35.507244-04:00,node-01,payments-api,200,True,normal,market_aware_v1,44.428,51.819,175.266,24.779,0.694,79.196,42.948,1.746
ced67873-3754-43e9-9bf7-ba1707a226f2,2026-04-25T16:56:35.507780-04:00,node-01,orders-api,200,True,normal,market_aware_v1,55.186,48.432,134.661,29.447,0.65,72.424,83.817,1.525
8165ebfc-1521-43d7-b5e1-7dcae75c62fd,2026-04-25T16:56:35.508305-04:00,node-01,checkout-api,200,True,normal,market_aware_v1,49.895,45.64,141.757,26.001,0.613,68.253,56.774,1.424
2893971a-fb40-403c-83f8-3015cdf335d5,2026-04-25T16:56:35.508840-04:00,node-01,payments-api,200,True,normal,market_aware_v1,43.074,47.514,166.457,25.325,0.708,81.46,45.765,1.763
18ae1041-aa72-4fb3-adc9-6a0188985f04,2026-04-25T16:56:35.509346-04:00,node-01,orders-api,429,True,normal,market_aware_v1,52.003,45.06,142.321,29.567,0.679,76.561,79.945,1.54
917721af-c703-4efb-8754-34b4d87ed79a,2026-04-25T16:56:35.509878-04:00,node-01,checkout-api,429,True,normal,market_aware_v1,52.134,48.109,180.026,28.785,0.811,82.203,58.146,1.967
98b74339-96fb-4e0f-859a-0e9291d0dd06,2026-04-25T16:56:35.510396-04:00,node-01,payments-api,200,True,normal,market_aware_v1,48.351,53.001,161.695,25.812,0.75,80.385,52.784,1.838
7f0e53f8-9475-4f2c-a40f-47f6d2dc8a5f,2026-04-25T16:56:35.510913-04:00,node-01,orders-api,429,True,normal,market_aware_v1,53.488,47.817,156.685,30.505,0.687,84.074,82.119,1.723
c52448c6-25f3-4426-8481-f9b5a7fb77cc,2026-04-25T16:56:35.511426-04:00,node-01,checkout-api,503,True,normal,market_aware_v1,55.934,54.961,174.652,27.035,0.826,83.111,63.492,2.037
0c98ec54-6ddd-4c38-a33f-8cecba4ab071,2026-04-25T16:56:35.511960-04:00,node-01,payments-api,429,True,normal,market_aware_v1,50.789,53.247,177.559,25.131,0.759,85.867,46.533,2.008
a9716a92-a1f0-4028-b1bd-15a0979191ba,2026-04-25T16:56:35.512487-04:00,node-01,orders-api,200,True,normal,market_aware_v1,57.598,48.735,156.694,30.51,0.722,78.339,87.947,1.853
0e9f6411-fa0f-445a-b07a-a3a8101c52cc,2026-04-25T16:56:35.513006-04:00,node-01,checkout-api,200,True,normal,market_aware_v1,54.499,52.808,168.289,30.515,0.775,79.293,61.743,1.842
a429a8ee-0a40-49e2-a54c-aee59cd1b79f,2026-04-25T16:56:35.513526-04:00,node-01,payments-api,200,True,normal,market_aware_v1,50.673,54.24,152.366,24.647,0.668,70.557,61.169,1.726
d7fb5765-f62c-41df-a9c1-8aa7cbda5dbd,2026-04-25T16:56:35.514002-04:00,node-01,orders-api,429,True,normal,market_aware_v1,58.476,46.818,160.819,32.532,0.639,81.811,88.84,1.684
060f7906-e570-4165-bdcd-3ced0fa33f2b,2026-04-25T16:56:35.514419-04:00,node-01,checkout-api,502,True,normal,market_aware_v1,59.887,54.454,176.843,32.823,0.82,88.787,67.336,2.047
614ff48c-3a86-45cf-956b-48c2dda22007,2026-04-25T16:56:35.514890-04:00,node-01,payments-api,200,True,normal,market_aware_v1,53.146,55.067,165.178,27.294,0.8,82.881,53.301,1.907
b5209ee0-ee87-4ad1-8624-264c3406d25b,2026-04-25T16:56:35.515398-04:00,node-01,orders-api,200,True,normal,market_aware_v1,59.775,48.767,150.497,34.609,0.611,75.92,88.732,1.521
63f27774-f4e0-4ef6-b5d7-902b14efa5ed,2026-04-25T16:56:35.515990-04:00,node-01,checkout-api,429,True,normal,market_aware_v1,55.41,52.431,170.254,29.857,0.878,82.944,69.98,2.057
1c06a576-0eb3-4b8d-9a31-8c7954a24dbd,2026-04-25T16:56:35.516515-04:00,node-01,payments-api,200,True,normal,market_aware_v1,54.433,54.82,165.627,27.849,0.61,80.303,55.928,1.653
c4adf3fd-737a-4337-8dff-ec50c6de9264,2026-04-25T16:56:35.517053-04:00,node-01,orders-api,429,True,normal,market_aware_v1,56.864,47.569,159.474,32.885,0.63,82.128,90.753,1.774
4dc17736-b88f-4fa7-ad8e-f13833fa6213,2026-04-25T16:56:35.517892-04:00,node-01,checkout-api,500,True,anomalous,market_aware_v1,61.127,53.704,169.759,33.21,1.02,76.447,65.696,2.248
70921b79-5396-4222-bf5a-84ed89873e73,2026-04-25T16:56:35.518422-04:00,node-01,payments-api,200,True,normal,market_aware_v1,54.434,54.794,178.397,28.163,0.732,78.993,51.62,1.796
0dc5d25b-6a88-466e-816a-969759246ffe,2026-04-25T16:56:35.518933-04:00,node-01,orders-api,200,True,normal,market_aware_v1,54.225,49.942,139.608,30.493,0.511,68.998,90.365,1.366
5029e0ee-2c72-424e-b868-05e48009a68e,2026-04-25T16:56:35.519457-04:00,node-01,checkout-api,500,True,normal,market_aware_v1,57.256,52.802,181.614,30.549,0.842,89.782,56.205,2.08
7af830e2-db00-4f3f-b229-bd4d25812a8f,2026-04-25T16:56:35.519954-04:00,node-01,payments-api,429,True,normal,market_aware_v1,51.719,56.276,168.707,27.756,0.702,76.165,46.662,1.773
ce825965-f172-4161-9948-28d2206467be,2026-04-25T16:56:35.520478-04:00,node-01,orders-api,200,True,normal,market_aware_v1,58.254,47.468,148.432,30.478,0.582,75.214,88.909,1.566
771f9c45-617f-4b17-a776-fd48e68c6f78,2026-04-25T16:56:35.521052-04:00,node-01,checkout-api,429,True,normal,market_aware_v1,58.776,48.906,169.36,29.623,0.754,79.78,60.793,2.082
f1b95954-2a4d-49d0-b5f8-3ccbf231b43c,2026-04-25T16:56:35.522148-04:00,node-01,payments-api,200,True,normal,market_aware_v1,46.098,53.21,178.473,25.256,0.742,81.847,49.833,1.856
e3cfb383-5647-4df7-9aed-f8dde1a08615,2026-04-25T16:56:35.522674-04:00,node-01,orders-api,429,True,normal,market_aware_v1,53.828,46.952,143.752,31.278,0.575,73.222,83.158,1.461
409d965f-e112-451d-a8e8-cec962705664,2026-04-25T16:56:35.523409-04:00,node-01,checkout-api,200,True,normal,market_aware_v1,52.42,49.344,150.814,30.61,0.797,74.381,62.717,1.837
e470201c-88be-44cc-9a24-9ee1f148ad99,2026-04-25T16:56:35.523956-04:00,node-01,payments-api,200,True,normal,market_aware_v1,47.973,50.842,172.785,26.903,0.644,79.294,50.061,1.516
f79cfe68-011c-4ff2-aac5-47010028533d,2026-04-25T16:56:35.524499-04:00,node-01,orders-api,200,True,normal,market_aware_v1,53.697,46.43,141.349,27.638,0.537,73.544,85.448,1.358
e77ebdba-e6b1-4104-8f81-5fe3a0753679,2026-04-25T16:56:35.524983-04:00,node-01,checkout-api,200,True,normal,market_aware_v1,56.146,46.242,170.115,26.518,0.708,77.204,63.67,1.743
49772f16-8102-4a64-9bf9-224cf21f74ff,2026-04-25T16:56:35.525498-04:00,node-01,payments-api,200,True,normal,market_aware_v1,48.638,55.731,161.416,25.863,0.584,80.923,45.254,1.711
6f73179e-e483-47d6-9296-4cc142775ebe,2026-04-25T16:56:35.526012-04:00,node-01,orders-api,429,True,normal,market_aware_v1,55.931,45.392,154.008,30.017,0.522,76.759,84.55,1.369
02729652-6df6-4e4d-b38b-09d3e4689193,2026-04-25T16:56:35.526569-04:00,node-01,checkout-api,200,True,normal,market_aware_v1,52.458,45.917,158.129,26.347,0.702,77.933,61.607,1.695
8de69360-4211-4b55-a1c7-0bd2f0a595cc,2026-04-25T16:56:35.527120-04:00,node-01,payments-api,200,True,normal,market_aware_v1,49.643,49.519,163.435,24.081,0.76,83.986,41.333,1.949
734f2407-43ff-43e3-9fb0-e38a273d7c10,2026-04-25T16:56:35.527618-04:00,node-01,orders-api,429,True,normal,market_aware_v1,53.225,44.647,138.974,30.963,0.548,70.854,84.413,1.346
c11ff623-c217-4eb2-b86b-59f36caed5ee,2026-04-25T16:56:35.528385-04:00,node-01,checkout-api,200,True,normal,market_aware_v1,54.483,48.644,158.687,28.534,0.77,80.401,56.167,1.903
79387601-2602-4027-95bb-16439c2c1d70,2026-04-25T16:56:35.528870-04:00,node-01,payments-api,200,True,normal,market_aware_v1,49.778,54.811,163.047,24.132,0.664,74.106,52.019,1.661
7108851b-aee5-46ad-9379-d3c00fc58525,2026-04-25T16:56:35.529352-04:00,node-01,orders-api,200,True,normal,market_aware_v1,59.787,50.813,158.411,32.935,0.564,80.55,89.943,1.616
7c4b5755-10e8-4449-8050-12cb77b88dc5,2026-04-25T16:56:35.529893-04:00,node-01,checkout-api,503,True,normal,market_aware_v1,60.009,49.693,183.902,31.645,1.08,88.274,62.988,2.587
30d0c254-d7fd-4bdb-91f6-47fbb4abcb29,2026-04-25T16:56:35.530418-04:00,node-01,payments-api,429,True,normal,market_aware_v1,51.749,54.063,173.732,26.496,0.739,80.081,51.109,1.756
60e7c057-1e65-4f06-9f66-5b0401f884e1,2026-04-25T16:56:35.530943-04:00,node-01,orders-api,200,True,normal,market_aware_v1,59.534,45.65,148.507,30.293,0.597,81.834,92.774,1.642
90419424-dd24-4d0c-b7aa-212fdf96d266,2026-04-25T16:56:35.531489-04:00,node-01,checkout-api,200,True,normal,market_aware_v1,56.009,58.273,152.544,29.823,0.696,74.035,67.891,1.516
6468d1a4-5d04-4fcc-8cb4-b702946f9331,2026-04-25T16:56:35.532009-04:00,node-01,payments-api,200,True,normal,market_aware_v1,54.05,54.92,171.45,24.972,0.673,79.344,56.405,1.711
d84f55b9-02e7-4b25-aa8a-812e88a357ed,2026-04-25T16:56:35.532486-04:00,node-01,orders-api,429,True,normal,market_aware_v1,62.52,52.376,155.285,31.436,0.544,76.695,86.531,1.518
63d39813-f04e-4423-a7ad-87f2673e341d,2026-04-25T16:56:35.532984-04:00,node-01,checkout-api,429,True,normal,market_aware_v1,59.522,55.228,162.066,29.719,0.864,80.589,70.744,1.866
1f643dae-5683-4df6-b5e4-58b5f70d905a,2026-04-25T16:56:35.533535-04:00,node-01,payments-api,200,True,normal,market_aware_v1,55.818,58.069,164.546,29.616,0.717,77.704,53.872,1.773
4db37943-96bb-4af4-8b95-230030180d70,2026-04-25T16:56:35.534052-04:00,node-01,orders-api,200,True,normal,market_aware_v1,65.89,49.947,152.799,32.739,0.509,77.017,90.628,1.451
b8705fd7-a298-46e4-b9e7-d39afdf8c51d,2026-04-25T16:56:35.534639-04:00,node-01,checkout-api,500,True,anomalous,market_aware_v1,65.722,56.244,180.23,31.159,1.169,86.698,68.127,2.536
cbc5eee5-dfc4-4e31-b91c-f0afb6fa7474,2026-04-25T16:56:35.535195-04:00,node-01,payments-api,200,True,normal,market_aware_v1,56.52,55.549,185.333,28.489,0.737,85.164,60.028,1.914
62ece6c2-1cfa-4cb3-a736-0f7a3c645641,2026-04-25T16:56:35.535728-04:00,node-01,orders-api,200,True,anomalous,market_aware_v1,67.031,52.487,160.675,33.686,0.91,78.869,88.852,1.961
4ddb68ca-e53b-4934-b456-edd9c8632a6c,2026-04-25T16:56:35.536317-04:00,node-01,checkout-api,502,True,normal,market_aware_v1,60.617,54.25,165.809,30.124,0.909,84.353,71.411,2.207
4a25e1b3-4df3-4b07-af88-0ed3ff4f5837,2026-04-25T16:56:35.537192-04:00,node-01,payments-api,500,True,anomalous,market_aware_v1,62.234,60.313,207.073,29.616,1.139,87.869,53.407,2.535
fb16cb6d-d3b6-4074-ace4-9d7cdfbb3b98,2026-04-25T16:56:35.537718-04:00,node-01,orders-api,429,True,normal,market_aware_v1,60.683,50.685,151.801,33.692,0.553,77.279,88.368,1.553
0e35a716-7bc5-4ca3-b685-aa2d24a8f887,2026-04-25T16:56:35.538212-04:00,node-01,checkout-api,200,True,normal,market_aware_v1,62.588,56.009,154.89,27.456,0.667,72.102,76.901,1.663
624b4555-16f1-46e5-a29a-f13883c27719,2026-04-25T16:56:35.538724-04:00,node-01,payments-api,200,True,normal,market_aware_v1,58.056,58.022,179.331,27.078,0.71,78.899,56.214,1.865
db51fa5a-93e0-439b-ad1a-396732ec587f,2026-04-25T16:56:35.539201-04:00,node-01,orders-api,200,True,normal,market_aware_v1,59.864,56.081,157.762,32.754,0.597,74.655,95.073,1.472
ed8ed60d-f6e3-424d-b142-3e592fafb5d1,2026-04-25T16:56:35.539713-04:00,node-01,checkout-api,429,True,normal,market_aware_v1,56.316,52.86,160.513,30.088,0.757,78.004,61.718,1.796
e8656004-bbee-4303-9322-3311edbcce9a,2026-04-25T16:56:35.540189-04:00,node-01,payments-api,200,True,normal,market_aware_v1,53.439,54.715,173.256,25.369,0.694,83.872,50.057,1.815
b8f1f7c0-b2a2-483b-ba7a-8e1499890b23,2026-04-25T16:56:35.540662-04:00,node-01,orders-api,200,True,normal,market_aware_v1,56.63,50.346,148.753,30.34,0.573,73.366,94.58,1.415
d380f62a-9167-402d-baf2-18777973ce4a,2026-04-25T16:56:35.541120-04:00,node-01,checkout-api,429,True,normal,market_aware_v1,54.861,48.781,156.636,30.736,0.701,72.301,70.435,1.556
096af2f8-f1a6-411a-a7f2-3b78bcceb85c,2026-04-25T16:56:35.541620-04:00,node-01,payments-api,200,True,normal,market_aware_v1,50.774,53.79,157.671,25.67,0.648,75.229,52.645,1.716
3eee1bb0-2b84-4d12-80b1-316474bf3c13,2026-04-25T16:56:35.542099-04:00,node-01,orders-api,200,True,normal,market_aware_v1,60.762,45.404,152.328,31.081,0.692,78.25,79.509,1.659
90ea0cde-6b01-4f4f-9fc1-6a7a8617fcd2,2026-04-25T16:56:35.542569-04:00,node-01,checkout-api,429,True,anomalous,market_aware_v1,58.571,53.686,169.057,29.85,1.079,80.542,56.357,2.209
5a613d91-b9b4-4fe0-9f0d-57722498156d,2026-04-25T16:56:35.543060-04:00,node-01,payments-api,200,True,normal,market_aware_v1,51.452,49.261,177.543,26.337,0.769,84.459,41.536,1.86
41af0d83-2f59-4bfb-a968-741e2c8e97e2,2026-04-25T16:56:35.543568-04:00,node-01,orders-api,200,True,normal,market_aware_v1,58.168,42.966,159.508,29.095,0.625,76.62,85.635,1.611
1508348f-6b61-482d-a69c-38d9aa6d9ed4,2026-04-25T16:56:35.544058-04:00,node-01,checkout-api,200,True,normal,market_aware_v1,54.972,48.333,167.358,26.402,0.803,78.601,54.834,1.834
8e4a2564-7d70-41a7-bed6-517f9d698439,2026-04-25T16:56:35.544552-04:00,node-01,payments-api,429,True,normal,market_aware_v1,45.905,50.083,165.97,23.004,0.627,69.638,44.871,1.518
5b0d4d8d-40bb-45bb-b30a-b2c6417437ed,2026-04-25T16:56:35.545023-04:00,node-01,orders-api,200,True,normal,market_aware_v1,53.937,46.841,129.777,29.221,0.571,68.762,78.83,1.349
77fe8178-8ca1-4700-80f7-e1555e5b2f5f,2026-04-25T16:56:35.545519-04:00,node-01,checkout-api,200,True,normal,market_aware_v1,50.578,49.055,176.027,24.61,0.784,76.103,54.684,1.784
c06f51bd-3812-4173-8640-a39e9a0976ee,2026-04-25T16:56:35.546000-04:00,node-01,payments-api,429,True,normal,market_aware_v1,44.519,49.685,156.14,22.358,0.606,72.184,41.49,1.528
a959a1df-849c-40bd-b7b5-70c57ab49688,2026-04-25T16:56:35.546466-04:00,node-01,orders-api,200,True,normal,market_aware_v1,51.758,46.295,145.025,29.972,0.473,75.891,80.161,1.448
2cd52549-bb3b-4235-b54d-1dbff4631734,2026-04-25T16:56:35.546927-04:00,node-01,checkout-api,200,True,normal,market_aware_v1,49.272,46.906,154.613,28.252,0.676,77.911,51.439,1.805
7ad506f8-8336-4532-85fe-3b0a7e898743,2026-04-25T16:56:35.547444-04:00,node-01,payments-api,500,True,normal,market_aware_v1,45.513,51.193,176.607,24.47,0.787,89.29,31.018,2.016
d976277e-01d9-4961-a051-3284fff08ab9,2026-04-25T16:56:35.547927-04:00,node-01,orders-api,200,True,normal,market_aware_v1,54.582,45.902,147.853,30.647,0.547,73.265,86.832,1.423
dbff21f1-68f3-4dfa-bb9a-e8918ae89e87,2026-04-25T16:56:35.548423-04:00,node-01,checkout-api,200,True,normal,market_aware_v1,51.661,50.172,173.311,28.047,0.798,82.585,62.432,1.967
8a3d38f7-5dbd-4927-9a63-42ba50c89eab,2026-04-25T16:56:35.548883-04:00,node-01,payments-api,429,True,normal,market_aware_v1,48.273,51.246,188.909,24.755,0.73,85.583,45.655,2.058
2077a87d-7951-41e8-beae-9005ed5ed9ae,2026-04-25T16:56:35.549373-04:00,node-01,orders-api,200,True,normal,market_aware_v1,57.21,45.547,142.234,31.097,0.497,69.892,81.739,1.314
3cc8efef-864a-47f3-bfb7-ac11f85618c8,2026-04-25T16:56:35.549919-04:00,node-01,checkout-api,200,True,normal,market_aware_v1,54.193,48.141,168.459,27.937,0.762,80.433,54.271,1.819
aae8ae23-8df7-4251-be9d-c9a1f25345bb,2026-04-25T16:56:35.550510-04:00,node-01,payments-api,502,True,normal,market_aware_v1,53.323,49.273,183.259,25.994,0.789,84.942,41.933,2.043
894e2af8-3ecb-48b3-8a40-0619afa98c1d,2026-04-25T16:56:35.551141-04:00,node-01,orders-api,429,True,normal,market_aware_v1,53.631,48.818,141.569,29.42,0.525,74.115,90.469,1.397
9b3e3284-fd3f-4481-9af9-86fe59b72fb9,2026-04-25T16:56:35.552083-04:00,node-01,checkout-api,200,True,normal,market_aware_v1,55.855,53.609,167.767,26.765,0.837,82.758,56.416,1.948
6bc26cc7-aa3c-469c-aac2-5e30f9d5a04a,2026-04-25T16:56:35.552587-04:00,node-01,payments-api,200,True,normal,market_aware_v1,52.266,54.248,163.038,23.494,0.595,74.169,53.589,1.604
2b878046-39d8-496a-8cf5-0f16b6224e0f,2026-04-25T16:56:35.553072-04:00,node-01,orders-api,429,True,normal,market_aware_v1,59.7,46.507,166.227,29.49,0.524,75.724,85.732,1.467
53ad0736-3dc1-4ddd-b1e4-45cbabe02de7,2026-04-25T16:56:35.553591-04:00,node-01,checkout-api,200,True,normal,market_aware_v1,55.523,50.877,181.301,29.753,0.824,79.869,63.916,1.839
5d1dff1f-2bf4-4fd6-9414-740de5a31518,2026-04-25T16:56:35.554081-04:00,node-01,payments-api,429,True,anomalous,market_aware_v1,54.937,56.551,175.344,27.259,0.986,81.998,48.673,2.29
b991e256-41fe-42d2-a13f-f6e5d0e5f59e,2026-04-25T16:56:35.554575-04:00,node-01,orders-api,429,True,normal,market_aware_v1,60.166,48.946,156.874,33.038,0.576,76.411,85.26,1.349
95a0e263-51c3-49c3-825c-dadad3ebf9e4,2026-04-25T16:56:35.555064-04:00,node-01,checkout-api,429,True,normal,market_aware_v1,61.774,49.54,177.899,28.531,0.764,81.762,68.137,1.851
136eb4cd-9f9c-43d1-bcb5-98a27ca59bca,2026-04-25T16:56:35.555527-04:00,node-01,payments-api,200,True,normal,market_aware_v1,51.912,56.282,176.242,28.19,0.738,84.509,54.551,1.977
fa96ea00-2014-4a3b-8048-90212122dd33,2026-04-25T16:56:35.555961-04:00,node-01,orders-api,200,True,normal,market_aware_v1,60.116,48.52,150.836,33.018,0.643,77.932,85.605,1.559
831e9193-6f99-477f-b815-d548975da7ad,2026-04-25T16:56:35.556416-04:00,node-01,checkout-api,200,True,normal,market_aware_v1,59.405,51.868,164.757,32.585,0.832,76.056,64.256,1.899
f27cb26b-dd23-4195-b488-8181a7adfd50,2026-04-25T16:56:35.556928-04:00,node-01,payments-api,200,True,normal,market_aware_v1,58.17,55.17,172.829,25.716,0.659,76.589,56.589,1.714
ff3e1e88-8559-419b-a39f-fb70eb933290,2026-04-25T16:56:35.557662-04:00,node-01,orders-api,429,True,normal,market_aware_v1,61.577,48.453,157.876,33.302,0.656,80.977,84.677,1.73
d047700a-af14-4e3b-9c43-97571773487b,2026-04-25T16:56:35.558278-04:00,node-01,checkout-api,502,True,anomalous,market_aware_v1,65.159,54.727,176.341,30.827,1.197,86.784,54.822,2.415
b14349ea-9f79-4b8f-bff8-60e472221ffb,2026-04-25T16:56:35.558762-04:00,node-01,payments-api,502,True,anomalous,market_aware_v1,54.06,55.804,178.858,27.088,0.957,78.604,48.727,2.109
44f0b364-8024-4763-bfb5-3512efa3336a,2026-04-25T16:56:35.559274-04:00,node-01,orders-api,200,True,normal,market_aware_v1,61.467,50.19,154.616,30.206,0.621,76.011,92.413,1.505
7f0eba69-4a43-485f-a4b8-9d9ce892ebe8,2026-04-25T16:56:35.559982-04:00,node-01,checkout-api,200,True,normal,market_aware_v1,56.865,52.941,152.014,27.038,0.722,76.051,67.592,1.751
b3de7452-c6e1-436f-bf2e-58fc86f50967,2026-04-25T16:56:35.560490-04:00,node-01,payments-api,200,True,normal,market_aware_v1,49.777,53.062,185.377,26.471,0.789,88.385,48.167,1.989
abe1d197-104b-41e2-b8c9-b2f08e812c70,2026-04-25T16:56:35.560937-04:00,node-01,orders-api,200,True,normal,market_aware_v1,61.091,49.625,144.141,29.678,0.516,77.999,83.556,1.546
19a13a58-a391-4550-9fa3-e2812e2758e1,2026-04-25T16:56:35.561393-04:00,node-01,checkout-api,200,True,normal,market_aware_v1,55.217,50.338,166.743,28.524,0.725,80.391,62.678,1.911
b3de0d7d-6c28-4e0b-bf2f-c1cb5488ba58,2026-04-25T16:56:35.561916-04:00,node-01,payments-api,429,True,anomalous,market_aware_v1,50.642,57.642,168.638,26.706,0.957,79.068,46.59,2.159
ae7557ef-d63c-49c2-a59a-c16196044b68,2026-04-25T16:56:35.562412-04:00,node-01,orders-api,429,True,normal,market_aware_v1,55.726,48.65,155.689,30.821,0.674,83.626,84.187,1.83
98852836-6e97-4b18-8a6d-d6d873b1e8ca,2026-04-25T16:56:35.562917-04:00,node-01,checkout-api,429,True,normal,market_aware_v1,59.447,52.106,171.166,29.252,0.792,83.243,57.084,1.92
dae467df-fc38-48e9-852e-490eac8bfec7,2026-04-25T16:56:35.563415-04:00,node-01,payments-api,200,True,normal,market_aware_v1,49.934,53.277,163.137,24.98,0.698,76.099,51.574,1.649
bf48952a-7d89-45fb-88c5-30f1d0150e64,2026-04-25T16:56:35.563928-04:00,node-01,orders-api,429,True,normal,market_aware_v1,53.016,46.954,157.418,30.465,0.68,87.047,77.92,1.659
87b03def-4a5d-4b71-8153-8f752cde5c1c,2026-04-25T16:56:35.564416-04:00,node-01,checkout-api,200,True,normal,market_aware_v1,52.133,49.885,152.338,28.356,0.679,72.698,63.427,1.603
1a1fee91-5b7f-406f-87e3-f95c8989036c,2026-04-25T16:56:35.564870-04:00,node-01,payments-api,429,True,normal,market_aware_v1,49.24,52.702,179.617,23.88,0.677,83.298,43.085,1.875
330fb81a-af90-48f5-84a4-016e59ac697e,2026-04-25T16:56:35.565329-04:00,node-01,orders-api,502,True,anomalous,market_aware_v1,55.142,51.035,159.066,29.662,0.91,81.572,76.548,2.077
610e1b78-9876-4238-9d16-0e9a326fc460,2026-04-25T16:56:35.565862-04:00,node-01,checkout-api,200,True,normal,market_aware_v1,49.622,48.511,160.721,26.867,0.797,74.663,60.591,1.838
3ecf379e-7d9f-4f16-9f92-13768f9c83bc,2026-04-25T16:56:35.566386-04:00,node-01,payments-api,200,True,normal,market_aware_v1,52.905,52.918,168.544,23.783,0.64,77.615,43.224,1.656
328aee87-7d60-4c91-8fe7-d2641678513f,2026-04-25T16:56:35.566898-04:00,node-01,orders-api,200,True,normal,market_aware_v1,53.333,47.359,145.906,30.642,0.569,74.105,79.049,1.393
ddd40eb6-62b7-466a-b77b-5dd2fcf75812,2026-04-25T16:56:35.567377-04:00,node-01,checkout-api,500,True,anomalous,market_aware_v1,55.276,52.67,190.298,29.335,1.208,91.07,51.768,2.662
9c7a901a-54fd-417e-bd50-394091f45468,2026-04-25T16:56:35.567870-04:00,node-01,payments-api,200,True,normal,market_aware_v1,52.1,52.747,161.327,24.722,0.618,78.134,55.283,1.781
8ea56407-d061-4329-8f95-b9eab1bd6ecf,2026-04-25T16:56:35.568286-04:00,node-01,orders-api,429,True,normal,market_aware_v1,56.387,49.102,147.05,32.545,0.658,83.083,87.107,1.725
afc6b3f2-7f4d-42a7-9d52-b978a5f8352d,2026-04-25T16:56:35.568726-04:00,node-01,checkout-api,429,True,anomalous,market_aware_v1,62.981,54.446,201.715,29.254,1.179,88.011,57.359,2.48
15eea65a-d77e-42e5-8fba-8f3c5ccb1483,2026-04-25T16:56:35.569336-04:00,node-01,payments-api,200,True,normal,market_aware_v1,58.236,53.165,157.883,24.916,0.589,71.782,53.007,1.649
5a051fdc-9c3e-4ca8-ac6a-c04554fcd2ff,2026-04-25T16:56:35.569865-04:00,node-01,orders-api,200,True,normal,market_aware_v1,63.484,49.44,157.961,31.504,0.595,81.572,81.901,1.518
922d334c-96b5-4a23-b2ce-5cf0350b5e69,2026-04-25T16:56:35.570369-04:00,node-01,checkout-api,500,True,anomalous,market_aware_v1,64.011,56.624,185.487,30.149,1.224,84.228,56.7,2.493
5d9f5d89-184c-473f-9801-18dfd17bfd83,2026-04-25T16:56:35.570934-04:00,node-01,payments-api,429,True,normal,market_aware_v1,54.893,56.714,181.692,25.15,0.769,82.37,56.643,1.889
367f454f-c4e7-4030-b370-c612f148d0ab,2026-04-25T16:56:35.571427-04:00,node-01,orders-api,429,True,normal,market_aware_v1,59.137,51.812,156.375,31.931,0.664,81.34,86.606,1.741
5d7b2d59-fa89-4708-8dbf-7b2b772d854e,2026-04-25T16:56:35.572147-04:00,node-01,checkout-api,200,True,normal,market_aware_v1,63.381,52.26,170.774,33.648,0.829,73.778,69.656,1.899
0592dd80-fc0e-440e-a676-9989784efa95,2026-04-25T16:56:35.572864-04:00,node-01,payments-api,429,True,normal,market_aware_v1,53.907,57.972,174.135,27.874,0.649,80.586,58.847,1.742
413b6474-a61f-4332-b4b9-378ecee87fb1,2026-04-25T16:56:35.573377-04:00,node-01,orders-api,200,True,normal,market_aware_v1,66.088,52.152,168.19,33.363,0.707,82.858,87.909,1.798
f3d33e3a-5e99-4a2e-9dfd-d36cef01e055,2026-04-25T16:56:35.573877-04:00,node-01,checkout-api,200,True,normal,market_aware_v1,55.06,55.609,162.473,29.194,0.731,77.209,75.246,1.717
d07aa196-7066-4804-b373-0a926e1ed04e,2026-04-25T16:56:35.574378-04:00,node-01,payments-api,200,True,normal,market_aware_v1,58.478,58.828,166.082,27.278,0.637,79.237,58.429,1.753
8af0aaa9-c5a1-4788-aea0-cd41949e8102,2026-04-25T16:56:35.574870-04:00,node-01,orders-api,200,True,normal,market_aware_v1,63.866,54.652,158.986,32.452,0.636,80.945,93.234,1.68
d985b772-536d-47c6-8553-6357a595e085,2026-04-25T16:56:35.575355-04:00,node-01,checkout-api,502,True,normal,market_aware_v1,66.756,56.638,179.182,31.204,0.83,85.664,67.114,2.024
5a9c3595-1457-4c18-85d5-a4c3666917a8,2026-04-25T16:56:35.575850-04:00,node-01,payments-api,429,True,normal,market_aware_v1,54.121,60.253,189.404,29.654,0.778,86.182,52.509,2.285
7e01ba58-de34-4632-9db6-bb7dc35c1b16,2026-04-25T16:56:35.576354-04:00,node-01,orders-api,200,True,normal,market_aware_v1,62.974,52.925,164.723,33.397,0.61,80.366,88.903,1.609
d839e82f-45fc-493e-b5fe-09330a8f768b,2026-04-25T16:56:35.576867-04:00,node-01,checkout-api,200,True,normal,market_aware_v1,61.988,52.913,173.294,29.558,0.744,80.081,71.144,1.838
41f181d0-c460-43a3-bcf9-750e5a8a1e2a,2026-04-25T16:56:35.577382-04:00,node-01,payments-api,200,True,normal,market_aware_v1,56.182,56.787,174.568,27.805,0.802,87.174,57.324,1.935
4344acd7-86a6-4b6d-a623-44259c9e9d56,2026-04-25T16:56:35.577879-04:00,node-01,orders-api,200,True,normal,market_aware_v1,62.281,51.632,152.957,34.593,0.561,76.569,89.494,1.425
55f701f6-24d5-4e06-bc98-ca5549263d57,2026-04-25T16:56:35.578409-04:00,node-01,checkout-api,200,True,normal,market_aware_v1,60.076,53.824,151.863,30.182,0.778,76.657,73.465,1.791
5a2eb078-b84e-48d2-9c5c-e749a8d1fe57,2026-04-25T16:56:35.578935-04:00,node-01,payments-api,429,True,anomalous,market_aware_v1,55.237,56.58,190.485,27.924,1.245,88.712,49.224,2.758
3218e25b-6514-476a-ab07-6f557ad9167d,2026-04-25T16:56:35.579417-04:00,node-01,orders-api,200,True,normal,market_aware_v1,58.909,48.05,137.821,33.231,0.557,75.473,88.873,1.485
d0a9aea8-fc1f-43a6-bf57-e9e95070f762,2026-04-25T16:56:35.579863-04:00,node-01,checkout-api,503,True,normal,market_aware_v1,58.866,50.114,179.204,30.12,0.919,88.875,63.884,2.12
bb10324a-6a2d-454d-8d19-b3ea6cf6600d,2026-04-25T16:56:35.580339-04:00,node-01,payments-api,200,True,normal,market_aware_v1,56.441,55.748,164.705,26.662,0.722,76.903,62.753,1.596
2c85046a-2ad3-45a9-9507-382b9c665539,2026-04-25T16:56:35.580861-04:00,node-01,orders-api,429,True,normal,market_aware_v1,57.821,48.467,154.097,30.774,0.597,80.954,82.125,1.684
48bf1166-bf18-4d18-aa4c-0eb60061ce54,2026-04-25T16:56:35.581348-04:00,node-01,checkout-api,200,True,normal,market_aware_v1,53.708,53.623,154.004,26.99,0.559,69.925,67.83,1.417
aa6c560c-627c-4857-b2a3-2ce693a9ccbb,2026-04-25T16:56:35.581850-04:00,node-01,payments-api,429,True,normal,market_aware_v1,53.912,51.207,189.48,26.348,0.967,88.04,46.427,2.519
2453fd88-5089-4385-a2af-35ee38ecdbab,2026-04-25T16:56:35.582338-04:00,node-01,orders-api,502,True,anomalous,market_aware_v1,56.882,47.521,181.748,31.665,1.0,85.072,78.712,2.206
aeba9a77-f8f9-49f6-9d51-628c11aadb6b,2026-04-25T16:56:35.582833-04:00,node-01,checkout-api,429,True,normal,market_aware_v1,54.424,49.182,163.832,28.174,0.774,79.942,58.24,1.876
c3de9593-9e0e-449d-ae25-aa626e2e7464,2026-04-25T16:56:35.583313-04:00,node-01,payments-api,429,True,normal,market_aware_v1,45.148,51.525,161.77,22.681,0.663,76.171,47.541,1.643
fcad8328-24a7-45ca-b083-249ecd18c4c0,2026-04-25T16:56:35.583839-04:00,node-01,orders-api,200,True,normal,market_aware_v1,53.599,43.452,158.392,29.977,0.661,79.984,76.774,1.598
2db2bcaf-2335-43b4-a5aa-5e01cb13c5bb,2026-04-25T16:56:35.584298-04:00,node-01,checkout-api,429,True,normal,market_aware_v1,51.998,47.578,184.319,27.942,0.84,87.704,48.818,2.172
c0d0bdb5-70dd-43a2-ad28-17f51c8ca548,2026-04-25T16:56:35.584716-04:00,node-01,payments-api,200,True,normal,market_aware_v1,44.34,51.076,173.872,23.247,0.728,82.204,43.913,1.887
06ad60cb-076c-4eb8-973d-b42c9f6b7d79,2026-04-25T16:56:35.585147-04:00,node-01,orders-api,500,True,anomalous,market_aware_v1,58.727,45.711,168.994,29.542,0.93,83.715,70.622,2.133
991b1467-5e79-48b8-8ae7-367d7777d8dd,2026-04-25T16:56:35.585656-04:00,node-01,checkout-api,200,True,normal,market_aware_v1,52.355,45.597,150.332,28.315,0.791,80.064,50.925,1.76
860ba786-6f29-4b7a-8fe0-2bcfefb35731,2026-04-25T16:56:35.586111-04:00,node-01,payments-api,429,True,normal,market_aware_v1,49.539,52.701,177.416,23.48,0.743,85.507,47.45,1.893
fd04dc97-c9d2-4b23-98ec-0dd29c721321,2026-04-25T16:56:35.586544-04:00,node-01,orders-api,200,True,normal,market_aware_v1,56.942,49.625,145.817,29.67,0.597,74.46,76.978,1.513
415740d0-ff1a-4972-9b89-403691e11786,2026-04-25T16:56:35.586957-04:00,node-01,checkout-api,200,True,normal,market_aware_v1,51.854,47.928,176.879,24.619,0.813,80.653,51.319,1.923
428a932e-87ac-4612-af83-284c4155464f,2026-04-25T16:56:35.587358-04:00,node-01,payments-api,200,True,normal,market_aware_v1,46.644,50.685,177.986,24.424,0.806,84.908,39.084,1.991
f0e101f3-61fb-4db6-9b23-bb7b01ecae0b,2026-04-25T16:56:35.587774-04:00,node-01,orders-api,429,True,normal,market_aware_v1,54.019,47.224,148.78,29.201,0.513,76.058,81.698,1.368
43b3e937-b761-43b7-8d87-9607c4d70d1e,2026-04-25T16:56:35.588192-04:00,node-01,checkout-api,200,True,normal,market_aware_v1,53.91,50.141,157.79,28.381,0.74,79.03,53.478,1.854
91edba20-c1b6-4f37-b8db-dc3618c038ad,2026-04-25T16:56:35.588703-04:00,node-01,payments-api,503,True,anomalous,market_aware_v1,52.869,54.315,179.365,25.378,1.022,82.974,42.402,2.316
2ab63386-44be-4c85-8a72-4af67d8f0d47,2026-04-25T16:56:35.589193-04:00,node-01,orders-api,429,True,normal,market_aware_v1,54.732,47.512,144.918,30.906,0.467,74.522,80.53,1.386
ee2c823d-d315-43a0-8588-627c2dc4fb35,2026-04-25T16:56:35.589642-04:00,node-01,checkout-api,503,True,normal,market_aware_v1,53.819,50.03,168.623,30.243,0.755,85.625,53.264,2.028
a8c62700-e466-4a89-a590-d241015d2a66,2026-04-25T16:56:35.590089-04:00,node-01,payments-api,200,True,normal,market_aware_v1,50.569,55.307,176.765,25.082,0.701,85.416,48.971,1.945
7602a161-e997-4f3c-886d-4d5a5a207b01,2026-04-25T16:56:35.590506-04:00,node-01,orders-api,429,True,normal,market_aware_v1,57.254,51.099,150.007,31.537,0.536,74.142,88.969,1.45
7992c350-44a1-4d95-a7fc-17b4ad5b949e,2026-04-25T16:56:35.591013-04:00,node-01,checkout-api,429,True,normal,market_aware_v1,56.619,51.092,161.702,28.717,0.802,78.374,60.647,1.869
c5774eb0-2d61-48ca-85e9-8e75e2dfef59,2026-04-25T16:56:35.591519-04:00,node-01,payments-api,200,True,normal,market_aware_v1,52.482,55.491,181.422,25.513,0.707,87.262,45.529,1.898
994e05cb-e41e-4151-a10a-6b0afbb37fa6,2026-04-25T16:56:35.592009-04:00,node-01,orders-api,429,True,normal,market_aware_v1,60.167,48.752,152.477,33.326,0.615,80.68,87.65,1.656
9673e271-6007-4cd4-8348-b7c9c7f5c7c9,2026-04-25T16:56:35.592513-04:00,node-01,checkout-api,200,True,normal,market_aware_v1,58.554,50.251,173.607,28.93,0.72,76.811,67.556,1.828
46fe09d7-fae5-484d-b953-a18696dd9d62,2026-04-25T16:56:35.592981-04:00,node-01,payments-api,503,True,normal,market_aware_v1,52.114,55.262,192.136,27.2,0.895,93.608,53.989,2.296
ad3bc40d-5b8d-46a7-a33d-043b6adb7588,2026-04-25T16:56:35.593420-04:00,node-01,orders-api,429,True,normal,market_aware_v1,60.423,49.689,155.777,32.092,0.727,83.82,84.684,1.736
e03245a6-641f-4ebb-ace2-1ef10e731418,2026-04-25T16:56:35.593872-04:00,node-01,checkout-api,200,True,normal,market_aware_v1,58.113,48.269,154.292,30.608,0.697,70.898,72.844,1.522
dec7bec4-7dea-4af6-9d1d-c314ead28a46,2026-04-25T16:56:35.594366-04:00,node-01,payments-api,200,True,normal,market_aware_v1,54.879,57.015,179.559,28.268,0.769,81.904,54.696,1.915
6ff6b3fc-ce0d-462e-b36f-02751e3f98b0,2026-04-25T16:56:35.594839-04:00,node-01,orders-api,200,True,normal,market_aware_v1,63.257,52.9,167.699,32.393,0.661,79.689,85.838,1.652
695cf7d6-334a-41f1-90b4-26c0c26a1219,2026-04-25T16:56:35.595334-04:00,node-01,checkout-api,503,True,normal,market_aware_v1,62.425,55.161,176.599,29.629,0.933,92.776,63.807,2.33
7e128e14-b86f-43e6-a7a0-89ad5768228f,2026-04-25T16:56:35.596305-04:00,node-01,payments-api,200,True,normal,market_aware_v1,52.754,54.971,186.226,26.753,0.716,82.236,48.576,1.859
dc75c7d3-f126-4a12-b6bb-2c046cec68f2,2026-04-25T16:56:35.596751-04:00,node-01,orders-api,429,True,normal,market_aware_v1,57.886,46.866,161.862,33.836,0.625,81.895,87.848,1.687
1679ab6c-3324-4614-a893-6a1f5709b832,2026-04-25T16:56:35.597215-04:00,node-01,checkout-api,200,True,normal,market_aware_v1,55.386,51.503,154.001,29.9,0.701,71.669,64.648,1.631
7b8daafe-c608-4ad8-b227-e11adb189c30,2026-04-25T16:56:35.597944-04:00,node-01,payments-api,502,True,normal,market_aware_v1,55.379,52.481,192.725,25.027,1.029,89.039,52.251,2.566
05d3332e-6364-43de-b75f-3fb7785b06f7,2026-04-25T16:56:35.598412-04:00,node-01,orders-api,200,True,normal,market_aware_v1,63.172,48.114,168.265,29.359,0.714,87.84,83.223,1.783
66d3ef52-3bc9-4c71-8a96-beb99ceeb7f2,2026-04-25T16:56:35.598920-04:00,node-01,checkout-api,429,True,normal,market_aware_v1,55.969,51.963,181.597,29.604,0.879,84.647,62.328,1.938
2a58f9da-484d-4ed4-b543-7a5a7759f7f4,2026-04-25T16:56:35.599417-04:00,node-01,payments-api,200,True,normal,market_aware_v1,56.398,52.346,180.987,26.42,0.712,83.504,42.383,1.865
72b7db4e-ebaf-4df9-ac47-18942727f379,2026-04-25T16:56:35.599909-04:00,node-01,orders-api,200,True,normal,market_aware_v1,55.235,49.33,152.409,27.705,0.518,80.022,83.686,1.615
d5d8fffa-3149-4431-9363-a2ee716275d3,2026-04-25T16:56:35.600398-04:00,node-01,checkout-api,200,True,normal,market_aware_v1,57.593,52.071,169.284,27.934,0.767,75.634,63.204,1.885
173d353c-b0c8-453c-921b-0935cd388f82,2026-04-25T16:56:35.600899-04:00,node-01,payments-api,429,True,normal,market_aware_v1,53.001,55.164,197.37,25.198,0.778,85.235,42.183,1.972
e7c6b657-02d1-43f1-8e41-0d3a563c8aa5,2026-04-25T16:56:35.601415-04:00,node-01,orders-api,200,True,normal,market_aware_v1,55.62,48.587,164.457,29.624,0.614,79.905,81.451,1.642
a988d9a0-b3ac-4bd2-8ec6-620fc8964b27,2026-04-25T16:56:35.601897-04:00,node-01,checkout-api,200,True,normal,market_aware_v1,55.215,50.458,160.92,25.751,0.722,78.207,62.38,1.602
53aed3f7-748a-4f70-8a32-7dba33726e62,2026-04-25T16:56:35.602347-04:00,node-01,payments-api,429,True,normal,market_aware_v1,46.556,51.269,158.96,25.848,0.622,72.794,44.399,1.708
957abaa5-2019-4c45-aaa6-b00895466831,2026-04-25T16:56:35.602780-04:00,node-01,orders-api,200,True,normal,market_aware_v1,54.466,46.599,156.314,30.024,0.624,77.926,81.841,1.733
63474ad3-20c4-4b42-9373-66ad6ca3def9,2026-04-25T16:56:35.603244-04:00,node-01,checkout-api,200,True,normal,market_aware_v1,53.075,50.878,161.341,26.523,0.796,81.316,55.611,1.837
c5ac189e-b26e-4891-9367-aae35bed3aff,2026-04-25T16:56:35.603756-04:00,node-01,payments-api,429,True,normal,market_aware_v1,52.58,50.445,170.167,26.864,0.722,83.636,48.836,1.8
7ac06c36-c4d8-4734-9773-5a6018bdb484,2026-04-25T16:56:35.604250-04:00,node-01,orders-api,429,True,normal,market_aware_v1,58.586,48.212,150.173,30.453,0.599,75.547,84.137,1.542
263f690f-9205-41ac-b477-16c9d914d209,2026-04-25T16:56:35.604714-04:00,node-01,checkout-api,200,True,normal,market_aware_v1,55.367,49.001,156.922,29.635,0.678,74.192,66.239,1.659
8987f080-f9f9-42f3-a613-f9520185be43,2026-04-25T16:56:35.605183-04:00,node-01,payments-api,200,True,normal,market_aware_v1,50.791,51.398,164.106,24.775,0.678,83.68,43.463,1.835
9188239b-1a0f-45a7-9731-9a242939fd66,2026-04-25T16:56:35.605670-04:00,node-01,orders-api,429,True,normal,market_aware_v1,59.598,50.765,166.207,29.926,0.528,77.031,77.618,1.495
3c8e583f-f111-4783-8d89-9b35bc815ddc,2026-04-25T16:56:35.606117-04:00,node-01,checkout-api,200,True,normal,market_aware_v1,56.875,51.288,165.233,27.795,0.834,83.959,63.72,1.968
4bbae358-cf67-4bea-9a87-2cfd9ae59f97,2026-04-25T16:56:35.606628-04:00,node-01,payments-api,200,True,normal,market_aware_v1,50.765,56.618,179.825,27.176,0.682,77.852,49.114,1.731
4c5912eb-f209-46e8-947f-ed59bc5f465b,2026-04-25T16:56:35.607122-04:00,node-01,orders-api,200,True,normal,market_aware_v1,61.379,49.02,164.28,32.103,0.588,80.317,84.268,1.569
94b8a280-83c1-427b-9c5c-0906d09cc6d2,2026-04-25T16:56:35.607617-04:00,node-01,checkout-api,200,True,normal,market_aware_v1,60.027,54.933,181.467,30.107,0.804,88.603,58.896,1.98
182abbd5-c039-43e2-b608-d37a986c16bd,2026-04-25T16:56:35.608092-04:00,node-01,payments-api,200,True,normal,market_aware_v1,57.537,53.627,170.471,29.733,0.663,79.152,53.16,1.723
17f6b239-9698-40c3-952f-1863a6973cdf,2026-04-25T16:56:35.608619-04:00,node-01,orders-api,200,True,normal,market_aware_v1,62.226,54.937,160.072,33.307,0.748,91.647,85.468,1.85
f6a597b5-854b-4644-9695-e19d0248b7fe,2026-04-25T16:56:35.609278-04:00,node-01,checkout-api,429,True,normal,market_aware_v1,64.633,54.088,179.465,30.698,0.8,82.366,66.007,2.038
78747989-2e5e-403e-8e07-31d8b2351f34,2026-04-25T16:56:35.609721-04:00,node-01,payments-api,503,True,anomalous,market_aware_v1,62.869,57.213,190.062,28.171,1.098,87.936,49.215,2.358
c7433ff4-5ced-4374-9b5a-20569919eba6,2026-04-25T16:56:35.610206-04:00,node-01,orders-api,200,True,normal,market_aware_v1,63.912,50.506,157.135,30.304,0.661,81.939,89.783,1.717
a4a49e3d-aef7-42ca-a760-f0f8adaaac24,2026-04-25T16:56:35.610758-04:00,node-01,checkout-api,500,True,normal,market_aware_v1,60.347,53.63,184.23,31.494,0.852,89.217,69.422,2.109
2ba26184-7fd8-4fe3-a7d7-6524177e3b55,2026-04-25T16:56:35.611161-04:00,node-01,payments-api,503,True,normal,market_aware_v1,58.208,58.256,202.261,28.328,0.768,92.85,55.874,2.067
fa19747f-6e9f-4556-bb3f-66df452221b5,2026-04-25T16:56:35.611593-04:00,node-01,orders-api,200,True,normal,market_aware_v1,64.738,51.371,150.974,32.374,0.729,85.458,88.614,1.737
356f9ac1-68ff-4bc7-9fcc-808348410730,2026-04-25T16:56:35.612100-04:00,node-01,checkout-api,200,True,normal,market_aware_v1,62.498,55.263,168.021,28.039,0.785,78.332,71.126,1.822
87fcdba1-a29b-4fa5-8c27-5fbb780a28d4,2026-04-25T16:56:35.612665-04:00,node-01,payments-api,429,True,normal,market_aware_v1,58.786,52.471,192.825,28.753,0.686,86.856,59.598,2.016
9ec17d53-dea5-4fb2-ad2a-069376108174,2026-04-25T16:56:35.613157-04:00,node-01,orders-api,200,True,normal,market_aware_v1,63.228,50.113,159.784,32.278,0.741,78.668,95.522,1.718
3b697da6-ff4a-4e08-b629-6a57a55a5bd7,2026-04-25T16:56:35.613654-04:00,node-01,checkout-api,200,True,normal,market_aware_v1,60.395,57.851,169.681,30.01,0.744,79.947,69.639,1.766
e7cae49f-7ce2-414a-a5e8-efffdd2f202d,2026-04-25T16:56:35.614144-04:00,node-01,payments-api,200,True,normal,market_aware_v1,60.473,57.21,191.773,30.241,0.793,87.709,48.828,1.999
5db7680d-88f4-4010-88e8-16bbe94e0129,2026-04-25T16:56:35.614654-04:00,node-01,orders-api,200,True,normal,market_aware_v1,61.624,49.902,157.846,32.92,0.559,78.254,93.485,1.508
f1e535bd-6c26-4361-b435-f1ee5c10457e,2026-04-25T16:56:35.615122-04:00,node-01,checkout-api,200,True,normal,market_aware_v1,61.534,54.342,167.565,31.907,0.727,78.218,73.854,1.761
abc480c5-c614-4ba4-a18b-9618fc666463,2026-04-25T16:56:35.615588-04:00,node-01,payments-api,429,True,normal,market_aware_v1,51.96,55.224,184.28,27.149,0.715,84.472,55.334,1.859
150c1229-6694-432f-9b8e-25555ec2804a,2026-04-25T16:56:35.616048-04:00,node-01,orders-api,503,True,normal,market_aware_v1,65.263,53.04,197.553,33.64,0.857,96.834,75.186,2.467
3949ec70-e3f2-4e6d-9c16-8daa8fde646c,2026-04-25T16:56:35.616558-04:00,node-01,checkout-api,500,True,normal,market_aware_v1,56.446,54.357,176.13,29.974,0.872,90.59,62.791,2.262
f021b8ca-3a0f-459b-90ca-75f81d52c0fe,2026-04-25T16:56:35.617037-04:00,node-01,payments-api,200,True,normal,market_aware_v1,54.124,52.984,186.434,26.429,0.712,81.076,49.163,1.779
2a3d492a-1e5a-4a35-ba95-068047d0bb4b,2026-04-25T16:56:35.617496-04:00,node-01,orders-api,200,True,normal,market_aware_v1,57.811,49.564,159.961,30.612,0.717,89.667,78.27,1.921
80368337-7005-450a-9d8d-27f785a434e4,2026-04-25T16:56:35.617955-04:00,node-01,checkout-api,200,True,normal,market_aware_v1,55.999,51.435,159.539,30.3,0.687,73.394,65.002,1.625
f0573dad-9513-4fd4-b985-62ddb771637b,2026-04-25T16:56:35.618391-04:00,node-01,payments-api,200,True,normal,market_aware_v1,52.551,50.37,177.172,25.413,0.686,79.095,46.165,1.771
2933a217-12e5-4c1d-8aca-f1b920985582,2026-04-25T16:56:35.618832-04:00,node-01,orders-api,200,True,normal,market_aware_v1,51.698,48.367,144.133,29.172,0.473,71.4,87.251,1.426
559bde1a-408f-466b-9eea-d02fafef4348,2026-04-25T16:56:35.619287-04:00,node-01,checkout-api,200,True,normal,market_aware_v1,52.397,48.808,153.235,27.962,0.682,72.332,62.378,1.655
9069dfa8-eecf-4940-a9a5-9e7ee9072cd3,2026-04-25T16:56:35.619759-04:00,node-01,payments-api,429,True,normal,market_aware_v1,48.473,50.688,167.14,26.354,0.743,79.023,45.654,1.933
ba6bb940-c1d5-4f06-91d7-88fd910227fc,2026-04-25T16:56:35.620270-04:00,node-01,orders-api,429,True,normal,market_aware_v1,56.142,46.753,164.702,27.693,0.653,78.992,78.144,1.651
a066ad7f-2263-4898-b636-50cc2d87f832,2026-04-25T16:56:35.620779-04:00,node-01,checkout-api,503,True,anomalous,market_aware_v1,57.396,50.699,190.439,28.703,1.163,95.206,46.436,2.664
71ac2823-8d1a-49dd-8936-47facc4c7dcd,2026-04-25T16:56:35.621403-04:00,node-01,payments-api,503,True,normal,market_aware_v1,49.175,48.434,181.319,24.796,0.8,84.341,37.415,2.052
39fb9cbc-1702-4bca-94e7-8e2d1ec6b035,2026-04-25T16:56:35.621936-04:00,node-01,orders-api,200,True,normal,market_aware_v1,55.883,45.086,149.693,28.142,0.671,80.302,81.458,1.701
bff6e8dd-1047-4ac9-afba-a16d4d12fbea,2026-04-25T16:56:35.622913-04:00,node-01,checkout-api,503,True,normal,market_aware_v1,52.996,51.686,183.25,26.149,0.845,82.737,56.199,2.099
2bb0197a-e4ea-4b1c-80e8-054934c89a61,2026-04-25T16:56:35.623416-04:00,node-01,payments-api,503,True,normal,market_aware_v1,49.156,51.234,183.304,23.876,0.743,82.967,46.625,2.006
17275186-61cb-4502-9c78-f4797b2dcfd7,2026-04-25T16:56:35.623911-04:00,node-01,orders-api,200,True,normal,market_aware_v1,53.12,44.985,152.571,29.171,0.581,82.867,76.059,1.583
73427295-c4e2-4a4f-9e22-e64405424d16,2026-04-25T16:56:35.624377-04:00,node-01,checkout-api,429,True,normal,market_aware_v1,50.722,49.275,158.453,27.193,0.764,77.417,57.19,1.864
696b509f-1d14-4f85-bd30-0874c93d3f08,2026-04-25T16:56:35.624824-04:00,node-01,payments-api,200,True,normal,market_aware_v1,54.134,53.899,195.606,23.353,0.684,86.687,37.995,1.956
a7ce886f-ac2d-4ee3-a7b7-ca0458de50d0,2026-04-25T16:56:35.625247-04:00,node-01,orders-api,429,True,normal,market_aware_v1,54.335,47.905,153.126,28.157,0.565,74.898,82.406,1.529
f63549d9-ccc4-4178-9583-0cb73dfa6fbb,2026-04-25T16:56:35.625686-04:00,node-01,checkout-api,429,True,normal,market_aware_v1,55.484,51.369,178.779,27.179,0.917,88.875,52.364,2.195
b0837531-cd36-4eba-a81c-893bb5c0833e,2026-04-25T16:56:35.626148-04:00,node-01,payments-api,200,True,normal,market_aware_v1,51.489,54.536,178.372,26.236,0.812,81.428,49.348,1.84
9b709e7f-5cb1-4c29-89f0-165d6e49b21e,2026-04-25T16:56:35.626651-04:00,node-01,orders-api,429,True,normal,market_aware_v1,58.344,45.886,154.28,30.84,0.649,77.482,83.342,1.642
45c6833e-689d-451b-ae5c-77d3d8b6b9a9,2026-04-25T16:56:35.627160-04:00,node-01,checkout-api,200,True,normal,market_aware_v1,58.609,49.693,176.972,30.62,0.818,83.397,53.906,1.93
f07d52c4-ca67-4244-b86a-ae7ffa57e823,2026-04-25T16:56:35.627619-04:00,node-01,payments-api,503,True,normal,market_aware_v1,53.831,53.22,203.026,28.809,1.101,96.078,37.903,2.719
a39f06cd-2451-4d4a-beca-05c4ee0075b8,2026-04-25T16:56:35.628053-04:00,node-01,orders-api,200,True,normal,market_aware_v1,58.183,50.495,153.273,32.544,0.71,85.769,82.82,1.819
51121898-4ca1-4e78-827d-6888276d5f77,2026-04-25T16:56:35.628514-04:00,node-01,checkout-api,503,True,normal,market_aware_v1,55.802,50.712,181.886,28.921,0.764,86.019,63.064,2.066
21a6376e-4121-47de-946e-0baa2efd7626,2026-04-25T16:56:35.628930-04:00,node-01,payments-api,200,True,normal,market_aware_v1,52.581,55.03,164.924,25.126,0.659,79.8,49.961,1.652
d4b006e5-57f7-4ee8-90ba-931efe9dbb03,2026-04-25T16:56:35.629368-04:00,node-01,orders-api,429,True,anomalous,market_aware_v1,64.723,52.1,167.021,31.129,0.992,89.847,74.853,2.335
010fd46a-d882-4e48-b865-21b0f9d9d22b,2026-04-25T16:56:35.629791-04:00,node-01,checkout-api,200,True,normal,market_aware_v1,61.585,54.412,182.639,28.224,0.775,81.49,65.454,1.985
10e20c67-51f9-40e6-b9a6-85298c8ec4d9,2026-04-25T16:56:35.630222-04:00,node-01,payments-api,500,True,normal,market_aware_v1,55.491,54.626,184.984,28.66,0.808,89.069,53.781,2.062
1fc33167-8da2-4178-8158-2feaf5638443,2026-04-25T16:56:35.630688-04:00,node-01,orders-api,200,True,normal,market_aware_v1,57.609,54.016,155.02,30.473,0.49,77.438,90.827,1.5
2d227c8a-bc6a-4b26-a8cc-70757dcb8e05,2026-04-25T16:56:35.631141-04:00,node-01,checkout-api,503,True,anomalous,market_aware_v1,63.586,56.193,195.205,30.817,1.2,89.953,58.062,2.681
299e1392-7aea-48f0-add5-1feff1150512,2026-04-25T16:56:35.631585-04:00,node-01,payments-api,502,True,normal,market_aware_v1,56.056,55.768,185.894,28.551,0.809,89.038,51.219,2.106
a78fb031-6b5e-4fe8-9e6f-818f6473cfa8,2026-04-25T16:56:35.631999-04:00,node-01,orders-api,200,True,normal,market_aware_v1,61.488,53.635,162.44,30.285,0.616,83.848,87.55,1.74
b1ce43ea-7fff-4f66-97c6-d4987715404b,2026-04-25T16:56:35.632418-04:00,node-01,checkout-api,200,True,normal,market_aware_v1,56.667,52.388,160.948,31.332,0.726,78.196,68.784,1.815
b9b8ca24-6fcf-4c15-80a8-5e658bb573c3,2026-04-25T16:56:35.632864-04:00,node-01,payments-api,200,True,normal,market_aware_v1,56.008,57.593,183.501,27.638,0.712,83.223,52.242,1.737
b8352ae4-4249-42f3-900a-0e3382709af2,2026-04-25T16:56:35.633288-04:00,node-01,orders-api,200,True,normal,market_aware_v1,59.199,49.564,148.757,31.317,0.694,85.504,83.444,1.835
66696b67-f2eb-485f-90be-4857cdd29d6e,2026-04-25T16:56:35.633795-04:00,node-01,checkout-api,200,True,normal,market_aware_v1,55.662,51.736,162.642,28.884,0.777,83.207,57.879,1.925
30997a07-aadb-468b-bcf5-57ca5e97c2ee,2026-04-25T16:56:35.634294-04:00,node-01,payments-api,200,True,normal,market_aware_v1,53.381,53.03,188.425,26.876,0.749,88.269,49.149,1.963
f82a2339-756b-48ee-886a-9ce3470f7295,2026-04-25T16:56:35.634793-04:00,node-01,orders-api,429,True,anomalous,market_aware_v1,58.125,47.551,174.546,33.38,1.062,91.113,82.27,2.33
1e3f1c16-781f-45c0-a3a1-9320fa1e65fd,2026-04-25T16:56:35.635232-04:00,node-01,checkout-api,429,True,normal,market_aware_v1,60.09,50.666,181.812,28.736,0.814,84.265,55.829,2.091
c624843a-7b94-4a4f-8e8c-30ba1d219dfe,2026-04-25T16:56:35.635662-04:00,node-01,payments-api,502,True,normal,market_aware_v1,50.372,52.138,181.636,26.321,0.811,90.996,43.038,2.139
e8b9ea57-dfaa-498f-89d1-78245e5e9743,2026-04-25T16:56:35.636109-04:00,node-01,orders-api,200,True,normal,market_aware_v1,63.083,47.166,160.36,31.171,0.635,81.237,84.023,1.552
9deaaec4-962c-4d68-9f85-380a3e8e5adc,2026-04-25T16:56:35.636624-04:00,node-01,checkout-api,429,True,normal,market_aware_v1,55.543,48.996,185.422,28.163,0.895,86.88,58.985,2.127
4bd4f08c-6dfb-4f31-abed-9074088ffa60,2026-04-25T16:56:35.637073-04:00,node-01,payments-api,200,True,normal,market_aware_v1,51.237,54.795,169.158,27.058,0.765,79.666,48.848,1.746
e238a94b-efb4-4c04-85f9-5aa028c6b026,2026-04-25T16:56:35.637601-04:00,node-01,orders-api,200,True,normal,market_aware_v1,58.605,51.412,162.058,28.822,0.579,73.96,85.779,1.458
d44aeca3-b124-489a-9dbb-336505630a06,2026-04-25T16:56:35.638118-04:00,node-01,checkout-api,200,True,normal,market_aware_v1,51.278,49.605,165.593,28.502,0.754,82.458,60.481,1.89
b0cd890c-d10c-4af6-a86e-587bbe262bb3,2026-04-25T16:56:35.638743-04:00,node-01,payments-api,500,True,normal,market_aware_v1,47.389,50.166,170.169,25.541,0.737,81.464,49.368,2.016
b5be8a07-69d8-4828-9962-a0440c20af5d,2026-04-25T16:56:35.639678-04:00,node-01,orders-api,429,True,normal,market_aware_v1,56.273,48.377,156.262,29.524,0.643,83.408,75.051,1.761
a0c155ef-8e81-42ee-adfd-e68a6edb112c,2026-04-25T16:56:35.640212-04:00,node-01,checkout-api,429,True,normal,market_aware_v1,54.056,52.189,203.108,30.507,0.985,90.318,57.441,2.529
b2cae3d4-f3a0-488d-8b51-e1758b90ff5d,2026-04-25T16:56:35.640738-04:00,node-01,payments-api,503,True,normal,market_aware_v1,53.993,52.307,190.52,24.943,0.877,96.329,38.836,2.271
9fe33040-6c80-47af-9c3a-5397266de9d1,2026-04-25T16:56:35.642162-04:00,node-01,orders-api,200,True,normal,market_aware_v1,55.734,46.884,149.18,29.066,0.594,77.709,83.711,1.604
2cbbc328-c828-4bcc-acec-9ebfbb7ef7d4,2026-04-25T16:56:35.642782-04:00,node-01,checkout-api,429,True,normal,market_aware_v1,55.278,50.999,158.305,25.102,0.792,78.016,62.407,1.905
5d67644d-9c10-4f8a-8c1c-40e216513033,2026-04-25T16:56:35.643321-04:00,node-01,payments-api,500,True,normal,market_aware_v1,54.231,51.501,170.842,25.674,0.778,83.754,48.726,2.002
484f6f57-a013-4e05-ad79-12612bc531f9,2026-04-25T16:56:35.643770-04:00,node-01,orders-api,429,True,normal,market_aware_v1,58.355,50.534,148.444,27.248,0.591,79.583,81.925,1.625
2697ce8b-4199-4376-9913-d1956d362e5e,2026-04-25T16:56:35.644220-04:00,node-01,checkout-api,200,True,normal,market_aware_v1,59.584,52.67,160.615,28.978,0.748,77.131,62.194,1.789
38093648-a4f8-4696-9c80-db5f8f17d0fd,2026-04-25T16:56:35.644693-04:00,node-01,payments-api,200,True,normal,market_aware_v1,55.672,52.047,184.964,26.819,0.781,81.644,48.378,1.955
3c964fbc-ad11-439d-9f94-689c12605e3e,2026-04-25T16:56:35.645143-04:00,node-01,orders-api,200,True,normal,market_aware_v1,63.4,48.163,169.584,30.358,0.704,81.899,84.318,1.816
67833b72-5711-40bb-a268-d2a5a94fdc1f,2026-04-25T16:56:35.645584-04:00,node-01,checkout-api,200,True,normal,market_aware_v1,58.046,52.603,172.056,28.591,0.726,83.648,57.456,1.973
99d64b55-cc70-40e7-b325-4141357cb4c6,2026-04-25T16:56:35.646067-04:00,node-01,payments-api,500,True,anomalous,market_aware_v1,60.071,57.572,188.738,28.331,1.189,92.143,49.745,2.609
1aebf7f6-9f51-4f9a-bd01-ffaaa8a4e6ac,2026-04-25T16:56:35.646936-04:00,node-01,orders-api,200,True,normal,market_aware_v1,61.231,50.141,173.161,33.639,0.679,89.015,86.488,1.926
52ee65bf-9a29-4020-a632-fe1cc5e8586b,2026-04-25T16:56:35.648503-04:00,node-01,checkout-api,502,True,anomalous,market_aware_v1,67.064,54.692,208.781,31.318,1.203,97.05,52.699,2.664
28f1a284-91a4-4bab-ab99-ed50d9350a4f,2026-04-25T16:56:35.650008-04:00,node-01,payments-api,429,True,normal,market_aware_v1,55.341,55.421,180.676,26.899,0.779,85.536,55.497,1.961
8807a9e4-424c-4270-bae4-4c736ae12ad7,2026-04-25T16:56:35.651016-04:00,node-01,orders-api,429,True,normal,market_aware_v1,64.862,51.388,167.87,32.95,0.704,89.069,92.76,1.876
15652125-d33a-4934-8e9a-5c675eae3220,2026-04-25T16:56:35.651702-04:00,node-01,checkout-api,429,True,anomalous,market_aware_v1,64.331,53.477,192.93,30.481,1.195,88.166,66.487,2.537
0f34e8a1-345f-4ca6-a14b-243f152c412b,2026-04-25T16:56:35.652180-04:00,node-01,payments-api,500,True,normal,market_aware_v1,59.125,58.337,196.63,25.937,0.793,88.794,59.287,2.121
09cee084-c9ca-464f-833c-a0d6deb4b318,2026-04-25T16:56:35.652678-04:00,node-01,orders-api,429,True,normal,market_aware_v1,59.208,55.957,147.682,31.29,0.551,78.261,94.002,1.612
af29ad7d-7a29-4569-b7ba-157087e58c7b,2026-04-25T16:56:35.653191-04:00,node-01,checkout-api,503,True,normal,market_aware_v1,63.048,55.715,178.412,30.628,0.858,88.508,67.67,2.081
d12cee5c-d225-4124-bddb-c7267cbdb137,2026-04-25T16:56:35.653691-04:00,node-01,payments-api,200,True,normal,market_aware_v1,57.882,56.415,178.712,29.446,0.725,82.056,55.945,1.855
8c918a9f-e48f-4c62-b735-18d56a46245a,2026-04-25T16:56:35.654186-04:00,node-01,orders-api,429,True,normal,market_aware_v1,64.535,52.623,169.361,33.012,0.726,84.38,82.328,1.791
93332979-6cc4-48cd-90da-9c650fc2948e,2026-04-25T16:56:35.654653-04:00,node-01,checkout-api,502,True,normal,market_aware_v1,61.318,55.53,178.145,29.015,0.843,87.312,60.737,2.155
f5b6bee6-9d08-49e6-9f48-220a87677a46,2026-04-25T16:56:35.655101-04:00,node-01,payments-api,502,True,normal,market_aware_v1,62.187,56.223,209.932,29.126,0.868,96.726,52.328,2.465
fb1d1545-a754-489e-848b-5ea34aa8ff2b,2026-04-25T16:56:35.655540-04:00,node-01,orders-api,200,True,normal,market_aware_v1,63.767,51.445,165.911,32.129,0.609,82.519,86.399,1.711
707e8b0e-b7d8-4a15-98e2-5360654b80a6,2026-04-25T16:56:35.656046-04:00,node-01,checkout-api,502,True,normal,market_aware_v1,59.696,55.078,186.79,30.136,0.826,86.21,62.126,2.085
463a5a6b-c222-4a26-acc5-904af152b852,2026-04-25T16:56:35.656506-04:00,node-01,payments-api,500,True,normal,market_aware_v1,58.77,56.626,199.714,26.492,0.847,89.059,54.679,2.295
7c1d7b70-10f5-4f9b-b6e8-6ad825b14cf7,2026-04-25T16:56:35.656964-04:00,node-01,orders-api,429,True,normal,market_aware_v1,63.164,46.668,155.698,32.567,0.606,73.988,87.612,1.564
95653d39-11eb-449c-8e6e-affc22e9f961,2026-04-25T16:56:35.657407-04:00,node-01,checkout-api,502,True,normal,market_aware_v1,58.215,50.869,186.067,31.31,0.882,92.718,58.352,2.39
60346e63-3c5f-4af3-98cb-012b1e6463ef,2026-04-25T16:56:35.657788-04:00,node-01,payments-api,502,True,anomalous,market_aware_v1,57.375,56.182,197.923,30.71,1.088,91.485,47.173,2.452
17c6811c-162b-4230-b534-1a8227c02174,2026-04-25T16:56:35.658270-04:00,node-01,orders-api,200,True,normal,market_aware_v1,54.422,48.572,175.867,32.7,0.731,90.049,81.995,1.939
06c0a49c-b5f7-4bed-b2b5-2f2dd01f1c7a,2026-04-25T16:56:35.658766-04:00,node-01,checkout-api,503,True,normal,market_aware_v1,58.885,50.261,182.877,27.659,0.862,87.058,55.182,2.073
ef31b114-e239-44fd-8bd5-3d99ee479558,2026-04-25T16:56:35.659268-04:00,node-01,payments-api,200,True,normal,market_aware_v1,53.861,53.885,183.561,24.187,0.772,83.671,49.936,1.933
3b54a787-47cf-4686-aa35-e8d9d0877f83,2026-04-25T16:56:35.659785-04:00,node-01,orders-api,200,True,normal,market_aware_v1,59.547,48.109,157.005,27.359,0.599,77.591,82.754,1.614
a141c12e-649e-43a9-a4d0-1aeee5652a5a,2026-04-25T16:56:35.660249-04:00,node-01,checkout-api,503,True,normal,market_aware_v1,50.31,48.808,166.08,27.901,0.735,84.61,56.391,2.014
9771c488-9471-48cf-8f33-4be0e5a8d727,2026-04-25T16:56:35.660697-04:00,node-01,payments-api,200,True,normal,market_aware_v1,49.646,49.712,183.355,24.351,0.602,81.19,42.513,1.827
cc5bbe58-9f9c-4a15-88d8-ddd857f642f8,2026-04-25T16:56:35.661122-04:00,node-01,orders-api,429,True,normal,market_aware_v1,54.816,49.948,168.522,29.836,0.693,85.737,72.512,1.905
4d6be551-67a0-4d47-be75-e11ff0cbeca4,2026-04-25T16:56:35.661543-04:00,node-01,checkout-api,200,True,normal,market_aware_v1,53.112,49.757,171.559,26.266,0.745,81.128,54.599,1.912
e15405ac-0013-4105-8a8d-22bad6919168,2026-04-25T16:56:35.661949-04:00,node-01,payments-api,502,True,anomalous,market_aware_v1,53.895,51.812,199.388,24.647,1.131,93.675,32.907,2.621
ba004580-32bc-40ce-af75-f8d76387bb91,2026-04-25T16:56:35.662402-04:00,node-01,orders-api,200,True,normal,market_aware_v1,56.961,45.412,163.183,29.671,0.666,81.97,71.18,1.595
1092d4bd-4471-46c4-ad09-24d9bee91e3e,2026-04-25T16:56:35.662867-04:00,node-01,checkout-api,200,True,normal,market_aware_v1,52.738,49.037,164.647,27.069,0.73,76.467,62.723,1.78
85cbe3f5-f6e3-47eb-a7a2-e53b4843b2fa,2026-04-25T16:56:35.663288-04:00,node-01,payments-api,200,True,normal,market_aware_v1,50.76,50.984,189.864,24.457,0.761,86.906,35.172,1.916
238f22bd-742c-4480-9de0-4c5a7a2b0b61,2026-04-25T16:56:35.663714-04:00,node-01,orders-api,200,True,normal,market_aware_v1,56.489,44.099,165.251,29.219,0.535,85.103,75.158,1.738
b594067c-d98a-4593-bbbf-925a0686f87c,2026-04-25T16:56:35.664184-04:00,node-01,checkout-api,200,True,normal,market_aware_v1,54.038,52.206,160.59,28.091,0.799,85.045,56.141,1.999
8705170d-c440-407c-bd14-f5685149c896,2026-04-25T16:56:35.664681-04:00,node-01,payments-api,200,True,normal,market_aware_v1,51.011,53.11,194.013,23.518,0.644,84.056,45.485,1.821
aa7beed4-03c4-41cd-9d96-444e52980be9,2026-04-25T16:56:35.665184-04:00,node-01,orders-api,429,True,normal,market_aware_v1,56.179,43.187,172.252,29.235,0.614,87.059,72.928,1.828
495fd421-4034-44bc-a025-b6aa310cc7eb,2026-04-25T16:56:35.665688-04:00,node-01,checkout-api,503,True,normal,market_aware_v1,58.097,45.744,178.119,26.731,0.881,83.722,50.525,2.004
e958c475-76f2-446e-82f0-2df3c10af683,2026-04-25T16:56:35.666150-04:00,node-01,payments-api,500,True,normal,market_aware_v1,57.419,49.067,194.214,24.749,0.792,90.303,43.622,2.035
ac28e2fe-d9f4-4955-9f02-e7d5ff1c6a10,2026-04-25T16:56:35.666612-04:00,node-01,orders-api,200,True,normal,market_aware_v1,58.024,45.972,168.602,29.192,0.652,83.81,76.235,1.76
490c6796-32bb-4201-ad22-0f49539a7f47,2026-04-25T16:56:35.667068-04:00,node-01,checkout-api,429,True,normal,market_aware_v1,57.409,52.693,164.234,29.478,0.781,80.682,60.823,1.847
f3f6a11c-0cb1-4bff-97a8-11c80bcc4b0e,2026-04-25T16:56:35.667521-04:00,node-01,payments-api,500,True,anomalous,market_aware_v1,56.334,57.511,197.153,27.574,1.058,86.914,44.229,2.382
27509beb-50f3-40bb-857b-ea273adb7799,2026-04-25T16:56:35.667970-04:00,node-01,orders-api,200,True,normal,market_aware_v1,61.83,49.367,174.925,30.873,0.664,87.63,79.082,1.838
d2bca028-57a6-45ed-8887-ca2036ac0b2d,2026-04-25T16:56:35.668507-04:00,node-01,checkout-api,200,True,normal,market_aware_v1,54.88,50.152,167.977,32.357,0.742,71.862,68.84,1.611
5a5502c4-3558-4dff-b036-51c6b4578530,2026-04-25T16:56:35.668993-04:00,node-01,payments-api,500,True,anomalous,market_aware_v1,56.617,58.812,221.793,25.407,1.3,100.332,39.494,2.932
14dba03a-40c9-429d-a15c-ebf8ff8d85cd,2026-04-25T16:56:35.669425-04:00,node-01,orders-api,429,True,normal,market_aware_v1,60.095,52.906,174.128,30.072,0.64,87.542,79.411,1.72
5cebaaa2-e631-460e-a04a-13a330aa80f1,2026-04-25T16:56:35.669947-04:00,node-01,checkout-api,200,True,normal,market_aware_v1,54.954,54.771,168.926,30.312,0.881,83.373,61.717,1.976
6bff80c2-3ac0-4f9f-b42f-a2a9e862be3c,2026-04-25T16:56:35.670414-04:00,node-01,payments-api,429,True,normal,market_aware_v1,58.394,53.576,188.091,25.146,0.778,83.411,49.99,1.954
57085619-8e39-4307-9809-0190809110b5,2026-04-25T16:56:35.670837-04:00,node-01,orders-api,429,True,normal,market_aware_v1,62.267,50.012,166.332,32.337,0.686,81.122,90.135,1.735
b899d68d-75a9-4c99-84f2-e4d314bffa36,2026-04-25T16:56:35.671315-04:00,node-01,checkout-api,429,True,normal,market_aware_v1,56.224,55.062,160.471,32.426,0.787,77.689,64.048,1.937
2398674f-1f66-4cc7-b09e-003ba6bc6dcc,2026-04-25T16:56:35.671817-04:00,node-01,payments-api,502,True,normal,market_aware_v1,55.586,52.845,190.348,27.354,0.875,86.015,52.132,2.061
67fcbbe7-a57c-4130-ab98-5a851e816806,2026-04-25T16:56:35.672331-04:00,node-01,orders-api,429,True,normal,market_aware_v1,59.782,53.304,157.488,31.813,0.62,87.146,86.414,1.797
737ccd21-2578-4458-bfb4-5bb49a2cfd4e,2026-04-25T16:56:35.672840-04:00,node-01,checkout-api,503,True,normal,market_aware_v1,58.589,52.783,179.347,28.604,0.886,81.888,58.765,2.127
301d2fe0-8d3b-4cff-97d2-86def1bb5150,2026-04-25T16:56:35.673302-04:00,node-01,payments-api,502,True,normal,market_aware_v1,59.433,55.245,204.218,27.506,0.822,99.798,40.709,2.261
4409d51a-de72-4ed7-bbc3-93134b8bed41,2026-04-25T16:56:35.673836-04:00,node-01,orders-api,429,True,anomalous,market_aware_v1,64.14,50.588,162.339,33.609,1.041,87.277,82.113,2.247
d7bb41cb-4fc2-4a57-828d-6f8c050c2972,2026-04-25T16:56:35.674237-04:00,node-01,checkout-api,200,True,normal,market_aware_v1,59.975,49.714,185.201,28.236,0.744,83.179,63.233,1.807
7f111521-ee17-4559-bcf4-210ed4d2f95c,2026-04-25T16:56:35.674780-04:00,node-01,payments-api,503,True,normal,market_aware_v1,58.363,52.827,196.57,26.209,0.899,94.549,48.426,2.261
a73c4a69-3d9b-4c7f-9a13-e6b8e4713253,2026-04-25T16:56:35.675277-04:00,node-01,orders-api,200,True,normal,market_aware_v1,61.341,52.284,170.083,31.274,0.712,83.177,82.093,1.896
21746fda-3709-4b30-8a5f-f7ab758f8c73,2026-04-25T16:56:35.675786-04:00,node-01,checkout-api,503,True,normal,market_aware_v1,59.601,51.897,179.999,27.506,0.879,88.718,57.387,2.019
24c056c1-e2f9-4e94-9d82-785bb7f53408,2026-04-25T16:56:35.676291-04:00,node-01,payments-api,500,True,normal,market_aware_v1,57.69,56.453,186.569,25.74,0.844,88.68,42.778,2.096
fa414727-29bd-425c-84e8-836926963336,2026-04-25T16:56:35.676796-04:00,node-01,orders-api,429,True,anomalous,market_aware_v1,62.658,50.027,173.815,34.579,1.042,92.307,74.915,2.431
d6ac47e0-f938-4043-85bc-70e354a6fc40,2026-04-25T16:56:35.677491-04:00,node-01,checkout-api,503,True,normal,market_aware_v1,55.428,52.175,180.965,31.055,0.856,89.211,54.935,2.069
11a5bac8-9e38-4c3e-8ad3-be445593d99b,2026-04-25T16:56:35.677971-04:00,node-01,payments-api,500,True,anomalous,market_aware_v1,58.183,54.291,202.159,28.079,1.304,99.068,35.515,2.841
7105f3a5-ec26-464b-b58f-691ad117c01e,2026-04-25T16:56:35.678417-04:00,node-01,orders-api,429,True,normal,market_aware_v1,58.994,47.705,172.33,30.754,0.729,95.414,74.307,2.151
a346e3fd-6891-417d-83e4-e1579a0f10dd,2026-04-25T16:56:35.678864-04:00,node-01,checkout-api,502,True,normal,market_aware_v1,56.242,54.417,198.858,30.018,1.038,91.572,59.229,2.67
2233584e-0f2d-43fa-9a17-37122a1268e0,2026-04-25T16:56:35.679313-04:00,node-01,payments-api,200,True,normal,market_aware_v1,54.732,52.652,177.933,26.035,0.756,81.439,41.898,1.787
6274b7e6-ea90-4020-92a9-e40220b4852f,2026-04-25T16:56:35.679762-04:00,node-01,orders-api,429,True,normal,market_aware_v1,60.698,47.175,172.495,29.85,0.69,89.289,75.836,1.891
998c14e4-23ff-4f3a-9341-c74b63de5836,2026-04-25T16:56:35.680186-04:00,node-01,checkout-api,500,True,normal,market_aware_v1,55.627,52.402,176.561,27.401,0.792,86.502,63.294,2.038
a7b8b8da-5ebd-427f-8a48-65ea3d96484d,2026-04-25T16:56:35.680649-04:00,node-01,payments-api,429,True,normal,market_aware_v1,53.329,53.827,185.024,25.952,0.799,87.746,44.284,1.943
367df2d3-1331-4b68-997d-c9fc62264c26,2026-04-25T16:56:35.681160-04:00,node-01,orders-api,429,True,normal,market_aware_v1,55.839,44.692,169.94,27.423,0.717,86.172,72.21,1.868
a2054557-6d56-4b83-9694-7b00aacec994,2026-04-25T16:56:35.681613-04:00,node-01,checkout-api,200,True,normal,market_aware_v1,54.982,50.117,172.852,28.962,0.793,76.542,60.565,1.724
aae6adb1-cad2-4977-897f-70e692e617db,2026-04-25T16:56:35.682128-04:00,node-01,payments-api,200,True,normal,market_aware_v1,49.462,56.001,166.095,26.561,0.626,77.55,49.651,1.691
f7fd7ecf-3b4a-44d1-8d7f-017282767774,2026-04-25T16:56:35.682604-04:00,node-01,orders-api,200,True,normal,market_aware_v1,60.098,47.598,157.182,33.3,0.597,84.261,79.141,1.674
6848d237-5b28-4e82-8cbc-e13c33abadd5,2026-04-25T16:56:35.683291-04:00,node-01,checkout-api,200,True,normal,market_aware_v1,56.838,55.21,162.681,27.766,0.765,78.364,66.612,1.725
3f0adf66-2653-4a87-8b93-a951f48ceb5a,2026-04-25T16:56:35.683769-04:00,node-01,payments-api,429,True,normal,market_aware_v1,56.991,54.1,190.931,22.344,0.825,88.073,43.275,2.131
cc17c39b-01aa-4cb4-8dde-12a29d1739ae,2026-04-25T16:56:35.684193-04:00,node-01,orders-api,200,True,normal,market_aware_v1,59.816,52.126,159.605,31.664,0.737,86.451,79.745,1.866
96a70e4c-87bf-43b6-a96f-2278885dc71a,2026-04-25T16:56:35.684681-04:00,node-01,checkout-api,200,True,normal,market_aware_v1,59.584,53.452,179.313,29.24,0.772,79.435,65.558,1.985
c8dc086b-592a-49d8-b936-2bacfc8781d3,2026-04-25T16:56:35.685163-04:00,node-01,payments-api,502,True,anomalous,market_aware_v1,60.144,55.712,205.358,29.455,1.051,90.747,44.708,2.552
5a4b0f6f-f391-4508-b80a-fa12f08be8ed,2026-04-25T16:56:35.685613-04:00,node-01,orders-api,200,True,normal,market_aware_v1,64.642,50.806,172.7,30.924,0.632,87.753,84.117,1.698
70099f1e-df7b-40fd-8af1-6766db72d9f8,2026-04-25T16:56:35.686110-04:00,node-01,checkout-api,502,True,normal,market_aware_v1,60.404,55.369,173.991,30.724,0.824,84.421,64.146,2.023
f00f11d6-ee44-4de5-97c1-edea16020a38,2026-04-25T16:56:35.686586-04:00,node-01,payments-api,502,True,normal,market_aware_v1,56.831,60.472,193.106,27.541,0.758,90.536,55.133,2.004
33b49ce9-3722-451d-8740-a0fc8e772d2d,2026-04-25T16:56:35.687022-04:00,node-01,orders-api,200,True,normal,market_aware_v1,65.354,51.798,174.409,32.959,0.626,85.499,85.124,1.69
a8d23547-1416-4dd0-bbe2-ab8fd4216fd1,2026-04-25T16:56:35.687475-04:00,node-01,checkout-api,500,True,normal,market_aware_v1,60.885,54.669,187.692,32.567,1.045,89.227,66.884,2.484
d67d3778-c213-474b-837a-6f3f10f40efd,2026-04-25T16:56:35.687945-04:00,node-01,payments-api,503,True,normal,market_aware_v1,59.31,61.116,205.025,26.977,0.787,91.88,54.163,2.171
e46688a4-8ffd-40ea-bbb5-9be15e53fcd9,2026-04-25T16:56:35.688530-04:00,node-01,orders-api,429,True,normal,market_aware_v1,62.751,53.955,175.216,32.794,0.697,90.792,87.752,1.909
83a2aa3a-5435-400c-b3d9-181be2ec65dc,2026-04-25T16:56:35.689052-04:00,node-01,checkout-api,429,True,normal,market_aware_v1,62.799,54.036,175.012,31.089,0.796,81.091,77.822,1.962
21c02978-f375-41ea-8647-ef2a235b1267,2026-04-25T16:56:35.689547-04:00,node-01,payments-api,429,True,normal,market_aware_v1,60.505,58.864,197.398,27.851,0.858,92.284,45.85,2.24
683dd980-d1da-448c-bbe1-7755272050fd,2026-04-25T16:56:35.690090-04:00,node-01,orders-api,200,True,normal,market_aware_v1,65.827,53.704,183.887,34.908,0.708,88.427,89.642,1.909
16ae0f06-1527-4ae3-8f69-7a288445d6e5,2026-04-25T16:56:35.690663-04:00,node-01,checkout-api,503,True,normal,market_aware_v1,64.719,56.295,177.448,29.839,0.883,86.356,67.303,2.059
6c45eab3-51ff-463b-a8e5-7d30a853031d,2026-04-25T16:56:35.691800-04:00,node-01,payments-api,502,True,normal,market_aware_v1,57.116,56.063,190.197,28.697,0.831,89.582,50.142,2.212
da5c5a7a-fa83-4ade-bb4d-de00bcc9283b,2026-04-25T16:56:35.692584-04:00,node-01,orders-api,500,True,normal,market_aware_v1,66.101,51.821,179.22,33.632,0.692,91.905,90.993,2.034
a977ba4b-4187-417e-8c01-1331de8f2168,2026-04-25T16:56:35.693133-04:00,node-01,checkout-api,200,True,normal,market_aware_v1,60.75,57.359,175.49,30.454,0.749,82.611,64.442,1.947
4f1b981e-8c21-4152-b348-a6fe3d979c4e,2026-04-25T16:56:35.693548-04:00,node-01,payments-api,502,True,normal,market_aware_v1,58.702,54.365,202.575,25.527,0.901,89.106,48.529,2.191
91611915-05d9-4c0f-b1fc-5e69723fadd0,2026-04-25T16:56:35.693936-04:00,node-01,orders-api,429,True,normal,market_aware_v1,62.466,52.954,165.039,28.937,0.645,79.785,87.825,1.574
3b1b6f85-eda5-4d48-9a59-fd6de20d62e3,2026-04-25T16:56:35.694473-04:00,node-01,checkout-api,200,True,normal,market_aware_v1,59.03,54.657,169.785,29.009,0.75,78.006,63.881,1.838
39295b41-3c92-4864-906f-337ea298e2e0,2026-04-25T16:56:35.694919-04:00,node-01,payments-api,502,True,normal,market_aware_v1,55.945,53.786,207.002,26.466,0.935,100.283,42.784,2.386
029503b3-ffe9-4a9c-957f-b3f952284eb5,2026-04-25T16:56:35.695379-04:00,node-01,orders-api,429,True,normal,market_aware_v1,58.482,48.306,157.66,32.579,0.679,83.879,83.753,1.672
c91cc861-02f7-4284-945d-d6513e2a72ce,2026-04-25T16:56:35.695898-04:00,node-01,checkout-api,429,True,normal,market_aware_v1,56.354,52.308,182.765,31.455,0.718,85.43,57.903,1.945
c4bf073b-8a6a-4370-9b63-c60b437a5296,2026-04-25T16:56:35.696296-04:00,node-01,payments-api,502,True,normal,market_aware_v1,52.313,54.1,197.351,24.062,0.833,92.824,40.233,2.134
933392de-11de-4d18-bf32-415cf90fde6d,2026-04-25T16:56:35.696756-04:00,node-01,orders-api,200,True,normal,market_aware_v1,62.536,46.939,165.237,29.976,0.612,84.289,81.047,1.869
7fc82dc6-837d-4050-aa46-4a6a2594bad7,2026-04-25T16:56:35.697337-04:00,node-01,checkout-api,429,True,normal,market_aware_v1,55.962,49.729,178.441,28.593,0.825,85.662,54.576,2.105
7af18f08-4fac-4aff-a79e-28222ee2ad30,2026-04-25T16:56:35.697903-04:00,node-01,payments-api,200,True,normal,market_aware_v1,50.222,52.61,180.262,23.785,0.705,84.963,46.183,1.933
8780e87d-7032-4153-8350-d9b13e194920,2026-04-25T16:56:35.698412-04:00,node-01,orders-api,429,True,normal,market_aware_v1,55.708,47.368,146.4,28.843,0.539,71.122,79.522,1.399
0d97c59f-d8e6-4fe0-98d9-6f9d458f5929,2026-04-25T16:56:35.698954-04:00,node-01,checkout-api,500,True,normal,market_aware_v1,53.9,46.512,186.654,27.708,0.819,90.323,50.246,2.119
be746c65-cf8d-4190-a5b6-024b76e5d7d4,2026-04-25T16:56:35.699479-04:00,node-01,payments-api,200,True,normal,market_aware_v1,48.508,48.689,185.856,22.941,0.841,87.989,32.523,1.998
74ae8564-7748-4746-a58d-0169a651ffe1,2026-04-25T16:56:35.700034-04:00,node-01,orders-api,200,True,normal,market_aware_v1,53.538,46.714,169.316,29.444,0.595,81.165,76.102,1.64
fc775b7d-e68b-4076-8876-6ac0e04e1d3d,2026-04-25T16:56:35.700417-04:00,node-01,checkout-api,429,True,normal,market_aware_v1,47.954,47.265,162.22,26.55,0.732,80.23,57.065,1.812
4c09ba50-b094-42d1-a741-9f394a3a1fac,2026-04-25T16:56:35.701053-04:00,node-01,payments-api,200,True,normal,market_aware_v1,48.412,52.034,178.231,23.527,0.697,80.458,42.315,1.795
5a825e2b-15fb-475c-82ab-a714a390920a,2026-04-25T16:56:35.701509-04:00,node-01,orders-api,200,True,normal,market_aware_v1,54.852,44.303,154.547,27.977,0.632,80.818,79.495,1.739
a1f20aac-7103-426f-9f0f-6f200f274103,2026-04-25T16:56:35.702747-04:00,node-01,checkout-api,200,True,normal,market_aware_v1,51.393,52.542,172.361,26.966,0.822,77.619,52.941,1.802
5b9a415b-f532-417c-bff7-aa8775da2b2d,2026-04-25T16:56:35.703256-04:00,node-01,payments-api,500,True,anomalous,market_aware_v1,51.214,54.697,189.112,24.19,1.167,95.372,30.323,2.595
a9435b0d-fa4c-4984-b154-1f905a0a45a6,2026-04-25T16:56:35.703787-04:00,node-01,orders-api,503,True,normal,market_aware_v1,58.411,47.117,182.43,29.515,0.966,97.402,67.135,2.615
f5e9a1dc-2fe1-4a01-9391-7707b184a5e5,2026-04-25T16:56:35.704311-04:00,node-01,checkout-api,503,True,normal,market_aware_v1,53.597,47.163,182.842,27.848,0.918,91.593,48.354,2.253
2b767273-4737-461d-bc6f-94403914ed36,2026-04-25T16:56:35.704828-04:00,node-01,payments-api,200,True,normal,market_aware_v1,47.996,52.217,179.977,25.097,0.678,80.851,44.509,1.738
eaf6c18e-6f1d-46b0-994f-9d4057e655df,2026-04-25T16:56:35.705586-04:00,node-01,orders-api,429,True,normal,market_aware_v1,57.955,47.196,178.839,28.122,0.7,86.675,78.765,1.881
d9ebc739-79bf-40b5-a52d-e21861e0cd4d,2026-04-25T16:56:35.706232-04:00,node-01,checkout-api,502,True,normal,market_aware_v1,55.734,49.972,185.814,27.766,0.838,88.824,57.081,2.149
e08c8e80-fc33-492e-a0d0-af638b935b70,2026-04-25T16:56:35.706820-04:00,node-01,payments-api,429,True,normal,market_aware_v1,48.989,54.504,183.325,23.702,0.758,84.391,50.232,1.936
faecb18f-c0be-4583-95dd-46b89ac81c44,2026-04-25T16:56:35.707406-04:00,node-01,orders-api,200,True,normal,market_aware_v1,58.024,50.715,157.246,30.816,0.675,83.705,83.965,1.806
8767b390-61f2-4b76-9848-5dc091058515,2026-04-25T16:56:35.708195-04:00,node-01,checkout-api,502,True,normal,market_aware_v1,58.873,53.697,188.886,30.252,0.96,89.747,59.433,2.358
1722d347-0e35-4792-a983-8d7f7940f522,2026-04-25T16:56:35.708992-04:00,node-01,payments-api,502,True,normal,market_aware_v1,51.339,51.718,184.598,25.402,0.872,90.699,52.277,2.137
0c18a540-1ee2-4333-8bd9-9f5d74c9ce02,2026-04-25T16:56:35.709933-04:00,node-01,orders-api,429,True,anomalous,market_aware_v1,61.92,49.382,181.063,32.411,0.904,84.033,78.425,2.073
aa679347-55c8-40c1-8b99-00ec45529c26,2026-04-25T16:56:35.710766-04:00,node-01,checkout-api,500,True,normal,market_aware_v1,57.617,53.888,183.039,28.829,0.797,90.096,59.403,2.249
70f8b3a5-c346-4dc0-b532-3abc5951eaa0,2026-04-25T16:56:35.711450-04:00,node-01,payments-api,502,True,normal,market_aware_v1,55.976,62.238,203.54,27.779,0.987,97.749,52.431,2.684
b9bc4b0a-a7cd-48af-a8fc-4e5d5160dc07,2026-04-25T16:56:35.712171-04:00,node-01,orders-api,429,True,normal,market_aware_v1,60.473,54.995,172.255,32.379,0.638,89.541,83.368,1.756
71e1a966-e0f5-4e0d-a517-eb06a5a04fdc,2026-04-25T16:56:35.712656-04:00,node-01,checkout-api,500,True,anomalous,market_aware_v1,61.721,55.642,177.112,32.261,1.225,86.444,57.469,2.46
7e12cf6a-88fd-496a-8cd4-80ee4f6cd7a7,2026-04-25T16:56:35.713127-04:00,node-01,payments-api,503,True,normal,market_aware_v1,58.796,56.397,201.313,26.891,0.851,92.407,44.309,2.252
8e9fd163-a333-484f-8620-15ec6d20896a,2026-04-25T16:56:35.713613-04:00,node-01,orders-api,200,True,normal,market_aware_v1,60.857,51.826,157.041,31.348,0.691,86.756,88.178,1.922
50c0c513-d77b-4f1a-b1e6-ced86c0fcde2,2026-04-25T16:56:35.714373-04:00,node-01,checkout-api,429,True,normal,market_aware_v1,59.467,55.635,177.685,27.139,0.857,88.629,64.546,2.132
84ad3825-0b31-4208-9707-ddb3c613b48f,2026-04-25T16:56:35.714867-04:00,node-01,payments-api,503,True,normal,market_aware_v1,54.857,56.225,189.45,25.315,0.794,90.307,51.39,2.128
86310635-3c4d-4e77-9c14-65b9edd99376,2026-04-25T16:56:35.715316-04:00,node-01,orders-api,429,True,normal,market_aware_v1,64.199,49.426,183.248,32.118,0.645,92.268,74.717,1.807
8aa1d377-ab65-45ec-a459-2b700c8785d8,2026-04-25T16:56:35.715799-04:00,node-01,checkout-api,500,True,normal,market_aware_v1,61.354,55.037,197.472,28.302,1.013,95.845,58.873,2.512
ad878754-950a-4f0e-9621-abedafbd9cf5,2026-04-25T16:56:35.716282-04:00,node-01,payments-api,503,True,normal,market_aware_v1,54.581,58.217,186.174,24.777,0.838,89.991,46.227,2.164
614e2a94-745e-482b-aa92-2bad08ef04ed,2026-04-25T16:56:35.716696-04:00,node-01,orders-api,502,True,normal,market_aware_v1,60.417,47.119,182.02,30.275,0.681,95.151,71.803,2.039
1392130f-6eaa-43b1-a43e-29775a0f1600,2026-04-25T16:56:35.717097-04:00,node-01,checkout-api,429,True,normal,market_aware_v1,55.94,53.124,178.983,29.812,0.839,86.751,57.969,2.051
f12ec562-6b5f-43ff-8cf7-82c846c35a8b,2026-04-25T16:56:35.717574-04:00,node-01,payments-api,429,True,normal,market_aware_v1,52.357,51.377,179.876,26.27,0.691,85.786,51.715,1.886
8cb78bff-d8a8-48f7-a94b-556ad64d652e,2026-04-25T16:56:35.718039-04:00,node-01,orders-api,200,True,normal,market_aware_v1,63.618,50.86,179.914,29.397,0.683,87.567,81.334,1.85
d8735875-a14a-480e-b0e4-6ae43775d0b3,2026-04-25T16:56:35.718515-04:00,node-01,checkout-api,200,True,normal,market_aware_v1,62.125,51.135,174.008,27.82,0.761,83.001,60.525,1.949
781538e5-5913-472a-ae41-a0f7d14e3a34,2026-04-25T16:56:35.718984-04:00,node-01,payments-api,503,True,normal,market_aware_v1,54.948,52.342,189.567,25.651,0.811,87.256,50.416,2.121
9557b854-54de-4daf-8b1e-ae5bee0cf031,2026-04-25T16:56:35.719575-04:00,node-01,orders-api,200,True,normal,market_aware_v1,58.211,45.927,162.336,28.534,0.65,80.721,77.787,1.703
4defd61d-35e6-48d5-a653-531801d3a3c2,2026-04-25T16:56:35.720029-04:00,node-01,checkout-api,429,True,normal,market_aware_v1,62.372,51.946,181.94,27.114,0.814,83.328,54.307,1.952
f68856d3-e262-4a30-a5d4-3bd214afb937,2026-04-25T16:56:35.720494-04:00,node-01,payments-api,503,True,normal,market_aware_v1,52.189,54.411,205.708,24.561,0.767,90.448,41.417,2.196
5c1b564f-8570-4ded-ac3c-b329cc1865c6,2026-04-25T16:56:35.721004-04:00,node-01,orders-api,200,True,normal,market_aware_v1,57.225,46.663,147.29,31.856,0.562,78.925,76.78,1.67
189ad2f2-57e2-4459-95b0-3d6c95035794,2026-04-25T16:56:35.721482-04:00,node-01,checkout-api,503,True,normal,market_aware_v1,58.502,50.597,183.25,28.028,0.844,87.209,53.9,2.093
5081342e-d83a-4906-be59-1337bf12cc46,2026-04-25T16:56:35.722003-04:00,node-01,payments-api,502,True,normal,market_aware_v1,49.346,51.075,187.944,26.373,0.809,87.39,43.364,2.017
0304afbe-0f8d-44f2-b06d-aa2e4ff173b3,2026-04-25T16:56:35.722561-04:00,node-01,orders-api,200,True,normal,market_aware_v1,59.534,46.24,168.438,30.095,0.648,84.673,77.855,1.829
166b2f08-8a31-40e7-a400-0ff80ebfe8b0,2026-04-25T16:56:35.723377-04:00,node-01,checkout-api,502,True,normal,market_aware_v1,57.957,51.319,199.686,26.699,0.932,92.18,53.556,2.25
0b1ecfbb-dd09-470f-99b6-b9df0f71595d,2026-04-25T16:56:35.723896-04:00,node-01,payments-api,503,True,normal,market_aware_v1,52.829,54.508,200.624,23.672,0.899,97.656,38.046,2.338
41c34acc-164e-4afe-a856-0d052c8a3b68,2026-04-25T16:56:35.724404-04:00,node-01,orders-api,429,True,normal,market_aware_v1,57.979,49.695,151.419,28.133,0.607,73.51,88.624,1.519
a48d6a71-d5c4-4d40-83ac-6e75e4c22564,2026-04-25T16:56:35.724849-04:00,node-01,checkout-api,503,True,normal,market_aware_v1,60.119,50.335,185.481,30.123,0.882,90.559,56.974,2.254
dd251f6e-3791-48e8-9c25-9e2eb226a1e2,2026-04-25T16:56:35.725387-04:00,node-01,payments-api,502,True,normal,market_aware_v1,51.896,50.929,182.65,24.812,0.714,83.008,47.204,2.032
bd38402f-6924-4e39-9da1-2dd5e2b08aec,2026-04-25T16:56:35.725910-04:00,node-01,orders-api,200,True,normal,market_aware_v1,61.024,49.801,180.148,30.266,0.68,87.472,83.197,1.9
490dbca2-8d46-42f5-8d11-bbb9436c32ab,2026-04-25T16:56:35.726413-04:00,node-01,checkout-api,503,True,normal,market_aware_v1,58.661,50.566,182.336,30.106,0.922,90.007,61.265,2.221
6af90b2f-7b44-420c-ae23-cac2352c4e2c,2026-04-25T16:56:35.726811-04:00,node-01,payments-api,502,True,normal,market_aware_v1,57.313,55.766,211.868,26.827,1.054,95.195,48.554,2.514
caf8d313-53a6-4be3-b9bd-9bc5c2983d0a,2026-04-25T16:56:35.727332-04:00,node-01,orders-api,200,True,normal,market_aware_v1,61.062,51.872,167.007,30.737,0.711,85.374,91.295,1.751
46d38419-2a43-47fe-b408-2b100907b458,2026-04-25T16:56:35.727828-04:00,node-01,checkout-api,503,True,anomalous,market_aware_v1,67.708,58.267,204.227,31.502,1.219,94.755,52.047,2.727
7c08d892-627d-482e-889a-bed681bf2225,2026-04-25T16:56:35.728273-04:00,node-01,payments-api,502,True,normal,market_aware_v1,60.297,57.207,206.522,27.439,1.006,98.929,51.491,2.73
f16ffd7e-e055-4357-bdfd-a4c32ae27793,2026-04-25T16:56:35.728754-04:00,node-01,orders-api,429,True,normal,market_aware_v1,61.967,53.479,160.093,32.095,0.752,87.288,91.972,1.935
e79f756e-9f65-41fa-8d9a-5009c4bafe18,2026-04-25T16:56:35.729200-04:00,node-01,checkout-api,429,True,normal,market_aware_v1,60.601,53.833,186.278,32.803,0.859,89.512,71.914,2.122
a6741b29-dacc-4676-b5fd-ef6fa42e3416,2026-04-25T16:56:35.729729-04:00,node-01,payments-api,200,True,normal,market_aware_v1,57.518,58.109,180.78,25.888,0.707,80.085,55.106,1.904
ad9022b8-34a4-4c6c-bf1c-6a70bce57afa,2026-04-25T16:56:35.730209-04:00,node-01,orders-api,200,True,normal,market_aware_v1,62.145,53.427,176.877,30.878,0.627,90.159,89.335,1.934
bdf61907-75e4-41fc-bd37-1a6e542037a3,2026-04-25T16:56:35.730679-04:00,node-01,checkout-api,502,True,normal,market_aware_v1,63.433,58.379,179.73,30.718,0.845,88.613,60.713,2.125
cbc511eb-ad52-47b5-a77c-48b5f07bc394,2026-04-25T16:56:35.731149-04:00,node-01,payments-api,503,True,normal,market_aware_v1,63.125,57.28,215.429,28.805,0.897,98.865,51.887,2.411
c550f45f-5c07-475c-94e0-cdb2a2631cb5,2026-04-25T16:56:35.731696-04:00,node-01,orders-api,200,True,normal,market_aware_v1,63.888,50.186,166.586,34.064,0.589,82.909,85.997,1.822
0afee303-5bce-4236-a4f7-ddec8037303d,2026-04-25T16:56:35.732224-04:00,node-01,checkout-api,500,True,normal,market_aware_v1,62.285,55.797,192.85,27.475,0.829,89.338,69.056,2.063
4602f87b-ce6d-408a-b4d3-5c86fedea4ea,2026-04-25T16:56:35.732751-04:00,node-01,payments-api,503,True,anomalous,market_aware_v1,63.86,58.106,209.632,29.067,1.31,101.085,44.737,3.239
aa6e0e88-6b4b-4674-b0ba-9d641c19ef7f,2026-04-25T16:56:35.733254-04:00,node-01,orders-api,429,True,normal,market_aware_v1,66.947,51.182,172.67,31.902,0.756,96.606,84.754,2.042
aabfe1ab-67de-4db0-af50-faab07c75e21,2026-04-25T16:56:35.733765-04:00,node-01,checkout-api,500,True,normal,market_aware_v1,65.091,57.62,205.905,28.416,1.119,98.246,55.682,2.759
5565efe3-0497-4ef3-a258-00e5401ef541,2026-04-25T16:56:35.734258-04:00,node-01,payments-api,429,True,normal,market_aware_v1,56.051,56.463,183.494,26.68,0.805,90.129,49.894,2.011
fc92abea-0235-4e76-90a9-eb709a2b0f22,2026-04-25T16:56:35.734765-04:00,node-01,orders-api,200,True,normal,market_aware_v1,60.837,50.321,186.337,33.66,0.682,86.423,91.871,1.856
db723387-c845-4fa0-91f2-063c641a7935,2026-04-25T16:56:35.735266-04:00,node-01,checkout-api,502,True,anomalous,market_aware_v1,62.543,56.388,189.227,29.833,1.197,93.478,48.675,2.719
a1376a02-025f-4d64-bb43-8f348e1c0522,2026-04-25T16:56:35.735708-04:00,node-01,payments-api,503,True,normal,market_aware_v1,58.284,56.148,198.336,28.376,0.829,92.748,46.216,2.2
9d915159-a3c7-413d-add5-9bff3b95859d,2026-04-25T16:56:35.736160-04:00,node-01,orders-api,200,True,normal,market_aware_v1,61.76,48.398,168.565,32.893,0.607,84.82,82.046,1.755
32726c24-50b4-4b61-ad9b-31669b7b136f,2026-04-25T16:56:35.736636-04:00,node-01,checkout-api,500,True,normal,market_aware_v1,55.771,53.217,179.738,28.835,0.82,84.372,59.657,2.079
829b754b-fa96-46ab-a848-ac1ce94f6b33,2026-04-25T16:56:35.737081-04:00,node-01,payments-api,500,True,anomalous,market_aware_v1,57.018,52.735,196.089,25.771,1.183,97.278,36.746,2.663
856e1814-d9f4-46cd-9d4c-7f0bb80c2a81,2026-04-25T16:56:35.737582-04:00,node-01,orders-api,200,True,normal,market_aware_v1,63.702,46.863,183.536,30.024,0.677,90.382,77.886,1.9
9b0d796f-a826-4563-af93-c80bbde5329f,2026-04-25T16:56:35.738108-04:00,node-01,checkout-api,200,True,normal,market_aware_v1,57.99,49.681,175.101,27.818,0.843,83.622,58.073,1.923
e101b2a9-a996-4d9a-92d1-4e7007dc724a,2026-04-25T16:56:35.738597-04:00,node-01,payments-api,200,True,normal,market_aware_v1,51.717,54.433,184.775,25.919,0.703,90.164,38.858,1.909
f363ebe9-6fcd-441a-99c4-7e4de5228250,2026-04-25T16:56:35.739128-04:00,node-01,orders-api,200,True,normal,market_aware_v1,58.86,48.022,162.661,29.454,0.679,79.804,81.765,1.641
524f5917-56a8-4930-9391-989b993f0e2d,2026-04-25T16:56:35.739617-04:00,node-01,checkout-api,500,True,normal,market_aware_v1,51.93,48.266,173.955,27.542,0.803,89.844,54.231,2.143
1f3f6b9a-2b24-440e-858f-33cce0806b42,2026-04-25T16:56:35.740124-04:00,node-01,payments-api,200,True,normal,market_aware_v1,47.723,49.954,173.586,24.259,0.721,83.636,39.462,1.825
580c9399-f652-4d70-b4ce-7179f1c3fb86,2026-04-25T16:56:35.740650-04:00,node-01,orders-api,429,True,anomalous,market_aware_v1,61.743,50.383,185.776,29.848,1.042,89.335,74.207,2.341
e8712e07-e33a-40b7-8963-826b92449e27,2026-04-25T16:56:35.741148-04:00,node-01,checkout-api,429,True,anomalous,market_aware_v1,54.147,52.697,185.06,29.523,1.17,94.664,48.157,2.755
916215fe-63a8-46d0-975a-72a71f6709c7,2026-04-25T16:56:35.741611-04:00,node-01,payments-api,503,True,normal,market_aware_v1,53.381,51.089,196.773,23.133,0.827,90.571,41.921,2.088
66a80bc4-7548-4131-91f3-156ec33e3586,2026-04-25T16:56:35.742030-04:00,node-01,orders-api,200,True,normal,market_aware_v1,55.862,43.67,152.015,28.347,0.674,85.421,73.69,1.836
ad09c813-8106-4515-bf34-1532ac56366a,2026-04-25T16:56:35.742595-04:00,node-01,checkout-api,200,True,normal,market_aware_v1,53.176,47.299,171.965,25.85,0.836,84.208,52.834,1.958
11e85355-4ab2-424c-8f8c-7e62cecc263e,2026-04-25T16:56:35.743601-04:00,node-01,payments-api,200,True,normal,market_aware_v1,46.989,52.348,172.205,25.968,0.785,81.03,45.029,1.917
4061de64-52d3-405d-9a80-ab6f4632b274,2026-04-25T16:56:35.744134-04:00,node-01,orders-api,200,True,normal,market_aware_v1,57.23,42.218,167.108,31.975,0.619,87.111,78.654,1.692
be93a810-65d4-407a-b801-e9a70f62d18d,2026-04-25T16:56:35.744626-04:00,node-01,checkout-api,503,True,normal,market_aware_v1,59.378,49.225,205.774,29.32,0.975,97.29,47.947,2.617
fe00d32a-6bd0-4492-9015-f5efb83abbac,2026-04-25T16:56:35.745197-04:00,node-01,payments-api,503,True,normal,market_aware_v1,51.074,52.363,187.59,23.549,0.784,87.556,40.962,2.02
5eb0506a-cab2-46c1-9b1e-8af78dd73df6,2026-04-25T16:56:35.746410-04:00,node-01,orders-api,429,True,normal,market_aware_v1,62.584,46.729,164.905,29.595,0.674,83.3,76.535,1.661
54ea7783-4831-404a-badd-3f6c82c3228d,2026-04-25T16:56:35.746868-04:00,node-01,checkout-api,429,True,anomalous,market_aware_v1,61.636,52.15,187.888,29.853,1.234,94.468,49.324,2.639
8290e45b-6854-4b71-b60a-4676e002c051,2026-04-25T16:56:35.747417-04:00,node-01,payments-api,500,True,normal,market_aware_v1,53.261,52.745,192.976,27.024,0.815,90.234,39.878,2.067
aa318f3d-9aae-4fc0-a443-1fc8d071c08d,2026-04-25T16:56:35.747927-04:00,node-01,orders-api,200,True,normal,market_aware_v1,57.846,48.042,171.386,31.783,0.647,84.512,79.596,1.778
146e9af9-84b7-46f9-a464-e05c743d7e00,2026-04-25T16:56:35.748421-04:00,node-01,checkout-api,200,True,normal,market_aware_v1,60.911,52.22,181.842,27.193,0.767,84.765,59.952,1.975
ae244769-caee-44a9-8d39-165b96347530,2026-04-25T16:56:35.749168-04:00,node-01,payments-api,429,True,normal,market_aware_v1,55.803,53.909,190.28,27.966,0.741,86.395,51.568,2.018
34e9ca39-2214-4267-9168-a6c742603f93,2026-04-25T16:56:35.749917-04:00,node-01,orders-api,200,True,normal,market_aware_v1,61.86,49.732,176.223,30.503,0.682,89.073,81.235,1.89
3b096e96-de6f-4859-b2e6-7d028831bd31,2026-04-25T16:56:35.750605-04:00,node-01,checkout-api,502,True,normal,market_aware_v1,62.191,53.931,180.455,29.069,0.884,89.581,61.72,2.291
8487e278-fb44-43b6-8a1b-62b6a677b592,2026-04-25T16:56:35.751086-04:00,node-01,payments-api,429,True,anomalous,market_aware_v1,58.796,57.833,218.424,26.192,1.213,101.349,42.242,2.901
e423d54d-a302-477b-96fb-8a583fd77c2c,2026-04-25T16:56:35.751519-04:00,node-01,orders-api,200,True,normal,market_aware_v1,65.581,53.391,175.515,31.194,0.542,83.931,87.998,1.743
e5608465-3ebe-4433-9d50-bfb6a31726e3,2026-04-25T16:56:35.751950-04:00,node-01,checkout-api,200,True,normal,market_aware_v1,59.564,53.964,177.195,29.635,0.783,81.885,63.633,1.879
2451f3bc-f644-47aa-94c1-5fdd7aafdb19,2026-04-25T16:56:35.752408-04:00,node-01,payments-api,503,True,normal,market_aware_v1,56.18,53.443,188.0,29.102,0.783,86.931,50.617,2.121
a5d5eec1-ba57-47fd-bc4e-186b71c9334b,2026-04-25T16:56:35.752865-04:00,node-01,orders-api,502,True,normal,market_aware_v1,65.057,50.151,177.523,32.436,0.731,92.291,78.676,2.035
657a10af-4a68-4ac1-9e2e-177e59468634,2026-04-25T16:56:35.753374-04:00,node-01,checkout-api,429,True,normal,market_aware_v1,60.268,58.741,192.951,33.895,0.909,94.068,58.931,2.275
8b71f6b8-5740-4b51-b68a-7457af882b22,2026-04-25T16:56:35.753874-04:00,node-01,payments-api,502,True,normal,market_aware_v1,59.03,57.681,200.439,27.073,0.801,89.981,54.196,2.082
5760f7f9-a095-425f-adca-7cbc38cf3f2a,2026-04-25T16:56:35.754391-04:00,node-01,orders-api,429,True,normal,market_aware_v1,61.707,53.273,172.049,30.979,0.678,91.183,89.049,1.908
1e46af3a-f515-4168-a471-a4ff3116edf3,2026-04-25T16:56:35.754865-04:00,node-01,checkout-api,429,True,normal,market_aware_v1,60.466,53.346,186.781,28.198,0.935,89.314,63.444,2.309
e4b23101-cfe4-49de-96a0-d0770a53c3fc,2026-04-25T16:56:35.755268-04:00,node-01,payments-api,429,True,normal,market_aware_v1,53.087,52.459,199.892,24.476,0.806,97.654,44.414,2.288
c5fd047a-28b3-4a5e-ba03-0662459e4cd4,2026-04-25T16:56:35.755816-04:00,node-01,orders-api,429,True,normal,market_aware_v1,64.232,51.227,169.665,30.888,0.609,85.389,83.435,1.634
9c08da65-900b-4e43-b3a4-9eee71fa1abf,2026-04-25T16:56:35.756319-04:00,node-01,checkout-api,503,True,anomalous,market_aware_v1,65.079,56.131,207.439,31.644,1.287,98.734,50.619,2.881
6b273b46-a9a9-4613-82ee-15f1cff95569,2026-04-25T16:56:35.756809-04:00,node-01,payments-api,429,True,normal,market_aware_v1,54.91,53.097,197.576,27.254,0.79,88.861,44.689,2.07
1ed66a6e-c72b-407a-a420-56b534dbe488,2026-04-25T16:56:35.757270-04:00,node-01,orders-api,429,True,normal,market_aware_v1,58.973,50.105,173.604,30.512,0.709,86.734,83.781,1.883
5c424c0d-152c-42af-a01d-c080c8aa265c,2026-04-25T16:56:35.757769-04:00,node-01,checkout-api,503,True,normal,market_aware_v1,56.73,52.122,180.103,28.883,0.757,82.493,51.56,2.004
3e8b3f1a-f47a-43a7-9eb0-8bdf3105563d,2026-04-25T16:56:35.758262-04:00,node-01,payments-api,429,True,normal,market_aware_v1,53.341,51.664,190.69,28.145,0.818,90.98,35.609,2.137
c30b57c0-03ad-4eaf-b53c-57fb9b7f7076,2026-04-25T16:56:35.758801-04:00,node-01,orders-api,200,True,normal,market_aware_v1,60.103,49.086,163.894,28.604,0.727,83.351,81.621,1.846
c0417d7d-edb1-4b37-b82b-92eb2cc700a5,2026-04-25T16:56:35.759334-04:00,node-01,checkout-api,503,True,normal,market_aware_v1,55.829,49.623,197.104,27.783,0.83,83.699,54.987,2.022
bc8a7c82-46f2-4c85-a0bd-bad4411bac63,2026-04-25T16:56:35.759885-04:00,node-01,payments-api,503,True,normal,market_aware_v1,54.779,55.49,198.534,24.733,0.814,98.254,44.098,2.437
0e1cdf0a-88c5-4297-a217-c0e5a6c2aa4f,2026-04-25T16:56:35.760405-04:00,node-01,orders-api,200,True,normal,market_aware_v1,61.695,48.123,175.245,31.738,0.768,85.384,79.362,1.908
b9c09ae8-2b7d-4b1d-9324-0170eb35f49c,2026-04-25T16:56:35.760894-04:00,node-01,checkout-api,429,True,normal,market_aware_v1,58.852,51.83,180.558,26.919,0.817,85.533,55.118,2.121
cb0298e2-2e0a-47c7-9b07-999dcd35ff82,2026-04-25T16:56:35.761392-04:00,node-01,payments-api,429,True,normal,market_aware_v1,52.893,50.373,203.146,25.052,0.768,94.435,43.664,2.253
d7cd24a0-f547-490d-a501-473d17028c1b,2026-04-25T16:56:35.761905-04:00,node-01,orders-api,200,True,normal,market_aware_v1,61.136,46.199,163.503,31.219,0.607,84.439,78.928,1.694
be0f393b-2345-4e89-a68e-e206bec4a723,2026-04-25T16:56:35.762401-04:00,node-01,checkout-api,429,True,normal,market_aware_v1,58.114,50.631,198.695,27.714,0.962,97.214,53.901,2.27
1831c7dd-1a02-4608-8df2-d817b309ae80,2026-04-25T16:56:35.762852-04:00,node-01,payments-api,503,True,normal,market_aware_v1,54.78,55.558,198.94,23.99,0.816,96.406,39.539,2.3
7e344839-a36a-445a-b93d-013558bc4760,2026-04-25T16:56:35.763374-04:00,node-01,orders-api,429,True,normal,market_aware_v1,60.086,51.53,191.322,30.061,0.866,96.55,83.52,2.385
d0edc5bd-3476-482b-90c4-3b87f48945c4,2026-04-25T16:56:35.763865-04:00,node-01,checkout-api,503,True,normal,market_aware_v1,60.367,49.145,223.105,29.608,1.263,107.672,55.889,3.154
b4fb6989-5447-4d40-82bf-d631363d01ae,2026-04-25T16:56:35.764345-04:00,node-01,payments-api,503,True,normal,market_aware_v1,53.568,52.6,193.798,25.371,0.853,90.421,41.639,2.033
24de7f26-a572-4858-880c-44531cb0feaa,2026-04-25T16:56:35.764839-04:00,node-01,orders-api,200,True,normal,market_aware_v1,60.585,49.031,171.968,31.879,0.689,90.249,82.202,1.915
7ae83285-6ad2-4b0e-a221-74c066018fe2,2026-04-25T16:56:35.765356-04:00,node-01,checkout-api,200,True,normal,market_aware_v1,58.072,56.287,183.683,27.779,0.798,85.616,62.776,1.967
4a3fab6c-d615-4c41-a77d-1d9a8e63bc74,2026-04-25T16:56:35.765930-04:00,node-01,payments-api,429,True,normal,market_aware_v1,54.677,56.325,192.254,27.169,0.792,86.049,44.419,2.019
8f267d53-05e1-403a-9ef7-a86440414dbe,2026-04-25T16:56:35.766424-04:00,node-01,orders-api,200,True,normal,market_aware_v1,64.704,52.654,175.321,30.328,0.735,90.475,83.607,1.911
bd0da865-2acf-4d75-bc45-443435a147f6,2026-04-25T16:56:35.766900-04:00,node-01,checkout-api,429,True,normal,market_aware_v1,62.035,52.726,180.548,32.581,0.822,86.605,64.329,1.984
aee9884c-463b-4f17-9c95-d5fcc19053fd,2026-04-25T16:56:35.767474-04:00,node-01,payments-api,500,True,normal,market_aware_v1,60.237,56.736,197.15,29.171,0.866,94.771,40.762,2.17
37810271-2428-4c9a-8e86-da7f3f64e7d5,2026-04-25T16:56:35.767934-04:00,node-01,orders-api,200,True,normal,market_aware_v1,63.932,51.326,180.317,31.952,0.759,90.311,86.026,1.933
75e118f7-ebbb-4987-a400-0be360a88c0d,2026-04-25T16:56:35.768434-04:00,node-01,checkout-api,429,True,normal,market_aware_v1,65.383,59.282,194.931,28.211,0.865,92.641,62.179,2.222
240f923e-f3b1-493b-a6ee-7cc84d1e175d,2026-04-25T16:56:35.768902-04:00,node-01,payments-api,500,True,normal,market_aware_v1,63.138,58.828,202.175,29.993,0.805,97.002,46.974,2.275
86541af7-9bc8-4285-b4ac-bda9f79a0a67,2026-04-25T16:56:35.769323-04:00,node-01,orders-api,429,True,normal,market_aware_v1,68.044,56.154,175.616,33.686,0.647,87.928,87.407,1.819
f4d8b2aa-b89d-4e4d-8e7d-b5eff14b40b6,2026-04-25T16:56:35.769742-04:00,node-01,checkout-api,200,True,normal,market_aware_v1,64.451,53.497,172.632,32.001,0.796,85.116,66.588,1.996
5b90c41e-1d52-44b9-a0ed-a771d7d3e88d,2026-04-25T16:56:35.770270-04:00,node-01,payments-api,500,True,normal,market_aware_v1,59.141,56.614,213.64,27.82,0.972,106.536,43.889,2.688
3d091c03-0fe1-4c3d-9362-c47f6fc4f92e,2026-04-25T16:56:35.770723-04:00,node-01,orders-api,429,True,normal,market_aware_v1,69.913,52.245,211.914,32.086,1.03,105.117,87.62,2.833
e8327fc9-b1dc-4d3b-a8e8-33d988487cea,2026-04-25T16:56:35.771191-04:00,node-01,checkout-api,500,True,anomalous,market_aware_v1,65.346,59.583,212.792,29.898,1.312,101.777,58.208,3.112
2b873fa0-dc3d-48de-a1c8-622d73400918,2026-04-25T16:56:35.771625-04:00,node-01,payments-api,503,True,normal,market_aware_v1,63.57,59.424,204.361,26.245,0.869,94.237,48.778,2.233
3e0ab8a4-f635-4aab-b61c-90563c0269f2,2026-04-25T16:56:35.772129-04:00,node-01,orders-api,500,True,normal,market_aware_v1,68.308,50.551,187.884,31.297,0.898,95.115,87.887,2.389
d9c31d79-85f6-420b-ad26-708fa035a4ab,2026-04-25T16:56:35.772527-04:00,node-01,checkout-api,500,True,anomalous,market_aware_v1,67.445,58.251,209.575,29.869,1.301,104.462,56.607,2.986
1893b650-581f-45f6-8e24-792d4c4c389d,2026-04-25T16:56:35.772956-04:00,node-01,payments-api,500,True,normal,market_aware_v1,59.493,55.821,206.375,27.774,0.889,96.369,43.962,2.417
58df852f-0763-47b8-bb09-99d92b6b0865,2026-04-25T16:56:35.773393-04:00,node-01,orders-api,200,True,normal,market_aware_v1,66.736,49.642,169.485,31.297,0.563,83.549,88.063,1.648
042f4d51-bda1-477e-b61b-95837e3b8980,2026-04-25T16:56:35.773858-04:00,node-01,checkout-api,500,True,normal,market_aware_v1,62.598,52.5,184.731,30.226,0.905,88.643,55.641,2.195
6dff2727-19c9-4671-ac0f-8bcae2947719,2026-04-25T16:56:35.775039-04:00,node-01,payments-api,500,True,normal,market_aware_v1,58.041,57.003,189.43,26.777,0.731,87.16,51.096,2.036
b64d1356-6119-42ed-94a1-08409e38aca5,2026-04-25T16:56:35.775505-04:00,node-01,orders-api,502,True,normal,market_aware_v1,63.072,49.613,180.437,29.934,0.75,93.406,77.148,2.134
2cee1ab5-2162-4e5c-b0ea-e52f52a3be21,2026-04-25T16:56:35.775988-04:00,node-01,checkout-api,200,True,normal,market_aware_v1,60.042,53.467,181.674,28.849,0.763,83.584,59.952,1.947
d399c3fe-f349-44a2-aba6-d0aa38310f31,2026-04-25T16:56:35.776555-04:00,node-01,payments-api,503,True,normal,market_aware_v1,54.817,56.329,188.998,25.629,0.735,88.938,47.861,2.132
d6259a76-8567-476c-9e34-9e8451bb818f,2026-04-25T16:56:35.777106-04:00,node-01,orders-api,503,True,normal,market_aware_v1,60.228,48.942,174.688,31.72,0.79,86.889,73.04,2.033
078ca687-d645-416a-8637-10bd5e98aadb,2026-04-25T16:56:35.777636-04:00,node-01,checkout-api,200,True,normal,market_aware_v1,56.666,51.44,184.323,26.715,0.773,88.412,54.987,1.97
9584c19e-7e55-4425-8647-8c5b1c5ee0c4,2026-04-25T16:56:35.778149-04:00,node-01,payments-api,503,True,normal,market_aware_v1,49.006,54.476,199.37,25.83,0.885,92.727,46.801,2.346
f79b2c15-d051-4fd0-b4bb-1b7448d391d3,2026-04-25T16:56:35.778627-04:00,node-01,orders-api,200,True,normal,market_aware_v1,56.06,46.78,171.138,30.354,0.67,87.475,78.039,1.864
10a5ec6f-396c-4520-b3e3-5b5c82ec4813,2026-04-25T16:56:35.779078-04:00,node-01,checkout-api,500,True,normal,market_aware_v1,54.258,49.723,183.248,26.935,0.837,89.984,41.167,2.017
abcabe19-ae58-4b22-9c94-5c1563ab62c3,2026-04-25T16:56:35.779510-04:00,node-01,payments-api,503,True,normal,market_aware_v1,51.757,51.094,205.459,25.967,0.779,93.902,38.793,2.0
3c830061-c720-4480-b7df-f4572c8a5600,2026-04-25T16:56:35.779913-04:00,node-01,orders-api,503,True,normal,market_aware_v1,56.371,44.037,185.885,30.445,0.733,94.127,73.476,2.082
01633a0f-b245-4b7a-a873-378f5361d2c8,2026-04-25T16:56:35.780414-04:00,node-01,checkout-api,429,True,normal,market_aware_v1,56.26,48.502,179.514,25.283,0.84,81.907,52.682,2.002
0cf1bfa9-6d59-4735-b496-4e66db528f4a,2026-04-25T16:56:35.780884-04:00,node-01,payments-api,502,True,normal,market_aware_v1,50.13,54.438,193.459,23.669,0.772,88.279,36.779,2.009
ac090b44-5923-432d-bb25-4b7470840d23,2026-04-25T16:56:35.781417-04:00,node-01,orders-api,200,True,normal,market_aware_v1,56.159,49.017,171.754,27.101,0.697,87.101,75.369,1.795
974bc6f2-9c46-4d4b-8773-1336194e2636,2026-04-25T16:56:35.782094-04:00,node-01,checkout-api,200,True,normal,market_aware_v1,53.867,48.83,177.407,27.594,0.775,85.207,53.092,1.959
c4259291-edd4-4cc3-b9d7-8e4e069026de,2026-04-25T16:56:35.783002-04:00,node-01,payments-api,429,True,normal,market_aware_v1,48.04,53.831,193.243,23.271,0.732,92.617,39.104,2.244
66b0aaf4-ecb0-483e-8a8b-f049a1d420bf,2026-04-25T16:56:35.783601-04:00,node-01,orders-api,429,True,normal,market_aware_v1,55.507,48.324,162.887,30.844,0.59,80.594,72.298,1.617
958e9cff-b62f-469c-bc17-91067de8772e,2026-04-25T16:56:35.784078-04:00,node-01,checkout-api,200,True,normal,market_aware_v1,57.545,46.512,172.68,26.068,0.768,86.758,56.814,1.867
d2269b34-8431-4b50-9ca9-a1332101ed11,2026-04-25T16:56:35.784561-04:00,node-01,payments-api,429,True,normal,market_aware_v1,54.364,53.691,212.639,23.592,0.9,102.948,34.524,2.473
b2289e27-2a4c-43a1-ad26-d4a4d41e0146,2026-04-25T16:56:35.784967-04:00,node-01,orders-api,502,True,normal,market_aware_v1,55.31,46.049,175.739,29.585,0.857,94.975,76.44,2.087
160ea2d8-18da-4b18-8a9d-fa824bce2ba5,2026-04-25T16:56:35.785421-04:00,node-01,checkout-api,503,True,normal,market_aware_v1,58.009,49.542,189.812,28.576,0.912,88.962,59.986,2.099
ca9c0cb2-2bc8-4712-878c-4fb0299c86d0,2026-04-25T16:56:35.785861-04:00,node-01,payments-api,200,True,normal,market_aware_v1,52.341,56.232,188.288,23.224,0.771,85.495,48.426,1.953
33f9bb51-db11-4144-bb9f-ad056a98add1,2026-04-25T16:56:35.786281-04:00,node-01,orders-api,500,True,normal,market_aware_v1,61.578,49.949,182.182,31.301,0.773,91.509,77.994,2.042
3927cd9f-9641-4b1a-9f0a-f1a353b2df4b,2026-04-25T16:56:35.786738-04:00,node-01,checkout-api,503,True,normal,market_aware_v1,58.928,53.426,192.689,31.49,0.852,93.76,53.67,2.209
16b36225-4775-4d36-bba4-677930679d24,2026-04-25T16:56:35.787223-04:00,node-01,payments-api,429,True,normal,market_aware_v1,57.233,53.045,196.58,26.014,0.8,91.489,42.565,2.241
5c3976e3-a7ec-4492-a155-0d3f6e1048f5,2026-04-25T16:56:35.787713-04:00,node-01,orders-api,429,True,normal,market_aware_v1,64.012,54.518,180.932,31.631,0.705,89.385,80.573,1.957
234756f3-e526-4abb-9482-73e8ee7cf15b,2026-04-25T16:56:35.788164-04:00,node-01,checkout-api,429,True,normal,market_aware_v1,60.852,51.775,196.911,31.794,0.92,91.318,58.321,2.233
f9f63524-5d07-4959-b23a-5d54c8f5129c,2026-04-25T16:56:35.788641-04:00,node-01,payments-api,503,True,normal,market_aware_v1,54.024,61.197,207.783,29.842,1.005,93.223,50.597,2.503
dfde350e-a6fa-4f2b-8393-811cd4c7c83f,2026-04-25T16:56:35.789110-04:00,node-01,orders-api,200,True,normal,market_aware_v1,59.911,50.894,180.15,31.879,0.758,89.825,77.963,1.954
b3bfa3df-3abc-49fc-933a-4df191771040,2026-04-25T16:56:35.789612-04:00,node-01,checkout-api,502,True,anomalous,market_aware_v1,65.861,56.412,192.987,30.757,1.23,95.435,59.909,2.676
bb948f81-933b-4e84-9594-50f7d325f9a0,2026-04-25T16:56:35.790097-04:00,node-01,payments-api,429,True,normal,market_aware_v1,57.541,56.495,192.812,26.945,0.785,93.362,46.396,2.124
d95fbb52-bc51-4a52-a79a-32d821ad211b,2026-04-25T16:56:35.790601-04:00,node-01,orders-api,200,True,normal,market_aware_v1,68.321,48.614,170.429,32.756,0.655,87.553,86.287,1.807
fe5e3d28-b036-471b-a715-e7d713cff8f5,2026-04-25T16:56:35.791096-04:00,node-01,checkout-api,429,True,normal,market_aware_v1,61.534,57.326,206.391,31.0,1.069,101.357,63.44,2.845
e621d80d-0a82-4172-95d3-a1b81ef7aabf,2026-04-25T16:56:35.791591-04:00,node-01,payments-api,429,True,normal,market_aware_v1,57.033,57.098,210.152,25.639,0.933,99.578,50.303,2.46
690f7fbb-e783-482c-9bfa-e8470b97a3c9,2026-04-25T16:56:35.792089-04:00,node-01,orders-api,502,True,normal,market_aware_v1,61.084,54.94,176.399,30.554,0.676,89.642,79.92,2.007
55689c58-9520-49a1-9518-f86d581fda9d,2026-04-25T16:56:35.792581-04:00,node-01,checkout-api,502,True,normal,market_aware_v1,60.809,53.133,181.085,28.73,0.808,89.373,62.865,2.088
087f1b31-b6ea-4ea0-8f61-fc0acd695dd1,2026-04-25T16:56:35.793041-04:00,node-01,payments-api,502,True,anomalous,market_aware_v1,56.974,57.201,209.941,25.506,1.217,96.783,35.977,2.711
2be53561-23ad-41ed-8b18-108cbb06ecec,2026-04-25T16:56:35.793504-04:00,node-01,orders-api,200,True,normal,market_aware_v1,62.965,51.467,173.321,30.524,0.728,92.022,81.1,1.931
2d1381a9-358d-4268-b86a-0e8d187fa166,2026-04-25T16:56:35.793925-04:00,node-01,checkout-api,429,True,normal,market_aware_v1,58.879,51.89,194.899,31.573,0.983,97.759,51.155,2.4
0aa93dec-bd0d-4a37-bac1-3bfc672a5aca,2026-04-25T16:56:35.794353-04:00,node-01,payments-api,429,True,normal,market_aware_v1,56.023,53.794,194.86,27.12,0.811,89.045,43.702,2.034
51bb3202-ceae-46fe-88d3-c1c337b5dec7,2026-04-25T16:56:35.794774-04:00,node-01,orders-api,429,True,normal,market_aware_v1,61.125,54.543,190.618,30.251,0.7,98.187,74.251,2.058
af71a393-b665-4af0-ab7b-887b708ad133,2026-04-25T16:56:35.795189-04:00,node-01,checkout-api,502,True,normal,market_aware_v1,61.099,52.705,188.443,28.486,0.839,91.729,58.033,2.072
cdbb8dd6-a661-4bd3-87bd-cd8e5d1807de,2026-04-25T16:56:35.795663-04:00,node-01,payments-api,503,True,normal,market_aware_v1,53.911,53.284,195.447,24.616,0.979,92.307,47.156,2.456
5c805b74-6c49-4875-b94e-497a6f1a76a2,2026-04-25T16:56:35.796138-04:00,node-01,orders-api,200,True,normal,market_aware_v1,56.765,47.188,172.839,27.689,0.732,85.867,81.544,1.93
481d4cd0-a097-419d-b8b4-6268cba641fd,2026-04-25T16:56:35.796649-04:00,node-01,checkout-api,429,True,normal,market_aware_v1,61.0,49.625,196.947,24.659,0.89,94.252,49.348,2.288
c60e50db-ae64-46df-b37f-ca9156f4109d,2026-04-25T16:56:35.797088-04:00,node-01,payments-api,200,True,normal,market_aware_v1,55.934,53.81,187.712,23.694,0.724,82.809,50.289,1.904
5f136aa2-f575-425e-90a3-6031b3c62835,2026-04-25T16:56:35.797565-04:00,node-01,orders-api,429,True,normal,market_aware_v1,57.252,48.226,169.711,30.607,0.645,85.071,76.518,1.815
967f37bc-b3d9-4c3e-9bab-4c058d2f4909,2026-04-25T16:56:35.798033-04:00,node-01,checkout-api,200,True,normal,market_aware_v1,57.297,51.521,182.111,28.274,0.812,83.08,55.162,1.944
12374129-a01a-4385-9ebb-5bc69c2c9165,2026-04-25T16:56:35.798494-04:00,node-01,payments-api,503,True,normal,market_aware_v1,52.331,53.29,193.426,26.464,0.835,93.528,42.368,2.22
5a97f6f5-a26d-4e3e-b082-3a891f4f37d6,2026-04-25T16:56:35.798975-04:00,node-01,orders-api,200,True,normal,market_aware_v1,58.882,46.276,166.719,28.903,0.608,85.283,83.717,1.705
028b2b8a-25ff-40ec-83dc-fd058880d8dc,2026-04-25T16:56:35.799492-04:00,node-01,checkout-api,503,True,normal,market_aware_v1,56.252,50.35,191.805,29.408,0.98,90.524,58.468,2.272
fd842425-2ca4-4236-b949-676f5afdadb5,2026-04-25T16:56:35.799996-04:00,node-01,payments-api,503,True,normal,market_aware_v1,49.092,54.413,187.6,27.639,0.794,85.036,46.361,2.061
0b130e06-6cca-490e-ab8d-f32ed242171b,2026-04-25T16:56:35.800462-04:00,node-01,orders-api,429,True,normal,market_aware_v1,59.221,48.836,181.842,32.504,0.738,91.782,78.008,2.019
5d625a50-61b8-49ec-9e27-7a2cd9e7f94c,2026-04-25T16:56:35.800909-04:00,node-01,checkout-api,503,True,normal,market_aware_v1,56.585,53.19,190.727,27.876,0.988,92.875,49.926,2.293
7a5c7348-4b1f-403b-9562-112ba6047870,2026-04-25T16:56:35.801405-04:00,node-01,payments-api,200,True,normal,market_aware_v1,52.267,54.488,182.56,27.696,0.737,84.828,47.311,1.854
4c1fb924-af78-47d2-8f56-84bdca868305,2026-04-25T16:56:35.801852-04:00,node-01,orders-api,429,True,normal,market_aware_v1,60.601,50.081,172.87,31.152,0.754,91.9,77.714,2.035
f289d210-ef95-446a-a9c2-1892c95629c9,2026-04-25T16:56:35.802466-04:00,node-01,checkout-api,429,True,normal,market_aware_v1,64.287,52.949,185.744,28.308,0.888,92.445,58.505,2.162
8aaa54c6-2479-44ca-bcc6-22f75c562e93,2026-04-25T16:56:35.803966-04:00,node-01,payments-api,429,True,normal,market_aware_v1,56.694,55.411,215.073,28.269,0.903,101.156,44.381,2.436
30efdf49-2889-4880-a90a-f5e06ed1fd0d,2026-04-25T16:56:35.804633-04:00,node-01,orders-api,503,True,normal,market_aware_v1,62.779,51.099,182.811,31.196,0.75,91.283,77.462,2.169
42786588-e030-4396-8e88-e2f062be56c2,2026-04-25T16:56:35.805105-04:00,node-01,checkout-api,429,True,anomalous,market_aware_v1,65.37,55.356,209.421,31.505,1.251,98.004,57.993,2.742
facab812-003e-4084-99d3-64498ddbccc0,2026-04-25T16:56:35.805727-04:00,node-01,payments-api,502,True,normal,market_aware_v1,56.975,54.635,193.019,27.762,0.784,88.167,54.226,2.175
e1511918-36ab-4041-8c01-91e1f6f40d9c,2026-04-25T16:56:35.806219-04:00,node-01,orders-api,503,True,normal,market_aware_v1,68.569,48.557,191.399,31.878,0.832,100.335,80.098,2.288
03563832-bc70-4e4b-829a-b533893be6c6,2026-04-25T16:56:35.806687-04:00,node-01,checkout-api,200,True,normal,market_aware_v1,61.957,55.143,179.695,30.624,0.799,84.199,64.39,1.905
080cebb1-bd27-4f61-b093-9f525c9b27d9,2026-04-25T16:56:35.807132-04:00,node-01,payments-api,502,True,normal,market_aware_v1,63.536,56.898,196.976,28.123,0.818,95.718,51.928,2.188
26887855-d93c-4cea-aa23-dffb7061868f,2026-04-25T16:56:35.807573-04:00,node-01,orders-api,429,True,normal,market_aware_v1,63.418,57.152,168.135,33.116,0.733,89.972,91.098,2.014
68061553-3cc8-4655-a975-5378c66fa679,2026-04-25T16:56:35.808038-04:00,node-01,checkout-api,503,True,normal,market_aware_v1,64.772,58.853,200.072,30.442,0.899,97.744,66.197,2.398
25c1ba2d-d428-459a-aef9-ebd495736c4d,2026-04-25T16:56:35.808408-04:00,node-01,payments-api,429,True,normal,market_aware_v1,59.523,56.348,212.589,27.229,0.896,102.334,55.886,2.428
ebc35274-04bd-4628-ae11-62bb74a08708,2026-04-25T16:56:35.808943-04:00,node-01,orders-api,500,True,normal,market_aware_v1,66.623,53.174,182.09,32.655,0.731,97.205,87.566,2.157
886cc21c-0e53-4719-84f4-981a12f78b33,2026-04-25T16:56:35.809415-04:00,node-01,checkout-api,502,True,normal,market_aware_v1,65.83,56.352,211.173,35.499,1.023,101.856,57.677,2.53
fba62818-c4ea-4b36-b000-b92b64eba95a,2026-04-25T16:56:35.809884-04:00,node-01,payments-api,429,True,normal,market_aware_v1,58.25,58.691,204.962,27.324,0.886,99.718,47.263,2.318
698678d7-e0f8-4485-82ae-e99c786f6674,2026-04-25T16:56:35.810357-04:00,node-01,orders-api,502,True,normal,market_aware_v1,67.875,53.78,207.558,34.792,0.978,108.685,84.253,2.796
d62b7c1a-548a-4088-98c6-9e867279c9b9,2026-04-25T16:56:35.810975-04:00,node-01,checkout-api,502,True,normal,market_aware_v1,63.738,56.669,186.97,30.274,0.799,87.814,69.824,2.112
44eddd69-5744-418b-8a2c-80cab1509b90,2026-04-25T16:56:35.811418-04:00,node-01,payments-api,200,True,normal,market_aware_v1,58.457,57.076,200.127,25.719,0.753,85.23,56.357,1.888
73c6f2f8-7d7e-48c8-8265-3114ac40482d,2026-04-25T16:56:35.811855-04:00,node-01,orders-api,200,True,normal,market_aware_v1,63.823,51.741,172.339,30.15,0.686,85.981,87.839,1.742
659900f7-cce7-4876-ab05-3465bf711249,2026-04-25T16:56:35.812277-04:00,node-01,checkout-api,500,True,normal,market_aware_v1,61.079,55.324,203.583,31.271,1.023,96.853,62.816,2.549
6bc32017-28b1-4953-9d97-6f61ca45c3e6,2026-04-25T16:56:35.812727-04:00,node-01,payments-api,429,True,normal,market_aware_v1,56.485,57.753,193.262,27.343,0.777,89.863,51.037,2.034
c7684fcf-bae2-4cc7-8715-78cb76302a5d,2026-04-25T16:56:35.813200-04:00,node-01,orders-api,200,True,normal,market_aware_v1,58.183,51.094,163.33,31.811,0.649,82.531,87.843,1.712
b76c98d6-5855-4a73-99db-8be6737fe228,2026-04-25T16:56:35.813636-04:00,node-01,checkout-api,503,True,normal,market_aware_v1,61.302,54.395,202.446,28.528,0.951,95.823,52.464,2.429
4fa0a37f-1728-446f-889f-acfe36e07734,2026-04-25T16:56:35.814036-04:00,node-01,payments-api,503,True,normal,market_aware_v1,58.004,53.902,211.3,25.147,0.867,98.419,36.942,2.487
41730e11-bde2-4be9-a0ce-dc3ab7506779,2026-04-25T16:56:35.814414-04:00,node-01,orders-api,500,True,anomalous,market_aware_v1,64.15,49.726,189.121,31.411,1.111,94.294,67.778,2.432
1799ecbc-067b-40ed-89cd-10ad1c6e98fa,2026-04-25T16:56:35.814841-04:00,node-01,checkout-api,429,True,normal,market_aware_v1,58.886,54.376,218.119,28.54,0.929,97.487,55.331,2.471
7f639d31-55b9-44e8-887c-81da0ac32b88,2026-04-25T16:56:35.815327-04:00,node-01,payments-api,429,True,normal,market_aware_v1,53.33,51.951,204.753,24.318,0.84,92.217,39.859,2.168
8b0a519c-103c-4e79-9279-44ba26a0c7db,2026-04-25T16:56:35.815781-04:00,node-01,orders-api,200,True,normal,market_aware_v1,58.8,50.388,166.58,31.484,0.746,91.43,70.546,1.907
e742d633-265c-424b-a384-fd1d4f47b0c0,2026-04-25T16:56:35.816214-04:00,node-01,checkout-api,200,True,normal,market_aware_v1,56.774,49.981,189.191,27.255,0.786,86.15,48.948,1.995
34740844-b1d5-4470-9476-99b98fed59ea,2026-04-25T16:56:35.816624-04:00,node-01,payments-api,500,True,normal,market_aware_v1,48.269,49.564,189.046,22.993,0.763,90.652,38.373,2.083
bcc7da55-e89c-4b2c-aa06-f3edb06e0a70,2026-04-25T16:56:35.817024-04:00,node-01,orders-api,200,True,normal,market_aware_v1,51.186,42.806,159.502,29.187,0.703,80.036,72.066,1.802
b2fc712d-ea4a-4f90-af67-b0c5532cac7c,2026-04-25T16:56:35.817529-04:00,node-01,checkout-api,502,True,anomalous,market_aware_v1,59.12,51.322,203.998,27.494,1.296,98.649,41.728,2.833
8cbd5f51-6576-4c64-92ea-406e40d09e60,2026-04-25T16:56:35.817983-04:00,node-01,payments-api,500,True,normal,market_aware_v1,52.633,52.338,196.05,23.141,0.779,92.317,40.514,2.006
86269cad-0343-471e-8be2-83336f398dea,2026-04-25T16:56:35.818429-04:00,node-01,orders-api,200,True,normal,market_aware_v1,55.443,47.955,179.586,26.543,0.713,90.207,73.525,1.903
3abc37b9-ef00-4c89-9836-96b117cea845,2026-04-25T16:56:35.818931-04:00,node-01,checkout-api,429,True,normal,market_aware_v1,50.555,48.623,188.05,29.818,0.863,92.628,48.739,2.153
1954eb3e-f9e9-4347-ba45-61a6fec92071,2026-04-25T16:56:35.819414-04:00,node-01,payments-api,502,True,anomalous,market_aware_v1,58.736,53.243,216.142,23.526,1.156,98.143,31.817,2.692
1be02df4-b549-48f9-a44b-5db2305c0ba5,2026-04-25T16:56:35.819907-04:00,node-01,orders-api,200,True,normal,market_aware_v1,60.393,46.462,179.22,29.845,0.773,89.144,76.705,1.992
43cf7837-aaa9-4aba-ae8f-d8fe7317157a,2026-04-25T16:56:35.820411-04:00,node-01,checkout-api,500,True,normal,market_aware_v1,54.819,50.407,190.791,28.852,0.816,88.443,50.715,2.087
dc22b584-0c3e-4d40-8826-7e722efc3d3e,2026-04-25T16:56:35.820967-04:00,node-01,payments-api,500,True,normal,market_aware_v1,46.525,51.089,200.77,22.446,0.859,94.254,37.64,2.264
b7ea0928-1315-4ba6-ae33-8bf2be31d8fc,2026-04-25T16:56:35.821419-04:00,node-01,orders-api,503,True,anomalous,market_aware_v1,61.383,47.63,174.475,33.076,0.999,89.37,74.499,2.304
d9b327c9-4882-44a0-82d2-670d3dbfa492,2026-04-25T16:56:35.821871-04:00,node-01,checkout-api,500,True,normal,market_aware_v1,58.052,49.584,192.182,28.764,0.947,92.536,52.998,2.42
f63ce736-fd99-4aaa-a729-23d58d057479,2026-04-25T16:56:35.822315-04:00,node-01,payments-api,502,True,normal,market_aware_v1,52.149,52.286,207.41,26.28,0.887,99.076,36.693,2.295
5cccb081-29a1-4a42-a5bc-bb0de7903907,2026-04-25T16:56:35.822815-04:00,node-01,orders-api,429,True,normal,market_aware_v1,57.574,48.62,184.762,31.688,0.792,89.772,74.443,1.901
e952fdc8-53b1-425b-a65e-8b55b07ac7d5,2026-04-25T16:56:35.823291-04:00,node-01,checkout-api,502,True,normal,market_aware_v1,54.569,51.217,191.371,28.943,0.9,91.94,57.416,2.095
57c9ae96-b3a1-4465-ae89-271732cd3ada,2026-04-25T16:56:35.825419-04:00,node-01,payments-api,500,True,normal,market_aware_v1,55.722,53.542,205.504,25.527,0.866,95.21,33.801,2.182
95dcf8d8-6238-426d-a363-5bfd7a3916a2,2026-04-25T16:56:35.825946-04:00,node-01,orders-api,200,True,normal,market_aware_v1,65.103,46.713,174.352,29.892,0.731,90.945,77.853,1.858
08177b43-ed68-4630-af1a-46a42199fb6a,2026-04-25T16:56:35.826411-04:00,node-01,checkout-api,429,True,normal,market_aware_v1,63.074,53.418,191.696,30.875,0.903,90.932,59.072,2.167
b8b43017-f3f0-48b5-bab2-6c0cb5975a35,2026-04-25T16:56:35.826938-04:00,node-01,payments-api,429,True,normal,market_aware_v1,56.543,56.706,204.431,25.295,0.766,99.647,45.876,2.199
9db607b4-3fb8-47f9-8e87-804f6553eac6,2026-04-25T16:56:35.827423-04:00,node-01,orders-api,200,True,normal,market_aware_v1,63.243,48.713,175.122,31.578,0.712,88.591,82.15,1.898
d7ab1a7a-d0d3-4276-b955-a4399223be4d,2026-04-25T16:56:35.827951-04:00,node-01,checkout-api,429,True,normal,market_aware_v1,66.1,55.263,228.95,30.516,1.184,108.539,56.886,3.026
75c30025-7a76-41c2-8337-d7b64ec01781,2026-04-25T16:56:35.828436-04:00,node-01,payments-api,200,True,normal,market_aware_v1,58.794,58.412,185.807,27.413,0.694,88.752,51.734,1.86
3361a7a9-3241-41e2-820d-f46ad8493e07,2026-04-25T16:56:35.828930-04:00,node-01,orders-api,500,True,normal,market_aware_v1,64.192,55.23,195.452,31.398,0.808,96.409,82.791,2.181
55011b78-f143-499f-8372-f6a000e50388,2026-04-25T16:56:35.829419-04:00,node-01,checkout-api,429,True,normal,market_aware_v1,64.088,55.86,198.824,28.493,1.017,96.662,64.461,2.461
0b98dd85-8cdc-4e38-a95b-a3246547c836,2026-04-25T16:56:35.829930-04:00,node-01,payments-api,502,True,normal,market_aware_v1,57.033,57.133,192.449,29.751,0.853,90.067,49.859,2.277
ac0789ad-70d3-4c9e-a469-091287ef13a7,2026-04-25T16:56:35.830422-04:00,node-01,orders-api,200,True,normal,market_aware_v1,62.597,51.216,180.012,31.213,0.791,95.369,79.712,1.985
fc50035c-bea3-48cd-8773-51c1d192b953,2026-04-25T16:56:35.830921-04:00,node-01,checkout-api,503,True,normal,market_aware_v1,64.088,52.24,189.804,28.017,0.857,85.318,62.729,2.085
1793b2dd-122f-4bd7-8fd4-a9f25467301b,2026-04-25T16:56:35.831406-04:00,node-01,payments-api,500,True,normal,market_aware_v1,58.387,56.815,214.722,26.643,0.812,92.753,40.394,2.108
f1c9001e-09ea-45ee-8a01-d0d0d2e63c70,2026-04-25T16:56:35.831864-04:00,node-01,orders-api,429,True,normal,market_aware_v1,63.601,50.714,185.736,31.894,0.838,93.975,82.661,2.233
cba976d1-4775-4ff6-a36e-dd16b766b5d2,2026-04-25T16:56:35.832290-04:00,node-01,checkout-api,429,True,normal,market_aware_v1,60.359,54.549,177.944,28.372,0.795,86.372,61.022,1.937
ac88166a-355b-41ea-90ee-b2f5784ed243,2026-04-25T16:56:35.832706-04:00,node-01,payments-api,429,True,normal,market_aware_v1,54.826,53.474,190.296,27.046,0.891,93.271,45.359,2.231
ff410da1-62e9-4058-bcf6-3aa646e6de78,2026-04-25T16:56:35.833177-04:00,node-01,orders-api,429,True,normal,market_aware_v1,60.48,49.886,164.966,31.778,0.557,87.654,80.772,1.633
deb4dcde-34d2-479b-b6a7-e383f09b83b6,2026-04-25T16:56:35.833714-04:00,node-01,checkout-api,500,True,normal,market_aware_v1,57.649,52.842,199.347,27.24,0.942,93.417,61.963,2.348
f90dd5a6-a2e2-4c8d-8519-25d713074e7f,2026-04-25T16:56:35.834208-04:00,node-01,payments-api,503,True,normal,market_aware_v1,52.919,53.474,214.58,25.895,0.882,101.101,37.311,2.38
c453c0fa-09e8-4fab-aa12-405ad70fcfcf,2026-04-25T16:56:35.834667-04:00,node-01,orders-api,429,True,normal,market_aware_v1,59.823,48.021,166.706,30.633,0.605,82.596,76.698,1.65
673a14e3-9d0d-4217-b74c-13f99d41ab3b,2026-04-25T16:56:35.835122-04:00,node-01,checkout-api,502,True,anomalous,market_aware_v1,61.29,53.039,211.851,29.093,1.34,104.166,43.628,3.037
5abeb93b-f33e-4dc3-8eaf-c683b3662bd2,2026-04-25T16:56:35.835556-04:00,node-01,payments-api,429,True,normal,market_aware_v1,51.965,51.078,199.75,24.992,0.772,89.603,48.991,2.064
6fa96d13-46d7-4b3c-a966-c4142630c66f,2026-04-25T16:56:35.835994-04:00,node-01,orders-api,429,True,normal,market_aware_v1,61.03,49.698,187.675,31.838,0.712,94.4,74.823,2.036
f1d5d14a-198f-4392-bc9a-58e1e5a0cb8e,2026-04-25T16:56:35.836416-04:00,node-01,checkout-api,500,True,normal,market_aware_v1,59.46,53.558,209.746,30.477,1.097,100.614,60.064,2.851
7927c583-fb73-4524-b35a-f7f599ce59f6,2026-04-25T16:56:35.836886-04:00,node-01,payments-api,500,True,normal,market_aware_v1,56.93,53.501,199.208,25.26,0.899,91.671,46.055,2.279
daa7d3ea-8808-4708-8841-cf661a4a4068,2026-04-25T16:56:35.837373-04:00,node-01,orders-api,200,True,normal,market_aware_v1,57.941,46.871,171.08,29.527,0.6,86.932,74.541,1.771
61663545-f003-4849-8b69-347887db41b0,2026-04-25T16:56:35.837890-04:00,node-01,checkout-api,500,True,normal,market_aware_v1,59.517,51.04,191.614,28.501,0.888,88.32,52.372,2.11
5cf8cd05-a4fa-4d91-91ca-1230c93c2e9a,2026-04-25T16:56:35.838404-04:00,node-01,payments-api,429,True,normal,market_aware_v1,57.774,52.843,229.673,24.476,1.154,110.598,42.409,3.128
c233483d-ad5b-4226-9b1e-d2593bd9c8ae,2026-04-25T16:56:35.838926-04:00,node-01,orders-api,200,True,normal,market_aware_v1,62.589,48.155,176.892,30.552,0.78,91.962,78.187,1.92
d8c4e874-83d7-4250-afc3-507d73c80168,2026-04-25T16:56:35.839427-04:00,node-01,checkout-api,503,True,normal,market_aware_v1,60.256,50.717,191.617,29.515,0.898,93.814,51.92,2.341
593fc2b2-470a-470a-9b0a-c51d31a0cfd7,2026-04-25T16:56:35.839943-04:00,node-01,payments-api,503,True,normal,market_aware_v1,54.93,55.422,201.826,25.669,0.866,93.871,41.701,2.316
d3832042-cc4c-4b31-9e58-9c106b5615f0,2026-04-25T16:56:35.840412-04:00,node-01,orders-api,200,True,normal,market_aware_v1,62.231,52.391,185.505,31.219,0.76,87.879,79.676,1.943
0e72eafd-9356-48a6-bc8f-986edce34268,2026-04-25T16:56:35.840909-04:00,node-01,checkout-api,500,True,normal,market_aware_v1,58.927,54.894,195.447,30.096,0.885,96.394,56.405,2.318
690e713b-e99a-4fec-a931-5ddcd47731b0,2026-04-25T16:56:35.841332-04:00,node-01,payments-api,502,True,normal,market_aware_v1,56.095,58.271,193.68,24.894,0.751,92.489,46.865,2.146
3e79bf4b-ac1c-42d9-8af2-0dbe303cdcc8,2026-04-25T16:56:35.841780-04:00,node-01,orders-api,500,True,normal,market_aware_v1,63.256,52.349,183.063,31.383,0.785,93.694,77.692,2.135
a07b475e-39d4-4470-b1e0-d52f22b73514,2026-04-25T16:56:35.842233-04:00,node-01,checkout-api,429,True,normal,market_aware_v1,66.035,54.722,215.226,30.748,0.954,105.154,51.958,2.548
979d2145-89f9-4d7b-b9e4-851c5bf3d36b,2026-04-25T16:56:35.842746-04:00,node-01,payments-api,500,True,normal,market_aware_v1,64.5,56.993,205.658,27.49,0.947,101.125,47.157,2.418
ad0fc788-9dda-4019-93a7-06ae97820fc6,2026-04-25T16:56:35.843222-04:00,node-01,orders-api,200,True,normal,market_aware_v1,62.643,53.877,178.49,31.983,0.758,93.818,82.705,1.997
c64be9e4-40ab-428e-b59c-fbe3ca3217d1,2026-04-25T16:56:35.843706-04:00,node-01,checkout-api,502,True,normal,market_aware_v1,59.121,55.66,190.746,28.286,0.758,86.642,70.521,2.038
8d7eac49-1c03-460f-8342-e6dcdac9a4ca,2026-04-25T16:56:35.844119-04:00,node-01,payments-api,503,True,anomalous,market_aware_v1,63.067,57.163,222.814,30.9,1.318,102.904,48.459,2.849
49aa3c08-6710-4a77-84db-29e84b53a478,2026-04-25T16:56:35.844611-04:00,node-01,orders-api,200,True,normal,market_aware_v1,66.312,53.742,165.539,32.175,0.668,81.761,88.075,1.692
ca9c1974-d541-4fa9-a92f-ab4e37925fd8,2026-04-25T16:56:35.845096-04:00,node-01,checkout-api,500,True,normal,market_aware_v1,67.058,55.837,193.095,32.227,0.912,91.952,63.489,2.183
e7e3b5e5-c787-4a7c-bbb2-cc0996b6bdef,2026-04-25T16:56:35.845574-04:00,node-01,payments-api,503,True,normal,market_aware_v1,61.555,55.356,203.282,26.597,0.93,98.199,54.678,2.364
16aa3e4f-27c5-4aa8-8fd0-90b1c32364da,2026-04-25T16:56:35.846055-04:00,node-01,orders-api,429,True,normal,market_aware_v1,68.085,52.626,182.44,32.488,0.676,91.226,86.048,1.925
6a9003a9-90a7-4197-abee-98ab31173d16,2026-04-25T16:56:35.846567-04:00,node-01,checkout-api,429,True,normal,market_aware_v1,67.255,52.178,196.307,29.291,0.88,93.967,65.749,2.216
eb4af6db-0c05-4f75-9622-ec756b3ade75,2026-04-25T16:56:35.847051-04:00,node-01,payments-api,500,True,normal,market_aware_v1,59.939,57.973,198.751,26.279,0.903,99.427,44.46,2.307
70a35402-dec5-4417-bb17-86920c6d13f1,2026-04-25T16:56:35.847528-04:00,node-01,orders-api,502,True,normal,market_aware_v1,66.993,56.411,188.714,31.992,0.815,93.898,86.401,2.048
5649da98-aa47-445e-ba5a-0865c7fdc7dd,2026-04-25T16:56:35.848024-04:00,node-01,checkout-api,502,True,normal,market_aware_v1,64.368,56.369,209.726,29.066,0.95,99.532,59.129,2.355
6912dea0-54c0-4651-b927-07d365550fc7,2026-04-25T16:56:35.848516-04:00,node-01,payments-api,503,True,normal,market_aware_v1,60.048,56.072,205.907,29.561,0.861,95.602,44.101,2.314
95f9d8d4-b6ce-4b71-baad-24626a4de55a,2026-04-25T16:56:35.849009-04:00,node-01,orders-api,503,True,normal,market_aware_v1,67.088,49.925,203.031,30.189,0.82,101.49,77.627,2.176
b9fc921b-2f6d-4377-bff5-8b05dd697041,2026-04-25T16:56:35.849525-04:00,node-01,checkout-api,429,True,normal,market_aware_v1,63.136,53.724,203.457,30.642,0.937,95.901,62.416,2.304
6c26c9ed-6fdb-4afc-b9f7-58c2ad7affde,2026-04-25T16:56:35.850448-04:00,node-01,payments-api,502,True,normal,market_aware_v1,60.992,55.394,201.979,27.921,0.868,98.316,46.967,2.319
9b091c28-1ad4-4a1b-960f-de53b0e0c972,2026-04-25T16:56:35.851215-04:00,node-01,orders-api,200,True,normal,market_aware_v1,63.931,52.47,188.443,28.88,0.691,91.972,78.8,1.976
24936379-2e60-4c11-9f75-8dff5fc8e5e3,2026-04-25T16:56:35.852018-04:00,node-01,checkout-api,429,True,normal,market_aware_v1,64.265,53.497,213.183,31.223,1.035,100.39,57.576,2.535
1f05f8cd-d2fa-4356-bf6f-1192c7e31dbc,2026-04-25T16:56:35.852825-04:00,node-01,payments-api,500,True,normal,market_aware_v1,53.77,53.35,210.378,25.56,0.909,98.133,46.668,2.421
27744bf3-4559-4024-8292-b891e9c8f408,2026-04-25T16:56:35.853405-04:00,node-01,orders-api,200,True,normal,market_aware_v1,60.488,51.929,182.936,31.233,0.699,93.936,70.682,1.98
20bdb8d9-d05c-4cb3-8f29-2d0769502161,2026-04-25T16:56:35.853910-04:00,node-01,checkout-api,429,True,normal,market_aware_v1,56.754,51.343,187.688,27.699,0.909,85.615,55.986,2.185
30386bf3-4d31-4974-b21e-dac42e1a5ba2,2026-04-25T16:56:35.854424-04:00,node-01,payments-api,502,True,normal,market_aware_v1,56.082,55.539,225.295,25.081,1.148,110.548,34.97,3.075
863f2570-a810-4492-8aac-dfb8c35a8fd9,2026-04-25T16:56:35.854932-04:00,node-01,orders-api,200,True,normal,market_aware_v1,58.172,46.982,182.108,27.916,0.688,86.572,74.288,1.817
41e181bd-9fef-42d6-aec8-1591a5d81e07,2026-04-25T16:56:35.855414-04:00,node-01,checkout-api,429,True,normal,market_aware_v1,55.636,49.52,186.286,25.669,0.894,91.86,51.829,2.215
1e04b3d5-44f2-4e2c-b873-26b5f0bea9b3,2026-04-25T16:56:35.855824-04:00,node-01,payments-api,500,True,normal,market_aware_v1,54.602,51.819,211.009,23.025,0.82,98.787,33.328,2.216
98429839-7ca2-4c44-b8a0-665f76dfb41e,2026-04-25T16:56:35.856255-04:00,node-01,orders-api,200,True,normal,market_aware_v1,59.15,45.25,180.061,27.422,0.703,93.116,72.088,1.995
a433715f-0854-4652-956e-a71a3dc9d679,2026-04-25T16:56:35.856698-04:00,node-01,checkout-api,500,True,anomalous,market_aware_v1,55.806,50.923,214.842,30.134,1.298,100.198,42.556,2.875
6e7d983c-1628-4fa6-88e6-1850ab46c1b0,2026-04-25T16:56:35.857184-04:00,node-01,payments-api,429,True,normal,market_aware_v1,54.621,51.844,213.263,24.668,0.932,100.191,29.072,2.364
673199b7-8df2-43ed-98d2-1989b5a5dfa7,2026-04-25T16:56:35.857669-04:00,node-01,orders-api,200,True,normal,market_aware_v1,57.91,48.737,183.004,30.927,0.742,93.315,76.846,1.972
2133fcfb-0fb7-493c-b1d9-32b81f66bba9,2026-04-25T16:56:35.858132-04:00,node-01,checkout-api,503,True,normal,market_aware_v1,59.806,44.376,194.072,28.336,0.986,95.416,52.295,2.286
85308f91-a17e-49a2-87f9-91f35bebf506,2026-04-25T16:56:35.858575-04:00,node-01,payments-api,500,True,normal,market_aware_v1,49.756,54.094,206.417,25.387,0.81,95.402,33.214,2.158
6eaa3d93-15d6-48da-abe1-6c99908401f6,2026-04-25T16:56:35.859020-04:00,node-01,orders-api,200,True,normal,market_aware_v1,57.93,47.296,176.511,28.826,0.752,91.589,72.732,1.986
645e146d-a7ca-4bc9-8a85-ddd8cfd24abe,2026-04-25T16:56:35.859419-04:00,node-01,checkout-api,503,True,normal,market_aware_v1,59.351,49.944,210.994,27.164,1.025,101.195,45.375,2.615
2eab62eb-b214-423b-8db3-7601061f9c3a,2026-04-25T16:56:35.859884-04:00,node-01,payments-api,503,True,normal,market_aware_v1,54.442,54.654,202.48,23.663,0.822,100.068,30.643,2.285
adee192c-db46-469c-89a0-5a5ab61dee97,2026-04-25T16:56:35.860327-04:00,node-01,orders-api,200,True,normal,market_aware_v1,58.522,49.94,174.984,29.094,0.786,88.573,68.617,1.907
22fcbdd3-8d7e-4cad-bac0-78f983ade79c,2026-04-25T16:56:35.860924-04:00,node-01,checkout-api,429,True,anomalous,market_aware_v1,60.967,52.511,215.192,27.583,1.355,106.473,39.439,3.095
393ef7fd-93da-4e3b-b46c-d8c254593087,2026-04-25T16:56:35.861650-04:00,node-01,payments-api,502,True,normal,market_aware_v1,56.488,51.681,184.875,24.731,0.906,93.394,37.71,2.354
8dea6e0f-b3fa-4550-a1c3-f0bb581ffe9e,2026-04-25T16:56:35.862260-04:00,node-01,orders-api,200,True,normal,market_aware_v1,61.474,47.554,181.939,31.07,0.699,93.874,74.129,1.984
72104f17-3b2d-4526-a138-2ed38fe7759b,2026-04-25T16:56:35.862837-04:00,node-01,checkout-api,500,True,normal,market_aware_v1,59.568,53.37,199.084,29.577,0.909,94.245,56.16,2.228
ab4643f7-e194-4f05-94ae-17322f57cd17,2026-04-25T16:56:35.863340-04:00,node-01,payments-api,500,True,normal,market_aware_v1,57.794,52.068,206.179,25.694,0.941,100.446,44.583,2.483
35574d2a-b009-42cd-8646-1c6de115ebf1,2026-04-25T16:56:35.863834-04:00,node-01,orders-api,200,True,normal,market_aware_v1,66.125,49.64,179.919,31.326,0.662,90.254,81.254,1.975
ccae152b-3589-4a1b-aec8-0e47f00511c5,2026-04-25T16:56:35.864276-04:00,node-01,checkout-api,503,True,anomalous,market_aware_v1,62.534,59.472,217.754,32.345,1.335,102.295,53.212,2.924
c0a0529f-c957-41cb-a17b-c966871eb3f9,2026-04-25T16:56:35.864763-04:00,node-01,payments-api,500,True,normal,market_aware_v1,54.669,55.399,193.319,28.28,0.918,91.654,46.941,2.236
579298cf-2198-4594-8234-193be6e7bded,2026-04-25T16:56:35.865184-04:00,node-01,orders-api,502,True,normal,market_aware_v1,67.333,53.256,178.312,33.038,0.787,93.37,83.212,2.204
0e8392e0-a41a-4662-a4a2-0535532ad02b,2026-04-25T16:56:35.865613-04:00,node-01,checkout-api,503,True,normal,market_aware_v1,62.388,54.454,198.947,29.04,1.053,98.845,57.408,2.484
0229f4d2-c3f3-4c0f-9b15-5c83429b07d2,2026-04-25T16:56:35.866040-04:00,node-01,payments-api,503,True,normal,market_aware_v1,55.515,55.907,208.444,28.961,0.865,97.699,48.735,2.321
5c1099b9-bb13-4e4e-a825-4f79e8626b0e,2026-04-25T16:56:35.866477-04:00,node-01,orders-api,502,True,normal,market_aware_v1,64.708,50.697,193.8,30.938,0.816,97.177,79.115,2.219
6849424e-81c3-4558-91e0-b2fd0fddf4fb,2026-04-25T16:56:35.866923-04:00,node-01,checkout-api,500,True,normal,market_aware_v1,63.519,55.701,213.489,29.651,1.191,101.29,59.625,3.041
9dbacd0b-8b49-46a8-986a-33d098f8f27a,2026-04-25T16:56:35.867391-04:00,node-01,payments-api,500,True,normal,market_aware_v1,60.841,58.045,222.121,26.502,0.982,101.056,48.856,2.739
030410d5-89ea-45da-a8ce-beb3049bc0d6,2026-04-25T16:56:35.867900-04:00,node-01,orders-api,200,True,normal,market_aware_v1,63.858,49.98,182.474,31.687,0.756,91.222,78.319,1.903
0cd45179-793c-4865-9f0e-e42987b810a3,2026-04-25T16:56:35.868350-04:00,node-01,checkout-api,429,True,normal,market_aware_v1,64.302,53.373,220.447,30.778,1.121,109.538,55.917,2.952
cab905c6-8918-43ca-b4de-11223fc6ee18,2026-04-25T16:56:35.868803-04:00,node-01,payments-api,503,True,normal,market_aware_v1,59.56,57.821,211.115,26.329,0.864,98.247,49.077,2.348
d8a57bde-f37d-4dde-a882-9f8fcc6c6e24,2026-04-25T16:56:35.869251-04:00,node-01,orders-api,200,True,normal,market_aware_v1,63.808,54.114,173.23,34.473,0.706,88.405,87.224,1.861
9cefefe7-65c6-4e43-a1d3-907da654e683,2026-04-25T16:56:35.869694-04:00,node-01,checkout-api,500,True,normal,market_aware_v1,62.748,52.29,198.731,30.187,0.961,96.533,57.312,2.408
f6d4f26f-7a39-41b0-8816-0f2c925bae43,2026-04-25T16:56:35.870084-04:00,node-01,payments-api,500,True,normal,market_aware_v1,58.417,56.294,214.475,25.46,0.902,94.055,43.438,2.373
758e5530-8d3f-493d-a279-865d83c23e15,2026-04-25T16:56:35.870529-04:00,node-01,orders-api,502,True,anomalous,market_aware_v1,66.991,54.92,210.516,32.832,1.081,101.377,74.342,2.604
9094099a-94b0-4e3c-9d9b-54bde6b974ff,2026-04-25T16:56:35.870957-04:00,node-01,checkout-api,503,True,normal,market_aware_v1,57.909,55.72,206.753,31.355,0.992,99.566,48.198,2.583
8b556d12-8b8c-4c61-977b-2235429840c3,2026-04-25T16:56:35.871379-04:00,node-01,payments-api,503,True,normal,market_aware_v1,58.793,56.109,213.289,25.898,0.925,101.881,40.284,2.461
d6a27e1f-adf5-41f6-a194-04ef0e2c5ecb,2026-04-25T16:56:35.871821-04:00,node-01,orders-api,200,True,normal,market_aware_v1,57.346,50.027,173.12,31.102,0.74,89.524,79.231,1.882
6ef5b4fe-a841-4d8b-b030-2c58921806cc,2026-04-25T16:56:35.872257-04:00,node-01,checkout-api,502,True,normal,market_aware_v1,61.424,50.196,191.632,29.517,0.851,88.21,52.937,2.137
5be0168a-f903-4ee5-b8ab-cbeb1f071215,2026-04-25T16:56:35.872764-04:00,node-01,payments-api,502,True,anomalous,market_aware_v1,62.737,55.095,223.887,25.654,1.317,103.181,36.217,2.983
5943d26b-4129-4d4c-b638-788925377ba2,2026-04-25T16:56:35.874107-04:00,node-01,orders-api,200,True,normal,market_aware_v1,56.378,46.082,169.468,31.26,0.632,87.371,74.038,1.765
489f03cf-689b-4f90-9596-d50b65cb5bca,2026-04-25T16:56:35.874571-04:00,node-01,checkout-api,429,True,normal,market_aware_v1,60.546,51.403,191.232,28.189,1.009,94.426,52.987,2.347
7e034c23-5c13-48fb-9090-6d7c2acdc88e,2026-04-25T16:56:35.875076-04:00,node-01,payments-api,500,True,normal,market_aware_v1,50.461,53.361,203.443,25.67,0.837,97.899,34.544,2.297
f58ab0b4-493d-48a4-a2f1-0b447db224dd,2026-04-25T16:56:35.875584-04:00,node-01,orders-api,429,True,normal,market_aware_v1,61.512,50.223,190.334,30.938,0.781,99.222,75.028,2.176
0c183290-b666-46cc-9cd0-e31da6b91b66,2026-04-25T16:56:35.876088-04:00,node-01,checkout-api,502,True,normal,market_aware_v1,55.67,51.571,182.89,27.452,0.786,85.422,55.439,2.037
41339fbc-3045-4d9a-abfe-e0593d1763f1,2026-04-25T16:56:35.876582-04:00,node-01,payments-api,500,True,normal,market_aware_v1,50.905,53.259,201.506,26.668,0.883,88.831,41.304,2.144
6236e689-1a46-456f-9a04-bb13a744dc2c,2026-04-25T16:56:35.877039-04:00,node-01,orders-api,429,True,normal,market_aware_v1,62.003,51.511,191.085,33.707,0.887,97.993,69.516,2.347
9bd49666-3a2b-4170-a07a-83b16e382a35,2026-04-25T16:56:35.877487-04:00,node-01,checkout-api,500,True,normal,market_aware_v1,57.472,52.359,193.624,29.655,0.911,91.827,55.088,2.142
213e1d2a-6f84-47f2-a657-46f67dd8adc3,2026-04-25T16:56:35.878057-04:00,node-01,payments-api,503,True,anomalous,market_aware_v1,61.28,57.031,222.931,27.182,1.321,107.682,33.791,3.049
4694a50f-29ec-4bd9-85e1-d71d6e0408d0,2026-04-25T16:56:35.878624-04:00,node-01,orders-api,502,True,normal,market_aware_v1,62.409,51.215,187.625,29.131,0.727,94.056,77.733,2.09
379e0ce3-ea80-4966-8928-8721e0e36986,2026-04-25T16:56:35.879117-04:00,node-01,checkout-api,503,True,normal,market_aware_v1,61.18,55.053,189.882,28.047,0.852,89.939,66.292,2.118
5c1d39ee-8784-41ad-b007-b7e69cb067b6,2026-04-25T16:56:35.879628-04:00,node-01,payments-api,503,True,normal,market_aware_v1,56.037,54.662,204.133,23.523,0.882,99.993,41.212,2.345
83e859ea-cc97-4cf5-967c-1b4a08df592e,2026-04-25T16:56:35.880127-04:00,node-01,orders-api,200,True,normal,market_aware_v1,65.145,51.679,180.444,31.415,0.761,91.309,83.15,1.901
a00914b7-6f6d-420f-85b5-1b820642198c,2026-04-25T16:56:35.880711-04:00,node-01,checkout-api,429,True,normal,market_aware_v1,64.509,54.844,208.6,30.751,0.915,97.291,52.378,2.483
479f52ac-1a62-4381-8e1d-32faeba94546,2026-04-25T16:56:35.881211-04:00,node-01,payments-api,503,True,normal,market_aware_v1,58.538,59.049,203.267,28.168,0.899,92.856,55.221,2.39
e014040d-d48b-42fb-b145-3e398eaf8aae,2026-04-25T16:56:35.881714-04:00,node-01,orders-api,500,True,normal,market_aware_v1,72.752,51.946,190.288,32.767,0.85,99.997,74.872,2.256
90f9b298-12af-4900-9f64-2701a61e4293,2026-04-25T16:56:35.882291-04:00,node-01,checkout-api,500,True,normal,market_aware_v1,67.139,54.156,231.053,31.025,1.248,109.11,62.716,3.172
986918d9-afc7-4c0f-b25a-1b499af016ff,2026-04-25T16:56:35.882871-04:00,node-01,payments-api,503,True,normal,market_aware_v1,58.761,57.818,197.203,24.037,0.762,94.039,47.153,2.182
23b592a1-ae5e-4051-be60-c6a47cc0b80a,2026-04-25T16:56:35.883385-04:00,node-01,orders-api,429,True,anomalous,market_aware_v1,76.655,58.46,209.072,33.569,1.163,108.489,74.543,2.781
9ed1b2b7-f52e-404c-a9e3-1aa250d42618,2026-04-25T16:56:35.883882-04:00,node-01,checkout-api,503,True,normal,market_aware_v1,68.902,57.218,218.819,31.218,1.001,105.344,58.598,2.634
d5f62d4c-3b58-40ff-a9a8-216e0d9b1190,2026-04-25T16:56:35.884379-04:00,node-01,payments-api,503,True,normal,market_aware_v1,65.428,59.764,227.72,27.86,0.982,109.397,46.19,2.752
e7c43ddf-6cbb-4eec-94ad-d9b7ff1a3048,2026-04-25T16:56:35.884863-04:00,node-01,orders-api,200,True,normal,market_aware_v1,65.167,51.964,179.319,31.844,0.638,83.88,90.182,1.738
a03b0be0-001e-48c2-b5e7-0ba97ab096c6,2026-04-25T16:56:35.885334-04:00,node-01,checkout-api,502,True,anomalous,market_aware_v1,73.205,59.372,220.859,32.284,1.401,107.336,60.272,3.11
581f420b-1475-47b7-a136-fe12728acd3b,2026-04-25T16:56:35.885817-04:00,node-01,payments-api,429,True,normal,market_aware_v1,65.652,59.102,225.685,28.751,0.969,99.8,52.637,2.576
df4c8739-1370-4157-b480-43259fb2f523,2026-04-25T16:56:35.886291-04:00,node-01,orders-api,503,True,normal,market_aware_v1,67.494,54.105,194.432,31.763,0.729,96.391,81.701,2.157
63387700-dcdf-4443-96c4-32e7caf1bfcb,2026-04-25T16:56:35.886788-04:00,node-01,checkout-api,500,True,normal,market_aware_v1,64.919,56.96,201.215,29.876,0.9,97.058,64.813,2.27
7043c071-94eb-403d-96d6-f1cf77c583ce,2026-04-25T16:56:35.887266-04:00,node-01,payments-api,503,True,normal,market_aware_v1,60.257,56.832,200.924,25.751,0.862,94.901,46.358,2.174
a178e626-a37b-427e-9286-fda84aaa5e75,2026-04-25T16:56:35.887750-04:00,node-01,orders-api,200,True,normal,market_aware_v1,67.639,53.958,194.757,30.037,0.654,95.642,90.59,1.947
60a617a8-c90f-44c8-8b5c-9b0b117dfd6e,2026-04-25T16:56:35.888221-04:00,node-01,checkout-api,503,True,normal,market_aware_v1,67.973,56.003,223.205,29.568,1.011,105.253,61.067,2.555
010f8f7e-6e76-4b97-b558-2279c6880bfc,2026-04-25T16:56:35.888667-04:00,node-01,payments-api,500,True,anomalous,market_aware_v1,63.552,59.32,218.083,28.258,1.24,97.562,44.867,2.715
650733f7-6a65-45cb-94f8-6119e4c989b4,2026-04-25T16:56:35.889077-04:00,node-01,orders-api,429,True,normal,market_aware_v1,63.802,53.104,169.306,32.575,0.775,91.798,82.231,1.994
11769fa7-2908-4236-8990-ad4ccc8f944c,2026-04-25T16:56:35.889510-04:00,node-01,checkout-api,500,True,normal,market_aware_v1,64.779,54.788,201.236,31.169,0.871,97.192,58.715,2.331
3b0513b9-8294-4da7-815b-6f87d90cff10,2026-04-25T16:56:35.889967-04:00,node-01,payments-api,429,True,normal,market_aware_v1,54.305,54.967,184.148,26.154,0.789,87.962,43.62,1.964
0cac0f1b-81e0-44b7-8413-71fc66fec265,2026-04-25T16:56:35.890393-04:00,node-01,orders-api,429,True,normal,market_aware_v1,62.048,48.928,186.441,28.879,0.684,92.729,76.98,2.006
0aecb20e-fbb1-4d6a-b2ed-4623a486c5fd,2026-04-25T16:56:35.890831-04:00,node-01,checkout-api,502,True,normal,market_aware_v1,59.61,51.246,200.563,28.179,0.954,96.148,48.285,2.245
e1d15fa3-4e55-4e1e-98ac-d30cfea4e43f,2026-04-25T16:56:35.891215-04:00,node-01,payments-api,503,True,normal,market_aware_v1,58.018,52.119,210.563,26.292,1.014,103.245,41.853,2.618
b54f7ec2-74e8-486c-9f9d-571d2b011ccd,2026-04-25T16:56:35.891629-04:00,node-01,orders-api,429,True,normal,market_aware_v1,62.434,47.925,206.199,27.188,0.897,103.094,70.777,2.265
da7f8fe5-b41f-4c13-9617-a5e9b51e0f63,2026-04-25T16:56:35.892090-04:00,node-01,checkout-api,429,True,normal,market_aware_v1,56.392,53.15,199.331,29.102,0.845,95.21,47.966,2.253
947c6543-dae9-4372-bf38-2c1e5e83d40b,2026-04-25T16:56:35.892524-04:00,node-01,payments-api,429,True,normal,market_aware_v1,56.281,52.735,197.166,25.927,0.741,88.096,39.089,2.076
e6f2186a-2817-4a5b-96a3-89e90b21cc5f,2026-04-25T16:56:35.892989-04:00,node-01,orders-api,429,True,normal,market_aware_v1,56.807,46.976,174.528,29.374,0.69,87.835,72.755,1.883
6ae58694-b38e-4f08-880d-b75d3fdece43,2026-04-25T16:56:35.893417-04:00,node-01,checkout-api,500,True,normal,market_aware_v1,60.963,49.445,190.209,25.811,0.897,93.445,49.196,2.313
9d0414f2-d70f-476c-b039-037871a67b0a,2026-04-25T16:56:35.893896-04:00,node-01,payments-api,503,True,normal,market_aware_v1,50.97,52.705,213.03,24.171,0.979,102.316,38.341,2.485
6169f75b-50fa-416d-a878-33022ad9ce9c,2026-04-25T16:56:35.894356-04:00,node-01,orders-api,502,True,anomalous,market_aware_v1,63.756,50.17,189.736,32.009,1.28,104.354,58.926,3.036
a4e05202-0bc2-4ab5-a2da-8468d8140e42,2026-04-25T16:56:35.894828-04:00,node-01,checkout-api,503,True,normal,market_aware_v1,56.801,48.421,188.406,25.718,0.796,88.17,51.315,2.052
9137beea-0392-4ee5-b6ee-494e4b080ac3,2026-04-25T16:56:35.895308-04:00,node-01,payments-api,503,True,normal,market_aware_v1,50.808,51.485,204.509,23.774,0.881,97.564,35.949,2.374
ee4e32cf-addb-4a79-8713-cc0ca7a8e7e2,2026-04-25T16:56:35.895788-04:00,node-01,orders-api,500,True,normal,market_aware_v1,57.571,44.031,177.556,27.057,0.703,91.159,74.257,2.016
659be6e1-ebf2-4cbe-9628-629c9cd7b125,2026-04-25T16:56:35.896257-04:00,node-01,checkout-api,500,True,normal,market_aware_v1,59.444,48.287,194.242,26.392,0.839,91.833,52.883,2.111
8bec94ae-dc99-40ca-b2f5-5cb31618cf06,2026-04-25T16:56:35.896788-04:00,node-01,payments-api,503,True,normal,market_aware_v1,47.189,54.919,200.041,23.524,0.86,96.667,34.431,2.302
dcc66233-eb4a-47a6-a473-d58cd9621c84,2026-04-25T16:56:35.897274-04:00,node-01,orders-api,200,True,normal,market_aware_v1,56.837,50.214,174.784,28.839,0.697,90.066,79.476,1.956
c9bcb91a-4cc7-494f-b6c5-73033d6a1405,2026-04-25T16:56:35.897765-04:00,node-01,checkout-api,502,True,anomalous,market_aware_v1,61.538,50.4,209.961,27.977,1.126,99.971,49.377,2.857
26b9c827-c9b3-43fe-aea6-1afe7921c352,2026-04-25T16:56:35.898244-04:00,node-01,payments-api,500,True,normal,market_aware_v1,53.51,52.807,219.498,24.985,0.824,98.285,43.813,2.237
1d2eabd5-2575-4700-8b2e-e55f7519311f,2026-04-25T16:56:35.898737-04:00,node-01,orders-api,502,True,anomalous,market_aware_v1,64.049,50.467,211.306,32.304,1.121,105.68,64.898,2.723
521070ca-c5be-42b3-adf9-46140c28d870,2026-04-25T16:56:35.899212-04:00,node-01,checkout-api,500,True,normal,market_aware_v1,60.322,52.379,196.641,27.948,0.79,88.455,60.041,2.084
50035de5-faec-4349-b91b-f3dabfee1f0f,2026-04-25T16:56:35.900021-04:00,node-01,payments-api,429,True,normal,market_aware_v1,60.029,56.42,220.338,27.703,0.876,101.146,43.365,2.516
24bd7f7d-caa2-436e-b1ee-281577e474b3,2026-04-25T16:56:35.900503-04:00,node-01,orders-api,503,True,normal,market_aware_v1,60.371,50.497,192.359,30.993,0.766,94.023,81.266,2.052
33f45dbc-fb1c-4392-be06-91a2782f366a,2026-04-25T16:56:35.900992-04:00,node-01,checkout-api,429,True,normal,market_aware_v1,58.295,56.112,187.832,29.08,1.005,97.516,54.535,2.371
b57961ab-bb65-4b1a-8b18-8718db9e6c27,2026-04-25T16:56:35.901499-04:00,node-01,payments-api,503,True,normal,market_aware_v1,60.103,57.905,231.99,27.499,1.063,104.178,50.784,2.94
b7f7053d-ebce-47ec-95cc-6f938e3cee46,2026-04-25T16:56:35.902009-04:00,node-01,orders-api,429,True,normal,market_aware_v1,60.406,51.268,188.914,30.017,0.729,95.622,81.253,2.096
6aa403c6-5097-4ff8-b643-8afbfb674a8c,2026-04-25T16:56:35.902417-04:00,node-01,checkout-api,429,True,normal,market_aware_v1,64.723,53.385,224.452,29.915,0.948,99.093,58.136,2.348
d7011445-46f0-4f80-b3b3-4e4cfdd86d0f,2026-04-25T16:56:35.902877-04:00,node-01,payments-api,503,True,normal,market_aware_v1,61.047,58.024,206.428,27.421,0.904,99.623,49.723,2.429
c18e43e8-964e-4af8-b509-1cb4ed7b6898,2026-04-25T16:56:35.903315-04:00,node-01,orders-api,503,True,anomalous,market_aware_v1,71.857,53.696,204.454,32.652,1.259,104.858,68.816,2.888
cc82d629-1f95-434b-83ff-4058ba3385a9,2026-04-25T16:56:35.903874-04:00,node-01,checkout-api,429,True,normal,market_aware_v1,65.353,56.517,198.542,30.566,0.888,94.615,59.563,2.267
7d576e25-9d75-45ea-82ca-fd70de21a745,2026-04-25T16:56:35.904343-04:00,node-01,payments-api,503,True,normal,market_aware_v1,58.661,55.059,209.292,26.041,0.838,95.275,47.742,2.261
528a66dd-b5ba-4fff-8c6a-d177ea0e2e04,2026-04-25T16:56:35.904820-04:00,node-01,orders-api,500,True,normal,market_aware_v1,66.693,48.846,208.713,32.718,0.913,107.706,75.36,2.48
9242fdd3-ba5b-4bf9-b112-769b1af23329,2026-04-25T16:56:35.905282-04:00,node-01,checkout-api,500,True,anomalous,market_aware_v1,65.015,58.617,227.19,34.521,1.462,110.13,51.073,3.341
b2f585ca-0c32-47cb-bdef-a668d9283613,2026-04-25T16:56:35.905735-04:00,node-01,payments-api,429,True,normal,market_aware_v1,56.878,54.616,203.023,26.32,0.843,98.786,44.613,2.296
cd49d3a3-2127-4ab3-b0eb-29f11b516bfa,2026-04-25T16:56:35.906153-04:00,node-01,orders-api,503,True,normal,market_aware_v1,63.661,55.877,192.403,32.008,0.786,97.665,80.108,2.114
58187c13-76e2-458d-9925-5c64cd773837,2026-04-25T16:56:35.906617-04:00,node-01,checkout-api,503,True,normal,market_aware_v1,65.741,55.743,211.682,29.127,0.998,94.174,66.213,2.356
eddaa2ed-20b5-433e-821a-cafd05c46e7f,2026-04-25T16:56:35.907059-04:00,node-01,payments-api,429,True,normal,market_aware_v1,61.153,52.834,211.355,25.513,0.974,96.193,43.487,2.435
56322032-b2da-40c3-8367-f590dd55c6f2,2026-04-25T16:56:35.907505-04:00,node-01,orders-api,200,True,normal,market_aware_v1,63.213,52.944,176.39,29.743,0.664,91.373,80.576,1.908
c6dc1832-86b4-4119-99e0-23a1991f5036,2026-04-25T16:56:35.907919-04:00,node-01,checkout-api,429,True,normal,market_aware_v1,61.714,52.665,189.512,29.148,0.819,93.383,58.458,2.11
733778d4-223b-4747-9553-70bb46cebabe,2026-04-25T16:56:35.908353-04:00,node-01,payments-api,429,True,normal,market_aware_v1,56.663,55.568,186.231,27.02,0.863,90.627,48.545,2.179
b1e62c71-43ff-4425-b9d1-39b7fd9f615a,2026-04-25T16:56:35.908828-04:00,node-01,orders-api,503,True,anomalous,market_aware_v1,69.13,52.64,207.869,31.998,1.14,101.411,65.862,2.684
ad1442bd-3bd8-4f4b-973f-38ff429bf408,2026-04-25T16:56:35.909251-04:00,node-01,checkout-api,429,True,normal,market_aware_v1,53.275,53.243,196.681,30.328,0.852,93.628,56.7,2.122
f6737dc7-ad31-4de4-9ba7-65f01b884605,2026-04-25T16:56:35.909697-04:00,node-01,payments-api,502,True,normal,market_aware_v1,58.82,54.762,211.519,27.082,1.01,106.577,40.706,2.633
2fb5ba79-2e5e-4d19-9636-cb0c5b110f52,2026-04-25T16:56:35.910139-04:00,node-01,orders-api,502,True,anomalous,market_aware_v1,63.071,53.116,215.836,33.62,1.271,109.422,68.52,3.005
cc27e120-31c2-4dc0-b172-3f8b8102d141,2026-04-25T16:56:35.910584-04:00,node-01,checkout-api,502,True,normal,market_aware_v1,59.823,51.311,203.008,30.67,0.959,97.421,50.26,2.486
3da496f8-5fe5-466f-97f8-6c944c9e9f11,2026-04-25T16:56:35.911040-04:00,node-01,payments-api,503,True,normal,market_aware_v1,57.263,52.479,214.867,22.203,0.901,100.295,40.789,2.414
9b671177-be1d-4303-b64d-9b3b4de5f9a3,2026-04-25T16:56:35.911472-04:00,node-01,orders-api,503,True,normal,market_aware_v1,61.873,48.744,180.872,30.485,0.752,93.082,74.057,2.115
f23c8ac0-eb2c-48a2-ad1d-c442e8debec2,2026-04-25T16:56:35.911893-04:00,node-01,checkout-api,429,True,normal,market_aware_v1,59.524,52.289,207.373,27.086,0.927,98.107,47.92,2.445
b4cd1b97-7b4e-4592-bab7-e540aaf8d830,2026-04-25T16:56:35.912331-04:00,node-01,payments-api,502,True,normal,market_aware_v1,54.788,55.747,210.932,24.707,0.911,100.954,40.015,2.423
9c6ac91c-f23c-49f0-9dda-e3f4457c2a9e,2026-04-25T16:56:35.912787-04:00,node-01,orders-api,429,True,normal,market_aware_v1,60.831,44.016,186.483,32.252,0.865,93.563,71.786,2.318
09469d0d-2839-4acf-871e-facdf5845b06,2026-04-25T16:56:35.913212-04:00,node-01,checkout-api,500,True,normal,market_aware_v1,59.77,53.676,199.884,28.167,0.932,97.837,46.161,2.366
e69063af-aafd-457e-a9cb-93ff6e8ddb17,2026-04-25T16:56:35.913661-04:00,node-01,payments-api,429,True,anomalous,market_aware_v1,58.333,56.325,233.01,27.177,1.271,106.852,33.039,2.995
74034bf4-a29d-4b02-8255-1166c5e60ff3,2026-04-25T16:56:35.914118-04:00,node-01,orders-api,503,True,normal,market_aware_v1,63.83,48.929,187.589,32.335,0.789,93.751,75.246,2.105
29eefddc-c0eb-4748-94ff-2b4d6e4613d6,2026-04-25T16:56:35.914573-04:00,node-01,checkout-api,503,True,normal,market_aware_v1,63.352,53.342,215.02,28.503,0.918,100.727,53.714,2.459
40aeef09-fc95-4007-ae3c-d66261508159,2026-04-25T16:56:35.915013-04:00,node-01,payments-api,429,True,normal,market_aware_v1,54.561,57.137,212.23,27.862,0.772,96.173,51.771,2.182
1c966ff5-2699-4d0f-ad40-d1cacdd47fa1,2026-04-25T16:56:35.915440-04:00,node-01,orders-api,500,True,normal,market_aware_v1,67.593,54.078,203.677,32.17,0.879,105.77,79.658,2.328
56e3c7b1-df8b-4ae0-93f1-d0e28b43ca71,2026-04-25T16:56:35.915882-04:00,node-01,checkout-api,502,True,normal,market_aware_v1,61.196,50.732,189.643,29.122,0.958,96.572,62.62,2.459
4ca5e4d7-1e3a-49ed-9554-01dc8939e337,2026-04-25T16:56:35.916388-04:00,node-01,payments-api,500,True,normal,market_aware_v1,62.182,56.195,212.694,29.161,0.911,103.641,46.188,2.372
2f2fb74d-cab7-42a4-b4a2-27033ea3c0de,2026-04-25T16:56:35.916895-04:00,node-01,orders-api,429,True,normal,market_aware_v1,69.705,53.084,185.524,32.489,0.793,98.541,78.841,2.31
98b0158a-ffa1-4c45-8952-a6b641f25005,2026-04-25T16:56:35.917367-04:00,node-01,checkout-api,502,True,normal,market_aware_v1,62.362,56.769,208.539,30.484,1.014,102.56,57.705,2.641
f9fe9807-a7de-4f41-b58a-6e5510ab0619,2026-04-25T16:56:35.917814-04:00,node-01,payments-api,503,True,anomalous,market_aware_v1,61.682,60.942,224.779,28.66,1.224,107.32,40.467,3.039
ab39b0e9-52b9-416f-9586-dfc942252918,2026-04-25T16:56:35.918277-04:00,node-01,orders-api,500,True,normal,market_aware_v1,67.761,50.86,191.26,33.35,0.816,96.171,77.09,2.072
19ab4a4d-f069-46e8-b37f-2f0ca6a3de98,2026-04-25T16:56:35.918780-04:00,node-01,checkout-api,503,True,normal,market_aware_v1,69.178,57.328,209.886,29.741,1.052,96.01,63.657,2.472
2ebe1291-1e1a-4744-84f5-20e74f4ad923,2026-04-25T16:56:35.919256-04:00,node-01,payments-api,500,True,normal,market_aware_v1,61.502,58.705,204.096,28.648,0.951,95.921,46.257,2.342
a55ae45c-8e66-4188-babf-55f4da4850eb,2026-04-25T16:56:35.919748-04:00,node-01,orders-api,502,True,normal,market_aware_v1,66.005,54.585,180.296,33.231,0.709,89.167,92.022,2.004
e66c77e5-54d9-4838-a429-329b27e8466d,2026-04-25T16:56:35.920188-04:00,node-01,checkout-api,502,True,anomalous,market_aware_v1,68.215,59.793,222.285,36.056,1.254,100.364,61.234,2.979
cfda0cbd-c9ff-4039-96fc-122cc234d9fb,2026-04-25T16:56:35.920642-04:00,node-01,payments-api,500,True,normal,market_aware_v1,59.401,58.097,209.619,27.821,0.916,103.15,48.986,2.495
e7e26e43-eb21-49d8-89dc-d34643e4662f,2026-04-25T16:56:35.921133-04:00,node-01,orders-api,500,True,normal,market_aware_v1,68.775,55.53,193.195,35.564,0.876,100.918,80.944,2.233
7c1807eb-012d-49bc-a700-c67776ef273c,2026-04-25T16:56:35.921625-04:00,node-01,checkout-api,429,True,anomalous,market_aware_v1,72.006,57.621,212.461,32.372,1.393,101.183,57.021,3.053
1f60073c-8de2-4584-8b37-097992518f94,2026-04-25T16:56:35.922085-04:00,node-01,payments-api,503,True,normal,market_aware_v1,58.835,60.197,204.736,26.387,0.794,96.44,55.575,2.306
e491848a-ab10-4dc6-b074-71fa79a4dc46,2026-04-25T16:56:35.922571-04:00,node-01,orders-api,503,True,normal,market_aware_v1,68.518,49.471,195.247,32.092,0.863,100.925,79.227,2.244
e650356f-d314-4333-bd8b-559fed9112a3,2026-04-25T16:56:35.922961-04:00,node-01,checkout-api,429,True,normal,market_aware_v1,60.753,58.94,199.542,30.082,0.865,92.0,56.504,2.236
575dad06-c7d7-4d80-a94c-fe66cefc0048,2026-04-25T16:56:35.923595-04:00,node-01,payments-api,500,True,normal,market_aware_v1,58.533,60.992,205.487,25.185,0.788,93.526,50.66,2.07
a8fd53a8-44d1-4d88-951b-80a775338d57,2026-04-25T16:56:35.924044-04:00,node-01,orders-api,500,True,normal,market_aware_v1,68.293,52.386,181.757,31.46,0.783,98.39,79.537,2.166
8760ef3e-97b3-42bf-b6c6-1a8423b5dd75,2026-04-25T16:56:35.924544-04:00,node-01,checkout-api,502,True,normal,market_aware_v1,62.716,53.101,222.923,29.824,0.948,103.31,53.677,2.547
8e434ea3-94e5-4a82-ac21-261e6bd8a902,2026-04-25T16:56:35.924996-04:00,node-01,payments-api,502,True,normal,market_aware_v1,60.34,55.729,222.941,27.885,1.05,107.894,47.637,2.765
662cab0b-e540-4695-becc-4edc8a601071,2026-04-25T16:56:35.925881-04:00,node-01,orders-api,429,True,normal,market_aware_v1,61.886,49.595,188.561,29.792,0.727,94.41,73.103,2.002
9d9cac83-414b-4ab0-bf77-203ddc709cb1,2026-04-25T16:56:35.926300-04:00,node-01,checkout-api,502,True,normal,market_aware_v1,63.209,52.207,211.895,25.516,1.015,100.411,51.051,2.463
df5e47a9-35c7-4107-9eaf-2e4c2330ca6b,2026-04-25T16:56:35.926781-04:00,node-01,payments-api,500,True,normal,market_aware_v1,55.706,53.001,210.575,27.815,0.871,89.762,38.04,2.238
478297d4-acfe-48d6-824e-c8d933e34416,2026-04-25T16:56:35.927185-04:00,node-01,orders-api,500,True,anomalous,market_aware_v1,65.938,49.542,209.431,32.698,1.149,107.718,63.035,2.856
4d4ca4da-05ff-4574-9d6a-d8ec185bd39d,2026-04-25T16:56:35.927613-04:00,node-01,checkout-api,503,True,normal,market_aware_v1,58.503,50.858,213.222,28.182,1.007,103.127,47.18,2.604
354d6a08-8379-455e-bfcb-d1b0566adcf9,2026-04-25T16:56:35.928032-04:00,node-01,payments-api,500,True,normal,market_aware_v1,55.568,52.141,204.13,22.41,0.757,93.263,41.534,2.095
1521cdce-a6cc-4926-928d-95d0361f2099,2026-04-25T16:56:35.928411-04:00,node-01,orders-api,429,True,normal,market_aware_v1,58.673,44.95,185.331,28.138,0.813,95.856,64.353,2.111
03407819-13a9-4242-bd9f-5f43d8d19c6e,2026-04-25T16:56:35.928869-04:00,node-01,checkout-api,500,True,normal,market_aware_v1,61.616,52.245,221.863,28.49,1.164,104.28,47.469,3.077
f37367ff-dfcd-4d02-a446-3eebbe243c7f,2026-04-25T16:56:35.929299-04:00,node-01,payments-api,429,True,normal,market_aware_v1,54.669,48.216,209.733,25.304,0.933,99.989,36.728,2.37
954b91d6-40aa-4c69-bd92-6dfb34aa257d,2026-04-25T16:56:35.929744-04:00,node-01,orders-api,503,True,normal,market_aware_v1,62.553,49.685,201.304,29.741,1.032,105.324,68.304,2.663
8dffd8d3-6c18-44ff-9c8f-9a91a947df5c,2026-04-25T16:56:35.930180-04:00,node-01,checkout-api,500,True,normal,market_aware_v1,54.788,51.762,205.073,26.912,1.011,102.753,44.625,2.442
a2f54ea4-7181-4ce8-a895-d37c1931bdbd,2026-04-25T16:56:35.930629-04:00,node-01,payments-api,502,True,normal,market_aware_v1,51.378,50.804,202.497,22.609,0.8,94.984,31.822,2.276
5931155a-a8dc-4ea6-9d7e-bd5c1297b985,2026-04-25T16:56:35.931060-04:00,node-01,orders-api,502,True,normal,market_aware_v1,59.393,45.371,183.16,27.697,0.768,97.423,69.725,2.167
fd8a4bd1-6b87-4c93-bf3e-2e9b68b1e4d9,2026-04-25T16:56:35.931502-04:00,node-01,checkout-api,502,True,normal,market_aware_v1,58.392,51.711,185.764,26.884,0.905,89.819,47.92,2.232
792f852e-70c4-49d4-afc1-3269896c9424,2026-04-25T16:56:35.931938-04:00,node-01,payments-api,500,True,normal,market_aware_v1,53.326,49.788,215.127,23.406,0.865,95.847,38.147,2.139
5e9b0a31-d275-41f5-8f33-d284912ad61d,2026-04-25T16:56:35.932416-04:00,node-01,orders-api,200,True,normal,market_aware_v1,55.911,49.776,172.453,30.797,0.701,89.023,73.34,1.958
0372d72f-2a1b-4b95-b7ce-5396f688d775,2026-04-25T16:56:35.932878-04:00,node-01,checkout-api,500,True,normal,market_aware_v1,58.155,48.25,200.26,27.351,0.91,95.215,52.006,2.366
3cb7bb1e-3072-4446-8e20-147fa0aedb39,2026-04-25T16:56:35.933302-04:00,node-01,payments-api,503,True,anomalous,market_aware_v1,57.771,54.741,222.088,24.724,1.267,104.424,29.677,2.916
355486e6-a8e4-4425-89ae-6001bfc8fb48,2026-04-25T16:56:35.933736-04:00,node-01,orders-api,500,True,normal,market_aware_v1,59.789,46.17,197.696,32.086,0.883,103.757,71.798,2.378
4abbe877-fafd-4024-9360-3d8f076413a9,2026-04-25T16:56:35.935029-04:00,node-01,checkout-api,502,True,normal,market_aware_v1,59.614,53.863,195.177,28.125,0.845,89.398,53.837,2.095
e299e2f7-24fb-42f0-b102-82568ef17a51,2026-04-25T16:56:35.935488-04:00,node-01,payments-api,429,True,normal,market_aware_v1,57.343,54.309,200.389,24.602,0.802,90.042,43.748,2.083
92bc0510-f8eb-4e06-9c2f-a8be633ccb8b,2026-04-25T16:56:35.935881-04:00,node-01,orders-api,500,True,normal,market_aware_v1,64.079,49.19,199.126,31.378,0.839,101.314,73.861,2.264
3baaf132-ae47-4883-8589-47aa21656836,2026-04-25T16:56:35.936565-04:00,node-01,checkout-api,500,True,normal,market_aware_v1,62.237,52.978,189.949,28.074,0.969,97.229,53.467,2.524
752b9b21-a2b2-47a0-ac8a-472caee253bd,2026-04-25T16:56:35.937563-04:00,node-01,payments-api,500,True,anomalous,market_aware_v1,63.197,59.376,217.904,25.996,1.334,102.991,45.222,2.986
faba4cba-56fa-4ed2-a44c-30af18a7c0f1,2026-04-25T16:56:35.938006-04:00,node-01,orders-api,429,True,normal,market_aware_v1,64.021,50.956,192.43,31.872,0.789,96.518,79.047,2.205
627519d8-b91a-49a0-8d3c-6248d1805004,2026-04-25T16:56:35.938424-04:00,node-01,checkout-api,503,True,normal,market_aware_v1,64.295,54.03,217.759,27.407,0.955,101.105,55.063,2.46
1afc9001-3296-4d50-ba33-eae8035a432a,2026-04-25T16:56:35.938868-04:00,node-01,payments-api,503,True,normal,market_aware_v1,59.316,57.864,200.263,25.55,0.794,92.679,51.722,2.105
ed508389-7135-4818-87c8-c46d8126dca7,2026-04-25T16:56:35.939326-04:00,node-01,orders-api,503,True,normal,market_aware_v1,68.614,47.85,205.577,33.602,0.844,105.651,77.38,2.322
84d34588-d32e-43af-88f3-68e6e36e91bf,2026-04-25T16:56:35.939785-04:00,node-01,checkout-api,429,True,normal,market_aware_v1,64.238,54.041,213.141,30.324,1.059,105.376,57.253,2.834
800e0f9c-631b-4d09-9d9d-46b7bd5175fd,2026-04-25T16:56:35.940204-04:00,node-01,payments-api,503,True,normal,market_aware_v1,57.422,57.629,208.256,28.041,0.851,101.584,48.042,2.483
afe24905-d836-4470-8d71-22e5a9a21c7d,2026-04-25T16:56:35.940653-04:00,node-01,orders-api,502,True,normal,market_aware_v1,62.463,49.803,191.045,31.427,0.799,101.715,82.055,2.3
c2601b84-09f3-4825-9ce7-5f56f1ecc70d,2026-04-25T16:56:35.941074-04:00,node-01,checkout-api,429,True,normal,market_aware_v1,61.077,56.066,211.762,29.437,1.037,105.01,58.259,2.647
897d886b-513e-46dc-bb7f-8ab712c23ad3,2026-04-25T16:56:35.941524-04:00,node-01,payments-api,500,True,normal,market_aware_v1,62.057,56.645,217.469,27.167,0.851,100.664,43.57,2.387
06962ba3-2001-48c0-81a2-247d918d1218,2026-04-25T16:56:35.942011-04:00,node-01,orders-api,200,True,normal,market_aware_v1,65.161,52.497,177.891,32.199,0.617,87.894,84.599,1.798
3a7ea1fd-70f3-4e6c-a756-e1fe6bdce53e,2026-04-25T16:56:35.942415-04:00,node-01,checkout-api,429,True,normal,market_aware_v1,64.87,53.287,207.281,28.729,1.035,97.912,49.259,2.488
b6555d3b-4c04-4cfc-b361-4eea258988b5,2026-04-25T16:56:35.942878-04:00,node-01,payments-api,503,True,normal,market_aware_v1,57.123,55.743,200.759,26.853,0.888,94.271,48.257,2.267
68a4f0a0-fd76-4d3b-8b44-f0261bd1cfe6,2026-04-25T16:56:35.943331-04:00,node-01,orders-api,500,True,normal,market_aware_v1,62.378,52.916,192.429,30.536,0.819,95.016,72.47,2.132
1630b39b-e8d2-4e45-a5b2-4ba880d6c2c6,2026-04-25T16:56:35.943794-04:00,node-01,checkout-api,500,True,normal,market_aware_v1,63.062,55.644,211.544,30.232,1.021,103.647,49.856,2.501
3f922311-5a91-485e-b561-87758f96e6d8,2026-04-25T16:56:35.944268-04:00,node-01,payments-api,429,True,anomalous,market_aware_v1,60.781,55.891,225.723,28.101,1.272,107.136,30.47,3.055
640e2f34-9b96-4c1b-8f1f-3c892f5a5203,2026-04-25T16:56:35.944694-04:00,node-01,orders-api,503,True,normal,market_aware_v1,63.563,47.075,191.881,30.596,0.739,100.713,72.479,2.114
767c8091-9583-4fa2-b083-d88459ac3e08,2026-04-25T16:56:35.945180-04:00,node-01,checkout-api,500,True,normal,market_aware_v1,62.304,50.194,207.989,28.276,0.951,94.041,51.402,2.396
7e1f852c-890d-4dcd-b3f0-ee53b5ac4a85,2026-04-25T16:56:35.945664-04:00,node-01,payments-api,500,True,normal,market_aware_v1,57.193,55.482,219.907,26.07,0.89,100.098,40.461,2.437
ab63652a-26dc-4182-8d66-a0744fbecbb1,2026-04-25T16:56:35.946113-04:00,node-01,orders-api,503,True,normal,market_aware_v1,61.226,50.455,193.334,29.007,0.815,98.146,73.034,2.133
879a68da-a446-40cf-9d42-f82b7966a066,2026-04-25T16:56:35.946571-04:00,node-01,checkout-api,503,True,normal,market_aware_v1,62.717,51.819,209.059,27.6,0.968,95.73,54.212,2.513
fe3add6e-80dc-4c25-ab4b-6133fbc422e4,2026-04-25T16:56:35.947007-04:00,node-01,payments-api,503,True,normal,market_aware_v1,58.759,53.866,217.634,25.516,0.976,111.455,34.363,2.767
0b529e60-3315-4424-8eda-bea6ac0e6fa3,2026-04-25T16:56:35.947500-04:00,node-01,orders-api,502,True,anomalous,market_aware_v1,64.268,52.948,202.52,32.598,1.012,99.081,72.378,2.602
cbae9d6b-6e92-42d7-bb27-315b49831a34,2026-04-25T16:56:35.947995-04:00,node-01,checkout-api,502,True,normal,market_aware_v1,57.371,52.77,189.791,27.188,0.864,89.89,53.178,2.19
0a5714e4-2134-4799-afd3-3a0282528fcc,2026-04-25T16:56:35.948490-04:00,node-01,payments-api,429,True,normal,market_aware_v1,56.65,54.623,207.798,23.786,0.868,95.662,49.493,2.229
7910713f-ebce-4e19-8415-ab40864e4bbc,2026-04-25T16:56:35.948966-04:00,node-01,orders-api,429,True,normal,market_aware_v1,60.827,49.955,192.489,31.901,0.797,96.706,76.037,2.122
806b763c-5dbe-4146-b518-39a5a97ac848,2026-04-25T16:56:35.949414-04:00,node-01,checkout-api,500,True,normal,market_aware_v1,63.392,51.698,208.92,29.6,0.948,102.738,47.307,2.489
e1235cc4-b380-4ec2-8c40-2c81fe13d03c,2026-04-25T16:56:35.949925-04:00,node-01,payments-api,502,True,normal,market_aware_v1,56.471,54.256,201.636,26.234,0.89,97.206,41.361,2.391
31a95a04-8037-485a-8d46-72b01d3a5e0b,2026-04-25T16:56:35.950387-04:00,node-01,orders-api,429,True,normal,market_aware_v1,63.587,49.975,181.319,29.774,0.898,101.564,72.946,2.326
fef60718-f19e-41fc-ba9c-65286e102ecf,2026-04-25T16:56:35.950879-04:00,node-01,checkout-api,429,True,normal,market_aware_v1,64.969,55.639,203.633,29.558,1.019,102.972,50.99,2.595
d5faafe2-38a0-4640-ab71-e57c96dd3f6c,2026-04-25T16:56:35.951297-04:00,node-01,payments-api,500,True,normal,market_aware_v1,59.05,54.916,208.665,27.467,0.957,101.522,39.981,2.572
77cdedd6-6467-4e88-90a6-a9d15783c2ab,2026-04-25T16:56:35.951716-04:00,node-01,orders-api,500,True,normal,market_aware_v1,64.322,48.326,182.803,33.098,0.704,97.159,81.648,2.071
0e3093cf-ab9a-413a-9dd6-da0d72e8a2d6,2026-04-25T16:56:35.952143-04:00,node-01,checkout-api,503,True,normal,market_aware_v1,64.529,54.071,211.587,28.022,1.009,103.137,59.833,2.465
4b9f3ea1-32c2-45db-97e3-669100fb3b35,2026-04-25T16:56:35.952591-04:00,node-01,payments-api,503,True,normal,market_aware_v1,58.933,58.137,223.707,26.815,0.948,99.145,42.867,2.536
cffb9247-2469-4014-b1e3-d8d2d489a9ce,2026-04-25T16:56:35.953049-04:00,node-01,orders-api,503,True,normal,market_aware_v1,66.657,52.458,200.616,30.283,0.822,102.262,80.598,2.356
7cb1831b-26d3-4ed0-b006-e0235b6408a3,2026-04-25T16:56:35.954513-04:00,node-01,checkout-api,503,True,normal,market_aware_v1,64.212,59.061,215.426,31.174,1.051,104.738,58.951,2.708
c5fae0f9-0136-4b77-b7e6-682a466e4721,2026-04-25T16:56:35.954953-04:00,node-01,payments-api,502,True,normal,market_aware_v1,64.269,57.852,215.855,28.1,0.937,99.511,52.091,2.309
df578651-8f66-4167-a927-253f47d4f28e,2026-04-25T16:56:35.955405-04:00,node-01,orders-api,200,True,normal,market_aware_v1,70.066,56.157,185.227,31.475,0.612,87.808,90.627,1.846
e5475304-d76a-4e54-91aa-69e9d53b388e,2026-04-25T16:56:35.955878-04:00,node-01,checkout-api,502,True,anomalous,market_aware_v1,72.663,60.963,219.638,30.239,1.313,99.443,58.848,2.942
97e8a0db-fdbb-4e4d-b7e5-76af8b1b89c7,2026-04-25T16:56:35.956315-04:00,node-01,payments-api,503,True,normal,market_aware_v1,65.758,58.232,217.875,28.969,0.919,103.77,47.034,2.477
8202a6c5-97e3-4eab-a1ab-8e848bf50489,2026-04-25T16:56:35.956775-04:00,node-01,orders-api,503,True,normal,market_aware_v1,70.33,51.004,203.444,32.949,0.707,103.112,82.418,2.195
2a31c339-0fb6-46d4-b32f-ebcbb9e5f65e,2026-04-25T16:56:35.957215-04:00,node-01,checkout-api,500,True,anomalous,market_aware_v1,71.368,59.878,227.211,35.953,1.345,108.467,56.102,3.055
d2a43617-6c78-4ff5-9dea-988e32ba5ff6,2026-04-25T16:56:35.957802-04:00,node-01,payments-api,429,True,normal,market_aware_v1,59.324,61.234,224.816,29.059,0.973,103.925,48.118,2.515
e0821eaf-8795-485f-822f-a0310a369281,2026-04-25T16:56:35.958297-04:00,node-01,orders-api,503,True,anomalous,market_aware_v1,74.184,59.5,216.337,33.484,1.217,105.839,77.75,2.775
9f3e4460-b66f-4108-9871-ca2c3c4f40d6,2026-04-25T16:56:35.958796-04:00,node-01,checkout-api,502,True,normal,market_aware_v1,64.675,55.9,206.639,29.81,1.008,99.138,62.357,2.423
69635233-0047-4aba-a151-169fa7b2e40f,2026-04-25T16:56:35.959281-04:00,node-01,payments-api,503,True,normal,market_aware_v1,62.566,58.263,224.766,27.862,0.968,107.349,45.472,2.683
8d49e74b-44d5-43b4-9c77-49c7ce8830f3,2026-04-25T16:56:35.959804-04:00,node-01,orders-api,503,True,normal,market_aware_v1,68.669,53.749,190.56,35.493,0.757,94.03,88.697,2.02
85d08692-f32a-4803-8625-3d6268ac4529,2026-04-25T16:56:35.960296-04:00,node-01,checkout-api,502,True,normal,market_aware_v1,62.568,55.984,216.623,29.867,0.937,100.161,54.561,2.438
4d1c9f4d-e90a-4e19-b230-d00cde6f5c65,2026-04-25T16:56:35.960798-04:00,node-01,payments-api,500,True,normal,market_aware_v1,67.39,58.555,221.88,25.624,0.892,106.505,45.206,2.563
86a65810-7b09-41db-bd9a-49faea990dcf,2026-04-25T16:56:35.961243-04:00,node-01,orders-api,500,True,normal,market_aware_v1,67.994,48.979,198.559,31.273,0.762,94.807,80.96,2.122
c521dff9-0bd2-4a1c-8a3b-dc74d91c4428,2026-04-25T16:56:35.961743-04:00,node-01,checkout-api,429,True,normal,market_aware_v1,60.128,55.424,212.691,29.008,0.994,103.926,58.105,2.559
9da2adfe-173a-4913-b757-ed61c895bba3,2026-04-25T16:56:35.962269-04:00,node-01,payments-api,502,True,normal,market_aware_v1,60.704,56.981,210.024,26.271,0.979,104.285,41.634,2.494
3b5854a1-1e87-4f32-b979-b05547b31435,2026-04-25T16:56:35.962708-04:00,node-01,orders-api,500,True,normal,market_aware_v1,61.779,50.001,191.068,31.81,0.787,98.628,79.375,2.235
214d62de-41c6-4efa-a5be-f14f12ba6c64,2026-04-25T16:56:35.963149-04:00,node-01,checkout-api,500,True,normal,market_aware_v1,61.203,54.187,204.217,27.06,0.857,95.719,54.823,2.286
d2655732-09eb-4074-a1c8-1ad15470066a,2026-04-25T16:56:35.963648-04:00,node-01,payments-api,500,True,normal,market_aware_v1,54.642,54.351,221.537,22.988,0.968,98.967,36.653,2.485
16a50dd1-77b3-4999-a1bc-f148cdcd4ff9,2026-04-25T16:56:35.964163-04:00,node-01,orders-api,200,True,normal,market_aware_v1,64.106,49.357,186.424,30.669,0.735,92.554,74.14,1.977
f69dbd83-7451-4c3c-a0af-1af3ba0acbb3,2026-04-25T16:56:35.964668-04:00,node-01,checkout-api,429,True,normal,market_aware_v1,60.186,54.525,207.215,29.701,0.994,99.856,51.997,2.441
a233b73b-777a-4b96-bc38-1d9ad83825e6,2026-04-25T16:56:35.965152-04:00,node-01,payments-api,429,True,normal,market_aware_v1,56.801,53.63,224.801,22.049,0.998,104.301,35.675,2.593
bfe41073-395e-4aa7-a98b-cfafdc98230c,2026-04-25T16:56:35.965637-04:00,node-01,orders-api,503,True,normal,market_aware_v1,58.9,49.353,184.201,29.282,0.781,92.78,72.357,2.036
1c12809b-9087-4efb-ab71-99058a75c06e,2026-04-25T16:56:35.966088-04:00,node-01,checkout-api,500,True,anomalous,market_aware_v1,58.381,51.415,204.846,29.328,1.309,100.204,41.047,2.811
a745ac37-2613-4bd5-8045-57ce7f1cbaa3,2026-04-25T16:56:35.966528-04:00,node-01,payments-api,502,True,normal,market_aware_v1,53.629,49.344,205.696,25.367,0.938,105.067,30.14,2.452
9a91d6ea-fe8b-4b0c-ad95-77255f6e9186,2026-04-25T16:56:35.966981-04:00,node-01,orders-api,503,True,normal,market_aware_v1,61.718,48.762,179.932,28.675,0.83,92.061,69.227,2.018
221aa4a6-4097-4e92-a40e-8b122f5ee100,2026-04-25T16:56:35.967421-04:00,node-01,checkout-api,502,True,anomalous,market_aware_v1,56.968,48.965,210.798,27.447,1.306,99.291,43.593,2.864
6df5410e-5660-4be2-94d2-d813f898ae0f,2026-04-25T16:56:35.967890-04:00,node-01,payments-api,503,True,normal,market_aware_v1,54.294,52.532,217.007,20.613,0.889,98.623,30.182,2.427
f37ac1ae-b084-4dc5-8989-f80ae17024cd,2026-04-25T16:56:35.968323-04:00,node-01,orders-api,429,True,normal,market_aware_v1,60.887,48.08,211.373,27.274,0.91,105.802,63.085,2.596
30b68831-91e6-4b10-b18f-5a0a0c9756ee,2026-04-25T16:56:35.968773-04:00,node-01,checkout-api,503,True,normal,market_aware_v1,54.394,48.916,200.991,29.109,0.88,101.966,40.835,2.429
18313922-428a-49bf-aeff-43a337a768b3,2026-04-25T16:56:35.969250-04:00,node-01,payments-api,429,True,normal,market_aware_v1,51.474,53.656,209.104,23.102,0.807,95.32,39.993,2.25
226f630b-0bfe-471a-8904-ecc1727cfd24,2026-04-25T16:56:35.969751-04:00,node-01,orders-api,503,True,normal,market_aware_v1,58.506,50.498,189.495,27.79,0.741,95.557,74.804,2.081
c90e56f4-4e57-405b-883f-8cb8eff24276,2026-04-25T16:56:35.970290-04:00,node-01,checkout-api,502,True,normal,market_aware_v1,57.21,48.977,193.981,26.766,1.015,93.805,54.919,2.297
517faad1-e7e6-480a-9990-48f9f923f14a,2026-04-25T16:56:35.970756-04:00,node-01,payments-api,500,True,normal,market_aware_v1,54.636,53.756,224.456,25.326,1.029,110.839,38.946,2.79
961d4033-866e-4b8f-aeb1-5449ef527c52,2026-04-25T16:56:35.971226-04:00,node-01,orders-api,503,True,normal,market_aware_v1,57.504,50.999,177.01,29.186,0.817,90.897,77.249,2.016
547bc995-ed5b-41f1-8f5e-95ee28c0dedd,2026-04-25T16:56:35.971675-04:00,node-01,checkout-api,503,True,normal,market_aware_v1,60.947,52.941,210.619,28.15,0.994,95.649,55.817,2.381
2f781225-05b9-41ef-a14f-0127d6b8c783,2026-04-25T16:56:35.972102-04:00,node-01,payments-api,500,True,normal,market_aware_v1,55.2,54.583,215.16,25.491,0.888,100.899,36.934,2.377
56e24ba4-adee-44a8-b66a-cb28ee7d6d72,2026-04-25T16:56:35.972521-04:00,node-01,orders-api,429,True,normal,market_aware_v1,65.276,49.309,185.95,32.464,0.768,97.102,76.922,2.054
fba5666f-f6be-46d1-9ff8-e6b092cfcdef,2026-04-25T16:56:35.973017-04:00,node-01,checkout-api,502,True,normal,market_aware_v1,62.653,55.946,215.755,27.793,1.034,101.418,58.05,2.575
678c88da-ce99-4cc7-b9e8-ab2f592e894e,2026-04-25T16:56:35.973479-04:00,node-01,payments-api,500,True,normal,market_aware_v1,58.802,56.481,217.877,27.802,0.94,103.229,47.671,2.464
c694c082-9ada-4bc2-9a29-0659d5274512,2026-04-25T16:56:35.973951-04:00,node-01,orders-api,500,True,normal,market_aware_v1,67.552,51.045,212.182,30.468,0.901,106.929,78.805,2.353
608ba5f2-7b82-4dff-83fe-29f66f6505c9,2026-04-25T16:56:35.974419-04:00,node-01,checkout-api,503,True,normal,market_aware_v1,66.655,55.174,212.069,30.057,0.94,98.735,58.708,2.432
c0224cdd-2b0f-4974-8e03-04e6ad27d43c,2026-04-25T16:56:35.974958-04:00,node-01,payments-api,500,True,normal,market_aware_v1,59.597,57.017,217.182,27.637,0.897,98.552,47.097,2.385
0c489eae-b2a5-4832-92d1-2375ddd09554,2026-04-25T16:56:35.975419-04:00,node-01,orders-api,502,True,normal,market_aware_v1,69.49,52.678,196.351,30.661,0.873,101.917,78.991,2.226
a1c07139-62ec-4a11-baf5-299eead5aeaa,2026-04-25T16:56:35.975873-04:00,node-01,checkout-api,502,True,normal,market_aware_v1,68.059,54.658,212.308,30.566,0.978,105.724,56.29,2.614
dc51750b-906e-4636-abfb-ec405a9088db,2026-04-25T16:56:35.976300-04:00,node-01,payments-api,503,True,anomalous,market_aware_v1,64.374,59.053,244.937,30.758,1.288,116.413,30.726,3.245
724c6213-8269-4252-bf8d-766ba0119849,2026-04-25T16:56:35.976771-04:00,node-01,orders-api,429,True,normal,market_aware_v1,68.74,51.749,190.356,30.341,0.825,106.026,79.383,2.344
1f8a05cb-83ba-4555-bc43-c92b0df070e2,2026-04-25T16:56:35.977295-04:00,node-01,checkout-api,429,True,normal,market_aware_v1,66.814,55.448,215.213,30.647,1.016,104.392,52.099,2.601
8078c77c-45ff-4ad4-b7ff-22832542be95,2026-04-25T16:56:35.977799-04:00,node-01,payments-api,500,True,normal,market_aware_v1,59.39,55.67,221.494,27.619,1.022,110.515,41.064,2.749
ab67285d-0842-4a05-b2a6-be9a31db3449,2026-04-25T16:56:35.978289-04:00,node-01,orders-api,502,True,normal,market_aware_v1,69.965,53.351,225.116,33.801,1.091,112.275,76.879,3.039
00d7f2f1-023f-4832-a5ed-f2f0316f0b3f,2026-04-25T16:56:35.978792-04:00,node-01,checkout-api,503,True,normal,market_aware_v1,67.488,55.454,214.486,32.014,1.022,104.37,51.997,2.569
fc5a7272-3a32-4906-ad63-e853f78185a2,2026-04-25T16:56:35.979285-04:00,node-01,payments-api,429,True,normal,market_aware_v1,60.103,55.221,234.288,26.971,0.997,106.527,46.901,2.659
b6b2e712-b64e-465b-a2d2-ffd221349c88,2026-04-25T16:56:35.979797-04:00,node-01,orders-api,429,True,normal,market_aware_v1,63.569,47.514,198.06,32.274,0.901,105.219,71.589,2.384
33a0c18a-7805-4f7f-92f3-e7edd783bd70,2026-04-25T16:56:35.980276-04:00,node-01,checkout-api,429,True,normal,market_aware_v1,61.924,53.471,203.504,30.514,1.026,96.861,59.137,2.388
bb28af25-80b4-4920-b629-269e439c5302,2026-04-25T16:56:35.980801-04:00,node-01,payments-api,500,True,normal,market_aware_v1,56.619,55.762,215.35,25.8,0.94,106.172,30.645,2.575
b436ea23-11ee-4bdd-89a9-0d9b0a7bf6db,2026-04-25T16:56:35.981235-04:00,node-01,orders-api,503,True,normal,market_aware_v1,66.131,52.028,189.918,32.354,0.729,96.991,73.156,2.021
9abad468-ad6d-4825-bc26-f629a920ec37,2026-04-25T16:56:35.981672-04:00,node-01,checkout-api,503,True,anomalous,market_aware_v1,61.795,55.112,217.648,28.419,1.267,106.081,42.987,3.103
9f777bcc-03ca-41ac-850d-a32defe9fb5a,2026-04-25T16:56:35.982100-04:00,node-01,payments-api,429,True,normal,market_aware_v1,57.732,55.667,221.991,25.623,0.915,104.589,44.816,2.493
6bf83600-f598-462d-922d-34aa07c9d8c9,2026-04-25T16:56:35.982536-04:00,node-01,orders-api,429,True,normal,market_aware_v1,66.099,46.656,204.04,29.035,0.888,100.441,73.85,2.321
186554e0-243c-4683-a6cd-7964462a8d5d,2026-04-25T16:56:35.983021-04:00,node-01,checkout-api,502,True,normal,market_aware_v1,60.578,55.349,196.17,27.702,0.867,93.917,51.362,2.223
d6f4e4c8-3c60-49ba-9635-2cf06b73611f,2026-04-25T16:56:35.983493-04:00,node-01,payments-api,503,True,normal,market_aware_v1,57.637,52.072,221.913,25.397,0.965,107.959,32.263,2.626
a832b5ca-835c-4d64-8890-f9f449ef0049,2026-04-25T16:56:35.983946-04:00,node-01,orders-api,503,True,normal,market_aware_v1,61.867,49.086,195.556,30.71,0.697,97.733,79.111,2.052
36b593af-215b-4f6d-bbe7-9b22af3caec1,2026-04-25T16:56:35.984424-04:00,node-01,checkout-api,503,True,normal,market_aware_v1,60.195,52.423,197.758,26.913,0.958,98.795,49.548,2.506
b256c848-3545-46a3-8950-87a458a8d146,2026-04-25T16:56:35.984915-04:00,node-01,payments-api,502,True,normal,market_aware_v1,61.347,51.481,213.989,24.625,0.815,98.459,38.015,2.411
06bd3743-790e-4f72-a495-218190e5646f,2026-04-25T16:56:35.985416-04:00,node-01,orders-api,500,True,anomalous,market_aware_v1,64.502,50.175,194.891,32.313,1.31,99.084,73.785,2.952
4f196242-e00a-4974-b9c2-5c675dc1ad9b,2026-04-25T16:56:35.985909-04:00,node-01,checkout-api,502,True,normal,market_aware_v1,59.42,54.615,196.886,27.314,0.911,93.01,51.349,2.341
52b4cf46-15a2-4224-9c4e-e719617947af,2026-04-25T16:56:35.986406-04:00,node-01,payments-api,500,True,normal,market_aware_v1,58.709,53.032,220.132,26.627,0.938,102.417,36.885,2.551
f7835116-7d43-4393-9898-e5065e66ddd8,2026-04-25T16:56:35.986886-04:00,node-01,orders-api,200,True,normal,market_aware_v1,65.148,49.661,175.198,30.553,0.667,88.37,84.894,1.896
b618afbd-3fa6-4fe2-89f2-ff558503a3e1,2026-04-25T16:56:35.987354-04:00,node-01,checkout-api,502,True,normal,market_aware_v1,60.4,54.227,193.427,28.324,0.917,93.338,57.923,2.23
37537f31-4dd2-4f69-b711-955dec976c28,2026-04-25T16:56:35.987800-04:00,node-01,payments-api,503,True,normal,market_aware_v1,56.1,55.832,220.274,27.962,0.968,104.506,40.237,2.456
59a5ae7f-f066-40c2-b3e0-2dff07969ad2,2026-04-25T16:56:35.988292-04:00,node-01,orders-api,503,True,normal,market_aware_v1,63.635,50.779,197.709,32.553,0.839,104.186,78.372,2.26
89579645-b147-47db-861b-aa5002099f56,2026-04-25T16:56:35.988793-04:00,node-01,checkout-api,500,True,normal,market_aware_v1,64.402,53.995,197.211,29.765,0.862,94.4,58.447,2.18
21587c74-7bae-4fa3-868d-7c75571c58ab,2026-04-25T16:56:35.989275-04:00,node-01,payments-api,502,True,normal,market_aware_v1,59.395,54.726,219.146,24.811,0.969,99.178,46.29,2.366
37b16f2d-5657-4951-99af-3676404afb3d,2026-04-25T16:56:35.989773-04:00,node-01,orders-api,503,True,normal,market_aware_v1,67.956,53.893,182.383,34.872,0.797,100.601,85.16,2.277
5865c049-53b1-4405-8866-5e8eee2a3447,2026-04-25T16:56:35.990260-04:00,node-01,checkout-api,503,True,normal,market_aware_v1,66.308,55.875,217.962,29.148,1.032,101.479,54.178,2.576
8b923715-ed6d-4a37-b3be-75c074af02ee,2026-04-25T16:56:35.990756-04:00,node-01,payments-api,429,True,anomalous,market_aware_v1,65.815,60.872,220.462,29.483,1.297,101.991,40.209,2.85
96ed049e-8289-494d-8ba0-15d9b594e978,2026-04-25T16:56:35.991242-04:00,node-01,orders-api,429,True,normal,market_aware_v1,65.765,49.239,196.783,34.051,0.822,101.22,84.621,2.263
8966e87a-fead-4dd1-ba0b-61123fa0db4d,2026-04-25T16:56:35.991733-04:00,node-01,checkout-api,502,True,anomalous,market_aware_v1,71.239,61.211,259.469,35.207,1.666,125.778,52.959,3.981
e1c35d2f-5575-41fa-8969-a7100342f6e7,2026-04-25T16:56:35.992194-04:00,node-01,payments-api,503,True,normal,market_aware_v1,63.176,60.404,228.047,25.929,0.957,105.98,44.662,2.573
22031874-1f7a-43eb-b122-5633ffa4721c,2026-04-25T16:56:35.992694-04:00,node-01,orders-api,503,True,normal,market_aware_v1,70.936,55.347,217.275,29.754,0.805,105.633,78.031,2.352
22d10ca8-b104-4609-8713-17dce3e8fd92,2026-04-25T16:56:35.993181-04:00,node-01,checkout-api,429,True,anomalous,market_aware_v1,69.432,60.78,221.298,33.292,1.356,102.054,58.574,3.068
a7fef064-7842-419a-870a-275296d7223e,2026-04-25T16:56:35.993656-04:00,node-01,payments-api,500,True,normal,market_aware_v1,65.335,59.357,238.3,29.199,1.078,115.278,43.85,2.87
da853bd8-2b69-408d-b423-ac5936761455,2026-04-25T16:56:35.994122-04:00,node-01,orders-api,502,True,anomalous,market_aware_v1,73.242,55.55,216.014,34.092,1.104,98.777,81.752,2.762
5fc9a0ae-595f-4440-bdea-fc8774d5dcd3,2026-04-25T16:56:35.994556-04:00,node-01,checkout-api,500,True,normal,market_aware_v1,67.102,54.207,203.002,30.881,0.967,94.76,63.305,2.288
7b04ee6c-45b3-4cd1-8c63-d80c42633809,2026-04-25T16:56:35.994997-04:00,node-01,payments-api,429,True,normal,market_aware_v1,64.888,61.059,223.305,26.776,0.967,103.004,48.339,2.679
d8f55727-6ced-4507-8307-8d07f1a5eac8,2026-04-25T16:56:35.995419-04:00,node-01,orders-api,500,True,normal,market_aware_v1,69.488,52.524,201.441,31.643,0.875,103.047,84.663,2.328
bf76d471-f533-40f2-a23c-d023294eca06,2026-04-25T16:56:35.995872-04:00,node-01,checkout-api,502,True,normal,market_aware_v1,66.203,59.792,222.816,30.737,0.977,102.104,57.211,2.518
8d5f9fc5-efb9-43f0-8152-3ffcef598aba,2026-04-25T16:56:35.996281-04:00,node-01,payments-api,503,True,normal,market_aware_v1,63.82,58.828,231.004,27.153,0.916,105.393,45.295,2.475
dca0a3cf-0c57-4e83-b957-8cb3efb616ec,2026-04-25T16:56:35.996754-04:00,node-01,orders-api,503,True,anomalous,market_aware_v1,68.653,55.167,200.448,34.018,1.166,103.528,78.211,2.779
a2357f66-b7f8-42c6-8b20-e0e17a41310a,2026-04-25T16:56:35.997210-04:00,node-01,checkout-api,429,True,normal,market_aware_v1,64.734,51.509,218.075,27.573,1.092,105.814,51.801,2.686
3cd4495e-ee50-4d97-b123-291eab78dcfa,2026-04-25T16:56:35.997657-04:00,node-01,payments-api,502,True,normal,market_aware_v1,57.638,58.137,227.44,25.718,1.056,107.146,39.765,2.787
9ee932aa-adc7-44fe-a4e1-f1bfc3c0d5b9,2026-04-25T16:56:35.998159-04:00,node-01,orders-api,503,True,normal,market_aware_v1,64.788,52.184,186.092,29.901,0.77,96.871,79.568,2.042
acae8023-881c-463f-9850-17b760a87d2b,2026-04-25T16:56:35.998617-04:00,node-01,checkout-api,502,True,normal,market_aware_v1,61.694,50.945,199.906,29.707,0.969,98.28,52.79,2.376
85413b3a-e6fb-481c-a14e-448e33575d92,2026-04-25T16:56:35.999070-04:00,node-01,payments-api,500,True,normal,market_aware_v1,57.203,58.551,228.588,25.175,0.946,105.832,40.224,2.55
27080f13-31e1-4e0a-9e45-c0027f82b8ef,2026-04-25T16:56:35.999524-04:00,node-01,orders-api,502,True,normal,market_aware_v1,64.651,47.905,204.529,30.785,0.822,105.222,70.648,2.366
e03cc6b9-8337-4782-9954-217a7d2ae4ca,2026-04-25T16:56:35.999980-04:00,node-01,checkout-api,500,True,normal,market_aware_v1,63.74,50.846,215.147,26.948,1.055,106.198,45.937,2.76
35613f9b-27de-44bf-8921-04d2a01f9109,2026-04-25T16:56:36.000412-04:00,node-01,payments-api,429,True,normal,market_aware_v1,52.431,55.893,214.419,25.181,0.966,103.097,33.27,2.491
95040281-793d-4543-a2c8-de1c931dbcef,2026-04-25T16:56:36.000812-04:00,node-01,orders-api,429,True,anomalous,market_aware_v1,60.281,50.141,204.321,30.233,1.094,99.681,66.529,2.633
26982a68-2147-4d5f-8431-0d36ffdf22b2,2026-04-25T16:56:36.001594-04:00,node-01,checkout-api,503,True,normal,market_aware_v1,59.636,51.48,221.851,27.182,1.008,94.802,51.936,2.355
a7051291-2958-4e51-849e-21d30d88c172,2026-04-25T16:56:36.002055-04:00,node-01,payments-api,503,True,normal,market_aware_v1,53.871,51.817,204.823,25.001,0.838,98.758,38.628,2.3
77d601da-f689-4559-8ff6-e872b89444d4,2026-04-25T16:56:36.002573-04:00,node-01,orders-api,502,True,normal,market_aware_v1,63.432,49.804,206.623,29.83,0.877,97.946,70.119,2.132
0a3fb218-3b18-4811-b57b-fe12384d2492,2026-04-25T16:56:36.003071-04:00,node-01,checkout-api,502,True,normal,market_aware_v1,52.911,48.149,198.664,25.954,1.02,95.108,48.268,2.419
95bfd006-7b07-47a4-903c-62634b24e1a4,2026-04-25T16:56:36.003589-04:00,node-01,payments-api,502,True,normal,market_aware_v1,56.056,53.399,213.862,24.206,0.9,97.642,37.98,2.437
76c5e181-4c20-4040-b925-b14b3938a57f,2026-04-25T16:56:36.004075-04:00,node-01,orders-api,500,True,anomalous,market_aware_v1,63.391,52.864,200.162,32.448,1.204,104.543,64.291,2.844
c5c94e41-4fcf-490a-a80e-b53ce245307d,2026-04-25T16:56:36.004542-04:00,node-01,checkout-api,503,True,normal,market_aware_v1,59.747,53.127,197.362,28.426,0.87,96.15,46.367,2.257
db73714b-1e33-47a6-b1c9-32cfd3c0fb31,2026-04-25T16:56:36.005078-04:00,node-01,payments-api,502,True,normal,market_aware_v1,56.974,56.973,212.902,22.414,0.89,96.678,36.801,2.385
df784bc5-25bc-4494-9c44-e3e4bab5c8d1,2026-04-25T16:56:36.005702-04:00,node-01,orders-api,503,True,normal,market_aware_v1,59.016,45.754,193.248,28.832,0.821,99.965,67.4,2.199
d461a14d-cfbb-4bfa-828e-c42ccc829dcb,2026-04-25T16:56:36.006295-04:00,node-01,checkout-api,500,True,normal,market_aware_v1,61.211,51.424,214.661,27.123,1.016,105.391,46.617,2.672
52c4bc86-5726-4e8c-a580-1a79a1c01032,2026-04-25T16:56:36.006813-04:00,node-01,payments-api,502,True,normal,market_aware_v1,54.346,55.636,221.637,22.961,1.006,106.219,35.528,2.654
01374a4a-2c58-412b-8ec6-3ea7110bd923,2026-04-25T16:56:36.007454-04:00,node-01,orders-api,502,True,normal,market_aware_v1,63.695,50.066,197.374,30.329,0.848,101.719,70.926,2.299
ebc817a1-2503-4229-9cd8-393a36dcb8c7,2026-04-25T16:56:36.007984-04:00,node-01,checkout-api,500,True,normal,market_aware_v1,58.42,49.407,198.682,30.26,0.966,94.977,49.009,2.309
9f4da822-87fb-4f5d-aa10-0b9447413027,2026-04-25T16:56:36.008542-04:00,node-01,payments-api,502,True,normal,market_aware_v1,55.632,55.327,216.804,27.72,0.919,101.168,37.577,2.379
7e603b38-4996-487f-82a6-60b01edfff1a,2026-04-25T16:56:36.009073-04:00,node-01,orders-api,429,True,normal,market_aware_v1,64.252,50.519,193.926,33.278,0.824,98.304,72.371,2.135
ac582f73-ca26-4550-ac70-bddf2bf91aad,2026-04-25T16:56:36.009581-04:00,node-01,checkout-api,500,True,normal,market_aware_v1,61.698,50.676,216.717,30.189,1.053,104.832,48.13,2.696
cdb6300a-e302-4642-99cc-074b565c6ee2,2026-04-25T16:56:36.010102-04:00,node-01,payments-api,502,True,normal,market_aware_v1,59.141,55.71,215.818,28.361,0.925,98.81,44.165,2.318
d9406991-09e7-4d4b-aecb-f1fc83e15178,2026-04-25T16:56:36.010604-04:00,node-01,orders-api,503,True,normal,market_aware_v1,65.649,51.585,217.483,32.679,0.942,109.279,68.475,2.56
a5ee43d7-8064-4b72-88e3-c8dfcb5950bb,2026-04-25T16:56:36.011549-04:00,node-01,checkout-api,503,True,normal,market_aware_v1,66.914,55.063,206.572,29.992,0.967,103.562,54.235,2.443
6e2f05b3-2791-4200-b3cb-fe02e506cadf,2026-04-25T16:56:36.012128-04:00,node-01,payments-api,503,True,normal,market_aware_v1,61.379,61.526,222.043,27.009,0.936,105.702,42.709,2.552
d29a439b-0c25-445f-a546-7a04fed9d536,2026-04-25T16:56:36.012654-04:00,node-01,orders-api,502,True,normal,market_aware_v1,64.457,53.988,191.266,33.018,0.844,98.219,74.444,2.171
68b65b36-aef3-4bf7-b3b7-32fad10f777f,2026-04-25T16:56:36.013117-04:00,node-01,checkout-api,502,True,normal,market_aware_v1,65.448,55.756,212.759,29.894,0.931,94.639,58.661,2.29
80ae5f87-4822-4531-a28e-86862a190c30,2026-04-25T16:56:36.013653-04:00,node-01,payments-api,503,True,normal,market_aware_v1,59.762,54.23,212.733,24.841,0.972,98.203,44.654,2.37
04bb983b-41fc-4c91-a81f-8c99f71018da,2026-04-25T16:56:36.014181-04:00,node-01,orders-api,429,True,normal,market_aware_v1,71.615,53.745,205.199,32.699,0.971,110.54,72.707,2.618
190bf416-6d5e-4126-9974-c303954780bc,2026-04-25T16:56:36.014713-04:00,node-01,checkout-api,429,True,normal,market_aware_v1,63.503,56.705,210.963,30.318,1.024,103.134,58.027,2.527
6e3e5626-1c4a-4548-b19a-1cd03316a3b8,2026-04-25T16:56:36.015251-04:00,node-01,payments-api,502,True,normal,market_aware_v1,57.365,58.984,220.866,28.018,0.92,102.588,44.745,2.462
0c26d454-0fd7-46d4-9a32-794fc425514d,2026-04-25T16:56:36.015777-04:00,node-01,orders-api,429,True,anomalous,market_aware_v1,72.21,54.727,207.189,33.3,1.221,106.581,74.631,2.754
5e504b67-f00c-4851-a71e-34f918048f99,2026-04-25T16:56:36.016245-04:00,node-01,checkout-api,502,True,normal,market_aware_v1,66.904,54.564,215.055,28.673,1.007,102.869,55.712,2.555
574dc60a-af78-489d-9934-308199e5cc92,2026-04-25T16:56:36.016754-04:00,node-01,payments-api,429,True,normal,market_aware_v1,56.362,55.342,226.483,29.503,0.945,104.492,48.138,2.565
22ac4346-3b05-451c-9a64-ce579c87ddb3,2026-04-25T16:56:36.017218-04:00,node-01,orders-api,429,True,normal,market_aware_v1,65.714,51.785,207.499,30.657,0.772,105.728,75.822,2.255
903497fa-4272-4f15-a870-6c63dfe19520,2026-04-25T16:56:36.017693-04:00,node-01,checkout-api,503,True,normal,market_aware_v1,66.235,56.407,225.432,30.335,1.134,107.987,47.118,2.656
25f1376b-328b-4d3c-b3b9-dcbf6e7851bc,2026-04-25T16:56:36.018147-04:00,node-01,payments-api,500,True,normal,market_aware_v1,61.517,55.112,226.87,26.241,0.899,105.812,40.773,2.518
50e422b9-cb60-4ec6-878f-25d476759f02,2026-04-25T16:56:36.018643-04:00,node-01,orders-api,429,True,normal,market_aware_v1,63.569,49.651,194.191,32.643,0.899,98.497,73.965,2.176
f64498e5-a2e9-417b-adaa-0e2be2f3039c,2026-04-25T16:56:36.019267-04:00,node-01,checkout-api,429,True,normal,market_aware_v1,63.912,55.26,227.033,27.232,1.047,108.302,51.92,2.644
3d6cef94-76c6-4ea8-81c9-0f9ee1014735,2026-04-25T16:56:36.019789-04:00,node-01,payments-api,502,True,normal,market_aware_v1,59.024,55.201,238.467,28.587,1.082,109.63,39.826,3.003
d24cc310-4ec7-4f42-b802-7ed7cb95c31c,2026-04-25T16:56:36.020273-04:00,node-01,orders-api,500,True,normal,market_aware_v1,63.308,50.697,205.357,29.879,0.907,105.7,74.601,2.46
270b68d4-8fb7-4c2c-9176-7ac16e4e627e,2026-04-25T16:56:36.020829-04:00,node-01,checkout-api,502,True,anomalous,market_aware_v1,59.411,51.993,208.539,32.342,1.265,101.658,46.278,2.96
a19548ba-8d21-4c46-af8f-18113e2dc3bf,2026-04-25T16:56:36.021312-04:00,node-01,payments-api,429,True,normal,market_aware_v1,53.317,53.553,218.219,23.272,0.865,99.168,37.946,2.382
309ec52c-beda-4872-9cce-d22dec282c85,2026-04-25T16:56:36.021829-04:00,node-01,orders-api,502,True,normal,market_aware_v1,61.425,48.285,196.073,30.898,0.788,98.239,75.312,2.13
57a0099e-965f-45e2-8c49-6eedebeb1980,2026-04-25T16:56:36.022282-04:00,node-01,checkout-api,502,True,normal,market_aware_v1,62.074,54.196,209.613,31.956,1.143,104.934,44.372,2.637
237c8dfc-7ea5-4537-bd0a-1617c8c04ae1,2026-04-25T16:56:36.022723-04:00,node-01,payments-api,429,True,normal,market_aware_v1,55.254,53.016,220.21,26.203,0.95,106.842,39.321,2.61
f22670ab-fcf3-4a27-bad7-88214b9c3e02,2026-04-25T16:56:36.023183-04:00,node-01,orders-api,429,True,normal,market_aware_v1,64.771,49.051,187.272,28.939,0.691,88.147,70.702,1.965
7b14cc2b-8f63-4c14-ab67-82d44b187fbc,2026-04-25T16:56:36.023669-04:00,node-01,checkout-api,502,True,normal,market_aware_v1,64.396,51.917,205.236,30.017,0.945,97.721,52.025,2.361
ee18d866-91b3-4a3e-a643-9228dd1e9907,2026-04-25T16:56:36.024121-04:00,node-01,payments-api,500,True,normal,market_aware_v1,56.084,56.579,221.699,26.654,0.887,103.437,42.78,2.501
23f070bd-ba17-4531-8185-41e8ba61387c,2026-04-25T16:56:36.024569-04:00,node-01,orders-api,429,True,normal,market_aware_v1,59.898,51.214,188.482,30.17,0.813,103.581,72.121,2.408
97f1f87e-2b6b-4652-9755-949d2bcaf88e,2026-04-25T16:56:36.025051-04:00,node-01,checkout-api,503,True,normal,market_aware_v1,63.327,53.664,217.098,27.801,0.994,104.367,49.937,2.449
609b3255-4451-492f-acf1-8ec6acf3e9a8,2026-04-25T16:56:36.025554-04:00,node-01,payments-api,500,True,normal,market_aware_v1,59.956,56.269,215.474,26.156,0.959,107.728,38.608,2.558
4543d7ef-b58e-4194-b4be-f12f45347da7,2026-04-25T16:56:36.027009-04:00,node-01,orders-api,503,True,normal,market_aware_v1,63.881,50.561,206.288,31.729,0.872,105.446,71.116,2.367
0f0b7336-35bd-4d4b-bda8-df9120ba7e59,2026-04-25T16:56:36.027601-04:00,node-01,checkout-api,503,True,normal,market_aware_v1,66.342,53.591,216.459,26.719,0.945,102.32,53.853,2.471
2e801fe0-69b4-4cce-8fed-e9154dc11c1e,2026-04-25T16:56:36.028124-04:00,node-01,payments-api,502,True,normal,market_aware_v1,64.977,57.182,209.859,26.043,0.81,96.493,49.126,2.171
39403d70-c2df-4b34-97c4-7e5e0060a730,2026-04-25T16:56:36.028631-04:00,node-01,orders-api,429,True,normal,market_aware_v1,65.719,53.833,204.856,32.513,0.843,105.243,80.181,2.367
d5b3a64f-db05-4b0d-a1d0-27d62a2a9fb9,2026-04-25T16:56:36.029125-04:00,node-01,checkout-api,500,True,normal,market_aware_v1,62.913,56.966,219.116,30.694,0.964,106.5,61.848,2.598
031d0635-e100-4a48-a910-34862c75f8e9,2026-04-25T16:56:36.029636-04:00,node-01,payments-api,502,True,normal,market_aware_v1,65.331,58.872,232.798,26.01,1.063,112.086,38.8,2.758
d188b958-fe68-468c-83a7-78a88bb24442,2026-04-25T16:56:36.030126-04:00,node-01,orders-api,429,True,normal,market_aware_v1,69.904,55.89,213.071,32.073,0.942,106.239,83.093,2.549
dc2ebff3-439f-4c28-ad28-c0a27fc44050,2026-04-25T16:56:36.030648-04:00,node-01,checkout-api,502,True,normal,market_aware_v1,69.382,57.569,218.083,31.586,1.036,104.429,56.246,2.473
eccc7150-0e01-479e-b7d3-a216c2efef9f,2026-04-25T16:56:36.031151-04:00,node-01,payments-api,500,True,normal,market_aware_v1,64.103,59.96,221.398,29.36,0.994,106.651,46.529,2.656
d9caa045-a5a8-4370-84db-a0e37daaf113,2026-04-25T16:56:36.031652-04:00,node-01,orders-api,429,True,normal,market_aware_v1,67.739,53.629,194.837,33.435,0.803,97.451,80.579,2.174
e38bd6bd-87da-492e-bdf9-74240fabdaeb,2026-04-25T16:56:36.032737-04:00,node-01,checkout-api,503,True,normal,market_aware_v1,69.986,57.791,229.312,30.698,0.987,109.383,66.767,2.77
3732e163-3892-4f91-9d36-e4c1727ba593,2026-04-25T16:56:36.033313-04:00,node-01,payments-api,429,True,normal,market_aware_v1,65.056,62.879,231.487,28.355,1.0,106.33,49.332,2.741
2f7cdaa0-94b2-4b86-8a83-e9ae2210c597,2026-04-25T16:56:36.033830-04:00,node-01,orders-api,500,True,normal,market_aware_v1,71.904,55.691,211.017,33.749,0.851,107.235,84.236,2.428
574cf45c-3f51-4ca5-86a0-597769315280,2026-04-25T16:56:36.034317-04:00,node-01,checkout-api,500,True,normal,market_aware_v1,70.338,57.764,226.135,28.08,1.02,105.799,65.631,2.546
60e2ccd1-b80b-4abc-86ed-f7a2ba41b4e8,2026-04-25T16:56:36.034819-04:00,node-01,payments-api,503,True,normal,market_aware_v1,66.097,60.103,228.334,27.708,1.059,107.921,52.886,2.648
6d8177cc-1a33-4083-b86e-4a9717c5abf5,2026-04-25T16:56:36.035301-04:00,node-01,orders-api,503,True,anomalous,market_aware_v1,72.357,54.061,218.25,32.324,1.261,111.717,75.687,2.963
52849b54-8838-42d0-8c18-ab52c5d06eec,2026-04-25T16:56:36.035772-04:00,node-01,checkout-api,429,True,normal,market_aware_v1,69.561,58.025,219.873,30.584,1.006,102.916,57.752,2.499
3e4e7f74-5359-4f08-a4a7-d729b7e77f96,2026-04-25T16:56:36.036222-04:00,node-01,payments-api,429,True,normal,market_aware_v1,62.411,59.331,222.281,28.036,0.907,106.494,46.275,2.502
3b3faabc-46dc-4d38-85e9-e1ac506fe154,2026-04-25T16:56:36.036681-04:00,node-01,orders-api,502,True,normal,market_aware_v1,71.352,52.046,191.353,31.865,0.776,100.785,81.428,2.237
4ce90b67-8c26-4f2c-bc07-399cd7fe03ff,2026-04-25T16:56:36.037442-04:00,node-01,checkout-api,503,True,normal,market_aware_v1,66.497,56.352,229.015,29.638,1.15,112.21,52.957,2.799
2a5c5c0e-f335-4d8c-86f7-0bb29f6c7d69,2026-04-25T16:56:36.037940-04:00,node-01,payments-api,503,True,normal,market_aware_v1,63.307,55.884,214.802,24.651,0.842,103.789,42.415,2.489
7ab91918-efcb-452d-be6d-e8c14d80b42e,2026-04-25T16:56:36.038418-04:00,node-01,orders-api,500,True,normal,market_aware_v1,63.836,52.982,208.116,28.196,0.857,102.315,88.88,2.299
fe41917c-d64a-42ce-9246-3712aeada74c,2026-04-25T16:56:36.038898-04:00,node-01,checkout-api,503,True,normal,market_aware_v1,65.55,53.775,224.929,28.912,1.152,104.053,53.082,2.795
89c42697-02f1-47c4-8e3f-de97652fb87e,2026-04-25T16:56:36.039374-04:00,node-01,payments-api,500,True,normal,market_aware_v1,61.845,54.654,207.545,26.343,0.928,99.779,37.02,2.326
c6ac1b55-aa86-4fe2-945e-f590a223d57a,2026-04-25T16:56:36.039852-04:00,node-01,orders-api,429,True,normal,market_aware_v1,64.048,47.924,205.152,30.541,0.812,100.211,69.617,2.31
228bcd2e-13ef-47d4-bf19-d94183cac456,2026-04-25T16:56:36.040312-04:00,node-01,checkout-api,502,True,normal,market_aware_v1,59.12,54.084,206.162,28.79,1.022,98.257,50.87,2.485
85075d6c-65cc-4f5d-8a1d-10208951873f,2026-04-25T16:56:36.040828-04:00,node-01,payments-api,429,True,normal,market_aware_v1,55.005,56.113,218.712,24.235,0.897,98.637,32.096,2.348
49c1abf8-c189-4211-b3d7-1e5c8b70f1e2,2026-04-25T16:56:36.041334-04:00,node-01,orders-api,503,True,normal,market_aware_v1,59.715,49.915,184.073,29.54,0.807,98.836,78.754,2.221
aed06b70-92d2-47fa-bfe8-1ee1ac06c58c,2026-04-25T16:56:36.041832-04:00,node-01,checkout-api,500,True,normal,market_aware_v1,57.956,52.292,209.035,25.904,0.947,98.538,50.535,2.414
4a5908f3-96ad-4d8b-9cfc-aaec7a8ded5a,2026-04-25T16:56:36.042317-04:00,node-01,payments-api,500,True,normal,market_aware_v1,53.112,54.657,197.65,25.232,0.873,96.436,38.754,2.165
4f053279-77b3-44f5-aed1-8ee5fa827c80,2026-04-25T16:56:36.042813-04:00,node-01,orders-api,429,True,normal,market_aware_v1,60.05,45.618,187.417,27.463,0.773,100.771,60.141,2.184
50cf4546-38b2-4918-9dee-b1fc4682dcf7,2026-04-25T16:56:36.043310-04:00,node-01,checkout-api,503,True,normal,market_aware_v1,59.398,48.377,216.511,28.457,0.984,98.626,47.32,2.467
56c9e9ba-095a-48e9-a81a-6d89fdb64f87,2026-04-25T16:56:36.043825-04:00,node-01,payments-api,502,True,normal,market_aware_v1,55.013,52.011,228.619,24.945,1.15,106.995,38.823,2.962
7a0d9519-ae80-4f36-939a-25e81bb1bed1,2026-04-25T16:56:36.044316-04:00,node-01,orders-api,500,True,normal,market_aware_v1,61.646,45.894,210.274,29.48,0.876,107.219,61.617,2.435
7d31091d-6a12-4389-a0e0-a97eb9dd7fd3,2026-04-25T16:56:36.044808-04:00,node-01,checkout-api,500,True,normal,market_aware_v1,53.123,51.224,203.747,29.605,0.986,98.958,50.781,2.412
22510f1c-aec0-4d50-856a-87dcf37efe4f,2026-04-25T16:56:36.045298-04:00,node-01,payments-api,502,True,normal,market_aware_v1,53.695,51.644,213.223,22.663,0.865,97.754,32.032,2.277
50a23e84-bb9c-45a9-8995-19bb8b539d74,2026-04-25T16:56:36.045799-04:00,node-01,orders-api,500,True,normal,market_aware_v1,65.334,48.61,201.559,29.575,0.839,102.034,66.237,2.314
cd31f201-ae3a-4bee-bc29-9586160e1187,2026-04-25T16:56:36.046299-04:00,node-01,checkout-api,502,True,normal,market_aware_v1,60.962,49.204,217.022,28.96,1.013,106.805,47.078,2.616
30da784d-6aed-4e9b-9880-6e8d59f1b997,2026-04-25T16:56:36.046867-04:00,node-01,payments-api,429,True,normal,market_aware_v1,56.699,54.027,218.908,26.52,0.798,95.831,35.267,2.229
b66599c4-2f6d-450f-911c-8a4fb93d5401,2026-04-25T16:56:36.047423-04:00,node-01,orders-api,500,True,normal,market_aware_v1,62.2,49.393,205.986,30.317,0.877,105.106,69.649,2.422
6b3caf01-d9c7-4ad6-9ac1-1d0221cbc075,2026-04-25T16:56:36.048497-04:00,node-01,checkout-api,503,True,normal,market_aware_v1,62.961,52.5,227.555,26.568,1.029,107.87,43.311,2.709
5f89d59a-59c3-433a-83d9-0bcc0323b82c,2026-04-25T16:56:36.049318-04:00,node-01,payments-api,500,True,normal,market_aware_v1,54.634,56.399,202.557,24.502,0.854,96.345,42.454,2.299
76c86cd4-bdd6-4c99-a428-98c6dc56b15d,2026-04-25T16:56:36.050007-04:00,node-01,orders-api,503,True,normal,market_aware_v1,65.08,47.622,198.253,32.966,0.855,100.792,79.046,2.388
2a2e2bd8-fb24-4315-a586-c475c8e57870,2026-04-25T16:56:36.050577-04:00,node-01,checkout-api,500,True,normal,market_aware_v1,61.705,53.934,205.902,30.148,1.073,102.992,53.657,2.582
7b72ea18-c45c-4c74-8a9c-9e535c9f35fe,2026-04-25T16:56:36.051116-04:00,node-01,payments-api,429,True,normal,market_aware_v1,58.591,54.333,228.567,24.293,1.022,109.334,34.41,2.742
ab689361-fe98-4795-9fe9-ef15aeaeefc1,2026-04-25T16:56:36.051639-04:00,node-01,orders-api,503,True,normal,market_aware_v1,68.155,52.222,196.985,30.321,0.767,98.229,76.555,2.091
0b8f945f-1338-4cd2-a90b-6b2ca093d21a,2026-04-25T16:56:36.052184-04:00,node-01,checkout-api,503,True,anomalous,market_aware_v1,69.135,57.273,220.683,32.351,1.313,102.427,54.756,2.917
664af0e3-480f-4079-bcaf-e53f9de6fe02,2026-04-25T16:56:36.052650-04:00,node-01,payments-api,429,True,normal,market_aware_v1,60.686,57.134,228.852,26.903,1.031,109.192,40.016,2.736
29716973-0072-4641-80dd-3d5d2bf35317,2026-04-25T16:56:36.053123-04:00,node-01,orders-api,429,True,normal,market_aware_v1,69.381,53.608,213.695,30.126,0.828,106.594,74.396,2.379
7c595af8-561a-4fde-9287-9a40e85deb61,2026-04-25T16:56:36.053553-04:00,node-01,checkout-api,500,True,normal,market_aware_v1,66.357,54.959,223.852,28.916,1.067,104.806,55.363,2.724
42ed953a-f876-43b9-8720-68181b7d883a,2026-04-25T16:56:36.053998-04:00,node-01,payments-api,429,True,normal,market_aware_v1,60.366,58.467,206.801,24.961,0.816,92.709,48.974,2.155
a5fc6faa-c77c-4655-92c7-526b20b66326,2026-04-25T16:56:36.054509-04:00,node-01,orders-api,503,True,normal,market_aware_v1,68.389,53.385,188.97,31.2,0.867,96.567,75.282,2.126
de3fe227-d025-4c60-b432-6589a558948d,2026-04-25T16:56:36.055005-04:00,node-01,checkout-api,502,True,normal,market_aware_v1,64.48,55.185,209.451,29.213,0.945,98.115,54.214,2.452
aca7f09b-8da6-4a3e-8764-9b1b6f0dc997,2026-04-25T16:56:36.055506-04:00,node-01,payments-api,429,True,normal,market_aware_v1,61.656,55.637,230.406,28.602,1.008,110.719,36.889,2.826
72133cd8-17d5-4d67-bd4c-7d3b5e81ce41,2026-04-25T16:56:36.056118-04:00,node-01,orders-api,503,True,normal,market_aware_v1,69.786,50.356,194.586,29.937,0.826,98.813,77.674,2.212
863d9292-98b9-4ed4-8183-b95ca6294c61,2026-04-25T16:56:36.056884-04:00,node-01,checkout-api,502,True,normal,market_aware_v1,62.656,55.749,214.649,27.454,0.971,102.684,59.685,2.473
cc13634f-0273-4790-ab73-49a5cb9c3e11,2026-04-25T16:56:36.057504-04:00,node-01,payments-api,429,True,normal,market_aware_v1,59.257,58.3,225.127,25.399,0.956,104.884,51.384,2.53
e2984dcb-2329-4711-b6de-41782ee7db52,2026-04-25T16:56:36.058081-04:00,node-01,orders-api,500,True,normal,market_aware_v1,63.993,53.433,192.449,30.851,0.836,105.388,76.792,2.286
d7ca1b52-fe82-4eb6-8c1a-5b3bd39a20a5,2026-04-25T16:56:36.058630-04:00,node-01,checkout-api,502,True,normal,market_aware_v1,64.741,56.026,211.219,28.512,0.997,97.196,63.188,2.408
ab13bda3-80d5-4203-beca-0afd815751a0,2026-04-25T16:56:36.059134-04:00,node-01,payments-api,502,True,normal,market_aware_v1,57.573,55.578,215.738,26.167,0.964,105.452,42.539,2.613
6e2f4056-203a-4f0c-8b94-60e5582af34d,2026-04-25T16:56:36.059581-04:00,node-01,orders-api,500,True,normal,market_aware_v1,64.541,50.68,190.472,30.25,0.821,100.95,78.24,2.193
6c9290b9-6c8f-47d7-988f-017acd108844,2026-04-25T16:56:36.060010-04:00,node-01,checkout-api,503,True,normal,market_aware_v1,62.558,52.943,218.995,29.996,1.072,102.1,49.649,2.594
ca708f57-9829-475f-a7ce-8b13abbea2c0,2026-04-25T16:56:36.060529-04:00,node-01,payments-api,503,True,normal,market_aware_v1,58.617,57.767,223.357,25.709,0.995,109.099,40.796,2.649
07439f61-d408-4d11-ab48-e6d69e2ea023,2026-04-25T16:56:36.061046-04:00,node-01,orders-api,502,True,normal,market_aware_v1,64.281,49.432,205.465,30.214,0.854,107.218,72.405,2.396
b9a64cc4-e113-4988-86b6-d9d61e45dc8c,2026-04-25T16:56:36.061523-04:00,node-01,checkout-api,500,True,normal,market_aware_v1,60.03,54.183,209.518,31.822,0.972,99.854,47.328,2.499
68c0ab90-f366-4dec-8803-72ad2bcd5ae3,2026-04-25T16:56:36.061981-04:00,node-01,payments-api,500,True,normal,market_aware_v1,58.26,53.245,231.611,24.223,0.854,101.695,36.5,2.381
25785fd7-9901-4575-a5af-355267f2036c,2026-04-25T16:56:36.062483-04:00,node-01,orders-api,503,True,normal,market_aware_v1,61.712,50.723,191.661,29.193,0.874,98.042,69.3,2.288
2ed84a1e-34a3-417c-bbb9-328127df86cc,2026-04-25T16:56:36.062975-04:00,node-01,checkout-api,503,True,normal,market_aware_v1,60.585,51.094,207.751,29.521,1.006,100.157,49.303,2.498
1e50252f-d7f7-42e1-b472-e5ef545ef668,2026-04-25T16:56:36.063416-04:00,node-01,payments-api,502,True,normal,market_aware_v1,58.643,54.013,232.097,26.919,1.023,107.207,30.576,2.609
2cff71ed-3ae5-463f-a1af-5a46b888fa54,2026-04-25T16:56:36.063891-04:00,node-01,orders-api,502,True,anomalous,market_aware_v1,65.291,53.805,215.6,29.396,1.136,105.073,68.825,2.862
1a843fd8-fdb2-4a08-82e5-7f7ddda529b2,2026-04-25T16:56:36.064366-04:00,node-01,checkout-api,502,True,normal,market_aware_v1,62.784,53.199,216.182,27.892,1.095,105.782,51.095,2.604
1dcddd54-e3c2-4d23-ab8a-3041cace50ce,2026-04-25T16:56:36.065713-04:00,node-01,payments-api,502,True,normal,market_aware_v1,57.617,56.682,227.412,24.833,0.851,101.977,40.845,2.394
0e081346-a3a4-4108-a30c-280dd74a4dec,2026-04-25T16:56:36.066311-04:00,node-01,orders-api,500,True,normal,market_aware_v1,64.428,48.123,193.667,32.484,0.801,96.498,74.608,2.103
2729d901-bd02-4ede-a765-c3c48ecdc2af,2026-04-25T16:56:36.067015-04:00,node-01,checkout-api,502,True,anomalous,market_aware_v1,65.458,55.797,234.916,30.22,1.456,107.839,44.823,3.282
16c06b56-9bd8-43d5-895c-a86529aa0bf4,2026-04-25T16:56:36.068812-04:00,node-01,payments-api,503,True,normal,market_aware_v1,60.593,53.019,241.971,24.961,0.988,113.912,37.995,2.801
c00eaff1-f3b3-450a-b740-b194d25b6dba,2026-04-25T16:56:36.069323-04:00,node-01,orders-api,500,True,normal,market_aware_v1,64.547,52.676,212.972,30.014,0.951,107.358,77.179,2.7
66f63912-3733-4313-b149-8d8fde9d8d7d,2026-04-25T16:56:36.069833-04:00,node-01,checkout-api,503,True,normal,market_aware_v1,62.182,54.375,227.342,28.812,1.097,116.78,50.803,2.899
02986d70-c12d-4f1f-8359-8941d7914ed1,2026-04-25T16:56:36.070383-04:00,node-01,payments-api,502,True,normal,market_aware_v1,61.565,54.657,229.516,27.198,0.973,108.199,40.434,2.726
655a926f-f8ed-44e6-90b4-af36e1fdd4b8,2026-04-25T16:56:36.070952-04:00,node-01,orders-api,503,True,normal,market_aware_v1,65.664,53.598,202.453,30.378,0.861,102.356,74.466,2.356
3e464362-f6e8-4a8c-b78c-6705b48d177e,2026-04-25T16:56:36.071419-04:00,node-01,checkout-api,429,True,anomalous,market_aware_v1,66.188,56.942,236.225,30.16,1.482,112.071,46.837,3.422
599f75d9-3132-40cf-9bbf-fdb10b782153,2026-04-25T16:56:36.071907-04:00,node-01,payments-api,500,True,normal,market_aware_v1,63.631,56.174,224.406,27.148,0.849,101.137,50.327,2.386
bbc06770-2b66-45a9-bec1-42b6940a01a6,2026-04-25T16:56:36.072409-04:00,node-01,orders-api,429,True,normal,market_aware_v1,72.025,53.978,194.458,31.607,0.789,97.913,83.237,2.237
218df36f-7298-496d-8533-a5989b6d2e81,2026-04-25T16:56:36.072931-04:00,node-01,checkout-api,500,True,normal,market_aware_v1,66.372,58.407,219.5,31.015,1.005,100.759,63.697,2.603
d753dbaa-221a-48a2-93d3-a2c13dc57bf9,2026-04-25T16:56:36.073432-04:00,node-01,payments-api,503,True,normal,market_aware_v1,65.832,57.441,231.49,24.873,1.029,113.303,49.715,2.748
4249748d-9f5c-4348-a4e4-09c7602e5e4a,2026-04-25T16:56:36.073925-04:00,node-01,orders-api,500,True,normal,market_aware_v1,70.485,55.413,214.533,33.581,0.869,107.78,73.868,2.469
360582f1-25e2-478a-a2bb-3745a733fce8,2026-04-25T16:56:36.074410-04:00,node-01,checkout-api,429,True,normal,market_aware_v1,68.017,55.826,219.112,31.863,1.056,104.873,60.721,2.615
b45f22b7-dfeb-46cf-beae-8cf61e0d6af4,2026-04-25T16:56:36.074952-04:00,node-01,payments-api,429,True,normal,market_aware_v1,64.577,61.344,241.868,28.732,1.068,114.731,41.539,2.799
1190f4d7-c6f0-4272-9063-8ecca29c2ad7,2026-04-25T16:56:36.075421-04:00,node-01,orders-api,502,True,normal,market_aware_v1,69.573,54.628,212.461,32.831,0.888,107.01,79.878,2.412
3a36fc69-8c74-4764-a243-f3d53446580e,2026-04-25T16:56:36.076124-04:00,node-01,checkout-api,502,True,normal,market_aware_v1,70.675,56.289,225.858,32.959,1.009,104.676,57.809,2.655
7b105f04-45e1-41d4-8572-77adb522937f,2026-04-25T16:56:36.076859-04:00,node-01,payments-api,503,True,normal,market_aware_v1,66.429,58.332,230.546,28.041,1.079,110.166,45.704,2.723
5835a3ab-b2cd-421c-8282-a791f8444af4,2026-04-25T16:56:36.077348-04:00,node-01,orders-api,503,True,normal,market_aware_v1,71.133,56.492,228.054,35.202,1.082,112.954,82.488,2.972
23586297-ffd7-413e-bb55-9c17cb4d1c01,2026-04-25T16:56:36.077945-04:00,node-01,checkout-api,502,True,normal,market_aware_v1,71.259,56.086,239.602,32.225,1.192,115.223,54.515,3.141
39bc2cc3-0054-4693-9e24-bde82fe9f3d7,2026-04-25T16:56:36.078409-04:00,node-01,payments-api,500,True,normal,market_aware_v1,64.277,58.593,219.067,27.27,1.037,102.703,47.763,2.651
a32b081c-ec26-4848-823e-48a05c35f9df,2026-04-25T16:56:36.078872-04:00,node-01,orders-api,503,True,normal,market_aware_v1,66.074,54.818,235.009,32.823,1.12,118.021,81.703,3.082
e1fde7a0-bb50-4f13-8832-cdd6fd3ebb3c,2026-04-25T16:56:36.079331-04:00,node-01,checkout-api,500,True,normal,market_aware_v1,70.583,56.791,232.337,29.746,0.985,108.579,54.022,2.736
c7a88c05-2fc4-4159-9da8-0513b8cd7c94,2026-04-25T16:56:36.079896-04:00,node-01,payments-api,429,True,normal,market_aware_v1,56.564,61.049,217.385,25.764,0.993,104.378,37.848,2.563
4e7533d4-1c60-48a1-bd3f-2cd2969a3a02,2026-04-25T16:56:36.080435-04:00,node-01,orders-api,429,True,normal,market_aware_v1,67.87,51.3,213.709,29.895,0.863,106.633,72.04,2.392
9a0e8bfe-9dda-4191-8b16-e37c62cfa5f9,2026-04-25T16:56:36.081760-04:00,node-01,checkout-api,502,True,normal,market_aware_v1,66.15,54.022,219.358,28.604,1.088,103.672,57.777,2.685
84603426-3642-4240-8226-634f07f66b29,2026-04-25T16:56:36.082714-04:00,node-01,payments-api,500,True,normal,market_aware_v1,56.511,53.973,235.972,24.445,1.024,111.774,37.475,2.846
61be1c66-677e-4ead-850a-2cf31015b929,2026-04-25T16:56:36.083254-04:00,node-01,orders-api,503,True,normal,market_aware_v1,65.202,48.104,212.787,29.921,0.919,104.386,77.331,2.479
fdeb79e7-e6e3-4bab-b0b3-7ee665089d7e,2026-04-25T16:56:36.083793-04:00,node-01,checkout-api,503,True,normal,market_aware_v1,61.604,52.699,220.936,29.006,1.108,108.164,50.358,2.757
6e82c2a4-a36a-45d5-8500-aaec8ed15ad1,2026-04-25T16:56:36.084573-04:00,node-01,payments-api,503,True,normal,market_aware_v1,54.87,52.94,220.325,25.076,0.953,102.132,42.134,2.516
2753cb9c-38c0-4c69-ba6e-9e6762803a88,2026-04-25T16:56:36.085096-04:00,node-01,orders-api,429,True,normal,market_aware_v1,61.609,48.17,208.372,29.274,0.912,108.051,65.12,2.404
b337d792-033a-4729-b575-7d28cc134a40,2026-04-25T16:56:36.085559-04:00,node-01,checkout-api,429,True,normal,market_aware_v1,61.526,48.363,202.687,28.659,0.905,96.0,46.199,2.239
cd873c7c-319f-4fae-8b40-10ed8357c9c4,2026-04-25T16:56:36.086944-04:00,node-01,payments-api,502,True,normal,market_aware_v1,58.258,51.493,227.668,23.544,1.004,108.06,23.672,2.7
33d15cfc-8d9a-4f83-b5be-ffa21795d0a3,2026-04-25T16:56:36.087418-04:00,node-01,orders-api,502,True,normal,market_aware_v1,59.036,50.587,199.171,28.105,0.89,101.183,65.51,2.3
83136dd4-d9ba-4f12-9083-77e7ac1e3b93,2026-04-25T16:56:36.087892-04:00,node-01,checkout-api,503,True,normal,market_aware_v1,58.131,50.525,204.9,26.307,0.949,100.25,49.048,2.516
8e5eabd3-bf26-48a4-8267-5b7e29a99200,2026-04-25T16:56:36.088402-04:00,node-01,payments-api,502,True,normal,market_aware_v1,53.258,51.498,222.628,22.614,0.8,97.635,33.545,2.298
0fe19268-7b10-4699-9085-5fd6ec205240,2026-04-25T16:56:36.088881-04:00,node-01,orders-api,503,True,normal,market_aware_v1,58.186,47.735,183.583,29.608,0.762,93.195,73.117,2.042
e4884d57-7fbe-411c-a6d6-d7b68cbf7947,2026-04-25T16:56:36.089327-04:00,node-01,checkout-api,500,True,normal,market_aware_v1,60.395,51.943,222.574,27.286,0.986,103.152,47.488,2.506
21473985-809d-419b-a2ad-735c01980dc7,2026-04-25T16:56:36.089905-04:00,node-01,payments-api,503,True,normal,market_aware_v1,54.858,55.884,208.281,25.023,0.86,101.858,36.221,2.42
82952d52-3d76-47bd-a21e-4cb99e79d367,2026-04-25T16:56:36.090882-04:00,node-01,orders-api,500,True,normal,market_aware_v1,57.704,48.538,192.356,29.569,0.727,95.305,72.004,2.108
74d9f207-f0e3-477b-b172-3218a7bbd85c,2026-04-25T16:56:36.091367-04:00,node-01,checkout-api,429,True,normal,market_aware_v1,61.846,49.199,235.802,27.45,1.159,110.151,49.803,2.823
8c5957ac-1c2c-45d1-8ab5-a6c253d6a762,2026-04-25T16:56:36.091871-04:00,node-01,payments-api,503,True,normal,market_aware_v1,52.928,52.519,230.789,23.803,0.995,106.944,34.852,2.732
893af8c1-9199-4de2-a8bf-2dc0ecbe5ac1,2026-04-25T16:56:36.092386-04:00,node-01,orders-api,502,True,normal,market_aware_v1,62.906,51.811,203.959,30.318,0.88,103.715,67.883,2.316
e74517e8-6dec-44cb-9715-cd9bde1f0c06,2026-04-25T16:56:36.092881-04:00,node-01,checkout-api,429,True,normal,market_aware_v1,60.983,55.521,221.305,27.132,1.017,106.586,55.044,2.65
8c42af9d-74e6-49a3-b54f-a5f7139bfa5d,2026-04-25T16:56:36.093375-04:00,node-01,payments-api,500,True,normal,market_aware_v1,60.616,55.785,224.005,25.177,0.964,105.854,38.918,2.561
fd8761a9-d5ed-4538-89f9-3d06b4a87626,2026-04-25T16:56:36.093864-04:00,node-01,orders-api,503,True,normal,market_aware_v1,66.549,52.224,220.639,30.419,1.125,108.361,71.343,2.878
be6be1d8-1b67-49d0-abcf-440b5f350e87,2026-04-25T16:56:36.094330-04:00,node-01,checkout-api,429,True,anomalous,market_aware_v1,66.331,54.104,219.979,28.721,1.357,109.114,50.13,3.197
02dd5a80-4d84-464e-8efe-be9e67955a3a,2026-04-25T16:56:36.094831-04:00,node-01,payments-api,429,True,normal,market_aware_v1,60.995,52.474,228.761,25.444,1.083,111.2,36.123,2.783
131b84c1-7b0a-4b9a-89ce-623b6e8319c6,2026-04-25T16:56:36.095422-04:00,node-01,orders-api,503,True,anomalous,market_aware_v1,66.51,54.245,211.836,31.556,1.28,112.133,64.382,2.984
9fa4f05b-4da5-458a-acd1-9db1ffe959ff,2026-04-25T16:56:36.096010-04:00,node-01,checkout-api,503,True,normal,market_aware_v1,63.477,54.589,219.682,29.282,1.079,105.57,52.513,2.641
6d0f4db5-aa62-4ed9-a78d-cdb06eac527b,2026-04-25T16:56:36.096508-04:00,node-01,payments-api,503,True,normal,market_aware_v1,64.706,56.624,226.841,27.563,0.968,106.288,44.024,2.602
8febb59a-3317-44b7-bd3e-0cccf1f1a963,2026-04-25T16:56:36.097147-04:00,node-01,orders-api,429,True,normal,market_aware_v1,62.724,53.112,194.459,30.934,0.841,102.458,79.25,2.379
eadf9b2b-e3ea-4137-be4a-ba7281d257a5,2026-04-25T16:56:36.097667-04:00,node-01,checkout-api,500,True,normal,market_aware_v1,63.607,58.447,215.439,28.769,1.048,105.869,57.551,2.73
9f5b7a8d-81e4-48b1-bac2-bcca4558fbf0,2026-04-25T16:56:36.098142-04:00,node-01,payments-api,500,True,normal,market_aware_v1,62.741,57.451,223.422,24.287,0.963,105.777,44.649,2.567
cd4ece44-70db-4ddd-a8cd-1715254bafb8,2026-04-25T16:56:36.098654-04:00,node-01,orders-api,503,True,normal,market_aware_v1,67.908,56.45,219.615,31.909,0.904,111.876,77.267,2.602
4388fc87-89fd-4480-8d4b-74993aa7accb,2026-04-25T16:56:36.099084-04:00,node-01,checkout-api,503,True,normal,market_aware_v1,68.047,57.124,222.305,28.241,1.055,106.23,54.766,2.765
657e9e67-fb6a-4b7e-a835-aa26a3c3d19c,2026-04-25T16:56:36.099580-04:00,node-01,payments-api,503,True,normal,market_aware_v1,61.28,57.941,223.582,26.233,1.053,110.506,38.035,2.67
b98089b9-242f-4307-b72f-795517927141,2026-04-25T16:56:36.100043-04:00,node-01,orders-api,500,True,normal,market_aware_v1,67.749,53.292,203.3,29.439,0.913,105.67,79.67,2.438
b2854baa-70fd-4123-96ef-8cbedff4341e,2026-04-25T16:56:36.100521-04:00,node-01,checkout-api,500,True,normal,market_aware_v1,65.043,54.942,225.836,30.172,1.075,114.785,53.409,2.933
608d08c8-46c6-46b8-b536-f94fc5c210e0,2026-04-25T16:56:36.100983-04:00,node-01,payments-api,500,True,anomalous,market_aware_v1,63.214,60.695,249.286,27.693,1.293,112.777,37.142,3.14
7bf58882-5dc9-4939-8bf8-a363ac9bcf3d,2026-04-25T16:56:36.101474-04:00,node-01,orders-api,503,True,normal,market_aware_v1,70.302,53.373,211.136,33.316,0.954,106.756,72.441,2.547
75272c71-8e62-4016-80ae-346af6e74601,2026-04-25T16:56:36.101958-04:00,node-01,checkout-api,429,True,normal,market_aware_v1,62.152,57.728,217.745,30.098,1.043,108.233,56.222,2.654
847e2c54-f579-49aa-996e-dead9cfab299,2026-04-25T16:56:36.102509-04:00,node-01,payments-api,429,True,normal,market_aware_v1,55.851,56.561,235.113,26.441,1.044,111.831,36.82,2.852
eaecc7d3-ed4d-4b1c-930e-b63d165aa9b6,2026-04-25T16:56:36.103033-04:00,node-01,orders-api,502,True,normal,market_aware_v1,60.846,50.766,199.742,31.283,0.8,101.942,76.768,2.276
53eb70e7-9ddb-465d-b5a1-a90cdf926eea,2026-04-25T16:56:36.103557-04:00,node-01,checkout-api,502,True,normal,market_aware_v1,64.029,51.514,207.108,26.72,1.037,104.689,54.921,2.639
0b0e1277-b36c-462e-8b73-61e6efd37649,2026-04-25T16:56:36.104059-04:00,node-01,payments-api,500,True,normal,market_aware_v1,60.122,55.094,233.564,23.941,1.024,109.757,38.785,2.791
e178a1ec-1801-4460-bff0-64ed86e6ab3d,2026-04-25T16:56:36.104531-04:00,node-01,orders-api,503,True,normal,market_aware_v1,66.546,51.642,215.061,31.892,0.971,112.767,74.399,2.665
16cd2b6f-2def-4fa3-83fe-8a8ac0815f24,2026-04-25T16:56:36.105001-04:00,node-01,checkout-api,503,True,normal,market_aware_v1,61.821,54.261,208.435,27.294,0.795,96.761,47.549,2.248
76953c91-92ad-4af5-af11-84b17c9085c4,2026-04-25T16:56:36.105497-04:00,node-01,payments-api,502,True,normal,market_aware_v1,58.504,53.938,225.179,23.834,0.928,106.94,37.49,2.516
4f48432a-d915-44a0-a55f-d006fc7f9b55,2026-04-25T16:56:36.106022-04:00,node-01,orders-api,429,True,normal,market_aware_v1,64.761,49.792,215.217,29.506,0.923,108.16,70.797,2.513
8d9507b0-048d-4827-a3c6-3038e3607b17,2026-04-25T16:56:36.106547-04:00,node-01,checkout-api,500,True,normal,market_aware_v1,61.195,53.594,222.35,26.754,0.929,102.479,51.606,2.438
c0f4b624-4eb9-4ace-8262-0d18a4f2a8a5,2026-04-25T16:56:36.107071-04:00,node-01,payments-api,500,True,normal,market_aware_v1,58.066,52.985,227.239,21.91,0.95,103.678,34.518,2.412
0d80ccc7-e0f7-4160-ac2d-b7cc6ff672cd,2026-04-25T16:56:36.107554-04:00,node-01,orders-api,502,True,normal,market_aware_v1,64.113,47.091,204.994,29.903,0.731,101.757,66.301,2.189
813ebff6-47f7-4489-80bf-e19d71eee332,2026-04-25T16:56:36.108085-04:00,node-01,checkout-api,429,True,normal,market_aware_v1,62.166,51.862,218.428,27.465,1.022,107.625,53.958,2.779
5d551bd5-77c4-4e7e-bd84-6f36c452054a,2026-04-25T16:56:36.108647-04:00,node-01,payments-api,429,True,normal,market_aware_v1,56.149,56.674,237.323,25.128,1.058,109.715,34.072,2.907
6d89c134-1ec5-4a7c-9212-b9f14943af78,2026-04-25T16:56:36.109121-04:00,node-01,orders-api,502,True,normal,market_aware_v1,62.941,51.838,189.498,29.791,0.864,99.874,76.053,2.261
c5efa64d-1139-450c-8859-1f43b0a3de4b,2026-04-25T16:56:36.109574-04:00,node-01,checkout-api,502,True,normal,market_aware_v1,63.038,54.868,219.592,29.874,0.943,105.892,48.573,2.644
709a06fe-ce65-4808-8e7f-c9b1a23164db,2026-04-25T16:56:36.110107-04:00,node-01,payments-api,500,True,anomalous,market_aware_v1,61.135,57.024,245.987,26.803,1.375,109.078,40.41,3.247
5340671a-f0b2-4224-8e5e-3941d63d74fd,2026-04-25T16:56:36.110639-04:00,node-01,orders-api,429,True,normal,market_aware_v1,62.885,54.18,197.103,31.702,0.821,99.2,73.865,2.23
75a7ba30-29e9-460f-90be-08d0b6887046,2026-04-25T16:56:36.111138-04:00,node-01,checkout-api,502,True,normal,market_aware_v1,62.663,52.844,216.327,27.606,0.99,100.625,64.369,2.604
7c6fa786-eb9a-40b9-9be2-0c0e2c95f3e7,2026-04-25T16:56:36.111660-04:00,node-01,payments-api,500,True,normal,market_aware_v1,59.311,57.355,222.703,27.905,0.986,103.068,37.15,2.444
3db9d96a-927c-4978-bbda-169954f3a6f3,2026-04-25T16:56:36.112158-04:00,node-01,orders-api,502,True,normal,market_aware_v1,69.521,54.287,205.259,28.935,0.818,102.956,78.311,2.238
b26f27ba-3283-452d-a26d-02e1da5b707e,2026-04-25T16:56:36.112600-04:00,node-01,checkout-api,502,True,normal,market_aware_v1,65.394,56.984,210.282,31.278,1.032,105.11,53.917,2.531
e8bcd413-8e1a-47e3-a9f8-5c832a7fbb58,2026-04-25T16:56:36.113103-04:00,node-01,payments-api,429,True,normal,market_aware_v1,67.756,58.005,232.056,27.49,0.849,108.645,39.896,2.493
1f0baba1-e816-4ccc-8be6-c4cc2b71f5b6,2026-04-25T16:56:36.113553-04:00,node-01,orders-api,429,True,normal,market_aware_v1,68.248,56.287,200.745,30.245,0.825,99.682,85.043,2.247
5852b4cd-3226-4f5e-ae54-0a470d83d0ad,2026-04-25T16:56:36.113992-04:00,node-01,checkout-api,429,True,normal,market_aware_v1,67.598,56.932,219.912,29.46,1.03,106.555,54.803,2.67
6ce68098-668b-4c5a-ba82-91481821d5cd,2026-04-25T16:56:36.114474-04:00,node-01,payments-api,503,True,anomalous,market_aware_v1,68.006,60.357,240.697,26.904,1.106,115.228,42.598,3.264
cd90e3d7-9863-4502-be97-cdeee81a5116,2026-04-25T16:56:36.114931-04:00,node-01,orders-api,500,True,normal,market_aware_v1,67.944,54.607,202.776,34.167,0.738,99.405,91.1,2.168
33f82cea-2327-4a71-b6cb-fd9d4fec6f0c,2026-04-25T16:56:36.115367-04:00,node-01,checkout-api,500,True,anomalous,market_aware_v1,70.438,59.671,248.227,32.208,1.127,120.687,50.584,2.986
b45e85b9-ec0b-4cb1-ad85-633596f1b9b7,2026-04-25T16:56:36.115845-04:00,node-01,payments-api,429,True,normal,market_aware_v1,65.087,60.973,219.811,28.115,0.97,108.031,46.871,2.637
08c936b0-3ec4-4934-91ca-289d32b085fe,2026-04-25T16:56:36.116323-04:00,node-01,orders-api,429,True,normal,market_aware_v1,72.494,52.029,220.891,34.763,0.866,110.68,81.769,2.524
c55c8be1-6a26-4288-85af-65b06e4aadff,2026-04-25T16:56:36.116783-04:00,node-01,checkout-api,503,True,normal,market_aware_v1,73.715,55.93,238.122,31.42,1.153,115.269,60.766,2.993
5f4d79ec-a866-4194-843a-fe1f9834cd9f,2026-04-25T16:56:36.117246-04:00,node-01,payments-api,502,True,normal,market_aware_v1,68.154,57.004,229.04,26.92,0.916,106.096,47.282,2.64
8b7d9259-ea30-4015-b326-c793f2dd944e,2026-04-25T16:56:36.117715-04:00,node-01,orders-api,503,True,normal,market_aware_v1,73.091,55.516,210.27,31.445,0.848,104.628,86.576,2.308
e034fd46-a48b-4fb9-b990-5c25a9b7b392,2026-04-25T16:56:36.118226-04:00,node-01,checkout-api,500,True,normal,market_aware_v1,72.647,60.419,218.289,31.984,0.979,101.7,58.272,2.578
4fff974a-5319-4967-8115-032d1c1e2e28,2026-04-25T16:56:36.118810-04:00,node-01,payments-api,503,True,normal,market_aware_v1,63.616,59.456,245.699,28.468,1.088,113.753,45.371,2.847
4cb6473a-b847-4afe-8688-a3143ed67729,2026-04-25T16:56:36.119301-04:00,node-01,orders-api,503,True,normal,market_aware_v1,72.077,54.79,223.801,32.48,0.959,113.222,76.662,2.697
ac4013e5-da13-4a13-ab3e-912971d1ac62,2026-04-25T16:56:36.119789-04:00,node-01,checkout-api,429,True,normal,market_aware_v1,66.33,53.415,221.43,29.784,0.964,102.937,54.587,2.691
db291381-f2b7-454a-ad34-49c6e8fd2b94,2026-04-25T16:56:36.120275-04:00,node-01,payments-api,429,True,normal,market_aware_v1,64.492,58.717,236.449,28.738,1.065,109.765,37.847,2.719
28e4e2e0-8b72-47dd-8abf-f1b612112bb9,2026-04-25T16:56:36.120763-04:00,node-01,orders-api,503,True,normal,market_aware_v1,68.523,51.691,206.86,33.153,0.849,104.814,74.204,2.334
c5ce38de-7392-4228-b19d-49119ea680f5,2026-04-25T16:56:36.121241-04:00,node-01,checkout-api,502,True,normal,market_aware_v1,67.502,56.13,215.358,28.061,1.007,104.806,54.193,2.626
ed9cfd1d-ac9d-4beb-8336-da22dddff44b,2026-04-25T16:56:36.121730-04:00,node-01,payments-api,502,True,normal,market_aware_v1,63.316,56.204,235.982,26.64,0.941,106.137,41.092,2.571
2f2378f7-7f16-4d9a-ae09-3e4b3193de4d,2026-04-25T16:56:36.122239-04:00,node-01,orders-api,500,True,normal,market_aware_v1,67.924,50.154,216.424,30.61,0.927,109.465,77.282,2.438
32328c7d-38c7-49ac-907a-c463ba2c9319,2026-04-25T16:56:36.122727-04:00,node-01,checkout-api,503,True,anomalous,market_aware_v1,63.872,56.011,233.107,30.853,1.411,111.994,40.082,3.314
2764c809-69b8-47c6-a6d5-645333e3d42b,2026-04-25T16:56:36.123140-04:00,node-01,payments-api,502,True,anomalous,market_aware_v1,59.314,59.874,224.78,27.245,1.259,111.719,28.294,3.11
34d265e1-daa1-44d0-af26-88fc36c4199a,2026-04-25T16:56:36.123587-04:00,node-01,orders-api,500,True,normal,market_aware_v1,61.418,49.674,200.337,30.011,0.81,101.853,70.515,2.243
0c6b2aa0-1807-4e5c-a270-37d39fff1884,2026-04-25T16:56:36.124067-04:00,node-01,checkout-api,429,True,normal,market_aware_v1,60.648,50.409,214.943,27.872,1.012,97.231,51.557,2.5
e4907d14-5b6c-4548-8397-86bb15ce9f55,2026-04-25T16:56:36.124498-04:00,node-01,payments-api,503,True,normal,market_aware_v1,55.771,54.105,213.302,24.448,0.873,96.757,31.889,2.343
1770b7ed-1ba7-4e8a-bf4e-dffb5976489a,2026-04-25T16:56:36.124972-04:00,node-01,orders-api,500,True,normal,market_aware_v1,60.79,51.306,215.097,29.562,0.956,108.733,71.079,2.872
b73e4838-983d-47ae-b0d1-852b4bf7700a,2026-04-25T16:56:36.125403-04:00,node-01,checkout-api,500,True,normal,market_aware_v1,54.8,50.036,201.252,26.448,0.987,97.057,47.383,2.398
6b555ae4-4711-4708-9e3f-34776db5d4f5,2026-04-25T16:56:36.125847-04:00,node-01,payments-api,502,True,normal,market_aware_v1,56.382,52.485,223.11,24.83,0.909,107.085,29.494,2.764
cce7765e-4000-4b23-b454-f007a719a520,2026-04-25T16:56:36.126269-04:00,node-01,orders-api,500,True,normal,market_aware_v1,63.203,48.461,200.383,30.921,0.829,102.512,66.024,2.288
0ee29457-d219-4670-8c08-f694691de139,2026-04-25T16:56:36.126756-04:00,node-01,checkout-api,429,True,normal,market_aware_v1,62.075,49.575,241.758,25.731,1.054,116.147,40.198,3.087
693e9479-76c1-4c95-864b-4aac4e7809c6,2026-04-25T16:56:36.128626-04:00,node-01,payments-api,500,True,normal,market_aware_v1,52.231,51.014,216.694,24.251,0.992,104.913,32.415,2.687
c30ea361-8f8a-48af-b8ad-886f3f9a8bd4,2026-04-25T16:56:36.129134-04:00,node-01,orders-api,500,True,normal,market_aware_v1,61.825,49.844,200.505,30.445,0.777,103.494,62.08,2.352
de37572c-dbcb-4886-b52a-f6651a55c043,2026-04-25T16:56:36.129668-04:00,node-01,checkout-api,429,True,anomalous,market_aware_v1,63.699,54.51,225.973,28.455,1.37,108.383,36.797,3.23
32e3edca-843b-40d6-935a-1118bcf92bef,2026-04-25T16:56:36.130101-04:00,node-01,payments-api,502,True,normal,market_aware_v1,57.266,53.91,228.368,23.746,0.892,108.081,31.961,2.609
43740339-968a-4004-82c5-f576cbed280c,2026-04-25T16:56:36.130579-04:00,node-01,orders-api,429,True,anomalous,market_aware_v1,69.798,53.763,213.693,32.909,1.185,106.903,66.068,2.779
eb2d164d-c4ad-437c-9e9a-8c234fb4bfbd,2026-04-25T16:56:36.131096-04:00,node-01,checkout-api,503,True,anomalous,market_aware_v1,63.592,54.996,222.29,29.474,1.282,99.584,42.685,2.812
63561ed0-97d5-4334-a964-afbb8f955a57,2026-04-25T16:56:36.131603-04:00,node-01,payments-api,502,True,normal,market_aware_v1,56.987,56.658,235.068,26.943,1.065,109.609,31.328,2.747
48e1431a-6fe4-4692-b762-c00bbfd77331,2026-04-25T16:56:36.132107-04:00,node-01,orders-api,502,True,normal,market_aware_v1,66.815,52.65,203.624,31.151,0.806,102.299,70.024,2.324
6529c3c0-ddb2-420f-b699-166dd4afd650,2026-04-25T16:56:36.132570-04:00,node-01,checkout-api,500,True,normal,market_aware_v1,66.726,55.564,210.73,29.41,1.009,104.252,53.994,2.519
c9380d42-cf48-49e4-a3e0-76240100648d,2026-04-25T16:56:36.133009-04:00,node-01,payments-api,503,True,normal,market_aware_v1,59.149,57.162,230.71,26.642,0.977,110.045,40.331,2.587
731ff1cc-747d-411c-a370-9dc5a0ab26e1,2026-04-25T16:56:36.133494-04:00,node-01,orders-api,503,True,anomalous,market_aware_v1,74.502,53.597,242.083,34.712,1.415,118.976,65.785,3.63
47578bcc-ac51-4f1a-9c36-b2863def74fb,2026-04-25T16:56:36.133934-04:00,node-01,checkout-api,502,True,normal,market_aware_v1,68.45,53.547,217.214,28.016,0.948,94.012,49.203,2.303
8655f3bc-8370-4440-a836-0ff033beb933,2026-04-25T16:56:36.134419-04:00,node-01,payments-api,500,True,normal,market_aware_v1,62.42,57.289,236.492,23.481,1.028,110.084,36.274,2.725
072ea607-43aa-4e3d-ab38-18c63b6510a7,2026-04-25T16:56:36.134893-04:00,node-01,orders-api,502,True,normal,market_aware_v1,67.864,54.044,209.879,30.349,0.887,108.113,73.085,2.582
ef73bba1-0577-43c9-8ae5-b36fc62f095f,2026-04-25T16:56:36.135390-04:00,node-01,checkout-api,429,True,normal,market_aware_v1,67.74,58.825,217.66,29.963,1.043,105.394,59.49,2.675
7ebaac5d-8476-4d5b-9417-fc4e532190e2,2026-04-25T16:56:36.135872-04:00,node-01,payments-api,429,True,normal,market_aware_v1,65.172,58.346,229.066,26.89,1.006,112.12,44.34,2.687
e59aff50-be06-42e1-b053-fbd3d252d885,2026-04-25T16:56:36.136335-04:00,node-01,orders-api,500,True,normal,market_aware_v1,73.203,52.707,223.646,32.078,0.92,110.626,71.275,2.508
2526a34c-8b25-4ec2-8c54-815187a79b33,2026-04-25T16:56:36.136795-04:00,node-01,checkout-api,500,True,normal,market_aware_v1,65.102,54.471,226.409,28.249,1.059,107.33,50.554,2.714
2f682fd7-e80f-4479-8b83-79a27dc29c78,2026-04-25T16:56:36.137286-04:00,node-01,payments-api,429,True,normal,market_aware_v1,62.281,58.052,226.457,26.796,0.934,107.825,41.588,2.616
85f62a69-d325-4a48-ad0f-1c47cc214129,2026-04-25T16:56:36.137797-04:00,node-01,orders-api,502,True,normal,market_aware_v1,69.277,54.534,209.634,30.499,0.917,111.585,70.203,2.507
27df3c3d-8db2-4863-87ed-85e0ca8111a1,2026-04-25T16:56:36.138284-04:00,node-01,checkout-api,502,True,normal,market_aware_v1,66.467,54.22,238.796,30.537,1.203,109.5,47.991,3.01
1810413c-7276-4825-9cab-2d12c6225ee7,2026-04-25T16:56:36.138780-04:00,node-01,payments-api,429,True,normal,market_aware_v1,62.851,56.826,241.548,26.125,0.917,109.571,45.865,2.553
06ace7aa-9bc2-4765-b257-dc46b91c6608,2026-04-25T16:56:36.139275-04:00,node-01,orders-api,502,True,normal,market_aware_v1,68.098,55.88,228.439,29.903,0.931,107.949,75.569,2.521
9a22e5d6-baf1-4d5d-b6e4-896cd6016d22,2026-04-25T16:56:36.139771-04:00,node-01,checkout-api,429,True,normal,market_aware_v1,67.382,54.554,219.558,30.444,1.103,106.577,57.842,2.693
a9441520-3659-4385-9a85-9aefd1b40384,2026-04-25T16:56:36.140270-04:00,node-01,payments-api,429,True,normal,market_aware_v1,64.209,58.572,227.691,27.122,1.068,104.229,42.386,2.644
89264ef7-a487-4de8-a215-0995b296d74e,2026-04-25T16:56:36.140782-04:00,node-01,orders-api,502,True,normal,market_aware_v1,66.81,52.641,204.238,32.305,0.892,102.715,76.162,2.276
ca9d928d-936f-4e55-9be3-ef2b8675d753,2026-04-25T16:56:36.141263-04:00,node-01,checkout-api,429,True,normal,market_aware_v1,64.611,56.337,221.758,28.745,0.945,100.213,53.197,2.414
c338db38-1755-4307-bbdd-89225f4bcf9d,2026-04-25T16:56:36.141674-04:00,node-01,payments-api,429,True,normal,market_aware_v1,59.318,53.469,238.099,27.049,0.966,111.266,31.278,2.683
573022fc-c303-4f99-ae11-2e0347e1779d,2026-04-25T16:56:36.142111-04:00,node-01,orders-api,500,True,normal,market_aware_v1,64.554,51.537,215.334,30.81,0.905,108.693,72.012,2.483
4e54edf6-2fb0-4641-bec9-6949177e2ba8,2026-04-25T16:56:36.142532-04:00,node-01,checkout-api,429,True,normal,market_aware_v1,61.96,53.487,219.135,28.691,1.05,106.439,46.292,2.598
9ca4346d-d88e-4d82-95e6-5cf80c35a9ab,2026-04-25T16:56:36.142955-04:00,node-01,payments-api,500,True,normal,market_aware_v1,55.894,57.243,240.215,27.978,0.927,109.807,34.755,2.64
2c789519-b661-4f2f-b0a6-94e931866751,2026-04-25T16:56:36.143400-04:00,node-01,orders-api,503,True,normal,market_aware_v1,61.41,52.046,220.48,31.951,0.826,109.669,65.436,2.35
2119ee77-fbba-4a8b-811c-24c148ef067c,2026-04-25T16:56:36.143844-04:00,node-01,checkout-api,429,True,normal,market_aware_v1,61.541,52.83,225.887,25.883,1.085,105.933,51.822,2.804
6b3ea01f-7c0a-4b1d-a7d4-6af66d6ae24f,2026-04-25T16:56:36.144285-04:00,node-01,payments-api,502,True,anomalous,market_aware_v1,64.291,57.823,245.558,27.12,1.368,118.235,21.937,3.21
f1957e97-6853-4a95-bac5-5353eecab327,2026-04-25T16:56:36.144731-04:00,node-01,orders-api,500,True,normal,market_aware_v1,64.268,52.077,221.585,30.994,0.918,112.022,58.48,2.465
5cf884b7-21f1-4e67-819c-08d52dd770c8,2026-04-25T16:56:36.145150-04:00,node-01,checkout-api,429,True,normal,market_aware_v1,64.959,56.049,231.179,29.851,1.065,109.301,45.882,2.692
bb19b9d4-ae5a-49e5-b897-64808066a7e0,2026-04-25T16:56:36.145627-04:00,node-01,payments-api,429,True,normal,market_aware_v1,54.488,54.261,230.713,26.033,1.0,112.92,32.104,2.673
c8459a4d-1883-4ba3-b27b-7f2a8c351987,2026-04-25T16:56:36.146069-04:00,node-01,orders-api,500,True,normal,market_aware_v1,66.981,52.325,223.475,31.178,1.002,117.171,64.73,2.744
a01a5f09-1573-41c1-9ec5-4d91f4555c83,2026-04-25T16:56:36.146539-04:00,node-01,checkout-api,502,True,normal,market_aware_v1,63.698,54.619,211.404,29.147,1.14,109.077,47.748,2.867
efb2f385-8ddf-4123-b352-255d526713af,2026-04-25T16:56:36.147004-04:00,node-01,payments-api,503,True,normal,market_aware_v1,55.71,54.829,234.793,25.566,0.971,106.727,38.319,2.547
231ce2ce-280d-48dc-a819-0907d7472bc8,2026-04-25T16:56:36.147414-04:00,node-01,orders-api,500,True,normal,market_aware_v1,68.169,50.313,220.087,30.516,0.918,114.534,66.29,2.633
f190a97d-c973-43dd-ad18-1137069f58a3,2026-04-25T16:56:36.147847-04:00,node-01,checkout-api,429,True,normal,market_aware_v1,63.813,56.116,216.833,31.023,1.015,106.67,52.894,2.641
40ecca9e-cef8-4e95-864a-6b959f0bad79,2026-04-25T16:56:36.148271-04:00,node-01,payments-api,503,True,normal,market_aware_v1,64.912,56.57,246.744,26.812,1.039,112.612,40.117,2.704
a6d0d69f-4e14-4c18-8d82-e1ed38d5ddd8,2026-04-25T16:56:36.148721-04:00,node-01,orders-api,502,True,normal,market_aware_v1,69.864,53.19,214.658,30.345,0.914,110.497,72.398,2.435
223c47e9-645d-4e43-b317-abcf5b6baede,2026-04-25T16:56:36.149161-04:00,node-01,checkout-api,429,True,normal,market_aware_v1,69.848,60.343,232.359,31.551,1.023,107.015,53.24,2.789
c214ed17-5b3f-4937-9ed3-3541442f252b,2026-04-25T16:56:36.149612-04:00,node-01,payments-api,502,True,normal,market_aware_v1,62.598,57.954,227.877,28.069,0.929,104.185,39.692,2.495
2005586f-67d0-4d3e-a3fa-38ac7076a53b,2026-04-25T16:56:36.150073-04:00,node-01,orders-api,429,True,normal,market_aware_v1,74.169,56.003,221.01,33.942,1.015,110.94,73.777,2.536
2887a1f1-9af4-4bb0-9470-f4f6e44eed69,2026-04-25T16:56:36.150514-04:00,node-01,checkout-api,429,True,normal,market_aware_v1,68.673,58.281,230.712,31.147,1.174,113.361,49.973,2.971
923155eb-2d63-42c8-a39c-e6db253a434f,2026-04-25T16:56:36.150968-04:00,node-01,payments-api,500,True,normal,market_aware_v1,66.274,60.869,226.821,25.359,0.925,103.141,49.984,2.539
937f7200-9487-4545-9b2b-0ec1a20be6c0,2026-04-25T16:56:36.151418-04:00,node-01,orders-api,503,True,normal,market_aware_v1,71.331,57.794,216.326,33.774,0.848,107.404,83.483,2.49
ba0dbf37-df06-4d7a-b271-06ea88a2e167,2026-04-25T16:56:36.151852-04:00,node-01,checkout-api,500,True,anomalous,market_aware_v1,75.065,59.351,238.169,31.269,1.41,113.027,56.44,3.208
7c14a180-4af0-4570-b781-027cc30d5494,2026-04-25T16:56:36.152280-04:00,node-01,payments-api,502,True,normal,market_aware_v1,67.621,60.13,244.537,27.583,0.902,109.317,44.97,2.702
4a3848d9-5a15-4274-94b8-d5e57b89a3dc,2026-04-25T16:56:36.152694-04:00,node-01,orders-api,500,True,normal,market_aware_v1,72.554,54.603,215.179,33.845,0.918,113.013,79.529,2.584
94b22501-1523-462e-9d0c-40fd207db66b,2026-04-25T16:56:36.153180-04:00,node-01,checkout-api,429,True,normal,market_aware_v1,71.651,58.705,224.336,29.621,1.212,113.166,59.641,2.983
7cb96313-374c-45a4-b8a4-0ab1e2e4cb37,2026-04-25T16:56:36.153627-04:00,node-01,payments-api,503,True,normal,market_aware_v1,65.737,60.168,249.009,27.116,1.092,118.049,38.32,2.998
766f7f6a-3460-46c9-aa7f-db0d35e396a2,2026-04-25T16:56:36.154095-04:00,node-01,orders-api,500,True,normal,market_aware_v1,73.372,53.617,208.349,31.949,0.837,108.479,79.839,2.418
99c3b3e6-cf10-4284-a858-afe7723865d6,2026-04-25T16:56:36.154549-04:00,node-01,checkout-api,502,True,normal,market_aware_v1,70.939,56.093,238.516,29.143,1.138,112.413,57.499,2.872
efa38562-7ce3-43f9-aace-17f73e89465a,2026-04-25T16:56:36.155018-04:00,node-01,payments-api,503,True,normal,market_aware_v1,65.226,61.504,242.767,28.492,1.072,114.248,40.638,2.712
fdd5ddee-3b87-4dfc-847e-ca3441d3e5f3,2026-04-25T16:56:36.155538-04:00,node-01,orders-api,502,True,normal,market_aware_v1,70.683,53.741,227.962,31.914,0.896,108.548,75.175,2.461
24ba45d1-5319-43a9-b100-947e6f5b24e1,2026-04-25T16:56:36.156029-04:00,node-01,checkout-api,429,True,normal,market_aware_v1,67.829,58.867,233.864,29.641,1.075,111.124,45.653,2.847
1890f089-a8bb-4c85-a31c-f0e1c31d97a4,2026-04-25T16:56:36.156527-04:00,node-01,payments-api,429,True,normal,market_aware_v1,64.292,58.565,238.526,25.973,1.041,117.224,42.317,2.83
2fe5059f-5f19-48b8-a167-f235712714a8,2026-04-25T16:56:36.157026-04:00,node-01,orders-api,500,True,anomalous,market_aware_v1,74.595,51.661,228.03,35.534,1.31,116.739,67.515,3.255
2b3bb630-5651-4f9f-9fdf-72ebaa925b08,2026-04-25T16:56:36.157530-04:00,node-01,checkout-api,500,True,normal,market_aware_v1,67.884,56.036,227.605,31.942,1.012,112.309,53.084,2.695
19f85a51-ad2a-4920-ba2a-9215f6a7287e,2026-04-25T16:56:36.158014-04:00,node-01,payments-api,429,True,normal,market_aware_v1,63.286,55.072,240.936,28.225,0.982,110.57,41.863,2.728
55bbd974-3393-409e-95c7-2c902ad57a10,2026-04-25T16:56:36.158503-04:00,node-01,orders-api,502,True,normal,market_aware_v1,66.192,48.82,211.894,29.121,0.845,104.503,69.846,2.367
8427a798-a6bf-40eb-9360-4dcfd43e4dd0,2026-04-25T16:56:36.158995-04:00,node-01,checkout-api,500,True,normal,market_aware_v1,65.175,55.424,233.922,30.508,1.145,110.703,48.258,3.178
a9d3439d-26eb-4572-8c80-606ec67082d0,2026-04-25T16:56:36.159420-04:00,node-01,payments-api,502,True,normal,market_aware_v1,60.71,58.397,248.205,25.042,1.072,116.463,33.673,2.936
af8aefac-72fe-4e97-bca0-7f6a9565f6bc,2026-04-25T16:56:36.159873-04:00,node-01,orders-api,502,True,normal,market_aware_v1,60.081,51.217,195.468,30.053,0.793,102.652,66.883,2.216
8309cbab-0d64-443d-9850-86cd69efde19,2026-04-25T16:56:36.160329-04:00,node-01,checkout-api,503,True,normal,market_aware_v1,60.154,51.52,239.047,29.207,1.09,108.596,42.783,2.839
69e5319c-e54a-4056-a329-5997df1893a2,2026-04-25T16:56:36.160782-04:00,node-01,payments-api,503,True,normal,market_aware_v1,57.404,55.064,245.889,24.483,1.128,116.184,28.474,2.896
e58d194d-faf0-4033-85ad-f7c52203451d,2026-04-25T16:56:36.161225-04:00,node-01,orders-api,503,True,normal,market_aware_v1,61.997,54.401,225.683,29.821,0.904,115.174,63.901,2.724
689b32ba-b217-404b-bda4-2544f6c40d5a,2026-04-25T16:56:36.161726-04:00,node-01,checkout-api,500,True,normal,market_aware_v1,60.462,46.477,234.941,30.338,1.157,113.825,43.786,2.848
4e70aa8b-f1b6-450a-936b-a450776d5cac,2026-04-25T16:56:36.162260-04:00,node-01,payments-api,429,True,normal,market_aware_v1,56.858,55.164,234.221,24.148,0.904,108.286,32.786,2.584
3da118b4-8750-4737-9c34-6d504100ff13,2026-04-25T16:56:36.162755-04:00,node-01,orders-api,502,True,normal,market_aware_v1,62.212,46.863,206.674,30.563,0.876,107.683,65.581,2.486
9945741b-ae38-4d6e-86b8-c67a037bae5d,2026-04-25T16:56:36.163213-04:00,node-01,checkout-api,502,True,anomalous,market_aware_v1,63.852,53.741,234.8,28.226,1.468,117.544,36.837,3.404
e3e7035f-d673-4242-bae6-d4e14f32c4a9,2026-04-25T16:56:36.163703-04:00,node-01,payments-api,429,True,normal,market_aware_v1,56.756,51.075,230.224,24.128,1.022,107.292,30.826,2.686
5d71a788-06e6-44ce-868c-2b7a2ad42037,2026-04-25T16:56:36.164204-04:00,node-01,orders-api,502,True,normal,market_aware_v1,61.443,51.178,210.597,31.227,0.798,106.153,63.734,2.406
0aeb2cc2-f725-451d-9d98-4da73583569f,2026-04-25T16:56:36.164660-04:00,node-01,checkout-api,500,True,normal,market_aware_v1,61.746,50.918,231.73,27.37,0.969,109.237,43.863,2.778
09def17f-0c01-449c-9458-de70a791eafa,2026-04-25T16:56:36.165139-04:00,node-01,payments-api,502,True,normal,market_aware_v1,57.125,54.31,235.074,25.398,0.975,105.45,34.817,2.679
39e0dcf3-6bd3-46e9-a6a1-5a0e6ed30642,2026-04-25T16:56:36.165642-04:00,node-01,orders-api,500,True,normal,market_aware_v1,60.924,46.672,209.357,29.731,0.924,113.847,63.483,2.6
75f79d52-2af3-44e9-a069-57d94dacb6c3,2026-04-25T16:56:36.166124-04:00,node-01,checkout-api,502,True,normal,market_aware_v1,62.762,48.915,221.184,28.516,0.937,104.119,48.262,2.593
cd0fd91e-bce8-4013-a5cb-c3d5f8b13bb2,2026-04-25T16:56:36.166558-04:00,node-01,payments-api,500,True,normal,market_aware_v1,56.046,54.939,221.064,25.09,0.986,108.94,40.366,2.543
a8ed5c67-23ec-4d9f-a3b0-ec3b79502ea9,2026-04-25T16:56:36.166999-04:00,node-01,orders-api,429,True,normal,market_aware_v1,68.221,54.525,210.874,29.707,0.929,108.204,75.824,2.535
62fef77f-2152-46a1-828e-3aadc9eb1406,2026-04-25T16:56:36.167410-04:00,node-01,checkout-api,502,True,normal,market_aware_v1,64.205,55.598,231.844,27.133,1.087,105.418,45.996,2.66
6323a6c9-0b27-4e7d-96a8-787b784e9393,2026-04-25T16:56:36.167845-04:00,node-01,payments-api,502,True,normal,market_aware_v1,57.443,58.065,232.013,24.94,0.918,104.889,38.827,2.472
2572d2fa-2729-4fbd-9d31-685df09c2435,2026-04-25T16:56:36.168344-04:00,node-01,orders-api,429,True,normal,market_aware_v1,65.517,52.232,215.478,31.033,0.828,105.743,71.292,2.435
dd1d5bcc-10ef-4589-a3f6-cbd186b0b1d0,2026-04-25T16:56:36.168851-04:00,node-01,checkout-api,429,True,normal,market_aware_v1,62.822,55.217,229.017,29.836,1.011,110.381,51.185,2.802
8036349f-b817-405d-99c1-ed38d71f7673,2026-04-25T16:56:36.169342-04:00,node-01,payments-api,500,True,normal,market_aware_v1,60.942,61.252,231.94,25.112,1.044,118.367,42.217,2.874
91c834f9-37da-4196-a518-2ece12f8895f,2026-04-25T16:56:36.169813-04:00,node-01,orders-api,500,True,normal,market_aware_v1,68.327,53.2,212.66,30.614,0.963,109.205,73.604,2.683
b9f39ac0-630b-4ed6-b175-818b48c9f495,2026-04-25T16:56:36.170250-04:00,node-01,checkout-api,500,True,normal,market_aware_v1,67.027,55.865,238.62,30.191,1.161,118.221,48.358,3.033
3d53c0a7-4c57-4401-9f46-3675e531cf98,2026-04-25T16:56:36.170686-04:00,node-01,payments-api,429,True,normal,market_aware_v1,60.425,60.356,208.816,27.727,0.934,105.225,44.019,2.592
4d63be14-6cb7-4acb-bf04-a2dbd0acdb67,2026-04-25T16:56:36.171099-04:00,node-01,orders-api,429,True,normal,market_aware_v1,71.431,52.0,217.466,32.243,0.828,106.407,72.291,2.435
ceae936d-e213-41a9-a20c-66d6b40c28d1,2026-04-25T16:56:36.171534-04:00,node-01,checkout-api,503,True,normal,market_aware_v1,67.763,59.863,232.906,30.679,1.09,112.23,50.196,2.777
ca543759-e192-44ec-8c2e-f9f921b190ee,2026-04-25T16:56:36.172005-04:00,node-01,payments-api,429,True,anomalous,market_aware_v1,69.527,63.213,250.762,25.429,1.354,114.215,38.913,3.319
1bad6bec-260f-4c3f-9b3d-012dfc3ff689,2026-04-25T16:56:36.172508-04:00,node-01,orders-api,502,True,normal,market_aware_v1,69.907,57.516,212.318,31.046,0.885,108.174,77.183,2.4
9419861f-58f8-4ecf-96fe-bb0f94a17f03,2026-04-25T16:56:36.173021-04:00,node-01,checkout-api,502,True,normal,market_aware_v1,64.915,57.327,228.334,29.656,1.142,111.645,47.518,2.741
7a02a762-1a73-4d5f-8d6b-93b747d01e23,2026-04-25T16:56:36.173547-04:00,node-01,payments-api,500,True,anomalous,market_aware_v1,68.752,57.212,251.48,28.366,1.018,120.251,32.658,2.919
7110176e-c20f-4bc7-a634-625b8ff72d52,2026-04-25T16:56:36.173996-04:00,node-01,orders-api,500,True,normal,market_aware_v1,71.959,49.501,214.684,32.243,0.917,109.149,76.46,2.61
b47d6e12-bc1c-4712-a8ec-12dc21e14c8d,2026-04-25T16:56:36.174432-04:00,node-01,checkout-api,429,True,normal,market_aware_v1,65.412,55.065,228.762,30.67,1.103,109.098,55.981,2.721
707f367a-cd86-4277-91ce-abdcb002d9f2,2026-04-25T16:56:36.174975-04:00,node-01,payments-api,502,True,normal,market_aware_v1,63.239,58.663,229.283,27.846,1.047,114.294,35.919,2.723
98c027ee-a1ae-47a3-bb71-a9da91e46b9a,2026-04-25T16:56:36.175488-04:00,node-01,orders-api,502,True,anomalous,market_aware_v1,67.037,53.993,218.137,32.338,1.197,106.644,68.743,2.83
180b8184-8011-492a-bbbf-643270cc5a0a,2026-04-25T16:56:36.175998-04:00,node-01,checkout-api,502,True,anomalous,market_aware_v1,69.131,57.527,243.034,28.612,1.493,122.073,35.819,3.37
9bf795ca-3fd4-4b95-bf09-4c8533fc7d44,2026-04-25T16:56:36.176504-04:00,node-01,payments-api,429,True,normal,market_aware_v1,58.471,56.146,237.228,26.831,1.03,106.77,36.528,2.638
759fb146-af50-4b75-ba9e-281b12c6655b,2026-04-25T16:56:36.177026-04:00,node-01,orders-api,500,True,normal,market_aware_v1,64.258,52.419,211.458,30.663,0.845,106.795,69.751,2.51
e59ccb40-04c9-4705-98b1-777237f64409,2026-04-25T16:56:36.177542-04:00,node-01,checkout-api,502,True,normal,market_aware_v1,63.416,50.992,218.479,28.586,0.998,106.235,50.177,2.631
0c549a5b-912f-450c-9a91-d43ef7cd7dc8,2026-04-25T16:56:36.178038-04:00,node-01,payments-api,503,True,normal,market_aware_v1,58.423,57.834,238.101,26.245,1.028,110.663,42.896,2.718
f32be098-ccc9-4237-a67a-2efadb0a4bd8,2026-04-25T16:56:36.178579-04:00,node-01,orders-api,429,True,normal,market_aware_v1,68.355,50.991,236.402,33.654,1.07,113.878,65.315,2.951
7fbe1bb1-fe7c-4e62-976f-1e5b67760271,2026-04-25T16:56:36.179063-04:00,node-01,checkout-api,429,True,normal,market_aware_v1,62.02,55.802,218.757,30.001,1.053,109.885,44.135,2.72
701b13c3-8bf7-4b93-8ba4-c579e8f1d2ea,2026-04-25T16:56:36.179491-04:00,node-01,payments-api,429,True,normal,market_aware_v1,61.211,55.36,236.115,23.911,1.022,107.199,37.111,2.677
acbc464f-e8d0-4b04-bee4-30c32e1a533d,2026-04-25T16:56:36.179918-04:00,node-01,orders-api,503,True,normal,market_aware_v1,64.939,50.162,206.532,27.739,0.918,108.506,70.207,2.267
91d651df-f134-4e83-b849-db503eddeab8,2026-04-25T16:56:36.180390-04:00,node-01,checkout-api,502,True,normal,market_aware_v1,61.301,55.612,221.711,26.685,1.023,105.13,50.17,2.505
4c232f9d-4824-4c48-b054-ca92f636abd0,2026-04-25T16:56:36.180811-04:00,node-01,payments-api,500,True,normal,market_aware_v1,58.591,53.993,238.02,25.897,1.117,118.439,32.434,2.826
4752eeaa-9d15-45cc-b7ad-d7acf2e0871b,2026-04-25T16:56:36.181233-04:00,node-01,orders-api,429,True,normal,market_aware_v1,63.662,51.889,215.322,30.741,0.975,111.398,68.934,2.597
43b2e5ee-f5cf-4f85-8cd2-9631dc6bf737,2026-04-25T16:56:36.181664-04:00,node-01,checkout-api,503,True,anomalous,market_aware_v1,65.559,53.242,246.49,31.019,1.387,117.278,41.482,3.449
5f1bc6e0-203e-441e-9d15-7b9464469b23,2026-04-25T16:56:36.182118-04:00,node-01,payments-api,502,True,normal,market_aware_v1,60.576,57.141,224.956,26.568,0.9,108.314,38.742,2.653
3daef925-0d52-4819-b20a-d34b38b5ede3,2026-04-25T16:56:36.182586-04:00,node-01,orders-api,502,True,normal,market_aware_v1,64.171,52.113,199.588,31.074,0.905,99.395,74.614,2.273
088526ca-3c2e-4680-9d3e-fdb1d3d059f9,2026-04-25T16:56:36.183068-04:00,node-01,checkout-api,502,True,normal,market_aware_v1,63.469,55.692,237.734,28.885,1.085,111.19,51.798,2.918
f7901033-8f2c-4558-ab8c-460b13cb937f,2026-04-25T16:56:36.183530-04:00,node-01,payments-api,429,True,normal,market_aware_v1,61.525,58.831,231.302,24.93,1.128,115.525,43.307,2.757
b8d0e692-9c49-4de3-9185-fcf541aefab5,2026-04-25T16:56:36.184015-04:00,node-01,orders-api,502,True,normal,market_aware_v1,71.138,53.718,229.459,31.322,0.936,109.795,68.811,2.423
d9fcfca7-c5d9-4a10-b73e-0010fcc7d009,2026-04-25T16:56:36.184488-04:00,node-01,checkout-api,503,True,normal,market_aware_v1,66.517,55.046,231.026,25.989,1.159,111.662,49.132,2.854
fca05e50-45f0-40f9-b914-98d464d38e69,2026-04-25T16:56:36.184926-04:00,node-01,payments-api,429,True,normal,market_aware_v1,63.721,58.847,243.362,26.45,1.098,117.083,42.28,2.945
aca1c5c7-97f9-4a08-a436-e49bba7a979a,2026-04-25T16:56:36.185347-04:00,node-01,orders-api,503,True,normal,market_aware_v1,72.634,53.603,227.566,32.841,0.935,110.654,74.347,2.447
d7cf178f-c08c-4018-99b1-305bf2285f36,2026-04-25T16:56:36.185779-04:00,node-01,checkout-api,429,True,anomalous,market_aware_v1,73.651,60.222,239.496,31.586,1.249,120.169,45.819,3.144
7b3b0459-064e-4743-8a0a-322e8cd1ed6d,2026-04-25T16:56:36.186210-04:00,node-01,payments-api,503,True,normal,market_aware_v1,63.986,58.859,236.677,27.129,1.042,115.18,37.212,2.758
5a10821a-1983-4033-a620-08e3792609d6,2026-04-25T16:56:36.186636-04:00,node-01,orders-api,429,True,normal,market_aware_v1,72.542,54.282,221.543,32.522,0.87,112.084,76.539,2.573
a33de10e-29cd-457e-9b81-8ccd99bfc1c4,2026-04-25T16:56:36.187346-04:00,node-01,checkout-api,429,True,normal,market_aware_v1,69.359,58.476,226.426,30.486,1.155,108.871,57.248,2.859
011b5ad2-6330-4c69-827e-5a4c45699be5,2026-04-25T16:56:36.188912-04:00,node-01,payments-api,502,True,normal,market_aware_v1,66.512,61.567,259.347,29.521,1.176,119.268,43.327,3.043
e9ee879e-d129-44e4-917e-bf6f5648d047,2026-04-25T16:56:36.190667-04:00,node-01,orders-api,429,True,normal,market_aware_v1,73.467,56.147,223.881,32.914,0.977,113.438,78.33,2.689
a59a4250-c6ac-4af2-9272-a6f084849e92,2026-04-25T16:56:36.191202-04:00,node-01,checkout-api,503,True,normal,market_aware_v1,73.192,60.01,236.867,31.995,1.08,111.832,57.979,2.803
ae3aafd8-0c26-445d-b61b-3858c5cf972e,2026-04-25T16:56:36.191713-04:00,node-01,payments-api,503,True,normal,market_aware_v1,65.289,60.769,245.891,26.195,1.016,115.89,45.225,2.874
61acac92-b3b4-4f45-9941-e31f66ab7f62,2026-04-25T16:56:36.192228-04:00,node-01,orders-api,503,True,normal,market_aware_v1,73.301,53.557,228.709,32.034,0.931,118.992,72.694,2.756
c01bb89c-e3a9-473f-8d12-54f82f66d3dc,2026-04-25T16:56:36.192661-04:00,node-01,checkout-api,500,True,normal,market_aware_v1,70.71,58.39,224.935,30.556,1.018,105.425,61.065,2.641
6ea222b0-22d5-43df-a9b1-ce1d9f1a0747,2026-04-25T16:56:36.193113-04:00,node-01,payments-api,429,True,normal,market_aware_v1,63.449,58.651,249.724,26.202,1.069,118.37,45.709,2.816
99ec2df3-77ce-4051-b084-3130ef3e99f9,2026-04-25T16:56:36.193573-04:00,node-01,orders-api,503,True,normal,market_aware_v1,72.737,55.651,210.395,34.568,0.906,106.442,83.113,2.531
63641d18-0b25-47ac-a274-22e45fcf2992,2026-04-25T16:56:36.194045-04:00,node-01,checkout-api,500,True,normal,market_aware_v1,66.493,57.363,211.724,29.871,1.111,111.375,57.689,2.684
3e2a6221-d711-4c68-8f9b-5cf090a6cbf3,2026-04-25T16:56:36.194508-04:00,node-01,payments-api,429,True,normal,market_aware_v1,68.08,57.014,236.034,26.771,1.001,113.604,42.375,2.719
53ff9dcf-0a5c-47f1-bb58-7c515bbdac84,2026-04-25T16:56:36.194950-04:00,node-01,orders-api,502,True,normal,market_aware_v1,68.507,52.839,211.639,32.19,0.799,100.524,77.756,2.186
090867a2-9c87-452d-a837-9c90d0374b74,2026-04-25T16:56:36.196279-04:00,node-01,checkout-api,502,True,normal,market_aware_v1,64.71,54.71,235.94,27.554,1.101,113.448,48.595,2.951
5adc01e7-8d06-4cae-a051-682f780c5abd,2026-04-25T16:56:36.196728-04:00,node-01,payments-api,429,True,normal,market_aware_v1,61.874,58.618,236.859,24.567,1.242,116.053,37.749,3.054
aa135647-a299-4471-88de-8f924f4dcf1d,2026-04-25T16:56:36.197163-04:00,node-01,orders-api,502,True,normal,market_aware_v1,66.167,52.197,208.791,28.788,0.936,107.401,67.677,2.449
d1357796-23b3-47e5-8db9-48f12ac67422,2026-04-25T16:56:36.197601-04:00,node-01,checkout-api,429,True,normal,market_aware_v1,63.115,56.194,220.18,29.48,1.005,109.406,43.025,2.66
a77d96b8-050e-4f55-bfc0-78bd2e85b3f1,2026-04-25T16:56:36.198037-04:00,node-01,payments-api,429,True,normal,market_aware_v1,58.301,55.812,242.738,24.252,1.078,119.536,31.505,2.894
e5fba464-eb20-4e30-980e-76e0ad4a5fe2,2026-04-25T16:56:36.198485-04:00,node-01,orders-api,503,True,normal,market_aware_v1,64.999,48.721,212.712,29.221,0.974,107.95,70.458,2.599
a0b12f8c-22fd-4b5b-91ae-aaf03945e478,2026-04-25T16:56:36.198968-04:00,node-01,checkout-api,502,True,normal,market_aware_v1,62.725,50.364,224.611,26.742,1.112,112.53,39.604,2.866
1b080f36-2dbc-4198-969f-b5a4c0068068,2026-04-25T16:56:36.199422-04:00,node-01,payments-api,503,True,anomalous,market_aware_v1,57.925,53.215,249.307,23.224,1.119,120.023,30.39,2.952
380b2139-bbaa-47c2-8596-cd814ada4699,2026-04-25T16:56:36.199884-04:00,node-01,orders-api,503,True,normal,market_aware_v1,62.685,49.0,210.235,30.181,0.842,108.609,71.704,2.451
b23d7e12-bdcd-4d12-86aa-ff1383f0833b,2026-04-25T16:56:36.200333-04:00,node-01,checkout-api,429,True,normal,market_aware_v1,58.789,53.112,214.483,27.711,1.029,108.817,45.548,2.77
d228cd5a-2ab1-470d-a828-b31ea609d3a3,2026-04-25T16:56:36.200794-04:00,node-01,payments-api,500,True,normal,market_aware_v1,57.119,54.593,238.498,23.865,1.121,116.591,24.931,3.105
38ea886e-255c-4ded-acc7-0858d41c0e48,2026-04-25T16:56:36.201254-04:00,node-01,orders-api,502,True,normal,market_aware_v1,64.666,47.351,237.983,30.261,1.02,116.093,58.979,2.816
0dcdf429-19f1-4f7f-b02b-74b69bf68c18,2026-04-25T16:56:36.202909-04:00,node-01,checkout-api,429,True,normal,market_aware_v1,60.689,54.445,233.718,26.899,1.051,108.567,49.118,2.808
91f4eac4-07a4-4b3c-90c3-b9f2543d7d5f,2026-04-25T16:56:36.204804-04:00,node-01,payments-api,429,True,normal,market_aware_v1,57.092,51.913,223.782,23.674,0.992,108.407,29.179,2.645
7bfc4eb1-8766-4dd1-8e8c-bb921511dbc1,2026-04-25T16:56:36.206185-04:00,node-01,orders-api,500,True,normal,market_aware_v1,62.767,52.306,218.339,29.209,0.897,111.299,70.092,2.539
caaae1eb-55cb-436b-ac3b-e856e8905fde,2026-04-25T16:56:36.206711-04:00,node-01,checkout-api,429,True,normal,market_aware_v1,61.689,52.16,225.682,27.982,1.015,104.806,41.677,2.649
28ba9f56-7b46-4924-9955-eeb3a7dd8796,2026-04-25T16:56:36.207209-04:00,node-01,payments-api,500,True,normal,market_aware_v1,57.476,55.584,253.166,23.715,1.084,116.545,25.502,2.901
39a28c0a-cc77-48da-8ce0-663e3944fc95,2026-04-25T16:56:36.207684-04:00,node-01,orders-api,429,True,anomalous,market_aware_v1,64.402,50.36,219.679,32.786,1.291,119.951,58.553,3.227
c009fb5e-1647-4b28-8c8f-c1391f0a52bf,2026-04-25T16:56:36.208320-04:00,node-01,checkout-api,429,True,normal,market_aware_v1,62.339,51.234,246.641,28.479,1.061,114.863,45.453,2.814
3115c9d5-1b41-4d29-83d0-f0e8ff2ad301,2026-04-25T16:56:36.208861-04:00,node-01,payments-api,502,True,normal,market_aware_v1,56.02,55.801,235.77,24.832,0.969,108.118,34.884,2.517
ae7c8ec1-acab-4e87-acd4-0c88e0cd268a,2026-04-25T16:56:36.209369-04:00,node-01,orders-api,503,True,normal,market_aware_v1,66.08,50.182,208.966,31.523,0.905,110.605,68.739,2.543
95eff264-74a0-4b64-a9c1-a5b8ec6448c4,2026-04-25T16:56:36.209933-04:00,node-01,checkout-api,502,True,normal,market_aware_v1,59.307,48.267,209.915,30.581,0.993,107.374,51.62,2.619
9f0c2a12-3740-4f32-b3c8-da2fb3cc894c,2026-04-25T16:56:36.210418-04:00,node-01,payments-api,503,True,normal,market_aware_v1,62.449,54.374,228.131,25.352,0.978,104.376,44.344,2.55
efcb3d23-5b2f-4f39-bf91-8a2cb495c930,2026-04-25T16:56:36.210914-04:00,node-01,orders-api,502,True,normal,market_aware_v1,64.728,53.19,210.081,30.978,0.931,107.793,68.844,2.421
1cf3b179-b13a-4772-b669-a6fdf1c386f7,2026-04-25T16:56:36.211416-04:00,node-01,checkout-api,429,True,normal,market_aware_v1,67.612,53.141,230.291,28.463,1.049,108.509,52.725,2.756
c318622b-f351-4dac-8250-b008685d8560,2026-04-25T16:56:36.211927-04:00,node-01,payments-api,502,True,normal,market_aware_v1,58.844,58.013,240.968,27.096,1.026,117.384,37.501,2.903
3b7da103-87c7-4873-8101-e0ade8e74ac8,2026-04-25T16:56:36.212373-04:00,node-01,orders-api,503,True,normal,market_aware_v1,71.994,53.564,219.535,32.551,0.963,113.549,68.639,2.663
2f3754d4-7673-42ed-a3e4-d27a0cd4e241,2026-04-25T16:56:36.212813-04:00,node-01,checkout-api,500,True,anomalous,market_aware_v1,71.403,59.548,241.813,30.478,1.445,113.554,47.495,3.416
ea5d4937-f011-4834-add0-a6296ef3cd9a,2026-04-25T16:56:36.213264-04:00,node-01,payments-api,500,True,normal,market_aware_v1,66.219,57.537,238.234,28.955,1.043,111.111,41.085,2.8
d9197a22-4e00-4a1f-a290-0737752fd831,2026-04-25T16:56:36.213719-04:00,node-01,orders-api,503,True,normal,market_aware_v1,71.452,55.618,223.414,31.509,0.972,119.0,67.951,2.828
1b2a26dd-301f-46c1-b92a-ef90b32b9a83,2026-04-25T16:56:36.214150-04:00,node-01,checkout-api,500,True,normal,market_aware_v1,68.947,55.579,227.088,29.28,1.125,107.567,57.485,2.862
a10c1ec8-9c9a-464a-9054-84a8fc794059,2026-04-25T16:56:36.214621-04:00,node-01,payments-api,503,True,normal,market_aware_v1,65.561,61.285,249.141,28.484,1.042,106.645,44.431,2.702
18fe914a-7124-4a76-9ddf-4e5d01e6ffad,2026-04-25T16:56:36.215122-04:00,node-01,orders-api,429,True,normal,market_aware_v1,74.191,53.395,231.384,32.488,1.006,119.675,70.995,2.833
d03c90a8-545b-4157-be7c-a27cb184b7e9,2026-04-25T16:56:36.215572-04:00,node-01,checkout-api,502,True,anomalous,market_aware_v1,71.839,58.98,256.367,29.297,1.413,115.915,47.031,3.256
c8eab058-e918-403e-9be8-6e752dbbbc4e,2026-04-25T16:56:36.216070-04:00,node-01,payments-api,503,True,normal,market_aware_v1,63.145,58.922,253.358,24.986,0.998,117.157,35.195,2.902
61198d4c-7f2a-4242-ac10-79c903468e73,2026-04-25T16:56:36.216533-04:00,node-01,orders-api,429,True,normal,market_aware_v1,72.014,55.098,217.187,32.63,0.936,107.315,73.501,2.47
8194e970-215b-42d0-a72b-cf531b334afa,2026-04-25T16:56:36.216993-04:00,node-01,checkout-api,502,True,normal,market_aware_v1,66.769,57.063,239.364,29.184,1.122,110.851,50.974,2.843
7aa756b2-679c-4c83-a79b-a024731e2fff,2026-04-25T16:56:36.217416-04:00,node-01,payments-api,429,True,normal,market_aware_v1,60.463,54.769,238.134,26.328,1.059,110.187,38.325,2.673
5233fca8-28b4-4812-84e2-60be81cc63de,2026-04-25T16:56:36.217863-04:00,node-01,orders-api,502,True,normal,market_aware_v1,67.018,51.886,229.033,30.683,0.99,117.904,70.915,2.661
f8e545f0-ec56-4f80-92da-1915ecf78193,2026-04-25T16:56:36.218281-04:00,node-01,checkout-api,502,True,normal,market_aware_v1,64.95,57.293,225.846,29.143,0.981,104.697,52.406,2.598
1fca2493-2dc5-4ecb-80d9-6d19d19e41ff,2026-04-25T16:56:36.218752-04:00,node-01,payments-api,502,True,normal,market_aware_v1,64.618,57.775,242.459,23.992,1.044,116.982,34.875,2.945
a1c2cd1c-b548-44cf-b4b7-b915ce73dd6c,2026-04-25T16:56:36.219256-04:00,node-01,orders-api,500,True,anomalous,market_aware_v1,64.474,50.294,230.027,31.394,1.127,119.928,69.68,3.222
c01fd51b-f405-4e04-8964-54e8cf2ad1bd,2026-04-25T16:56:36.219737-04:00,node-01,checkout-api,429,True,normal,market_aware_v1,64.191,58.196,221.043,29.219,1.084,112.716,44.077,2.751
60063d55-9265-4163-a111-df76d81ea8c6,2026-04-25T16:56:36.220187-04:00,node-01,payments-api,500,True,normal,market_aware_v1,58.954,59.408,239.708,26.476,1.13,116.814,34.644,3.076
ce0e66d0-e15f-4de0-87f3-7c446f56404a,2026-04-25T16:56:36.220634-04:00,node-01,orders-api,500,True,normal,market_aware_v1,64.863,49.862,228.54,30.431,0.939,112.327,69.434,2.637
8e4440db-3688-407e-97b2-4efc4363e390,2026-04-25T16:56:36.221058-04:00,node-01,checkout-api,500,True,normal,market_aware_v1,64.53,55.641,229.837,29.343,1.016,104.639,52.229,2.516
d0b37c7b-20dd-4948-a66d-1a45f972f235,2026-04-25T16:56:36.221576-04:00,node-01,payments-api,503,True,normal,market_aware_v1,58.948,58.569,239.385,25.175,1.058,111.169,38.092,2.855
22ff1c5d-7dc8-4797-ae04-59a8318ca1c6,2026-04-25T16:56:36.222036-04:00,node-01,orders-api,502,True,normal,market_aware_v1,64.682,48.023,207.537,30.056,0.824,108.111,68.674,2.388
c0b9b92b-9c9c-4154-a6c2-b6d949e466ea,2026-04-25T16:56:36.222493-04:00,node-01,checkout-api,503,True,normal,market_aware_v1,63.933,53.039,241.261,27.12,1.037,113.467,45.741,2.764
c9636439-1923-44bd-98fd-e8a0ada16617,2026-04-25T16:56:36.222931-04:00,node-01,payments-api,429,True,normal,market_aware_v1,57.247,54.781,251.641,25.329,1.076,118.399,23.927,3.016
1dc541fc-0ec4-40a8-aa12-6a86a1fff6fe,2026-04-25T16:56:36.223419-04:00,node-01,orders-api,503,True,normal,market_aware_v1,62.376,49.062,217.216,30.16,0.864,108.017,65.256,2.43
a46a203e-017d-4812-8af7-992a5502074b,2026-04-25T16:56:36.223853-04:00,node-01,checkout-api,503,True,normal,market_aware_v1,62.533,52.783,232.218,28.774,1.09,111.6,40.836,2.854
e0376f59-55c4-43fd-b90f-16e88c99faef,2026-04-25T16:56:36.224267-04:00,node-01,payments-api,503,True,normal,market_aware_v1,60.341,57.223,244.131,23.369,1.031,115.986,29.155,2.93
7b706c5c-493c-4b1e-b52e-3286ccd6aed4,2026-04-25T16:56:36.224713-04:00,node-01,orders-api,500,True,normal,market_aware_v1,67.203,49.017,212.873,29.315,0.924,105.459,72.303,2.376
306d1407-89e7-42fd-aea6-5a17225bea85,2026-04-25T16:56:36.225143-04:00,node-01,checkout-api,502,True,normal,market_aware_v1,62.847,56.119,234.48,30.177,1.09,110.482,50.21,2.757
b608eb98-cf59-49d0-a568-c941dab59bd3,2026-04-25T16:56:36.225607-04:00,node-01,payments-api,500,True,anomalous,market_aware_v1,60.648,58.542,257.109,25.874,1.159,122.2,34.867,3.077
7f3ef174-1611-4cbf-83e9-5a60728e5b10,2026-04-25T16:56:36.226046-04:00,node-01,orders-api,500,True,normal,market_aware_v1,68.484,50.837,219.134,30.126,0.99,113.563,71.571,2.694
c15980d7-e59c-4e2c-af78-4b4d73b0a138,2026-04-25T16:56:36.226534-04:00,node-01,checkout-api,503,True,normal,market_aware_v1,62.979,58.708,228.84,30.628,1.09,108.471,51.858,2.861
c62f7095-60f3-40b9-91c0-00ec77cdf712,2026-04-25T16:56:36.227040-04:00,node-01,payments-api,500,True,normal,market_aware_v1,64.034,58.7,250.874,29.11,1.123,119.769,33.703,2.951
aa653a33-718c-429f-ac1b-e25cb24c08b6,2026-04-25T16:56:36.227540-04:00,node-01,orders-api,429,True,normal,market_aware_v1,71.421,53.513,220.031,31.853,0.812,108.498,74.615,2.417
ce57bf95-b3ce-4c15-93e7-fa5ab54c110a,2026-04-25T16:56:36.228008-04:00,node-01,checkout-api,429,True,anomalous,market_aware_v1,73.182,59.903,244.195,29.988,1.225,120.739,51.53,3.118
f64d8adb-8402-4b7c-ae60-a53cc84e5519,2026-04-25T16:56:36.228509-04:00,node-01,payments-api,500,True,anomalous,market_aware_v1,67.659,61.884,248.015,25.65,1.033,120.088,36.408,2.863
004c6e64-f3f1-4d3d-a48a-6488356704d6,2026-04-25T16:56:36.229427-04:00,node-01,orders-api,500,True,normal,market_aware_v1,71.982,53.963,224.576,34.236,1.053,111.252,88.23,2.95
909d54cd-e590-45fc-8b4f-d8e79b63d3f3,2026-04-25T16:56:36.230018-04:00,node-01,checkout-api,502,True,normal,market_aware_v1,72.179,61.377,231.063,31.867,0.992,108.963,58.838,2.54
18087400-82ca-4fd4-8a78-248cf13ad831,2026-04-25T16:56:36.230526-04:00,node-01,payments-api,429,True,normal,market_aware_v1,63.628,62.652,236.913,28.215,1.012,117.427,44.588,2.828
82664e20-b7fa-4109-9aa4-3927586acbd7,2026-04-25T16:56:36.231004-04:00,node-01,orders-api,429,True,normal,market_aware_v1,74.61,55.577,215.464,32.744,0.927,108.664,83.363,2.427
103aadd0-dfc0-4e64-af4c-f60190fab6dc,2026-04-25T16:56:36.231563-04:00,node-01,checkout-api,429,True,normal,market_aware_v1,71.927,62.698,233.107,32.165,1.146,113.831,58.899,2.948
5bc28ff2-4405-42f3-89db-7d7e4bde101d,2026-04-25T16:56:36.232052-04:00,node-01,payments-api,500,True,anomalous,market_aware_v1,67.073,58.09,275.696,28.165,1.161,127.956,36.469,3.368
455d235d-f5f3-4bf1-93c5-17ee0f8f87a6,2026-04-25T16:56:36.232546-04:00,node-01,orders-api,429,True,normal,market_aware_v1,72.003,56.538,208.619,33.826,0.847,108.382,80.626,2.482
e30a674a-a644-4328-b9ee-e009953e1140,2026-04-25T16:56:36.232935-04:00,node-01,checkout-api,502,True,normal,market_aware_v1,69.356,56.199,235.173,31.329,1.154,116.365,53.392,3.051
13b4f98c-fe26-4cad-a4b8-105dd5405177,2026-04-25T16:56:36.234615-04:00,node-01,payments-api,500,True,normal,market_aware_v1,64.047,64.017,245.034,30.188,1.12,115.245,44.602,2.83
451c4e77-7872-4e6d-b6de-9cfb71c58ef5,2026-04-25T16:56:36.235158-04:00,node-01,orders-api,503,True,normal,market_aware_v1,68.587,54.205,221.403,30.948,0.913,113.422,78.245,2.581
66b1d208-df41-4fb9-baa5-3cb31eb6c755,2026-04-25T16:56:36.235672-04:00,node-01,checkout-api,503,True,normal,market_aware_v1,63.44,57.303,216.318,29.744,1.031,111.526,50.657,2.872
d32eb82e-6ff6-4210-9bb3-06a8e2c63004,2026-04-25T16:56:36.236089-04:00,node-01,payments-api,503,True,normal,market_aware_v1,61.376,61.781,249.393,27.46,1.027,117.236,33.482,3.01
c0c65c47-6f10-457a-8638-df655a048b0b,2026-04-25T16:56:36.237017-04:00,node-01,orders-api,503,True,anomalous,market_aware_v1,69.54,50.107,223.745,30.192,0.989,121.198,71.068,2.902
c61c11a0-9319-4a7f-9efe-a910b73acb5b,2026-04-25T16:56:36.237557-04:00,node-01,checkout-api,500,True,normal,market_aware_v1,69.068,56.022,237.228,29.835,1.099,112.086,46.913,2.854
5fee6a55-cb4c-4dd9-83d1-5ac0a757da2d,2026-04-25T16:56:36.237994-04:00,node-01,payments-api,429,True,normal,market_aware_v1,60.942,55.769,230.741,27.194,1.074,112.669,41.895,2.841
1e9220c1-7c30-4f44-badb-35347fae902d,2026-04-25T16:56:36.238501-04:00,node-01,orders-api,500,True,normal,market_aware_v1,66.118,51.255,212.087,32.878,0.932,113.04,75.185,2.521
3468b067-7644-416c-a949-bc6eaa27dde9,2026-04-25T16:56:36.238907-04:00,node-01,checkout-api,429,True,anomalous,market_aware_v1,69.071,57.139,249.943,29.809,1.31,118.577,46.872,3.365
a618e05b-62c2-42e6-aafc-7194fdebd817,2026-04-25T16:56:36.239820-04:00,node-01,payments-api,500,True,normal,market_aware_v1,58.222,56.675,233.041,26.664,1.027,106.976,34.082,2.63
dbbaca41-9bed-4556-a5c5-2ac74743c8fd,2026-04-25T16:56:36.240416-04:00,node-01,orders-api,500,True,normal,market_aware_v1,68.456,53.903,216.619,29.499,1.011,107.825,67.73,2.601
6ff92d48-a117-440d-b81c-77cef9361abf,2026-04-25T16:56:36.240917-04:00,node-01,checkout-api,503,True,normal,market_aware_v1,61.814,52.823,241.905,26.143,1.015,107.949,44.829,2.591
c3a8aeef-ce5b-4c95-b52b-fc54a6a108a1,2026-04-25T16:56:36.241395-04:00,node-01,payments-api,500,True,normal,market_aware_v1,57.462,56.692,239.195,25.823,1.136,113.903,22.584,3.004
e3b0e522-019f-4989-8a2b-7701f8dcfa51,2026-04-25T16:56:36.241892-04:00,node-01,orders-api,500,True,normal,market_aware_v1,62.887,51.875,219.301,27.972,0.869,112.133,59.024,2.585
bd68b34f-f6bb-4f15-a621-42c255a759ea,2026-04-25T16:56:36.242419-04:00,node-01,checkout-api,429,True,normal,market_aware_v1,60.938,50.713,228.487,26.423,1.023,105.086,43.106,2.593
b5360a78-e995-457d-a19d-9fb3f0f6e882,2026-04-25T16:56:36.242984-04:00,node-01,payments-api,502,True,normal,market_aware_v1,58.973,56.009,249.773,24.221,1.085,117.178,20.069,2.992
56e77f03-c7c0-4b87-80cf-c9651fa89e03,2026-04-25T16:56:36.243552-04:00,node-01,orders-api,500,True,normal,market_aware_v1,58.88,50.223,212.321,28.345,0.922,106.183,69.724,2.469
7fee7f28-3f8b-41e6-b85d-cdf7ae365363,2026-04-25T16:56:36.244091-04:00,node-01,checkout-api,429,True,normal,market_aware_v1,63.118,50.034,237.388,27.888,1.182,113.589,40.13,2.98
0075a795-6b8c-4c46-9de2-ca0a768481b6,2026-04-25T16:56:36.244603-04:00,node-01,payments-api,500,True,normal,market_aware_v1,53.439,53.273,232.99,23.929,0.992,107.826,33.198,2.533
d67c534c-7166-432b-8db9-0e580c97e5bd,2026-04-25T16:56:36.245035-04:00,node-01,orders-api,503,True,anomalous,market_aware_v1,63.239,51.874,221.009,30.454,1.297,112.926,55.283,3.07
17a5f6f9-b42d-4bc7-a189-d546a85dc9a0,2026-04-25T16:56:36.245555-04:00,node-01,checkout-api,503,True,anomalous,market_aware_v1,68.182,51.064,238.581,26.715,1.474,120.019,38.469,3.402
a57dd403-3b88-40bf-bbbb-91c26c085154,2026-04-25T16:56:36.246112-04:00,node-01,payments-api,500,True,normal,market_aware_v1,61.063,52.998,228.503,25.218,1.025,108.382,28.931,2.716
df85dc7a-43cb-4ee9-9a9c-ae7692852ab8,2026-04-25T16:56:36.246662-04:00,node-01,orders-api,500,True,normal,market_aware_v1,62.123,49.963,216.559,30.686,0.94,116.578,66.852,2.69
fc3c6abe-6b58-4d95-b8b0-9dc0e6aa8d43,2026-04-25T16:56:36.247227-04:00,node-01,checkout-api,500,True,normal,market_aware_v1,62.488,51.717,241.384,30.553,1.197,118.442,44.864,3.016
a6ea492e-022e-4bbd-8d2c-766e3ca40a01,2026-04-25T16:56:36.247775-04:00,node-01,payments-api,503,True,normal,market_aware_v1,57.254,53.211,234.217,26.204,1.02,114.62,24.421,2.865
c08b20d8-6b95-456e-a356-00625be3fcfc,2026-04-25T16:56:36.248344-04:00,node-01,orders-api,500,True,normal,market_aware_v1,62.744,48.287,229.335,31.452,0.999,111.571,68.544,2.637
95d7c345-e1df-4c77-bac3-de40513f76c6,2026-04-25T16:56:36.248914-04:00,node-01,checkout-api,502,True,normal,market_aware_v1,66.824,56.223,222.841,29.257,1.093,108.462,48.698,2.745
e3c771b7-6b30-45c8-b867-ede7a229aa94,2026-04-25T16:56:36.249422-04:00,node-01,payments-api,503,True,normal,market_aware_v1,59.604,57.723,247.69,26.384,1.061,116.685,33.192,2.925
0a415663-3cdf-4bf4-97b3-4ea487c5fe09,2026-04-25T16:56:36.250605-04:00,node-01,orders-api,502,True,anomalous,market_aware_v1,68.252,51.855,244.4,32.675,1.358,121.273,58.215,3.255
1ad33e53-9641-4f2d-8862-979e0616194f,2026-04-25T16:56:36.252012-04:00,node-01,checkout-api,500,True,normal,market_aware_v1,65.576,58.172,238.665,30.087,1.144,116.844,48.14,3.012
e4f497a4-cebd-4233-b67c-21575bfbe95a,2026-04-25T16:56:36.252531-04:00,node-01,payments-api,429,True,anomalous,market_aware_v1,64.811,57.639,259.145,25.843,1.075,122.198,29.887,3.002
ffa330f9-331d-4569-9a4f-dfef9b9b1b2a,2026-04-25T16:56:36.253006-04:00,node-01,orders-api,502,True,normal,market_aware_v1,73.648,53.847,225.996,29.823,1.106,113.729,66.269,2.76
ad2cb1ab-a0d3-4aec-992a-3cef93499dba,2026-04-25T16:56:36.253534-04:00,node-01,checkout-api,500,True,normal,market_aware_v1,68.323,54.746,238.672,31.393,1.119,110.319,58.103,2.838
21295064-8f1a-4738-882b-bfc88caaa4d6,2026-04-25T16:56:36.254078-04:00,node-01,payments-api,502,True,normal,market_aware_v1,57.812,60.932,236.702,28.46,1.015,115.674,42.125,2.855
61eda566-ed74-48f3-9629-9150a2a1c857,2026-04-25T16:56:36.254603-04:00,node-01,orders-api,502,True,normal,market_aware_v1,73.464,52.766,229.199,30.705,0.951,115.947,80.065,2.628
5b1080d7-c24a-44e9-b358-b79b2e6984eb,2026-04-25T16:56:36.255090-04:00,node-01,checkout-api,500,True,normal,market_aware_v1,69.668,55.694,244.141,30.591,1.227,114.446,57.267,2.978
6b490965-7d11-4354-bff2-69b1d87f098a,2026-04-25T16:56:36.255574-04:00,node-01,payments-api,500,True,normal,market_aware_v1,69.377,59.273,248.527,27.333,1.115,119.432,40.012,3.01
caa06fa9-6261-4bf2-a3fe-a9324e993703,2026-04-25T16:56:36.256127-04:00,node-01,orders-api,500,True,anomalous,market_aware_v1,76.313,58.117,265.959,33.306,1.5,126.714,67.102,3.694
7f22053f-f76e-4af5-9825-3d7640451067,2026-04-25T16:56:36.256589-04:00,node-01,checkout-api,500,True,normal,market_aware_v1,70.78,57.128,237.982,30.871,1.151,118.791,53.787,3.049
2f2a7948-7123-4e32-a9fa-ee5f0a895f47,2026-04-25T16:56:36.257101-04:00,node-01,payments-api,503,True,normal,market_aware_v1,63.842,60.579,255.083,25.914,1.143,116.999,38.022,2.958
aacc680e-c790-41c9-b211-79f73b49d6f4,2026-04-25T16:56:36.257659-04:00,node-01,orders-api,429,True,normal,market_aware_v1,70.261,52.892,233.694,34.08,0.977,113.218,72.383,2.717
24df795c-be5b-4257-acd4-b8f682fb58eb,2026-04-25T16:56:36.258174-04:00,node-01,checkout-api,429,True,anomalous,market_aware_v1,72.603,59.288,248.317,31.854,1.415,119.716,51.038,3.439
ee6f53cc-84c5-421b-b537-69e80fb3d4f2,2026-04-25T16:56:36.258737-04:00,node-01,payments-api,429,True,anomalous,market_aware_v1,63.502,56.238,260.296,25.602,1.032,121.257,38.575,2.991
2c30edb7-66ec-4d13-aabb-a1ecd907e16c,2026-04-25T16:56:36.259257-04:00,node-01,orders-api,500,True,normal,market_aware_v1,69.378,54.395,229.224,30.328,0.914,114.574,67.045,2.548
d9a86ad0-3e72-4d43-b781-6e5a12b36ec9,2026-04-25T16:56:36.260734-04:00,node-01,checkout-api,429,True,anomalous,market_aware_v1,69.286,55.456,270.034,28.416,1.58,132.723,37.902,3.888
22d5a567-1350-4926-ade8-f48305aeae1b,2026-04-25T16:56:36.261526-04:00,node-01,payments-api,429,True,anomalous,market_aware_v1,65.895,57.178,257.177,27.448,1.425,124.749,27.601,3.509
684caea4-e3bc-42cc-94d9-9d266f75d6ab,2026-04-25T16:56:36.262068-04:00,node-01,orders-api,429,True,normal,market_aware_v1,68.922,52.791,215.537,33.193,1.016,112.894,73.164,2.633
80f4f8c4-ec98-4732-b9e3-6a3326b727ff,2026-04-25T16:56:36.262583-04:00,node-01,checkout-api,500,True,normal,market_aware_v1,64.773,53.757,223.889,29.039,1.142,110.479,45.811,2.782
fd3ae686-1285-4619-9e7b-413b9a77ae8f,2026-04-25T16:56:36.263132-04:00,node-01,payments-api,502,True,normal,market_aware_v1,62.581,58.763,248.729,25.915,0.999,115.664,29.348,2.973
1b27d413-d7fa-4e66-95f2-2b739b3d1f3d,2026-04-25T16:56:36.263627-04:00,node-01,orders-api,429,True,normal,market_aware_v1,65.783,50.393,230.319,32.435,0.865,109.121,70.678,2.421
20374628-6472-4e72-80ce-1b9ff6e0824a,2026-04-25T16:56:36.264123-04:00,node-01,checkout-api,500,True,normal,market_aware_v1,64.771,56.97,233.519,29.131,1.186,110.31,40.171,2.903
8e197567-2f46-48f7-8283-4f937af7955e,2026-04-25T16:56:36.264631-04:00,node-01,payments-api,429,True,anomalous,market_aware_v1,60.61,57.653,253.676,27.201,1.374,124.83,24.576,3.587
a8e74319-741a-45f0-a4f0-0351c0f27e79,2026-04-25T16:56:36.265136-04:00,node-01,orders-api,500,True,normal,market_aware_v1,63.061,51.037,216.431,29.527,0.991,109.741,72.975,2.594
85de7d25-2a37-49d2-a66b-92a8e68f2dfd,2026-04-25T16:56:36.265832-04:00,node-01,checkout-api,503,True,normal,market_aware_v1,60.536,52.071,231.14,28.985,1.139,116.17,37.405,2.912
ee97d201-cace-47cd-9c2a-77809e38b119,2026-04-25T16:56:36.266283-04:00,node-01,payments-api,503,True,anomalous,market_aware_v1,61.475,59.836,262.176,22.805,1.172,122.867,27.404,3.047
6463c909-9599-4d01-b8bc-a35072b1abb8,2026-04-25T16:56:36.266765-04:00,node-01,orders-api,429,True,normal,market_aware_v1,63.123,49.232,221.655,32.204,0.976,111.84,68.005,2.714
997ee23f-612b-4716-9da0-7c61fa401947,2026-04-25T16:56:36.267742-04:00,node-01,checkout-api,429,True,normal,market_aware_v1,63.498,55.197,232.768,29.471,1.063,110.234,46.002,2.68
48d67c60-0735-4dfa-b98c-232dc7538743,2026-04-25T16:56:36.268178-04:00,node-01,payments-api,503,True,normal,market_aware_v1,61.957,53.779,236.658,25.712,1.005,109.872,30.021,2.716
13bf97d6-d96a-47ad-ab8a-fc87b193502d,2026-04-25T16:56:36.268647-04:00,node-01,orders-api,503,True,normal,market_aware_v1,68.061,53.711,218.755,30.997,0.948,112.197,70.075,2.49
97a92076-4de1-4c1b-bff1-a22c42a06b82,2026-04-25T16:56:36.269130-04:00,node-01,checkout-api,502,True,normal,market_aware_v1,62.839,55.683,226.831,27.025,1.147,107.832,49.955,2.809
f67c2956-0340-48a8-a851-014d33d68536,2026-04-25T16:56:36.269617-04:00,node-01,payments-api,500,True,normal,market_aware_v1,66.826,56.998,231.634,25.82,1.034,112.824,38.558,2.879
54fc43b0-e0a1-43cc-965f-6332e0bf1c23,2026-04-25T16:56:36.270121-04:00,node-01,orders-api,502,True,normal,market_aware_v1,71.19,53.649,224.602,32.037,0.94,112.122,72.024,2.639
36964988-76e6-4868-9a76-b2fda3f957e5,2026-04-25T16:56:36.270578-04:00,node-01,checkout-api,429,True,anomalous,market_aware_v1,69.247,57.467,245.371,28.063,1.141,120.127,50.212,2.995
6fe667f6-a0a0-438b-bfe2-381d1b3cd7b5,2026-04-25T16:56:36.271026-04:00,node-01,payments-api,502,True,normal,market_aware_v1,64.027,56.494,236.08,25.985,0.998,109.02,41.813,2.745
abc822d9-a69e-4097-b438-4addcb97cb8d,2026-04-25T16:56:36.271415-04:00,node-01,orders-api,429,True,normal,market_aware_v1,68.998,53.246,219.521,34.657,0.882,110.875,78.693,2.588
0d6e96bf-13fa-43aa-ae81-8f7bd0672a0b,2026-04-25T16:56:36.271879-04:00,node-01,checkout-api,503,True,normal,market_aware_v1,65.989,59.388,230.333,30.551,1.127,115.21,45.128,2.839
a86f41a3-004d-4409-a534-85163e090b3e,2026-04-25T16:56:36.272373-04:00,node-01,payments-api,500,True,anomalous,market_aware_v1,66.236,60.853,257.727,27.509,1.245,120.574,42.525,3.158
aedf2c2c-721c-45d0-9ebf-4b92cd4ffa0e,2026-04-25T16:56:36.273001-04:00,node-01,orders-api,500,True,anomalous,market_aware_v1,77.774,53.781,249.945,34.614,1.188,127.161,73.14,3.387
f3576d56-cb8c-499c-bddd-dcb5fa739068,2026-04-25T16:56:36.273408-04:00,node-01,checkout-api,500,True,normal,market_aware_v1,70.601,57.307,248.486,31.107,1.188,117.235,53.829,3.138
3885aee9-1470-4b24-b5c8-88319def9def,2026-04-25T16:56:36.273826-04:00,node-01,payments-api,502,True,anomalous,market_aware_v1,66.945,58.312,265.85,27.165,1.132,122.924,41.432,3.071
15e50d94-6dec-45f8-aea1-a88a5a844e14,2026-04-25T16:56:36.274287-04:00,node-01,orders-api,429,True,normal,market_aware_v1,77.393,55.344,231.251,33.084,0.983,115.677,73.037,2.769
68447f35-8fa2-406e-b57d-18f8b27f49df,2026-04-25T16:56:36.274759-04:00,node-01,checkout-api,503,True,normal,market_aware_v1,70.955,60.111,238.844,29.893,1.119,114.091,58.157,2.826
bdc3d23a-f986-47a8-b399-c2d8318f5ade,2026-04-25T16:56:36.275192-04:00,node-01,payments-api,429,True,anomalous,market_aware_v1,67.171,63.04,256.348,30.714,1.432,121.851,40.671,3.47
a801edca-3daa-4b67-a1ad-1ea96c6cfd18,2026-04-25T16:56:36.275586-04:00,node-01,orders-api,500,True,normal,market_aware_v1,74.943,59.583,224.25,30.902,0.928,115.751,73.022,2.528
3a6beb10-c1b9-4de8-b86e-198f43c33a51,2026-04-25T16:56:36.276004-04:00,node-01,checkout-api,503,True,normal,market_aware_v1,70.597,59.576,219.978,32.367,1.023,105.596,57.518,2.677
ee819740-84af-471d-bf98-6b39be62e848,2026-04-25T16:56:36.276399-04:00,node-01,payments-api,502,True,normal,market_aware_v1,68.239,60.456,243.582,29.205,1.091,117.188,44.843,2.926
d146622a-c0ea-4064-a6a1-4859bc5f7c70,2026-04-25T16:56:36.276776-04:00,node-01,orders-api,502,True,normal,market_aware_v1,72.049,57.345,222.114,34.454,0.918,113.179,78.681,2.423
0eed5641-fe34-483c-a9cf-9f81329dd617,2026-04-25T16:56:36.277169-04:00,node-01,checkout-api,500,True,normal,market_aware_v1,67.485,58.071,236.633,31.536,1.21,113.354,51.638,3.041
51679bc7-9996-455c-9492-ebc056fa43e5,2026-04-25T16:56:36.277554-04:00,node-01,payments-api,503,True,normal,market_aware_v1,67.308,63.187,241.591,27.034,1.05,117.902,35.027,2.892
50e5945a-9bf7-4ccc-851d-0bf3fc93db78,2026-04-25T16:56:36.278671-04:00,node-01,orders-api,502,True,normal,market_aware_v1,70.65,52.996,229.16,33.091,0.849,110.324,75.086,2.459
8f11cccc-516e-47d5-8e57-d29dece8a090,2026-04-25T16:56:36.279098-04:00,node-01,checkout-api,500,True,anomalous,market_aware_v1,67.754,59.429,246.324,29.426,1.247,123.601,49.508,3.316
3900416f-5f9d-48d0-ab30-63434d9bd287,2026-04-25T16:56:36.279534-04:00,node-01,payments-api,502,True,anomalous,market_aware_v1,64.875,60.605,247.411,27.919,1.354,119.672,34.347,3.405
b3d448ed-ef52-4468-9669-972161f5cb63,2026-04-25T16:56:36.280040-04:00,node-01,orders-api,429,True,normal,market_aware_v1,66.194,52.024,217.139,31.431,0.819,108.69,78.762,2.509
a6a89c72-ba09-4041-9b7c-dd5d31930098,2026-04-25T16:56:36.280470-04:00,node-01,checkout-api,500,True,anomalous,market_aware_v1,64.341,50.733,247.173,27.229,1.187,120.56,43.227,3.172
14535b20-7340-426a-b425-2c9bdb92efd3,2026-04-25T16:56:36.280861-04:00,node-01,payments-api,503,True,normal,market_aware_v1,58.686,58.833,243.557,24.368,1.121,119.106,35.942,2.985
948b669a-e860-4c74-bedd-aa3dfeea969a,2026-04-25T16:56:36.281304-04:00,node-01,orders-api,500,True,normal,market_aware_v1,62.644,49.111,228.862,28.379,0.977,115.073,69.239,2.657
70072d46-63f2-4361-9612-b318180425ad,2026-04-25T16:56:36.281718-04:00,node-01,checkout-api,503,True,normal,market_aware_v1,60.404,52.664,237.901,28.034,1.089,116.187,41.22,2.79
e55c93dd-0c0e-4607-b0a9-e3d9a4e7ab0a,2026-04-25T16:56:36.282102-04:00,node-01,payments-api,500,True,normal,market_aware_v1,55.806,56.492,234.025,25.616,1.041,111.921,33.381,2.753
86914e81-5e71-4300-945b-919a93817ab1,2026-04-25T16:56:36.282507-04:00,node-01,orders-api,429,True,anomalous,market_aware_v1,67.862,53.722,234.629,32.292,1.411,118.745,62.771,3.332
f2007b86-cc30-43fa-a5b1-6a12671d426b,2026-04-25T16:56:36.282906-04:00,node-01,checkout-api,429,True,normal,market_aware_v1,62.814,48.599,235.481,29.12,1.014,112.391,40.571,2.791
037fd031-2953-4301-be49-cfb0705b2c92,2026-04-25T16:56:36.283347-04:00,node-01,payments-api,500,True,anomalous,market_aware_v1,58.06,53.11,248.238,25.336,1.019,120.555,27.794,2.897
5bdc0ecf-58d7-4a56-a641-f504a70aee59,2026-04-25T16:56:36.283738-04:00,node-01,orders-api,502,True,anomalous,market_aware_v1,65.192,49.453,234.398,30.342,1.303,118.272,58.716,3.192
bffe6b6c-84c5-4197-976d-524ada8c4d28,2026-04-25T16:56:36.284909-04:00,node-01,checkout-api,502,True,normal,market_aware_v1,56.962,51.516,231.302,25.901,1.178,108.359,42.457,2.828
e6f0c85f-da49-4c74-b2e7-f22637b606a3,2026-04-25T16:56:36.285314-04:00,node-01,payments-api,429,True,anomalous,market_aware_v1,60.462,55.82,260.542,24.353,1.437,121.445,21.326,3.406
22cdedc8-75c1-4608-9c6a-1546dff30ef9,2026-04-25T16:56:36.285714-04:00,node-01,orders-api,503,True,normal,market_aware_v1,63.453,49.992,217.911,30.621,0.901,112.947,58.376,2.592
3ac4ee25-890b-45a3-86d9-4cd41ca8bc64,2026-04-25T16:56:36.286101-04:00,node-01,checkout-api,429,True,normal,market_aware_v1,63.914,48.476,234.164,25.584,1.118,113.438,45.53,2.929
08078ef9-5adf-4a15-a9b4-e3607607e626,2026-04-25T16:56:36.286573-04:00,node-01,payments-api,502,True,normal,market_aware_v1,58.371,55.83,244.541,21.043,1.028,115.917,33.279,2.978
1b8cef45-c3b1-4dd1-906c-7471a826bf9d,2026-04-25T16:56:36.286941-04:00,node-01,orders-api,503,True,normal,market_aware_v1,64.703,54.346,215.252,28.086,0.89,112.672,63.768,2.451
9c39eca0-ada1-4432-a8d5-e3f290048589,2026-04-25T16:56:36.287334-04:00,node-01,checkout-api,429,True,normal,market_aware_v1,63.493,54.083,227.148,25.689,1.099,111.436,44.051,2.764
8fa027df-6c83-458e-b04c-b55836aef982,2026-04-25T16:56:36.287731-04:00,node-01,payments-api,503,True,normal,market_aware_v1,56.944,57.227,236.272,24.53,1.079,117.115,35.942,2.984
e3dda941-e8b0-4abc-9dd1-249ac0ebafe6,2026-04-25T16:56:36.288134-04:00,node-01,orders-api,429,True,normal,market_aware_v1,69.232,53.778,227.292,28.544,0.963,113.11,67.777,2.626
fc3f2118-694f-4f99-a5dc-f231cf661e4b,2026-04-25T16:56:36.288523-04:00,node-01,checkout-api,503,True,normal,market_aware_v1,63.354,53.879,242.284,28.899,1.087,114.897,52.073,2.908
b9d4b9da-cc3c-41fa-b4cc-a386249c4921,2026-04-25T16:56:36.288900-04:00,node-01,payments-api,500,True,normal,market_aware_v1,61.728,56.041,248.072,26.075,1.052,117.537,30.176,2.992
1c981fb1-de1b-4f0a-872b-43460a402b3d,2026-04-25T16:56:36.289272-04:00,node-01,orders-api,500,True,normal,market_aware_v1,71.805,56.771,231.199,31.565,0.879,117.721,65.78,2.736
0fac8f53-fedb-4ca9-ae79-8d19879ab0a2,2026-04-25T16:56:36.289711-04:00,node-01,checkout-api,502,True,anomalous,market_aware_v1,70.452,58.566,263.347,30.591,1.465,122.307,46.111,3.536
256d8d28-8aee-4b74-b610-db1b413249ce,2026-04-25T16:56:36.290127-04:00,node-01,payments-api,429,True,normal,market_aware_v1,60.954,59.98,250.162,27.014,1.207,119.243,29.971,2.999
a170944e-5585-4f32-88db-c7300646d151,2026-04-25T16:56:36.290535-04:00,node-01,orders-api,503,True,normal,market_aware_v1,69.003,54.538,222.704,32.203,1.033,113.602,70.525,2.796
c54dc907-2d83-4367-82d4-692f71e6ca5a,2026-04-25T16:56:36.290916-04:00,node-01,checkout-api,429,True,anomalous,market_aware_v1,68.025,55.219,240.873,30.597,1.24,120.218,47.416,3.284
a6e867ff-a7b4-4d4d-8a8a-d37f03dfacd6,2026-04-25T16:56:36.291297-04:00,node-01,payments-api,429,True,anomalous,market_aware_v1,71.561,58.294,255.458,27.291,1.361,120.341,38.083,3.334
bbcd07d1-306a-446b-8505-67bab8c664d5,2026-04-25T16:56:36.291704-04:00,node-01,orders-api,500,True,normal,market_aware_v1,72.974,51.817,223.92,31.814,0.934,107.149,76.976,2.653
87997834-6271-488d-a941-3d8cb09a5d8d,2026-04-25T16:56:36.292096-04:00,node-01,checkout-api,429,True,normal,market_aware_v1,74.271,55.833,244.867,29.619,1.174,117.865,45.252,3.004
639f9c4c-8dec-45b2-80da-381106b265e9,2026-04-25T16:56:36.292476-04:00,node-01,payments-api,503,True,normal,market_aware_v1,68.266,60.9,231.916,27.387,0.968,114.867,39.136,2.862
b8d18625-2853-4b43-a285-2b5b7e6ea5cd,2026-04-25T16:56:36.292868-04:00,node-01,orders-api,503,True,normal,market_aware_v1,71.003,54.43,231.237,31.192,1.048,119.111,73.466,2.95
6dba042b-832b-4108-940a-298f73894d5e,2026-04-25T16:56:36.293299-04:00,node-01,checkout-api,429,True,normal,market_aware_v1,66.009,55.044,245.392,31.09,1.259,117.237,51.086,3.11
3b58658d-a342-443e-81b6-82c5093a0799,2026-04-25T16:56:36.293697-04:00,node-01,payments-api,429,True,normal,market_aware_v1,65.727,56.887,247.854,25.92,1.088,111.462,39.869,2.813
ba655972-c2e9-497e-ac69-671004e62ec7,2026-04-25T16:56:36.294215-04:00,node-01,orders-api,500,True,normal,market_aware_v1,71.967,52.183,214.714,32.891,1.023,112.224,77.847,2.641
366c9ad4-4b33-4374-8967-4a907a2a4248,2026-04-25T16:56:36.295521-04:00,node-01,checkout-api,502,True,anomalous,market_aware_v1,69.442,56.205,247.162,29.49,1.229,117.84,48.282,3.209
10aac266-c58f-45d0-9244-2c1eae475b28,2026-04-25T16:56:36.295943-04:00,node-01,payments-api,500,True,normal,market_aware_v1,63.042,56.241,238.746,25.37,1.086,115.4,37.595,2.816
ef941837-6e60-4665-9dc9-166334c30627,2026-04-25T16:56:36.296372-04:00,node-01,orders-api,502,True,anomalous,market_aware_v1,68.655,53.213,220.967,31.161,0.932,120.934,67.501,2.809
e46372e2-66a0-4d9b-afca-708763e539d0,2026-04-25T16:56:36.296803-04:00,node-01,checkout-api,502,True,normal,market_aware_v1,67.876,54.775,239.623,30.271,1.118,114.773,43.586,2.935
9f203751-ea40-4f22-9c96-2a8d5fb3c83c,2026-04-25T16:56:36.297238-04:00,node-01,payments-api,500,True,normal,market_aware_v1,59.766,54.745,245.407,26.548,1.081,118.271,36.002,3.049
1ce0a259-b3b0-4f3f-9e14-5d32ef91b9d2,2026-04-25T16:56:36.297689-04:00,node-01,orders-api,500,True,normal,market_aware_v1,67.833,52.66,231.407,31.773,0.975,117.362,65.279,2.734
d6cfd9f1-f85e-459d-9dea-fe558c74d0fe,2026-04-25T16:56:36.298184-04:00,node-01,checkout-api,503,True,normal,market_aware_v1,69.253,55.187,236.808,27.875,1.13,117.198,44.503,3.025
a625c726-a02a-429a-a2c1-49e0f6d98f0f,2026-04-25T16:56:36.299426-04:00,node-01,payments-api,502,True,anomalous,market_aware_v1,59.981,56.643,256.439,25.154,1.122,127.009,27.173,3.302
29e9e485-6145-440a-a896-141556125d29,2026-04-25T16:56:36.300402-04:00,node-01,orders-api,500,True,normal,market_aware_v1,68.653,50.412,217.756,29.237,0.939,111.516,71.053,2.58
904e5529-4dbe-4303-96c3-290f7e369625,2026-04-25T16:56:36.300871-04:00,node-01,checkout-api,500,True,anomalous,market_aware_v1,67.706,60.071,277.236,31.787,1.733,134.781,41.03,4.134
63635804-736b-4e54-90fa-6868f88506c4,2026-04-25T16:56:36.301319-04:00,node-01,payments-api,500,True,normal,market_aware_v1,61.288,55.937,246.244,23.339,1.217,117.699,27.963,3.11
8fabf8a1-61c7-486f-9ea5-11734b8bb521,2026-04-25T16:56:36.301793-04:00,node-01,orders-api,500,True,normal,market_aware_v1,66.801,53.544,220.103,30.145,0.932,110.281,69.456,2.605
dd0a93df-f44d-47d1-8d6d-660e36afe958,2026-04-25T16:56:36.302283-04:00,node-01,checkout-api,429,True,normal,market_aware_v1,63.669,54.119,246.334,29.721,1.164,116.777,38.654,3.043
0a36aa67-0b0f-4c58-90cd-83402e57a67c,2026-04-25T16:56:36.302734-04:00,node-01,payments-api,429,True,normal,market_aware_v1,62.901,55.739,253.87,25.854,1.063,118.873,30.842,2.956
cea21bde-2541-420a-a1e0-4b67262b6c60,2026-04-25T16:56:36.303176-04:00,node-01,orders-api,500,True,normal,market_aware_v1,65.083,52.962,236.317,29.189,0.963,112.748,65.355,2.621
3305a54c-d697-4e42-80f6-17c829a6029e,2026-04-25T16:56:36.303647-04:00,node-01,checkout-api,429,True,normal,market_aware_v1,70.037,53.133,234.793,28.756,1.128,114.116,43.085,2.879
71b63257-18cf-4218-9e87-7a70104430fd,2026-04-25T16:56:36.304122-04:00,node-01,payments-api,429,True,normal,market_aware_v1,58.425,56.798,239.106,26.944,1.003,109.575,36.658,2.615
8fa1a4e5-1e06-4cf4-9f9a-4e51061ae727,2026-04-25T16:56:36.304616-04:00,node-01,orders-api,502,True,normal,market_aware_v1,66.322,49.045,226.397,32.877,0.991,116.895,69.621,2.879
7779b56f-3338-4d2d-855e-8b635dc4044e,2026-04-25T16:56:36.305060-04:00,node-01,checkout-api,503,True,anomalous,market_aware_v1,63.293,52.036,246.246,29.005,1.142,120.752,44.191,3.053
8ea0c6e0-4811-4665-941c-958d877e8217,2026-04-25T16:56:36.305536-04:00,node-01,payments-api,502,True,anomalous,market_aware_v1,65.644,58.095,262.22,25.576,1.156,120.532,33.298,3.145
78854046-4af0-4d11-a68b-6a5fef701dc7,2026-04-25T16:56:36.306002-04:00,node-01,orders-api,502,True,normal,market_aware_v1,66.197,53.926,226.494,30.172,0.963,116.204,72.113,2.642
73e51ea5-ce2e-4eba-bad4-f66849fe6a0b,2026-04-25T16:56:36.306404-04:00,node-01,checkout-api,500,True,anomalous,market_aware_v1,66.515,57.345,254.745,28.888,1.192,122.614,40.695,3.133
528c91dc-5c04-4c9e-9f5e-c4d51d7dbf5f,2026-04-25T16:56:36.306893-04:00,node-01,payments-api,429,True,normal,market_aware_v1,64.117,59.446,240.003,27.852,0.955,113.228,45.747,2.852
49b21685-b555-4c13-a239-123ac70bf776,2026-04-25T16:56:36.307352-04:00,node-01,orders-api,502,True,anomalous,market_aware_v1,75.017,57.968,252.29,31.198,1.393,125.893,60.302,3.45
8dbd586b-21ef-4f74-9adb-f4ad83443b55,2026-04-25T16:56:36.307822-04:00,node-01,checkout-api,429,True,normal,market_aware_v1,71.525,59.625,243.9,31.194,1.177,113.902,45.687,3.045
d0e03bc9-14a0-4d8c-b41f-4372ea769ffe,2026-04-25T16:56:36.308318-04:00,node-01,payments-api,503,True,anomalous,market_aware_v1,64.826,61.32,252.359,30.436,1.149,123.878,36.604,3.144
040cf974-bebf-4a4d-9e01-044e8c884a17,2026-04-25T16:56:36.308760-04:00,node-01,orders-api,429,True,normal,market_aware_v1,72.083,58.088,232.892,33.567,0.97,116.731,82.381,2.778
6e6f6158-b089-43fd-8fae-e91df94aa97b,2026-04-25T16:56:36.309238-04:00,node-01,checkout-api,502,True,normal,market_aware_v1,73.868,57.747,244.726,31.728,1.139,116.061,55.231,2.973
cd42e44d-5752-43cd-a4dc-99a3c1ab67b1,2026-04-25T16:56:36.309716-04:00,node-01,payments-api,500,True,anomalous,market_aware_v1,69.966,57.751,270.113,29.137,1.212,130.177,35.171,3.218
ecb7965a-34ef-4731-bbfd-9bc08d088fe4,2026-04-25T16:56:36.310191-04:00,node-01,orders-api,500,True,normal,market_aware_v1,73.913,54.473,234.113,34.95,1.006,119.209,76.987,2.877
31e4e6d2-9221-413c-80ee-b16846d5d157,2026-04-25T16:56:36.310669-04:00,node-01,checkout-api,502,True,normal,market_aware_v1,75.424,60.244,253.72,29.978,1.177,119.73,53.992,3.02
0af07b0e-286c-4084-baa9-323dac336d77,2026-04-25T16:56:36.311177-04:00,node-01,payments-api,502,True,anomalous,market_aware_v1,68.022,59.79,244.942,29.338,1.126,121.784,43.642,3.087
7c3a8bce-ba8d-4f35-b1e1-23df9be3aa6b,2026-04-25T16:56:36.311678-04:00,node-01,orders-api,502,True,normal,market_aware_v1,76.218,56.966,219.064,35.329,0.899,109.905,80.84,2.418
e7eab944-46f1-4d8e-b582-f995dd509926,2026-04-25T16:56:36.312199-04:00,node-01,checkout-api,429,True,anomalous,market_aware_v1,73.176,62.804,254.727,31.809,1.165,123.615,50.029,3.109
c2acbd9b-34a1-4514-a202-e5f2e782367b,2026-04-25T16:56:36.312666-04:00,node-01,payments-api,500,True,anomalous,market_aware_v1,67.463,62.299,262.401,28.134,1.247,123.474,33.109,3.194
a6a55817-d23b-4643-b41f-377530d82e6b,2026-04-25T16:56:36.313169-04:00,node-01,orders-api,502,True,anomalous,market_aware_v1,72.512,56.358,248.859,34.1,1.054,123.679,74.145,2.92
979cf61a-5bce-468b-8887-f0f85535401c,2026-04-25T16:56:36.313651-04:00,node-01,checkout-api,503,True,normal,market_aware_v1,73.327,61.857,245.453,30.341,1.184,117.373,50.777,2.938
e88f48a4-8c8f-4619-8109-7a51b789358f,2026-04-25T16:56:36.314152-04:00,node-01,payments-api,500,True,anomalous,market_aware_v1,66.647,56.343,256.935,24.994,1.156,121.185,43.0,3.086
ecf197f2-5343-4070-9844-300dfb7c2873,2026-04-25T16:56:36.314638-04:00,node-01,orders-api,429,True,normal,market_aware_v1,68.86,57.218,228.323,31.027,0.97,113.868,69.93,2.828
21477d25-1417-413a-8e9f-9201db4ef1d0,2026-04-25T16:56:36.315115-04:00,node-01,checkout-api,503,True,anomalous,market_aware_v1,69.591,55.682,255.146,29.776,1.229,120.095,50.361,3.168
f82eaaf0-732a-44b7-b102-baad93d7e84c,2026-04-25T16:56:36.315590-04:00,node-01,payments-api,503,True,normal,market_aware_v1,62.936,57.273,245.808,27.61,1.054,119.353,34.153,2.996
bd5b2cdf-e744-49c9-bc1c-f135bae752ac,2026-04-25T16:56:36.316092-04:00,node-01,orders-api,503,True,normal,market_aware_v1,69.126,54.376,218.348,31.394,1.009,110.23,75.263,2.514
f54ac3a3-6544-4cc9-a88a-8dea983b55ca,2026-04-25T16:56:36.316583-04:00,node-01,checkout-api,429,True,normal,market_aware_v1,65.054,55.129,219.481,26.543,1.081,110.46,49.965,2.714
9574624e-6d7e-4576-b621-f5829166eea2,2026-04-25T16:56:36.317049-04:00,node-01,payments-api,502,True,anomalous,market_aware_v1,64.74,56.702,255.32,25.872,1.036,123.863,30.204,3.018
12091f77-02e8-4983-8da5-a39ad0a06a3b,2026-04-25T16:56:36.317529-04:00,node-01,orders-api,502,True,normal,market_aware_v1,68.859,52.418,220.022,29.654,0.926,116.239,64.907,2.688
18a616c9-2c51-4f10-afce-3b709ac57e9a,2026-04-25T16:56:36.318099-04:00,node-01,checkout-api,502,True,anomalous,market_aware_v1,65.129,56.117,244.59,29.396,1.373,116.517,39.995,3.283
36e2f675-a755-4c26-826c-3b99548557c2,2026-04-25T16:56:36.318627-04:00,node-01,payments-api,502,True,normal,market_aware_v1,57.26,56.023,246.724,23.941,1.042,112.454,26.378,2.653
6650c9f4-9911-4737-ae75-c4bce7b64823,2026-04-25T16:56:36.319204-04:00,node-01,orders-api,429,True,normal,market_aware_v1,67.991,52.162,228.799,28.459,0.965,117.267,65.299,2.808
13156178-cdc8-4eb7-a952-ea2cf98fa9fb,2026-04-25T16:56:36.319718-04:00,node-01,checkout-api,500,True,normal,market_aware_v1,65.083,55.013,237.868,28.131,1.086,119.237,38.226,3.046
ad3f5d7f-c610-4fd2-82da-d328990e50ea,2026-04-25T16:56:36.320242-04:00,node-01,payments-api,500,True,anomalous,market_aware_v1,63.978,56.655,267.843,24.329,1.475,124.58,21.576,3.522
2ac88361-6ad8-415f-84d1-ae3a84e94684,2026-04-25T16:56:36.320769-04:00,node-01,orders-api,429,True,anomalous,market_aware_v1,64.954,50.916,236.559,28.485,1.035,121.35,59.428,2.936
21bc06f6-123f-4ecd-bc90-20254ebf5f25,2026-04-25T16:56:36.321304-04:00,node-01,checkout-api,502,True,normal,market_aware_v1,65.16,50.463,232.508,27.086,1.111,112.986,36.465,2.894
a2138670-b436-4449-a21a-dc2423ec5597,2026-04-25T16:56:36.321848-04:00,node-01,payments-api,500,True,normal,market_aware_v1,58.379,56.234,242.477,23.208,1.078,119.596,24.762,2.816
d4230330-b87e-4a51-9ce1-e4b43b3a58a1,2026-04-25T16:56:36.322406-04:00,node-01,orders-api,429,True,anomalous,market_aware_v1,66.729,49.2,232.596,30.798,1.027,121.152,59.261,2.881
bc221b03-7a8b-4930-9f5f-90653ccf780a,2026-04-25T16:56:36.322935-04:00,node-01,checkout-api,503,True,normal,market_aware_v1,60.585,55.675,225.617,27.491,1.057,112.77,39.181,2.909
c15372e8-6a68-422a-b066-6f05cf591b00,2026-04-25T16:56:36.323403-04:00,node-01,payments-api,502,True,anomalous,market_aware_v1,54.852,56.44,244.989,25.634,1.216,119.58,32.066,3.226
77811309-b1e6-4f3a-a551-0873ca0a0b97,2026-04-25T16:56:36.323979-04:00,node-01,orders-api,500,True,normal,market_aware_v1,66.569,48.603,222.933,29.365,0.981,115.811,62.906,2.651
dbe3bae3-9e4a-4dff-89fc-7a7970a1a14c,2026-04-25T16:56:36.324489-04:00,node-01,checkout-api,429,True,anomalous,market_aware_v1,62.724,54.113,245.716,25.69,1.159,125.038,34.064,3.165
dcb2100f-c028-47a5-874f-cf88ea2b11ee,2026-04-25T16:56:36.324980-04:00,node-01,payments-api,502,True,normal,market_aware_v1,59.142,57.777,249.173,24.879,1.056,113.773,26.991,2.889
01598ed0-db3f-4908-be65-aeaf188c1bb4,2026-04-25T16:56:36.325500-04:00,node-01,orders-api,500,True,normal,market_aware_v1,65.632,50.98,227.264,30.3,1.016,119.103,69.58,2.866
3cc84da1-0eb9-4bdf-b12c-8229a74e1ade,2026-04-25T16:56:36.326054-04:00,node-01,checkout-api,502,True,normal,market_aware_v1,66.88,55.3,252.413,27.761,1.12,116.528,42.562,3.019
aa0e61d8-c039-4bbf-a02d-505583bf73fb,2026-04-25T16:56:36.326583-04:00,node-01,payments-api,502,True,anomalous,market_aware_v1,59.079,57.824,261.581,26.782,1.198,128.993,24.022,3.325
a0d77014-6f59-4ee2-bbd3-fa4fb665fc85,2026-04-25T16:56:36.327104-04:00,node-01,orders-api,502,True,normal,market_aware_v1,72.823,55.411,221.897,31.513,1.053,116.544,63.952,2.747
c896cc4f-7e80-4422-a588-6d9dd66482ff,2026-04-25T16:56:36.327632-04:00,node-01,checkout-api,502,True,normal,market_aware_v1,72.505,56.304,256.513,30.264,1.209,118.149,45.382,3.085
e91eeafc-02c2-4b02-b1c6-2bac7df519b4,2026-04-25T16:56:36.328125-04:00,node-01,payments-api,502,True,normal,market_aware_v1,61.583,56.497,238.269,25.786,1.141,114.308,34.797,2.947
ec5317a8-8c3c-411b-9e69-e928eb068659,2026-04-25T16:56:36.328635-04:00,node-01,orders-api,502,True,normal,market_aware_v1,73.194,54.993,226.812,28.851,1.003,116.307,67.579,2.787
8cbfe019-ce7b-498f-8e78-1959ff10e1ed,2026-04-25T16:56:36.329147-04:00,node-01,checkout-api,500,True,anomalous,market_aware_v1,69.939,59.639,258.604,29.591,1.166,117.73,52.278,3.275
fe77868c-c55c-4656-89af-39e3a76eb047,2026-04-25T16:56:36.329997-04:00,node-01,payments-api,502,True,anomalous,market_aware_v1,66.705,59.424,259.646,27.403,1.116,122.303,39.465,3.161
765fc4f9-4ddf-411f-a7ac-f955da5f208d,2026-04-25T16:56:36.330504-04:00,node-01,orders-api,502,True,anomalous,market_aware_v1,74.081,55.066,244.949,33.96,1.131,127.149,62.777,3.397
fcbad164-f025-469a-9d1a-6ba8f8ecd633,2026-04-25T16:56:36.331000-04:00,node-01,checkout-api,429,True,normal,market_aware_v1,69.32,58.239,237.953,29.907,1.166,119.331,52.979,3.124
ba8fdf46-3173-43a3-bc14-c1dab643883e,2026-04-25T16:56:36.331499-04:00,node-01,payments-api,500,True,normal,market_aware_v1,64.772,57.341,243.159,27.939,1.143,119.766,34.39,2.95
6f8b694c-4cc3-47b3-9829-4832386324bd,2026-04-25T16:56:36.331968-04:00,node-01,orders-api,500,True,normal,market_aware_v1,69.736,57.387,218.585,33.946,0.971,110.021,77.352,2.475
d80a8709-1b33-411d-8090-a011ac3fc3d4,2026-04-25T16:56:36.332510-04:00,node-01,checkout-api,502,True,normal,market_aware_v1,71.922,58.034,243.785,30.291,1.109,118.381,51.464,3.023
45fc604c-2b1e-45e7-97d0-ffa810409107,2026-04-25T16:56:36.333028-04:00,node-01,payments-api,502,True,normal,market_aware_v1,66.431,60.571,245.228,24.863,1.077,117.027,37.879,2.942
b383f5f0-4d96-40a2-9911-f7b0930a4ca9,2026-04-25T16:56:36.333554-04:00,node-01,orders-api,502,True,anomalous,market_aware_v1,65.365,54.339,235.626,30.509,1.073,121.055,71.724,2.816
4073f5c3-b5e1-4ecb-8780-9bdd64406113,2026-04-25T16:56:36.334042-04:00,node-01,checkout-api,502,True,normal,market_aware_v1,70.072,55.773,241.597,28.436,1.044,113.906,51.444,2.797
14e028df-6e9d-47e5-9afd-47d07b4a8881,2026-04-25T16:56:36.334541-04:00,node-01,payments-api,500,True,anomalous,market_aware_v1,61.195,60.656,258.083,25.463,1.153,122.919,37.489,3.113
a38059e8-78d5-4f5c-b67e-381859e2a3a1,2026-04-25T16:56:36.334997-04:00,node-01,orders-api,503,True,normal,market_aware_v1,69.65,50.64,222.123,33.345,0.985,112.384,77.491,2.72
263e94e8-5abb-435a-8f58-152e88df3426,2026-04-25T16:56:36.335420-04:00,node-01,checkout-api,503,True,normal,market_aware_v1,69.572,58.273,244.454,28.169,1.123,115.171,44.008,2.97
9c360bee-a30a-4d9c-ab71-514749f8e05b,2026-04-25T16:56:36.335908-04:00,node-01,payments-api,500,True,normal,market_aware_v1,61.615,58.254,242.869,29.648,1.027,115.072,36.128,2.798
aad4f57c-bdc0-459d-b5a1-fa81357d695c,2026-04-25T16:56:36.336370-04:00,node-01,orders-api,502,True,normal,market_aware_v1,67.484,52.153,219.282,31.727,0.989,116.291,68.782,2.7
1acc46ed-288e-4a6c-a375-2144f8e0cb21,2026-04-25T16:56:36.336846-04:00,node-01,checkout-api,503,True,anomalous,market_aware_v1,68.042,55.216,259.929,26.307,1.14,121.559,39.862,3.003
cab12cfe-d9b1-4a0b-a3fb-8a4eaf098c00,2026-04-25T16:56:36.337345-04:00,node-01,payments-api,502,True,anomalous,market_aware_v1,60.867,56.188,256.776,24.655,1.209,127.028,28.37,3.308
c4749d44-fbf8-40b2-a807-021c9751fafb,2026-04-25T16:56:36.337845-04:00,node-01,orders-api,429,True,anomalous,market_aware_v1,64.939,51.75,224.976,31.212,1.067,120.623,64.138,2.875
873e33bf-4b28-482e-925b-375aaef5cc07,2026-04-25T16:56:36.338310-04:00,node-01,checkout-api,502,True,normal,market_aware_v1,66.937,53.709,244.508,26.593,1.098,117.132,32.4,2.915
55c30234-d89f-4762-acc9-6e0c3d9d1de0,2026-04-25T16:56:36.338790-04:00,node-01,payments-api,503,True,anomalous,market_aware_v1,59.172,58.45,254.095,25.54,1.123,120.021,32.286,3.088
920fdcb0-17dc-461e-9858-1ffe04f3b680,2026-04-25T16:56:36.339336-04:00,node-01,orders-api,429,True,normal,market_aware_v1,70.603,50.302,215.833,30.132,0.954,108.213,70.973,2.538
8a863fe1-5274-4062-a979-b681e2230f39,2026-04-25T16:56:36.339874-04:00,node-01,checkout-api,503,True,normal,market_aware_v1,65.1,52.398,254.707,27.78,1.275,116.81,41.901,3.068
42a5a9f5-c3fd-442b-bea0-e77a167add6b,2026-04-25T16:56:36.340357-04:00,node-01,payments-api,503,True,normal,market_aware_v1,57.974,54.693,244.986,24.449,1.112,117.607,29.41,3.035
bad12739-5693-4968-b523-455993ef0195,2026-04-25T16:56:36.340802-04:00,node-01,orders-api,429,True,normal,market_aware_v1,64.761,51.191,222.803,31.19,0.94,116.173,64.49,2.613
08ee116f-b52b-4985-aff1-4ee9cd54b851,2026-04-25T16:56:36.341258-04:00,node-01,checkout-api,500,True,anomalous,market_aware_v1,67.05,54.566,257.843,27.157,1.231,123.121,41.904,3.243
fdac0be7-2b5c-4e24-a5e5-0df2b3224024,2026-04-25T16:56:36.341728-04:00,node-01,payments-api,502,True,normal,market_aware_v1,63.128,57.675,237.97,22.047,1.089,116.673,29.057,2.888
0422ba37-21c1-44f7-be20-cbf5d7c84f8f,2026-04-25T16:56:36.342201-04:00,node-01,orders-api,503,True,normal,market_aware_v1,69.742,54.509,226.287,31.185,0.9,109.64,73.932,2.536
dd1564ec-3c01-4f54-9a2e-d94c43e311c2,2026-04-25T16:56:36.342751-04:00,node-01,checkout-api,503,True,normal,market_aware_v1,64.986,57.023,235.106,28.574,1.2,115.533,46.7,3.105
4d0609b4-5cee-460a-bbb1-751e5ddbc57d,2026-04-25T16:56:36.343251-04:00,node-01,payments-api,503,True,anomalous,market_aware_v1,65.186,60.014,263.018,27.004,1.486,126.022,37.878,3.653
8d8a6ad6-b5fd-403d-ad22-8d4ad634107d,2026-04-25T16:56:36.343758-04:00,node-01,orders-api,429,True,normal,market_aware_v1,72.523,51.179,241.716,32.443,1.02,119.049,68.113,2.837
8270ad72-e020-4e53-b8c4-4527424d4150,2026-04-25T16:56:36.344256-04:00,node-01,checkout-api,503,True,anomalous,market_aware_v1,71.157,55.35,239.002,31.028,1.175,121.664,47.05,3.088
4264e1c3-b07c-4ecf-8d72-efc1f5a5d029,2026-04-25T16:56:36.344766-04:00,node-01,payments-api,502,True,anomalous,market_aware_v1,67.743,60.514,269.587,27.544,1.217,127.136,27.113,3.282
e6814cb2-eb4d-4080-bc89-949daaab14f4,2026-04-25T16:56:36.345290-04:00,node-01,orders-api,503,True,anomalous,market_aware_v1,77.977,54.522,250.148,33.677,1.406,124.343,65.673,3.373
1f332580-a16b-476b-b267-0d9808ef1133,2026-04-25T16:56:36.345798-04:00,node-01,checkout-api,429,True,anomalous,market_aware_v1,73.913,59.112,251.584,28.873,1.24,120.924,50.564,3.044
d1e9c88b-7dc6-4424-b541-20dca7cd7dc7,2026-04-25T16:56:36.346289-04:00,node-01,payments-api,502,True,anomalous,market_aware_v1,68.887,57.065,251.122,28.715,1.209,123.292,31.693,3.117
343cb197-0183-4a19-91b9-f186f002178e,2026-04-25T16:56:36.346798-04:00,node-01,orders-api,503,True,normal,market_aware_v1,72.805,54.932,239.545,32.737,0.952,116.955,80.093,2.789
e8493507-d09c-4cc4-bcab-e1d959db5d84,2026-04-25T16:56:36.347276-04:00,node-01,checkout-api,500,True,anomalous,market_aware_v1,68.207,59.56,246.054,31.256,1.209,121.293,51.848,3.216
27e5be83-8fc8-41c1-98c2-72d4a93dd160,2026-04-25T16:56:36.347796-04:00,node-01,payments-api,502,True,anomalous,market_aware_v1,70.765,64.394,263.079,28.404,1.549,123.297,37.826,3.576
69cb87f5-2848-49c5-9bda-5f22ea66b7cf,2026-04-25T16:56:36.348253-04:00,node-01,orders-api,502,True,anomalous,market_aware_v1,75.687,53.818,235.884,32.562,1.066,124.71,72.356,2.946
aa7e6276-195a-419a-95ed-6fe7d7625d61,2026-04-25T16:56:36.348727-04:00,node-01,checkout-api,500,True,normal,market_aware_v1,70.123,57.116,243.951,29.166,1.085,116.602,52.463,2.983
215a9349-b6f0-4c60-a0d3-bb978f23388f,2026-04-25T16:56:36.349218-04:00,node-01,payments-api,500,True,anomalous,market_aware_v1,69.642,63.273,264.961,28.204,1.152,126.381,39.225,3.115
6ff601c8-705d-44a3-91ce-25cd6a7b99fa,2026-04-25T16:56:36.349729-04:00,node-01,orders-api,502,True,anomalous,market_aware_v1,74.943,57.57,231.472,32.555,1.067,123.688,75.548,2.912
19f6005c-29b9-48dc-a249-5293ce26017e,2026-04-25T16:56:36.350229-04:00,node-01,checkout-api,429,True,anomalous,market_aware_v1,75.424,60.503,251.673,31.192,1.235,122.774,58.518,3.132
041a6141-8c4f-4cb3-93db-e13ec3db0b61,2026-04-25T16:56:36.350732-04:00,node-01,payments-api,500,True,anomalous,market_aware_v1,69.446,59.251,254.044,29.273,1.111,120.703,36.467,3.04
86f00668-d3a6-46e1-ba3e-ae60e320d4c7,2026-04-25T16:56:36.351219-04:00,node-01,orders-api,503,True,anomalous,market_aware_v1,75.113,58.978,241.089,33.778,1.047,122.361,73.149,2.865
2dc3f115-6ec2-4f7e-b451-6b7f9cf0404a,2026-04-25T16:56:36.351709-04:00,node-01,checkout-api,503,True,normal,market_aware_v1,71.904,58.707,240.608,30.884,1.19,116.955,50.549,3.043
02b6e2be-8bd5-4555-aa89-e60090752fe3,2026-04-25T16:56:36.352163-04:00,node-01,payments-api,429,True,normal,market_aware_v1,65.323,62.081,248.0,27.764,1.136,119.752,39.588,2.985
68edc344-9830-475d-b69d-0d572c50f2ad,2026-04-25T16:56:36.352611-04:00,node-01,orders-api,502,True,anomalous,market_aware_v1,70.79,52.077,227.138,32.728,1.086,128.357,63.893,3.096
700f9bf2-4ec4-463c-973c-4c71e3df490f,2026-04-25T16:56:36.353059-04:00,node-01,checkout-api,502,True,normal,market_aware_v1,69.487,58.674,239.59,28.828,1.196,112.974,49.638,2.876
367ec8fe-4a20-4ad8-a655-099292787f14,2026-04-25T16:56:36.353576-04:00,node-01,payments-api,500,True,anomalous,market_aware_v1,61.729,57.807,263.543,26.799,1.129,121.947,33.165,3.078
26e0bf27-1045-46f9-bc38-e4b4ce99399a,2026-04-25T16:56:36.354068-04:00,node-01,orders-api,502,True,normal,market_aware_v1,67.571,54.145,236.76,31.763,0.957,115.966,65.322,2.623
9aab38d3-79a3-49b4-9f9d-32935ace8348,2026-04-25T16:56:36.354574-04:00,node-01,checkout-api,502,True,normal,market_aware_v1,65.845,55.973,235.3,28.025,1.133,115.777,41.866,2.89
a4c8efe7-14b4-4d80-8177-393381261b8f,2026-04-25T16:56:36.355059-04:00,node-01,payments-api,503,True,anomalous,market_aware_v1,63.391,55.349,259.715,23.987,1.114,123.558,28.913,3.065
3de90ad5-555a-491e-91e9-aa664b1e538d,2026-04-25T16:56:36.355529-04:00,node-01,orders-api,503,True,normal,market_aware_v1,63.845,49.349,226.941,33.158,1.051,115.009,63.185,2.795
12a189cd-3e01-47b4-a293-67cb734320b4,2026-04-25T16:56:36.356035-04:00,node-01,checkout-api,500,True,normal,market_aware_v1,66.951,54.796,236.704,28.171,1.162,113.969,48.853,2.944
67ee83b0-74d9-42f0-942d-5c4e49889655,2026-04-25T16:56:36.356533-04:00,node-01,payments-api,502,True,normal,market_aware_v1,56.61,56.38,239.824,23.144,1.048,119.422,26.875,3.042
fb30e0b5-ec35-4218-abc3-26aec6b0c053,2026-04-25T16:56:36.357417-04:00,node-01,orders-api,503,True,anomalous,market_aware_v1,62.201,49.066,235.336,29.194,1.023,120.897,58.804,2.92
e42c7502-e7ed-4b00-9a4d-3f1dfc07dd1a,2026-04-25T16:56:36.357919-04:00,node-01,checkout-api,503,True,normal,market_aware_v1,63.087,52.523,246.063,25.128,1.023,116.792,41.703,2.97
5ce12405-8336-4718-a81c-caab1ae7f1d1,2026-04-25T16:56:36.358407-04:00,node-01,payments-api,429,True,normal,market_aware_v1,57.283,51.781,244.165,24.106,1.065,116.327,33.255,2.979
269fe008-42bb-4a61-abb0-5a9d48e9a1d5,2026-04-25T16:56:36.358892-04:00,node-01,orders-api,500,True,normal,market_aware_v1,62.844,52.137,225.936,29.162,0.955,113.218,62.698,2.582
8d912757-d934-46c7-a6c9-33cb53c098d1,2026-04-25T16:56:36.359780-04:00,node-01,checkout-api,502,True,normal,market_aware_v1,66.059,55.483,237.845,28.004,1.192,118.281,38.056,2.916
64e6b485-fd6b-4f39-9409-e61e8f3a24ff,2026-04-25T16:56:36.360284-04:00,node-01,payments-api,503,True,anomalous,market_aware_v1,57.968,57.92,255.236,22.798,1.048,121.336,23.533,3.053
1dbdb1ec-c7bd-424e-aeae-5a1c24947277,2026-04-25T16:56:36.360828-04:00,node-01,orders-api,503,True,normal,market_aware_v1,65.241,52.676,225.342,27.97,0.992,116.784,66.784,2.729
098ca54a-55eb-4193-8575-8ebd8c6f887e,2026-04-25T16:56:36.361342-04:00,node-01,checkout-api,429,True,normal,market_aware_v1,62.342,53.966,245.927,27.932,1.093,117.545,33.244,2.883
0f1b3421-ed0a-4651-baea-68600ca34331,2026-04-25T16:56:36.361860-04:00,node-01,payments-api,500,True,normal,market_aware_v1,59.432,54.802,258.968,24.952,1.127,117.118,28.092,3.007
49a4874b-6f3d-4558-95fe-d0472b745605,2026-04-25T16:56:36.362494-04:00,node-01,orders-api,503,True,anomalous,market_aware_v1,70.147,51.28,248.674,29.586,1.189,114.736,55.208,3.098
d5f178d8-18cb-4f20-9ec4-3e335ddb3240,2026-04-25T16:56:36.363005-04:00,node-01,checkout-api,429,True,normal,market_aware_v1,63.421,56.223,236.285,29.891,1.132,112.523,41.901,2.903
49c059aa-b8eb-48dc-b298-0c999b60b332,2026-04-25T16:56:36.363655-04:00,node-01,payments-api,502,True,anomalous,market_aware_v1,61.27,54.598,263.951,23.072,1.133,120.793,24.926,3.085
fa4c025f-8713-4cf0-ba1b-a2e0c45c3bee,2026-04-25T16:56:36.364248-04:00,node-01,orders-api,429,True,anomalous,market_aware_v1,69.333,52.432,254.442,30.702,1.07,122.575,61.756,3.01
5534038c-7a13-4f5a-b5f2-e7db008367ed,2026-04-25T16:56:36.364787-04:00,node-01,checkout-api,429,True,normal,market_aware_v1,63.228,55.553,239.632,27.35,1.165,118.031,39.534,2.993
4074e414-4d68-4b09-9819-68e5bf1fa77c,2026-04-25T16:56:36.365289-04:00,node-01,payments-api,502,True,normal,market_aware_v1,64.788,59.752,261.251,25.753,1.048,116.291,29.858,2.933
f7669603-c1b8-4012-bc39-2668f5c50860,2026-04-25T16:56:36.365797-04:00,node-01,orders-api,500,True,normal,market_aware_v1,69.149,52.075,220.479,30.401,1.0,112.319,70.865,2.611
f4ab3ed2-71d1-45dd-a71b-1e2aba7a5b97,2026-04-25T16:56:36.366297-04:00,node-01,checkout-api,429,True,anomalous,market_aware_v1,67.193,57.012,256.303,28.6,1.206,124.72,39.128,3.18
7c11bda6-1e7f-435f-bfa4-702f1b0748cd,2026-04-25T16:56:36.366752-04:00,node-01,payments-api,500,True,normal,market_aware_v1,63.363,59.719,248.729,27.063,1.123,118.983,31.802,3.035
d2eea426-34a7-4773-90b0-d6f3fbc4e5a3,2026-04-25T16:56:36.367231-04:00,node-01,orders-api,503,True,normal,market_aware_v1,64.778,51.271,224.504,32.137,0.948,114.906,70.109,2.691
1efc2f04-a85e-4e0c-9b54-826b7fed106a,2026-04-25T16:56:36.367732-04:00,node-01,checkout-api,500,True,normal,market_aware_v1,66.073,55.467,236.028,27.2,1.034,110.48,54.441,2.829
eef8216d-8f77-40f7-8c98-52cccb66415f,2026-04-25T16:56:36.368202-04:00,node-01,payments-api,500,True,anomalous,market_aware_v1,62.446,58.049,256.643,27.467,1.069,120.795,35.934,2.917
61fc4301-1378-4274-a46d-cff302cd1627,2026-04-25T16:56:36.368702-04:00,node-01,orders-api,503,True,normal,market_aware_v1,69.166,51.367,230.572,31.16,0.904,114.671,73.697,2.558
8a512802-e9d3-422a-8a5d-1ed7df483187,2026-04-25T16:56:36.369250-04:00,node-01,checkout-api,500,True,anomalous,market_aware_v1,71.152,63.053,252.533,29.168,1.2,121.061,47.083,3.112
3dd81fd0-72b8-4fcd-8b24-9186ce28a405,2026-04-25T16:56:36.369775-04:00,node-01,payments-api,500,True,anomalous,market_aware_v1,61.533,58.864,258.882,27.441,1.156,124.898,32.474,3.211
fdc2a66c-5edf-45bf-8e3f-0db70f4a7485,2026-04-25T16:56:36.370267-04:00,node-01,orders-api,429,True,anomalous,market_aware_v1,72.293,56.869,235.477,34.032,1.035,122.583,64.485,2.898
60d2cdb8-ea71-4337-a641-6e4f212ffaa0,2026-04-25T16:56:36.370729-04:00,node-01,checkout-api,500,True,normal,market_aware_v1,68.729,62.429,249.925,27.433,1.12,119.167,53.082,2.967
59bc0187-99e0-4253-9e0b-8f3c84d9cb7f,2026-04-25T16:56:36.371219-04:00,node-01,payments-api,503,True,normal,market_aware_v1,62.615,58.376,251.386,27.542,1.117,119.965,37.483,3.094
126bb731-569d-44ab-84d6-6ec5eb5cc916,2026-04-25T16:56:36.371686-04:00,node-01,orders-api,429,True,anomalous,market_aware_v1,74.412,53.353,238.082,32.217,1.059,126.639,70.073,3.017
5268cc2d-e425-405a-997f-bafafb577207,2026-04-25T16:56:36.372270-04:00,node-01,checkout-api,503,True,normal,market_aware_v1,71.855,54.91,249.358,30.852,1.121,118.696,46.561,3.036
769ce760-4f36-4303-91ea-ce715ed0b92c,2026-04-25T16:56:36.372772-04:00,node-01,payments-api,500,True,anomalous,market_aware_v1,66.363,55.923,274.109,27.509,1.16,125.67,33.205,3.143
02ff5d1c-8566-4dd9-bdea-a0932b6b34c4,2026-04-25T16:56:36.373325-04:00,node-01,orders-api,502,True,normal,market_aware_v1,73.83,53.383,224.437,32.725,0.955,111.314,65.725,2.555
d29fe73a-f52e-45dd-97a6-d795f6253b3f,2026-04-25T16:56:36.373813-04:00,node-01,checkout-api,500,True,anomalous,market_aware_v1,70.623,56.177,269.208,28.238,1.218,123.549,45.638,3.156
d9ded822-65a3-4d38-976d-38f162295f3a,2026-04-25T16:56:36.374268-04:00,node-01,payments-api,503,True,normal,market_aware_v1,65.615,57.768,233.597,25.43,1.036,113.381,33.285,2.797
da364aae-2493-402a-b8f7-a02211a42af1,2026-04-25T16:56:36.374769-04:00,node-01,orders-api,429,True,normal,market_aware_v1,69.61,55.915,224.824,32.574,0.992,118.737,69.228,2.779
ef9eb2d1-dd2e-4c0e-9d65-b4754978b6ef,2026-04-25T16:56:36.375287-04:00,node-01,checkout-api,429,True,normal,market_aware_v1,66.5,55.655,239.485,31.133,1.155,111.58,46.862,2.915
c125c9b9-5f60-403b-bc97-09f95de29410,2026-04-25T16:56:36.375797-04:00,node-01,payments-api,500,True,anomalous,market_aware_v1,64.078,55.951,250.291,26.717,1.079,121.644,27.488,2.925
2629b211-876b-4ced-a3aa-5f2094df607b,2026-04-25T16:56:36.376294-04:00,node-01,orders-api,500,True,normal,market_aware_v1,68.197,54.634,224.795,30.267,1.034,118.708,67.236,2.763
a521a6be-05e4-4ed3-b8af-9913f64af57c,2026-04-25T16:56:36.376944-04:00,node-01,checkout-api,502,True,normal,market_aware_v1,65.566,55.918,246.207,28.85,0.918,110.396,46.828,2.738
31b9aee6-0312-4e8a-84b5-666367728bb2,2026-04-25T16:56:36.377422-04:00,node-01,payments-api,503,True,normal,market_aware_v1,64.808,56.208,260.153,23.867,1.016,119.268,30.047,3.009
da77e272-3270-4e91-9fd4-148fce2b5a3d,2026-04-25T16:56:36.377929-04:00,node-01,orders-api,503,True,normal,market_aware_v1,69.3,53.498,230.175,30.105,1.003,116.844,65.537,2.719
e31e222f-94ff-4f43-9023-5731196eb464,2026-04-25T16:56:36.378428-04:00,node-01,checkout-api,503,True,anomalous,market_aware_v1,67.16,55.071,256.831,28.832,1.466,121.899,38.31,3.453
ed961d83-38a4-4ba5-be28-68bd86550d72,2026-04-25T16:56:36.378931-04:00,node-01,payments-api,503,True,anomalous,market_aware_v1,61.836,55.251,266.27,25.456,1.17,125.2,25.784,3.18
9d50ce78-2ec1-4574-a620-68c722379582,2026-04-25T16:56:36.379436-04:00,node-01,orders-api,502,True,normal,market_aware_v1,64.855,51.245,235.445,33.084,0.868,112.997,66.307,2.507
a82efccd-ca8e-45bf-b59e-015384bba304,2026-04-25T16:56:36.379940-04:00,node-01,checkout-api,429,True,normal,market_aware_v1,66.773,54.344,238.753,27.519,1.166,119.157,39.965,2.906
7986d610-3d8b-4ae4-8104-9969de110b0c,2026-04-25T16:56:36.380427-04:00,node-01,payments-api,500,True,anomalous,market_aware_v1,60.764,57.395,253.33,25.422,1.091,121.619,30.887,3.033
8509d609-daf5-4bb2-8dec-699c22c76d48,2026-04-25T16:56:36.380926-04:00,node-01,orders-api,500,True,anomalous,market_aware_v1,75.06,54.288,247.269,30.472,1.328,121.579,62.267,3.323
cec69f89-6259-49c8-8d88-d6ae4bb61695,2026-04-25T16:56:36.381362-04:00,node-01,checkout-api,503,True,normal,market_aware_v1,63.783,54.679,232.906,28.059,0.987,112.146,45.477,2.715
dd2cc70d-807c-4da1-9db8-4f6d84c9c914,2026-04-25T16:56:36.381817-04:00,node-01,payments-api,503,True,normal,market_aware_v1,63.059,55.674,239.633,26.084,1.098,112.836,40.114,2.82
040283d2-4fe4-43e9-8f8c-53b59c4597c0,2026-04-25T16:56:36.382449-04:00,node-01,orders-api,503,True,normal,market_aware_v1,72.195,54.086,232.178,31.445,1.065,117.896,71.084,2.747
92a00fb5-6cd4-45bc-b58f-638b66cb7fdd,2026-04-25T16:56:36.383371-04:00,node-01,checkout-api,429,True,anomalous,market_aware_v1,69.749,60.539,271.837,30.606,1.477,123.318,38.775,3.576
73b44747-faae-4cc0-a230-e8647928bed9,2026-04-25T16:56:36.383825-04:00,node-01,payments-api,503,True,normal,market_aware_v1,64.397,59.978,239.662,23.405,1.087,116.456,33.541,2.931
ec82bb19-2f91-4431-9cfc-5867d016b412,2026-04-25T16:56:36.384280-04:00,node-01,orders-api,429,True,normal,market_aware_v1,73.423,52.575,231.18,32.319,0.911,114.421,72.324,2.513
f12dcca9-19c9-4631-85e0-46c44248332d,2026-04-25T16:56:36.384725-04:00,node-01,checkout-api,500,True,anomalous,market_aware_v1,71.739,59.766,253.834,30.455,1.14,121.486,49.047,3.089
acff2b1b-bee4-48a9-b40a-6c185cb7c0d8,2026-04-25T16:56:36.385162-04:00,node-01,payments-api,503,True,anomalous,market_aware_v1,65.683,60.952,265.302,27.963,1.011,120.424,45.879,3.027
df327705-9354-4a44-81e6-38047377578e,2026-04-25T16:56:36.385632-04:00,node-01,orders-api,502,True,anomalous,market_aware_v1,73.032,54.594,241.905,33.179,1.02,121.171,73.023,2.775
fb69c7a6-8376-4640-817f-1f03932805cb,2026-04-25T16:56:36.386145-04:00,node-01,checkout-api,500,True,anomalous,market_aware_v1,74.517,62.743,271.189,29.691,1.508,129.818,50.324,3.679
59829b75-cbc6-448c-8900-f354e7a512fb,2026-04-25T16:56:36.386642-04:00,node-01,payments-api,500,True,anomalous,market_aware_v1,67.961,59.907,265.609,27.476,1.171,126.53,39.576,3.29
95172914-1138-4400-b8de-c382b80a5f8f,2026-04-25T16:56:36.387086-04:00,node-01,orders-api,500,True,anomalous,market_aware_v1,77.432,53.385,254.392,33.143,1.088,122.977,78.352,3.097
d2e08d6a-ccf5-4b5d-b7bb-9e3fba563dca,2026-04-25T16:56:36.387535-04:00,node-01,checkout-api,429,True,anomalous,market_aware_v1,78.399,64.245,256.619,29.798,1.239,127.064,53.323,3.195
23d0216b-7960-46d4-a1eb-f176fc33cb92,2026-04-25T16:56:36.387990-04:00,node-01,payments-api,502,True,normal,market_aware_v1,65.801,61.992,255.644,26.874,1.101,119.437,40.394,2.937
88068221-a24d-415d-a94b-479d34c8159d,2026-04-25T16:56:36.388509-04:00,node-01,orders-api,503,True,anomalous,market_aware_v1,77.353,58.191,236.661,32.838,1.04,122.325,79.86,2.861
efb8c776-66b9-4da8-afef-7286423d6522,2026-04-25T16:56:36.389030-04:00,node-01,checkout-api,503,True,anomalous,market_aware_v1,69.749,60.07,261.441,31.342,1.323,129.223,52.23,3.509
eed8d202-c062-4f0c-9431-0dc9ab4375c0,2026-04-25T16:56:36.389412-04:00,node-01,payments-api,502,True,anomalous,market_aware_v1,73.585,66.903,278.628,28.835,1.619,130.296,36.667,3.863
c7aa48d7-19e9-48af-beb2-414717fb959c,2026-04-25T16:56:36.389868-04:00,node-01,orders-api,429,True,anomalous,market_aware_v1,76.992,56.363,243.642,30.354,1.075,126.365,74.356,3.081
bafb1877-bd39-49a0-bfea-0106ee4d340c,2026-04-25T16:56:36.390323-04:00,node-01,checkout-api,500,True,anomalous,market_aware_v1,75.341,58.44,263.276,31.155,1.302,131.902,48.568,3.325
50ae20d0-190c-423c-a911-92924adf1f30,2026-04-25T16:56:36.390845-04:00,node-01,payments-api,500,True,anomalous,market_aware_v1,68.982,63.62,250.664,27.363,1.068,121.895,36.906,3.132
00b91eb7-4ca9-4067-abf7-f3384e71a092,2026-04-25T16:56:36.391305-04:00,node-01,orders-api,503,True,normal,market_aware_v1,76.391,55.255,232.086,30.541,1.015,118.372,71.585,2.944
d917127f-5dfa-4faf-a694-1d375c0ed121,2026-04-25T16:56:36.391788-04:00,node-01,checkout-api,502,True,normal,market_aware_v1,69.37,58.905,237.57,28.607,1.193,117.027,47.049,3.115
a8ba822a-c352-43be-a9df-1b79ef86a40e,2026-04-25T16:56:36.392306-04:00,node-01,payments-api,502,True,normal,market_aware_v1,71.054,60.702,250.186,24.961,1.114,118.469,39.676,3.029
24416ee6-f4aa-4198-937d-0bdcb21ef337,2026-04-25T16:56:36.392765-04:00,node-01,orders-api,502,True,normal,market_aware_v1,72.146,51.594,220.917,31.426,1.01,118.084,67.718,2.848
8edc2083-8666-4d36-bee2-78ffd4b6bb59,2026-04-25T16:56:36.393202-04:00,node-01,checkout-api,500,True,anomalous,market_aware_v1,70.837,56.868,259.612,29.955,1.243,123.576,44.023,3.21
6fd71c38-2a27-4906-aca6-aff54b5a1029,2026-04-25T16:56:36.393635-04:00,node-01,payments-api,500,True,anomalous,market_aware_v1,61.028,59.838,257.236,27.401,1.051,120.908,33.91,2.954
f6ef0194-152c-4e0d-bf7b-80a50754ec7e,2026-04-25T16:56:36.394080-04:00,node-01,orders-api,503,True,anomalous,market_aware_v1,70.497,52.944,253.343,29.171,1.069,127.078,61.772,3.016
11d5588e-ae9a-4f2e-8b1e-59637d853268,2026-04-25T16:56:36.394553-04:00,node-01,checkout-api,500,True,normal,market_aware_v1,65.607,56.379,247.873,26.493,1.132,115.582,43.77,2.908
d4df37e8-9fdb-4b0e-8ddf-daa4f03ebbc8,2026-04-25T16:56:36.395011-04:00,node-01,payments-api,500,True,anomalous,market_aware_v1,62.211,61.971,251.389,24.656,1.097,120.756,31.618,3.024
b2416901-9972-4c16-8f95-8ae403b048d0,2026-04-25T16:56:36.395483-04:00,node-01,orders-api,500,True,normal,market_aware_v1,67.917,53.931,235.662,29.715,0.985,119.279,61.868,2.837
07b13af5-bb31-418b-8080-d4af33cac87b,2026-04-25T16:56:36.395976-04:00,node-01,checkout-api,503,True,normal,market_aware_v1,63.928,55.393,243.95,26.996,1.151,115.979,39.621,3.035
51a4d30b-39a9-4b00-9963-69a4512a19fe,2026-04-25T16:56:36.396414-04:00,node-01,payments-api,502,True,anomalous,market_aware_v1,61.241,55.702,259.129,26.338,1.158,130.483,16.429,3.087
480aac08-4654-4323-9a14-406db7fc8282,2026-04-25T16:56:36.396903-04:00,node-01,orders-api,429,True,normal,market_aware_v1,65.71,47.775,224.594,29.619,1.006,114.487,66.066,2.749
9c6ea3bf-13d6-4d31-bcf1-f2e00c2ed6d2,2026-04-25T16:56:36.397396-04:00,node-01,checkout-api,502,True,normal,market_aware_v1,64.767,51.871,249.378,27.484,1.106,114.387,42.555,2.959
88c94d1d-1328-4c11-bd4f-53787f78451f,2026-04-25T16:56:36.397829-04:00,node-01,payments-api,503,True,anomalous,market_aware_v1,59.312,56.374,259.685,22.963,1.066,122.15,23.304,2.987
437f573b-5517-4c87-90e5-88546f56a5c8,2026-04-25T16:56:36.398285-04:00,node-01,orders-api,429,True,normal,market_aware_v1,68.587,48.752,220.254,28.155,1.003,113.167,62.846,2.595
855530f1-bf1c-47a4-8142-e308f858dfbd,2026-04-25T16:56:36.398784-04:00,node-01,checkout-api,500,True,normal,market_aware_v1,58.104,53.048,240.249,28.559,1.116,113.25,36.089,2.761
70a60dd2-887f-4a49-bc98-0a443138e59d,2026-04-25T16:56:36.399252-04:00,node-01,payments-api,429,True,normal,market_aware_v1,58.693,54.813,253.441,25.693,1.075,119.699,28.615,2.844
5fb96176-d162-423b-8a93-1774a9eac77d,2026-04-25T16:56:36.399707-04:00,node-01,orders-api,502,True,anomalous,market_aware_v1,65.996,51.379,230.978,26.77,1.003,121.455,51.819,2.823
9897ca19-4174-438e-a71f-35bd93721fac,2026-04-25T16:56:36.400163-04:00,node-01,checkout-api,500,True,normal,market_aware_v1,62.215,53.119,239.131,27.308,1.193,117.802,38.1,3.063
b891b546-ad36-4c22-af19-2aa73e069842,2026-04-25T16:56:36.400615-04:00,node-01,payments-api,503,True,normal,market_aware_v1,62.65,56.835,247.498,24.157,1.026,115.255,24.579,2.952
a5b86bde-2b98-443d-acdf-4954d888e351,2026-04-25T16:56:36.401053-04:00,node-01,orders-api,429,True,normal,market_aware_v1,65.995,48.505,224.209,27.977,0.94,119.828,61.028,2.776
84a45254-fb03-4ab3-877d-7da7407bd70d,2026-04-25T16:56:36.401484-04:00,node-01,checkout-api,503,True,anomalous,market_aware_v1,64.653,54.814,261.23,28.318,1.378,128.454,43.794,3.633
bae0a843-543a-4263-bcfe-c4a850f7a770,2026-04-25T16:56:36.401997-04:00,node-01,payments-api,429,True,anomalous,market_aware_v1,61.715,55.775,249.957,23.268,1.109,124.295,31.054,3.121
fabe70ce-44aa-46fb-a331-8519f694d8a4,2026-04-25T16:56:36.402506-04:00,node-01,orders-api,429,True,normal,market_aware_v1,70.14,49.96,235.483,29.269,0.978,119.486,70.679,2.765
649e34c6-68a7-44d7-a7d6-747e02a3ce4e,2026-04-25T16:56:36.402994-04:00,node-01,checkout-api,503,True,anomalous,market_aware_v1,71.401,56.918,268.117,27.814,1.301,130.02,41.778,3.426
fb166653-59c2-422a-acd2-5bd3013120b9,2026-04-25T16:56:36.403490-04:00,node-01,payments-api,429,True,anomalous,market_aware_v1,66.062,60.735,262.307,26.61,1.479,127.554,26.994,3.596
1e0cb313-931a-485a-bb4e-c0f5c2be0068,2026-04-25T16:56:36.403979-04:00,node-01,orders-api,502,True,anomalous,market_aware_v1,72.038,51.772,250.452,28.244,1.027,122.892,69.714,2.873
3b4e2a16-978e-4aff-8457-e92c7b390cb2,2026-04-25T16:56:36.404416-04:00,node-01,checkout-api,429,True,anomalous,market_aware_v1,69.694,56.854,252.44,28.108,1.261,125.891,41.311,3.298
6e61b974-316a-46ae-8ff5-60398bf36905,2026-04-25T16:56:36.404858-04:00,node-01,payments-api,429,True,anomalous,market_aware_v1,65.839,57.348,256.071,26.544,1.197,123.628,35.124,3.15
e1479268-19e4-48c7-a30c-c366fb2d2ea0,2026-04-25T16:56:36.405350-04:00,node-01,orders-api,429,True,anomalous,market_aware_v1,67.883,54.953,229.793,31.79,0.973,122.379,69.331,2.802
a0fd47d0-57b9-417d-8e80-cca0e0ee28e1,2026-04-25T16:56:36.405895-04:00,node-01,checkout-api,500,True,anomalous,market_aware_v1,68.483,56.742,262.288,26.537,1.109,122.773,44.183,3.091
6dcaa863-85b2-4cb3-810d-e2b600965c2d,2026-04-25T16:56:36.406418-04:00,node-01,payments-api,500,True,anomalous,market_aware_v1,65.071,59.647,263.71,26.426,1.099,126.172,38.454,3.054
540d99e8-2f0b-433f-96fe-edb0bc640e7d,2026-04-25T16:56:36.406918-04:00,node-01,orders-api,429,True,normal,market_aware_v1,74.179,55.395,241.444,31.435,1.008,118.61,71.909,2.8
5ae77a44-cb86-46e3-bb3f-e29f291bed9d,2026-04-25T16:56:36.407418-04:00,node-01,checkout-api,500,True,anomalous,market_aware_v1,72.29,55.088,248.89,31.226,1.328,127.301,44.037,3.367
b1916c36-0090-4b96-9f8d-ab576395bae5,2026-04-25T16:56:36.407920-04:00,node-01,payments-api,503,True,anomalous,market_aware_v1,67.707,59.161,277.603,25.723,1.216,133.297,30.231,3.365
d7021d58-5a9e-4ec7-871f-ad91bda62831,2026-04-25T16:56:36.408402-04:00,node-01,orders-api,429,True,anomalous,market_aware_v1,72.498,56.116,238.449,29.926,1.119,125.526,73.786,3.016
ea5d7db6-81ff-4833-91b1-931b5fd9be96,2026-04-25T16:56:36.408908-04:00,node-01,checkout-api,429,True,anomalous,market_aware_v1,72.365,58.896,252.285,30.415,1.153,121.408,42.567,3.063
b1d5cd4b-845b-4260-a134-b64c1fdedac8,2026-04-25T16:56:36.409422-04:00,node-01,payments-api,503,True,anomalous,market_aware_v1,72.089,59.624,280.71,28.895,1.43,129.16,27.764,3.625
20bbf89f-8866-4a22-aee6-e47ae70b9803,2026-04-25T16:56:36.410060-04:00,node-01,orders-api,500,True,anomalous,market_aware_v1,74.175,57.663,244.649,31.949,1.189,125.683,71.139,3.07
ae485466-f624-4c5c-b925-3f991e62a0aa,2026-04-25T16:56:36.410572-04:00,node-01,checkout-api,429,True,anomalous,market_aware_v1,67.292,54.535,248.926,28.379,1.238,124.973,43.522,3.297
ccef161a-1e66-4520-8de5-7e99cc93e367,2026-04-25T16:56:36.411060-04:00,node-01,payments-api,502,True,anomalous,market_aware_v1,64.677,56.21,275.148,25.815,1.249,127.02,32.62,3.379
e5f57720-626a-4509-b220-312c601a632f,2026-04-25T16:56:36.411561-04:00,node-01,orders-api,503,True,normal,market_aware_v1,71.268,53.384,226.261,29.354,0.922,114.984,67.625,2.689
0de4b743-5efe-4742-a8d3-1e05baf19d06,2026-04-25T16:56:36.412065-04:00,node-01,checkout-api,429,True,anomalous,market_aware_v1,68.943,56.836,261.139,30.624,1.285,123.752,40.061,3.451
a9fad9c0-c413-4bfc-bba4-7bb17dff1e45,2026-04-25T16:56:36.412566-04:00,node-01,payments-api,500,True,anomalous,market_aware_v1,69.147,60.334,254.578,26.034,1.168,120.898,28.929,2.899
3826ba33-3a58-43f9-83a4-f741fd735eb7,2026-04-25T16:56:36.413285-04:00,node-01,orders-api,500,True,anomalous,market_aware_v1,69.039,51.776,239.286,30.032,1.143,122.628,71.587,3.168
8788bcd1-76bc-4132-806d-31b8d4b41a5a,2026-04-25T16:56:36.413818-04:00,node-01,checkout-api,500,True,anomalous,market_aware_v1,67.248,52.751,262.095,30.474,1.38,129.838,40.257,3.696
cc1f69be-dc90-479d-8968-b599e320d4e1,2026-04-25T16:56:36.414312-04:00,node-01,payments-api,503,True,anomalous,market_aware_v1,64.282,58.902,267.53,24.936,1.329,126.232,34.736,3.496
7df3b5ca-afe1-4c8a-9ba2-ff8f0520a3e6,2026-04-25T16:56:36.414813-04:00,node-01,orders-api,429,True,anomalous,market_aware_v1,74.043,49.634,257.968,29.835,1.104,129.666,56.229,3.081
721a20a1-f004-4c83-8c13-7fdf26d3794f,2026-04-25T16:56:36.415343-04:00,node-01,checkout-api,429,True,anomalous,market_aware_v1,66.32,53.355,256.328,27.243,1.204,122.416,39.745,3.074
fe37795f-9473-4464-a5fb-a2d7b6833dee,2026-04-25T16:56:36.415989-04:00,node-01,payments-api,502,True,anomalous,market_aware_v1,61.357,60.202,261.22,24.93,1.077,124.692,28.825,3.114
d4188a6c-a568-49b7-a838-3859ae954eb6,2026-04-25T16:56:36.416525-04:00,node-01,orders-api,500,True,normal,market_aware_v1,67.138,50.274,236.843,31.408,0.958,116.351,70.086,2.59
8f06ebf1-3ba5-4c76-8c9d-35fee33372a1,2026-04-25T16:56:36.417045-04:00,node-01,checkout-api,502,True,anomalous,market_aware_v1,71.329,58.409,268.517,29.583,1.325,130.125,37.14,3.341
3a95abee-c7f3-4be1-af5b-89f39c50d153,2026-04-25T16:56:36.417571-04:00,node-01,payments-api,500,True,anomalous,market_aware_v1,60.677,60.537,256.574,24.487,1.087,122.426,24.557,3.131
0c6a0361-76e4-4cda-9cfd-3afb7dcfd8ab,2026-04-25T16:56:36.418080-04:00,node-01,orders-api,500,True,normal,market_aware_v1,68.53,51.93,223.695,32.271,0.995,114.848,68.011,2.7
82fb239c-8756-4df1-9f86-547c80e28c30,2026-04-25T16:56:36.418571-04:00,node-01,checkout-api,503,True,anomalous,market_aware_v1,66.0,55.324,245.329,29.624,1.166,122.089,36.37,3.053
df45b9ef-5475-4761-a521-758362d8fa66,2026-04-25T16:56:36.419058-04:00,node-01,payments-api,429,True,normal,market_aware_v1,62.85,56.608,246.302,25.069,1.104,116.378,30.623,2.914
aa8531dc-7dbc-404f-bfa3-2db12a71b00f,2026-04-25T16:56:36.419676-04:00,node-01,orders-api,502,True,normal,market_aware_v1,69.662,50.548,232.953,33.831,0.926,117.094,68.731,2.713
cfb138da-0343-44cd-9105-c575af6bc4da,2026-04-25T16:56:36.420192-04:00,node-01,checkout-api,500,True,normal,market_aware_v1,68.426,57.364,246.146,28.042,1.215,119.601,47.441,3.037
3a1735cf-7724-4c92-81f3-0bcc6ed44180,2026-04-25T16:56:36.420672-04:00,node-01,payments-api,502,True,anomalous,market_aware_v1,66.629,56.925,266.994,28.855,1.191,121.219,33.697,3.063
3cc80673-8f25-4d66-ab8a-ca5af66725a1,2026-04-25T16:56:36.421158-04:00,node-01,orders-api,429,True,anomalous,market_aware_v1,70.614,55.338,233.606,35.24,1.042,122.753,71.994,2.861
ddd6d1be-3c51-4f05-a26d-cec51559a1c9,2026-04-25T16:56:36.421629-04:00,node-01,checkout-api,500,True,anomalous,market_aware_v1,76.037,60.946,266.878,31.305,1.484,130.008,38.319,3.642
ee143a77-ac6f-4b76-80dd-59830cfaae68,2026-04-25T16:56:36.422067-04:00,node-01,payments-api,502,True,anomalous,market_aware_v1,68.707,57.542,261.943,27.594,1.257,132.173,33.269,3.461
999bbc00-3f3f-4bb5-ba37-6b46d09741fe,2026-04-25T16:56:36.422593-04:00,node-01,orders-api,500,True,anomalous,market_aware_v1,74.782,54.571,241.404,32.607,1.07,124.73,75.92,2.935
703c84d0-8777-472c-a370-425e27dece02,2026-04-25T16:56:36.423219-04:00,node-01,checkout-api,429,True,anomalous,market_aware_v1,76.685,57.803,250.692,31.358,1.144,120.126,51.362,2.935
4d38cfbe-2416-42c7-baa0-cf00c65a1e01,2026-04-25T16:56:36.423749-04:00,node-01,payments-api,503,True,anomalous,market_aware_v1,72.522,61.773,281.432,28.629,1.307,136.46,38.26,3.658
5b8f86c5-3c7d-4a8a-b8d9-4c4c2950ecf4,2026-04-25T16:56:36.424249-04:00,node-01,orders-api,502,True,anomalous,market_aware_v1,76.612,56.713,250.857,33.346,1.064,125.296,75.394,3.097
33292e85-bee3-461b-9d2a-af69b48a542c,2026-04-25T16:56:36.424767-04:00,node-01,checkout-api,503,True,anomalous,market_aware_v1,72.295,61.518,252.869,32.988,1.243,123.079,57.9,3.193
90d8f073-4b9f-4d1b-b08e-83ff85c8f8a9,2026-04-25T16:56:36.425233-04:00,node-01,payments-api,500,True,anomalous,market_aware_v1,74.289,66.395,291.454,31.297,1.7,141.262,28.804,4.335
f76c4e47-31e4-416b-be15-ef09b4a87916,2026-04-25T16:56:36.425741-04:00,node-01,orders-api,429,True,anomalous,market_aware_v1,79.007,58.991,241.331,34.033,1.02,127.731,66.139,3.03
23fa74ab-7a92-41dd-95d0-3febbd54e665,2026-04-25T16:56:36.426230-04:00,node-01,checkout-api,503,True,normal,market_aware_v1,76.183,62.998,256.716,30.673,1.155,118.792,52.584,3.064
acfd6831-ca5b-4e66-9694-e95da6d13f2a,2026-04-25T16:56:36.426785-04:00,node-01,payments-api,500,True,anomalous,market_aware_v1,70.675,64.106,278.405,28.806,1.137,127.319,38.729,3.292
23ded026-fcb3-4c0a-b03e-f749d0567fee,2026-04-25T16:56:36.427310-04:00,node-01,orders-api,503,True,anomalous,market_aware_v1,79.585,56.532,234.128,35.201,0.988,120.802,75.827,2.719
6c97cecb-f714-4bb0-b80c-dd6e937c9422,2026-04-25T16:56:36.427828-04:00,node-01,checkout-api,503,True,anomalous,market_aware_v1,75.37,59.55,257.868,31.674,1.205,120.992,52.07,3.123
f5835a91-5b73-4d47-a14e-71b3e11f485b,2026-04-25T16:56:36.428275-04:00,node-01,payments-api,503,True,anomalous,market_aware_v1,70.998,60.457,269.52,28.136,1.287,128.469,37.011,3.364
c085179a-b789-4c85-972f-bf0e12510aba,2026-04-25T16:56:36.429722-04:00,node-01,orders-api,502,True,anomalous,market_aware_v1,79.36,57.752,259.656,34.718,1.4,131.182,67.672,3.515
72ec0395-da46-420b-a8b6-89496f6528d6,2026-04-25T16:56:36.431003-04:00,node-01,checkout-api,502,True,normal,market_aware_v1,71.785,58.013,247.735,31.32,1.168,113.081,52.647,2.9
2bbd5a62-c6e5-4a22-a228-3d130af909d4,2026-04-25T16:56:36.431510-04:00,node-01,payments-api,500,True,normal,market_aware_v1,66.65,61.078,254.351,26.547,1.046,112.911,38.21,2.823
3ac4121c-9c6c-4e54-b0fa-5d8059e2b030,2026-04-25T16:56:36.432012-04:00,node-01,orders-api,500,True,anomalous,market_aware_v1,70.298,54.395,240.745,32.047,1.083,124.771,65.789,2.971
a04165b3-9ef3-44a4-81df-4cc8fd337200,2026-04-25T16:56:36.432529-04:00,node-01,checkout-api,503,True,anomalous,market_aware_v1,65.959,58.764,250.96,30.012,1.171,126.854,46.355,3.274
61908dd9-c6bf-4659-b29d-59cda16a9e17,2026-04-25T16:56:36.433030-04:00,node-01,payments-api,500,True,anomalous,market_aware_v1,64.511,58.639,275.741,27.636,1.141,131.394,27.967,3.292
9fe53d91-fa79-4f15-b670-0249a1e2f8c6,2026-04-25T16:56:36.433550-04:00,node-01,orders-api,429,True,anomalous,market_aware_v1,72.931,51.814,238.898,30.846,1.097,122.71,59.47,3.049
e08cbb70-591c-4834-989c-d646322c58a3,2026-04-25T16:56:36.434145-04:00,node-01,checkout-api,429,True,normal,market_aware_v1,63.968,56.374,242.07,29.708,1.1,119.602,47.612,3.098
1b702295-9cf2-4d8b-8780-62861594ea5a,2026-04-25T16:56:36.434654-04:00,node-01,payments-api,502,True,anomalous,market_aware_v1,64.225,57.167,258.985,25.946,1.125,122.757,25.281,3.144
8660a9a1-1c6d-4dfc-b241-74c3024607c8,2026-04-25T16:56:36.436185-04:00,node-01,orders-api,500,True,normal,market_aware_v1,69.264,51.74,226.524,29.34,1.024,119.304,57.915,2.749
830a7819-46ae-41aa-94bb-4d99044a286e,2026-04-25T16:56:36.436705-04:00,node-01,checkout-api,500,True,anomalous,market_aware_v1,62.474,55.194,239.65,26.437,1.175,121.995,41.877,3.091
d9c4f242-9a2d-48c0-bb43-338537cc1b84,2026-04-25T16:56:36.438258-04:00,node-01,payments-api,503,True,normal,market_aware_v1,59.725,57.368,233.727,25.598,1.025,115.175,31.203,2.856
8b767320-55e4-4eb0-8c25-e21e1e407b7c,2026-04-25T16:56:36.438949-04:00,node-01,orders-api,500,True,anomalous,market_aware_v1,68.584,54.812,241.583,30.055,1.411,124.469,54.703,3.456
2bbb4d26-0a26-420a-85d4-35d087b8b571,2026-04-25T16:56:36.439423-04:00,node-01,checkout-api,500,True,anomalous,market_aware_v1,69.11,52.179,267.098,27.158,1.291,127.913,39.013,3.408
445a0458-e9ba-42a0-ae1d-073b7f3f0a8e,2026-04-25T16:56:36.439927-04:00,node-01,payments-api,503,True,anomalous,market_aware_v1,60.942,56.382,258.176,22.081,1.225,129.261,25.08,3.321
7e8819f0-237a-40ad-bcaf-269659518d34,2026-04-25T16:56:36.440412-04:00,node-01,orders-api,429,True,normal,market_aware_v1,61.586,50.692,237.518,28.472,0.917,115.511,60.255,2.744
65ab12c3-5e64-4bba-9b7f-4a698adeb86b,2026-04-25T16:56:36.440879-04:00,node-01,checkout-api,503,True,normal,market_aware_v1,62.974,52.965,259.451,27.694,1.077,117.779,36.483,2.904
d18a3cf0-a04a-42af-b3b2-178f1ec1c1f4,2026-04-25T16:56:36.441300-04:00,node-01,payments-api,503,True,anomalous,market_aware_v1,61.811,56.091,271.267,22.851,1.057,125.158,23.372,3.139
c1fb6427-f6f8-4704-a146-d77309690aef,2026-04-25T16:56:36.441755-04:00,node-01,orders-api,500,True,anomalous,market_aware_v1,68.326,50.713,236.739,27.974,1.065,122.609,60.453,2.861
e7d0220a-9b56-4f99-bc63-0b2a28855c0c,2026-04-25T16:56:36.442260-04:00,node-01,checkout-api,500,True,anomalous,market_aware_v1,65.232,56.368,248.765,26.847,1.178,122.553,39.63,3.143
a1558119-0a28-4969-befe-a7cebbfcd924,2026-04-25T16:56:36.442727-04:00,node-01,payments-api,503,True,anomalous,market_aware_v1,59.507,54.896,256.989,24.002,1.108,122.075,27.795,3.12
da555c57-781d-4a63-bf82-fa19c70e22f2,2026-04-25T16:56:36.443159-04:00,node-01,orders-api,502,True,anomalous,market_aware_v1,65.862,54.302,249.329,27.996,1.117,126.221,57.288,3.164
70c7bb4c-1d39-40c9-9642-907fd17d0136,2026-04-25T16:56:36.443601-04:00,node-01,checkout-api,429,True,anomalous,market_aware_v1,66.36,57.674,265.362,26.972,1.199,126.096,43.285,3.315
ce22d9be-2952-408b-ab56-5c4711d91367,2026-04-25T16:56:36.444038-04:00,node-01,payments-api,500,True,anomalous,market_aware_v1,62.02,58.133,259.486,24.339,1.207,122.422,31.667,3.237
6d095675-6526-416f-92d1-db6b21e0534c,2026-04-25T16:56:36.444488-04:00,node-01,orders-api,429,True,normal,market_aware_v1,64.36,50.433,227.849,31.774,1.056,112.339,68.902,2.766
452e07fb-9e5d-4bdc-b2ef-8bd40e12961f,2026-04-25T16:56:36.444933-04:00,node-01,checkout-api,429,True,normal,market_aware_v1,68.492,55.272,256.849,24.576,1.055,118.43,48.964,2.858
84076cc7-4d00-4a9b-8f2c-25b54c722c0e,2026-04-25T16:56:36.445383-04:00,node-01,payments-api,502,True,anomalous,market_aware_v1,66.913,55.698,262.394,25.028,1.207,131.264,30.736,3.322
e2640e44-ee2d-4ff2-a6d9-b896beabd9de,2026-04-25T16:56:36.445839-04:00,node-01,orders-api,502,True,anomalous,market_aware_v1,68.828,56.475,244.232,30.839,1.084,127.32,64.321,3.046
d8bb18a6-c454-4b12-a95c-f036672795d7,2026-04-25T16:56:36.446285-04:00,node-01,checkout-api,429,True,anomalous,market_aware_v1,70.994,56.872,256.516,29.672,1.226,125.482,42.124,3.217
2d60eea7-a019-4ca0-b086-20ca66115ce0,2026-04-25T16:56:36.446722-04:00,node-01,payments-api,429,True,anomalous,market_aware_v1,66.502,58.703,262.167,27.742,1.164,126.743,37.541,3.15
a09e90b5-636b-478a-9a05-00e4cd7d5e96,2026-04-25T16:56:36.447164-04:00,node-01,orders-api,500,True,normal,market_aware_v1,70.441,53.768,227.137,34.226,0.966,114.915,70.491,2.601
44f964fe-737b-4d6a-87e8-e9d26ae94a39,2026-04-25T16:56:36.447647-04:00,node-01,checkout-api,429,True,anomalous,market_aware_v1,67.697,58.426,257.131,29.684,1.191,124.842,52.216,3.126
064034df-c6a5-4e2b-8b45-9475b52184fa,2026-04-25T16:56:36.448082-04:00,node-01,payments-api,500,True,anomalous,market_aware_v1,64.658,58.317,266.65,25.423,1.211,129.214,40.925,3.161
eb968ce4-2c10-4970-8dea-c156a0197d4b,2026-04-25T16:56:36.448537-04:00,node-01,orders-api,502,True,anomalous,market_aware_v1,70.906,53.692,234.157,33.083,0.954,127.969,71.564,2.935
c3daf380-4008-4e1f-b456-43434017c657,2026-04-25T16:56:36.449003-04:00,node-01,checkout-api,500,True,anomalous,market_aware_v1,72.896,58.585,263.021,29.911,1.172,125.667,46.969,3.131
2ed2c79e-fac2-4a29-87bf-1c75cd47871a,2026-04-25T16:56:36.449417-04:00,node-01,payments-api,500,True,anomalous,market_aware_v1,67.271,60.936,279.141,25.826,1.34,135.469,34.289,3.769
37a55286-ec74-42a5-832d-b4ba6e40f36e,2026-04-25T16:56:36.449837-04:00,node-01,orders-api,500,True,anomalous,market_aware_v1,75.352,57.701,254.203,33.602,1.118,124.194,72.374,3.092
7f2ba5ab-0ef2-42d5-87d2-703e5aeba151,2026-04-25T16:56:36.450288-04:00,node-01,checkout-api,429,True,anomalous,market_aware_v1,68.806,59.407,246.085,29.486,1.189,122.801,44.994,3.095
82af005e-d34e-4658-b145-385d404a916b,2026-04-25T16:56:36.450723-04:00,node-01,payments-api,502,True,anomalous,market_aware_v1,64.586,61.216,268.672,26.646,1.251,130.212,38.001,3.21
950bff68-3d87-4da4-93bc-79b4006fe75e,2026-04-25T16:56:36.451157-04:00,node-01,orders-api,429,True,anomalous,market_aware_v1,72.584,55.489,242.087,31.938,1.055,126.104,67.43,2.962
35e27282-211f-40ce-abd7-969fda0dbcdd,2026-04-25T16:56:36.451580-04:00,node-01,checkout-api,429,True,normal,market_aware_v1,66.832,60.361,242.668,29.229,1.144,118.319,50.172,2.991
3ffb8001-2580-4bd4-a75f-148dbf3756f7,2026-04-25T16:56:36.452012-04:00,node-01,payments-api,429,True,anomalous,market_aware_v1,65.127,61.093,264.318,26.017,1.158,124.178,33.966,3.128
63399946-ba91-4333-b4ef-c7492d42f250,2026-04-25T16:56:36.452407-04:00,node-01,orders-api,502,True,anomalous,market_aware_v1,73.92,53.99,235.893,31.358,0.901,120.68,62.446,2.765
b1116f99-c717-476d-92bc-00d14694284b,2026-04-25T16:56:36.452856-04:00,node-01,checkout-api,503,True,anomalous,market_aware_v1,67.602,56.12,266.041,29.068,1.229,125.784,43.185,3.149
d7b7f601-94e5-41e0-8884-14cec898717d,2026-04-25T16:56:36.453300-04:00,node-01,payments-api,429,True,normal,market_aware_v1,61.976,57.574,245.402,24.3,0.982,115.295,27.646,2.776
c82f2fab-56d3-4868-bc6e-064922222978,2026-04-25T16:56:36.453737-04:00,node-01,orders-api,500,True,anomalous,market_aware_v1,68.727,52.709,234.547,30.945,1.106,123.227,63.374,2.91
97aafcc0-0fb3-4a40-86f5-33a4d00dd2fb,2026-04-25T16:56:36.454156-04:00,node-01,checkout-api,429,True,anomalous,market_aware_v1,66.424,59.323,250.172,29.129,1.236,123.506,45.835,3.238
62efb24f-095f-413e-9611-ce148a0412fe,2026-04-25T16:56:36.454599-04:00,node-01,payments-api,503,True,anomalous,market_aware_v1,61.222,54.942,253.214,25.317,1.215,124.892,27.396,3.127
6e743cb3-2ae5-49c0-a9a2-fa15448be005,2026-04-25T16:56:36.455027-04:00,node-01,orders-api,503,True,anomalous,market_aware_v1,67.904,50.377,249.286,28.19,1.07,124.095,63.0,3.017
15b4589d-afa0-493c-8095-8ff7fa0d109f,2026-04-25T16:56:36.455507-04:00,node-01,checkout-api,503,True,normal,market_aware_v1,64.994,51.243,247.649,27.216,1.227,118.441,39.596,3.164
e2fbb03d-5401-49c7-b29a-2b7a41747b65,2026-04-25T16:56:36.455938-04:00,node-01,payments-api,502,True,anomalous,market_aware_v1,64.215,56.811,266.279,24.801,1.252,126.662,26.229,3.376
2d054a5c-4c4d-433f-8197-1092c4490de4,2026-04-25T16:56:36.456422-04:00,node-01,orders-api,503,True,normal,market_aware_v1,70.193,48.122,231.372,29.77,0.974,116.021,63.457,2.624
0c298025-8d9a-43e7-8c0e-bf2c90d322f0,2026-04-25T16:56:36.456929-04:00,node-01,checkout-api,429,True,normal,market_aware_v1,67.562,56.854,242.973,28.673,1.14,114.569,43.408,2.888
59b84c63-5afc-4340-8aa9-d76f3123a82c,2026-04-25T16:56:36.457414-04:00,node-01,payments-api,429,True,anomalous,market_aware_v1,61.904,59.446,253.712,26.329,1.096,120.575,36.672,3.08
1a8504bc-caff-4c1e-b4ca-d837910830fb,2026-04-25T16:56:36.458015-04:00,node-01,orders-api,429,True,anomalous,market_aware_v1,66.423,51.701,239.447,30.612,0.978,121.774,58.666,2.845
02907a1e-f33d-4ecf-beb6-7012288d95b8,2026-04-25T16:56:36.458478-04:00,node-01,checkout-api,503,True,anomalous,market_aware_v1,67.813,56.513,262.225,28.476,1.195,122.241,40.464,3.229
01b6ef86-50bd-47fe-aa8b-07633ec36ccf,2026-04-25T16:56:36.459102-04:00,node-01,payments-api,429,True,anomalous,market_aware_v1,63.579,56.506,271.627,25.999,1.197,130.19,27.596,3.33
0ae6daa5-241a-4e7d-8244-ae2f7629ba8a,2026-04-25T16:56:36.460808-04:00,node-01,orders-api,429,True,anomalous,market_aware_v1,73.708,52.209,243.546,30.677,1.083,124.026,63.989,2.851
85caf321-a429-4e0b-b9ff-ad97cbf440ed,2026-04-25T16:56:36.461274-04:00,node-01,checkout-api,429,True,anomalous,market_aware_v1,67.671,57.029,260.193,30.339,1.134,121.56,39.836,3.17
d52e6f2f-fcde-4a16-ae82-9937b79a99aa,2026-04-25T16:56:36.461766-04:00,node-01,payments-api,502,True,anomalous,market_aware_v1,68.424,54.872,255.554,24.027,1.107,122.26,37.995,3.15
4eddceae-5df4-4816-baa6-977cffcd6627,2026-04-25T16:56:36.462220-04:00,node-01,orders-api,429,True,anomalous,market_aware_v1,71.244,55.796,238.541,29.723,1.168,128.016,63.881,3.036
022d2690-4842-498d-87a6-2d80ae04bb50,2026-04-25T16:56:36.462638-04:00,node-01,checkout-api,500,True,anomalous,market_aware_v1,74.856,60.688,280.327,29.411,1.546,132.858,44.05,3.925
7ed66c4d-5ec9-4976-82a5-4d95aeec053a,2026-04-25T16:56:36.463070-04:00,node-01,payments-api,502,True,anomalous,market_aware_v1,66.679,59.867,277.143,27.697,1.231,128.77,30.371,3.467
b536316e-5482-4a7b-bcf9-86c3822b7736,2026-04-25T16:56:36.463499-04:00,node-01,orders-api,429,True,anomalous,market_aware_v1,75.832,56.184,263.459,31.543,1.124,135.981,65.481,3.231
10d11b25-ec6c-4165-a253-946d716af912,2026-04-25T16:56:36.463929-04:00,node-01,checkout-api,500,True,anomalous,market_aware_v1,74.151,56.414,289.877,32.346,1.556,138.775,47.98,4.071
7d00a923-4cbc-432c-9779-f94122f21b97,2026-04-25T16:56:36.464392-04:00,node-01,payments-api,502,True,anomalous,market_aware_v1,69.401,63.011,268.676,29.288,1.008,123.049,33.514,2.999
5846956b-688a-4d78-919b-2dd9b7b802a8,2026-04-25T16:56:36.464860-04:00,node-01,orders-api,500,True,anomalous,market_aware_v1,74.671,55.675,255.468,33.7,1.132,124.619,71.722,2.989
9273c954-09f6-4d7e-a87e-e28281aa751c,2026-04-25T16:56:36.465313-04:00,node-01,checkout-api,500,True,anomalous,market_aware_v1,73.869,59.879,265.441,31.368,1.595,127.254,48.441,3.859
f6eb696a-5255-46c5-942f-786c54232e63,2026-04-25T16:56:36.465840-04:00,node-01,payments-api,429,True,anomalous,market_aware_v1,69.114,63.564,282.764,29.143,1.347,144.15,38.193,3.661
53a47719-69a4-44a3-8328-0b5aa735faf7,2026-04-25T16:56:36.466332-04:00,node-01,orders-api,429,True,anomalous,market_aware_v1,76.593,59.232,252.411,35.496,1.419,134.463,67.991,3.581
2f8ea09b-013a-4fde-8a3f-4cd772db0a22,2026-04-25T16:56:36.466911-04:00,node-01,checkout-api,429,True,anomalous,market_aware_v1,75.284,57.628,268.081,29.703,1.384,132.685,53.081,3.696
8a171c70-3dab-40f0-a9ac-45dd134b8769,2026-04-25T16:56:36.467406-04:00,node-01,payments-api,500,True,anomalous,market_aware_v1,76.468,61.958,282.39,27.783,1.241,133.198,38.222,3.346
ca38e2c1-8f29-4987-be31-38c1f8fa5884,2026-04-25T16:56:36.468014-04:00,node-01,orders-api,500,True,anomalous,market_aware_v1,73.155,59.54,240.334,32.082,0.982,120.668,74.682,2.837
04f5d3e5-d667-44bd-895b-c06e3b4c10c0,2026-04-25T16:56:36.468863-04:00,node-01,checkout-api,502,True,anomalous,market_aware_v1,78.862,61.619,261.893,29.068,1.248,133.284,41.676,3.446
6186d19b-6ec9-4bdd-83ba-409881516e02,2026-04-25T16:56:36.469376-04:00,node-01,payments-api,429,True,anomalous,market_aware_v1,69.973,60.184,267.555,29.33,1.223,129.983,34.273,3.336
77d0bf1a-4395-4de3-9ec5-b0e3cdee18da,2026-04-25T16:56:36.469874-04:00,node-01,orders-api,500,True,normal,market_aware_v1,73.293,59.171,242.275,33.352,0.966,119.268,71.343,2.72
758e8c32-003a-464a-89e3-667c50a32ecf,2026-04-25T16:56:36.470392-04:00,node-01,checkout-api,500,True,anomalous,market_aware_v1,73.059,58.793,262.364,30.964,1.297,127.212,42.933,3.243
8947b809-5962-4183-b691-6438b902ebeb,2026-04-25T16:56:36.470906-04:00,node-01,payments-api,429,True,anomalous,market_aware_v1,73.079,61.514,298.754,28.353,1.582,139.643,17.071,3.909
629d4060-51e1-415a-a469-ea7d2fae8502,2026-04-25T16:56:36.471410-04:00,node-01,orders-api,500,True,anomalous,market_aware_v1,75.006,54.118,259.715,31.221,1.151,127.917,75.947,3.132
b0fae3b9-1844-4a0c-84d5-7b47c0360d3e,2026-04-25T16:56:36.471921-04:00,node-01,checkout-api,503,True,anomalous,market_aware_v1,71.511,59.653,247.904,30.826,1.274,120.686,47.639,3.118
cad5fb00-7bcc-4730-8a67-e4c0500a1b34,2026-04-25T16:56:36.472458-04:00,node-01,payments-api,503,True,anomalous,market_aware_v1,64.404,56.518,255.733,23.819,1.165,123.288,38.458,3.208
175bf7bd-a094-443c-a583-e4082e98d91e,2026-04-25T16:56:36.473019-04:00,node-01,orders-api,429,True,normal,market_aware_v1,74.269,55.861,243.76,30.534,1.06,119.146,65.623,2.771
cbd79ca5-e454-4f88-b925-36fd434dcdca,2026-04-25T16:56:36.473490-04:00,node-01,checkout-api,429,True,anomalous,market_aware_v1,67.424,58.659,256.731,26.502,1.193,124.2,42.011,3.274
e078c63f-a3ba-4e55-acd8-5a8102026b2f,2026-04-25T16:56:36.473885-04:00,node-01,payments-api,500,True,anomalous,market_aware_v1,64.171,58.128,265.729,25.614,1.238,128.673,23.927,3.24
53ff44f4-b9cd-41d3-8562-f991993262cb,2026-04-25T16:56:36.474317-04:00,node-01,orders-api,500,True,normal,market_aware_v1,71.21,49.692,237.069,28.666,1.04,118.153,62.497,2.897
88b7a3c1-aaf4-45a7-b973-15fb24d1bcb5,2026-04-25T16:56:36.475085-04:00,node-01,checkout-api,429,True,anomalous,market_aware_v1,65.717,54.806,254.359,29.113,1.199,123.517,36.471,3.21
42c19a7f-3b02-44b0-a413-3bb17f4df53e,2026-04-25T16:56:36.475578-04:00,node-01,payments-api,500,True,anomalous,market_aware_v1,61.207,55.308,277.856,22.763,1.263,134.528,21.091,3.4
1c86dce5-d29a-47e9-89db-13de077d19fc,2026-04-25T16:56:36.476004-04:00,node-01,orders-api,502,True,anomalous,market_aware_v1,66.886,50.085,252.506,30.42,1.069,122.638,57.046,2.95
505eb219-e375-4f58-9876-4bd3f7f835a1,2026-04-25T16:56:36.476444-04:00,node-01,checkout-api,500,True,anomalous,market_aware_v1,64.215,53.829,265.427,24.796,1.335,128.313,36.0,3.325
a19b8185-71ce-4a6d-a525-53fda93a987e,2026-04-25T16:56:36.476889-04:00,node-01,payments-api,429,True,anomalous,market_aware_v1,60.552,56.191,273.71,24.271,1.301,129.016,18.822,3.39
a907367e-f1ac-4e13-adff-9aa11362843d,2026-04-25T16:56:36.477304-04:00,node-01,orders-api,503,True,anomalous,market_aware_v1,71.744,49.934,256.668,30.5,1.335,123.573,52.211,3.28
6699825a-1769-4ec4-b45a-81b74c8f3dc0,2026-04-25T16:56:36.477729-04:00,node-01,checkout-api,503,True,anomalous,market_aware_v1,65.447,53.719,270.068,28.932,1.281,126.951,30.18,3.507
657a6865-4610-48c7-afdb-3df25fe7cb68,2026-04-25T16:56:36.478136-04:00,node-01,payments-api,429,True,anomalous,market_aware_v1,63.352,55.316,277.552,27.012,1.522,127.218,18.11,3.792
6ab93fe6-ddb7-4c37-8a72-f537b1fd6a6a,2026-04-25T16:56:36.478547-04:00,node-01,orders-api,429,True,normal,market_aware_v1,63.485,52.341,232.348,27.77,0.975,116.923,62.076,2.733
84714c96-b543-46f7-bc4f-f28f47ac529e,2026-04-25T16:56:36.478954-04:00,node-01,checkout-api,500,True,normal,market_aware_v1,64.627,52.864,243.078,27.043,1.066,110.48,38.969,2.82
c7368569-337e-4318-a112-ad18b9441c5c,2026-04-25T16:56:36.479357-04:00,node-01,payments-api,500,True,normal,market_aware_v1,58.387,56.378,249.224,23.947,1.09,115.14,26.072,2.864
cdb57696-13e5-441a-b34d-d49370506f9d,2026-04-25T16:56:36.479843-04:00,node-01,orders-api,429,True,normal,market_aware_v1,69.02,51.521,235.267,31.08,1.01,119.934,55.962,2.839
3852fcb3-0bdc-4a5a-84c4-1a2ea080285d,2026-04-25T16:56:36.480274-04:00,node-01,checkout-api,500,True,anomalous,market_aware_v1,72.342,60.543,268.722,30.534,1.61,130.114,34.803,3.783
58e83095-7d15-437b-b736-2525254c1bd9,2026-04-25T16:56:36.480733-04:00,node-01,payments-api,500,True,anomalous,market_aware_v1,60.158,58.576,245.757,24.593,1.104,123.558,25.884,2.962
c196a9c5-1a27-438b-b6ed-e040aa11b5bb,2026-04-25T16:56:36.481182-04:00,node-01,orders-api,502,True,anomalous,market_aware_v1,71.413,54.899,260.297,30.385,1.076,130.229,65.479,3.031
9303d39c-d446-40bf-ae82-f55881a63321,2026-04-25T16:56:36.481617-04:00,node-01,checkout-api,503,True,anomalous,market_aware_v1,70.636,59.279,271.263,32.862,1.573,127.557,33.814,3.794
81ffc0b0-828a-4821-8724-2bbc9abc5bae,2026-04-25T16:56:36.482058-04:00,node-01,payments-api,502,True,anomalous,market_aware_v1,64.87,59.217,263.991,24.226,1.123,124.159,27.247,3.056
8aaebb41-1994-4bc2-b21a-0a6f5f7bc673,2026-04-25T16:56:36.482478-04:00,node-01,orders-api,429,True,anomalous,market_aware_v1,73.684,53.481,247.679,33.422,1.214,129.563,62.764,3.291
b20512d2-4efc-463a-85e5-b29e73b38de9,2026-04-25T16:56:36.482953-04:00,node-01,checkout-api,429,True,anomalous,market_aware_v1,71.752,56.855,259.736,28.355,1.245,124.604,39.38,3.301
13aa0dad-3a03-4158-9e34-2dae35c6fde6,2026-04-25T16:56:36.483405-04:00,node-01,payments-api,502,True,anomalous,market_aware_v1,67.064,60.822,272.723,25.176,1.19,129.342,36.252,3.34
cc050a6e-fb4b-4882-ab06-c47c961df3de,2026-04-25T16:56:36.483851-04:00,node-01,orders-api,502,True,anomalous,market_aware_v1,72.097,55.799,241.592,32.253,1.03,122.185,68.484,2.87
92676436-05f8-4dda-a82a-c3ff26428ab9,2026-04-25T16:56:36.484317-04:00,node-01,checkout-api,503,True,anomalous,market_aware_v1,69.474,55.101,256.094,32.188,1.225,124.002,44.803,3.195
c3fd6b13-6097-4226-8851-3490c2a92399,2026-04-25T16:56:36.484800-04:00,node-01,payments-api,502,True,anomalous,market_aware_v1,70.697,64.493,280.76,28.8,1.585,137.655,27.209,3.94
36d354f5-b2a0-416b-a33c-1aa76cc00104,2026-04-25T16:56:36.485282-04:00,node-01,orders-api,500,True,anomalous,market_aware_v1,71.767,55.168,227.94,32.292,1.039,122.571,71.549,2.892
f3c7b729-2b8d-4e86-a706-de2d0db77c5e,2026-04-25T16:56:36.485774-04:00,node-01,checkout-api,503,True,anomalous,market_aware_v1,72.501,56.908,268.681,31.06,1.331,133.777,44.567,3.409
bb13fc54-7750-468b-bf65-1972fcdc33d4,2026-04-25T16:56:36.486254-04:00,node-01,payments-api,429,True,anomalous,market_aware_v1,67.61,58.139,277.626,28.66,1.146,129.469,32.784,3.264
d1db8c0d-9db3-4056-8ee2-0a08b96d1a65,2026-04-25T16:56:36.486748-04:00,node-01,orders-api,503,True,anomalous,market_aware_v1,78.538,56.457,253.445,32.786,1.093,130.816,59.291,3.216
203061d7-d1e9-43ab-bfc5-dcc2418c5663,2026-04-25T16:56:36.487231-04:00,node-01,checkout-api,429,True,anomalous,market_aware_v1,75.116,55.108,252.763,31.652,1.144,120.609,46.942,3.053
dd889e08-8aaa-47c9-ad5f-d42eeb78d821,2026-04-25T16:56:36.487684-04:00,node-01,payments-api,500,True,anomalous,market_aware_v1,66.384,58.481,292.851,26.173,1.397,141.95,20.795,3.94
506af374-e4fa-4e70-9e53-476c17d37242,2026-04-25T16:56:36.488152-04:00,node-01,orders-api,429,True,anomalous,market_aware_v1,72.462,58.064,245.291,33.825,1.08,124.919,69.312,2.964
ad880962-59f9-42ba-a13b-75e9a01e618d,2026-04-25T16:56:36.488599-04:00,node-01,checkout-api,500,True,anomalous,market_aware_v1,74.12,57.065,285.746,31.662,1.49,138.086,40.419,3.919
3d46efd2-6297-4f7d-a4c0-e15ccc8f72ff,2026-04-25T16:56:36.489088-04:00,node-01,payments-api,500,True,anomalous,market_aware_v1,66.215,59.258,259.772,25.624,1.214,128.081,31.732,3.289
7e3b7623-2a23-43a8-a713-dfcfd9a86ee4,2026-04-25T16:56:36.489604-04:00,node-01,orders-api,503,True,anomalous,market_aware_v1,70.412,55.179,239.468,31.332,0.983,122.146,70.436,2.846
9fd9e029-6ff7-403b-9d33-57a7c9b68dd2,2026-04-25T16:56:36.490102-04:00,node-01,checkout-api,500,True,anomalous,market_aware_v1,74.191,56.567,256.391,31.792,1.211,121.201,51.031,3.138
0743da05-059e-426d-85ad-939f62692624,2026-04-25T16:56:36.490615-04:00,node-01,payments-api,503,True,anomalous,market_aware_v1,65.298,60.19,274.19,28.275,1.476,133.229,20.631,3.692
f5fab153-3d10-4a51-a473-3b128a04e539,2026-04-25T16:56:36.491069-04:00,node-01,orders-api,503,True,anomalous,market_aware_v1,68.252,52.609,254.488,31.031,0.993,125.193,59.647,2.873
4669276a-c136-4b94-a67f-97671801fd1b,2026-04-25T16:56:36.491538-04:00,node-01,checkout-api,502,True,normal,market_aware_v1,66.691,56.54,244.907,28.721,1.129,118.843,46.248,2.876
d656f270-385a-4292-a4ab-c81a95c6127e,2026-04-25T16:56:36.492021-04:00,node-01,payments-api,429,True,anomalous,market_aware_v1,64.861,55.808,261.301,25.545,1.122,127.041,27.263,3.152
ee40867e-320d-4415-a9e5-119751b4a845,2026-04-25T16:56:36.492531-04:00,node-01,orders-api,500,True,anomalous,market_aware_v1,68.313,50.933,245.515,30.969,1.037,126.659,57.141,2.997
75dcc3b0-67f6-477d-8488-157e930ba27a,2026-04-25T16:56:36.493003-04:00,node-01,checkout-api,429,True,anomalous,market_aware_v1,66.117,58.654,253.77,26.322,1.332,123.313,39.543,3.249
a320737c-791c-46d2-82f0-0056bcbcd88d,2026-04-25T16:56:36.493418-04:00,node-01,payments-api,500,True,anomalous,market_aware_v1,68.478,58.808,285.91,26.094,1.177,135.289,21.232,3.447
67aaa286-551a-40ad-897d-440b2ac40987,2026-04-25T16:56:36.493902-04:00,node-01,orders-api,503,True,anomalous,market_aware_v1,74.361,55.535,259.663,30.867,1.487,135.266,51.683,3.759
31827971-ad2b-41a1-9331-f61225748c1b,2026-04-25T16:56:36.494402-04:00,node-01,checkout-api,500,True,anomalous,market_aware_v1,67.435,55.478,261.796,26.632,1.214,122.309,38.07,3.202
b26bdf9d-a104-4679-bae9-d6fc5e42a43e,2026-04-25T16:56:36.494872-04:00,node-01,payments-api,500,True,anomalous,market_aware_v1,64.171,56.468,281.345,28.953,1.55,137.036,15.871,3.912
97751af0-e8d4-435b-9eea-2fd9ad225aa8,2026-04-25T16:56:36.495445-04:00,node-01,orders-api,500,True,anomalous,market_aware_v1,71.485,49.999,240.862,28.7,1.046,121.852,66.936,2.818
d27f373b-fab8-4151-9464-c338c9acfb1d,2026-04-25T16:56:36.495935-04:00,node-01,checkout-api,502,True,anomalous,market_aware_v1,70.089,56.045,262.255,28.58,1.282,128.473,38.216,3.286
a73b4aa9-79c6-410b-9a84-3f915fade27c,2026-04-25T16:56:36.496410-04:00,node-01,payments-api,500,True,anomalous,market_aware_v1,60.983,55.134,261.985,25.883,1.186,126.425,32.747,3.25
db6e98f3-f17c-483c-8fd2-f045f5060454,2026-04-25T16:56:36.496965-04:00,node-01,orders-api,429,True,anomalous,market_aware_v1,73.481,54.184,266.426,34.265,1.499,133.916,62.028,3.684
29f2d5fd-d941-4d9d-9538-4f5341f35214,2026-04-25T16:56:36.497919-04:00,node-01,checkout-api,502,True,anomalous,market_aware_v1,72.679,55.636,256.116,27.493,1.269,129.637,43.587,3.321
c9293957-03cf-4876-896d-cd36a4c863a3,2026-04-25T16:56:36.498682-04:00,node-01,payments-api,502,True,anomalous,market_aware_v1,69.272,60.518,264.478,25.707,1.114,124.243,27.809,3.067
d4756f33-94b2-4d2b-b02a-1999be913f8a,2026-04-25T16:56:36.499200-04:00,node-01,orders-api,429,True,anomalous,market_aware_v1,78.462,53.93,248.461,33.314,1.322,125.17,62.664,3.446
2212ff3c-651c-40fe-9d60-9fccca794d2a,2026-04-25T16:56:36.499729-04:00,node-01,checkout-api,500,True,anomalous,market_aware_v1,73.738,56.11,271.24,31.367,1.359,133.699,42.189,3.473
eceb6a55-4fe6-4bbf-8264-1991e656e2c3,2026-04-25T16:56:36.500271-04:00,node-01,payments-api,502,True,anomalous,market_aware_v1,74.077,63.243,291.455,27.089,1.539,133.717,29.528,3.858
965dd1a4-cc9a-4ac7-a5e2-80e8720acf1c,2026-04-25T16:56:36.500805-04:00,node-01,orders-api,503,True,anomalous,market_aware_v1,72.996,54.915,245.423,31.79,1.094,127.079,65.041,3.086
a78f4f53-9dff-4398-b082-6fe13b662903,2026-04-25T16:56:36.501246-04:00,node-01,checkout-api,429,True,anomalous,market_aware_v1,75.192,63.595,260.41,31.766,1.289,127.623,49.626,3.11
ec56829e-2caf-4bdc-8052-d0cc2dea6098,2026-04-25T16:56:36.501725-04:00,node-01,payments-api,502,True,anomalous,market_aware_v1,71.931,61.829,288.903,28.126,1.302,136.315,37.121,3.566
d60359e7-13c9-4a5b-9019-be3111d14860,2026-04-25T16:56:36.502214-04:00,node-01,orders-api,502,True,normal,market_aware_v1,75.7,54.557,245.057,32.856,1.039,118.807,74.437,2.757
21914972-dc9d-478d-ba28-2e11ed7b2c32,2026-04-25T16:56:36.503474-04:00,node-01,checkout-api,429,True,anomalous,market_aware_v1,76.856,60.37,285.038,31.892,1.591,134.513,45.799,3.934
cc3d1881-f5fb-4d7e-afed-171c655847c3,2026-04-25T16:56:36.504097-04:00,node-01,payments-api,429,True,anomalous,market_aware_v1,72.264,64.119,276.335,27.694,1.19,127.159,33.533,3.292
e2262f7d-eca3-4ad0-a1de-44409f5caf2e,2026-04-25T16:56:36.504628-04:00,node-01,orders-api,502,True,anomalous,market_aware_v1,73.403,56.367,237.463,33.01,1.019,122.211,74.511,2.87
0f241fcf-b28f-47ff-94c2-34d70f8b71cf,2026-04-25T16:56:36.505183-04:00,node-01,checkout-api,500,True,anomalous,market_aware_v1,78.991,63.012,280.285,33.174,1.704,135.444,45.677,4.036
da7c35bc-a110-4557-8d9f-e1298255af01,2026-04-25T16:56:36.505680-04:00,node-01,payments-api,503,True,anomalous,market_aware_v1,75.357,62.849,287.159,26.707,1.233,132.58,36.62,3.427
d038db17-3a7d-44d3-988c-3811cbd872fc,2026-04-25T16:56:36.506161-04:00,node-01,orders-api,502,True,anomalous,market_aware_v1,81.284,55.449,252.972,32.447,1.179,133.694,71.065,3.2
cf283213-f417-41de-97b0-eba16a63ce75,2026-04-25T16:56:36.506649-04:00,node-01,checkout-api,502,True,anomalous,market_aware_v1,77.316,61.166,282.536,34.764,1.637,141.125,40.5,3.986
d0167082-96ac-430f-8804-29b9ce9dbae3,2026-04-25T16:56:36.507243-04:00,node-01,payments-api,503,True,anomalous,market_aware_v1,69.948,63.073,290.502,25.024,1.326,137.04,31.404,3.619
e872f098-5eed-4122-9d5b-913fe901502b,2026-04-25T16:56:36.507817-04:00,node-01,orders-api,429,True,anomalous,market_aware_v1,76.052,55.441,264.325,30.535,1.231,137.411,63.183,3.403
f5e29f4b-f517-48a4-b605-869c9203eece,2026-04-25T16:56:36.508322-04:00,node-01,checkout-api,500,True,anomalous,market_aware_v1,73.824,61.158,272.21,31.765,1.145,125.842,46.927,3.073
e67745e6-6f59-471d-8974-72d586aef014,2026-04-25T16:56:36.508850-04:00,node-01,payments-api,429,True,anomalous,market_aware_v1,66.274,62.489,276.576,28.126,1.284,134.161,33.785,3.55
d9b4023a-0c49-4902-bdd3-65fc74586c58,2026-04-25T16:56:36.509540-04:00,node-01,orders-api,500,True,anomalous,market_aware_v1,74.541,55.814,239.47,30.757,1.024,124.639,69.396,2.931
2425e6dc-a529-4e4a-b6b0-79c7ee05202e,2026-04-25T16:56:36.510993-04:00,node-01,checkout-api,500,True,anomalous,market_aware_v1,73.674,57.53,273.102,28.417,1.291,125.855,49.197,3.303
0edc989e-d153-4904-949d-af666809cbae,2026-04-25T16:56:36.511431-04:00,node-01,payments-api,429,True,anomalous,market_aware_v1,64.782,56.599,262.026,24.846,1.132,124.887,29.072,3.076
9c90c68a-9b9c-4900-b3dd-ff9b2f0e6619,2026-04-25T16:56:36.511895-04:00,node-01,orders-api,503,True,normal,market_aware_v1,71.475,52.982,234.375,32.232,1.004,118.996,65.38,2.908
520f6154-46e0-4051-9ccd-2beda7d02f0f,2026-04-25T16:56:36.512306-04:00,node-01,checkout-api,502,True,anomalous,market_aware_v1,71.24,57.397,267.182,28.201,1.154,129.607,41.209,3.304
fa13d9f6-6807-4331-84a1-66bad935c747,2026-04-25T16:56:36.512763-04:00,node-01,payments-api,503,True,anomalous,market_aware_v1,66.204,59.091,268.966,25.187,1.138,124.491,26.366,3.115
8812e66a-c650-4ab0-a3fd-8e59c372114a,2026-04-25T16:56:36.513214-04:00,node-01,orders-api,503,True,anomalous,market_aware_v1,72.736,51.736,255.891,30.806,1.038,127.15,69.441,2.967
6cd662d1-7296-4cb2-8306-c2f1a2f9f048,2026-04-25T16:56:36.513671-04:00,node-01,checkout-api,503,True,anomalous,market_aware_v1,62.416,51.525,267.783,25.893,1.201,127.558,39.006,3.278
1ccb34f0-1bf8-4174-b660-255160803880,2026-04-25T16:56:36.514133-04:00,node-01,payments-api,429,True,anomalous,market_aware_v1,62.347,54.011,281.801,21.83,1.198,127.445,29.43,3.28
53e33fca-54bb-4f77-830b-0b3ba220f544,2026-04-25T16:56:36.514594-04:00,node-01,orders-api,502,True,anomalous,market_aware_v1,67.647,51.492,235.989,29.219,1.029,120.149,55.451,2.908
6a8c95d7-e719-40e4-841c-b4212d6e8e1f,2026-04-25T16:56:36.515035-04:00,node-01,checkout-api,502,True,anomalous,market_aware_v1,67.557,57.583,266.328,28.127,1.275,128.63,35.294,3.22
dfbfedbe-b0f8-42c0-ae3f-cb85e2881751,2026-04-25T16:56:36.515506-04:00,node-01,payments-api,502,True,anomalous,market_aware_v1,62.654,55.18,259.858,24.269,1.135,123.497,22.403,3.17
cb79322a-b0b8-40c8-a377-99f098be5c6e,2026-04-25T16:56:36.515964-04:00,node-01,orders-api,429,True,anomalous,market_aware_v1,64.687,51.307,243.26,29.003,1.075,125.19,60.742,2.996
80786aa5-dd81-4aad-8d31-4436764940f2,2026-04-25T16:56:36.516413-04:00,node-01,checkout-api,429,True,anomalous,market_aware_v1,68.906,54.36,257.713,29.02,1.168,122.726,37.565,3.006
a6bbbe8a-2239-40a6-b573-0118b6c6f2f7,2026-04-25T16:56:36.516854-04:00,node-01,payments-api,429,True,anomalous,market_aware_v1,61.833,56.423,271.619,19.776,1.249,131.938,18.37,3.386
55e946be-4e6b-4c21-b56a-e59fc954e05e,2026-04-25T16:56:36.517376-04:00,node-01,orders-api,429,True,anomalous,market_aware_v1,70.537,48.302,253.901,32.235,1.065,127.195,57.803,3.106
d6403e98-5115-4fb1-bb19-a032d907aec7,2026-04-25T16:56:36.517866-04:00,node-01,checkout-api,500,True,anomalous,market_aware_v1,67.943,56.626,270.541,27.399,1.241,130.395,37.394,3.429
ce8d9766-65e5-40e1-9742-05147677b3be,2026-04-25T16:56:36.518302-04:00,node-01,payments-api,502,True,anomalous,market_aware_v1,60.506,54.04,274.784,25.206,1.322,133.136,22.64,3.582
150d61e0-414d-426c-a096-f295bc948e7e,2026-04-25T16:56:36.518739-04:00,node-01,orders-api,500,True,anomalous,market_aware_v1,71.546,49.895,248.416,30.656,1.102,127.308,55.976,3.021
08e86f7a-3ac5-492c-8194-7ce61cf1c01a,2026-04-25T16:56:36.519241-04:00,node-01,checkout-api,500,True,anomalous,market_aware_v1,66.541,55.536,250.942,27.595,1.261,126.366,37.208,3.293
a78824b0-f591-4cbb-aca0-89b09e6c4d16,2026-04-25T16:56:36.519732-04:00,node-01,payments-api,429,True,anomalous,market_aware_v1,62.94,58.894,263.932,25.63,1.152,124.472,23.991,3.197
2065b2e5-ba04-4407-b888-c3404df497a8,2026-04-25T16:56:36.520227-04:00,node-01,orders-api,429,True,anomalous,market_aware_v1,70.265,52.55,235.131,27.369,0.998,122.12,63.913,2.741
b510e7b2-a745-4cc1-a580-335b854476b7,2026-04-25T16:56:36.520721-04:00,node-01,checkout-api,503,True,anomalous,market_aware_v1,71.747,54.613,260.473,28.6,1.193,122.678,40.84,3.056
633bcc13-d0aa-465c-b8c1-1843bb0af65a,2026-04-25T16:56:36.521209-04:00,node-01,payments-api,500,True,anomalous,market_aware_v1,70.508,55.796,269.559,24.656,1.163,136.506,22.767,3.498
b3503feb-f167-40fe-a4b3-1e70182a273f,2026-04-25T16:56:36.521700-04:00,node-01,orders-api,429,True,normal,market_aware_v1,68.994,54.051,237.325,28.925,0.937,118.426,65.684,2.695
b22b9d2a-e815-41ad-a5a9-ac0e060d8d18,2026-04-25T16:56:36.522166-04:00,node-01,checkout-api,503,True,anomalous,market_aware_v1,67.788,57.288,257.569,28.57,1.188,122.738,42.441,3.185
e8cc1699-dd69-47e8-81da-5f138d3f9268,2026-04-25T16:56:36.522670-04:00,node-01,payments-api,503,True,anomalous,market_aware_v1,64.16,57.661,279.04,27.077,1.161,128.876,33.003,3.192
36b559b7-66e4-42f1-a3b4-c3d3d5b620d9,2026-04-25T16:56:36.523147-04:00,node-01,orders-api,502,True,anomalous,market_aware_v1,73.418,54.561,269.87,31.687,1.255,133.438,65.19,3.469
d9e86cd3-00e6-4666-a037-54a65cf2f787,2026-04-25T16:56:36.523762-04:00,node-01,checkout-api,429,True,anomalous,market_aware_v1,77.156,59.838,265.59,26.932,1.24,133.277,38.492,3.431
a226edc6-73fb-401a-b579-373218f2e844,2026-04-25T16:56:36.524279-04:00,node-01,payments-api,503,True,anomalous,market_aware_v1,66.195,59.891,270.654,28.025,1.107,125.23,32.358,3.167
e3bd5951-4f20-4849-bd08-82b2c13b9254,2026-04-25T16:56:36.524794-04:00,node-01,orders-api,500,True,anomalous,market_aware_v1,76.52,56.206,251.646,32.236,1.016,126.937,65.72,3.05
772528a2-b5e9-4cea-a72e-193ecef958b7,2026-04-25T16:56:36.525318-04:00,node-01,checkout-api,503,True,anomalous,market_aware_v1,73.522,59.141,260.962,28.607,1.589,134.474,42.737,3.863
8b0c5eb2-e964-4ef5-80d3-87eaf70e3d8a,2026-04-25T16:56:36.525836-04:00,node-01,payments-api,503,True,anomalous,market_aware_v1,66.186,59.48,259.518,25.645,1.178,124.959,36.816,3.217
993372cd-6764-44d6-bba7-44591a66a30c,2026-04-25T16:56:36.526341-04:00,node-01,orders-api,503,True,anomalous,market_aware_v1,76.346,55.432,255.485,32.536,1.045,127.906,66.234,3.007
ca538ca9-1d18-4795-acc7-8eba378b264a,2026-04-25T16:56:36.526869-04:00,node-01,checkout-api,429,True,anomalous,market_aware_v1,72.219,56.96,257.003,29.039,1.281,130.549,40.875,3.443
3134a4a2-64e4-43f5-900d-2b4ad1ae6077,2026-04-25T16:56:36.527391-04:00,node-01,payments-api,500,True,anomalous,market_aware_v1,67.532,62.806,267.305,25.284,1.187,129.29,38.129,3.361
92599fa3-6af2-4f27-b477-349fe6897ee6,2026-04-25T16:56:36.527842-04:00,node-01,orders-api,500,True,anomalous,market_aware_v1,70.393,59.948,251.424,30.637,1.153,130.662,59.787,3.289
10d88638-c9af-4e04-a47e-37f52ee58f45,2026-04-25T16:56:36.528285-04:00,node-01,checkout-api,502,True,anomalous,market_aware_v1,71.614,55.853,262.642,30.683,1.204,121.817,48.624,3.169
5b0f4814-e975-4dc4-b239-8529f7788168,2026-04-25T16:56:36.528892-04:00,node-01,payments-api,502,True,anomalous,market_aware_v1,66.348,61.307,275.266,25.578,1.21,129.39,29.964,3.28
0b2b341a-e2ae-4dec-93c6-e30389646175,2026-04-25T16:56:36.529427-04:00,node-01,orders-api,503,True,anomalous,market_aware_v1,76.615,56.886,259.695,30.717,1.454,131.177,58.153,3.671
1b48e6c9-52df-4ef1-97de-3a7fd8d4235a,2026-04-25T16:56:36.529960-04:00,node-01,checkout-api,503,True,anomalous,market_aware_v1,69.953,58.163,257.25,26.828,1.251,124.335,41.554,3.239
0b89f2f6-e90a-44a8-985f-70b6c9a82f50,2026-04-25T16:56:36.530507-04:00,node-01,payments-api,503,True,anomalous,market_aware_v1,72.541,61.673,280.976,28.248,1.524,134.064,28.151,3.837
7fbe4514-c377-417d-af53-4f8977bbddcf,2026-04-25T16:56:36.531029-04:00,node-01,orders-api,502,True,anomalous,market_aware_v1,72.569,53.609,252.187,30.841,1.062,130.593,63.957,2.952
518a01c4-ce4c-43c9-9412-71ebc5046661,2026-04-25T16:56:36.531574-04:00,node-01,checkout-api,429,True,anomalous,market_aware_v1,70.042,55.814,275.644,27.04,1.315,133.801,35.419,3.389
38729c23-c90b-448e-92ce-8471e9e23cbf,2026-04-25T16:56:36.532076-04:00,node-01,payments-api,429,True,anomalous,market_aware_v1,64.146,58.463,264.019,24.347,1.168,128.23,29.663,3.213
b2f068c6-bc1b-4b58-979b-a7b7ffbdd4e8,2026-04-25T16:56:36.532565-04:00,node-01,orders-api,429,True,anomalous,market_aware_v1,69.417,50.828,250.577,29.814,1.072,124.76,60.406,3.027
fcd06700-cb3c-4bd6-95e7-1c419a3da5df,2026-04-25T16:56:36.533031-04:00,node-01,checkout-api,503,True,anomalous,market_aware_v1,66.974,59.239,267.898,29.173,1.26,128.857,37.149,3.342
e5884e0f-46ec-408c-8a4b-0156d147ae3c,2026-04-25T16:56:36.533513-04:00,node-01,payments-api,503,True,anomalous,market_aware_v1,61.187,57.099,276.308,26.065,1.296,135.989,22.464,3.524
fac923cc-53d1-47be-87b3-41903df0ede5,2026-04-25T16:56:36.534024-04:00,node-01,orders-api,500,True,anomalous,market_aware_v1,69.156,54.433,247.267,31.817,1.145,126.315,64.786,3.155
776b1b8e-c859-42c5-af72-3b6fa2b4837b,2026-04-25T16:56:36.534617-04:00,node-01,checkout-api,503,True,anomalous,market_aware_v1,70.637,55.59,284.169,28.109,1.414,137.277,33.315,3.854
008760c5-de87-4a6c-b83e-a1eeae98c356,2026-04-25T16:56:36.535101-04:00,node-01,payments-api,500,True,anomalous,market_aware_v1,65.671,57.127,276.388,23.79,1.174,126.646,25.602,3.296
10413c6f-de7b-42e0-8f2a-be8fdbb4626c,2026-04-25T16:56:36.535554-04:00,node-01,orders-api,502,True,anomalous,market_aware_v1,74.314,54.897,265.509,29.421,1.079,127.128,56.264,3.027
fec8ec05-6022-4598-8f64-42b80260c107,2026-04-25T16:56:36.536075-04:00,node-01,checkout-api,500,True,anomalous,market_aware_v1,69.09,56.002,253.707,27.568,1.232,125.364,36.157,3.14
10cd92f0-139f-4012-b93a-16cc94a3791b,2026-04-25T16:56:36.536525-04:00,node-01,payments-api,502,True,anomalous,market_aware_v1,66.416,56.909,271.126,24.5,1.145,126.631,26.509,3.109
9370c3a4-feb2-457f-a2d5-ef7f01acce2d,2026-04-25T16:56:36.536960-04:00,node-01,orders-api,500,True,anomalous,market_aware_v1,71.167,53.854,242.786,31.945,1.088,127.284,64.507,2.92
788bdbc0-5792-4243-b095-7a5a4cfa2224,2026-04-25T16:56:36.537420-04:00,node-01,checkout-api,429,True,anomalous,market_aware_v1,68.349,55.278,257.512,29.936,1.294,126.975,37.359,3.254
688ff766-18dc-4a39-a1a4-88fad25cd49f,2026-04-25T16:56:36.537896-04:00,node-01,payments-api,429,True,anomalous,market_aware_v1,66.177,60.143,265.844,28.06,1.097,122.752,35.067,2.947
f7552d32-7480-4939-b20c-043c9d9eece3,2026-04-25T16:56:36.538348-04:00,node-01,orders-api,503,True,anomalous,market_aware_v1,72.205,53.173,255.39,30.618,1.027,125.258,62.438,2.888
10774242-7cda-41b8-8f39-7c171f00c735,2026-04-25T16:56:36.538880-04:00,node-01,checkout-api,500,True,anomalous,market_aware_v1,70.537,57.838,249.597,30.307,1.162,125.218,44.224,3.123
4d3555bc-a3ab-4968-991c-b44f27a91a5c,2026-04-25T16:56:36.540182-04:00,node-01,payments-api,500,True,anomalous,market_aware_v1,66.488,63.101,270.712,27.657,1.225,134.121,24.468,3.377
0fe7473b-3cb3-4e3c-9770-b72ff32f976f,2026-04-25T16:56:36.540718-04:00,node-01,orders-api,503,True,anomalous,market_aware_v1,75.955,57.933,244.431,33.056,1.11,124.729,76.912,3.107
86653f97-65b9-4f06-91a9-596d833f6d81,2026-04-25T16:56:36.541224-04:00,node-01,checkout-api,502,True,anomalous,market_aware_v1,75.277,56.944,265.702,29.553,1.246,125.283,47.775,3.277
22abd661-f79e-4a0e-a85d-c74d530c4828,2026-04-25T16:56:36.541733-04:00,node-01,payments-api,503,True,anomalous,market_aware_v1,68.67,63.112,270.439,26.336,1.252,133.782,36.233,3.472
8ae29310-6a19-4cf3-8f34-0eeda744b16c,2026-04-25T16:56:36.542243-04:00,node-01,orders-api,503,True,anomalous,market_aware_v1,76.2,57.78,268.0,31.655,1.243,133.912,62.905,3.391
eeb3e665-a59a-4fca-afc1-1307bfcba491,2026-04-25T16:56:36.542785-04:00,node-01,checkout-api,503,True,anomalous,market_aware_v1,74.238,58.341,262.87,28.99,1.312,128.592,46.219,3.394
21900f5b-410b-41eb-9c34-0e996161e746,2026-04-25T16:56:36.543306-04:00,node-01,payments-api,503,True,anomalous,market_aware_v1,71.653,63.626,273.374,29.583,1.194,132.91,35.137,3.32
ae8a8d80-7265-4b10-973a-a39212d68054,2026-04-25T16:56:36.543806-04:00,node-01,orders-api,503,True,anomalous,market_aware_v1,85.395,58.71,267.833,30.828,1.079,130.402,66.219,3.097
178c9a8f-9321-4198-ab02-072f4ad5409a,2026-04-25T16:56:36.545318-04:00,node-01,checkout-api,503,True,anomalous,market_aware_v1,80.439,61.111,280.702,28.986,1.473,139.332,54.146,3.946
07761205-75c1-4d5e-ab5f-4df3acbccd2a,2026-04-25T16:56:36.545827-04:00,node-01,payments-api,503,True,anomalous,market_aware_v1,73.079,64.681,271.638,27.137,1.16,133.519,35.244,3.362
1058ce71-92ba-4da8-bea9-b82dede129a5,2026-04-25T16:56:36.546315-04:00,node-01,orders-api,500,True,anomalous,market_aware_v1,76.793,57.97,251.113,33.901,1.024,127.519,69.658,3.059
3d0488c3-7fd0-43c7-b928-74bf7007ea0f,2026-04-25T16:56:36.546813-04:00,node-01,checkout-api,503,True,anomalous,market_aware_v1,74.699,63.895,260.603,32.114,1.352,128.177,46.237,3.32
36056477-a382-4d1a-bd21-30011c5f9f3b,2026-04-25T16:56:36.547307-04:00,node-01,payments-api,429,True,anomalous,market_aware_v1,71.23,63.512,283.235,25.766,1.222,135.138,32.62,3.386
5c691d47-9645-4085-a2fe-b7551a680cbb,2026-04-25T16:56:36.547763-04:00,node-01,orders-api,503,True,anomalous,market_aware_v1,76.229,54.846,245.352,33.086,1.04,124.685,65.648,2.949
dfab04bf-3ff9-4aca-b6ae-fb3d72f288f3,2026-04-25T16:56:36.548224-04:00,node-01,checkout-api,500,True,anomalous,market_aware_v1,78.914,64.314,285.59,33.105,1.612,134.479,40.453,3.886
5cb855aa-4651-43fd-9eca-9f155dc11ef5,2026-04-25T16:56:36.548902-04:00,node-01,payments-api,500,True,anomalous,market_aware_v1,74.424,65.313,290.878,26.13,1.637,134.48,24.549,3.98
3c6af766-7527-4e18-950d-7fbe48a755d0,2026-04-25T16:56:36.549696-04:00,node-01,orders-api,502,True,anomalous,market_aware_v1,70.376,54.479,253.629,29.466,1.027,127.15,69.489,2.988
43b777fd-d1a6-4e69-89ca-0326ccc309a5,2026-04-25T16:56:36.550170-04:00,node-01,checkout-api,429,True,anomalous,market_aware_v1,72.909,58.057,268.642,29.296,1.188,132.263,36.752,3.368
4ed3e207-bd52-48e1-a119-22fa79fcda03,2026-04-25T16:56:36.550837-04:00,node-01,payments-api,500,True,anomalous,market_aware_v1,68.323,58.414,276.921,26.083,1.245,134.852,32.02,3.456
90862374-e9b2-4083-8119-d90272605204,2026-04-25T16:56:36.551413-04:00,node-01,orders-api,429,True,anomalous,market_aware_v1,74.702,53.368,259.118,34.032,1.076,134.421,65.621,3.193
ee274dbe-bf63-4cc1-a730-af4886202553,2026-04-25T16:56:36.551855-04:00,node-01,checkout-api,429,True,anomalous,market_aware_v1,70.679,57.671,275.894,28.282,1.352,131.103,36.664,3.477
cc95278f-ff11-40cd-9b6b-1d09dd059955,2026-04-25T16:56:36.552337-04:00,node-01,payments-api,500,True,anomalous,market_aware_v1,64.289,58.676,280.203,25.165,1.242,134.461,23.721,3.402
42a39a0e-401d-47e6-8093-098f34fecead,2026-04-25T16:56:36.552790-04:00,node-01,orders-api,503,True,normal,market_aware_v1,69.069,52.794,243.41,27.721,1.074,119.633,64.275,2.915
b88f930c-b9bd-425c-9fdc-76c5673869f6,2026-04-25T16:56:36.553260-04:00,node-01,checkout-api,429,True,anomalous,market_aware_v1,69.343,55.946,283.617,27.302,1.305,132.003,35.629,3.47
6cfab6b7-1693-4b66-bd49-141cdef054f2,2026-04-25T16:56:36.553747-04:00,node-01,payments-api,429,True,anomalous,market_aware_v1,60.729,55.241,266.711,25.761,1.265,130.81,24.16,3.374
e84b15d3-1e04-4322-a975-0e2655bd108f,2026-04-25T16:56:36.554223-04:00,node-01,orders-api,500,True,anomalous,market_aware_v1,67.637,54.018,245.694,26.246,1.037,124.238,57.539,3.01
688f9204-20f9-4e01-bfed-16b5603cdccc,2026-04-25T16:56:36.554734-04:00,node-01,checkout-api,500,True,anomalous,market_aware_v1,66.016,57.204,274.73,27.62,1.286,132.338,33.048,3.458
f0e05c66-1cba-40ea-af35-4ec26ad0994b,2026-04-25T16:56:36.555167-04:00,node-01,payments-api,502,True,anomalous,market_aware_v1,61.888,57.698,276.722,23.611,1.264,129.28,24.082,3.322
be5535a9-04f1-460f-b78c-729d6fca1fec,2026-04-25T16:56:36.555628-04:00,node-01,orders-api,429,True,anomalous,market_aware_v1,69.677,50.902,265.991,31.003,1.124,132.312,55.465,3.248
9584cf89-59c2-4e1c-9c0d-c88687ea12ff,2026-04-25T16:56:36.556145-04:00,node-01,checkout-api,503,True,anomalous,market_aware_v1,62.895,55.073,269.816,26.358,1.277,136.393,30.872,3.504
7b82ac0b-e2bc-4142-9326-3922ea705e59,2026-04-25T16:56:36.556635-04:00,node-01,payments-api,429,True,anomalous,market_aware_v1,60.55,58.616,267.96,23.425,1.15,122.349,26.245,3.173
2e00633a-c877-480c-9c2d-9e6e01f786a9,2026-04-25T16:56:36.557121-04:00,node-01,orders-api,429,True,anomalous,market_aware_v1,70.875,49.765,242.805,30.853,1.024,123.5,61.679,2.929
5b4b8062-1591-4bb8-b623-969babc8651f,2026-04-25T16:56:36.557611-04:00,node-01,checkout-api,429,True,normal,market_aware_v1,65.432,54.99,250.506,29.821,1.241,117.576,37.54,3.014
6d964b91-d5da-4c6e-a89c-a81dec3c5878,2026-04-25T16:56:36.558045-04:00,node-01,payments-api,429,True,anomalous,market_aware_v1,65.053,56.718,280.975,25.494,1.293,130.554,19.517,3.595
0d630d59-7b3d-49ea-9d61-051b6ddf22d3,2026-04-25T16:56:36.558510-04:00,node-01,orders-api,503,True,normal,market_aware_v1,69.032,52.072,237.665,30.728,0.938,116.076,66.006,2.639
86d66604-8074-4206-a175-0fb5bef9e2cc,2026-04-25T16:56:36.558978-04:00,node-01,checkout-api,502,True,anomalous,market_aware_v1,71.706,56.923,288.401,28.837,1.639,141.927,26.425,4.064
79526797-741e-4616-9b0f-50131b05df0d,2026-04-25T16:56:36.559502-04:00,node-01,payments-api,502,True,anomalous,market_aware_v1,63.532,57.695,266.223,24.34,1.133,126.203,30.936,3.129
d55d1592-2ece-4160-bf5d-3c9fc459b192,2026-04-25T16:56:36.559993-04:00,node-01,orders-api,502,True,anomalous,market_aware_v1,70.178,53.824,251.491,30.249,1.029,124.682,61.903,2.834
050e2d65-e6f4-4458-8a4f-f3c595845363,2026-04-25T16:56:36.560485-04:00,node-01,checkout-api,429,True,anomalous,market_aware_v1,66.032,54.525,272.305,25.706,1.283,134.106,40.364,3.445
8e522a3a-d426-4186-a90b-62a2f70e1ff8,2026-04-25T16:56:36.560941-04:00,node-01,payments-api,429,True,anomalous,market_aware_v1,63.222,59.257,274.723,27.655,1.241,130.526,27.164,3.408
0804d116-5493-421e-850e-0c6c2206ae35,2026-04-25T16:56:36.561379-04:00,node-01,orders-api,502,True,anomalous,market_aware_v1,72.966,54.454,251.719,30.927,1.071,128.645,65.019,2.985
f97a260e-00b0-4f73-a3de-94fc36783860,2026-04-25T16:56:36.561806-04:00,node-01,checkout-api,429,True,anomalous,market_aware_v1,74.563,57.515,285.591,29.449,1.542,138.096,45.02,3.937
203e9181-f4b1-4a0d-9889-a2ce92ce12b7,2026-04-25T16:56:36.562216-04:00,node-01,payments-api,500,True,anomalous,market_aware_v1,66.641,60.576,268.346,23.955,1.247,133.665,28.607,3.413
7cb38165-24e5-496b-b4d5-f8d291bef33e,2026-04-25T16:56:36.562678-04:00,node-01,orders-api,503,True,anomalous,market_aware_v1,76.632,52.921,277.532,31.517,1.169,132.435,72.403,3.332
3d86e81c-215b-47b4-a779-103da0439baa,2026-04-25T16:56:36.563150-04:00,node-01,checkout-api,503,True,anomalous,market_aware_v1,72.97,59.949,272.255,29.777,1.323,137.821,43.949,3.604
57cc45eb-07c7-44e5-b072-348b564074fc,2026-04-25T16:56:36.563630-04:00,node-01,payments-api,502,True,anomalous,market_aware_v1,68.934,57.441,286.522,26.823,1.295,138.183,32.253,3.634
2730ad96-bf7b-4b90-a6d2-ec695c2569ca,2026-04-25T16:56:36.564785-04:00,node-01,orders-api,503,True,anomalous,market_aware_v1,72.523,60.218,245.774,29.833,1.165,123.726,69.061,3.061
f5fbde1a-1934-4c8f-ac3e-b54019844eff,2026-04-25T16:56:36.565644-04:00,node-01,checkout-api,429,True,anomalous,market_aware_v1,72.385,59.642,267.653,30.956,1.394,135.987,41.904,3.645
46ecbd72-c6ce-4caa-bddf-5888755b0f75,2026-04-25T16:56:36.566209-04:00,node-01,payments-api,500,True,anomalous,market_aware_v1,71.368,61.984,279.275,27.078,1.244,133.806,35.146,3.399
5e18984e-b721-4282-aaae-53b534b8cea7,2026-04-25T16:56:36.566753-04:00,node-01,orders-api,429,True,anomalous,market_aware_v1,77.533,52.611,260.013,31.073,1.123,135.202,64.781,3.227
8b19e877-55a1-4354-b18c-0c970be31002,2026-04-25T16:56:36.567264-04:00,node-01,checkout-api,503,True,anomalous,market_aware_v1,72.352,60.368,265.19,33.261,1.308,134.452,47.214,3.517
be0848d2-5500-44e3-906e-34fcb2a70761,2026-04-25T16:56:36.567798-04:00,node-01,payments-api,502,True,anomalous,market_aware_v1,70.097,61.397,287.76,26.804,1.397,144.672,29.776,3.711
be2feb45-4836-43dc-ad73-50b6a159fb9b,2026-04-25T16:56:36.568382-04:00,node-01,orders-api,503,True,anomalous,market_aware_v1,78.032,54.661,276.701,31.285,1.199,139.38,62.967,3.451
af796b48-0630-4f92-a4ce-63ec75322246,2026-04-25T16:56:36.568950-04:00,node-01,checkout-api,502,True,anomalous,market_aware_v1,73.567,57.208,266.903,28.483,1.261,129.208,40.139,3.366
5449c7cc-5405-4483-98a4-5e0cc2925008,2026-04-25T16:56:36.569477-04:00,node-01,payments-api,429,True,anomalous,market_aware_v1,65.713,58.226,280.355,24.634,1.134,132.004,31.216,3.241
8b35bc94-e18e-47bc-9798-67549e3b8838,2026-04-25T16:56:36.569944-04:00,node-01,orders-api,502,True,anomalous,market_aware_v1,74.68,52.35,251.657,31.039,1.024,123.358,65.303,2.905
1301a9fe-00c8-4a03-9e56-abb2a73b6c88,2026-04-25T16:56:36.570424-04:00,node-01,checkout-api,503,True,anomalous,market_aware_v1,71.824,55.681,268.263,28.979,1.249,125.646,41.272,3.298
f177abc6-a111-46c3-a965-c8fd27f260e6,2026-04-25T16:56:36.570925-04:00,node-01,payments-api,429,True,anomalous,market_aware_v1,68.326,62.65,268.153,25.265,1.227,130.894,28.289,3.305
ba0673e7-3f99-402a-a473-d441cc627cd1,2026-04-25T16:56:36.571426-04:00,node-01,orders-api,503,True,anomalous,market_aware_v1,70.759,54.956,252.248,31.951,1.04,123.733,61.027,2.972
b783864d-a397-4fad-ad2a-a49a28f57288,2026-04-25T16:56:36.571989-04:00,node-01,checkout-api,429,True,anomalous,market_aware_v1,67.135,57.937,256.877,30.141,1.212,123.201,43.345,3.15
5da5e9c2-8070-460b-8713-63a050cf31b5,2026-04-25T16:56:36.572512-04:00,node-01,payments-api,503,True,anomalous,market_aware_v1,62.693,58.468,264.188,26.929,1.029,125.176,28.957,2.908
23167e38-e373-4140-a11f-3d8078482b81,2026-04-25T16:56:36.573023-04:00,node-01,orders-api,429,True,anomalous,market_aware_v1,70.001,52.826,262.591,31.922,1.259,133.436,61.39,3.225
a7f40202-a77c-4257-a3a9-9b6cc2c0b375,2026-04-25T16:56:36.573528-04:00,node-01,checkout-api,503,True,anomalous,market_aware_v1,70.39,54.544,274.874,32.163,1.302,130.98,45.968,3.478
9167829b-ba0f-40d7-ab4f-a5b21c00e7c9,2026-04-25T16:56:36.574022-04:00,node-01,payments-api,500,True,anomalous,market_aware_v1,64.568,59.772,262.952,26.513,1.202,129.653,27.045,3.26
bfb24803-af74-4038-ac39-992c47eba2b8,2026-04-25T16:56:36.574718-04:00,node-01,orders-api,500,True,anomalous,market_aware_v1,73.484,51.642,247.688,31.431,1.115,129.389,56.229,3.088
df1ce6ed-f47e-45d1-acda-b5f5f2093e63,2026-04-25T16:56:36.575714-04:00,node-01,checkout-api,502,True,anomalous,market_aware_v1,67.545,53.73,260.38,28.519,1.251,122.17,40.983,3.123
d18e6131-6fba-45d7-a906-f3e76570a379,2026-04-25T16:56:36.576214-04:00,node-01,payments-api,500,True,anomalous,market_aware_v1,66.224,56.259,275.379,26.58,1.195,126.202,30.16,3.17
46d58756-8f1c-48f8-93e1-312047012a64,2026-04-25T16:56:36.576738-04:00,node-01,orders-api,503,True,anomalous,market_aware_v1,70.329,55.79,252.719,31.369,1.283,134.368,66.063,3.672
69e541ff-c228-4ec5-b05e-bc3f458bd1ba,2026-04-25T16:56:36.577240-04:00,node-01,checkout-api,500,True,anomalous,market_aware_v1,71.538,58.224,280.317,26.467,1.355,134.286,32.997,3.599
ca3fc348-9ffe-4a43-923a-759cf5628e6b,2026-04-25T16:56:36.577769-04:00,node-01,payments-api,503,True,anomalous,market_aware_v1,65.755,59.237,278.863,22.716,1.141,131.929,26.148,3.239
ab330fa0-a099-44dc-93fe-318c4a71bd14,2026-04-25T16:56:36.578287-04:00,node-01,orders-api,502,True,anomalous,market_aware_v1,71.472,52.685,255.367,31.53,1.071,126.084,58.713,3.028
491e8d0d-fb68-4b1e-aee9-31715019213d,2026-04-25T16:56:36.578798-04:00,node-01,checkout-api,503,True,anomalous,market_aware_v1,71.929,57.043,250.219,28.328,1.225,123.927,44.349,3.259
dea9f157-f0cc-44c4-be38-3f43696d6c64,2026-04-25T16:56:36.579301-04:00,node-01,payments-api,503,True,anomalous,market_aware_v1,68.691,58.947,283.637,26.871,1.317,135.431,30.055,3.558
8d41d45b-fa68-4d6a-84d5-43aeb2e04c1e,2026-04-25T16:56:36.579809-04:00,node-01,orders-api,502,True,anomalous,market_aware_v1,71.621,54.27,262.758,29.269,1.161,129.666,58.931,3.152
cc463a8d-aa03-48b9-8afd-a2b2768d9bf1,2026-04-25T16:56:36.580316-04:00,node-01,checkout-api,500,True,anomalous,market_aware_v1,75.153,57.57,274.721,29.368,1.362,137.169,42.368,3.578
58441bb1-7e26-41a7-bdcb-1fea20508d8b,2026-04-25T16:56:36.580809-04:00,node-01,payments-api,503,True,anomalous,market_aware_v1,68.49,56.886,271.247,26.046,1.158,127.185,31.052,3.123
b940b082-f68f-4bd9-ad1d-27d1b8027da2,2026-04-25T16:56:36.581285-04:00,node-01,orders-api,429,True,anomalous,market_aware_v1,73.308,56.629,279.359,30.758,1.288,144.888,60.906,3.811
687d7dce-07a5-4972-95a4-19d43716387f,2026-04-25T16:56:36.581773-04:00,node-01,checkout-api,500,True,anomalous,market_aware_v1,71.168,60.457,280.235,30.211,1.386,134.708,42.517,3.536
637e270d-922e-4301-be6c-06c05476c620,2026-04-25T16:56:36.582231-04:00,node-01,payments-api,502,True,anomalous,market_aware_v1,78.553,61.631,311.796,28.084,1.663,145.325,21.202,4.09
5695b2db-d589-4ae6-8edc-b1f03970e979,2026-04-25T16:56:36.582712-04:00,node-01,orders-api,503,True,anomalous,market_aware_v1,79.608,57.324,274.778,35.841,1.197,133.869,73.486,3.308
4f66b124-b3f8-4d65-9273-ba9191bfaf13,2026-04-25T16:56:36.583232-04:00,node-01,checkout-api,500,True,anomalous,market_aware_v1,73.58,59.177,274.517,31.372,1.322,133.942,46.653,3.466
1e64a5c1-a11d-4909-a25f-14492e68ecfb,2026-04-25T16:56:36.583731-04:00,node-01,payments-api,500,True,anomalous,market_aware_v1,75.422,63.412,280.927,27.869,1.199,136.495,36.744,3.486
af34c89b-55ec-4679-80ae-85cd03081670,2026-04-25T16:56:36.584241-04:00,node-01,orders-api,429,True,anomalous,market_aware_v1,75.352,58.677,248.019,31.611,1.105,124.803,78.631,2.911
2d3394f9-2fa0-49bb-806d-23ba276a218e,2026-04-25T16:56:36.584725-04:00,node-01,checkout-api,503,True,anomalous,market_aware_v1,78.612,60.719,268.384,31.873,1.284,129.119,49.228,3.317
44a68c70-e450-49e3-9dda-0acd850be66e,2026-04-25T16:56:36.585190-04:00,node-01,payments-api,503,True,anomalous,market_aware_v1,73.942,63.914,293.59,27.938,1.272,137.092,27.663,3.474
7e973523-38d1-4fe4-96e6-cf8a6b24f030,2026-04-25T16:56:36.585658-04:00,node-01,orders-api,429,True,anomalous,market_aware_v1,76.888,59.395,245.311,32.112,1.075,128.919,74.319,3.074
04aa7ad4-4018-4f17-a38f-ad5bab50c364,2026-04-25T16:56:36.586128-04:00,node-01,checkout-api,500,True,anomalous,market_aware_v1,81.272,62.348,286.2,33.354,1.67,138.897,45.0,4.048
9a8ead18-e580-443a-954b-e46e80fd6942,2026-04-25T16:56:36.586573-04:00,node-01,payments-api,429,True,anomalous,market_aware_v1,74.421,62.508,277.789,27.447,1.313,136.256,35.723,3.53
9081261e-47ba-43a5-a003-f7d8425ea64b,2026-04-25T16:56:36.587067-04:00,node-01,orders-api,429,True,anomalous,market_aware_v1,78.007,58.649,254.778,30.939,1.15,132.383,70.152,3.172
c477ef59-de3b-4775-800e-01812ab170da,2026-04-25T16:56:36.587544-04:00,node-01,checkout-api,502,True,anomalous,market_aware_v1,73.706,58.091,270.316,29.468,1.223,132.109,43.949,3.463
7bfc6f0e-8b29-48e3-a93c-2b1d84b69f4b,2026-04-25T16:56:36.588162-04:00,node-01,payments-api,429,True,anomalous,market_aware_v1,71.574,59.105,296.055,27.203,1.357,143.861,31.943,3.733
4bd88dd4-b78e-4b39-98a8-d6a71c3e1491,2026-04-25T16:56:36.589217-04:00,node-01,orders-api,500,True,anomalous,market_aware_v1,74.379,53.746,243.873,29.541,1.04,124.339,72.698,3.055
e584d112-a321-4d5e-a198-71cbca9b048a,2026-04-25T16:56:36.589715-04:00,node-01,checkout-api,500,True,anomalous,market_aware_v1,73.185,59.806,260.467,30.179,1.249,129.869,44.639,3.372
a1ab5948-8b6d-43e4-b0ad-b5e8ecf9418e,2026-04-25T16:56:36.590246-04:00,node-01,payments-api,503,True,anomalous,market_aware_v1,68.712,58.96,292.372,26.587,1.219,135.887,32.853,3.344
39e44dbc-2344-4651-91e5-bee49602b383,2026-04-25T16:56:36.590888-04:00,node-01,orders-api,500,True,anomalous,market_aware_v1,73.425,55.389,247.953,33.507,1.006,121.247,69.479,2.733
6e9a08ba-597b-4d2d-a3fe-6ab292776daa,2026-04-25T16:56:36.591750-04:00,node-01,checkout-api,500,True,anomalous,market_aware_v1,71.614,58.915,268.956,28.289,1.228,127.317,33.469,3.234
8359b81a-eb0a-4d40-87c0-6b90c43817e4,2026-04-25T16:56:36.592212-04:00,node-01,payments-api,502,True,anomalous,market_aware_v1,62.458,58.396,263.639,26.333,1.183,126.698,31.395,3.288
6166ca23-fa19-426f-9f88-16c19d697410,2026-04-25T16:56:36.592712-04:00,node-01,orders-api,502,True,anomalous,market_aware_v1,72.439,52.241,263.252,29.476,1.106,133.231,57.956,3.249
e0e9f5a2-041f-4a82-91ea-4276d7aa1078,2026-04-25T16:56:36.593165-04:00,node-01,checkout-api,429,True,anomalous,market_aware_v1,69.796,55.042,248.168,27.349,1.1,120.008,42.162,3.138
24aad0a2-e065-44bc-bfce-a2e51212d856,2026-04-25T16:56:36.593647-04:00,node-01,payments-api,502,True,anomalous,market_aware_v1,64.48,57.861,278.151,26.704,1.284,136.826,23.535,3.464
3bf09c5a-c955-4871-bb6c-0ef7bdd0e908,2026-04-25T16:56:36.594144-04:00,node-01,orders-api,500,True,anomalous,market_aware_v1,70.379,54.95,259.601,29.432,1.117,130.162,58.339,3.25
a21499bb-3aaf-4051-ac3f-0172601e8f34,2026-04-25T16:56:36.594623-04:00,node-01,checkout-api,429,True,anomalous,market_aware_v1,65.461,57.121,265.582,26.048,1.204,124.693,35.098,3.37
22c12e81-0ff5-4456-99e7-153b4c8e7162,2026-04-25T16:56:36.595081-04:00,node-01,payments-api,429,True,anomalous,market_aware_v1,60.493,52.482,265.486,22.477,1.133,126.461,26.436,3.232
b524e698-38e1-4ae3-9507-adbee38965aa,2026-04-25T16:56:36.595589-04:00,node-01,orders-api,503,True,anomalous,market_aware_v1,66.247,50.273,235.485,27.037,1.161,127.842,58.314,3.164
83b7122c-b9a0-48be-bb0f-2dbca17e293e,2026-04-25T16:56:36.596177-04:00,node-01,checkout-api,500,True,anomalous,market_aware_v1,66.43,54.399,257.44,26.345,1.183,126.232,36.731,3.168
45adcdd1-4541-47d7-985d-7ad5b499d3b6,2026-04-25T16:56:36.596775-04:00,node-01,payments-api,502,True,anomalous,market_aware_v1,61.712,62.088,295.132,25.516,1.764,142.36,14.579,4.305
5143202d-0ce6-490b-b460-5bd43614ffd3,2026-04-25T16:56:36.597294-04:00,node-01,orders-api,502,True,anomalous,market_aware_v1,67.939,50.148,252.699,27.458,1.094,127.512,53.59,3.1
ad3065a0-caf9-4581-a7e6-5872dcc73f1e,2026-04-25T16:56:36.597810-04:00,node-01,checkout-api,500,True,anomalous,market_aware_v1,65.938,55.453,270.281,26.833,1.229,127.398,38.315,3.283
c1ad00ae-ea04-41d9-8d2b-cfe8a4097088,2026-04-25T16:56:36.598331-04:00,node-01,payments-api,503,True,anomalous,market_aware_v1,63.165,56.75,284.85,22.666,1.238,133.006,22.638,3.425
e08098f0-f78e-42ad-98ef-86ab00f60484,2026-04-25T16:56:36.598954-04:00,node-01,orders-api,500,True,anomalous,market_aware_v1,70.9,52.037,254.897,30.706,1.083,126.383,57.641,3.123
57b96f12-1198-4074-a944-08d7e432c18a,2026-04-25T16:56:36.599889-04:00,node-01,checkout-api,503,True,anomalous,market_aware_v1,69.352,53.481,257.964,27.376,1.307,125.17,37.094,3.3
90c4d448-9312-4f91-a9da-eab24786b0e8,2026-04-25T16:56:36.600432-04:00,node-01,payments-api,502,True,anomalous,market_aware_v1,65.25,58.551,270.275,25.687,1.265,131.108,25.397,3.315
66ef640d-7116-4377-967e-9353df42c130,2026-04-25T16:56:36.600967-04:00,node-01,orders-api,500,True,anomalous,market_aware_v1,70.687,49.922,256.495,30.941,1.023,124.739,58.719,2.891
8b8dccc7-b88f-4d5f-9220-2a810022888b,2026-04-25T16:56:36.601500-04:00,node-01,checkout-api,429,True,anomalous,market_aware_v1,66.822,56.784,270.989,27.167,1.312,132.601,31.491,3.553
66931f18-b81e-4697-9a82-c539df8d2679,2026-04-25T16:56:36.602020-04:00,node-01,payments-api,502,True,anomalous,market_aware_v1,66.785,63.09,286.972,27.613,1.171,133.981,23.064,3.315
2125aa69-cab2-4ebf-80d9-ce3dddbc2580,2026-04-25T16:56:36.602500-04:00,node-01,orders-api,502,True,anomalous,market_aware_v1,72.195,54.98,265.485,30.33,1.149,129.557,66.518,3.225
f35d1816-a13a-4c30-8222-622a10b61581,2026-04-25T16:56:36.603024-04:00,node-01,checkout-api,503,True,anomalous,market_aware_v1,76.091,57.009,271.589,29.363,1.229,126.604,40.742,3.379
da1f6662-1feb-4857-8992-12a81e8eaf84,2026-04-25T16:56:36.603481-04:00,node-01,payments-api,429,True,anomalous,market_aware_v1,68.956,60.661,289.148,27.99,1.288,139.976,24.171,3.583
25449a4d-a4e9-4000-8b77-1eb5ba54658c,2026-04-25T16:56:36.603970-04:00,node-01,orders-api,503,True,anomalous,market_aware_v1,72.6,51.626,243.233,31.054,1.024,123.012,71.443,2.882
6e85e219-2b26-4601-8635-146d4665c01b,2026-04-25T16:56:36.604421-04:00,node-01,checkout-api,500,True,anomalous,market_aware_v1,70.591,59.171,257.587,30.302,1.283,128.299,43.437,3.222
ce507b64-c097-4b85-a2df-672d8d1e479a,2026-04-25T16:56:36.604943-04:00,node-01,payments-api,429,True,anomalous,market_aware_v1,70.963,57.909,287.981,27.367,1.262,141.528,31.208,3.654
a1e2317c-b083-4008-b2d8-abd4bdd5cc68,2026-04-25T16:56:36.605414-04:00,node-01,orders-api,500,True,anomalous,market_aware_v1,77.411,51.853,259.682,32.434,1.129,128.329,68.951,3.151
7ec8449c-096c-47e9-b4f1-b02a1ef43e3b,2026-04-25T16:56:36.605847-04:00,node-01,checkout-api,500,True,anomalous,market_aware_v1,72.975,61.712,275.99,32.496,1.292,129.229,38.962,3.359
638186de-ec24-4eda-a5cf-1472bd194519,2026-04-25T16:56:36.606310-04:00,node-01,payments-api,502,True,anomalous,market_aware_v1,72.656,59.883,269.688,27.395,1.152,127.871,41.143,3.24
d9ac2ec2-99c5-4976-86bf-745da39baaa1,2026-04-25T16:56:36.606822-04:00,node-01,orders-api,503,True,anomalous,market_aware_v1,77.415,57.476,258.282,32.752,1.41,131.798,58.827,3.569
37afd963-809a-4b3b-acd2-93f5a5465477,2026-04-25T16:56:36.607339-04:00,node-01,checkout-api,429,True,anomalous,market_aware_v1,74.128,61.349,276.4,28.559,1.349,134.405,49.184,3.559
a0d5605c-26b7-4e8a-9282-ef0f11ff567a,2026-04-25T16:56:36.607944-04:00,node-01,payments-api,429,True,anomalous,market_aware_v1,71.645,62.725,310.124,25.48,1.552,149.585,25.198,4.333
3f1ae49e-ef8e-49c4-a784-ebbcbe27fc6e,2026-04-25T16:56:36.609861-04:00,node-01,orders-api,503,True,anomalous,market_aware_v1,77.485,51.253,250.036,32.836,1.003,129.024,65.59,2.923
101fc74c-8091-4e3b-bca5-713c5f352c90,2026-04-25T16:56:36.610816-04:00,node-01,checkout-api,502,True,anomalous,market_aware_v1,69.838,60.967,264.587,29.038,1.372,130.802,43.627,3.405
e292b311-2d86-4a15-9447-dde6bb545520,2026-04-25T16:56:36.611439-04:00,node-01,payments-api,500,True,anomalous,market_aware_v1,70.789,58.178,279.372,26.838,1.191,130.63,26.924,3.196
6db6939d-232b-434e-a2a0-36e1977828f4,2026-04-25T16:56:36.611935-04:00,node-01,orders-api,429,True,anomalous,market_aware_v1,73.615,55.997,259.958,30.485,1.058,134.654,61.445,3.212
d808308b-517a-4471-9abe-4ac0bc2e3db9,2026-04-25T16:56:36.612519-04:00,node-01,checkout-api,429,True,anomalous,market_aware_v1,71.214,59.601,270.616,29.622,1.193,126.619,42.537,3.292
39685129-60b7-47a7-9be5-e087f9586085,2026-04-25T16:56:36.613031-04:00,node-01,payments-api,502,True,anomalous,market_aware_v1,70.877,61.607,311.54,25.748,1.529,146.598,19.011,4.269
fd70e9d3-a683-4ac0-9320-56200e85217b,2026-04-25T16:56:36.613549-04:00,node-01,orders-api,502,True,anomalous,market_aware_v1,77.459,56.038,248.465,33.058,1.482,130.447,57.653,3.631
f3bcb79e-6089-4888-8b04-b3904fadd54c,2026-04-25T16:56:36.614066-04:00,node-01,checkout-api,503,True,anomalous,market_aware_v1,67.307,58.923,270.708,27.714,1.275,128.573,36.781,3.342
8cfa11b7-2ea6-4318-8208-210252b73cfc,2026-04-25T16:56:36.614575-04:00,node-01,payments-api,503,True,anomalous,market_aware_v1,67.763,60.336,264.512,23.71,1.162,127.557,24.964,3.053
e1f9fb57-ee91-401e-976e-8206202733cd,2026-04-25T16:56:36.615079-04:00,node-01,orders-api,429,True,anomalous,market_aware_v1,69.603,53.137,245.593,32.327,1.154,129.311,58.375,3.213
1b6a3add-c296-4c8f-a005-dfaba47982af,2026-04-25T16:56:36.615609-04:00,node-01,checkout-api,503,True,anomalous,market_aware_v1,65.451,57.169,260.93,29.493,1.273,127.84,31.643,3.368
31889073-608b-4b88-b783-d0d2c67a2e09,2026-04-25T16:56:36.616148-04:00,node-01,payments-api,502,True,anomalous,market_aware_v1,63.146,57.258,270.247,24.451,1.217,124.123,26.925,3.188
0f5b3680-ae68-4c27-9f08-e813ad91bc03,2026-04-25T16:56:36.616618-04:00,node-01,orders-api,502,True,anomalous,market_aware_v1,70.233,54.405,243.873,29.786,1.039,127.486,60.598,2.864
f88106a3-47d4-4b21-98a0-08906976b3fc,2026-04-25T16:56:36.617054-04:00,node-01,checkout-api,503,True,anomalous,market_aware_v1,66.219,57.51,276.006,29.473,1.158,130.953,32.13,3.401
6cc7f2d3-f8ae-48f7-8160-bd2dca305fb6,2026-04-25T16:56:36.617513-04:00,node-01,payments-api,502,True,anomalous,market_aware_v1,69.129,60.561,294.073,27.819,1.663,141.878,18.748,4.157
cc75b854-c7d4-47c5-9257-c95210fe7c68,2026-04-25T16:56:36.618023-04:00,node-01,orders-api,429,True,anomalous,market_aware_v1,72.514,54.523,269.227,31.191,1.207,133.954,55.993,3.408
c742f465-247c-431e-a04b-aa648b6aa782,2026-04-25T16:56:36.618552-04:00,node-01,checkout-api,502,True,anomalous,market_aware_v1,66.922,57.638,277.375,30.062,1.272,131.866,32.802,3.492
bc921185-8c96-4606-963b-9efc21c2179d,2026-04-25T16:56:36.619029-04:00,node-01,payments-api,503,True,anomalous,market_aware_v1,64.552,55.351,266.939,25.548,1.089,127.624,25.467,3.176
d6dea70f-ea4a-4c53-96b6-cd75a73494bf,2026-04-25T16:56:36.619508-04:00,node-01,orders-api,500,True,anomalous,market_aware_v1,75.115,52.762,250.1,28.729,1.031,128.413,64.886,2.974
efca880e-87ee-4da6-a0e0-afbcfda14de5,2026-04-25T16:56:36.620006-04:00,node-01,checkout-api,429,True,anomalous,market_aware_v1,73.271,56.816,270.989,27.223,1.252,132.953,41.568,3.421
a9df78b0-80a8-4a2f-9ee8-a1cb6b100c77,2026-04-25T16:56:36.620495-04:00,node-01,payments-api,502,True,anomalous,market_aware_v1,65.38,58.821,289.143,24.058,1.331,136.902,26.241,3.455
0d8d7f8c-fc2d-4119-82bb-accc371a70af,2026-04-25T16:56:36.620966-04:00,node-01,orders-api,429,True,anomalous,market_aware_v1,73.494,52.332,269.068,32.702,1.125,127.116,69.059,3.047
75227a8f-bdd8-49d3-9f2b-4de9a9e98a9d,2026-04-25T16:56:36.621555-04:00,node-01,checkout-api,429,True,anomalous,market_aware_v1,70.632,57.427,277.981,28.937,1.225,132.229,39.967,3.433
9c18dd88-6215-4e8a-ae47-48a6677d75f7,2026-04-25T16:56:36.622091-04:00,node-01,payments-api,429,True,anomalous,market_aware_v1,68.93,58.213,291.326,29.339,1.31,138.941,29.468,3.54
afc71b7e-1172-4e2f-897d-5e658b6013d9,2026-04-25T16:56:36.622665-04:00,node-01,orders-api,502,True,anomalous,market_aware_v1,77.094,55.113,246.673,30.652,1.089,128.183,70.632,3.04
c131bc77-5acc-4b7f-87f4-1c6095234828,2026-04-25T16:56:36.623148-04:00,node-01,checkout-api,503,True,anomalous,market_aware_v1,75.453,59.866,277.589,30.17,1.234,131.988,39.012,3.347
7b3bf092-da45-4249-889d-d937884c1ac0,2026-04-25T16:56:36.623744-04:00,node-01,payments-api,503,True,anomalous,market_aware_v1,71.674,59.232,272.062,26.492,1.227,128.102,38.35,3.362
586c5154-f5e7-4b97-b19a-1d057fdbb30f,2026-04-25T16:56:36.624261-04:00,node-01,orders-api,429,True,anomalous,market_aware_v1,82.327,59.146,273.21,34.113,1.456,139.981,63.307,3.7
b9d8c5c0-10a7-4a36-a1c2-b4af9233988a,2026-04-25T16:56:36.624748-04:00,node-01,checkout-api,502,True,anomalous,market_aware_v1,76.3,63.541,278.111,28.262,1.306,131.656,42.408,3.368
0afbacf5-89cb-491a-b912-c83dc8c96448,2026-04-25T16:56:36.625243-04:00,node-01,payments-api,429,True,anomalous,market_aware_v1,71.778,64.859,275.435,27.235,1.269,133.677,36.748,3.55
b330b3ca-5f09-4ecd-8afe-9a994a6876f0,2026-04-25T16:56:36.625725-04:00,node-01,orders-api,500,True,anomalous,market_aware_v1,78.167,59.205,259.356,33.468,1.102,136.265,65.24,3.169
a275a316-1cbe-432e-9ffe-5d0e249212e2,2026-04-25T16:56:36.626165-04:00,node-01,checkout-api,503,True,anomalous,market_aware_v1,78.398,62.207,291.093,32.563,1.482,142.778,47.259,4.106
c620f323-8d9d-47c7-9530-2e73da0d73a0,2026-04-25T16:56:36.626696-04:00,node-01,payments-api,500,True,anomalous,market_aware_v1,76.001,62.609,295.923,28.226,1.389,143.832,32.423,3.787
e47aa66d-407b-4651-9379-a4fb545eaac1,2026-04-25T16:56:36.627155-04:00,node-01,orders-api,500,True,anomalous,market_aware_v1,80.069,58.621,264.891,32.139,1.1,132.028,70.058,3.248
623398ae-5c62-4c8d-8cae-32eb93eb5b7d,2026-04-25T16:56:36.627640-04:00,node-01,checkout-api,500,True,anomalous,market_aware_v1,77.002,61.501,276.936,29.525,1.327,131.85,44.19,3.442
1d57cbbf-da86-4f37-ac20-7639fa3c7135,2026-04-25T16:56:36.628120-04:00,node-01,payments-api,429,True,anomalous,market_aware_v1,81.604,64.418,299.244,30.419,1.759,152.343,22.157,4.349
bbf05c77-14dd-4c3e-916a-dbf5af7dc63e,2026-04-25T16:56:36.628723-04:00,node-01,orders-api,503,True,anomalous,market_aware_v1,76.991,56.795,272.112,33.036,1.122,136.88,64.398,3.217
eddc3c9f-8a52-44f2-b691-a97502d487a7,2026-04-25T16:56:36.629271-04:00,node-01,checkout-api,500,True,anomalous,market_aware_v1,77.133,55.543,275.852,31.312,1.251,129.067,48.436,3.427
b276d621-c182-46da-aa4b-2018cf331908,2026-04-25T16:56:36.629747-04:00,node-01,payments-api,502,True,anomalous,market_aware_v1,70.925,62.376,283.905,27.676,1.275,140.468,32.153,3.57
91015e05-101c-4859-af0e-523eda82ab34,2026-04-25T16:56:36.630287-04:00,node-01,orders-api,500,True,anomalous,market_aware_v1,79.77,60.452,284.844,32.09,1.508,137.972,60.611,3.607
286b5162-ee96-4c98-a3b9-aa6220d07cd0,2026-04-25T16:56:36.631132-04:00,node-01,checkout-api,502,True,anomalous,market_aware_v1,74.444,61.17,287.769,31.082,1.28,135.291,37.748,3.408
0234f044-e3c1-4a6d-9e69-126e5595899f,2026-04-25T16:56:36.632175-04:00,node-01,payments-api,502,True,anomalous,market_aware_v1,70.953,65.587,285.636,27.324,1.28,137.52,31.782,3.478
bbd9361c-9c38-4e47-9173-5110cf880376,2026-04-25T16:56:36.632676-04:00,node-01,orders-api,429,True,anomalous,market_aware_v1,76.569,55.528,269.237,31.0,1.265,138.257,69.278,3.661
a633f25a-c48b-4124-ba44-62d9314d5435,2026-04-25T16:56:36.633160-04:00,node-01,checkout-api,502,True,anomalous,market_aware_v1,69.243,61.178,279.499,26.361,1.326,138.126,43.241,3.488
127a79f4-89c8-471f-8c5b-0688f856952f,2026-04-25T16:56:36.633825-04:00,node-01,payments-api,500,True,anomalous,market_aware_v1,66.958,61.33,280.645,25.25,1.366,137.225,27.487,3.743
f3ca8b28-d36f-43ab-b318-ba81ccbde3ab,2026-04-25T16:56:36.634333-04:00,node-01,orders-api,502,True,anomalous,market_aware_v1,72.257,53.761,251.189,31.378,1.15,136.911,58.656,3.259
837d81e8-dee8-4ff3-bf74-bcf3777ab0ef,2026-04-25T16:56:36.634847-04:00,node-01,checkout-api,503,True,anomalous,market_aware_v1,67.386,56.468,266.971,27.233,1.342,126.136,35.794,3.243
567a8d72-c3a1-4a40-84db-5aad1eb4cf52,2026-04-25T16:56:36.635340-04:00,node-01,payments-api,502,True,anomalous,market_aware_v1,67.556,61.156,302.279,23.405,1.597,141.218,18.116,4.094
f156dbe4-fa02-4e68-802a-1075b0cbc914,2026-04-25T16:56:36.635902-04:00,node-01,orders-api,503,True,anomalous,market_aware_v1,65.024,46.484,242.416,30.722,1.124,125.048,59.42,3.105
98cdb996-1938-4abc-a45b-32cbe27c10ad,2026-04-25T16:56:36.636407-04:00,node-01,checkout-api,429,True,anomalous,market_aware_v1,67.19,54.526,268.602,28.269,1.29,127.462,31.746,3.364
e8b352de-a7c4-4e2e-b463-33921fb70259,2026-04-25T16:56:36.636970-04:00,node-01,payments-api,500,True,anomalous,market_aware_v1,59.885,57.007,274.217,23.712,1.139,130.121,19.571,3.165
61ccf733-3ce4-4947-abc0-fb22ce2bbbdc,2026-04-25T16:56:36.637517-04:00,node-01,orders-api,503,True,anomalous,market_aware_v1,69.208,49.599,243.189,30.031,0.983,121.815,61.869,2.831
5338291f-a128-4c74-87e3-238335e4b6f7,2026-04-25T16:56:36.638074-04:00,node-01,checkout-api,502,True,anomalous,market_aware_v1,68.485,56.359,273.403,28.521,1.223,131.472,32.401,3.272
404e5a77-fe22-4f7b-88a5-43e5c96fbfdd,2026-04-25T16:56:36.638596-04:00,node-01,payments-api,500,True,anomalous,market_aware_v1,61.23,59.858,262.22,23.229,1.221,130.437,25.645,3.416
784a4422-0e3c-4160-a091-9b02867ac5ad,2026-04-25T16:56:36.639101-04:00,node-01,orders-api,429,True,anomalous,market_aware_v1,64.28,51.779,243.612,29.915,1.0,122.973,57.096,2.774
2873c97c-9ecc-4c24-bf14-848b385c0188,2026-04-25T16:56:36.639577-04:00,node-01,checkout-api,503,True,anomalous,market_aware_v1,70.15,55.407,265.676,25.616,1.166,122.696,31.411,3.145
2c97dedd-6846-4357-8eed-d4f0998ee6da,2026-04-25T16:56:36.640066-04:00,node-01,payments-api,502,True,anomalous,market_aware_v1,62.145,55.698,279.514,24.172,1.264,131.699,20.595,3.509
e631683f-70e5-4238-ae19-c4938eaff185,2026-04-25T16:56:36.640578-04:00,node-01,orders-api,502,True,anomalous,market_aware_v1,71.539,51.089,245.042,31.001,1.053,122.452,66.848,2.832
905716dc-9d7a-4a22-a069-fa3542c6b38d,2026-04-25T16:56:36.641103-04:00,node-01,checkout-api,500,True,anomalous,market_aware_v1,66.933,54.613,264.251,28.545,1.226,131.946,29.442,3.219
a8d6ab48-30f7-4bdc-81c4-0bded7763e79,2026-04-25T16:56:36.641612-04:00,node-01,payments-api,502,True,anomalous,market_aware_v1,68.708,59.79,296.081,26.81,1.606,140.604,13.988,4.087
86408f5d-f694-42cd-b0a7-0fc52735a7f7,2026-04-25T16:56:36.642109-04:00,node-01,orders-api,500,True,anomalous,market_aware_v1,72.409,58.496,276.171,28.507,1.414,130.849,59.21,3.603
a23dcf8c-b61a-46cc-8516-7200c05b8d22,2026-04-25T16:56:36.643569-04:00,node-01,checkout-api,500,True,anomalous,market_aware_v1,70.324,55.625,278.056,25.753,1.29,136.455,31.064,3.59
a4b094ef-8a70-47ce-954d-b6f86030991c,2026-04-25T16:56:36.644099-04:00,node-01,payments-api,500,True,anomalous,market_aware_v1,66.1,59.058,278.467,22.928,1.27,130.197,33.104,3.423
a361e98b-5afe-4191-9033-5ae6402af98d,2026-04-25T16:56:36.644646-04:00,node-01,orders-api,503,True,anomalous,market_aware_v1,73.39,54.837,263.293,29.17,1.251,133.692,61.657,3.398
713498fb-1792-453e-a988-f3fab8e2c78f,2026-04-25T16:56:36.645448-04:00,node-01,checkout-api,429,True,anomalous,market_aware_v1,73.211,55.334,269.509,28.149,1.264,129.763,40.249,3.376
281ef980-9eeb-49cf-a0b5-350a8eb63c8d,2026-04-25T16:56:36.646192-04:00,node-01,payments-api,429,True,anomalous,market_aware_v1,70.254,58.37,282.278,24.733,1.297,137.944,24.8,3.67
4ddcf865-b873-4927-b31e-fba0920e9c36,2026-04-25T16:56:36.646696-04:00,node-01,orders-api,500,True,anomalous,market_aware_v1,75.787,54.57,247.452,32.23,1.14,133.219,64.928,3.269
6c322226-1bed-4e11-be1b-7adbfd71d6fd,2026-04-25T16:56:36.647245-04:00,node-01,checkout-api,503,True,anomalous,market_aware_v1,72.23,57.859,269.526,31.229,1.358,133.997,42.745,3.578
89bb8750-3266-4d1e-b053-db4085148386,2026-04-25T16:56:36.647724-04:00,node-01,payments-api,502,True,anomalous,market_aware_v1,67.328,61.72,287.703,26.632,1.316,137.43,29.157,3.515
953d3d20-2805-4511-82fd-77a718f7549d,2026-04-25T16:56:36.648230-04:00,node-01,orders-api,502,True,anomalous,market_aware_v1,75.245,53.643,268.787,32.014,1.121,134.747,65.225,3.239
04681cc4-d1c0-4ae6-920a-506a6d1307cd,2026-04-25T16:56:36.648670-04:00,node-01,checkout-api,429,True,anomalous,market_aware_v1,81.434,64.553,292.346,32.397,1.761,144.073,32.227,4.239
bf0f185e-eb0d-467f-9b3c-b88760cfe3a3,2026-04-25T16:56:36.649151-04:00,node-01,payments-api,429,True,anomalous,market_aware_v1,73.107,61.826,288.869,26.042,1.228,134.634,38.108,3.464
9da96f4c-a71c-476f-8f57-8efd32cd07d1,2026-04-25T16:56:36.649730-04:00,node-01,orders-api,500,True,anomalous,market_aware_v1,78.256,59.651,258.988,32.715,1.119,130.848,68.592,3.175
7b17bc63-b192-4a6f-b841-06154a2d6297,2026-04-25T16:56:36.650391-04:00,node-01,checkout-api,502,True,anomalous,market_aware_v1,75.279,61.189,273.154,33.514,1.283,131.471,44.248,3.461
606ae396-4709-44b0-8620-cf0563e3547a,2026-04-25T16:56:36.651993-04:00,node-01,payments-api,500,True,anomalous,market_aware_v1,74.128,62.643,289.326,29.603,1.255,138.461,26.66,3.53
02025547-c8c3-4064-bb41-f8ea151419a3,2026-04-25T16:56:36.652474-04:00,node-01,orders-api,429,True,anomalous,market_aware_v1,73.641,53.695,253.281,32.273,1.06,126.215,64.044,3.031
8b6f6e4d-b96b-48df-b278-894620911f89,2026-04-25T16:56:36.652954-04:00,node-01,checkout-api,429,True,anomalous,market_aware_v1,73.225,59.505,282.847,29.284,1.171,137.242,40.749,3.4
f1f99346-2717-40b5-81c3-e181d6f20155,2026-04-25T16:56:36.653421-04:00,node-01,payments-api,503,True,anomalous,market_aware_v1,70.518,58.885,282.849,25.947,1.327,137.865,31.267,3.569
df3c1d59-9303-4512-8682-d5a0b7e650cc,2026-04-25T16:56:36.653908-04:00,node-01,orders-api,500,True,anomalous,market_aware_v1,76.676,56.451,251.488,31.252,1.036,125.529,65.945,3.088
3274b61e-9ea1-427d-b813-024744ff1205,2026-04-25T16:56:36.654385-04:00,node-01,checkout-api,503,True,anomalous,market_aware_v1,78.592,60.725,281.924,32.125,1.615,139.959,37.255,4.016
da28cc56-43c6-4242-8359-15495913b33d,2026-04-25T16:56:36.655115-04:00,node-01,payments-api,500,True,anomalous,market_aware_v1,71.636,59.639,280.017,23.439,1.22,129.351,29.531,3.294
546d7295-fd38-4b7f-a6f0-19e799fdc475,2026-04-25T16:56:36.655649-04:00,node-01,orders-api,500,True,anomalous,market_aware_v1,74.252,57.579,263.17,30.884,1.131,138.658,60.066,3.282
b138f021-943b-4eea-b5bd-c4d3b3f97d8c,2026-04-25T16:56:36.656141-04:00,node-01,checkout-api,503,True,anomalous,market_aware_v1,72.13,57.331,280.704,28.598,1.36,134.411,33.865,3.523
07b4ebae-14bd-440d-b017-4dc16ce5d02a,2026-04-25T16:56:36.656643-04:00,node-01,payments-api,502,True,anomalous,market_aware_v1,67.738,59.16,282.044,24.941,1.307,133.599,25.548,3.36
ebdf3c28-4d04-4534-a361-141cb87128e3,2026-04-25T16:56:36.657133-04:00,node-01,orders-api,429,True,anomalous,market_aware_v1,73.748,57.543,262.576,30.054,1.152,130.802,61.022,3.287
cfc10420-8992-4050-883e-71113d19dac5,2026-04-25T16:56:36.657619-04:00,node-01,checkout-api,502,True,anomalous,market_aware_v1,68.33,52.809,290.162,29.126,1.278,134.725,30.847,3.517
96ffedd1-4bb2-4632-83f4-1e2981eb76dd,2026-04-25T16:56:36.658094-04:00,node-01,payments-api,502,True,anomalous,market_aware_v1,70.233,59.893,295.67,24.864,1.233,138.685,24.746,3.573
e07d4c3f-1e31-43cc-a6d6-23754b3c7044,2026-04-25T16:56:36.658581-04:00,node-01,orders-api,500,True,anomalous,market_aware_v1,73.496,52.275,263.17,29.522,1.127,130.462,55.57,3.242
631e0d60-c386-4478-8309-dfd1200dab99,2026-04-25T16:56:36.659053-04:00,node-01,checkout-api,429,True,anomalous,market_aware_v1,67.429,57.343,264.922,27.474,1.356,134.083,44.028,3.515
db2dd48d-8912-43e9-9f66-5e9b0b353140,2026-04-25T16:56:36.659574-04:00,node-01,payments-api,502,True,anomalous,market_aware_v1,67.188,57.542,289.55,25.637,1.208,136.645,26.131,3.47
d68395dc-b561-47c2-aa5f-12bd9e3269f4,2026-04-25T16:56:36.660059-04:00,node-01,orders-api,500,True,anomalous,market_aware_v1,71.611,52.263,250.584,29.979,1.059,133.664,57.604,3.151
6b20ee15-7b8d-4c8f-a668-89c0dc0998b7,2026-04-25T16:56:36.660563-04:00,node-01,checkout-api,502,True,anomalous,market_aware_v1,68.864,55.362,273.371,27.931,1.395,139.1,26.488,3.715
15239b8d-9ea5-43a8-b12f-1291b497a609,2026-04-25T16:56:36.661112-04:00,node-01,payments-api,503,True,anomalous,market_aware_v1,66.159,58.564,288.767,25.92,1.294,140.115,24.76,3.634
36f7c0b9-ebb6-4674-9b3b-6f517aff58e0,2026-04-25T16:56:36.662536-04:00,node-01,orders-api,502,True,anomalous,market_aware_v1,70.702,56.368,257.117,30.764,1.089,133.807,57.419,3.239
6165b506-0244-4be7-a74a-189ae95e60b7,2026-04-25T16:56:36.663043-04:00,node-01,checkout-api,503,True,anomalous,market_aware_v1,77.241,53.39,296.829,27.61,1.323,142.42,34.612,3.642
5341d465-5b45-4061-9763-34d2c4400bac,2026-04-25T16:56:36.663538-04:00,node-01,payments-api,502,True,anomalous,market_aware_v1,69.213,61.345,271.582,25.099,1.226,135.747,27.265,3.473
307ac141-8079-477d-a1de-d858131da290,2026-04-25T16:56:36.664031-04:00,node-01,orders-api,502,True,anomalous,market_aware_v1,73.143,55.884,250.269,32.135,0.976,123.259,65.105,3.029
51d0bd8a-aa4d-4f39-bf50-d042559adca6,2026-04-25T16:56:36.664600-04:00,node-01,checkout-api,429,True,anomalous,market_aware_v1,74.644,58.786,266.544,28.253,1.268,131.983,43.625,3.428
a5ce71ab-b527-4d72-871e-0ff1d5b675af,2026-04-25T16:56:36.665128-04:00,node-01,payments-api,500,True,anomalous,market_aware_v1,69.837,63.227,285.786,26.228,1.412,137.429,26.455,3.64
8033b12c-dd96-4ff2-8092-e86bc71bca64,2026-04-25T16:56:36.665668-04:00,node-01,orders-api,502,True,anomalous,market_aware_v1,75.229,55.894,253.684,31.374,1.071,127.426,59.156,3.047
eb7ac07e-8286-4037-9fc1-e5960455208e,2026-04-25T16:56:36.666188-04:00,node-01,checkout-api,502,True,anomalous,market_aware_v1,68.915,55.069,257.669,30.336,1.115,121.634,47.475,3.09
6299d5f0-33ca-4a7d-ae74-da6d632635ff,2026-04-25T16:56:36.666683-04:00,node-01,payments-api,502,True,anomalous,market_aware_v1,71.668,63.783,298.518,27.3,1.374,143.451,28.496,3.759
6ee59bdd-5951-4939-aeb2-ed7faaea5010,2026-04-25T16:56:36.667202-04:00,node-01,orders-api,503,True,anomalous,market_aware_v1,81.077,55.813,271.214,33.011,1.177,135.044,59.807,3.309
0eb7900a-b296-4a85-9f8b-8c8abf49c9c1,2026-04-25T16:56:36.667750-04:00,node-01,checkout-api,429,True,anomalous,market_aware_v1,74.984,56.825,267.377,31.03,1.322,140.486,45.866,3.619
483baa70-fa2c-4848-bb3f-b5233543db49,2026-04-25T16:56:36.668270-04:00,node-01,payments-api,429,True,anomalous,market_aware_v1,76.534,62.855,302.429,28.849,1.353,140.355,35.162,3.725
b39c12b7-6b18-4315-86cb-204efa174ce3,2026-04-25T16:56:36.668791-04:00,node-01,orders-api,429,True,anomalous,market_aware_v1,83.969,61.702,277.92,36.601,1.537,138.57,60.084,3.771
83aed112-3f0f-47be-b278-becdedab7100,2026-04-25T16:56:36.669317-04:00,node-01,checkout-api,502,True,anomalous,market_aware_v1,73.62,60.61,272.503,30.915,1.285,138.063,44.884,3.492
37f86919-735b-4328-8e90-bb7a333339b1,2026-04-25T16:56:36.669806-04:00,node-01,payments-api,502,True,anomalous,market_aware_v1,75.36,64.807,283.308,30.254,1.237,136.556,32.921,3.47
3a970dee-a17a-4974-b0fd-aa8e60a98fe8,2026-04-25T16:56:36.670304-04:00,node-01,orders-api,500,True,anomalous,market_aware_v1,79.617,57.11,266.812,31.528,1.23,137.092,71.842,3.326
34034849-2288-413e-94c8-be57b46403b6,2026-04-25T16:56:36.671401-04:00,node-01,checkout-api,503,True,anomalous,market_aware_v1,76.997,60.926,280.72,29.893,1.252,132.554,47.997,3.328
de49ebaf-6dbb-4988-b1f4-169adbb63fb9,2026-04-25T16:56:36.671929-04:00,node-01,payments-api,503,True,anomalous,market_aware_v1,72.928,62.535,280.979,29.43,1.312,137.174,30.262,3.517
f9fdd387-9c65-40a0-8ed8-4e87af3d2d8b,2026-04-25T16:56:36.672432-04:00,node-01,orders-api,503,True,anomalous,market_aware_v1,78.811,57.725,278.223,31.743,1.252,141.84,65.352,3.61
242412ed-564b-4afe-b576-16072dfb24a1,2026-04-25T16:56:36.672913-04:00,node-01,checkout-api,500,True,anomalous,market_aware_v1,74.377,64.98,275.224,30.251,1.219,130.839,43.76,3.364
f7024284-643f-405c-8eb2-3cbc343b7514,2026-04-25T16:56:36.673374-04:00,node-01,payments-api,503,True,anomalous,market_aware_v1,70.906,64.741,288.607,27.453,1.316,137.021,33.094,3.694
834cd014-7b73-48c2-bc3e-bac670b49de3,2026-04-25T16:56:36.673840-04:00,node-01,orders-api,500,True,anomalous,market_aware_v1,77.232,58.751,267.914,32.977,1.22,134.901,68.468,3.269
86519df0-a22b-4944-85b0-34122350da8c,2026-04-25T16:56:36.674342-04:00,node-01,checkout-api,429,True,anomalous,market_aware_v1,71.66,57.59,267.681,29.699,1.208,127.37,42.568,3.262
6018df3a-d2ee-4ed1-8d7c-73d86cfc6d44,2026-04-25T16:56:36.674821-04:00,node-01,payments-api,502,True,anomalous,market_aware_v1,74.333,61.531,303.072,27.887,1.683,145.766,29.144,4.294
295ad8bb-dca8-4883-b0f5-012966b3a68a,2026-04-25T16:56:36.675314-04:00,node-01,orders-api,500,True,anomalous,market_aware_v1,74.42,56.99,262.492,31.361,1.142,132.196,59.26,3.242
76f7ddd5-352f-4019-b027-8f771b0b81a2,2026-04-25T16:56:36.675830-04:00,node-01,checkout-api,503,True,anomalous,market_aware_v1,74.126,59.087,278.117,29.26,1.323,143.107,34.437,3.683
c8559b3c-8a7c-43df-bd02-61ee1a0853c0,2026-04-25T16:56:36.676302-04:00,node-01,payments-api,503,True,anomalous,market_aware_v1,69.351,56.234,284.662,24.762,1.181,136.057,23.851,3.458
ff589d3b-e697-462a-9107-ba6eee0d67de,2026-04-25T16:56:36.676781-04:00,node-01,orders-api,429,True,anomalous,market_aware_v1,73.89,53.459,259.992,31.142,1.219,135.664,60.484,3.369
35f39ab7-6a64-4415-bb0f-0bfc1696c660,2026-04-25T16:56:36.677225-04:00,node-01,checkout-api,429,True,anomalous,market_aware_v1,69.676,59.04,274.271,27.78,1.226,130.053,35.278,3.423
935a9822-74c5-4661-b58c-eb180e4ff062,2026-04-25T16:56:36.677822-04:00,node-01,payments-api,503,True,anomalous,market_aware_v1,64.499,58.427,285.813,25.085,1.293,135.938,15.897,3.479
73d16027-8893-41f3-bfd1-86f66e517028,2026-04-25T16:56:36.678257-04:00,node-01,orders-api,502,True,anomalous,market_aware_v1,72.649,49.644,274.732,31.019,1.199,140.256,49.765,3.351
e7a8cf19-d121-4494-8b24-8008580aa4eb,2026-04-25T16:56:36.678763-04:00,node-01,checkout-api,429,True,anomalous,market_aware_v1,63.994,53.894,264.436,27.041,1.229,131.165,34.602,3.327
c2c10e69-260f-4af6-98b6-a477e843d256,2026-04-25T16:56:36.679256-04:00,node-01,payments-api,429,True,anomalous,market_aware_v1,63.592,58.989,264.202,22.719,1.194,127.629,28.595,3.196
fab3c773-d959-4244-90fd-48270ba7d51f,2026-04-25T16:56:36.679887-04:00,node-01,orders-api,503,True,anomalous,market_aware_v1,67.622,50.182,252.066,28.391,1.133,130.981,54.194,3.145
1c6de2cf-2fc8-49d4-a603-fb7a83954bd4,2026-04-25T16:56:36.680416-04:00,node-01,checkout-api,502,True,anomalous,market_aware_v1,68.866,54.953,265.569,27.053,1.222,127.925,36.687,3.291
2be65ad6-51b6-4e70-8b3d-46ed502ea11c,2026-04-25T16:56:36.680928-04:00,node-01,payments-api,502,True,anomalous,market_aware_v1,62.545,53.549,288.368,25.737,1.33,137.906,18.4,3.623
dd7d1fd9-6c14-497f-b739-bad2a675ae57,2026-04-25T16:56:36.681509-04:00,node-01,orders-api,503,True,anomalous,market_aware_v1,68.477,53.194,265.768,28.865,1.142,127.706,64.016,3.085
c2988558-1ff3-4aa1-a400-f1ef3c2b9db7,2026-04-25T16:56:36.682014-04:00,node-01,checkout-api,502,True,anomalous,market_aware_v1,68.48,59.923,279.044,26.102,1.682,138.744,24.639,4.059
55002ebd-7dc9-47d3-8aa1-b8277ac268e6,2026-04-25T16:56:36.682514-04:00,node-01,payments-api,429,True,anomalous,market_aware_v1,63.861,57.357,282.829,22.768,1.27,136.18,15.779,3.413
a0f7a253-6da7-4eae-bc35-9ba906a44c2d,2026-04-25T16:56:36.683004-04:00,node-01,orders-api,429,True,anomalous,market_aware_v1,72.581,54.861,266.58,28.852,1.097,128.674,51.608,2.971
1387b55a-c07d-4a0d-ad4a-40016ee26a30,2026-04-25T16:56:36.683488-04:00,node-01,checkout-api,500,True,anomalous,market_aware_v1,67.633,57.351,260.911,28.879,1.253,128.699,37.996,3.283
bc7413ae-734e-4bc5-8f0f-fa6419f338df,2026-04-25T16:56:36.683961-04:00,node-01,payments-api,502,True,anomalous,market_aware_v1,63.101,56.067,292.077,27.342,1.284,136.297,21.784,3.571
9e65789d-cccc-4f81-85a3-9e11a089bda0,2026-04-25T16:56:36.684419-04:00,node-01,orders-api,502,True,anomalous,market_aware_v1,75.043,54.238,269.444,27.757,1.235,139.014,57.947,3.469
30b8361d-9151-446e-a52e-67775e3a405a,2026-04-25T16:56:36.684926-04:00,node-01,checkout-api,502,True,anomalous,market_aware_v1,68.564,54.742,264.889,27.506,1.328,125.695,41.172,3.318
83252079-f376-4392-bd6f-f8811850ace6,2026-04-25T16:56:36.685419-04:00,node-01,payments-api,500,True,anomalous,market_aware_v1,65.845,58.707,280.838,25.746,1.24,137.454,28.7,3.572
4f9b213a-aa02-495d-af28-e0a6f2971bae,2026-04-25T16:56:36.685903-04:00,node-01,orders-api,500,True,anomalous,market_aware_v1,74.35,52.629,253.848,30.17,1.138,128.534,64.738,3.254
47506d39-f18b-4f46-8125-d7b7268f4b6b,2026-04-25T16:56:36.686371-04:00,node-01,checkout-api,503,True,anomalous,market_aware_v1,73.024,59.584,284.431,28.783,1.378,137.708,36.908,3.611
8f8ac162-0271-4b23-9553-6374c1fb1676,2026-04-25T16:56:36.686813-04:00,node-01,payments-api,503,True,anomalous,market_aware_v1,70.153,57.89,277.796,26.818,1.22,131.975,28.975,3.474
03759961-60a1-4b0a-9140-7431e0ff63b4,2026-04-25T16:56:36.687326-04:00,node-01,orders-api,502,True,anomalous,market_aware_v1,75.844,56.101,259.24,30.946,1.05,126.978,64.912,3.082
69e15260-9796-429d-9543-634ff123453d,2026-04-25T16:56:36.687843-04:00,node-01,checkout-api,500,True,anomalous,market_aware_v1,68.616,53.9,277.757,30.118,1.221,125.725,45.796,3.307
29af0a36-b0ca-463e-b7b6-123df0eb881a,2026-04-25T16:56:36.688338-04:00,node-01,payments-api,503,True,anomalous,market_aware_v1,68.67,62.053,289.444,27.061,1.227,136.64,31.306,3.511
ffe3cec6-33a8-4300-80af-38facc4b899a,2026-04-25T16:56:36.688838-04:00,node-01,orders-api,503,True,anomalous,market_aware_v1,80.199,57.389,265.922,29.421,1.126,128.67,68.924,3.077
91bbbbda-b1d2-4a1b-bd25-ed9d05d239d4,2026-04-25T16:56:36.689328-04:00,node-01,checkout-api,502,True,anomalous,market_aware_v1,80.101,59.504,293.035,29.524,1.338,131.635,45.047,3.551
5f9cdacc-0b20-4040-8c30-86aa6867cb9b,2026-04-25T16:56:36.689828-04:00,node-01,payments-api,502,True,anomalous,market_aware_v1,70.709,64.002,288.592,26.742,1.21,136.255,26.736,3.531
3f706ccd-ca33-44d3-9f54-4909ff68b3f2,2026-04-25T16:56:36.690318-04:00,node-01,orders-api,500,True,anomalous,market_aware_v1,76.683,53.982,257.777,35.307,1.286,134.678,64.296,3.319
0aa3d045-8274-475e-9dca-a532c59ce605,2026-04-25T16:56:36.690828-04:00,node-01,checkout-api,502,True,anomalous,market_aware_v1,75.239,61.515,288.464,31.221,1.331,139.181,40.031,3.747
a523d444-170e-4232-867b-8f48259f5760,2026-04-25T16:56:36.691318-04:00,node-01,payments-api,503,True,anomalous,market_aware_v1,72.974,61.275,296.06,27.742,1.258,142.386,32.187,3.709
4092e8e9-e365-478f-a41c-9ca4c394f40f,2026-04-25T16:56:36.691787-04:00,node-01,orders-api,502,True,anomalous,market_aware_v1,81.498,52.983,277.264,33.934,1.268,142.222,57.041,3.618
f0e01c29-61c1-4b71-a1d7-f58bf05fd0bf,2026-04-25T16:56:36.692228-04:00,node-01,checkout-api,502,True,anomalous,market_aware_v1,74.693,60.013,272.442,26.914,1.279,135.992,38.026,3.489
1b86f85c-ef44-45e3-bc7d-af8a048ddf37,2026-04-25T16:56:36.692695-04:00,node-01,payments-api,429,True,anomalous,market_aware_v1,70.393,59.368,287.855,25.802,1.29,137.267,28.628,3.498
a8c557b6-47df-450b-b0b8-bf61cc56c183,2026-04-25T16:56:36.693173-04:00,node-01,orders-api,429,True,anomalous,market_aware_v1,79.907,58.742,281.185,30.55,1.322,143.886,66.543,3.731
6d1df31f-ddb7-47c0-8ed3-0edd64fe9168,2026-04-25T16:56:36.693653-04:00,node-01,checkout-api,503,True,anomalous,market_aware_v1,74.012,59.088,274.425,26.816,1.299,134.638,39.294,3.5
a3a59f9c-fa33-40d2-9d5f-2448c06d3ecd,2026-04-25T16:56:36.694143-04:00,node-01,payments-api,429,True,anomalous,market_aware_v1,64.435,58.694,284.004,25.609,1.183,136.814,28.332,3.336
30ee54c2-5107-4520-837b-3d2fbd84cfa7,2026-04-25T16:56:36.694610-04:00,node-01,orders-api,500,True,anomalous,market_aware_v1,74.995,53.523,263.405,28.167,1.14,137.68,58.861,3.222
2c02efcc-4b74-4b45-b443-bc3b241b0ea7,2026-04-25T16:56:36.695108-04:00,node-01,checkout-api,503,True,anomalous,market_aware_v1,74.292,56.988,261.044,30.957,1.287,135.378,37.363,3.519
fa204cf8-1962-4cae-91cd-aa3c5341c9e5,2026-04-25T16:56:36.695739-04:00,node-01,payments-api,503,True,anomalous,market_aware_v1,71.914,59.389,281.811,25.259,1.274,135.49,26.806,3.543
7490ffae-519d-4928-ae0a-a791d52f3b75,2026-04-25T16:56:36.697256-04:00,node-01,orders-api,429,True,anomalous,market_aware_v1,67.241,55.842,256.03,29.98,1.042,133.768,62.35,3.13
c5716513-823a-4abc-91d5-c6ec55d5d743,2026-04-25T16:56:36.697736-04:00,node-01,checkout-api,500,True,anomalous,market_aware_v1,72.607,55.093,273.699,28.607,1.194,132.994,35.645,3.226
9991bf0d-c4c2-4fe9-901c-9ff1629adf2b,2026-04-25T16:56:36.698257-04:00,node-01,payments-api,500,True,anomalous,market_aware_v1,68.983,60.687,288.909,26.62,1.579,139.582,17.839,3.962
7d97e326-9477-4253-b7d8-1111271f9f56,2026-04-25T16:56:36.698720-04:00,node-01,orders-api,429,True,anomalous,market_aware_v1,74.06,53.518,267.764,31.996,1.609,143.174,52.126,3.932
d4a41e74-b730-4ffe-9612-528fb477057f,2026-04-25T16:56:36.699198-04:00,node-01,checkout-api,500,True,anomalous,market_aware_v1,64.673,55.787,277.497,29.728,1.26,136.637,32.295,3.5
430f201d-b890-4543-a9b3-428dd3344e7e,2026-04-25T16:56:36.700566-04:00,node-01,payments-api,503,True,anomalous,market_aware_v1,63.001,58.614,297.385,24.373,1.293,140.193,19.374,3.594
fd7f9cac-9057-4ac5-9c4d-eb60ab9e0758,2026-04-25T16:56:36.701069-04:00,node-01,orders-api,429,True,anomalous,market_aware_v1,68.76,53.555,255.282,28.634,1.187,130.02,53.938,3.131
d10caf22-9974-47a2-98d8-b51c88ad5770,2026-04-25T16:56:36.701514-04:00,node-01,checkout-api,502,True,anomalous,market_aware_v1,72.928,57.454,284.895,27.568,1.342,132.737,35.532,3.444
eeba5f5c-b17d-4f82-935e-d63470f8d42f,2026-04-25T16:56:36.702038-04:00,node-01,payments-api,429,True,anomalous,market_aware_v1,63.806,56.078,291.521,23.424,1.312,143.702,16.952,3.661
3f1d25cf-2892-4b2d-a598-191ead2dbcd1,2026-04-25T16:56:36.702749-04:00,node-01,orders-api,503,True,anomalous,market_aware_v1,66.227,57.657,251.182,31.923,1.085,130.956,65.373,3.191
dc7b1e3c-96cc-4dde-bb4e-56f8a0ae68e5,2026-04-25T16:56:36.703258-04:00,node-01,checkout-api,500,True,anomalous,market_aware_v1,70.316,57.908,278.192,30.141,1.328,135.236,43.262,3.603
e6a03309-2d02-47c3-ae97-2e4f95629126,2026-04-25T16:56:36.703739-04:00,node-01,payments-api,503,True,anomalous,market_aware_v1,62.165,55.572,282.396,25.373,1.19,132.696,24.503,3.378
d0c68609-817d-476e-ae48-13f4045ef013,2026-04-25T16:56:36.704238-04:00,node-01,orders-api,429,True,anomalous,market_aware_v1,75.094,55.344,264.932,30.843,1.193,138.773,64.092,3.527
3b0b4601-88b8-49a2-a463-ec37037cd373,2026-04-25T16:56:36.704700-04:00,node-01,checkout-api,502,True,anomalous,market_aware_v1,72.868,57.167,282.033,29.281,1.269,135.061,42.713,3.516
aa6986a6-0953-473a-b569-29cf2e96e04a,2026-04-25T16:56:36.705160-04:00,node-01,payments-api,500,True,anomalous,market_aware_v1,67.952,58.21,292.254,25.425,1.281,137.697,21.497,3.434
bddd69e6-cf78-44b4-a4ac-c74caca8f99f,2026-04-25T16:56:36.705620-04:00,node-01,orders-api,502,True,anomalous,market_aware_v1,76.586,56.505,273.203,32.314,1.222,139.611,60.76,3.452
2c87eaab-0a8c-4e7a-9105-3ade86f69596,2026-04-25T16:56:36.706064-04:00,node-01,checkout-api,502,True,anomalous,market_aware_v1,80.157,63.441,286.902,31.779,1.669,140.473,35.752,4.012
5c943a75-8888-4bda-99db-95c0b45dac1b,2026-04-25T16:56:36.706517-04:00,node-01,payments-api,503,True,anomalous,market_aware_v1,70.719,59.799,305.898,29.103,1.334,144.666,24.523,3.749
2deaacd9-1b45-426e-a88f-ed996c92a43f,2026-04-25T16:56:36.706921-04:00,node-01,orders-api,429,True,anomalous,market_aware_v1,76.583,57.476,264.666,32.944,1.069,131.533,75.143,3.09
80150328-76e5-4e5e-8a4b-ca6994368557,2026-04-25T16:56:36.707365-04:00,node-01,checkout-api,429,True,anomalous,market_aware_v1,78.105,63.624,292.696,31.583,1.407,143.299,44.558,3.771
073e5abf-cc86-48ce-8c3f-7bc9025b9424,2026-04-25T16:56:36.707843-04:00,node-01,payments-api,429,True,anomalous,market_aware_v1,73.3,62.512,284.295,27.417,1.364,136.875,32.307,3.608
72debdc7-5510-4f49-9738-52ec68bc17f1,2026-04-25T16:56:36.708263-04:00,node-01,orders-api,503,True,anomalous,market_aware_v1,79.01,61.149,272.184,33.259,1.238,140.35,70.637,3.516
41688eed-ccf8-423c-af5c-13b668b183d3,2026-04-25T16:56:36.708715-04:00,node-01,checkout-api,500,True,anomalous,market_aware_v1,75.682,61.655,287.579,30.544,1.295,135.182,47.752,3.401
522cd3fa-7e68-43ed-88eb-80a9e535c8e4,2026-04-25T16:56:36.709161-04:00,node-01,payments-api,429,True,anomalous,market_aware_v1,76.107,62.878,297.8,27.968,1.313,145.087,29.588,3.756
fc6def84-981b-45ec-95da-256b357f86a0,2026-04-25T16:56:36.709663-04:00,node-01,orders-api,502,True,anomalous,market_aware_v1,80.622,53.14,275.671,33.009,1.317,138.195,65.564,3.423
ce87b411-7a67-4b65-b4cd-08ef77074bb6,2026-04-25T16:56:36.710186-04:00,node-01,checkout-api,500,True,anomalous,market_aware_v1,73.782,61.163,274.268,30.203,1.297,138.97,39.058,3.607
83f582e8-462b-4c81-b022-b254324b8c05,2026-04-25T16:56:36.710701-04:00,node-01,payments-api,503,True,anomalous,market_aware_v1,76.02,63.317,319.33,28.352,1.742,152.361,24.299,4.391
c73e9fbf-066e-4914-83ca-b2ee1e11dcad,2026-04-25T16:56:36.711162-04:00,node-01,orders-api,503,True,anomalous,market_aware_v1,76.231,62.886,273.764,33.59,1.272,138.818,72.794,3.682
ea12ec5d-1154-46f5-b4c8-634947929366,2026-04-25T16:56:36.711667-04:00,node-01,checkout-api,502,True,anomalous,market_aware_v1,75.899,60.096,273.157,31.611,1.206,131.853,46.591,3.265
898f566b-f3a5-46f9-b4ca-eae2acc5de1c,2026-04-25T16:56:36.712112-04:00,node-01,payments-api,429,True,anomalous,market_aware_v1,72.188,66.232,298.556,27.744,1.281,142.943,30.583,3.622
cebf9e5c-b22c-4ce3-bd5b-ecb542019ff4,2026-04-25T16:56:36.712615-04:00,node-01,orders-api,429,True,anomalous,market_aware_v1,80.681,58.175,258.836,31.331,1.14,132.77,64.34,3.251
18998e6d-4b3b-4f7a-82bd-2edce43383a4,2026-04-25T16:56:36.713084-04:00,node-01,checkout-api,503,True,anomalous,market_aware_v1,78.845,62.122,315.976,30.352,1.778,147.4,31.752,4.35
beb558c6-902a-45af-a8ab-261c9728fe9a,2026-04-25T16:56:36.713572-04:00,node-01,payments-api,429,True,anomalous,market_aware_v1,73.568,63.957,293.114,28.046,1.24,137.301,27.51,3.457
d2659234-400c-41e3-b931-bdfe8e9a4e2a,2026-04-25T16:56:36.714061-04:00,node-01,orders-api,429,True,anomalous,market_aware_v1,72.763,58.855,267.709,28.714,1.133,129.95,63.217,3.289
6f304b8d-3362-4932-a285-eed5344e0626,2026-04-25T16:56:36.714560-04:00,node-01,checkout-api,502,True,anomalous,market_aware_v1,75.702,58.334,290.883,26.286,1.313,141.318,33.485,3.753
74bb1516-022c-4b04-ae32-d05cbc6fd056,2026-04-25T16:56:36.715039-04:00,node-01,payments-api,500,True,anomalous,market_aware_v1,72.339,61.683,308.122,26.718,1.595,141.493,20.294,4.124
df4c8cbc-481e-4a47-87b0-006b62b76b96,2026-04-25T16:56:36.715541-04:00,node-01,orders-api,502,True,anomalous,market_aware_v1,72.81,56.464,267.071,31.995,1.098,131.604,59.074,3.173
27746d4e-74ea-4448-838b-a9c73db62a7f,2026-04-25T16:56:36.716027-04:00,node-01,checkout-api,429,True,anomalous,market_aware_v1,77.182,56.819,284.707,28.402,1.659,139.986,29.933,4.04
4a6c01c1-56ba-4daa-aa3b-915e83eaaa51,2026-04-25T16:56:36.716528-04:00,node-01,payments-api,502,True,anomalous,market_aware_v1,65.519,53.132,279.678,26.66,1.35,141.98,18.332,3.432
d7282420-e050-4673-a598-c0238a60f1cc,2026-04-25T16:56:36.716975-04:00,node-01,orders-api,503,True,anomalous,market_aware_v1,73.391,54.067,269.536,30.836,1.169,138.534,57.405,3.37
af35b896-bde6-4b95-b436-0b33458cbff2,2026-04-25T16:56:36.717415-04:00,node-01,checkout-api,502,True,anomalous,market_aware_v1,72.828,57.063,287.501,27.725,1.373,134.343,35.654,3.647
186cf73a-66f2-49f4-851e-a06dd669346f,2026-04-25T16:56:36.718870-04:00,node-01,payments-api,429,True,anomalous,market_aware_v1,61.261,56.664,286.499,26.957,1.28,139.288,19.708,3.512
9b7735c9-9723-4676-b3a7-970a95ad1f21,2026-04-25T16:56:36.719304-04:00,node-01,orders-api,429,True,anomalous,market_aware_v1,67.276,51.71,265.276,28.355,1.2,132.119,52.455,3.205
72a76e12-1ed3-4409-89ce-025d44a6a955,2026-04-25T16:56:36.719782-04:00,node-01,checkout-api,502,True,anomalous,market_aware_v1,70.497,53.094,292.712,25.225,1.423,142.005,25.602,3.625
4acf8553-3472-453e-95fd-2b5360089966,2026-04-25T16:56:36.720264-04:00,node-01,payments-api,429,True,anomalous,market_aware_v1,60.366,55.949,278.179,24.346,1.386,142.633,23.248,3.718
8a924910-c451-401a-a6db-58f0b91f2ff9,2026-04-25T16:56:36.720983-04:00,node-01,orders-api,502,True,anomalous,market_aware_v1,69.621,56.899,256.205,29.948,1.113,126.416,51.049,2.992
99cc660d-b202-4566-9f07-50817ed00876,2026-04-25T16:56:36.722084-04:00,node-01,checkout-api,502,True,anomalous,market_aware_v1,66.595,56.534,280.217,29.903,1.3,139.097,34.512,3.507
d20626f6-2479-4958-aae7-d715681159a7,2026-04-25T16:56:36.722648-04:00,node-01,payments-api,503,True,anomalous,market_aware_v1,63.587,56.134,307.092,23.156,1.332,145.587,13.324,3.864
9f6b6e2a-c5eb-4c7d-bde6-270026db2c27,2026-04-25T16:56:36.723121-04:00,node-01,orders-api,503,True,anomalous,market_aware_v1,66.606,52.206,245.77,28.73,0.975,122.664,61.248,2.814
48013724-972b-427e-97e7-18f46678f471,2026-04-25T16:56:36.723634-04:00,node-01,checkout-api,429,True,anomalous,market_aware_v1,70.291,55.175,282.749,25.142,1.26,131.297,33.497,3.361
78d33c8d-2e68-4299-b913-cdac0b05638b,2026-04-25T16:56:36.724130-04:00,node-01,payments-api,500,True,anomalous,market_aware_v1,63.515,57.998,279.214,23.353,1.241,132.02,25.511,3.408
e1b4ab57-29ba-4e81-bd54-b14d52382272,2026-04-25T16:56:36.725029-04:00,node-01,orders-api,503,True,anomalous,market_aware_v1,71.314,50.826,266.393,30.805,1.084,135.193,61.028,3.35
b292d12c-b010-43c1-a4bf-602120d2384f,2026-04-25T16:56:36.725534-04:00,node-01,checkout-api,500,True,anomalous,market_aware_v1,69.23,55.569,284.852,28.236,1.446,140.392,32.587,3.825
c9f5038e-a3a3-426c-8fcc-661eb5d02591,2026-04-25T16:56:36.726100-04:00,node-01,payments-api,503,True,anomalous,market_aware_v1,66.143,63.365,289.127,26.988,1.571,138.787,15.116,4.007
d3ad5a42-1ba1-4e7b-93fd-120694637f84,2026-04-25T16:56:36.726724-04:00,node-01,orders-api,503,True,anomalous,market_aware_v1,71.996,54.751,264.863,29.686,1.196,134.208,58.746,3.428
1efb4b4a-3777-48b5-adfa-8aa50e956e29,2026-04-25T16:56:36.727233-04:00,node-01,checkout-api,502,True,anomalous,market_aware_v1,72.738,59.723,280.375,29.161,1.311,135.244,38.586,3.428
3b066089-461f-4b0e-8c32-d5ecae497cce,2026-04-25T16:56:36.727748-04:00,node-01,payments-api,502,True,anomalous,market_aware_v1,70.623,59.696,299.685,25.488,1.624,140.378,20.156,4.002
aeb1700c-e39d-48f5-89c6-690a341e198d,2026-04-25T16:56:36.728249-04:00,node-01,orders-api,500,True,anomalous,market_aware_v1,76.396,54.326,281.093,30.902,1.219,139.045,58.248,3.43
8861c926-987e-4e4e-b311-34b9f808c802,2026-04-25T16:56:36.728748-04:00,node-01,checkout-api,502,True,anomalous,market_aware_v1,77.552,57.548,313.911,30.537,1.535,145.959,39.847,4.101
af6af0f7-6163-481e-974a-72254d50021d,2026-04-25T16:56:36.729256-04:00,node-01,payments-api,502,True,anomalous,market_aware_v1,69.131,62.334,304.247,26.958,1.232,142.062,28.553,3.686
9586ffd1-edb0-49e5-80ae-8ca76a6d79d3,2026-04-25T16:56:36.729752-04:00,node-01,orders-api,429,True,anomalous,market_aware_v1,81.924,54.908,276.297,31.175,1.222,142.253,60.651,3.522
ae524425-08df-4486-a486-2ede0fd22c37,2026-04-25T16:56:36.730234-04:00,node-01,checkout-api,500,True,anomalous,market_aware_v1,74.168,59.313,288.94,29.741,1.384,137.233,39.237,3.646
bdb19c39-003b-4cb2-a5ee-55efb32948b8,2026-04-25T16:56:36.730754-04:00,node-01,payments-api,503,True,anomalous,market_aware_v1,69.973,62.087,292.738,28.886,1.2,140.808,25.845,3.518
1abfeb00-ec0c-4d8b-8334-560e05c6e59d,2026-04-25T16:56:36.731420-04:00,node-01,orders-api,502,True,anomalous,market_aware_v1,76.7,59.051,268.212,30.983,1.116,133.603,67.408,3.15
4f33a555-8aeb-4b69-8884-195f4bd6253c,2026-04-25T16:56:36.731932-04:00,node-01,checkout-api,502,True,anomalous,market_aware_v1,73.409,59.427,278.436,30.483,1.351,134.535,43.318,3.473
5d201909-cd06-42f7-a9e1-cece8656e955,2026-04-25T16:56:36.732898-04:00,node-01,payments-api,500,True,anomalous,market_aware_v1,75.179,60.821,332.371,25.354,1.523,152.616,29.148,4.311
ab01aed2-0bf7-4f21-b03c-b218cc8980cd,2026-04-25T16:56:36.733404-04:00,node-01,orders-api,503,True,anomalous,market_aware_v1,72.667,53.195,257.178,31.973,1.228,133.584,68.154,3.242
79412014-455e-4203-aafe-63d0fde9d7bd,2026-04-25T16:56:36.734099-04:00,node-01,checkout-api,429,True,anomalous,market_aware_v1,76.479,60.798,279.472,29.17,1.379,141.069,37.484,3.682
08ccff2f-6e5f-4489-a17a-2e573432b392,2026-04-25T16:56:36.734727-04:00,node-01,payments-api,500,True,anomalous,market_aware_v1,76.162,62.608,303.546,27.697,1.321,145.89,24.189,3.817
46f674a5-1f3d-43c4-ae43-d25fc5d8e86f,2026-04-25T16:56:36.735272-04:00,node-01,orders-api,429,True,anomalous,market_aware_v1,75.992,56.913,275.266,32.091,1.203,140.951,57.306,3.452
6fb998d6-a54b-4e89-982a-d32d280ea8ec,2026-04-25T16:56:36.735858-04:00,node-01,checkout-api,503,True,anomalous,market_aware_v1,76.981,60.548,296.191,31.411,1.328,142.36,32.843,3.645
0d558cab-451a-47d1-b252-3be19c5ff080,2026-04-25T16:56:36.736388-04:00,node-01,payments-api,500,True,anomalous,market_aware_v1,70.845,56.719,299.105,26.173,1.363,141.646,25.262,3.734
b480a3be-7d20-4182-b4f0-baba7934e272,2026-04-25T16:56:36.736886-04:00,node-01,orders-api,500,True,anomalous,market_aware_v1,78.385,59.579,279.561,31.226,1.479,144.452,60.021,3.78
2eca60df-f3aa-46ba-adef-90a48c5b5a27,2026-04-25T16:56:36.737431-04:00,node-01,checkout-api,500,True,anomalous,market_aware_v1,74.616,59.685,306.239,31.545,1.577,143.984,40.873,4.086
a7865dc9-9753-4b64-84fa-3f2462e66fbb,2026-04-25T16:56:36.737997-04:00,node-01,payments-api,502,True,anomalous,market_aware_v1,66.326,58.65,278.834,23.872,1.242,137.936,23.963,3.558
cb068552-d3e6-4c83-9b26-8fc2354e7456,2026-04-25T16:56:36.738512-04:00,node-01,orders-api,429,True,anomalous,market_aware_v1,78.201,60.269,282.932,29.823,1.561,144.016,56.495,3.916
5450c3b3-f86f-4cc8-bb41-6b9e1e78c4b7,2026-04-25T16:56:36.739053-04:00,node-01,checkout-api,503,True,anomalous,market_aware_v1,71.333,58.836,287.972,29.214,1.411,142.406,37.638,3.667
1fadd991-c1dd-40fb-af7b-272680cdcfd2,2026-04-25T16:56:36.739572-04:00,node-01,payments-api,500,True,anomalous,market_aware_v1,70.552,63.767,301.03,27.254,1.78,145.912,12.674,4.267
f5bddbee-6500-45c6-b6bd-62685e5f32df,2026-04-25T16:56:36.740482-04:00,node-01,orders-api,502,True,anomalous,market_aware_v1,71.401,52.485,254.411,30.838,1.108,126.586,61.098,3.091
296553e8-84f3-4f49-ac96-7e46de04877c,2026-04-25T16:56:36.741013-04:00,node-01,checkout-api,502,True,anomalous,market_aware_v1,68.87,55.814,280.269,28.408,1.374,137.176,33.251,3.632
7b273491-b2c3-4e91-8774-f55070eba48e,2026-04-25T16:56:36.741700-04:00,node-01,payments-api,429,True,anomalous,market_aware_v1,66.226,58.72,284.098,25.76,1.264,135.269,25.202,3.504
2cc46230-3ec4-4264-8497-f1c1ab942281,2026-04-25T16:56:36.742190-04:00,node-01,orders-api,502,True,anomalous,market_aware_v1,73.915,55.123,293.951,31.206,1.556,148.423,47.465,4.149
64c65f36-9ace-4b1c-85e3-c4f68231c81d,2026-04-25T16:56:36.742687-04:00,node-01,checkout-api,502,True,anomalous,market_aware_v1,70.359,59.161,290.914,24.956,1.549,136.407,36.209,3.809
938f3b83-04a0-42b8-b1f4-2bbbd287f95a,2026-04-25T16:56:36.743165-04:00,node-01,payments-api,502,True,anomalous,market_aware_v1,68.692,58.216,303.142,23.727,1.438,143.847,20.464,4.091
33d9ef79-702a-4efc-8dea-ed15d411728c,2026-04-25T16:56:36.743663-04:00,node-01,orders-api,502,True,anomalous,market_aware_v1,72.258,57.009,267.364,30.84,1.175,135.703,54.901,3.351
4b5c0732-f836-42f4-84fc-085224fce200,2026-04-25T16:56:36.744132-04:00,node-01,checkout-api,500,True,anomalous,market_aware_v1,75.707,58.786,288.874,28.179,1.342,134.266,35.541,3.528
f0f674e9-8f80-4b69-a3c9-c3700b46c37f,2026-04-25T16:56:36.744607-04:00,node-01,payments-api,429,True,anomalous,market_aware_v1,66.251,58.89,270.344,27.312,1.339,141.678,22.828,3.702
f0dc2ea0-dd6d-475c-8f13-5aabe8aea277,2026-04-25T16:56:36.745073-04:00,node-01,orders-api,429,True,anomalous,market_aware_v1,71.841,56.561,269.731,30.095,1.172,140.266,59.53,3.402
22ba9f0d-8640-48a7-a514-0dc8c1e3e96d,2026-04-25T16:56:36.745541-04:00,node-01,checkout-api,429,True,anomalous,market_aware_v1,71.436,59.031,272.7,29.804,1.322,132.262,38.938,3.492
eb27a123-e135-4012-b322-54110589f68e,2026-04-25T16:56:36.746002-04:00,node-01,payments-api,503,True,anomalous,market_aware_v1,69.252,59.627,299.313,25.877,1.346,142.584,21.9,3.686
3432c123-1929-4202-be6f-bb00252ff654,2026-04-25T16:56:36.746408-04:00,node-01,orders-api,429,True,anomalous,market_aware_v1,80.477,54.311,279.405,31.635,1.351,145.074,58.855,3.637
22db576c-b77e-4394-b20b-de0ac4ee0f39,2026-04-25T16:56:36.746866-04:00,node-01,checkout-api,502,True,anomalous,market_aware_v1,76.621,60.017,291.647,27.065,1.344,138.535,44.161,3.471
93dff5cc-9167-45c7-8651-3ccc9b88d4bc,2026-04-25T16:56:36.747404-04:00,node-01,payments-api,503,True,anomalous,market_aware_v1,70.014,60.093,294.886,27.995,1.303,142.995,29.879,3.727
6d9471d7-8fcb-48e6-bb55-e2b95559d9fb,2026-04-25T16:56:36.747836-04:00,node-01,orders-api,503,True,anomalous,market_aware_v1,77.962,57.068,274.015,33.726,1.226,137.186,68.863,3.427
f75f0df5-31f7-4a16-895d-4389b76fec3f,2026-04-25T16:56:36.748267-04:00,node-01,checkout-api,500,True,anomalous,market_aware_v1,79.348,63.429,285.696,30.825,1.372,141.326,40.248,3.754
41692331-166c-4e67-8ae2-a2505ed0d989,2026-04-25T16:56:36.748754-04:00,node-01,payments-api,429,True,anomalous,market_aware_v1,75.71,65.904,308.343,24.832,1.341,146.838,31.23,3.859
73648128-741f-4395-921f-9b4c669c101a,2026-04-25T16:56:36.749202-04:00,node-01,orders-api,503,True,anomalous,market_aware_v1,79.119,58.984,284.936,31.561,1.28,143.091,58.945,3.66
5102a771-3cf9-432e-9400-bb27c0800cb6,2026-04-25T16:56:36.749647-04:00,node-01,checkout-api,502,True,anomalous,market_aware_v1,75.857,58.186,283.016,30.831,1.3,138.517,41.283,3.639
e6d1d2f1-1f2d-455b-a652-d2ca4b1913df,2026-04-25T16:56:36.750113-04:00,node-01,payments-api,502,True,anomalous,market_aware_v1,75.571,61.962,298.056,29.309,1.317,143.3,33.765,3.588
7fc3efb5-0a27-4f19-aa01-9e40d6fa1ba4,2026-04-25T16:56:36.750592-04:00,node-01,orders-api,429,True,anomalous,market_aware_v1,85.729,58.871,282.581,31.244,1.228,141.947,62.105,3.428
f00edf36-46ca-4fb3-82b8-ac68306bc2d8,2026-04-25T16:56:36.751043-04:00,node-01,checkout-api,500,True,anomalous,market_aware_v1,80.852,63.164,279.636,32.517,1.343,135.159,54.854,3.566
d8535e10-4187-4f39-93e7-2c143c83bb0d,2026-04-25T16:56:36.751415-04:00,node-01,payments-api,429,True,anomalous,market_aware_v1,73.697,63.913,306.594,26.41,1.395,144.431,31.752,3.737
08bfe5a4-5927-4a44-a0f4-bccd2c8a2576,2026-04-25T16:56:36.751847-04:00,node-01,orders-api,500,True,anomalous,market_aware_v1,81.181,61.63,287.214,32.933,1.344,148.222,60.939,3.878
2100e6db-be3b-464b-878a-61a4d5cca843,2026-04-25T16:56:36.752284-04:00,node-01,checkout-api,429,True,anomalous,market_aware_v1,78.443,59.952,288.972,30.073,1.437,145.428,46.93,3.756
a36df9bf-f5f5-4916-ac7a-9e0edcb1603b,2026-04-25T16:56:36.752737-04:00,node-01,payments-api,500,True,anomalous,market_aware_v1,71.732,63.437,291.581,27.202,1.161,133.672,33.953,3.256
8c422f83-98a3-4703-b226-48eb3ca30a2d,2026-04-25T16:56:36.753190-04:00,node-01,orders-api,429,True,anomalous,market_aware_v1,79.839,58.815,287.172,32.33,1.221,138.158,64.295,3.473
57815cbb-082e-4816-a96e-2c6a9115a01f,2026-04-25T16:56:36.753682-04:00,node-01,checkout-api,429,True,anomalous,market_aware_v1,76.471,61.917,284.499,31.546,1.368,141.656,41.511,3.729
71b58baf-5ef5-4b88-8eeb-b83ee0cfbb9a,2026-04-25T16:56:36.754152-04:00,node-01,payments-api,429,True,anomalous,market_aware_v1,73.143,63.124,298.415,26.426,1.283,140.298,30.14,3.607
163b9067-5996-436c-bc45-35f156cddaef,2026-04-25T16:56:36.754615-04:00,node-01,orders-api,429,True,anomalous,market_aware_v1,77.363,56.578,262.913,31.393,1.191,134.283,64.562,3.328
0b46c4b7-ebf3-4713-adbf-90e8f51e29c6,2026-04-25T16:56:36.755034-04:00,node-01,checkout-api,502,True,anomalous,market_aware_v1,71.888,55.323,280.079,30.964,1.252,137.471,43.173,3.467
b6ffa91c-97b6-4502-8a96-680ed88933a7,2026-04-25T16:56:36.755415-04:00,node-01,payments-api,429,True,anomalous,market_aware_v1,70.998,59.625,299.6,25.659,1.319,142.879,21.144,3.689
775829cc-d86c-4315-84cc-4605c8b25539,2026-04-25T16:56:36.755805-04:00,node-01,orders-api,502,True,anomalous,market_aware_v1,70.609,51.906,267.604,30.904,1.191,136.878,57.663,3.303
16522885-da52-4564-bbe5-cae8dc5f5fe4,2026-04-25T16:56:36.756206-04:00,node-01,checkout-api,429,True,anomalous,market_aware_v1,71.722,54.456,287.537,28.742,1.427,143.361,33.995,3.796
7e4bccc7-ec75-4800-9279-30d21666e433,2026-04-25T16:56:36.756716-04:00,node-01,payments-api,503,True,anomalous,market_aware_v1,71.26,60.33,309.248,23.902,1.272,140.191,23.015,3.65
f77f396f-5a74-4467-9cf9-320b3c203c78,2026-04-25T16:56:36.757179-04:00,node-01,orders-api,503,True,anomalous,market_aware_v1,74.439,52.88,274.416,30.679,1.208,137.101,58.591,3.463
1b487f6b-506b-4df5-be2e-29529c398194,2026-04-25T16:56:36.757672-04:00,node-01,checkout-api,500,True,anomalous,market_aware_v1,70.045,55.954,300.337,30.626,1.553,151.101,29.536,4.062
1df7252b-a78f-4eb4-b289-f2d18f87ede8,2026-04-25T16:56:36.758147-04:00,node-01,payments-api,500,True,anomalous,market_aware_v1,65.255,52.941,295.034,23.729,1.365,139.312,21.624,3.614
698a6121-ce16-4463-9494-9312e120db90,2026-04-25T16:56:36.758569-04:00,node-01,orders-api,502,True,anomalous,market_aware_v1,71.756,52.125,264.294,28.123,1.029,135.351,47.429,3.065
740a2f01-c131-450e-9d86-0fbb39d70f88,2026-04-25T16:56:36.758997-04:00,node-01,checkout-api,429,True,anomalous,market_aware_v1,65.555,56.366,279.92,26.418,1.289,135.765,35.73,3.5
97c9691b-a3e3-4d8a-9173-77708583dbde,2026-04-25T16:56:36.759425-04:00,node-01,payments-api,500,True,anomalous,market_aware_v1,60.867,60.161,270.171,24.728,1.234,132.532,19.109,3.276
3fcf3dc1-f02e-4ca7-af6e-d230304d36a9,2026-04-25T16:56:36.759848-04:00,node-01,orders-api,429,True,anomalous,market_aware_v1,67.227,51.644,250.354,29.203,1.26,136.33,50.085,3.352
78b8f2e1-5894-4a1b-848a-90989ccb6b75,2026-04-25T16:56:36.760270-04:00,node-01,checkout-api,503,True,anomalous,market_aware_v1,66.007,55.498,277.016,26.276,1.264,136.592,34.576,3.406
cae689b1-80f8-499a-88e2-34afe8b111d4,2026-04-25T16:56:36.760691-04:00,node-01,payments-api,500,True,anomalous,market_aware_v1,66.142,54.601,294.655,22.964,1.182,136.631,10.101,3.482
84a8f066-be5d-4ace-bcb2-32344548bae1,2026-04-25T16:56:36.761102-04:00,node-01,orders-api,500,True,anomalous,market_aware_v1,71.493,53.311,261.054,28.918,1.187,137.306,54.057,3.303
ad40e19a-b055-4b01-916f-505764b97fb5,2026-04-25T16:56:36.761547-04:00,node-01,checkout-api,500,True,anomalous,market_aware_v1,63.956,55.164,287.059,27.601,1.296,137.836,27.65,3.554
03577c29-2554-461a-a768-84a1ec559da5,2026-04-25T16:56:36.762018-04:00,node-01,payments-api,500,True,anomalous,market_aware_v1,65.013,57.372,299.476,22.89,1.34,138.573,20.843,3.589
9b3320c1-b682-4f38-9889-bb85f0afd4f2,2026-04-25T16:56:36.762480-04:00,node-01,orders-api,500,True,anomalous,market_aware_v1,74.433,51.197,287.805,28.971,1.225,139.211,49.136,3.515
ae3b5a4e-a64f-4617-8401-1420b0b294b1,2026-04-25T16:56:36.762951-04:00,node-01,checkout-api,500,True,anomalous,market_aware_v1,73.308,55.211,282.931,29.478,1.384,137.733,36.868,3.681
4ff97ca4-b334-49cb-80da-bec8fd41fad0,2026-04-25T16:56:36.763415-04:00,node-01,payments-api,502,True,anomalous,market_aware_v1,66.247,59.812,287.922,26.046,1.197,135.988,17.149,3.462
c0c09754-efa4-43b6-8c93-011ac2c7569a,2026-04-25T16:56:36.763892-04:00,node-01,orders-api,429,True,anomalous,market_aware_v1,72.124,56.076,252.123,32.062,1.173,131.566,62.566,3.124
e4897413-65d1-4592-855d-4d0c10780da2,2026-04-25T16:56:36.764372-04:00,node-01,checkout-api,503,True,anomalous,market_aware_v1,72.766,58.456,285.428,27.931,1.438,142.312,38.251,3.746
806452d2-20ac-4303-8260-46875c43ecd0,2026-04-25T16:56:36.764822-04:00,node-01,payments-api,503,True,anomalous,market_aware_v1,76.837,65.564,304.095,28.354,1.616,142.959,23.064,4.185
bd50fc79-712d-40e3-bde9-2d1a5e477eed,2026-04-25T16:56:36.765267-04:00,node-01,orders-api,500,True,anomalous,market_aware_v1,80.154,59.245,269.338,32.421,1.196,134.95,59.373,3.252
503fbc5d-e248-4ead-82cb-1682e2fa2042,2026-04-25T16:56:36.765729-04:00,node-01,checkout-api,503,True,anomalous,market_aware_v1,72.793,58.463,297.028,29.072,1.308,142.642,36.162,3.724
6add63db-cec2-454c-9119-1871cfbb88a8,2026-04-25T16:56:36.766168-04:00,node-01,payments-api,502,True,anomalous,market_aware_v1,69.358,60.979,290.902,27.13,1.266,137.151,27.698,3.463
8e41666a-8c39-479d-8b2b-bc39871d7015,2026-04-25T16:56:36.766643-04:00,node-01,orders-api,503,True,anomalous,market_aware_v1,76.383,54.857,255.015,30.613,1.119,135.228,66.508,3.29
bb0dcd29-9ab9-4a3b-8d0d-5e2d6c182c13,2026-04-25T16:56:36.767069-04:00,node-01,checkout-api,500,True,anomalous,market_aware_v1,72.489,60.694,291.886,30.335,1.38,142.723,31.509,3.725
ced6fb18-6428-49b1-afa8-08bc16474e9b,2026-04-25T16:56:36.767526-04:00,node-01,payments-api,502,True,anomalous,market_aware_v1,74.213,67.679,310.33,27.822,1.691,148.762,17.382,4.298
3a561bd1-63ed-488c-bd52-a9b8996f1271,2026-04-25T16:56:36.767964-04:00,node-01,orders-api,503,True,anomalous,market_aware_v1,76.988,58.072,278.677,33.907,1.256,139.674,65.907,3.463
ed0efc9d-ca15-486a-bed9-1fe0bc778739,2026-04-25T16:56:36.768402-04:00,node-01,checkout-api,429,True,anomalous,market_aware_v1,77.497,61.984,301.92,30.996,1.775,146.753,37.706,4.257
8b898093-7e00-4f0a-accc-854f6fa08121,2026-04-25T16:56:36.768884-04:00,node-01,payments-api,500,True,anomalous,market_aware_v1,72.593,61.3,276.657,29.081,1.186,134.52,36.152,3.364
a2d3d847-2ef9-416b-9c5e-6c4222e703d3,2026-04-25T16:56:36.769356-04:00,node-01,orders-api,429,True,anomalous,market_aware_v1,80.07,54.208,280.371,32.257,1.175,143.883,70.023,3.46
1047e2ad-a5b6-47cd-a22b-c042fbe96207,2026-04-25T16:56:36.769827-04:00,node-01,checkout-api,500,True,anomalous,market_aware_v1,76.946,60.874,278.128,31.677,1.327,136.039,45.592,3.623
dc5b0489-1938-4e85-8c97-23c09fc08a5d,2026-04-25T16:56:36.770370-04:00,node-01,payments-api,429,True,anomalous,market_aware_v1,70.593,62.335,290.359,26.063,1.334,139.311,32.798,3.483
1d0e9901-a72c-4987-b898-ef772cb32409,2026-04-25T16:56:36.770886-04:00,node-01,orders-api,503,True,anomalous,market_aware_v1,79.511,55.449,286.737,30.026,1.264,143.823,62.489,3.658
64d8d68e-e331-400b-a81b-7ce42f751fbd,2026-04-25T16:56:36.771354-04:00,node-01,checkout-api,500,True,anomalous,market_aware_v1,76.916,57.912,281.719,30.043,1.397,136.651,38.009,3.736
c8903794-eb76-4c04-9c53-723269486103,2026-04-25T16:56:36.771851-04:00,node-01,payments-api,503,True,anomalous,market_aware_v1,70.239,58.253,299.379,27.429,1.344,140.24,21.251,3.699
31f37ae2-f385-48d7-a89f-657a2dc782e1,2026-04-25T16:56:36.772363-04:00,node-01,orders-api,500,True,anomalous,market_aware_v1,76.441,54.897,280.699,30.723,1.234,136.005,60.201,3.362
499fadb0-4f9c-4a6f-94e6-1d33e3f589bc,2026-04-25T16:56:36.772817-04:00,node-01,checkout-api,502,True,anomalous,market_aware_v1,73.834,58.208,282.448,28.173,1.317,131.958,44.009,3.426
f669a43d-fe30-4238-9f29-5923654bd233,2026-04-25T16:56:36.773274-04:00,node-01,payments-api,500,True,anomalous,market_aware_v1,71.196,62.484,288.526,26.317,1.237,138.798,24.037,3.551
4f57202c-59c9-404b-a6b7-35fe4841033f,2026-04-25T16:56:36.773780-04:00,node-01,orders-api,503,True,anomalous,market_aware_v1,73.385,54.686,267.226,31.411,1.182,143.422,52.748,3.38
e8a9f5b0-bb50-4497-8ae1-558e45d81dd2,2026-04-25T16:56:36.774264-04:00,node-01,checkout-api,503,True,anomalous,market_aware_v1,76.093,60.837,309.251,28.948,1.801,152.016,32.453,4.617
85ca4dc3-3451-4db5-ad32-d90a2470b31c,2026-04-25T16:56:36.774732-04:00,node-01,payments-api,500,True,anomalous,market_aware_v1,66.693,58.24,273.455,27.791,1.211,132.345,20.928,3.304
8c6a9dc1-d8be-4545-aa7a-5a33af075ebd,2026-04-25T16:56:36.775182-04:00,node-01,orders-api,500,True,anomalous,market_aware_v1,72.752,52.996,267.365,29.208,1.091,133.428,57.489,3.115
2c1d01db-b16b-4879-80c4-4eab6555247f,2026-04-25T16:56:36.775640-04:00,node-01,checkout-api,502,True,anomalous,market_aware_v1,71.106,55.473,285.429,28.681,1.335,141.522,36.267,3.64
1382c678-9f46-44b8-a217-446ee098dbd6,2026-04-25T16:56:36.776107-04:00,node-01,payments-api,503,True,anomalous,market_aware_v1,68.057,61.746,309.445,25.618,1.63,147.683,16.608,4.266
f622c4a7-4553-4ebc-9b6d-711d4d2014b6,2026-04-25T16:56:36.776848-04:00,node-01,orders-api,429,True,anomalous,market_aware_v1,73.217,55.189,270.862,29.677,1.14,137.933,55.984,3.33
462aca71-2c6c-423b-8d97-12b205956358,2026-04-25T16:56:36.777326-04:00,node-01,checkout-api,503,True,anomalous,market_aware_v1,69.288,58.902,279.294,30.869,1.249,135.278,32.229,3.438
a97abd66-4d9a-409d-b13d-aec566f26d23,2026-04-25T16:56:36.777786-04:00,node-01,payments-api,502,True,anomalous,market_aware_v1,67.603,59.796,283.897,25.225,1.294,139.181,22.397,3.516
7f7b9e3e-5e00-48bd-a2c5-7f2d7463191f,2026-04-25T16:56:36.778274-04:00,node-01,orders-api,429,True,anomalous,market_aware_v1,76.576,55.102,276.278,32.026,1.138,138.75,58.838,3.395
67753957-0d1d-45bd-8f3c-4373ee92f1b0,2026-04-25T16:56:36.778734-04:00,node-01,checkout-api,503,True,anomalous,market_aware_v1,72.582,60.777,285.486,31.761,1.352,138.908,38.889,3.698
a88e327f-ee62-484d-94db-4cf8a0a6dfac,2026-04-25T16:56:36.779393-04:00,node-01,payments-api,502,True,anomalous,market_aware_v1,68.374,59.647,283.94,24.06,1.242,138.609,22.314,3.5
a103b4e2-6014-4521-a953-d9f18dda11c6,2026-04-25T16:56:36.779845-04:00,node-01,orders-api,502,True,anomalous,market_aware_v1,72.128,55.861,283.092,31.094,1.298,142.199,56.041,3.646
fef52ba2-e031-4703-97d9-63835b80f983,2026-04-25T16:56:36.780349-04:00,node-01,checkout-api,500,True,anomalous,market_aware_v1,72.476,57.457,288.767,28.323,1.258,139.113,34.754,3.635
51b625a3-1f33-4ad6-87b3-8f425b5295f5,2026-04-25T16:56:36.780856-04:00,node-01,payments-api,429,True,anomalous,market_aware_v1,72.414,62.197,313.399,26.969,1.36,151.305,22.039,3.838
ffd72d50-4290-4dbf-b67c-248e0dec0b99,2026-04-25T16:56:36.781322-04:00,node-01,orders-api,502,True,anomalous,market_aware_v1,79.855,54.927,288.038,32.443,1.617,143.686,53.887,3.949
92113f18-4bef-4df5-b955-8851e1147cf8,2026-04-25T16:56:36.781790-04:00,node-01,checkout-api,502,True,anomalous,market_aware_v1,78.319,60.053,285.61,29.913,1.331,135.469,42.158,3.609
1fce7f4d-0965-49ae-881c-98fcb90c0b1c,2026-04-25T16:56:36.782232-04:00,node-01,payments-api,500,True,anomalous,market_aware_v1,74.247,61.035,295.628,26.505,1.284,144.272,29.599,3.645
068dba2e-50f2-4c7a-a63b-24c49a83d771,2026-04-25T16:56:36.782681-04:00,node-01,orders-api,500,True,anomalous,market_aware_v1,77.35,57.221,276.812,34.115,1.237,146.485,64.367,3.586
986aacf1-e48d-4146-9ed3-89e58603e9d4,2026-04-25T16:56:36.783202-04:00,node-01,checkout-api,502,True,anomalous,market_aware_v1,79.933,61.789,301.074,30.637,1.412,141.225,44.944,3.785
c2ec6e8c-0254-487f-bdf4-92eaec42deb1,2026-04-25T16:56:36.783654-04:00,node-01,payments-api,503,True,anomalous,market_aware_v1,77.006,64.967,299.689,29.262,1.395,144.493,26.458,3.842
f2b39d64-622e-44a3-9127-0419ee175705,2026-04-25T16:56:36.784129-04:00,node-01,orders-api,429,True,anomalous,market_aware_v1,79.2,58.852,282.657,33.026,1.228,141.58,69.275,3.423
8d2005cb-2556-4dc0-9d3b-cc048550f17c,2026-04-25T16:56:36.784790-04:00,node-01,checkout-api,500,True,anomalous,market_aware_v1,82.647,62.347,302.729,31.224,1.427,146.58,40.395,3.846
ad5b2b1d-7309-49f4-a4d1-aeefdaf5c7e5,2026-04-25T16:56:36.785947-04:00,node-01,payments-api,502,True,anomalous,market_aware_v1,76.96,65.697,302.445,29.955,1.348,149.035,32.345,3.756
85334f53-0c98-4535-955e-cb535ec7803c,2026-04-25T16:56:36.786398-04:00,node-01,orders-api,500,True,anomalous,market_aware_v1,80.076,55.619,252.981,31.174,1.101,131.623,70.056,3.082
d9956e8c-f540-4eb4-ba87-0aa19b4a636d,2026-04-25T16:56:36.786791-04:00,node-01,checkout-api,503,True,anomalous,market_aware_v1,77.002,63.344,293.501,30.399,1.414,146.708,44.787,3.842
7b02b0d4-40bd-45f0-bb53-b1086feaef19,2026-04-25T16:56:36.787273-04:00,node-01,payments-api,502,True,anomalous,market_aware_v1,78.105,63.779,312.339,27.937,1.443,151.525,29.471,3.837
6c8d0c97-30bc-40e9-bbb6-f5286975d816,2026-04-25T16:56:36.787742-04:00,node-01,orders-api,500,True,anomalous,market_aware_v1,80.226,60.771,279.925,34.174,1.333,147.26,62.874,3.682
195f81fd-4ac9-4fa0-9735-29b6a2290a86,2026-04-25T16:56:36.788204-04:00,node-01,checkout-api,503,True,anomalous,market_aware_v1,82.309,64.076,299.722,29.835,1.406,142.354,41.508,3.646
e26cec86-adae-4e11-85ac-3ff1c7f0b16d,2026-04-25T16:56:36.788671-04:00,node-01,payments-api,502,True,anomalous,market_aware_v1,74.805,62.76,298.138,26.311,1.329,145.269,30.543,3.667
c8d1acd1-79a2-4673-a561-837d6a271475,2026-04-25T16:56:36.789137-04:00,node-01,orders-api,503,True,anomalous,market_aware_v1,80.438,59.957,275.224,34.395,1.184,140.581,63.604,3.46
e78310a0-fe5c-4512-9dab-64e92ab259e8,2026-04-25T16:56:36.789590-04:00,node-01,checkout-api,502,True,anomalous,market_aware_v1,78.264,66.469,287.042,30.974,1.445,145.416,43.348,3.837
96fb106c-d517-48f2-a25a-d8430b16c4cc,2026-04-25T16:56:36.790076-04:00,node-01,payments-api,503,True,anomalous,market_aware_v1,76.44,62.029,308.455,26.465,1.347,141.48,26.379,3.733
93e018dd-36b6-493c-bf0f-0d4356af01c7,2026-04-25T16:56:36.790546-04:00,node-01,orders-api,502,True,anomalous,market_aware_v1,79.228,56.28,261.493,31.833,1.141,132.61,64.185,3.137
43c245f6-1f72-4c2e-89ab-034734bc3927,2026-04-25T16:56:36.791013-04:00,node-01,checkout-api,502,True,anomalous,market_aware_v1,77.796,60.251,297.83,30.321,1.313,136.521,37.09,3.6
81ab549c-e0ab-4dd7-be92-c9ccb8bb34f8,2026-04-25T16:56:36.791471-04:00,node-01,payments-api,503,True,anomalous,market_aware_v1,71.838,60.687,313.347,26.982,1.274,142.7,27.462,3.727
86ddea62-61a3-4bf7-a1d8-b2740f0f1c0a,2026-04-25T16:56:36.791932-04:00,node-01,orders-api,500,True,anomalous,market_aware_v1,72.426,55.906,281.474,30.899,1.22,140.952,60.52,3.518
026d3dc4-884a-4e15-98c4-b5aadd22bcaf,2026-04-25T16:56:36.792390-04:00,node-01,checkout-api,502,True,anomalous,market_aware_v1,73.944,57.387,292.032,32.347,1.393,143.233,33.334,3.772
e15bed28-e93e-42c8-baa2-01b4138d062e,2026-04-25T16:56:36.792848-04:00,node-01,payments-api,500,True,anomalous,market_aware_v1,71.457,59.784,296.973,24.959,1.281,144.072,20.78,3.593
42df1ad2-4025-43fd-acc5-5544c794bde9,2026-04-25T16:56:36.793315-04:00,node-01,orders-api,500,True,anomalous,market_aware_v1,71.235,49.064,253.583,30.717,1.154,136.47,58.522,3.304
dd450aae-716b-4dda-9d88-d2f6b2b1ea1f,2026-04-25T16:56:36.793776-04:00,node-01,checkout-api,503,True,anomalous,market_aware_v1,70.058,54.298,292.111,29.976,1.442,144.739,27.78,3.831
b289794a-be9a-4cc4-b718-3e977b7dd1e5,2026-04-25T16:56:36.794237-04:00,node-01,payments-api,502,True,anomalous,market_aware_v1,63.29,58.767,290.565,24.317,1.439,146.725,20.677,3.94
d49a1262-1da4-463f-b58a-f18b37c7f0e3,2026-04-25T16:56:36.794683-04:00,node-01,orders-api,502,True,anomalous,market_aware_v1,71.149,52.403,267.84,26.053,1.211,138.367,54.186,3.531
3522b68b-714a-46fb-8701-6c4cb58c930e,2026-04-25T16:56:36.795121-04:00,node-01,checkout-api,500,True,anomalous,market_aware_v1,63.159,56.796,268.332,26.489,1.362,134.534,31.258,3.581
6510aa8a-a3d5-4231-9aef-377cbe87aca7,2026-04-25T16:56:36.796291-04:00,node-01,payments-api,500,True,anomalous,market_aware_v1,66.392,56.556,289.201,23.531,1.317,139.464,17.858,3.569
f4d5d9e0-f183-4ee0-b972-7ce543cf7258,2026-04-25T16:56:36.796826-04:00,node-01,orders-api,503,True,anomalous,market_aware_v1,71.38,52.046,272.726,29.318,1.124,137.152,55.07,3.283
a2622ade-4ef5-4d55-844f-48322da7557e,2026-04-25T16:56:36.797296-04:00,node-01,checkout-api,500,True,anomalous,market_aware_v1,66.109,53.022,277.088,25.678,1.284,138.182,28.512,3.664
d58e66fd-7ec2-4518-b700-f8954b248cf2,2026-04-25T16:56:36.797785-04:00,node-01,payments-api,429,True,anomalous,market_aware_v1,63.034,59.607,287.469,25.649,1.378,136.711,18.304,3.669
d37a56d3-29ba-4b14-a52b-029a8fab4d10,2026-04-25T16:56:36.798244-04:00,node-01,orders-api,503,True,anomalous,market_aware_v1,69.804,51.979,280.406,28.959,1.365,146.46,49.369,3.747
21dedcc5-52db-49f6-8e81-f39ff9d5e00f,2026-04-25T16:56:36.798712-04:00,node-01,checkout-api,503,True,anomalous,market_aware_v1,72.588,55.33,289.894,27.676,1.381,146.07,27.669,3.853
c5fd36e3-2c52-45d8-98d0-d5ce6180ca94,2026-04-25T16:56:36.799649-04:00,node-01,payments-api,502,True,anomalous,market_aware_v1,69.06,56.565,298.918,24.679,1.268,140.689,16.404,3.577
7be361e3-bf05-4704-aa70-dfa7cafa4338,2026-04-25T16:56:36.800308-04:00,node-01,orders-api,502,True,anomalous,market_aware_v1,71.627,52.118,269.648,29.369,1.22,137.93,59.821,3.398
653c26c0-1484-4d52-9cd9-7c2a42d0abfd,2026-04-25T16:56:36.801062-04:00,node-01,checkout-api,500,True,anomalous,market_aware_v1,72.685,56.483,297.632,25.727,1.292,139.431,30.479,3.676
e9d00aab-086e-4a0e-956e-9df52e0ad5f6,2026-04-25T16:56:36.801587-04:00,node-01,payments-api,429,True,anomalous,market_aware_v1,66.223,57.602,294.991,26.167,1.344,134.006,21.296,3.577
e18efe35-5579-414c-bf38-a7a7d095cd72,2026-04-25T16:56:36.802056-04:00,node-01,orders-api,502,True,anomalous,market_aware_v1,73.76,52.656,273.444,33.054,1.267,138.667,54.862,3.428
d6ac0b6e-7f41-4b5c-9af4-9084d1d6a19c,2026-04-25T16:56:36.802625-04:00,node-01,checkout-api,429,True,anomalous,market_aware_v1,69.837,55.162,283.4,28.576,1.359,138.058,31.596,3.584
05fbaba2-d03d-4e50-b523-f8158e5b9c28,2026-04-25T16:56:36.803145-04:00,node-01,payments-api,429,True,anomalous,market_aware_v1,70.077,59.391,300.211,27.045,1.293,141.968,24.094,3.61
7ca46387-6a85-4056-b287-986100a16960,2026-04-25T16:56:36.803694-04:00,node-01,orders-api,429,True,anomalous,market_aware_v1,76.767,51.838,282.574,32.344,1.254,145.937,58.47,3.612
1f009eed-abce-44bb-a56b-bee9a6999ed6,2026-04-25T16:56:36.804234-04:00,node-01,checkout-api,500,True,anomalous,market_aware_v1,76.082,58.854,305.518,28.259,1.497,145.229,31.207,3.952
59a85d4d-8df0-4b39-830f-7a9af751462c,2026-04-25T16:56:36.804760-04:00,node-01,payments-api,502,True,anomalous,market_aware_v1,70.32,59.611,299.033,26.479,1.21,136.002,27.295,3.442
c5c1125a-536c-41fd-be89-18815a6cbbac,2026-04-25T16:56:36.805271-04:00,node-01,orders-api,500,True,anomalous,market_aware_v1,80.205,56.766,281.567,31.219,1.252,140.515,63.891,3.492
a8d12dec-9818-4ecb-9751-3e34506b7408,2026-04-25T16:56:36.805768-04:00,node-01,checkout-api,503,True,anomalous,market_aware_v1,79.599,62.543,306.034,27.708,1.435,144.763,42.627,3.737
8592ae63-5e81-4281-a97f-f36cd1cfb2c6,2026-04-25T16:56:36.806263-04:00,node-01,payments-api,500,True,anomalous,market_aware_v1,74.771,62.619,307.156,28.103,1.291,147.959,26.616,3.649
93318a6d-70e4-4586-a22e-7b88b711bb0c,2026-04-25T16:56:36.806742-04:00,node-01,orders-api,502,True,anomalous,market_aware_v1,80.698,57.795,270.473,31.213,1.187,134.755,64.308,3.302
805401e8-7a02-4d2b-838d-fa45367522cd,2026-04-25T16:56:36.807383-04:00,node-01,checkout-api,429,True,anomalous,market_aware_v1,75.3,61.936,293.315,30.716,1.301,138.866,39.357,3.48
80e367f8-1ff1-4eed-9f3b-42aab887d63c,2026-04-25T16:56:36.808107-04:00,node-01,payments-api,429,True,anomalous,market_aware_v1,72.066,64.689,305.809,25.14,1.418,151.468,24.795,4.013
34fc14a5-cc67-4201-97b2-546d52ecdc80,2026-04-25T16:56:36.809591-04:00,node-01,orders-api,503,True,anomalous,market_aware_v1,75.888,54.292,277.913,31.91,1.167,135.076,60.438,3.342
17a4644d-1464-4451-83a2-7d49488cab87,2026-04-25T16:56:36.811100-04:00,node-01,checkout-api,500,True,anomalous,market_aware_v1,78.601,57.866,286.491,29.239,1.325,142.087,41.79,3.82
3e6a0043-92d3-4f91-ad19-7673d0683280,2026-04-25T16:56:36.812415-04:00,node-01,payments-api,429,True,anomalous,market_aware_v1,72.794,60.362,303.861,26.486,1.261,139.717,29.419,3.604
e1cb0d58-6fe2-462e-a048-b8a07fb8a212,2026-04-25T16:56:36.813073-04:00,node-01,orders-api,500,True,anomalous,market_aware_v1,79.519,55.801,273.43,29.183,1.199,139.752,60.722,3.318
a9810d02-1e8b-4155-88e8-02995e018ad1,2026-04-25T16:56:36.813524-04:00,node-01,checkout-api,500,True,anomalous,market_aware_v1,75.842,59.088,279.707,28.263,1.283,131.143,37.924,3.39
f3a283b5-3646-4335-ab05-7e86eab3731c,2026-04-25T16:56:36.814025-04:00,node-01,payments-api,500,True,anomalous,market_aware_v1,72.307,61.305,299.012,26.846,1.29,141.343,25.734,3.568
c3e5d281-08aa-4e22-bf3d-1c6c66d5518b,2026-04-25T16:56:36.814506-04:00,node-01,orders-api,429,True,anomalous,market_aware_v1,74.255,54.914,268.336,30.344,1.219,137.739,63.217,3.502
296a0cb3-1f2a-4173-9e40-6d7937393e69,2026-04-25T16:56:36.814958-04:00,node-01,checkout-api,503,True,anomalous,market_aware_v1,76.191,59.07,284.025,28.623,1.406,146.122,31.406,3.817
122d629a-549f-4486-9645-b96720e7296f,2026-04-25T16:56:36.815409-04:00,node-01,payments-api,500,True,anomalous,market_aware_v1,70.412,62.345,320.881,28.107,1.644,155.41,21.411,4.433
72d466a4-eaa6-4bc3-8eb4-d9e77f18d928,2026-04-25T16:56:36.815853-04:00,node-01,orders-api,502,True,anomalous,market_aware_v1,77.732,55.486,300.019,31.842,1.337,142.577,55.838,3.52
dabacb0a-0b76-4002-b269-36478a19fea3,2026-04-25T16:56:36.816291-04:00,node-01,checkout-api,503,True,anomalous,market_aware_v1,72.843,59.2,302.599,29.853,1.436,141.424,37.012,3.944
b618b5b4-58b4-429f-aae1-b399c70a2242,2026-04-25T16:56:36.817518-04:00,node-01,payments-api,429,True,anomalous,market_aware_v1,67.44,58.55,295.279,27.961,1.302,142.876,17.959,3.636
cbb8a851-137c-4048-8654-c63c40f988d6,2026-04-25T16:56:36.817974-04:00,node-01,orders-api,500,True,anomalous,market_aware_v1,77.204,54.132,285.937,28.73,1.324,144.384,57.518,3.843
80453420-56ba-41e7-a12c-e6faf9a2c7e9,2026-04-25T16:56:36.818414-04:00,node-01,checkout-api,503,True,anomalous,market_aware_v1,70.717,56.679,298.002,30.687,1.469,146.109,28.581,3.904
ad87d125-063b-453c-a3a2-c24b692b5c4e,2026-04-25T16:56:36.818867-04:00,node-01,payments-api,429,True,anomalous,market_aware_v1,67.834,58.55,300.066,26.042,1.325,142.061,15.226,3.541
bed6ee35-7c6e-42ba-9600-6a3e7ffb43a7,2026-04-25T16:56:36.819288-04:00,node-01,orders-api,500,True,anomalous,market_aware_v1,74.696,54.498,275.105,29.368,1.266,141.669,54.795,3.552
3f353595-d5ba-4463-b606-850c48b630b0,2026-04-25T16:56:36.819736-04:00,node-01,checkout-api,500,True,anomalous,market_aware_v1,73.017,57.456,286.463,28.346,1.451,144.941,29.746,3.872
35274183-0c26-4ed6-aea9-b5670826d7f5,2026-04-25T16:56:36.820147-04:00,node-01,payments-api,500,True,anomalous,market_aware_v1,69.689,55.594,309.344,28.488,1.329,146.562,19.159,3.772
7056289c-2cc4-46a5-a773-6ac6d440c7bf,2026-04-25T16:56:36.820563-04:00,node-01,orders-api,500,True,anomalous,market_aware_v1,70.853,58.283,265.454,31.038,1.255,138.37,60.505,3.404
0413d8d4-2c9e-4078-87b1-0119acb8ebc2,2026-04-25T16:56:36.821058-04:00,node-01,checkout-api,503,True,anomalous,market_aware_v1,78.632,60.319,306.653,29.205,1.849,149.783,25.057,4.448
8e000a4f-3ccf-460f-9ee0-9f665fdf3158,2026-04-25T16:56:36.821688-04:00,node-01,payments-api,502,True,anomalous,market_aware_v1,75.358,60.796,325.044,26.185,1.598,157.534,14.767,4.462
e12b4e93-46e8-4375-8e50-e1fdfe13a1b7,2026-04-25T16:56:36.822162-04:00,node-01,orders-api,503,True,anomalous,market_aware_v1,76.055,55.033,282.403,30.321,1.147,137.473,59.024,3.335
356d0fcb-31ce-4326-aa2e-2b16bd2af62f,2026-04-25T16:56:36.822630-04:00,node-01,checkout-api,500,True,anomalous,market_aware_v1,76.723,58.626,318.859,29.814,1.912,156.028,29.979,4.871
80c2b2e2-bd92-45db-9619-55a0e6ecfffc,2026-04-25T16:56:36.823117-04:00,node-01,payments-api,502,True,anomalous,market_aware_v1,69.55,58.585,311.421,26.114,1.392,147.497,23.088,3.871
3c2a2c63-68f6-4d16-86bb-02c96d4a8510,2026-04-25T16:56:36.823543-04:00,node-01,orders-api,429,True,anomalous,market_aware_v1,75.033,56.95,285.048,31.839,1.341,148.165,54.58,3.768
0cf7df36-f390-48f4-b38c-5784bce7a91b,2026-04-25T16:56:36.824080-04:00,node-01,checkout-api,429,True,anomalous,market_aware_v1,73.657,61.848,303.94,28.544,1.442,150.519,29.417,3.923
1402c21b-e1d6-49cb-b31f-38a28db1237e,2026-04-25T16:56:36.825385-04:00,node-01,payments-api,503,True,anomalous,market_aware_v1,77.493,60.772,304.06,25.377,1.355,145.362,26.465,3.805
78011c1e-a0f8-4994-ad4e-792ccc490455,2026-04-25T16:56:36.825998-04:00,node-01,orders-api,503,True,anomalous,market_aware_v1,77.957,60.05,275.437,31.594,1.261,135.778,58.72,3.269
e805421a-2201-48cd-8cc7-3ff7a3bade46,2026-04-25T16:56:36.826708-04:00,node-01,checkout-api,429,True,anomalous,market_aware_v1,79.569,62.176,291.746,29.882,1.401,144.801,38.849,3.701
15226822-4986-4b49-829b-237366247839,2026-04-25T16:56:36.827181-04:00,node-01,payments-api,429,True,anomalous,market_aware_v1,72.495,65.62,303.836,27.38,1.36,145.492,28.203,3.764
f54c8506-de42-4a72-a682-caefb37168c9,2026-04-25T16:56:36.827652-04:00,node-01,orders-api,503,True,anomalous,market_aware_v1,78.697,59.06,258.834,31.857,1.148,132.076,64.654,3.171
1cba7fec-b991-40ee-8e05-d26cf09e83af,2026-04-25T16:56:36.828121-04:00,node-01,checkout-api,429,True,anomalous,market_aware_v1,84.356,60.656,303.704,29.202,1.351,145.848,40.842,3.648
f72a0122-865c-4eba-89ca-53ae01907380,2026-04-25T16:56:36.828588-04:00,node-01,payments-api,500,True,anomalous,market_aware_v1,77.006,65.99,301.417,28.302,1.348,143.354,34.249,3.677
a073a82a-5501-423b-861e-caba44a77aef,2026-04-25T16:56:36.829039-04:00,node-01,orders-api,502,True,anomalous,market_aware_v1,80.415,60.102,295.596,33.961,1.414,148.945,60.146,3.875
80c75143-f8f5-4471-bc74-2e2ca36c3f3b,2026-04-25T16:56:36.829487-04:00,node-01,checkout-api,503,True,anomalous,market_aware_v1,80.744,62.24,304.588,29.456,1.517,150.123,40.011,4.022
d20db7d4-c022-4d49-aa29-07373be6c2d6,2026-04-25T16:56:36.829923-04:00,node-01,payments-api,429,True,anomalous,market_aware_v1,77.231,63.386,302.878,26.818,1.336,147.718,33.653,3.791
b4573f2a-f4eb-4ce2-8e83-6a2a74b19af2,2026-04-25T16:56:36.830405-04:00,node-01,orders-api,503,True,anomalous,market_aware_v1,85.433,60.52,302.101,33.863,1.628,154.768,54.302,4.285
c55e2000-fdc1-4bf6-8a67-119562787606,2026-04-25T16:56:36.830858-04:00,node-01,checkout-api,500,True,anomalous,market_aware_v1,79.161,65.456,290.539,28.03,1.442,145.565,41.48,3.757
9b32c60d-890d-4357-a3c0-b258fcbfb121,2026-04-25T16:56:36.831269-04:00,node-01,payments-api,502,True,anomalous,market_aware_v1,73.093,61.716,313.572,25.992,1.451,149.261,26.82,4.032
70e971a7-a14d-4fc8-9f03-ee325d230ff4,2026-04-25T16:56:36.831686-04:00,node-01,orders-api,429,True,anomalous,market_aware_v1,80.269,58.644,279.028,32.28,1.246,143.785,60.115,3.583
7aeb2239-28d4-4669-9819-f4ab3ebc035c,2026-04-25T16:56:36.832102-04:00,node-01,checkout-api,503,True,anomalous,market_aware_v1,80.819,61.296,289.856,30.163,1.316,136.636,42.086,3.551
b161a850-4adf-4deb-b74a-c3f7fd946ba6,2026-04-25T16:56:36.832540-04:00,node-01,payments-api,502,True,anomalous,market_aware_v1,74.738,65.511,301.339,29.142,1.625,146.912,24.604,4.247
5d5a40b8-e24a-49df-9569-d897c7eae6f2,2026-04-25T16:56:36.833286-04:00,node-01,orders-api,502,True,anomalous,market_aware_v1,82.936,58.158,275.757,32.128,1.279,142.056,58.702,3.566
f3dbe61f-622e-441a-a1de-5cee242233dd,2026-04-25T16:56:36.834197-04:00,node-01,checkout-api,503,True,anomalous,market_aware_v1,75.555,60.443,284.867,30.191,1.381,140.313,39.577,3.687
054630bc-1d42-4242-a876-ff2df09cb9de,2026-04-25T16:56:36.834681-04:00,node-01,payments-api,429,True,anomalous,market_aware_v1,68.311,59.147,314.262,25.6,1.355,149.044,23.819,3.859
ffdcf30e-e91a-4991-822f-bc48350028f0,2026-04-25T16:56:36.835128-04:00,node-01,orders-api,429,True,anomalous,market_aware_v1,79.418,58.045,282.668,29.475,1.237,145.111,60.285,3.589
318fc319-a4e5-40d4-9681-a237f575cfdb,2026-04-25T16:56:36.835586-04:00,node-01,checkout-api,503,True,anomalous,market_aware_v1,68.8,58.015,290.47,28.28,1.305,138.451,36.181,3.596
c7da1892-041a-47bd-a011-30132b64af2f,2026-04-25T16:56:36.836046-04:00,node-01,payments-api,502,True,anomalous,market_aware_v1,69.287,60.928,300.15,26.48,1.312,141.781,23.917,3.617
8bbfdbd8-cf7c-4ec7-b10c-7e95ef130da0,2026-04-25T16:56:36.836492-04:00,node-01,orders-api,429,True,anomalous,market_aware_v1,73.521,57.411,285.224,31.34,1.343,142.189,51.219,3.75
a0e0b900-38a7-4b2c-858d-d8d01b9fb65f,2026-04-25T16:56:36.836938-04:00,node-01,checkout-api,500,True,anomalous,market_aware_v1,70.79,58.921,298.338,29.678,1.4,142.584,33.902,3.725
8900fc2f-ad20-40ec-86c2-fdccbc916089,2026-04-25T16:56:36.837389-04:00,node-01,payments-api,502,True,anomalous,market_aware_v1,67.635,59.494,293.328,24.008,1.25,138.858,22.315,3.502
37abd56d-12d6-4e64-b46c-48ef1a327b2d,2026-04-25T16:56:36.837838-04:00,node-01,orders-api,502,True,anomalous,market_aware_v1,73.736,50.825,285.285,29.401,1.198,145.616,53.421,3.543
05ad5e30-59fc-4422-a9c4-45e3b3ad0255,2026-04-25T16:56:36.838282-04:00,node-01,checkout-api,429,True,anomalous,market_aware_v1,68.969,51.284,292.779,27.813,1.357,142.051,30.11,3.709
d0917a84-4608-4b2e-bdd0-c1f5f2aefd24,2026-04-25T16:56:36.838742-04:00,node-01,payments-api,503,True,anomalous,market_aware_v1,64.25,59.763,294.914,22.833,1.359,142.164,14.729,3.685
34574044-0f2f-43eb-9689-dcdb052dbc65,2026-04-25T16:56:36.839190-04:00,node-01,orders-api,502,True,anomalous,market_aware_v1,72.082,51.863,271.678,28.484,1.269,137.934,54.206,3.459
13d43e1a-d693-4fbf-9716-a2e164ba6b15,2026-04-25T16:56:36.839660-04:00,node-01,checkout-api,429,True,anomalous,market_aware_v1,69.666,56.029,284.481,29.293,1.562,137.408,21.606,3.958
4948ef5b-7227-428c-93d8-6d3a4f53ef07,2026-04-25T16:56:36.840111-04:00,node-01,payments-api,502,True,anomalous,market_aware_v1,64.171,54.596,287.702,24.963,1.253,140.205,20.026,3.629
f12390a3-ce00-4bcf-882b-f1e673ceffe1,2026-04-25T16:56:36.840586-04:00,node-01,orders-api,502,True,anomalous,market_aware_v1,74.699,56.617,296.069,29.77,1.551,154.117,50.449,4.268
3271c11c-b789-476b-88a2-2a6b9936c670,2026-04-25T16:56:36.841044-04:00,node-01,checkout-api,503,True,anomalous,market_aware_v1,68.355,56.159,276.494,27.561,1.261,132.004,30.844,3.474
f46b191b-248e-4c16-b167-29fed7623581,2026-04-25T16:56:36.841511-04:00,node-01,payments-api,502,True,anomalous,market_aware_v1,67.767,56.314,305.716,23.987,1.369,143.877,19.249,3.669
f1e4c58a-fd35-4edd-8d43-dbc64d2d6b87,2026-04-25T16:56:36.841961-04:00,node-01,orders-api,500,True,anomalous,market_aware_v1,72.579,52.849,267.79,29.162,1.281,144.459,52.094,3.563
84834dc8-f132-4e9d-9507-a782d1de66ad,2026-04-25T16:56:36.842382-04:00,node-01,checkout-api,502,True,anomalous,market_aware_v1,71.204,57.006,298.229,29.782,1.39,138.744,33.0,3.694
f9d2f00d-f993-4339-be89-27e153d36444,2026-04-25T16:56:36.842845-04:00,node-01,payments-api,502,True,anomalous,market_aware_v1,67.781,58.282,291.293,24.059,1.205,131.261,22.484,3.218
ea290f96-1a54-4d43-9c05-b537f3fa0eee,2026-04-25T16:56:36.843280-04:00,node-01,orders-api,502,True,anomalous,market_aware_v1,71.128,54.935,264.815,30.394,1.134,141.779,57.525,3.538
2b8ca559-e8b5-479e-af23-1c5461987d83,2026-04-25T16:56:36.843727-04:00,node-01,checkout-api,503,True,anomalous,market_aware_v1,72.15,57.631,279.346,28.232,1.23,135.649,35.141,3.525
9c6a0ef9-4319-485f-9115-8bb0015cde19,2026-04-25T16:56:36.844196-04:00,node-01,payments-api,500,True,anomalous,market_aware_v1,65.689,57.731,287.917,25.03,1.33,136.47,27.196,3.69
71c20f24-6e15-4545-aff3-d07fe6c19f6e,2026-04-25T16:56:36.844621-04:00,node-01,orders-api,429,True,anomalous,market_aware_v1,75.62,56.914,284.707,28.7,1.277,141.863,59.461,3.514
7097b367-70ce-4538-935c-ec1f7ddc7258,2026-04-25T16:56:36.845068-04:00,node-01,checkout-api,503,True,anomalous,market_aware_v1,73.736,64.218,309.274,30.002,1.729,147.974,35.289,4.395
6d9f02a2-925a-48d3-8bed-aab94b796b39,2026-04-25T16:56:36.845584-04:00,node-01,payments-api,502,True,anomalous,market_aware_v1,70.964,60.83,320.661,26.019,1.375,154.146,20.642,4.007
55a2a28d-7081-4a83-956d-ccd1da32332f,2026-04-25T16:56:36.846086-04:00,node-01,orders-api,429,True,anomalous,market_aware_v1,79.194,58.019,280.766,30.016,1.279,143.957,63.873,3.604
d6165524-263e-4dd1-a379-52184cd2d78d,2026-04-25T16:56:36.846595-04:00,node-01,checkout-api,503,True,anomalous,market_aware_v1,78.969,61.774,293.095,28.875,1.408,145.875,36.328,3.815
1b359765-01fa-43cf-93f4-9f2ada8db1b5,2026-04-25T16:56:36.847109-04:00,node-01,payments-api,502,True,anomalous,market_aware_v1,75.329,62.121,323.17,27.696,1.559,152.012,24.29,4.312
efb1530c-ef73-4dc0-9f5d-e0e96e7514e7,2026-04-25T16:56:36.847667-04:00,node-01,orders-api,502,True,anomalous,market_aware_v1,79.096,61.111,270.784,32.963,1.161,139.451,63.062,3.33
d402db11-2b27-4214-869e-a44c81189db3,2026-04-25T16:56:36.848150-04:00,node-01,checkout-api,429,True,anomalous,market_aware_v1,79.929,62.088,306.703,28.87,1.448,145.649,41.123,3.85
f1d227bf-9c89-4be8-bbfb-81b21acdfe36,2026-04-25T16:56:36.848602-04:00,node-01,payments-api,503,True,anomalous,market_aware_v1,79.227,60.695,336.554,28.171,1.465,153.408,29.525,4.222
0519fea2-8908-4a5a-a09b-1ca869583ebd,2026-04-25T16:56:36.849041-04:00,node-01,orders-api,500,True,anomalous,market_aware_v1,85.998,57.019,288.37,34.678,1.626,148.562,60.913,4.058
c71736c1-bbeb-46d6-9ee8-68208bfa7379,2026-04-25T16:56:36.849492-04:00,node-01,checkout-api,503,True,anomalous,market_aware_v1,77.739,59.907,302.562,29.664,1.507,150.633,40.19,3.983
f56e01af-7de7-47b1-a197-8dcead2e0fb4,2026-04-25T16:56:36.849949-04:00,node-01,payments-api,502,True,anomalous,market_aware_v1,73.902,63.518,307.02,26.081,1.398,149.069,21.275,4.04
ac66558e-52d9-4586-91df-c12964c3ea50,2026-04-25T16:56:36.850384-04:00,node-01,orders-api,429,True,anomalous,market_aware_v1,79.494,56.466,291.683,30.148,1.302,148.236,51.113,3.681
46a2f651-91ec-47db-9d19-1b2d912ed0a8,2026-04-25T16:56:36.850885-04:00,node-01,checkout-api,502,True,anomalous,market_aware_v1,77.365,61.605,313.492,29.91,1.708,149.783,25.721,4.359
d1c114bc-ea1a-44ac-86d4-f78cc1bc3754,2026-04-25T16:56:36.851405-04:00,node-01,payments-api,502,True,anomalous,market_aware_v1,71.329,57.955,301.683,26.016,1.373,143.135,22.586,3.764
4fca972d-3122-4ae2-89af-13e42425973b,2026-04-25T16:56:36.851948-04:00,node-01,orders-api,429,True,anomalous,market_aware_v1,77.339,58.372,280.216,31.503,1.177,144.329,62.68,3.426
28aacd32-849d-4ec6-b803-dbd99ecce836,2026-04-25T16:56:36.852423-04:00,node-01,checkout-api,429,True,anomalous,market_aware_v1,76.074,57.131,289.347,29.849,1.395,143.843,35.703,3.726
f9bba5a2-f120-4996-ada5-1582af109c03,2026-04-25T16:56:36.852920-04:00,node-01,payments-api,502,True,anomalous,market_aware_v1,68.645,57.307,287.596,24.897,1.213,142.927,23.399,3.617
74dd6018-0c91-46fd-93b8-9fd75e42a561,2026-04-25T16:56:36.853387-04:00,node-01,orders-api,429,True,anomalous,market_aware_v1,74.43,56.742,278.227,32.211,1.125,139.679,60.332,3.294
e70b406f-044b-4686-9fda-62aeb8e93cc3,2026-04-25T16:56:36.853857-04:00,node-01,checkout-api,500,True,anomalous,market_aware_v1,77.198,60.206,310.341,29.637,1.726,144.097,31.52,4.317
c2539f3e-7cce-4dcd-8813-e07dad52c81d,2026-04-25T16:56:36.854448-04:00,node-01,payments-api,429,True,anomalous,market_aware_v1,66.077,58.135,286.108,26.416,1.276,134.429,27.564,3.42
2b200575-40f8-4e79-90bb-feb991ba7745,2026-04-25T16:56:36.855342-04:00,node-01,orders-api,502,True,anomalous,market_aware_v1,77.592,55.984,286.928,31.901,1.264,143.587,53.722,3.627
a50f6475-8fc5-45c3-96bb-482eba68392b,2026-04-25T16:56:36.855874-04:00,node-01,checkout-api,502,True,anomalous,market_aware_v1,70.811,59.304,291.054,28.674,1.373,146.527,32.027,3.737
c0506d17-b4cb-45df-b54c-eaa5d3f6a56c,2026-04-25T16:56:36.856386-04:00,node-01,payments-api,500,True,anomalous,market_aware_v1,70.109,56.144,309.146,24.563,1.361,150.618,13.554,3.833
43d5d447-2690-42cd-85c5-0bd029681eb1,2026-04-25T16:56:36.856886-04:00,node-01,orders-api,502,True,anomalous,market_aware_v1,72.175,51.031,265.319,28.275,1.12,130.188,59.627,3.028
5edb6100-3e00-46b7-94f7-91d007b0a4d1,2026-04-25T16:56:36.857376-04:00,node-01,checkout-api,429,True,anomalous,market_aware_v1,75.053,53.645,293.88,27.031,1.404,143.392,33.676,3.747
640ba854-a907-4567-9308-91f50a53baea,2026-04-25T16:56:36.858002-04:00,node-01,payments-api,429,True,anomalous,market_aware_v1,66.829,60.773,289.644,24.768,1.299,144.234,18.908,3.65
8a20ab68-9f2f-4bea-9bb2-9231f787c7f5,2026-04-25T16:56:36.858559-04:00,node-01,orders-api,500,True,anomalous,market_aware_v1,71.475,56.227,269.854,28.257,1.221,139.301,53.325,3.573
1e13edbe-614a-4737-9fe6-6c2bb1e9a688,2026-04-25T16:56:36.860221-04:00,node-01,checkout-api,503,True,anomalous,market_aware_v1,74.024,54.238,295.449,28.421,1.446,145.33,35.765,3.784
ab133c36-2692-4cce-bdc2-23fb8bfeaf02,2026-04-25T16:56:36.861489-04:00,node-01,payments-api,503,True,anomalous,market_aware_v1,69.619,60.079,295.874,23.958,1.389,146.157,21.337,3.756
8282392a-77dc-4041-af76-1e3d7f546849,2026-04-25T16:56:36.861985-04:00,node-01,orders-api,502,True,anomalous,market_aware_v1,77.996,54.756,280.385,29.028,1.339,148.434,53.055,3.656
b24be85e-842c-494f-8cbb-b3d202fd0d13,2026-04-25T16:56:36.862632-04:00,node-01,checkout-api,503,True,anomalous,market_aware_v1,73.397,58.265,293.125,25.835,1.449,142.993,35.532,3.777
d4898b75-8148-4fb8-814b-f6ff64a48999,2026-04-25T16:56:36.863124-04:00,node-01,payments-api,503,True,anomalous,market_aware_v1,76.186,62.568,320.06,27.01,1.77,155.118,22.505,4.437
bc96677e-2f34-44f6-be3c-9df9ed0b0064,2026-04-25T16:56:36.863559-04:00,node-01,orders-api,500,True,anomalous,market_aware_v1,76.133,54.182,276.465,30.537,1.212,145.388,59.822,3.653
46d67574-c3be-4c9c-93bb-5d0596439278,2026-04-25T16:56:36.864106-04:00,node-01,checkout-api,500,True,anomalous,market_aware_v1,75.332,58.635,282.557,31.036,1.361,138.919,36.873,3.698
6178a74e-b86b-46be-803a-ac63ff3c99ee,2026-04-25T16:56:36.864635-04:00,node-01,payments-api,503,True,anomalous,market_aware_v1,75.54,63.766,314.398,26.749,1.641,148.07,18.607,4.18
928508d2-190e-437a-9bcc-cd2d4732ab2a,2026-04-25T16:56:36.865156-04:00,node-01,orders-api,503,True,anomalous,market_aware_v1,77.808,56.528,279.437,31.448,1.276,146.667,63.299,3.531
4fce7cda-29ee-40e1-a668-607acfe46fa4,2026-04-25T16:56:36.865655-04:00,node-01,checkout-api,429,True,anomalous,market_aware_v1,80.015,60.24,313.394,30.538,1.442,153.901,30.489,4.097
640e2810-f27e-4639-bb5b-8caf13690300,2026-04-25T16:56:36.867007-04:00,node-01,payments-api,500,True,anomalous,market_aware_v1,78.049,59.89,300.196,28.915,1.288,142.242,29.969,3.654
7d6c3617-e2fa-47b6-9b64-cd07a2ca7ebd,2026-04-25T16:56:36.868227-04:00,node-01,orders-api,503,True,anomalous,market_aware_v1,80.065,60.497,275.041,32.795,1.185,141.304,69.028,3.494
07b60b46-dda6-46ed-9277-761b5b1dd8ce,2026-04-25T16:56:36.868910-04:00,node-01,checkout-api,500,True,anomalous,market_aware_v1,78.071,62.945,299.395,30.202,1.383,143.756,38.928,3.759
e652f33b-ebd6-4a4a-9d5e-3c1f52317dd9,2026-04-25T16:56:36.869354-04:00,node-01,payments-api,500,True,anomalous,market_aware_v1,75.881,62.651,308.081,28.741,1.434,149.653,30.763,3.988
cc7c2334-35ed-403c-8220-78e8ee8b52fb,2026-04-25T16:56:36.869809-04:00,node-01,orders-api,500,True,anomalous,market_aware_v1,84.239,60.132,293.769,33.468,1.651,153.307,56.82,4.229
59fbb413-ba67-499e-8c29-3649c1ec5f31,2026-04-25T16:56:36.870309-04:00,node-01,checkout-api,500,True,anomalous,market_aware_v1,80.228,64.364,299.064,29.518,1.409,145.322,40.215,3.876
64f23c46-e29e-4a67-8b99-f3aee876536e,2026-04-25T16:56:36.870853-04:00,node-01,payments-api,500,True,anomalous,market_aware_v1,79.305,66.207,323.63,28.558,1.574,160.882,28.83,4.261
9a75e942-a386-478f-8ab0-fc70654d2456,2026-04-25T16:56:36.871239-04:00,node-01,orders-api,429,True,anomalous,market_aware_v1,78.13,58.101,265.544,34.005,1.177,138.905,67.924,3.49
8dc9becc-faaf-4971-86b4-84c7043c0c1b,2026-04-25T16:56:36.871736-04:00,node-01,checkout-api,503,True,anomalous,market_aware_v1,78.751,63.484,287.311,30.604,1.423,144.574,40.645,3.763
6f1c5ab6-cb63-4ea1-bb44-db756732d5dc,2026-04-25T16:56:36.872267-04:00,node-01,payments-api,500,True,anomalous,market_aware_v1,80.266,63.539,316.069,26.311,1.35,146.393,24.29,3.744
95f304e5-1e0b-4e07-85e3-507a3c9d6fc9,2026-04-25T16:56:36.872769-04:00,node-01,orders-api,503,True,anomalous,market_aware_v1,81.006,55.463,287.995,33.728,1.2,141.749,62.498,3.454
18f717ca-4774-43dd-b33f-97259309a6d5,2026-04-25T16:56:36.873253-04:00,node-01,checkout-api,503,True,anomalous,market_aware_v1,84.167,66.05,298.209,31.177,1.37,144.628,37.434,3.802
6572f6f1-599b-41a6-b799-b92844bc44f5,2026-04-25T16:56:36.873730-04:00,node-01,payments-api,503,True,anomalous,market_aware_v1,73.499,65.301,310.592,28.357,1.429,147.711,25.139,3.862
75674c1e-887b-42ef-a1bb-cc63f8ceb50c,2026-04-25T16:56:36.874216-04:00,node-01,orders-api,503,True,anomalous,market_aware_v1,78.319,55.962,276.139,34.022,1.245,143.841,57.26,3.561
d9c8a970-5f33-45f5-be39-1de79825f615,2026-04-25T16:56:36.874708-04:00,node-01,checkout-api,500,True,anomalous,market_aware_v1,75.633,59.432,299.552,28.178,1.484,143.986,37.361,3.752
2f7aed58-0c47-4944-b2a6-c9c4c70ca429,2026-04-25T16:56:36.875188-04:00,node-01,payments-api,502,True,anomalous,market_aware_v1,69.444,61.511,293.579,28.494,1.296,145.036,23.063,3.688
4a9fda85-685d-488a-a48e-6fe43d8597c4,2026-04-25T16:56:36.875649-04:00,node-01,orders-api,500,True,anomalous,market_aware_v1,79.746,57.753,284.639,32.041,1.324,142.549,57.433,3.457
c1615e19-a729-4117-9da3-bf48c9ab5233,2026-04-25T16:56:36.876166-04:00,node-01,checkout-api,429,True,anomalous,market_aware_v1,77.037,59.954,303.996,27.594,1.461,147.594,33.805,3.914
a05515ee-464b-4797-9f4d-3f5b599d4a4f,2026-04-25T16:56:36.876676-04:00,node-01,payments-api,502,True,anomalous,market_aware_v1,72.691,60.046,313.902,26.555,1.371,149.368,22.873,3.758
075905b1-ed64-4daf-a339-edf64c527413,2026-04-25T16:56:36.877138-04:00,node-01,orders-api,503,True,anomalous,market_aware_v1,70.779,55.963,279.408,29.34,1.213,135.662,52.909,3.311
8dd41cf0-9a1c-448b-b47f-d185d19384d9,2026-04-25T16:56:36.877593-04:00,node-01,checkout-api,429,True,anomalous,market_aware_v1,70.541,58.105,285.519,28.817,1.307,138.536,28.48,3.531
2f252374-7074-41c2-9a07-be3bdf1a1dd1,2026-04-25T16:56:36.878028-04:00,node-01,payments-api,500,True,anomalous,market_aware_v1,70.059,58.846,332.966,24.359,1.596,158.015,11.847,4.495
8493e385-9177-4ab5-9a24-62eaacd9713e,2026-04-25T16:56:36.878408-04:00,node-01,orders-api,502,True,anomalous,market_aware_v1,72.891,53.205,281.327,29.609,1.241,143.887,52.133,3.56
3d226892-481a-4d1b-8633-4bd02dc20020,2026-04-25T16:56:36.878873-04:00,node-01,checkout-api,502,True,anomalous,market_aware_v1,67.748,52.966,297.462,26.79,1.375,140.19,27.987,3.69
d47e22aa-5da4-45ad-be52-203d28c2b011,2026-04-25T16:56:36.879307-04:00,node-01,payments-api,500,True,anomalous,market_aware_v1,66.162,58.332,304.743,24.267,1.358,147.78,16.377,3.774
6ccba218-0855-4f90-87e7-8cfb4c91cddf,2026-04-25T16:56:36.879835-04:00,node-01,orders-api,502,True,anomalous,market_aware_v1,74.128,52.215,281.819,27.739,1.273,141.261,47.82,3.465
55624f4f-28bd-45f4-8d75-58b2b28484f1,2026-04-25T16:56:36.880332-04:00,node-01,checkout-api,503,True,anomalous,market_aware_v1,70.936,54.514,308.481,30.725,1.419,144.771,25.837,3.95
741990c3-32be-4fc8-bdc1-659af573a394,2026-04-25T16:56:36.880852-04:00,node-01,payments-api,502,True,anomalous,market_aware_v1,65.873,60.255,311.469,25.06,1.366,148.164,14.133,3.821
66ec0ddd-294b-49a7-bf3f-f41407c52326,2026-04-25T16:56:36.881459-04:00,node-01,orders-api,502,True,anomalous,market_aware_v1,72.155,51.278,281.632,28.22,1.224,147.465,51.713,3.656
08cde1e1-e0fd-4059-9769-7d08c741dc6d,2026-04-25T16:56:36.882901-04:00,node-01,checkout-api,503,True,anomalous,market_aware_v1,67.429,53.929,296.591,27.054,1.407,140.843,27.094,3.663
8a65d73b-6c50-40c3-a94c-ecbed136ac0b,2026-04-25T16:56:36.883658-04:00,node-01,payments-api,502,True,anomalous,market_aware_v1,66.761,58.499,304.653,24.642,1.361,146.032,20.123,3.58
c3e61398-ea52-4522-8116-cb230db939fd,2026-04-25T16:56:36.884405-04:00,node-01,orders-api,429,True,anomalous,market_aware_v1,75.333,51.426,274.001,29.468,1.224,140.119,51.946,3.517
33dabe23-8292-4529-b480-b2b57a2125a1,2026-04-25T16:56:36.884847-04:00,node-01,checkout-api,502,True,anomalous,market_aware_v1,73.844,53.905,315.956,26.759,1.381,147.854,26.912,3.859
22fb8aeb-7f06-4b76-9f26-d063f30ac272,2026-04-25T16:56:36.885302-04:00,node-01,payments-api,500,True,anomalous,market_aware_v1,72.673,57.287,302.179,25.387,1.294,142.836,11.503,3.753
d606947b-c95b-486d-b52c-fce4dcf90b1f,2026-04-25T16:56:36.885825-04:00,node-01,orders-api,429,True,anomalous,market_aware_v1,76.285,51.993,283.052,30.171,1.187,143.263,51.854,3.423
1c966e45-d3bb-4eba-ad3f-22d2312f5590,2026-04-25T16:56:36.886336-04:00,node-01,checkout-api,503,True,anomalous,market_aware_v1,74.026,55.883,291.657,26.782,1.393,147.839,28.758,3.88
142d51d9-85d2-4c20-a4c5-3dafd9e11503,2026-04-25T16:56:36.886823-04:00,node-01,payments-api,429,True,anomalous,market_aware_v1,68.137,60.245,298.875,26.602,1.252,142.855,21.574,3.587
f5b10363-3481-4c7c-9512-97c517a3ef7e,2026-04-25T16:56:36.887268-04:00,node-01,orders-api,500,True,anomalous,market_aware_v1,73.759,54.435,280.73,29.759,1.261,142.372,57.406,3.572
5d97997f-be79-4cbe-95a2-1ca7f4d77214,2026-04-25T16:56:36.887722-04:00,node-01,checkout-api,503,True,anomalous,market_aware_v1,76.655,61.515,299.781,29.563,1.472,148.188,35.376,3.9
2ff880f6-af9b-4c6c-b3f4-9b182125fe21,2026-04-25T16:56:36.888147-04:00,node-01,payments-api,502,True,anomalous,market_aware_v1,73.342,63.572,311.033,28.221,1.37,149.069,26.484,3.752
ce0e26f4-8808-4149-adf8-2c99f50bca6d,2026-04-25T16:56:36.888591-04:00,node-01,orders-api,429,True,anomalous,market_aware_v1,81.875,57.913,293.48,33.646,1.623,149.23,55.247,4.113
efc333fe-a5f9-47ed-a9bf-b7ec0049630a,2026-04-25T16:56:36.889024-04:00,node-01,checkout-api,502,True,anomalous,market_aware_v1,79.737,61.683,304.759,28.375,1.457,148.961,43.826,3.968
eab3271d-3e04-48b3-b148-431f67da4310,2026-04-25T16:56:36.889485-04:00,node-01,payments-api,503,True,anomalous,market_aware_v1,73.237,59.407,309.952,26.436,1.415,148.506,24.194,3.781
359e92ff-783b-4bae-9f0f-7438302c3156,2026-04-25T16:56:36.889962-04:00,node-01,orders-api,500,True,anomalous,market_aware_v1,78.603,60.644,289.552,32.336,1.281,148.005,62.519,3.749
a9edff99-e443-492b-9d63-ce7c629afdd1,2026-04-25T16:56:36.890389-04:00,node-01,checkout-api,503,True,anomalous,market_aware_v1,78.356,65.823,305.956,28.886,1.459,146.646,39.07,4.04
04c94246-cd8c-4b9c-8dc3-58deed5b01a4,2026-04-25T16:56:36.890816-04:00,node-01,payments-api,503,True,anomalous,market_aware_v1,73.316,62.361,324.704,28.225,1.379,150.071,28.513,3.875
de2ac69e-f5c5-43f4-a12c-13e8fddd44a9,2026-04-25T16:56:36.891264-04:00,node-01,orders-api,429,True,anomalous,market_aware_v1,78.771,56.714,289.138,32.868,1.206,147.106,59.501,3.502
42993a49-bb31-4c04-a95a-5b8b9e819961,2026-04-25T16:56:36.891682-04:00,node-01,checkout-api,500,True,anomalous,market_aware_v1,78.155,60.856,308.766,29.421,1.491,150.731,32.267,4.055
934fcf98-b32c-4094-acfb-652e7503dafa,2026-04-25T16:56:36.892094-04:00,node-01,payments-api,500,True,anomalous,market_aware_v1,74.563,60.942,308.066,26.599,1.38,147.773,29.175,3.802
84509e02-5f0c-4aeb-9579-3436c9af3567,2026-04-25T16:56:36.892536-04:00,node-01,orders-api,503,True,anomalous,market_aware_v1,81.039,61.142,298.356,33.497,1.598,151.349,53.312,4.133
22efa529-9e01-4d77-b586-9387adb80ffa,2026-04-25T16:56:36.892993-04:00,node-01,checkout-api,429,True,anomalous,market_aware_v1,83.77,62.863,331.86,31.513,1.856,158.361,22.236,4.584
f42e1fb9-2349-4303-86a2-f3cfc3f4e77d,2026-04-25T16:56:36.893507-04:00,node-01,payments-api,500,True,anomalous,market_aware_v1,71.78,63.139,308.886,27.518,1.408,146.082,19.834,3.786
c8d4acf2-216e-42b8-b172-68ecb36f6e3b,2026-04-25T16:56:36.894003-04:00,node-01,orders-api,502,True,anomalous,market_aware_v1,76.573,57.826,286.863,30.666,1.317,151.305,61.59,3.736
bfb76d75-4201-4b21-bb27-997781757beb,2026-04-25T16:56:36.894510-04:00,node-01,checkout-api,503,True,anomalous,market_aware_v1,75.737,59.215,299.053,29.791,1.433,149.029,35.313,3.915
949e5fe7-0f82-4b49-8af6-0cd6fc0142a3,2026-04-25T16:56:36.895018-04:00,node-01,payments-api,429,True,anomalous,market_aware_v1,72.015,61.906,296.262,27.489,1.334,142.994,24.578,3.677
589b5b9c-6297-4f76-b940-cc54bb84727a,2026-04-25T16:56:36.895532-04:00,node-01,orders-api,429,True,anomalous,market_aware_v1,77.097,56.55,292.909,29.735,1.474,152.465,53.906,4.099
9b1102d4-bd2a-496f-aa8b-cdd3837df911,2026-04-25T16:56:36.896009-04:00,node-01,checkout-api,503,True,anomalous,market_aware_v1,71.918,60.389,289.037,30.219,1.413,139.369,38.568,3.784
0129ea70-0b1a-40e4-8dc8-9273bf545905,2026-04-25T16:56:36.896489-04:00,node-01,payments-api,502,True,anomalous,market_aware_v1,73.083,65.042,303.402,26.334,1.628,142.54,17.003,3.982
332b6f3a-472e-4dc5-a66c-88892ff33b43,2026-04-25T16:56:36.896984-04:00,node-01,orders-api,502,True,anomalous,market_aware_v1,79.269,52.135,276.048,31.033,1.227,140.888,55.685,3.487
8246ad22-72be-4bcf-959f-e01e74ddebca,2026-04-25T16:56:36.897475-04:00,node-01,checkout-api,429,True,anomalous,market_aware_v1,72.098,56.848,295.422,26.949,1.393,150.994,32.845,3.962
1f495990-2f84-4180-bd30-83019db1dd67,2026-04-25T16:56:36.897966-04:00,node-01,payments-api,429,True,anomalous,market_aware_v1,76.936,62.666,331.804,25.648,1.752,157.615,11.022,4.541
b84ec8b2-7ee4-4544-b47d-c3a7b34e5a7e,2026-04-25T16:56:36.898406-04:00,node-01,orders-api,429,True,anomalous,market_aware_v1,74.51,56.429,283.024,29.115,1.266,147.225,46.345,3.625
c6261125-b4e7-4363-b9fe-37e4cdb98023,2026-04-25T16:56:36.898824-04:00,node-01,checkout-api,429,True,anomalous,market_aware_v1,72.275,58.433,312.414,28.852,1.344,143.269,31.201,3.729
ab224e7e-89e7-481a-bf39-27b4cb98b3a8,2026-04-25T16:56:36.899252-04:00,node-01,payments-api,502,True,anomalous,market_aware_v1,72.055,58.896,301.234,26.321,1.268,145.761,14.104,3.678
872d5403-3db8-495a-a1f1-8ce9395c2c76,2026-04-25T16:56:36.899736-04:00,node-01,orders-api,429,True,anomalous,market_aware_v1,74.204,55.498,274.394,29.466,1.225,141.658,55.506,3.42
703d723c-644d-46f0-a3b6-84925bad7863,2026-04-25T16:56:36.900223-04:00,node-01,checkout-api,500,True,anomalous,market_aware_v1,70.868,60.435,300.104,29.983,1.473,152.212,25.348,4.075
e0b7e63c-defc-4826-a3e7-eb4386c68a83,2026-04-25T16:56:36.900714-04:00,node-01,payments-api,500,True,anomalous,market_aware_v1,74.854,60.707,300.716,26.561,1.368,144.448,20.27,3.758
71cd0c12-b683-44e6-ba58-42764ce7eca5,2026-04-25T16:56:36.901200-04:00,node-01,orders-api,429,True,anomalous,market_aware_v1,75.369,50.999,290.959,29.738,1.299,145.97,52.513,3.71
f9fc91fb-a5a4-418b-84ee-aa5d2455aaac,2026-04-25T16:56:36.902018-04:00,node-01,checkout-api,503,True,anomalous,market_aware_v1,71.914,58.94,300.563,29.95,1.392,146.63,37.828,3.796
3d367178-eabd-4ed4-a3c6-2d9c4704209a,2026-04-25T16:56:36.902504-04:00,node-01,payments-api,503,True,anomalous,market_aware_v1,71.281,64.221,308.76,25.558,1.389,152.105,23.889,3.987
0ec14503-930e-4d62-93ea-efa0e9aa6b80,2026-04-25T16:56:36.903006-04:00,node-01,orders-api,503,True,anomalous,market_aware_v1,75.469,57.333,281.208,30.72,1.269,146.048,60.982,3.548
f5a124c3-8662-4416-9b0a-b78349071eb9,2026-04-25T16:56:36.903494-04:00,node-01,checkout-api,429,True,anomalous,market_aware_v1,75.391,58.938,307.103,28.284,1.405,142.782,37.874,3.746
a45cdd6a-7315-4b2e-93d7-107f16b6f0cf,2026-04-25T16:56:36.903972-04:00,node-01,payments-api,500,True,anomalous,market_aware_v1,72.48,63.871,297.892,26.086,1.282,142.015,25.785,3.61
ccbdc83c-ee36-4444-959b-0446f3238cdb,2026-04-25T16:56:36.904413-04:00,node-01,orders-api,500,True,anomalous,market_aware_v1,79.912,58.298,301.74,33.163,1.403,155.535,55.012,4.006
05e25e76-cb51-4bf3-826f-7eb45f7dcad6,2026-04-25T16:56:36.904805-04:00,node-01,checkout-api,429,True,anomalous,market_aware_v1,78.691,61.304,290.394,29.175,1.41,141.706,38.372,3.599
2034b7ff-af7f-49c0-b85e-a8caa9203a88,2026-04-25T16:56:36.905329-04:00,node-01,payments-api,503,True,anomalous,market_aware_v1,77.013,63.227,317.745,26.961,1.418,148.704,27.63,3.948
8c08297e-252f-4248-bf16-aa8c00823af5,2026-04-25T16:56:36.905818-04:00,node-01,orders-api,500,True,anomalous,market_aware_v1,78.095,58.354,285.344,33.478,1.3,146.743,62.071,3.654
43f3f99c-d3b9-4c41-ae64-9d1e9918fdeb,2026-04-25T16:56:36.906473-04:00,node-01,checkout-api,500,True,anomalous,market_aware_v1,80.04,66.196,286.361,31.46,1.406,144.551,38.415,3.836
da23a797-da61-42c0-841a-77553582c211,2026-04-25T16:56:36.907657-04:00,node-01,payments-api,500,True,anomalous,market_aware_v1,76.696,64.627,315.66,28.298,1.518,156.072,26.969,4.074
f427f6b8-ea9d-4ca5-a100-967b85624362,2026-04-25T16:56:36.908796-04:00,node-01,orders-api,500,True,anomalous,market_aware_v1,83.836,60.097,296.388,33.172,1.314,153.569,57.659,3.864
d331b7c9-e380-49d5-9a1c-3541081e0119,2026-04-25T16:56:36.909250-04:00,node-01,checkout-api,500,True,anomalous,market_aware_v1,82.451,65.051,308.635,31.533,1.434,146.785,40.076,3.906
f9fa1f19-65ac-4f12-a15b-97c1e641cefb,2026-04-25T16:56:36.909711-04:00,node-01,payments-api,500,True,anomalous,market_aware_v1,82.745,64.534,327.924,29.694,1.718,158.264,22.991,4.42
86995a72-786d-4528-9639-6181fd4de3b9,2026-04-25T16:56:36.910254-04:00,node-01,orders-api,502,True,anomalous,market_aware_v1,81.213,61.921,284.635,34.457,1.26,145.856,68.051,3.598
59e65f2e-9e74-4c60-8336-e2a85c0415a0,2026-04-25T16:56:36.910748-04:00,node-01,checkout-api,500,True,anomalous,market_aware_v1,80.483,61.765,296.756,28.892,1.38,149.007,40.999,3.792
888ebc5a-5994-42a8-bbe6-659a82c2d603,2026-04-25T16:56:36.911227-04:00,node-01,payments-api,502,True,anomalous,market_aware_v1,78.187,61.756,306.202,27.398,1.443,149.827,24.166,3.986
c0f85e40-97b2-463e-b965-c4c3bfd0b9e3,2026-04-25T16:56:36.911699-04:00,node-01,orders-api,500,True,anomalous,market_aware_v1,80.096,57.72,291.392,30.96,1.238,147.539,61.002,3.693
980c4502-b69f-4db8-8882-5186a88e196d,2026-04-25T16:56:36.912198-04:00,node-01,checkout-api,429,True,anomalous,market_aware_v1,80.425,61.965,299.127,30.0,1.49,150.682,42.852,3.987
6f148947-0c75-410c-8e38-7039a3d81daa,2026-04-25T16:56:36.912723-04:00,node-01,payments-api,503,True,anomalous,market_aware_v1,76.345,63.73,326.692,27.453,1.528,158.699,21.869,4.112
936b5fa3-65ab-4312-9e93-edc5082b0f7a,2026-04-25T16:56:36.913225-04:00,node-01,orders-api,503,True,anomalous,market_aware_v1,80.152,56.523,287.373,31.631,1.277,147.904,58.191,3.524
e425e678-a732-4cb2-ba07-2e605b9c8d13,2026-04-25T16:56:36.913739-04:00,node-01,checkout-api,502,True,anomalous,market_aware_v1,77.943,61.331,307.215,29.63,1.432,147.157,40.722,3.801
41b45d1c-a274-4706-b41f-8bbd7d4b2486,2026-04-25T16:56:36.914310-04:00,node-01,payments-api,503,True,anomalous,market_aware_v1,72.466,62.031,317.469,24.697,1.444,155.245,15.172,4.068
9a647247-d65f-4e3e-87df-8f412a05fad9,2026-04-25T16:56:36.914969-04:00,node-01,orders-api,503,True,anomalous,market_aware_v1,76.647,56.463,277.589,30.488,1.259,144.537,56.64,3.581
b09e4b46-6e17-45cd-8541-70b737babd0b,2026-04-25T16:56:36.915420-04:00,node-01,checkout-api,429,True,anomalous,market_aware_v1,80.509,58.695,300.459,29.494,1.417,145.427,32.691,3.757
f1e17dda-7d1d-4e10-b8e7-14ee8409fb94,2026-04-25T16:56:36.915931-04:00,node-01,payments-api,500,True,anomalous,market_aware_v1,70.13,57.966,302.586,27.007,1.354,148.673,23.144,3.786
fcb2718c-c285-4d53-91c0-ce9fe64bd40d,2026-04-25T16:56:36.916428-04:00,node-01,orders-api,429,True,anomalous,market_aware_v1,73.129,54.2,286.513,29.366,1.324,143.911,54.78,3.692
3375e3e3-88ee-4f35-a8e9-a072261c4a51,2026-04-25T16:56:36.917080-04:00,node-01,checkout-api,502,True,anomalous,market_aware_v1,75.82,57.66,293.257,30.756,1.629,141.534,31.088,4.032
8a0e33c8-5e51-47a6-9b1f-251f440d7478,2026-04-25T16:56:36.917632-04:00,node-01,payments-api,500,True,anomalous,market_aware_v1,66.308,61.813,306.81,24.793,1.319,144.063,14.73,3.703
ccf8c92b-4690-464c-b3a1-9307c6309022,2026-04-25T16:56:36.918156-04:00,node-01,orders-api,503,True,anomalous,market_aware_v1,69.722,54.095,272.865,30.193,1.254,137.554,49.662,3.242
e2ab19bc-1fa9-49b6-b7b4-bece1919856e,2026-04-25T16:56:36.918655-04:00,node-01,checkout-api,429,True,anomalous,market_aware_v1,71.347,55.052,294.357,28.91,1.468,149.574,20.155,3.925
9cbaad6d-724d-4442-bb11-3b897056f074,2026-04-25T16:56:36.919125-04:00,node-01,payments-api,503,True,anomalous,market_aware_v1,64.197,58.789,307.209,25.785,1.395,146.586,10.058,3.918
c9ecfe2b-87dc-4330-8346-d1fef97369f3,2026-04-25T16:56:36.919608-04:00,node-01,orders-api,503,True,anomalous,market_aware_v1,72.399,49.966,277.883,27.956,1.225,143.677,54.028,3.517
f3284d0e-3f1c-4040-8543-42b832b28602,2026-04-25T16:56:36.920087-04:00,node-01,checkout-api,429,True,anomalous,market_aware_v1,69.471,55.351,296.171,29.123,1.445,146.757,33.534,3.896
43e0b513-2aa0-4106-a765-4fb6a0ca09a7,2026-04-25T16:56:36.920700-04:00,node-01,payments-api,500,True,anomalous,market_aware_v1,65.678,56.47,301.386,26.467,1.448,149.505,12.125,3.961
62d1084b-a97a-4b70-a0b1-cf98c964a526,2026-04-25T16:56:36.921408-04:00,node-01,orders-api,429,True,anomalous,market_aware_v1,71.827,54.0,279.99,30.775,1.133,137.844,54.007,3.283
61631903-68c9-493f-a51c-eaf2cbed98fb,2026-04-25T16:56:36.921872-04:00,node-01,checkout-api,502,True,anomalous,market_aware_v1,70.361,56.591,284.868,26.533,1.263,138.189,33.369,3.562
bd5fe718-9208-4041-87dc-3652b214244b,2026-04-25T16:56:36.922262-04:00,node-01,payments-api,429,True,anomalous,market_aware_v1,66.745,60.416,295.673,25.064,1.297,139.599,23.714,3.602
e0ddd285-d698-4f3d-b643-1142f2112498,2026-04-25T16:56:36.922733-04:00,node-01,orders-api,502,True,anomalous,market_aware_v1,72.841,54.219,283.51,30.226,1.319,147.691,50.794,3.606
eb5d2ee3-2479-4aca-ae23-99350499bf8e,2026-04-25T16:56:36.923167-04:00,node-01,checkout-api,429,True,anomalous,market_aware_v1,72.165,56.114,288.128,28.201,1.415,143.558,30.094,3.738
e6420748-b1b2-4f5c-ba4d-a0fa4d931b85,2026-04-25T16:56:36.923650-04:00,node-01,payments-api,429,True,anomalous,market_aware_v1,66.082,58.589,297.705,24.836,1.39,142.135,19.268,3.75
b71f4f51-9689-4208-b3f4-b2fdf5c958d3,2026-04-25T16:56:36.924083-04:00,node-01,orders-api,502,True,anomalous,market_aware_v1,81.391,56.003,291.303,30.07,1.255,142.761,50.027,3.464
5dcbd9fe-809f-4947-8047-4c750bb394b7,2026-04-25T16:56:36.924559-04:00,node-01,checkout-api,502,True,anomalous,market_aware_v1,71.161,57.038,309.577,27.238,1.466,152.606,21.814,4.109
877d1bb3-20e3-4233-bf2d-88fb01862dfb,2026-04-25T16:56:36.925005-04:00,node-01,payments-api,503,True,anomalous,market_aware_v1,68.59,59.186,308.286,23.387,1.296,145.788,22.775,3.737
bb6fd347-67fa-4af8-bbd9-00ad17c91ebd,2026-04-25T16:56:36.925457-04:00,node-01,orders-api,429,True,anomalous,market_aware_v1,78.534,55.518,289.045,30.225,1.357,149.932,56.348,3.706
c8d3dedb-9a3f-4c0b-a050-2a8ee745c86e,2026-04-25T16:56:36.925925-04:00,node-01,checkout-api,500,True,anomalous,market_aware_v1,73.642,58.959,299.78,30.143,1.367,144.869,35.793,3.887
e1b8d641-5b13-4181-8c2d-c4f2ffd0ffb0,2026-04-25T16:56:36.926405-04:00,node-01,payments-api,500,True,anomalous,market_aware_v1,73.226,62.151,310.283,25.247,1.359,153.31,17.991,3.933
24565906-e6f4-456f-b43f-1800d0de4c87,2026-04-25T16:56:36.926874-04:00,node-01,orders-api,503,True,anomalous,market_aware_v1,80.263,56.936,276.571,31.729,1.275,144.405,60.547,3.564
2361b54b-15cd-4d8e-b4ee-77864968217e,2026-04-25T16:56:36.927352-04:00,node-01,checkout-api,500,True,anomalous,market_aware_v1,75.547,61.919,291.604,27.657,1.503,148.928,37.621,4.004
999d41b2-4ec8-4a70-852e-87ee23bac836,2026-04-25T16:56:36.927799-04:00,node-01,payments-api,502,True,anomalous,market_aware_v1,77.166,63.938,317.643,26.07,1.412,150.945,27.087,4.013
5fec8f9f-2054-449a-965e-30bf6aeafa64,2026-04-25T16:56:36.928228-04:00,node-01,orders-api,502,True,anomalous,market_aware_v1,79.343,56.064,298.207,31.445,1.255,146.33,58.134,3.633
27ef7177-5ab8-4fab-be8a-3d591c419e2d,2026-04-25T16:56:36.928693-04:00,node-01,checkout-api,503,True,anomalous,market_aware_v1,78.187,59.892,306.508,32.425,1.424,148.279,35.46,3.823
38f798ce-b8e9-4187-99d5-ef1e1d1c14c7,2026-04-25T16:56:36.929211-04:00,node-01,payments-api,429,True,anomalous,market_aware_v1,73.399,64.931,325.417,28.815,1.521,156.893,29.256,4.423
325134e6-5771-4ba0-9e82-c1266aa0cfa0,2026-04-25T16:56:36.929694-04:00,node-01,orders-api,429,True,anomalous,market_aware_v1,79.935,59.211,279.821,30.602,1.3,138.135,65.959,3.5
8f8662ff-1c40-4e5c-b021-e448921266d9,2026-04-25T16:56:36.930237-04:00,node-01,checkout-api,429,True,anomalous,market_aware_v1,79.833,60.618,311.106,29.928,1.516,151.699,40.885,4.258
fd4c63b0-a7b4-4b59-9d9a-cd59953703e5,2026-04-25T16:56:36.930790-04:00,node-01,payments-api,503,True,anomalous,market_aware_v1,73.857,62.368,304.663,28.849,1.371,145.105,25.775,3.82
2bf3ec69-3a7d-434d-a44f-fef5a8af6f13,2026-04-25T16:56:36.931246-04:00,node-01,orders-api,503,True,anomalous,market_aware_v1,82.432,55.232,289.952,31.393,1.311,149.976,57.697,3.69
cd53c04c-de5b-4f9a-8049-284b29d83c63,2026-04-25T16:56:36.931682-04:00,node-01,checkout-api,502,True,anomalous,market_aware_v1,82.114,59.204,309.546,28.257,1.74,148.73,26.678,4.259
a04400a7-ddfe-4907-b504-401567302024,2026-04-25T16:56:36.932093-04:00,node-01,payments-api,503,True,anomalous,market_aware_v1,73.971,64.032,315.809,27.428,1.339,151.045,22.976,3.826
bae6cccd-d2f0-4122-a626-bae33893c059,2026-04-25T16:56:36.932507-04:00,node-01,orders-api,429,True,anomalous,market_aware_v1,78.912,56.617,288.399,30.26,1.309,146.733,56.156,3.559
20f0a445-ec89-462e-87fd-1abd830570a8,2026-04-25T16:56:36.932921-04:00,node-01,checkout-api,500,True,anomalous,market_aware_v1,75.787,59.235,308.412,30.231,1.425,142.969,38.123,3.871
5aac822b-5129-445b-9213-5e242c7b481a,2026-04-25T16:56:36.933776-04:00,node-01,payments-api,500,True,anomalous,market_aware_v1,76.308,64.083,321.401,25.211,1.394,149.155,26.138,3.882
dd63c8b9-8265-412b-81e5-64cf1bf9a0cc,2026-04-25T16:56:36.934201-04:00,node-01,orders-api,503,True,anomalous,market_aware_v1,74.921,54.134,279.759,30.423,1.176,142.708,58.636,3.445
0a372703-f88b-4f80-98d3-d58653693127,2026-04-25T16:56:36.934695-04:00,node-01,checkout-api,502,True,anomalous,market_aware_v1,78.002,61.563,315.199,29.263,1.359,143.336,34.27,3.833
810978d1-69df-4acd-a271-72dc8b9e8d7c,2026-04-25T16:56:36.935129-04:00,node-01,payments-api,502,True,anomalous,market_aware_v1,71.939,58.368,295.642,25.35,1.21,134.315,22.742,3.347
fd51559e-43c7-4062-a466-7ea93dca4303,2026-04-25T16:56:36.935563-04:00,node-01,orders-api,502,True,anomalous,market_aware_v1,75.326,57.771,288.344,29.126,1.267,145.746,47.225,3.575
0c6b5690-bd63-4de4-9535-e117be81482e,2026-04-25T16:56:36.935997-04:00,node-01,checkout-api,503,True,anomalous,market_aware_v1,75.647,58.877,293.219,27.697,1.36,143.116,32.917,3.677
b2d2141a-a915-430b-b92e-60b51f8858a0,2026-04-25T16:56:36.936417-04:00,node-01,payments-api,429,True,anomalous,market_aware_v1,66.445,59.037,314.85,24.24,1.301,149.259,18.425,3.787
4643afa8-7ab4-42a7-aff1-ce8f74b10ba1,2026-04-25T16:56:36.936862-04:00,node-01,orders-api,500,True,anomalous,market_aware_v1,76.701,53.151,282.638,29.617,1.241,145.335,58.906,3.631
d756e665-c2eb-4c04-a6bb-e6d32ca80188,2026-04-25T16:56:36.937337-04:00,node-01,checkout-api,503,True,anomalous,market_aware_v1,76.872,60.451,328.228,28.184,1.582,157.522,33.039,4.485
8ced7ac9-2dcb-42bb-b87a-246471d218a1,2026-04-25T16:56:36.937847-04:00,node-01,payments-api,502,True,anomalous,market_aware_v1,65.911,59.036,303.937,25.94,1.343,143.998,18.22,3.715
5bcb502f-77ae-45b5-a605-233f7b414410,2026-04-25T16:56:36.938352-04:00,node-01,orders-api,429,True,anomalous,market_aware_v1,74.123,54.957,293.151,30.847,1.327,148.068,51.728,3.758
ea61f1c4-e145-4c04-b2e3-11bca53aaa4f,2026-04-25T16:56:36.938858-04:00,node-01,checkout-api,500,True,anomalous,market_aware_v1,72.988,57.819,295.067,29.148,1.424,144.182,33.934,3.9
93001197-c751-4688-8b5c-222722374f9c,2026-04-25T16:56:36.939341-04:00,node-01,payments-api,502,True,anomalous,market_aware_v1,72.716,59.425,311.89,27.067,1.444,149.969,19.941,3.978
891e32b4-fb45-40c7-9312-9b4b667dc331,2026-04-25T16:56:36.939840-04:00,node-01,orders-api,502,True,anomalous,market_aware_v1,78.17,57.08,294.643,31.805,1.58,144.44,49.308,3.963
794f0799-9353-41ed-8ce1-65d50d71b6a5,2026-04-25T16:56:36.940324-04:00,node-01,checkout-api,503,True,anomalous,market_aware_v1,74.709,59.168,314.636,28.9,1.585,155.993,27.791,4.179
b9546837-829d-4735-b3c1-897fcec7131e,2026-04-25T16:56:36.940823-04:00,node-01,payments-api,502,True,anomalous,market_aware_v1,74.433,60.469,309.707,27.807,1.402,148.085,18.012,3.956
62143371-8b57-4b1c-858b-dce67eb836d3,2026-04-25T16:56:36.941358-04:00,node-01,orders-api,429,True,anomalous,market_aware_v1,78.21,57.005,292.058,30.564,1.361,153.545,53.629,3.904
3d37d66c-85dc-4245-a1b7-e05ae21d5d12,2026-04-25T16:56:36.941916-04:00,node-01,checkout-api,500,True,anomalous,market_aware_v1,76.535,59.27,297.388,26.694,1.393,141.968,34.546,3.701
bc551f77-5a92-4e94-822d-051c4a3eaa63,2026-04-25T16:56:36.942438-04:00,node-01,payments-api,503,True,anomalous,market_aware_v1,70.916,63.127,311.979,25.72,1.452,148.066,21.275,4.031
19804469-8a11-4160-af02-0f39527256aa,2026-04-25T16:56:36.942988-04:00,node-01,orders-api,502,True,anomalous,market_aware_v1,84.024,59.904,296.889,31.6,1.534,143.871,56.991,4.049
050c8ad3-fd63-413b-956d-b43e7abbbb86,2026-04-25T16:56:36.943657-04:00,node-01,checkout-api,503,True,anomalous,market_aware_v1,78.544,60.852,305.794,29.328,1.356,150.521,34.94,3.872
0df11410-e955-47cd-b053-354067b82f7e,2026-04-25T16:56:36.944145-04:00,node-01,payments-api,500,True,anomalous,market_aware_v1,71.026,63.929,320.403,28.33,1.573,154.932,24.461,4.243
40b1a876-f5b7-4d8c-8bee-f9d3230a792c,2026-04-25T16:56:36.944672-04:00,node-01,orders-api,429,True,anomalous,market_aware_v1,80.118,61.78,288.578,32.839,1.434,153.733,55.207,3.857
6f700a86-7aea-4307-90b5-acd4c99582e8,2026-04-25T16:56:36.945179-04:00,node-01,checkout-api,500,True,anomalous,market_aware_v1,80.637,65.595,310.958,31.65,1.782,151.704,34.062,4.288
78aaaab4-1cdf-45e2-8324-82a0fc9790e8,2026-04-25T16:56:36.945660-04:00,node-01,payments-api,500,True,anomalous,market_aware_v1,75.289,63.302,316.901,29.021,1.446,153.107,25.23,4.088
a1044d52-0c40-4dac-a461-55ad1e74f29a,2026-04-25T16:56:36.946120-04:00,node-01,orders-api,502,True,anomalous,market_aware_v1,84.206,64.19,298.891,35.016,1.668,148.146,59.758,4.124
52e97a2a-7ac2-4a02-a708-8d11f3914c17,2026-04-25T16:56:36.946514-04:00,node-01,checkout-api,500,True,anomalous,market_aware_v1,81.382,61.196,302.405,30.898,1.389,149.983,42.578,3.967
a04f7719-46a4-4809-bf50-8c9c15c10b20,2026-04-25T16:56:36.946965-04:00,node-01,payments-api,500,True,anomalous,market_aware_v1,77.477,66.886,314.209,27.4,1.333,150.581,27.835,3.812
31fdada0-9d4f-47e9-b044-c0eebb014903,2026-04-25T16:56:36.947418-04:00,node-01,orders-api,502,True,anomalous,market_aware_v1,85.369,59.599,287.877,30.959,1.232,144.578,65.607,3.454
19b684cf-7cf8-434a-aed0-640f37885a39,2026-04-25T16:56:36.947876-04:00,node-01,checkout-api,503,True,anomalous,market_aware_v1,77.007,63.073,304.996,29.669,1.451,145.528,46.194,3.822
bed91869-d1af-409a-b474-1b7f079ed169,2026-04-25T16:56:36.948329-04:00,node-01,payments-api,500,True,anomalous,market_aware_v1,77.405,64.291,317.478,25.778,1.446,152.568,29.689,3.97
ae385ece-bdb9-4785-9f4b-3d6b111700a2,2026-04-25T16:56:36.948805-04:00,node-01,orders-api,503,True,anomalous,market_aware_v1,81.344,60.154,298.202,32.403,1.323,145.634,58.739,3.71
6eec206b-4cce-4742-bc10-3523514497cc,2026-04-25T16:56:36.949455-04:00,node-01,checkout-api,503,True,anomalous,market_aware_v1,78.502,62.849,305.987,29.987,1.482,155.412,39.539,4.062
b4b939cc-eeeb-48c7-97db-64a7159d2b9c,2026-04-25T16:56:36.949987-04:00,node-01,payments-api,429,True,anomalous,market_aware_v1,73.118,61.867,335.497,25.505,1.571,166.063,17.955,4.506
07c4de82-39d7-4b17-82f1-984aeaf2fe45,2026-04-25T16:56:36.950484-04:00,node-01,orders-api,429,True,anomalous,market_aware_v1,79.241,56.657,287.728,29.357,1.276,147.197,61.542,3.556
23b0d8dc-2c08-4e51-8571-de9207208fdc,2026-04-25T16:56:36.950990-04:00,node-01,checkout-api,500,True,anomalous,market_aware_v1,80.216,58.265,298.926,28.126,1.485,151.319,34.947,4.082
71ebdbad-4e62-4a93-9629-c392da764d85,2026-04-25T16:56:36.951728-04:00,node-01,payments-api,503,True,anomalous,market_aware_v1,73.779,62.582,326.83,27.165,1.47,154.374,21.042,4.066
da4fe44a-1630-47b6-a5f4-90556f13230d,2026-04-25T16:56:36.952400-04:00,node-01,orders-api,503,True,anomalous,market_aware_v1,78.567,55.626,293.686,30.921,1.231,148.3,58.781,3.627
5695b3d5-65e9-44c0-9eae-28b1745e36a8,2026-04-25T16:56:36.952919-04:00,node-01,checkout-api,503,True,anomalous,market_aware_v1,75.382,61.189,313.856,28.883,1.551,152.291,25.288,4.125
41c082a6-be2e-4d39-afc6-9da9acf3a1bc,2026-04-25T16:56:36.953409-04:00,node-01,payments-api,429,True,anomalous,market_aware_v1,72.296,60.877,318.646,26.042,1.397,149.577,19.238,3.929
537c1e15-ec95-4842-bede-115890e8ec00,2026-04-25T16:56:36.953860-04:00,node-01,orders-api,500,True,anomalous,market_aware_v1,76.497,54.103,290.438,28.414,1.236,152.965,59.353,3.665
e54b0174-3622-483c-8e60-1de1b919e2b1,2026-04-25T16:56:36.954374-04:00,node-01,checkout-api,429,True,anomalous,market_aware_v1,70.266,57.835,285.08,28.238,1.426,140.294,36.544,3.678
5a2cff20-56d5-4e1c-bd53-42b5754d90a2,2026-04-25T16:56:36.954866-04:00,node-01,payments-api,503,True,anomalous,market_aware_v1,67.243,57.931,298.687,27.659,1.368,144.412,15.589,3.781
0c8d10ee-03cd-4b27-923b-5abb8a97edb8,2026-04-25T16:56:36.955384-04:00,node-01,orders-api,500,True,anomalous,market_aware_v1,74.56,55.648,296.109,30.07,1.22,151.906,47.9,3.764
4ea59302-cdbc-477f-ba15-7e1d68eab664,2026-04-25T16:56:36.955829-04:00,node-01,checkout-api,429,True,anomalous,market_aware_v1,76.118,56.016,302.312,27.379,1.434,146.681,30.273,3.851
4daf7135-d9aa-4eeb-9ce1-c0c7f9459caf,2026-04-25T16:56:36.956321-04:00,node-01,payments-api,503,True,anomalous,market_aware_v1,71.021,59.488,315.58,26.984,1.424,150.703,8.93,3.928
ce348f1d-f17a-4aa2-842f-96f043092dd1,2026-04-25T16:56:36.956787-04:00,node-01,orders-api,502,True,anomalous,market_aware_v1,72.099,53.834,285.412,28.741,1.178,141.442,50.371,3.48
8ca1d12d-a5b0-4a34-a6dc-e24d9e6caf9c,2026-04-25T16:56:36.957240-04:00,node-01,checkout-api,429,True,anomalous,market_aware_v1,72.153,57.301,295.02,26.351,1.383,146.246,29.53,3.843
ada63eff-61e4-4f7b-b28f-c991d82eb471,2026-04-25T16:56:36.957683-04:00,node-01,payments-api,503,True,anomalous,market_aware_v1,69.745,62.043,306.434,23.749,1.373,146.765,14.715,3.82
cef6242a-a034-426a-8871-02d3808333aa,2026-04-25T16:56:36.958141-04:00,node-01,orders-api,429,True,anomalous,market_aware_v1,74.098,52.172,287.626,28.805,1.319,144.008,47.745,3.695
93e7ac43-0c0d-4d69-9c31-409f6c6b3d72,2026-04-25T16:56:36.958631-04:00,node-01,checkout-api,429,True,anomalous,market_aware_v1,72.891,55.43,298.632,25.343,1.402,145.704,30.953,3.718
3066d938-5976-4a42-965c-10c917578122,2026-04-25T16:56:36.959099-04:00,node-01,payments-api,500,True,anomalous,market_aware_v1,72.964,61.112,341.793,25.632,1.783,162.698,2.511,4.602
74124440-23f1-4499-b07b-1bc6ebd10615,2026-04-25T16:56:36.960255-04:00,node-01,orders-api,502,True,anomalous,market_aware_v1,74.595,53.338,289.522,29.83,1.291,148.202,50.442,3.61
03f13919-3539-41b8-8668-66a5650c9e26,2026-04-25T16:56:36.960753-04:00,node-01,checkout-api,503,True,anomalous,market_aware_v1,74.094,56.395,296.42,26.931,1.535,149.504,23.273,3.913
5255bf31-a6c8-4445-be50-3201a1cb5dcc,2026-04-25T16:56:36.961225-04:00,node-01,payments-api,429,True,anomalous,market_aware_v1,68.876,56.614,305.667,24.418,1.302,147.968,17.366,3.787
908675c1-b7a0-42b8-946c-e0b8161f045e,2026-04-25T16:56:36.961823-04:00,node-01,orders-api,429,True,anomalous,market_aware_v1,80.068,56.332,312.296,32.104,1.742,159.185,40.349,4.561
6b4adf1e-365f-442c-bd4a-61f620c22fba,2026-04-25T16:56:36.962273-04:00,node-01,checkout-api,500,True,anomalous,market_aware_v1,73.447,62.492,302.21,26.917,1.45,147.545,30.772,3.883
0030ad2a-09bc-46b9-8ed8-4fca79d7cbf4,2026-04-25T16:56:36.962777-04:00,node-01,payments-api,503,True,anomalous,market_aware_v1,71.538,61.239,315.002,25.147,1.361,150.579,17.001,3.848
eac28c8b-a9be-4738-b487-1a6fcd75e574,2026-04-25T16:56:36.963277-04:00,node-01,orders-api,429,True,anomalous,market_aware_v1,77.516,55.582,300.903,30.99,1.347,153.211,48.798,3.853
7a211212-a12f-449d-b75c-523dd57f2e96,2026-04-25T16:56:36.963772-04:00,node-01,checkout-api,429,True,anomalous,market_aware_v1,75.164,61.806,303.245,27.92,1.45,148.425,35.441,3.873
744e86eb-fdfa-4394-8314-dd703727d899,2026-04-25T16:56:36.964250-04:00,node-01,payments-api,503,True,anomalous,market_aware_v1,77.586,64.648,338.32,28.218,1.699,157.125,10.639,4.377
c8e76c52-e4f0-4eb3-aaba-07f5a501a915,2026-04-25T16:56:36.964739-04:00,node-01,orders-api,500,True,anomalous,market_aware_v1,79.198,58.92,299.731,31.844,1.442,153.414,58.407,3.967
f5754c0d-9bf1-4d1d-b891-d161f47a8776,2026-04-25T16:56:36.965184-04:00,node-01,checkout-api,429,True,anomalous,market_aware_v1,74.84,57.947,301.19,27.87,1.377,146.397,34.856,3.943
c85f67d3-717d-4b51-b480-6210b860a3fb,2026-04-25T16:56:36.965637-04:00,node-01,payments-api,429,True,anomalous,market_aware_v1,73.689,64.743,311.462,26.73,1.374,146.86,21.58,3.788
b26fc243-0198-432c-b122-f149993f8276,2026-04-25T16:56:36.966149-04:00,node-01,orders-api,503,True,anomalous,market_aware_v1,79.574,61.464,289.918,34.568,1.305,147.645,57.722,3.653
afd5e4c0-b156-4950-b0db-df3aff370a09,2026-04-25T16:56:36.966644-04:00,node-01,checkout-api,503,True,anomalous,market_aware_v1,77.815,60.773,303.675,28.563,1.421,146.891,35.217,3.867
e84b0b4a-e772-4411-8f5b-782a62d561bd,2026-04-25T16:56:36.967055-04:00,node-01,payments-api,502,True,anomalous,market_aware_v1,68.023,63.922,316.665,28.115,1.354,148.413,26.288,3.938
cdfb612c-37ba-474c-9990-a31aa29c2810,2026-04-25T16:56:36.967480-04:00,node-01,orders-api,429,True,anomalous,market_aware_v1,84.512,57.133,320.553,31.475,1.538,164.891,55.565,4.343
8ae37584-785a-416e-a7bf-deefd008d5fd,2026-04-25T16:56:36.967901-04:00,node-01,checkout-api,502,True,anomalous,market_aware_v1,79.564,64.02,313.325,30.216,1.51,153.733,33.697,4.083
6418428c-2c39-4fca-9e06-c356d0f75b68,2026-04-25T16:56:36.968329-04:00,node-01,payments-api,502,True,anomalous,market_aware_v1,80.665,62.392,340.602,27.937,1.652,164.977,19.857,4.683
e53b255d-8ad7-42e4-ae9b-f0f28bd4c2f0,2026-04-25T16:56:36.968750-04:00,node-01,orders-api,503,True,anomalous,market_aware_v1,81.126,56.981,297.15,32.245,1.35,158.303,56.134,3.992
7c0bbe52-4be4-4752-bc83-2c7ded3c0fb1,2026-04-25T16:56:36.969164-04:00,node-01,checkout-api,429,True,anomalous,market_aware_v1,75.919,62.915,290.72,27.862,1.335,139.662,44.343,3.603
29706664-6d76-47e8-9f4c-bce77ac867d8,2026-04-25T16:56:36.969587-04:00,node-01,payments-api,503,True,anomalous,market_aware_v1,75.873,67.96,323.868,26.143,1.494,155.991,18.912,4.233
15fa2779-1484-4690-aa49-4ba1eae91dea,2026-04-25T16:56:36.969996-04:00,node-01,orders-api,502,True,anomalous,market_aware_v1,81.761,58.035,306.25,33.183,1.512,158.87,56.409,4.309
88d8b334-94ee-4478-a66c-425acfdb1811,2026-04-25T16:56:36.970413-04:00,node-01,checkout-api,500,True,anomalous,market_aware_v1,75.785,60.6,309.477,28.695,1.404,149.431,33.201,3.979
43a951fe-c613-4849-a517-3a44d2cbed66,2026-04-25T16:56:36.970867-04:00,node-01,payments-api,502,True,anomalous,market_aware_v1,73.693,59.513,310.487,29.009,1.368,143.226,23.048,3.793
e613f6f7-226b-4512-a978-563f458846f2,2026-04-25T16:56:36.971296-04:00,node-01,orders-api,503,True,anomalous,market_aware_v1,77.711,55.022,289.155,30.653,1.35,148.039,59.623,3.956
f958b00b-ef4f-444d-b497-63be40cd1adb,2026-04-25T16:56:36.971739-04:00,node-01,checkout-api,429,True,anomalous,market_aware_v1,72.826,58.246,317.985,29.418,1.447,155.465,35.576,4.097
860d687d-4113-474a-9171-f3dba45f6e05,2026-04-25T16:56:36.972187-04:00,node-01,payments-api,500,True,anomalous,market_aware_v1,71.74,59.019,315.231,24.921,1.546,157.702,15.715,4.254
8500ef15-4e3e-4820-8d58-785fa9616cb7,2026-04-25T16:56:36.972697-04:00,node-01,orders-api,503,True,anomalous,market_aware_v1,73.757,53.251,273.651,29.497,1.165,137.744,58.58,3.433
13e0fa8a-aff5-4452-84bd-c985029913f7,2026-04-25T16:56:36.973175-04:00,node-01,checkout-api,503,True,anomalous,market_aware_v1,75.795,57.255,309.504,29.688,1.444,149.498,29.668,3.897
66860d85-ef68-4d7a-8018-35752af34730,2026-04-25T16:56:36.973668-04:00,node-01,payments-api,429,True,anomalous,market_aware_v1,67.029,63.431,312.678,24.327,1.445,151.013,17.123,3.934
98dbbbed-ea3b-45a7-bbfa-a1409af6a54c,2026-04-25T16:56:36.974153-04:00,node-01,orders-api,429,True,anomalous,market_aware_v1,74.659,55.751,288.175,31.045,1.3,146.948,55.608,3.773
9b3cb661-d941-4cc2-a607-817e58aa7f00,2026-04-25T16:56:36.974647-04:00,node-01,checkout-api,502,True,anomalous,market_aware_v1,76.5,61.445,322.652,30.4,1.839,152.984,21.65,4.624
e401cc63-1082-4cbb-80cb-68b46a6426af,2026-04-25T16:56:36.975120-04:00,node-01,payments-api,502,True,anomalous,market_aware_v1,69.373,56.969,323.938,23.997,1.471,155.301,15.523,4.006
1fe80ee8-7e8e-409c-95d4-d96c5c22f31e,2026-04-25T16:56:36.975582-04:00,node-01,orders-api,429,True,anomalous,market_aware_v1,74.866,57.062,302.106,31.684,1.716,150.018,47.515,4.248
b2f711c7-e837-40e9-b6cc-81ab54063045,2026-04-25T16:56:36.976039-04:00,node-01,checkout-api,500,True,anomalous,market_aware_v1,72.106,56.996,300.611,30.023,1.473,148.466,28.188,4.054
e4417acd-b335-43d8-bddc-6bbaaaa0176b,2026-04-25T16:56:36.976517-04:00,node-01,payments-api,503,True,anomalous,market_aware_v1,70.983,62.432,328.2,24.53,1.798,158.342,7.863,4.538
e4101abc-1881-4560-8965-69d5c039ccc5,2026-04-25T16:56:36.976973-04:00,node-01,orders-api,429,True,anomalous,market_aware_v1,81.676,53.793,311.43,30.207,1.347,154.045,51.512,3.717
a52fc48a-61e2-45af-9f5f-2d4824806d9f,2026-04-25T16:56:36.977419-04:00,node-01,checkout-api,503,True,anomalous,market_aware_v1,76.708,61.023,308.634,28.81,1.425,145.279,32.258,3.783
95da074c-fcb9-4f6e-9ddd-fe113be62253,2026-04-25T16:56:36.977970-04:00,node-01,payments-api,429,True,anomalous,market_aware_v1,72.8,59.602,319.339,26.197,1.466,158.314,16.758,4.186
61aa9dcf-fb36-49f5-bb66-986f4d91e15e,2026-04-25T16:56:36.979204-04:00,node-01,orders-api,502,True,anomalous,market_aware_v1,70.222,57.437,278.336,32.15,1.219,145.346,55.786,3.537
a7af094a-3222-4070-8f37-99ac2de50419,2026-04-25T16:56:36.979653-04:00,node-01,checkout-api,429,True,anomalous,market_aware_v1,78.403,59.694,304.547,28.947,1.52,151.936,35.365,4.062
a4d655a3-a887-4017-9cf1-12464a080f9f,2026-04-25T16:56:36.980070-04:00,node-01,payments-api,429,True,anomalous,market_aware_v1,68.531,60.423,315.075,25.366,1.427,153.015,21.559,4.008
ba5adeff-9b01-489c-910c-fd52589757ea,2026-04-25T16:56:36.980573-04:00,node-01,orders-api,500,True,anomalous,market_aware_v1,81.619,58.165,295.074,31.387,1.37,149.475,55.32,3.838
dc61146d-2c7f-4f2c-aadb-d5b15be161c6,2026-04-25T16:56:36.981089-04:00,node-01,checkout-api,500,True,anomalous,market_aware_v1,78.159,60.474,309.846,28.645,1.479,147.923,36.612,3.874
a0153177-6301-43b2-82f0-e0f7e0f8b317,2026-04-25T16:56:36.981537-04:00,node-01,payments-api,502,True,anomalous,market_aware_v1,76.517,60.447,315.418,27.915,1.431,151.248,18.634,3.931
1a3f22ee-da3c-4ed1-8605-f156687034ef,2026-04-25T16:56:36.981960-04:00,node-01,orders-api,502,True,anomalous,market_aware_v1,79.324,58.809,289.62,33.143,1.283,146.603,63.788,3.639
376b8486-b12c-4498-bba8-361a51b1686f,2026-04-25T16:56:36.982380-04:00,node-01,checkout-api,429,True,anomalous,market_aware_v1,83.337,63.657,333.056,32.975,1.887,154.071,35.215,4.572
192508e2-aede-437e-9795-68270f678cb6,2026-04-25T16:56:36.982824-04:00,node-01,payments-api,429,True,anomalous,market_aware_v1,78.682,63.465,326.807,27.061,1.418,159.989,24.892,4.056
2920fd5a-df66-4627-a0a2-6ec23b013536,2026-04-25T16:56:36.983303-04:00,node-01,orders-api,502,True,anomalous,market_aware_v1,86.915,62.585,303.285,34.131,1.405,155.019,58.307,3.888
d87d9b60-5399-430b-8688-c71dd24e135d,2026-04-25T16:56:36.983787-04:00,node-01,checkout-api,502,True,anomalous,market_aware_v1,79.383,60.493,313.754,30.468,1.435,149.61,41.153,3.89
65e014dd-ee18-4a2f-a4b9-99965d43aba3,2026-04-25T16:56:36.984371-04:00,node-01,payments-api,503,True,anomalous,market_aware_v1,81.618,64.687,321.346,29.649,1.43,155.876,27.9,4.114
b80e8ae7-210c-4bef-b824-c4d685a2042d,2026-04-25T16:56:36.984857-04:00,node-01,orders-api,500,True,anomalous,market_aware_v1,82.699,56.877,293.841,30.773,1.271,151.398,66.085,3.631
a9436f3a-e1a7-4af1-9819-ac8971fc1dd7,2026-04-25T16:56:36.985346-04:00,node-01,checkout-api,429,True,anomalous,market_aware_v1,79.84,60.971,312.013,29.914,1.367,149.247,41.119,3.867
9d45703f-3078-4a80-9f47-65a27f66af4c,2026-04-25T16:56:36.985845-04:00,node-01,payments-api,502,True,anomalous,market_aware_v1,79.353,63.643,318.005,28.057,1.426,158.393,26.429,4.014
6820650b-b332-4b57-86dc-9f3e18b1214b,2026-04-25T16:56:36.986327-04:00,node-01,orders-api,503,True,anomalous,market_aware_v1,86.476,59.431,295.085,33.115,1.264,146.235,58.297,3.662
606a87c2-b80a-4b28-842f-b57e344a7967,2026-04-25T16:56:36.986826-04:00,node-01,checkout-api,503,True,anomalous,market_aware_v1,80.88,62.759,317.719,30.991,1.574,156.739,38.415,4.099
fb3b405a-5a54-4ef5-a96a-e9435e1dc10c,2026-04-25T16:56:36.987319-04:00,node-01,payments-api,502,True,anomalous,market_aware_v1,77.827,65.03,331.253,28.612,1.55,161.854,18.525,4.301
06a25ad4-2ac4-421a-ad2d-f1dd37cea851,2026-04-25T16:56:36.987796-04:00,node-01,orders-api,503,True,anomalous,market_aware_v1,74.71,62.572,283.238,33.123,1.293,148.675,61.652,3.57
0d53b882-580c-42ff-94af-2a359af85a80,2026-04-25T16:56:36.988287-04:00,node-01,checkout-api,500,True,anomalous,market_aware_v1,81.39,60.739,309.257,32.732,1.484,153.438,39.4,4.005
8ecce606-336c-41fc-8049-9249a5de093f,2026-04-25T16:56:36.988776-04:00,node-01,payments-api,502,True,anomalous,market_aware_v1,72.457,63.309,310.023,26.54,1.434,150.932,19.39,4.014
a590c5a1-6945-463b-bcde-7786bbedc172,2026-04-25T16:56:36.989249-04:00,node-01,orders-api,500,True,anomalous,market_aware_v1,81.844,57.022,313.549,32.381,1.288,154.832,53.449,3.676
5b8c3880-47fb-48d0-9c96-4a580c5c1cef,2026-04-25T16:56:36.989754-04:00,node-01,checkout-api,502,True,anomalous,market_aware_v1,73.725,61.43,288.508,29.192,1.35,147.002,34.499,3.783
1feb1461-d953-4479-b7d9-46bdd38b3316,2026-04-25T16:56:36.990242-04:00,node-01,payments-api,500,True,anomalous,market_aware_v1,74.485,58.894,319.873,26.99,1.367,153.126,17.211,3.971
621495a6-218a-43d7-869d-ae6c4510b14f,2026-04-25T16:56:36.990718-04:00,node-01,orders-api,429,True,anomalous,market_aware_v1,74.647,55.317,291.762,31.803,1.268,147.793,55.634,3.591
ad778c5d-8c17-4df3-88d0-fae0ce36a0e2,2026-04-25T16:56:36.991235-04:00,node-01,checkout-api,500,True,anomalous,market_aware_v1,74.536,59.444,305.027,30.234,1.52,154.628,20.606,4.12
6291945a-51ea-4cbc-aabe-4e7cbcb2fbcc,2026-04-25T16:56:36.991697-04:00,node-01,payments-api,503,True,anomalous,market_aware_v1,70.558,55.421,322.972,24.572,1.482,156.738,10.37,4.09
59978f07-fcbd-4575-b301-660e0eb67890,2026-04-25T16:56:36.992216-04:00,node-01,orders-api,500,True,anomalous,market_aware_v1,74.231,57.018,288.19,29.882,1.175,140.927,48.79,3.355
d13499a6-4ebe-418e-88cb-64c64e6a0ad0,2026-04-25T16:56:36.992782-04:00,node-01,checkout-api,503,True,anomalous,market_aware_v1,72.421,57.36,288.649,27.027,1.485,141.567,27.192,3.77
a8e5b3cc-d6c1-4cef-a759-8aa38610c3ae,2026-04-25T16:56:36.993325-04:00,node-01,payments-api,502,True,anomalous,market_aware_v1,71.373,58.349,318.768,23.948,1.576,157.054,14.033,4.515
e5cb52a2-b58d-4881-8776-11ae608b40b4,2026-04-25T16:56:36.993916-04:00,node-01,orders-api,502,True,anomalous,market_aware_v1,74.349,54.249,289.273,30.245,1.264,144.861,49.761,3.603
8083f56d-1ac0-4255-9ddf-b247704107e0,2026-04-25T16:56:36.994397-04:00,node-01,checkout-api,503,True,anomalous,market_aware_v1,72.625,56.728,335.378,30.409,1.803,163.673,22.175,4.824
e846ef90-c8b0-4c32-a904-689fdf75d34b,2026-04-25T16:56:36.994884-04:00,node-01,payments-api,429,True,anomalous,market_aware_v1,66.973,60.718,315.826,21.624,1.326,147.915,14.07,3.694
f288331f-e7ed-4462-9439-a8cb48cd247d,2026-04-25T16:56:36.995379-04:00,node-01,orders-api,500,True,anomalous,market_aware_v1,76.271,54.723,300.137,28.165,1.349,148.997,47.46,3.716
ad750cef-ceab-46bf-b87f-4c906816fa2d,2026-04-25T16:56:36.995930-04:00,node-01,checkout-api,503,True,anomalous,market_aware_v1,70.357,55.251,302.371,29.573,1.334,140.874,31.358,3.716
12dff13d-9143-4a36-8892-2367e6e0d9ee,2026-04-25T16:56:36.996477-04:00,node-01,payments-api,500,True,anomalous,market_aware_v1,66.62,58.131,335.623,24.725,1.495,155.793,13.151,4.171
de40b876-2dce-40e2-932a-99677e5352f5,2026-04-25T16:56:36.996993-04:00,node-01,orders-api,503,True,anomalous,market_aware_v1,73.347,51.981,281.524,29.006,1.188,141.493,48.787,3.409
1b2e5001-346a-4759-983c-bf99012b0aa1,2026-04-25T16:56:36.997512-04:00,node-01,checkout-api,503,True,anomalous,market_aware_v1,70.772,56.983,296.921,25.948,1.422,147.537,26.426,4.0
b8717ac1-8b6f-4770-867d-4af341e3c5c4,2026-04-25T16:56:36.998019-04:00,node-01,payments-api,503,True,anomalous,market_aware_v1,71.894,59.256,315.343,24.479,1.422,150.601,21.175,3.855
4803ba1c-b6f1-4e72-af49-01c64475f80e,2026-04-25T16:56:36.998521-04:00,node-01,orders-api,503,True,anomalous,market_aware_v1,74.567,55.234,285.881,29.901,1.219,145.959,50.442,3.616
ad909420-4d5b-4973-8dfd-8bb19f2afaa1,2026-04-25T16:56:36.999033-04:00,node-01,checkout-api,429,True,anomalous,market_aware_v1,75.332,56.249,299.448,26.977,1.464,141.841,37.101,3.871
7b409085-ee40-40c9-89bb-4f422c8d8925,2026-04-25T16:56:36.999519-04:00,node-01,payments-api,502,True,anomalous,market_aware_v1,71.094,59.557,318.658,26.553,1.418,153.355,20.693,4.066
fa90f4c8-b763-4eef-98ea-d2d00f469aab,2026-04-25T16:56:36.999961-04:00,node-01,orders-api,503,True,anomalous,market_aware_v1,75.045,54.288,304.938,31.828,1.292,152.285,50.029,3.771
310cab15-b5e5-4f1c-be06-daf3e064eda3,2026-04-25T16:56:37.000512-04:00,node-01,checkout-api,429,True,anomalous,market_aware_v1,79.03,60.05,316.481,29.944,1.454,152.161,29.772,4.092
f9546be4-00be-4bb6-a25e-d7a36e12aee5,2026-04-25T16:56:37.001041-04:00,node-01,payments-api,503,True,anomalous,market_aware_v1,71.004,65.2,309.984,25.856,1.423,150.349,18.846,3.998
265fc159-264d-47fc-8b9b-17761ce34e52,2026-04-25T16:56:37.001562-04:00,node-01,orders-api,429,True,anomalous,market_aware_v1,77.283,57.837,288.803,29.741,1.28,142.953,55.467,3.59
e4fe0cf5-efc5-4fa3-ab56-c7576442cb8b,2026-04-25T16:56:37.002059-04:00,node-01,checkout-api,429,True,anomalous,market_aware_v1,81.568,62.314,330.597,31.816,1.819,158.808,27.721,4.71
1d883b6e-25f9-433d-95f3-f2cbef0b5f05,2026-04-25T16:56:37.002563-04:00,node-01,payments-api,502,True,anomalous,market_aware_v1,74.149,65.692,322.759,24.815,1.467,153.004,20.055,4.053
5992c97c-d837-49dc-8791-ac1ce71fd86c,2026-04-25T16:56:37.003052-04:00,node-01,orders-api,500,True,anomalous,market_aware_v1,80.697,56.647,292.837,33.397,1.33,151.687,56.122,3.785
7c1800fd-d776-444f-8653-333981561204,2026-04-25T16:56:37.003571-04:00,node-01,checkout-api,429,True,anomalous,market_aware_v1,77.062,62.677,312.305,31.878,1.484,146.536,41.722,3.794
a000b45a-8017-4a23-a7dc-e74321a2dc03,2026-04-25T16:56:37.004246-04:00,node-01,payments-api,503,True,anomalous,market_aware_v1,74.758,66.219,320.362,26.699,1.417,147.11,31.86,3.784
59a1c282-01a2-4b25-89bc-9cb791d76908,2026-04-25T16:56:37.004752-04:00,node-01,orders-api,500,True,anomalous,market_aware_v1,80.286,57.158,297.804,30.839,1.399,157.403,63.298,3.981
dab7dd69-5574-4850-9233-b8519f8a0f14,2026-04-25T16:56:37.005258-04:00,node-01,checkout-api,502,True,anomalous,market_aware_v1,82.96,60.995,312.762,30.31,1.376,147.223,34.551,3.679
64fd2607-81aa-456f-aee1-4435eabc9b65,2026-04-25T16:56:37.005708-04:00,node-01,payments-api,429,True,anomalous,market_aware_v1,78.133,64.516,315.798,25.481,1.391,153.022,22.763,4.031
1d6f7f37-1b44-4893-90ee-507d4fff99e5,2026-04-25T16:56:37.006159-04:00,node-01,orders-api,503,True,anomalous,market_aware_v1,79.362,57.914,289.117,31.847,1.264,144.692,64.801,3.526
219516f6-d5ab-40ae-9d22-cb1071345384,2026-04-25T16:56:37.006727-04:00,node-01,checkout-api,502,True,anomalous,market_aware_v1,77.842,60.253,296.98,30.3,1.433,148.014,43.686,3.814
7ecdf6cd-93f0-419c-b907-d5fcc6eb8b90,2026-04-25T16:56:37.007224-04:00,node-01,payments-api,503,True,anomalous,market_aware_v1,72.983,66.457,331.504,25.614,1.773,154.076,11.322,4.54
44fe018a-447e-46f6-b6f4-fb13ef1df8c0,2026-04-25T16:56:37.007720-04:00,node-01,orders-api,502,True,anomalous,market_aware_v1,81.083,59.349,313.703,30.884,1.526,157.955,57.992,4.374
8cc3bb55-5b27-416c-b920-0fcbb53e365f,2026-04-25T16:56:37.008205-04:00,node-01,checkout-api,502,True,anomalous,market_aware_v1,77.544,61.22,308.44,29.358,1.473,153.662,38.339,3.997
144a57f7-64bb-4989-bc4f-5839a43bead2,2026-04-25T16:56:37.008697-04:00,node-01,payments-api,502,True,anomalous,market_aware_v1,74.832,63.18,311.154,24.945,1.383,149.783,20.378,3.851
4db90ce4-f578-4aa9-a437-ea1721629b69,2026-04-25T16:56:37.009197-04:00,node-01,orders-api,502,True,anomalous,market_aware_v1,76.026,54.061,281.378,31.067,1.267,146.455,53.586,3.476
4aafd88f-2f2d-4995-8be4-011b62cb8b3c,2026-04-25T16:56:37.009727-04:00,node-01,checkout-api,429,True,anomalous,market_aware_v1,75.129,58.694,303.899,28.008,1.601,154.73,31.364,4.131
8b4bc0fd-bfaa-497e-9855-50afa8a51948,2026-04-25T16:56:37.010277-04:00,node-01,payments-api,429,True,anomalous,market_aware_v1,71.461,59.779,307.044,24.784,1.415,148.223,25.195,3.763
8c31a5a9-0f11-496a-b9b0-f7dd148f757e,2026-04-25T16:56:37.010788-04:00,node-01,orders-api,429,True,anomalous,market_aware_v1,77.661,60.508,274.778,29.449,1.257,142.337,51.561,3.52
1ef83e5f-40cc-496a-899e-e78388f5a7ec,2026-04-25T16:56:37.011289-04:00,node-01,checkout-api,429,True,anomalous,market_aware_v1,72.037,59.085,306.457,26.945,1.526,153.223,28.861,3.99
8bdfb3e0-b1e2-4b39-b1b8-0c477395fd86,2026-04-25T16:56:37.011789-04:00,node-01,payments-api,502,True,anomalous,market_aware_v1,72.847,62.684,322.211,25.417,1.39,156.03,18.738,4.058
ff1f9d6d-3d3d-4016-80dd-6f3cafc851c3,2026-04-25T16:56:37.012298-04:00,node-01,orders-api,503,True,anomalous,market_aware_v1,76.565,55.308,299.767,32.354,1.435,153.05,54.411,3.909
a828bbfd-8152-49a3-a5a7-ac9e3f21b01c,2026-04-25T16:56:37.012810-04:00,node-01,checkout-api,502,True,anomalous,market_aware_v1,75.562,58.253,299.437,29.207,1.274,142.128,31.194,3.577
d6621cdd-b069-4b58-ba43-d2462362b525,2026-04-25T16:56:37.013310-04:00,node-01,payments-api,500,True,anomalous,market_aware_v1,72.908,58.38,316.393,27.043,1.449,152.536,20.028,3.837
fa403842-8d6f-4cf1-acc7-3ef9b698f3ba,2026-04-25T16:56:37.013840-04:00,node-01,orders-api,500,True,anomalous,market_aware_v1,82.005,55.813,297.945,28.039,1.251,147.491,49.368,3.577
6e415ab0-ed5b-4929-a7a8-15239f9dcded,2026-04-25T16:56:37.014338-04:00,node-01,checkout-api,503,True,anomalous,market_aware_v1,74.393,58.555,303.784,26.669,1.471,150.418,34.18,3.941
f35e7be9-cf50-4c70-9b97-3852784786c7,2026-04-25T16:56:37.015002-04:00,node-01,payments-api,429,True,anomalous,market_aware_v1,70.333,59.732,318.944,26.73,1.296,152.147,15.08,3.753
273c7bf0-432c-4c28-a23c-f1627b8d8e11,2026-04-25T16:56:37.015511-04:00,node-01,orders-api,429,True,anomalous,market_aware_v1,80.071,57.313,305.927,30.686,1.348,159.798,49.279,3.876
befe9b03-d861-4833-90d4-70fba7f4f65e,2026-04-25T16:56:37.015991-04:00,node-01,checkout-api,503,True,anomalous,market_aware_v1,78.592,60.566,309.77,27.275,1.523,148.96,30.549,4.061
4b1251d8-f36b-467f-97ef-d918cf48e3a8,2026-04-25T16:56:37.016474-04:00,node-01,payments-api,503,True,anomalous,market_aware_v1,72.776,61.173,316.532,26.462,1.365,147.24,22.894,3.837
6f8f9014-4f0d-4577-81a9-0cbbf5206601,2026-04-25T16:56:37.016971-04:00,node-01,orders-api,503,True,anomalous,market_aware_v1,76.184,54.553,295.631,30.495,1.317,144.006,60.713,3.569
b00c47d6-b8c5-4cfb-9ab4-10caa0b7f1b3,2026-04-25T16:56:37.017405-04:00,node-01,checkout-api,503,True,anomalous,market_aware_v1,74.491,61.823,314.084,28.259,1.476,151.135,27.318,3.934
43216469-a042-4bdf-867c-ab2fa157a6a2,2026-04-25T16:56:37.017885-04:00,node-01,payments-api,500,True,anomalous,market_aware_v1,70.431,61.321,320.374,27.31,1.463,151.541,19.162,4.063
732ee36c-0cf0-42ed-975e-39a87ac17526,2026-04-25T16:56:37.018384-04:00,node-01,orders-api,503,True,anomalous,market_aware_v1,85.371,58.619,279.879,30.114,1.254,144.801,61.231,3.538
821bbd35-0593-4d99-a6c9-0bd4f5e8136c,2026-04-25T16:56:37.018889-04:00,node-01,checkout-api,502,True,anomalous,market_aware_v1,78.774,58.855,312.024,30.869,1.418,150.222,40.887,4.074
3fef799d-f2a9-40eb-ba45-5ed07e77ba7c,2026-04-25T16:56:37.019391-04:00,node-01,payments-api,503,True,anomalous,market_aware_v1,79.219,65.58,318.79,24.27,1.436,159.522,26.283,4.083
7896e256-044f-4d89-a698-c6fe15f4ae43,2026-04-25T16:56:37.019902-04:00,node-01,orders-api,429,True,anomalous,market_aware_v1,79.713,59.413,309.867,32.124,1.342,155.004,56.727,3.93
ce4c9bc1-db74-481f-9885-7ee0560326ae,2026-04-25T16:56:37.020395-04:00,node-01,checkout-api,503,True,anomalous,market_aware_v1,81.723,60.811,309.651,31.312,1.481,153.266,36.069,4.028
074b6c59-4748-4de8-936f-83080192c542,2026-04-25T16:56:37.020888-04:00,node-01,payments-api,500,True,anomalous,market_aware_v1,80.72,63.016,330.74,30.203,1.54,161.66,26.417,4.224
d8cd5982-73ea-4303-814e-5e034c1e84e7,2026-04-25T16:56:37.021413-04:00,node-01,orders-api,429,True,anomalous,market_aware_v1,83.501,62.742,315.095,31.866,1.644,159.283,57.079,4.388
60bc7b45-f827-4fd0-ba5b-fed7bb692400,2026-04-25T16:56:37.021925-04:00,node-01,checkout-api,429,True,anomalous,market_aware_v1,85.254,60.559,315.855,31.458,1.425,151.934,35.72,3.954
c6585d20-a639-4b84-9dce-a1e36fd4135e,2026-04-25T16:56:37.022421-04:00,node-01,payments-api,500,True,anomalous,market_aware_v1,81.51,61.686,334.943,27.59,1.463,158.634,23.502,4.127
c94b23c0-dc17-48e9-bb2b-73ffafd79e1f,2026-04-25T16:56:37.022938-04:00,node-01,orders-api,500,True,anomalous,market_aware_v1,81.595,55.989,303.946,32.474,1.301,155.451,60.95,3.86
15f224c9-77dc-4866-b185-584562b25362,2026-04-25T16:56:37.023417-04:00,node-01,checkout-api,500,True,anomalous,market_aware_v1,81.484,62.38,313.692,32.091,1.491,153.789,39.771,4.04
03174d2f-c89e-4201-911c-356359881748,2026-04-25T16:56:37.024190-04:00,node-01,payments-api,500,True,anomalous,market_aware_v1,75.952,64.89,323.066,26.946,1.472,153.768,26.311,3.886
d835ad58-bef9-4fce-b71c-5c6d5db8651b,2026-04-25T16:56:37.024700-04:00,node-01,orders-api,500,True,anomalous,market_aware_v1,85.623,61.09,308.315,31.792,1.338,151.171,60.155,3.867
1f641fe4-9439-4654-bcdb-9da438dea0f5,2026-04-25T16:56:37.025205-04:00,node-01,checkout-api,500,True,anomalous,market_aware_v1,79.269,64.408,327.156,31.819,1.551,162.366,31.655,4.354
e3f55279-2b25-4881-abd0-f6e6343bb98a,2026-04-25T16:56:37.025755-04:00,node-01,payments-api,500,True,anomalous,market_aware_v1,77.978,63.824,319.719,28.091,1.398,152.775,21.865,3.983
fb7512b1-7233-428c-a458-3b1339a3e964,2026-04-25T16:56:37.026258-04:00,node-01,orders-api,500,True,anomalous,market_aware_v1,87.607,60.189,317.656,34.997,1.707,160.54,44.955,4.383
a05670d4-a76a-487d-b2f3-c83f6ac83617,2026-04-25T16:56:37.026772-04:00,node-01,checkout-api,503,True,anomalous,market_aware_v1,82.326,65.178,318.453,31.06,1.523,153.296,34.307,4.056
4e9bebdb-d075-4751-a816-eca38647ac83,2026-04-25T16:56:37.027229-04:00,node-01,payments-api,500,True,anomalous,market_aware_v1,78.143,62.46,323.105,25.446,1.482,159.132,18.474,4.134
7fc9ad25-06b3-4f20-aa13-17bbfc0d3652,2026-04-25T16:56:37.027752-04:00,node-01,orders-api,429,True,anomalous,market_aware_v1,80.24,59.876,311.74,32.601,1.376,157.707,54.747,4.23
23342d2a-1bf2-43c6-a657-1a52decf1c6b,2026-04-25T16:56:37.028239-04:00,node-01,checkout-api,503,True,anomalous,market_aware_v1,81.218,58.417,318.707,28.444,1.576,154.422,30.919,4.155
2d1fa2a2-e7f7-4a7f-8822-0bb0e3f6bfc1,2026-04-25T16:56:37.028749-04:00,node-01,payments-api,503,True,anomalous,market_aware_v1,77.346,62.332,326.636,27.45,1.675,151.73,10.384,4.258
f84d49a2-5964-4541-9672-c9f4073c8416,2026-04-25T16:56:37.029230-04:00,node-01,orders-api,502,True,anomalous,market_aware_v1,75.603,55.238,302.14,30.857,1.457,155.895,49.89,4.065
fe74400b-ee93-41ec-923a-a9145d4ef7e8,2026-04-25T16:56:37.029687-04:00,node-01,checkout-api,500,True,anomalous,market_aware_v1,75.394,57.387,315.071,28.524,1.553,153.644,25.307,4.012
cf1bc2a3-9979-4c6d-8b7c-9b1a26e98e30,2026-04-25T16:56:37.030106-04:00,node-01,payments-api,503,True,anomalous,market_aware_v1,71.989,57.783,326.385,25.478,1.474,153.522,17.686,4.004
12f42cc7-2408-43a1-9c7f-c9754c073404,2026-04-25T16:56:37.030535-04:00,node-01,orders-api,429,True,anomalous,market_aware_v1,76.13,53.65,292.246,28.732,1.301,147.52,50.436,3.687
471ea11d-bc5c-4514-9d35-0746cb25cafe,2026-04-25T16:56:37.030969-04:00,node-01,checkout-api,500,True,anomalous,market_aware_v1,77.546,57.549,304.386,28.463,1.449,149.109,29.676,3.897
8e5b2ae7-6ae3-4794-8bd3-926b7390fb56,2026-04-25T16:56:37.031394-04:00,node-01,payments-api,502,True,anomalous,market_aware_v1,66.24,57.628,346.647,23.651,1.62,163.989,8.229,4.596
2b87c3c7-b038-4e61-8127-64f2a0f34288,2026-04-25T16:56:37.031849-04:00,node-01,orders-api,503,True,anomalous,market_aware_v1,80.607,53.967,310.922,30.619,1.829,158.195,39.629,4.745
4941b5af-028a-476e-bedc-a58109de40d5,2026-04-25T16:56:37.032326-04:00,node-01,checkout-api,429,True,anomalous,market_aware_v1,71.76,58.827,310.146,28.375,1.489,154.35,20.582,4.026
c4051dd3-67d3-4c6b-8fc7-1c4a8ca73cb1,2026-04-25T16:56:37.032775-04:00,node-01,payments-api,502,True,anomalous,market_aware_v1,71.91,56.659,323.573,24.281,1.447,156.625,15.376,4.044
40c9285c-5215-4e32-a4d1-6eee19df1afb,2026-04-25T16:56:37.033209-04:00,node-01,orders-api,500,True,anomalous,market_aware_v1,71.968,52.342,302.77,29.356,1.418,152.326,44.059,3.932
3596ffd5-00f5-417a-9d44-a9e878d45636,2026-04-25T16:56:37.033652-04:00,node-01,checkout-api,503,True,anomalous,market_aware_v1,71.285,54.485,299.318,26.774,1.44,145.375,23.213,3.771
44aa6fb6-4c87-40a2-b1a9-b47f6d633bb1,2026-04-25T16:56:37.034421-04:00,node-01,payments-api,502,True,anomalous,market_aware_v1,68.427,59.112,307.899,23.036,1.414,147.202,16.715,3.911
b5f50e6f-9b9b-46d4-b646-c1d1c50e0b3d,2026-04-25T16:56:37.034928-04:00,node-01,orders-api,429,True,anomalous,market_aware_v1,74.564,56.812,288.472,29.821,1.321,145.694,49.549,3.608
6198868f-3597-42b4-ac40-453e78e83b36,2026-04-25T16:56:37.035398-04:00,node-01,checkout-api,503,True,anomalous,market_aware_v1,73.733,57.17,314.79,26.772,1.518,153.695,24.923,4.192
64f9429e-4582-42bb-a9cc-754a5b72fa70,2026-04-25T16:56:37.035869-04:00,node-01,payments-api,500,True,anomalous,market_aware_v1,73.826,61.796,327.48,25.63,1.813,156.686,6.888,4.641
fcb4e882-5ee7-4b5d-a29f-4452c36d8407,2026-04-25T16:56:37.036315-04:00,node-01,orders-api,429,True,anomalous,market_aware_v1,77.856,54.199,301.829,26.795,1.356,154.674,43.803,3.903
e3b3fd88-fed3-48cc-a36c-e3d22b924535,2026-04-25T16:56:37.036766-04:00,node-01,checkout-api,502,True,anomalous,market_aware_v1,73.706,57.847,311.736,27.863,1.542,154.484,24.394,4.162
d5fe78b1-908e-4c3b-bcea-c2c83476d90a,2026-04-25T16:56:37.037221-04:00,node-01,payments-api,502,True,anomalous,market_aware_v1,73.445,57.727,324.525,24.542,1.405,152.965,18.708,3.943
89561d22-7aea-49cd-82e0-f02a6574a080,2026-04-25T16:56:37.037671-04:00,node-01,orders-api,429,True,anomalous,market_aware_v1,77.691,55.896,295.282,31.017,1.208,150.801,55.098,3.696
636d23ce-77b7-4130-b17b-743ab6f8b803,2026-04-25T16:56:37.038127-04:00,node-01,checkout-api,502,True,anomalous,market_aware_v1,77.911,59.246,317.744,29.019,1.594,158.106,28.821,4.342
46b5de8f-0b23-45e9-8fb3-985106c896dc,2026-04-25T16:56:37.038727-04:00,node-01,payments-api,500,True,anomalous,market_aware_v1,72.839,62.483,327.924,28.126,1.382,154.021,21.262,3.93
0ec8d176-4e96-42d6-b08c-f3c664361642,2026-04-25T16:56:37.039169-04:00,node-01,orders-api,502,True,anomalous,market_aware_v1,82.48,56.955,308.408,32.196,1.348,159.654,50.953,3.998
ea5c4b32-3f82-4ab3-8c09-4860b4f67f69,2026-04-25T16:56:37.039614-04:00,node-01,checkout-api,503,True,anomalous,market_aware_v1,77.232,63.531,304.943,29.425,1.402,146.019,35.324,3.703
9c82ff16-66ea-4f5a-89be-c746fff06808,2026-04-25T16:56:37.040052-04:00,node-01,payments-api,503,True,anomalous,market_aware_v1,73.216,62.128,329.02,26.096,1.585,157.217,22.573,4.27
b85cf1ec-6a5d-4532-b928-34279923a11f,2026-04-25T16:56:37.040502-04:00,node-01,orders-api,429,True,anomalous,market_aware_v1,78.733,55.715,295.576,32.381,1.334,150.712,65.448,3.761
8a45f68e-e057-4a81-9bb6-f32bdfe6f11d,2026-04-25T16:56:37.041021-04:00,node-01,checkout-api,429,True,anomalous,market_aware_v1,79.651,61.983,318.041,30.428,1.407,150.963,40.226,3.979
d5cc08b6-fc7a-4f09-952a-aa03462d0005,2026-04-25T16:56:37.041534-04:00,node-01,payments-api,500,True,anomalous,market_aware_v1,77.513,63.233,318.59,26.502,1.309,155.225,20.548,4.0
d831e9e1-3abe-4210-97f1-4929b78ec8ab,2026-04-25T16:56:37.042017-04:00,node-01,orders-api,500,True,anomalous,market_aware_v1,85.272,59.092,304.111,34.566,1.418,152.553,58.114,3.952
64aceadd-d873-4bb1-86a8-8632aa08552a,2026-04-25T16:56:37.042499-04:00,node-01,checkout-api,503,True,anomalous,market_aware_v1,84.535,58.363,318.345,31.023,1.546,150.004,30.535,4.045
97526071-43ea-460c-a810-a4768e1f08fe,2026-04-25T16:56:37.042987-04:00,node-01,payments-api,502,True,anomalous,market_aware_v1,79.781,60.762,318.866,27.056,1.572,160.569,19.324,4.277
7e1e3b2e-d511-4c7c-9bfd-f636d2c58620,2026-04-25T16:56:37.043493-04:00,node-01,orders-api,500,True,anomalous,market_aware_v1,87.641,60.712,302.564,29.702,1.312,148.754,65.48,3.693
d6440088-ee0a-466a-98f9-fe293cfcdaeb,2026-04-25T16:56:37.044040-04:00,node-01,checkout-api,429,True,anomalous,market_aware_v1,79.251,63.246,299.089,28.374,1.443,146.854,39.08,3.701
2c27f081-1bd7-40b4-b620-59c8ad0724e8,2026-04-25T16:56:37.044550-04:00,node-01,payments-api,429,True,anomalous,market_aware_v1,78.31,65.535,339.871,27.268,1.762,155.946,13.998,4.539
418b31d0-1483-4b3c-833a-7702cf0951d9,2026-04-25T16:56:37.045014-04:00,node-01,orders-api,503,True,anomalous,market_aware_v1,80.092,57.883,305.712,32.036,1.404,158.281,55.598,3.886
7b68c588-a571-42e5-89a8-2693d0495d62,2026-04-25T16:56:37.045514-04:00,node-01,checkout-api,500,True,anomalous,market_aware_v1,76.932,61.167,315.774,26.575,1.426,152.595,35.417,3.949
30a4d690-3b90-4dc5-a1c1-a229e50f9ed3,2026-04-25T16:56:37.045999-04:00,node-01,payments-api,502,True,anomalous,market_aware_v1,71.803,63.737,326.155,28.493,1.463,155.028,19.453,4.099
2ef4823d-98a4-463f-92ff-a6a43c811586,2026-04-25T16:56:37.046476-04:00,node-01,orders-api,502,True,anomalous,market_aware_v1,79.2,57.89,308.3,29.725,1.339,153.77,53.003,3.948
2de992a7-f129-4c20-b3c7-c87c0a9b09f6,2026-04-25T16:56:37.046941-04:00,node-01,checkout-api,502,True,anomalous,market_aware_v1,77.655,60.886,319.037,30.135,1.548,153.948,32.635,4.192
49444f8c-27e4-4a98-b693-d49cb0692e8a,2026-04-25T16:56:37.047385-04:00,node-01,payments-api,429,True,anomalous,market_aware_v1,71.608,62.077,324.334,25.266,1.407,154.35,15.726,3.992
e1d815d2-cede-4229-97e4-7947b69ab956,2026-04-25T16:56:37.047837-04:00,node-01,orders-api,503,True,anomalous,market_aware_v1,77.777,54.615,299.339,30.59,1.28,150.288,54.631,3.627
7d39c244-5be4-4774-a8c3-4dcd29277b97,2026-04-25T16:56:37.048321-04:00,node-01,checkout-api,429,True,anomalous,market_aware_v1,77.396,54.856,303.719,28.995,1.52,147.846,35.064,3.945
43afcf1c-2f53-4fe2-9a97-ba9ba9d27676,2026-04-25T16:56:37.049185-04:00,node-01,payments-api,429,True,anomalous,market_aware_v1,72.56,61.411,327.603,24.757,1.464,158.272,12.399,4.153
05b49551-abf2-469d-ad32-d4719902a803,2026-04-25T16:56:37.050339-04:00,node-01,orders-api,500,True,anomalous,market_aware_v1,80.743,57.473,303.779,27.776,1.284,149.199,54.859,3.777
99a81e52-7fe2-4272-9d8f-bf63c81b405e,2026-04-25T16:56:37.051169-04:00,node-01,checkout-api,503,True,anomalous,market_aware_v1,75.462,57.506,317.651,29.82,1.407,153.185,23.109,3.89
695ba4a4-40c3-44fe-975a-65ba28651ae3,2026-04-25T16:56:37.051794-04:00,node-01,payments-api,500,True,anomalous,market_aware_v1,74.32,59.979,321.66,26.389,1.459,157.465,14.417,4.071
df9cd973-2b16-4fed-839c-1f731fb8af5b,2026-04-25T16:56:37.052224-04:00,node-01,orders-api,429,True,anomalous,market_aware_v1,75.896,56.658,306.024,32.1,1.314,154.851,50.256,3.825
cc9ea68b-305d-473e-8ab2-c9b6e0817ceb,2026-04-25T16:56:37.052660-04:00,node-01,checkout-api,502,True,anomalous,market_aware_v1,73.212,58.205,306.998,28.581,1.466,149.938,26.548,3.979
21e0c18c-cee9-4040-a100-f5a7ca2010aa,2026-04-25T16:56:37.053099-04:00,node-01,payments-api,503,True,anomalous,market_aware_v1,73.588,60.998,322.575,24.504,1.45,151.589,23.226,4.077
a51a6eb8-13e3-4e95-b866-bb3223c73d78,2026-04-25T16:56:37.053681-04:00,node-01,orders-api,502,True,anomalous,market_aware_v1,77.27,57.505,293.519,26.778,1.253,147.995,59.732,3.714
a732504c-8707-4c63-8727-bba5de20f688,2026-04-25T16:56:37.054165-04:00,node-01,checkout-api,500,True,anomalous,market_aware_v1,70.723,59.206,316.415,27.565,1.511,159.032,30.748,4.008
83b5e385-4e94-4d7b-aca4-99f0833e05e8,2026-04-25T16:56:37.054646-04:00,node-01,payments-api,500,True,anomalous,market_aware_v1,71.148,61.51,325.573,25.27,1.511,160.053,15.073,4.212
bbd731cf-4087-417c-8a4a-79d7a9c37685,2026-04-25T16:56:37.055121-04:00,node-01,orders-api,503,True,anomalous,market_aware_v1,82.613,57.279,310.559,28.428,1.447,153.546,51.44,3.955
a3b89302-255f-4a00-bd3f-3d3ab8b120e3,2026-04-25T16:56:37.055586-04:00,node-01,checkout-api,503,True,anomalous,market_aware_v1,81.205,61.375,333.508,31.059,1.554,158.699,33.233,4.331
91a02135-0f9f-4c35-8e40-14821757ee35,2026-04-25T16:56:37.056004-04:00,node-01,payments-api,500,True,anomalous,market_aware_v1,75.573,61.646,329.107,26.439,1.568,159.935,12.856,4.194
34ae6449-fce4-45d2-9d69-5b2c1dd28e67,2026-04-25T16:56:37.056405-04:00,node-01,orders-api,500,True,anomalous,market_aware_v1,79.897,61.075,292.556,31.861,1.38,151.749,55.388,3.805
e9c2effd-1f88-4ec6-8601-d9f50e9f8b28,2026-04-25T16:56:37.056847-04:00,node-01,checkout-api,500,True,anomalous,market_aware_v1,79.629,62.517,319.219,30.948,1.506,159.082,24.859,4.291
977530ee-381c-4bf5-9bde-6ac51c96e541,2026-04-25T16:56:37.057302-04:00,node-01,payments-api,502,True,anomalous,market_aware_v1,75.818,66.502,316.932,26.625,1.476,154.178,30.372,4.205
0a8ed5f1-656b-4887-b500-a680e187a0c1,2026-04-25T16:56:37.057766-04:00,node-01,orders-api,502,True,anomalous,market_aware_v1,80.394,61.708,310.67,32.111,1.322,153.926,57.506,3.644
1e952de0-982b-4020-89b6-df1f63b861a4,2026-04-25T16:56:37.058224-04:00,node-01,checkout-api,500,True,anomalous,market_aware_v1,83.031,60.753,344.567,30.384,1.752,166.04,36.834,4.843
6781a424-1798-4e91-9285-9347e278f2bd,2026-04-25T16:56:37.058663-04:00,node-01,payments-api,429,True,anomalous,market_aware_v1,74.112,62.159,321.975,28.285,1.535,156.294,24.553,4.211
e7331c10-ad52-460f-9375-ffb46c527ce7,2026-04-25T16:56:37.059190-04:00,node-01,orders-api,500,True,anomalous,market_aware_v1,87.201,62.135,326.577,34.226,1.396,157.936,63.405,4.117
955ec95a-a9de-4f65-b37d-11b20d866fa8,2026-04-25T16:56:37.059685-04:00,node-01,checkout-api,502,True,anomalous,market_aware_v1,86.266,64.379,321.124,31.907,1.572,157.234,34.65,4.336
5102faf3-cf63-4a6d-a3cb-72ab38518454,2026-04-25T16:56:37.060157-04:00,node-01,payments-api,500,True,anomalous,market_aware_v1,78.847,68.189,332.884,28.528,1.542,159.997,15.998,4.208
004fa906-51e1-472c-ae6c-a4a92986dfc6,2026-04-25T16:56:37.060594-04:00,node-01,orders-api,502,True,anomalous,market_aware_v1,84.358,61.521,291.064,33.017,1.289,151.943,65.498,3.732
cfa5087e-191c-46d7-9d6b-17b5aebe4dbe,2026-04-25T16:56:37.061096-04:00,node-01,checkout-api,503,True,anomalous,market_aware_v1,81.19,63.279,324.074,29.523,1.578,158.503,39.644,4.329
9bd66d91-bda1-4be1-89a6-446699a9ea89,2026-04-25T16:56:37.061739-04:00,node-01,payments-api,500,True,anomalous,market_aware_v1,82.389,62.084,346.588,26.339,1.456,169.332,27.198,4.206
aa71a2af-793e-45e8-bf54-d219baceec78,2026-04-25T16:56:37.062708-04:00,node-01,orders-api,500,True,anomalous,market_aware_v1,86.468,58.23,315.178,30.931,1.306,154.858,59.323,3.905
f299bad9-9242-480c-a3fb-aea51c74e5a7,2026-04-25T16:56:37.063208-04:00,node-01,checkout-api,503,True,anomalous,market_aware_v1,84.836,64.186,315.566,30.316,1.478,151.69,44.849,3.933
073b16de-46aa-47b5-b617-d03ab8606f86,2026-04-25T16:56:37.063675-04:00,node-01,payments-api,503,True,anomalous,market_aware_v1,75.906,64.835,335.246,27.004,1.521,163.751,18.435,4.247
14e28cbc-9085-4f8e-82f5-70f4ca2953b8,2026-04-25T16:56:37.064112-04:00,node-01,orders-api,500,True,anomalous,market_aware_v1,84.11,61.445,309.163,31.935,1.42,164.588,52.094,4.026
0f746edf-cf25-48a4-b1c4-d1bb72a475e5,2026-04-25T16:56:37.064558-04:00,node-01,checkout-api,429,True,anomalous,market_aware_v1,83.86,61.301,323.315,31.285,1.491,150.119,35.361,4.025
f0857e1b-0226-496e-82ed-0e499cc73aaa,2026-04-25T16:56:37.065003-04:00,node-01,payments-api,429,True,anomalous,market_aware_v1,75.984,61.793,326.768,24.954,1.435,156.089,23.72,4.187
ec378dd7-e602-472f-a442-fcdd4a1535dd,2026-04-25T16:56:37.065416-04:00,node-01,orders-api,429,True,anomalous,market_aware_v1,79.787,61.386,316.099,35.272,1.565,163.098,54.179,4.532
45733006-56aa-4e4c-bb70-3739bcb26535,2026-04-25T16:56:37.065864-04:00,node-01,checkout-api,502,True,anomalous,market_aware_v1,78.452,60.597,306.144,29.103,1.46,150.96,28.627,3.943
e0805061-1324-4ee5-b1a7-d2c889c5c954,2026-04-25T16:56:37.066296-04:00,node-01,payments-api,502,True,anomalous,market_aware_v1,74.062,61.45,317.613,26.334,1.517,154.791,15.997,4.168
33044fdc-2f11-489d-b23e-9a11ccd0fc8d,2026-04-25T16:56:37.066775-04:00,node-01,orders-api,429,True,anomalous,market_aware_v1,80.754,55.792,299.374,30.394,1.313,154.944,53.395,3.928
39511109-bc29-45f0-883d-fd4c254893c2,2026-04-25T16:56:37.067252-04:00,node-01,checkout-api,503,True,anomalous,market_aware_v1,79.701,60.2,330.247,30.127,1.85,165.939,14.169,4.836
b465166e-a8c0-4eff-ab3c-be9691799180,2026-04-25T16:56:37.067753-04:00,node-01,payments-api,503,True,anomalous,market_aware_v1,71.733,61.486,331.18,25.64,1.521,158.731,15.809,4.24
7238baa2-5e8e-4bbf-9a78-43fc727dd4d5,2026-04-25T16:56:37.068255-04:00,node-01,orders-api,500,True,anomalous,market_aware_v1,74.437,54.247,292.567,29.399,1.316,147.899,47.959,3.776
64a270fd-2ecc-4af0-a36a-6406a73e7f7e,2026-04-25T16:56:37.068753-04:00,node-01,checkout-api,502,True,anomalous,market_aware_v1,77.49,58.261,317.194,27.872,1.469,152.189,28.534,4.018
66c2a5dd-74e9-4b11-b244-3d31ae62e6f5,2026-04-25T16:56:37.069243-04:00,node-01,payments-api,503,True,anomalous,market_aware_v1,70.498,58.06,329.778,22.154,1.447,155.219,9.242,3.997
838ed42e-fb35-453e-a625-0ae793926e1b,2026-04-25T16:56:37.069740-04:00,node-01,orders-api,503,True,anomalous,market_aware_v1,71.233,53.25,293.591,29.166,1.384,155.742,46.197,3.929
02e7c834-51cf-4893-b16e-3d4487e7f2da,2026-04-25T16:56:37.070231-04:00,node-01,checkout-api,500,True,anomalous,market_aware_v1,79.777,61.309,364.821,31.176,2.212,176.095,11.968,5.597
2b531bbe-0dea-4d47-b172-d4c70ea31b24,2026-04-25T16:56:37.070688-04:00,node-01,payments-api,500,True,anomalous,market_aware_v1,70.159,60.627,337.887,24.058,1.869,162.833,9.113,4.731
57442348-797c-4e5f-94c0-e38698cc6c25,2026-04-25T16:56:37.071178-04:00,node-01,orders-api,503,True,anomalous,market_aware_v1,75.721,53.531,291.996,29.483,1.219,145.56,54.944,3.505
7646e9c8-9867-46ed-8bc7-7da1a528a864,2026-04-25T16:56:37.071670-04:00,node-01,checkout-api,502,True,anomalous,market_aware_v1,71.428,58.818,325.037,25.425,1.546,162.378,17.8,4.206
eef17bc8-1a0f-409a-addf-bba56d7fde12,2026-04-25T16:56:37.072151-04:00,node-01,payments-api,429,True,anomalous,market_aware_v1,72.113,64.702,355.124,26.928,2.095,172.87,2.515,5.294
781f07d7-6444-4845-8642-94b8fcf2cc6f,2026-04-25T16:56:37.072639-04:00,node-01,orders-api,502,True,anomalous,market_aware_v1,73.644,59.299,301.702,29.854,1.315,155.784,43.829,3.819
efa3cc60-05c0-4bd2-9585-3c1120245ac0,2026-04-25T16:56:37.073113-04:00,node-01,checkout-api,503,True,anomalous,market_aware_v1,73.849,55.006,312.047,26.845,1.381,150.566,24.467,3.958
abe0c8a5-66bb-48d4-a0af-b85bf1430060,2026-04-25T16:56:37.073609-04:00,node-01,payments-api,502,True,anomalous,market_aware_v1,68.759,57.586,329.858,25.104,1.469,154.916,9.781,4.026
27bc5263-54f1-4d9b-82c4-a67076cd74d8,2026-04-25T16:56:37.074094-04:00,node-01,orders-api,429,True,anomalous,market_aware_v1,80.836,55.558,301.77,28.493,1.258,155.747,45.2,3.757
018ff60b-11fa-426e-a459-9b89f7c01c73,2026-04-25T16:56:37.074590-04:00,node-01,checkout-api,500,True,anomalous,market_aware_v1,78.299,62.76,313.816,26.81,1.513,150.454,32.237,4.023
89d9cd49-8532-410c-9fac-70d440e25bc7,2026-04-25T16:56:37.075063-04:00,node-01,payments-api,502,True,anomalous,market_aware_v1,67.803,59.675,315.772,23.888,1.364,147.965,22.674,3.861
fcc6cd0e-36ca-48a4-924c-282a89cde74c,2026-04-25T16:56:37.075544-04:00,node-01,orders-api,500,True,anomalous,market_aware_v1,78.889,54.956,287.934,30.365,1.262,145.404,57.056,3.525
c4c1930b-6b2c-4492-a99c-c40ee4455ee1,2026-04-25T16:56:37.076022-04:00,node-01,checkout-api,500,True,anomalous,market_aware_v1,82.454,60.947,338.763,31.011,1.967,168.198,22.171,4.903
cf3233ee-36f0-4bc7-a05c-b9ef3f1c3b2e,2026-04-25T16:56:37.076513-04:00,node-01,payments-api,429,True,anomalous,market_aware_v1,74.487,62.416,322.712,24.231,1.365,149.528,18.832,3.884
73f0216e-c41e-444c-945a-31bd51f78089,2026-04-25T16:56:37.077001-04:00,node-01,orders-api,500,True,anomalous,market_aware_v1,82.786,57.139,309.19,30.827,1.356,158.764,50.352,3.964
ef4a6c40-a7bf-4cbd-bb42-e88e38fef654,2026-04-25T16:56:37.077498-04:00,node-01,checkout-api,500,True,anomalous,market_aware_v1,79.782,61.67,314.699,30.522,1.41,151.969,40.821,4.097
c0ee50be-b111-47e4-bf6c-9a4b1a2914e4,2026-04-25T16:56:37.078222-04:00,node-01,payments-api,502,True,anomalous,market_aware_v1,76.59,65.165,324.872,26.498,1.492,158.093,22.431,4.136
0c694e46-2aea-46a0-932c-6fe7c84894d9,2026-04-25T16:56:37.079244-04:00,node-01,orders-api,503,True,anomalous,market_aware_v1,82.691,58.518,296.782,32.33,1.328,155.27,54.48,3.808
ead4e410-3b6e-4e2b-b3ed-6d3f5db8c51e,2026-04-25T16:56:37.079770-04:00,node-01,checkout-api,429,True,anomalous,market_aware_v1,80.081,60.453,327.515,28.078,1.47,156.032,31.839,4.166
f9f0f1c2-66da-4e0c-9230-776022ed062b,2026-04-25T16:56:37.080274-04:00,node-01,payments-api,502,True,anomalous,market_aware_v1,80.138,66.962,340.928,30.478,1.891,163.319,10.515,4.655
c3aede69-0815-4bde-8cbc-5272018efbdb,2026-04-25T16:56:37.080784-04:00,node-01,orders-api,502,True,anomalous,market_aware_v1,83.721,61.68,314.188,32.406,1.33,155.173,60.012,3.77
64ec407e-9b64-4a50-a051-28f16fa3baf4,2026-04-25T16:56:37.081279-04:00,node-01,checkout-api,500,True,anomalous,market_aware_v1,84.9,59.701,326.732,29.836,1.573,156.986,33.795,4.152
a04414c6-8179-4ed3-8fe6-376afb58728a,2026-04-25T16:56:37.081801-04:00,node-01,payments-api,500,True,anomalous,market_aware_v1,76.409,64.266,326.482,26.205,1.463,160.334,17.517,4.244
5a771608-4640-4e63-ac18-7c33df8b50ca,2026-04-25T16:56:37.082283-04:00,node-01,orders-api,503,True,anomalous,market_aware_v1,83.884,55.777,318.52,31.951,1.446,160.532,55.938,4.071
8bbfa45f-9ea8-4722-94f6-9e431c7fb99c,2026-04-25T16:56:37.082983-04:00,node-01,checkout-api,503,True,anomalous,market_aware_v1,78.698,62.361,318.061,30.163,1.601,155.935,34.03,4.156
fbbe3338-5abd-4117-94dc-62208aafbb8a,2026-04-25T16:56:37.083567-04:00,node-01,payments-api,502,True,anomalous,market_aware_v1,80.184,66.587,329.049,26.468,1.444,156.77,21.191,4.035
f353cd94-a6a3-4f23-8380-5e70914f8ded,2026-04-25T16:56:37.084076-04:00,node-01,orders-api,503,True,anomalous,market_aware_v1,83.31,53.817,304.174,30.189,1.266,153.419,54.42,3.641
7a501fae-d568-4b6b-a810-a93c431ee8ef,2026-04-25T16:56:37.084606-04:00,node-01,checkout-api,502,True,anomalous,market_aware_v1,80.993,61.475,331.729,30.353,1.557,157.772,31.472,4.067
2ff6568c-ae8f-49b5-9171-fedac988a736,2026-04-25T16:56:37.085110-04:00,node-01,payments-api,500,True,anomalous,market_aware_v1,74.056,62.357,345.644,26.554,1.489,156.85,20.757,4.172
9818686b-15b2-45be-9b69-fc1d6d17be54,2026-04-25T16:56:37.085582-04:00,node-01,orders-api,503,True,anomalous,market_aware_v1,83.187,59.398,320.113,30.259,1.783,160.511,45.65,4.448
a8bd86fa-75bf-4c3b-86c4-ae3fe55fa13b,2026-04-25T16:56:37.086415-04:00,node-01,checkout-api,429,True,anomalous,market_aware_v1,83.645,62.439,336.822,31.566,1.893,161.452,27.354,4.636
51ebeb3d-66b5-439a-b3b1-3c43ef0b1d9f,2026-04-25T16:56:37.086897-04:00,node-01,payments-api,500,True,anomalous,market_aware_v1,71.085,61.027,315.539,25.59,1.397,151.756,11.945,3.964
90d3b3c8-2bd2-4225-a167-4e053af7df3c,2026-04-25T16:56:37.087363-04:00,node-01,orders-api,429,True,anomalous,market_aware_v1,76.532,54.537,296.777,29.778,1.299,145.952,53.362,3.658
158d7cfb-3d55-48d4-b928-fd60db6f71ae,2026-04-25T16:56:37.087839-04:00,node-01,checkout-api,429,True,anomalous,market_aware_v1,72.784,64.247,299.537,27.955,1.444,141.959,38.949,3.83
27c788ca-fe6b-4e22-abfb-972ba6aed8ea,2026-04-25T16:56:37.088332-04:00,node-01,payments-api,503,True,anomalous,market_aware_v1,75.498,58.67,341.283,25.505,1.518,159.141,13.726,4.373
df85d7e8-72cb-4e3b-9db9-30afcc5bd66d,2026-04-25T16:56:37.088813-04:00,node-01,orders-api,500,True,anomalous,market_aware_v1,76.576,55.093,299.219,30.232,1.355,157.447,52.346,3.955
1f876176-8278-4e1d-ab12-3b820d799b24,2026-04-25T16:56:37.089310-04:00,node-01,checkout-api,500,True,anomalous,market_aware_v1,76.539,58.559,324.487,29.899,1.575,153.861,27.924,4.225
0c2a2f33-6e06-4bd8-9393-6c59be5f1555,2026-04-25T16:56:37.089755-04:00,node-01,payments-api,502,True,anomalous,market_aware_v1,72.269,61.849,328.772,23.074,1.621,156.974,17.835,4.259
78ade017-42e4-4fb4-a0d3-35f412cf0c97,2026-04-25T16:56:37.090191-04:00,node-01,orders-api,502,True,anomalous,market_aware_v1,75.864,57.094,285.132,31.647,1.163,142.187,51.138,3.484
b0a0e0ad-307d-4398-be75-c2e890b4beef,2026-04-25T16:56:37.090674-04:00,node-01,checkout-api,503,True,anomalous,market_aware_v1,74.849,56.534,305.539,30.973,1.425,146.88,38.853,3.846
bbc01898-aae2-467d-9cd2-431375a876f3,2026-04-25T16:56:37.091623-04:00,node-01,payments-api,503,True,anomalous,market_aware_v1,74.749,61.867,323.083,24.572,1.466,163.999,11.24,4.215
0721b9ca-ca05-4018-b413-5cf066980749,2026-04-25T16:56:37.092057-04:00,node-01,orders-api,503,True,anomalous,market_aware_v1,76.806,55.257,315.084,32.294,1.417,160.081,42.625,4.042
36c0f127-50a1-4d5c-af34-386f97645d9f,2026-04-25T16:56:37.092508-04:00,node-01,checkout-api,429,True,anomalous,market_aware_v1,76.615,57.932,314.422,30.701,1.499,154.585,30.229,4.069
65bd5a9b-2e12-49e7-93b9-db62d6129f78,2026-04-25T16:56:37.092917-04:00,node-01,payments-api,429,True,anomalous,market_aware_v1,70.057,61.207,327.756,25.477,1.445,160.673,15.88,4.202
f6d4343b-ecb3-4e4a-8cb3-f514937b86b7,2026-04-25T16:56:37.093347-04:00,node-01,orders-api,429,True,anomalous,market_aware_v1,82.239,60.578,308.051,31.827,1.688,159.62,43.501,4.392
9d93f513-5510-4c53-a55a-dafd533b333c,2026-04-25T16:56:37.093991-04:00,node-01,checkout-api,502,True,anomalous,market_aware_v1,78.229,56.683,332.404,30.018,1.548,163.611,24.908,4.448
88509b3c-62a0-4165-a99b-fa4cbed8f2dc,2026-04-25T16:56:37.095015-04:00,node-01,payments-api,502,True,anomalous,market_aware_v1,76.593,61.652,321.502,26.607,1.35,155.535,15.182,3.995
aad47e6a-4f62-4426-b790-62492c6a3960,2026-04-25T16:56:37.095467-04:00,node-01,orders-api,503,True,anomalous,market_aware_v1,86.146,61.515,313.035,33.483,1.644,155.08,49.821,4.298
27d0f60b-b8db-4c89-85b9-b399d317d6ae,2026-04-25T16:56:37.095940-04:00,node-01,checkout-api,502,True,anomalous,market_aware_v1,81.54,63.052,328.342,31.037,1.536,163.289,30.267,4.447
d02867ca-2287-439e-8d0d-de0278ed5641,2026-04-25T16:56:37.096377-04:00,node-01,payments-api,503,True,anomalous,market_aware_v1,79.363,62.583,328.003,26.94,1.509,158.682,24.391,4.181
a73562aa-8a4c-4900-8c84-f389f1070641,2026-04-25T16:56:37.096820-04:00,node-01,orders-api,502,True,anomalous,market_aware_v1,87.24,60.729,330.589,33.758,1.624,168.799,48.778,4.399
2f640c8b-4ec8-4389-a560-aaa7854c7974,2026-04-25T16:56:37.097378-04:00,node-01,checkout-api,503,True,anomalous,market_aware_v1,82.35,66.468,317.954,30.325,1.488,155.855,42.599,3.946
39525577-c0b0-451f-b6a4-6dd849c9c07c,2026-04-25T16:56:37.097840-04:00,node-01,payments-api,503,True,anomalous,market_aware_v1,76.784,64.095,334.301,25.828,1.553,163.22,24.72,4.342
b2f9c49b-3275-48a4-a4f7-7c28af381214,2026-04-25T16:56:37.098305-04:00,node-01,orders-api,500,True,anomalous,market_aware_v1,86.045,59.154,322.819,33.27,1.38,162.897,56.561,4.112
70a8a516-2e8a-4b55-bc77-840a533079c3,2026-04-25T16:56:37.098787-04:00,node-01,checkout-api,503,True,anomalous,market_aware_v1,91.923,63.49,338.868,28.283,1.891,164.5,25.569,4.698
ead03094-5e2f-4eec-99f6-b87b16b87dce,2026-04-25T16:56:37.099251-04:00,node-01,payments-api,503,True,anomalous,market_aware_v1,78.658,67.784,338.646,28.026,1.569,165.641,15.36,4.403
812ecdd7-e08d-403a-83aa-febd177beb5e,2026-04-25T16:56:37.099684-04:00,node-01,orders-api,429,True,anomalous,market_aware_v1,86.141,62.258,301.924,32.844,1.459,154.978,63.228,3.978
8c1a01c5-2361-43a3-9979-b3c7e5513227,2026-04-25T16:56:37.100134-04:00,node-01,checkout-api,429,True,anomalous,market_aware_v1,84.55,62.703,325.61,32.743,1.665,164.058,39.593,4.433
119b329f-cf65-4966-b44d-19121681bcac,2026-04-25T16:56:37.100564-04:00,node-01,payments-api,500,True,anomalous,market_aware_v1,80.694,61.641,333.792,26.57,1.454,161.014,29.143,4.213
6946bac8-3441-47ca-8d3b-69495aa6b7b6,2026-04-25T16:56:37.101014-04:00,node-01,orders-api,502,True,anomalous,market_aware_v1,86.169,63.11,304.312,32.029,1.392,158.652,50.919,3.964
b7da7ccd-c089-4416-814c-016bdf08dd09,2026-04-25T16:56:37.101424-04:00,node-01,checkout-api,429,True,anomalous,market_aware_v1,81.001,61.902,322.72,32.872,1.545,159.947,38.367,4.194
fc482e24-c206-47b8-abed-4ee351797449,2026-04-25T16:56:37.101855-04:00,node-01,payments-api,502,True,anomalous,market_aware_v1,75.904,67.679,324.975,30.055,1.352,151.562,31.642,3.926
93a9aeeb-159c-4a10-9a80-6ce5eb2a620f,2026-04-25T16:56:37.102327-04:00,node-01,orders-api,500,True,anomalous,market_aware_v1,87.968,61.376,320.219,32.597,1.542,161.004,52.802,4.237
814429b7-810a-4353-a4cb-049f22b72e0f,2026-04-25T16:56:37.102813-04:00,node-01,checkout-api,429,True,anomalous,market_aware_v1,85.83,65.094,351.514,34.12,1.906,163.253,31.731,4.713
5a58a48a-f4ed-4e91-b18c-262ae38911f6,2026-04-25T16:56:37.103283-04:00,node-01,payments-api,503,True,anomalous,market_aware_v1,74.604,62.828,328.917,28.418,1.503,157.423,23.954,4.17
e8dfdf83-ab2a-4bef-9582-9ea91e3719cf,2026-04-25T16:56:37.103766-04:00,node-01,orders-api,502,True,anomalous,market_aware_v1,82.877,59.755,315.143,30.989,1.485,160.252,56.532,4.075
81203461-ceb3-43e3-b8b8-972bfde11627,2026-04-25T16:56:37.104196-04:00,node-01,checkout-api,503,True,anomalous,market_aware_v1,79.126,61.027,322.811,27.617,1.381,157.072,32.288,4.038
7f74203c-1a2f-4d43-a17b-d6541b855cd5,2026-04-25T16:56:37.104677-04:00,node-01,payments-api,429,True,anomalous,market_aware_v1,76.298,65.915,340.774,25.316,1.528,156.757,20.547,4.195
fb824d14-d87a-402e-96eb-ca8631743c15,2026-04-25T16:56:37.105158-04:00,node-01,orders-api,503,True,anomalous,market_aware_v1,82.339,58.489,302.737,29.082,1.355,152.451,49.29,3.865
e65a980f-e332-4619-8997-d966017eb842,2026-04-25T16:56:37.105610-04:00,node-01,checkout-api,429,True,anomalous,market_aware_v1,82.189,58.874,337.785,25.944,1.446,161.484,19.213,4.253
99986076-783f-47e8-ad83-a4c96e52567b,2026-04-25T16:56:37.106052-04:00,node-01,payments-api,500,True,anomalous,market_aware_v1,72.546,59.756,334.824,25.647,1.441,156.826,15.504,4.283
3328bcd9-319d-4030-949e-3da34151c4d7,2026-04-25T16:56:37.106492-04:00,node-01,orders-api,503,True,anomalous,market_aware_v1,80.802,55.149,294.818,30.908,1.472,154.839,48.312,3.976
bb66bd5b-bfd0-442d-a7e1-5654eb765351,2026-04-25T16:56:37.106935-04:00,node-01,checkout-api,502,True,anomalous,market_aware_v1,77.225,61.0,310.689,27.848,1.512,148.06,24.215,3.816
6c838304-cf25-418e-948d-a0bf748b7a74,2026-04-25T16:56:37.107384-04:00,node-01,payments-api,502,True,anomalous,market_aware_v1,66.448,59.619,325.16,25.469,1.542,159.001,18.191,4.297
eba9ce82-ef1c-4897-acb3-d5bbeab3a6ec,2026-04-25T16:56:37.107830-04:00,node-01,orders-api,429,True,anomalous,market_aware_v1,75.595,53.834,286.597,31.462,1.341,144.094,57.268,3.593
00b14cce-47f6-498e-aaa2-4e59fd5ec2f5,2026-04-25T16:56:37.108276-04:00,node-01,checkout-api,429,True,anomalous,market_aware_v1,72.563,60.637,298.185,29.314,1.328,142.572,33.301,3.767
133883e7-737f-4227-a29e-373ad32ffd65,2026-04-25T16:56:37.108727-04:00,node-01,payments-api,429,True,anomalous,market_aware_v1,67.018,59.006,316.122,25.287,1.387,153.63,11.865,3.97
9874923b-e69a-4ef1-9110-d4acd67421e7,2026-04-25T16:56:37.109178-04:00,node-01,orders-api,500,True,anomalous,market_aware_v1,72.949,54.748,288.767,29.559,1.283,150.432,47.307,3.742
5ffc9f3b-21d6-4062-aeda-b5b38dc9e89c,2026-04-25T16:56:37.109794-04:00,node-01,checkout-api,503,True,anomalous,market_aware_v1,72.098,58.961,320.114,27.919,1.498,161.908,21.468,4.22
0be43445-3a27-4356-b91e-27edd78fd556,2026-04-25T16:56:37.111033-04:00,node-01,payments-api,429,True,anomalous,market_aware_v1,67.063,58.316,314.746,24.692,1.478,153.093,11.884,4.13
1f7135d8-0f3a-441b-be9b-57ef5fbad0df,2026-04-25T16:56:37.111775-04:00,node-01,orders-api,429,True,anomalous,market_aware_v1,77.853,56.737,315.136,29.545,1.679,156.531,43.776,4.421
cf1bf8fb-0d9a-4da5-b14f-5f573986b57d,2026-04-25T16:56:37.112320-04:00,node-01,checkout-api,500,True,anomalous,market_aware_v1,74.026,58.53,320.606,26.156,1.548,154.513,25.484,4.111
ff3668ef-5665-4ecb-a3f1-9b8292fcd551,2026-04-25T16:56:37.113068-04:00,node-01,payments-api,500,True,anomalous,market_aware_v1,68.719,60.624,310.221,24.649,1.431,151.683,8.662,3.912
2e7800fd-d530-4591-89f4-54e058123f4a,2026-04-25T16:56:37.113749-04:00,node-01,orders-api,500,True,anomalous,market_aware_v1,75.33,56.249,300.527,28.221,1.359,153.175,46.337,3.878
08823ed8-62e9-45ea-87b5-a5b6a16c906d,2026-04-25T16:56:37.114237-04:00,node-01,checkout-api,500,True,anomalous,market_aware_v1,80.03,61.604,327.907,27.165,1.688,166.699,19.835,4.492
ce12a04c-27a5-42f2-b1c3-4b2674f3c344,2026-04-25T16:56:37.114731-04:00,node-01,payments-api,429,True,anomalous,market_aware_v1,72.064,62.514,334.951,22.449,1.486,161.692,9.584,4.232
7b57eb25-f55e-4565-a79f-836bba175c63,2026-04-25T16:56:37.115228-04:00,node-01,orders-api,502,True,anomalous,market_aware_v1,79.375,53.172,319.704,30.833,1.361,154.825,45.305,3.893
739bb2f7-6df7-4e92-9f45-6511ca9c7431,2026-04-25T16:56:37.115745-04:00,node-01,checkout-api,502,True,anomalous,market_aware_v1,78.176,62.378,312.598,26.592,1.496,153.049,34.726,4.075
73bfa51e-a005-4bde-8b8d-2a0abc3dca6e,2026-04-25T16:56:37.116238-04:00,node-01,payments-api,500,True,anomalous,market_aware_v1,78.382,67.341,344.131,26.805,1.922,169.911,10.455,4.954
bf4e8346-e007-4d53-8eac-905c42e14472,2026-04-25T16:56:37.116740-04:00,node-01,orders-api,500,True,anomalous,market_aware_v1,77.755,56.793,315.022,29.227,1.386,159.736,55.489,4.122
a7caac06-7d1d-4ef7-9e61-45cee9a2c819,2026-04-25T16:56:37.117221-04:00,node-01,checkout-api,503,True,anomalous,market_aware_v1,79.544,58.411,328.317,30.027,1.599,159.262,25.463,4.257
6d168ce6-304f-4a75-a40d-86e6f345bda1,2026-04-25T16:56:37.117725-04:00,node-01,payments-api,503,True,anomalous,market_aware_v1,78.33,63.118,334.412,28.023,1.601,169.453,18.269,4.504
d68bc3ac-a8d5-4c0b-a0b8-2b8844cabdeb,2026-04-25T16:56:37.118217-04:00,node-01,orders-api,429,True,anomalous,market_aware_v1,78.554,56.925,312.783,30.545,1.302,158.651,54.32,3.979
3eef2e5e-22b7-465b-96ec-60a1fca29fcb,2026-04-25T16:56:37.118737-04:00,node-01,checkout-api,502,True,anomalous,market_aware_v1,79.69,62.217,324.537,30.097,1.581,152.47,37.732,4.09
c5a574b8-946a-4c06-8e71-8ab69eb27faf,2026-04-25T16:56:37.119225-04:00,node-01,payments-api,500,True,anomalous,market_aware_v1,73.543,63.96,330.252,26.924,1.535,161.706,20.625,4.289
91778de1-22d1-4bdd-a952-a1779ea3bc0f,2026-04-25T16:56:37.119733-04:00,node-01,orders-api,502,True,anomalous,market_aware_v1,80.406,64.157,304.568,31.909,1.349,155.773,60.998,3.912
91dd9d48-64da-4b79-b690-22aedb6e8c8e,2026-04-25T16:56:37.120240-04:00,node-01,checkout-api,429,True,anomalous,market_aware_v1,80.845,63.589,320.007,29.361,1.646,157.372,34.739,4.34
4642d8dd-25b5-4d72-acb2-cf6697da6ad0,2026-04-25T16:56:37.120756-04:00,node-01,payments-api,503,True,anomalous,market_aware_v1,76.292,64.756,331.617,27.44,1.478,155.253,30.037,3.946
de55e223-536e-4819-b128-061e11617b7f,2026-04-25T16:56:37.121276-04:00,node-01,orders-api,500,True,anomalous,market_aware_v1,81.525,60.978,301.887,32.801,1.39,154.972,58.844,3.899
015d9441-e3a0-4fad-be81-f8447975eb2d,2026-04-25T16:56:37.121772-04:00,node-01,checkout-api,429,True,anomalous,market_aware_v1,83.698,59.995,322.992,29.032,1.558,159.777,33.792,4.259
fec4291f-970a-4af5-a362-88678452ae51,2026-04-25T16:56:37.122255-04:00,node-01,payments-api,502,True,anomalous,market_aware_v1,76.964,62.7,343.664,28.213,1.439,153.806,23.239,4.146
bb552de8-8fdf-4634-b04c-4c11247dffa2,2026-04-25T16:56:37.122744-04:00,node-01,orders-api,502,True,anomalous,market_aware_v1,80.105,58.508,295.78,31.124,1.337,154.593,56.601,3.777
b9dc0f96-434c-4d1b-8792-5c69ba0a41f7,2026-04-25T16:56:37.123225-04:00,node-01,checkout-api,503,True,anomalous,market_aware_v1,82.703,59.687,322.218,28.443,1.536,158.662,36.463,4.251
2d388e57-30fb-49b6-8c47-b226fe1b7927,2026-04-25T16:56:37.123712-04:00,node-01,payments-api,429,True,anomalous,market_aware_v1,70.551,63.955,323.825,27.813,1.368,156.34,19.404,4.004
68ea8c5d-ec84-45e2-a506-9cd4689a80a1,2026-04-25T16:56:37.124191-04:00,node-01,orders-api,500,True,anomalous,market_aware_v1,82.966,61.237,309.959,32.456,1.32,157.875,46.726,3.96
c13e01d5-6956-4fd0-b5fa-0643afd23fe2,2026-04-25T16:56:37.124681-04:00,node-01,checkout-api,500,True,anomalous,market_aware_v1,79.039,60.731,312.847,29.308,1.47,151.344,28.397,3.926
28b11d91-f0af-496b-bf93-edabebba4571,2026-04-25T16:56:37.125177-04:00,node-01,payments-api,503,True,anomalous,market_aware_v1,73.567,64.929,320.805,26.64,1.452,152.903,16.585,3.98
96e9c79a-8396-4781-afd0-2377cf91045a,2026-04-25T16:56:37.125670-04:00,node-01,orders-api,502,True,anomalous,market_aware_v1,78.433,55.792,309.064,30.595,1.404,160.884,52.355,4.028
ec09849c-e0a8-4d98-8513-1def723bc60a,2026-04-25T16:56:37.126153-04:00,node-01,checkout-api,502,True,anomalous,market_aware_v1,78.935,56.736,329.818,29.281,1.68,161.638,23.686,4.377
1b6ec7ed-0637-4a81-9c58-6b76a6c658b7,2026-04-25T16:56:37.126644-04:00,node-01,payments-api,502,True,anomalous,market_aware_v1,72.225,62.764,322.071,25.53,1.533,160.177,11.397,4.205
18a7b28c-1e7d-4aa8-8750-f2a3048deb5b,2026-04-25T16:56:37.127126-04:00,node-01,orders-api,503,True,anomalous,market_aware_v1,78.279,59.518,314.452,30.133,1.364,164.561,42.184,4.208
e4d2ee41-c703-407d-ab08-e02ff7c1a150,2026-04-25T16:56:37.127616-04:00,node-01,checkout-api,502,True,anomalous,market_aware_v1,80.73,59.42,320.58,29.495,1.453,154.611,34.463,3.995
2662f92c-69cb-4594-9d47-27b84b3e3ba9,2026-04-25T16:56:37.128101-04:00,node-01,payments-api,500,True,anomalous,market_aware_v1,73.662,58.706,326.373,28.567,1.512,164.541,17.311,4.218
9edaebad-ea39-4938-9de5-7bc631d880e2,2026-04-25T16:56:37.128592-04:00,node-01,orders-api,500,True,anomalous,market_aware_v1,76.703,56.662,324.205,29.49,1.521,167.659,44.055,4.373
d6ee8da6-7a0d-426f-818a-ac374a7fd6cd,2026-04-25T16:56:37.129078-04:00,node-01,checkout-api,502,True,anomalous,market_aware_v1,79.108,56.604,328.19,27.162,1.604,160.644,25.617,4.265
14b58458-2506-4673-8220-1e244e53fb09,2026-04-25T16:56:37.129566-04:00,node-01,payments-api,503,True,anomalous,market_aware_v1,73.935,64.464,336.511,25.449,1.547,160.351,12.794,4.384
aff5cb03-a4f9-4ceb-b9eb-9617f5331b78,2026-04-25T16:56:37.130063-04:00,node-01,orders-api,429,True,anomalous,market_aware_v1,78.063,55.357,293.91,30.887,1.402,150.662,56.11,3.815
57170831-ae15-4636-8699-0dac051549ea,2026-04-25T16:56:37.130571-04:00,node-01,checkout-api,503,True,anomalous,market_aware_v1,76.887,62.67,325.021,27.526,1.587,161.459,31.34,4.363
79923a4c-4b78-42b6-ad49-3b647b62f4fe,2026-04-25T16:56:37.131054-04:00,node-01,payments-api,502,True,anomalous,market_aware_v1,69.759,63.68,336.026,26.782,1.494,157.756,19.686,4.14
82d5c974-9841-42ba-aaea-e12c60cc212b,2026-04-25T16:56:37.131557-04:00,node-01,orders-api,503,True,anomalous,market_aware_v1,82.56,57.024,301.619,30.152,1.306,151.201,59.611,3.622
e83585bc-d2b4-4b05-96af-ce1c97142c57,2026-04-25T16:56:37.132051-04:00,node-01,checkout-api,502,True,anomalous,market_aware_v1,82.371,63.243,327.437,31.762,1.901,159.886,27.588,4.599
25004ee2-9909-4d31-95b0-27acb861a0a1,2026-04-25T16:56:37.132551-04:00,node-01,payments-api,500,True,anomalous,market_aware_v1,75.165,58.972,327.235,25.807,1.555,161.443,14.103,4.132
cfb77708-436f-434c-aa9b-2929f5103e15,2026-04-25T16:56:37.133033-04:00,node-01,orders-api,502,True,anomalous,market_aware_v1,82.089,55.096,305.651,34.741,1.438,160.697,52.54,4.085
f0cde655-fc71-4dc4-9683-91aac11f5201,2026-04-25T16:56:37.133536-04:00,node-01,checkout-api,429,True,anomalous,market_aware_v1,84.81,61.765,323.192,27.587,1.539,158.844,36.339,4.245
5eff6c42-70e0-4073-8a9e-2fc42189cb55,2026-04-25T16:56:37.134016-04:00,node-01,payments-api,429,True,anomalous,market_aware_v1,77.187,62.14,336.089,23.516,1.55,163.427,17.102,4.404
f4fe0e6f-f1b6-44df-8e73-298e8e14a9c2,2026-04-25T16:56:37.134524-04:00,node-01,orders-api,500,True,anomalous,market_aware_v1,84.803,62.028,317.674,31.946,1.719,157.878,53.601,4.51
57221fac-2174-4199-8f2b-fa2e23550a3e,2026-04-25T16:56:37.135163-04:00,node-01,checkout-api,502,True,anomalous,market_aware_v1,84.454,60.183,321.986,28.508,1.562,157.221,32.437,4.189
ed23eccd-06e8-4e85-a79b-91fb7851e0fa,2026-04-25T16:56:37.135747-04:00,node-01,payments-api,502,True,anomalous,market_aware_v1,81.75,62.773,342.876,29.568,1.534,167.625,15.848,4.517
58f5545e-32b6-4977-814a-2a8467ce834c,2026-04-25T16:56:37.136260-04:00,node-01,orders-api,503,True,anomalous,market_aware_v1,88.334,57.685,319.802,32.897,1.429,162.616,54.699,4.117
88fa49a2-9a7e-48e3-b93d-96fc2e8ed6b5,2026-04-25T16:56:37.136764-04:00,node-01,checkout-api,502,True,anomalous,market_aware_v1,82.196,65.052,333.271,30.446,1.541,166.002,35.874,4.323
22ef76c0-5987-4f3b-9fa5-26501a1717d4,2026-04-25T16:56:37.137240-04:00,node-01,payments-api,500,True,anomalous,market_aware_v1,84.817,64.455,337.717,25.342,1.462,158.579,27.677,4.201
fe9ae6ae-a065-4d37-b68a-3ba729668cf5,2026-04-25T16:56:37.137776-04:00,node-01,orders-api,500,True,anomalous,market_aware_v1,83.859,63.497,315.24,35.709,1.462,163.458,60.981,4.181
4888df80-5c5a-4bf0-a73a-844a7a2f27ef,2026-04-25T16:56:37.138289-04:00,node-01,checkout-api,500,True,anomalous,market_aware_v1,87.613,61.662,346.981,31.455,1.671,164.41,35.749,4.465
05d3898c-4919-4269-9be5-63e0e5d2c003,2026-04-25T16:56:37.138905-04:00,node-01,payments-api,500,True,anomalous,market_aware_v1,80.396,65.03,338.67,27.265,1.532,163.031,22.504,4.365
d6124577-af07-4086-b038-510cc0e50d46,2026-04-25T16:56:37.139411-04:00,node-01,orders-api,503,True,anomalous,market_aware_v1,83.206,64.418,298.051,34.098,1.344,152.12,58.383,3.812
20a86c19-1502-4944-b7e0-2cb722cf5964,2026-04-25T16:56:37.139937-04:00,node-01,checkout-api,500,True,anomalous,market_aware_v1,87.558,66.904,330.796,30.686,1.632,162.164,35.385,4.328
31032999-5610-4cb2-a9e1-5f94542c870f,2026-04-25T16:56:37.140399-04:00,node-01,payments-api,502,True,anomalous,market_aware_v1,80.367,65.551,336.556,28.436,1.502,161.862,26.172,4.295
2c15b71d-a0b1-4c23-9296-030953416bd3,2026-04-25T16:56:37.140849-04:00,node-01,orders-api,429,True,anomalous,market_aware_v1,82.684,59.569,317.562,30.074,1.501,160.654,57.37,4.072
028dd0f0-11cf-40cd-bd17-ef9a784642ba,2026-04-25T16:56:37.141345-04:00,node-01,checkout-api,503,True,anomalous,market_aware_v1,84.249,64.667,324.548,29.968,1.546,159.874,36.572,4.264
2de0828e-f471-45ac-8c4e-a8b5436a2486,2026-04-25T16:56:37.141857-04:00,node-01,payments-api,429,True,anomalous,market_aware_v1,79.172,63.035,343.658,27.969,1.564,165.081,14.009,4.407
fc71a134-fc19-4460-844d-2e16aa09f6bd,2026-04-25T16:56:37.142327-04:00,node-01,orders-api,503,True,anomalous,market_aware_v1,82.549,61.6,312.222,34.44,1.351,156.494,48.974,3.989
a31ad555-cf7b-4d98-a831-d6ca5a4034f3,2026-04-25T16:56:37.142878-04:00,node-01,checkout-api,503,True,anomalous,market_aware_v1,73.606,61.361,302.219,29.689,1.476,150.907,37.921,4.033
06d02158-7c6d-424f-b8c7-01ebf4ccf957,2026-04-25T16:56:37.143404-04:00,node-01,payments-api,429,True,anomalous,market_aware_v1,75.768,66.232,332.543,24.429,1.453,164.703,15.781,4.23
e41cfc04-f639-4f5a-b0b8-1519a75a6ec2,2026-04-25T16:56:37.143888-04:00,node-01,orders-api,502,True,anomalous,market_aware_v1,79.41,52.25,295.73,31.511,1.378,153.088,51.273,3.925
f378bd79-860e-472d-bd7f-869c416c3a86,2026-04-25T16:56:37.144386-04:00,node-01,checkout-api,500,True,anomalous,market_aware_v1,78.294,57.192,333.516,27.541,1.642,161.07,21.389,4.366
ff26cb03-c61c-4351-834d-e494fb8dd6a7,2026-04-25T16:56:37.144841-04:00,node-01,payments-api,503,True,anomalous,market_aware_v1,69.337,62.208,332.08,25.3,1.461,155.642,13.772,3.893
d50949e0-887f-46e2-a032-34b71686f1e0,2026-04-25T16:56:37.145282-04:00,node-01,orders-api,429,True,anomalous,market_aware_v1,76.373,55.308,301.93,29.257,1.388,157.45,50.775,3.971
5d3388d9-45f7-4a26-87e3-fe1a9f26e32d,2026-04-25T16:56:37.145715-04:00,node-01,checkout-api,503,True,anomalous,market_aware_v1,82.39,59.847,350.943,30.557,2.004,165.179,16.123,4.864
396b9d0b-7780-4f23-9900-f62ac4f6e9ec,2026-04-25T16:56:37.146155-04:00,node-01,payments-api,500,True,anomalous,market_aware_v1,70.837,58.612,320.072,23.752,1.449,150.254,23.862,3.868
1327df24-acd5-4899-bf03-171ef8592164,2026-04-25T16:56:37.146689-04:00,node-01,orders-api,502,True,anomalous,market_aware_v1,74.666,55.366,310.096,29.068,1.427,160.568,45.383,4.14
65f4fda6-2b6b-4064-bcdd-21238790e7b8,2026-04-25T16:56:37.147119-04:00,node-01,checkout-api,429,True,anomalous,market_aware_v1,74.345,57.958,327.078,27.682,1.509,162.777,21.826,4.222
572e1549-a76c-4c17-a7fb-7181ff85def6,2026-04-25T16:56:37.147630-04:00,node-01,payments-api,429,True,anomalous,market_aware_v1,63.465,59.684,315.993,25.571,1.385,154.023,13.727,4.099
d61e5cee-87bf-4d80-b337-5da8b03117fe,2026-04-25T16:56:37.148068-04:00,node-01,orders-api,500,True,anomalous,market_aware_v1,77.976,54.138,313.981,27.913,1.377,159.956,41.945,3.939
9ed4f792-21b4-47a9-a795-8db2d64047b4,2026-04-25T16:56:37.148516-04:00,node-01,checkout-api,500,True,anomalous,market_aware_v1,75.968,54.639,319.954,27.162,1.565,157.577,22.557,4.233
ba8e487f-34ac-4452-8bb7-887d90c66cc1,2026-04-25T16:56:37.149015-04:00,node-01,payments-api,500,True,anomalous,market_aware_v1,70.192,58.928,315.741,23.646,1.42,152.821,16.178,3.904
05b69075-2b6b-4d88-96ac-ba8edd747d4a,2026-04-25T16:56:37.149480-04:00,node-01,orders-api,500,True,anomalous,market_aware_v1,78.624,52.734,301.558,29.543,1.254,149.865,42.254,3.734
decfa353-97f0-4435-92ce-428f60e3ed6a,2026-04-25T16:56:37.149902-04:00,node-01,checkout-api,503,True,anomalous,market_aware_v1,75.891,59.036,324.435,28.093,1.541,159.714,20.933,4.232
8eae0c20-a445-4ffb-8790-eb3e9a8e72a5,2026-04-25T16:56:37.150331-04:00,node-01,payments-api,503,True,anomalous,market_aware_v1,70.718,62.758,317.382,23.369,1.432,157.093,10.991,4.157
1c1806d1-e0c6-47f9-b588-0344751a8f87,2026-04-25T16:56:37.150771-04:00,node-01,orders-api,500,True,anomalous,market_aware_v1,74.935,49.914,304.279,30.865,1.463,157.716,42.786,3.923
ca8c24d3-d618-413a-bb3e-e2aaa951024b,2026-04-25T16:56:37.151179-04:00,node-01,checkout-api,502,True,anomalous,market_aware_v1,79.553,58.978,342.195,28.559,1.649,159.036,30.791,4.629
f62619aa-6678-48a1-a030-2ff0d959ba10,2026-04-25T16:56:37.151608-04:00,node-01,payments-api,500,True,anomalous,market_aware_v1,69.103,57.738,330.849,22.932,1.548,160.516,11.184,4.248
8a5a348c-dd3d-4b3e-81c3-d0ab02986d61,2026-04-25T16:56:37.152051-04:00,node-01,orders-api,503,True,anomalous,market_aware_v1,82.058,57.746,315.202,30.696,1.351,160.917,50.683,4.016
679fa290-0684-4192-8185-3fb5dec3418e,2026-04-25T16:56:37.152513-04:00,node-01,checkout-api,502,True,anomalous,market_aware_v1,76.227,63.707,338.334,31.806,2.02,164.994,19.169,4.952
9b63d194-7fc3-46d7-a9d0-cc81e4c48c58,2026-04-25T16:56:37.152935-04:00,node-01,payments-api,500,True,anomalous,market_aware_v1,74.633,60.408,335.646,26.664,1.527,164.093,11.386,4.327
86cc73e8-c060-44be-aa9c-245e80c0b18c,2026-04-25T16:56:37.153311-04:00,node-01,orders-api,502,True,anomalous,market_aware_v1,84.786,55.252,302.193,33.311,1.364,157.688,53.307,3.9
c0091eb4-830d-4cd0-aaf7-90839c997932,2026-04-25T16:56:37.153764-04:00,node-01,checkout-api,500,True,anomalous,market_aware_v1,76.643,57.804,322.977,30.522,1.484,158.832,25.254,4.178
4edbbc03-47b0-45e0-90b2-178852a18846,2026-04-25T16:56:37.154209-04:00,node-01,payments-api,429,True,anomalous,market_aware_v1,81.522,64.011,349.561,26.413,1.884,166.755,10.644,4.86
4f35bd39-6417-4b09-ad46-ea6859df76bb,2026-04-25T16:56:37.154642-04:00,node-01,orders-api,500,True,anomalous,market_aware_v1,84.152,58.632,303.727,30.926,1.411,158.841,61.278,4.119
e8db6e09-8514-4f82-99c0-bd90f75a950d,2026-04-25T16:56:37.155116-04:00,node-01,checkout-api,502,True,anomalous,market_aware_v1,81.784,61.991,323.664,29.741,1.527,153.074,41.715,4.113
46e68d35-4803-439b-b771-fe106fd04be1,2026-04-25T16:56:37.155620-04:00,node-01,payments-api,429,True,anomalous,market_aware_v1,82.013,65.442,337.062,31.744,1.864,161.252,17.336,4.623
994240af-3fb6-4b9e-ab86-f48053a0467e,2026-04-25T16:56:37.156106-04:00,node-01,orders-api,502,True,anomalous,market_aware_v1,85.345,58.254,313.745,31.573,1.28,157.366,53.352,3.819
cc8a99c8-065d-4988-a077-6fb7ae0c71ec,2026-04-25T16:56:37.156593-04:00,node-01,checkout-api,502,True,anomalous,market_aware_v1,80.887,61.689,333.939,31.666,1.592,161.677,30.166,4.446
9ec66414-4065-40cf-9643-e507d29d05ce,2026-04-25T16:56:37.157074-04:00,node-01,payments-api,429,True,anomalous,market_aware_v1,78.924,62.558,344.94,28.181,1.506,161.802,20.237,4.12
9d05e7bf-8a29-4574-b0ed-8e05730df499,2026-04-25T16:56:37.157537-04:00,node-01,orders-api,503,True,anomalous,market_aware_v1,83.372,58.92,320.586,33.961,1.43,166.07,49.225,4.072
35e7780c-96ef-4f01-8315-91d94edc925c,2026-04-25T16:56:37.157971-04:00,node-01,checkout-api,500,True,anomalous,market_aware_v1,80.199,63.253,328.979,27.368,1.534,160.916,28.04,4.238
e5438465-5e42-47d3-be49-dd5bf42e0bdb,2026-04-25T16:56:37.158428-04:00,node-01,payments-api,503,True,anomalous,market_aware_v1,78.37,63.576,346.855,25.737,1.627,166.66,15.03,4.484
c28259e9-55eb-4c73-972d-f2c2054cfe54,2026-04-25T16:56:37.158882-04:00,node-01,orders-api,500,True,anomalous,market_aware_v1,86.788,61.275,332.356,33.832,1.803,170.457,44.549,4.736
6657937c-c625-4a04-baef-01a9e28409c4,2026-04-25T16:56:37.159315-04:00,node-01,checkout-api,500,True,anomalous,market_aware_v1,76.847,59.538,321.548,31.201,1.614,158.734,29.43,4.275
5898b9ea-4c5c-47bb-8aac-c5fb8d878e99,2026-04-25T16:56:37.159744-04:00,node-01,payments-api,502,True,anomalous,market_aware_v1,75.558,65.8,329.837,26.653,1.543,155.081,17.879,4.238
047d13d2-2c43-4911-bf57-b70855db2c55,2026-04-25T16:56:37.160205-04:00,node-01,orders-api,502,True,anomalous,market_aware_v1,87.591,59.968,320.446,32.92,1.415,155.58,55.282,3.911
e3694f5e-6519-4af0-849b-4923c2c49a3b,2026-04-25T16:56:37.160633-04:00,node-01,checkout-api,500,True,anomalous,market_aware_v1,74.852,61.663,320.816,29.688,1.599,159.021,31.803,4.336
badd6d16-3014-4664-9f29-42f5da155395,2026-04-25T16:56:37.161188-04:00,node-01,payments-api,429,True,anomalous,market_aware_v1,73.914,61.731,342.122,24.914,1.524,164.928,11.264,4.276
97ced007-6462-4083-a349-3d2db2b63b7b,2026-04-25T16:56:37.161622-04:00,node-01,orders-api,502,True,anomalous,market_aware_v1,80.928,54.973,312.48,30.221,1.419,155.782,50.992,4.111
3d6f1e2b-e769-4342-b2a6-a1eb228b4566,2026-04-25T16:56:37.162191-04:00,node-01,checkout-api,500,True,anomalous,market_aware_v1,76.025,58.462,320.952,25.611,1.585,156.643,21.474,4.069
05262228-162c-4f6e-8e2b-c3a0b74f18e6,2026-04-25T16:56:37.162718-04:00,node-01,payments-api,502,True,anomalous,market_aware_v1,74.334,61.898,333.777,25.996,1.52,158.9,15.11,4.213
187b6d6f-66ad-4e5c-95ce-b5877797cb87,2026-04-25T16:56:37.163207-04:00,node-01,orders-api,500,True,anomalous,market_aware_v1,78.785,59.693,310.799,30.738,1.372,162.332,45.193,4.178
99c41a86-47cc-46a2-9d4f-057df7b110c4,2026-04-25T16:56:37.163695-04:00,node-01,checkout-api,500,True,anomalous,market_aware_v1,80.795,58.967,329.389,26.621,1.624,161.32,29.668,4.41
5f6f3599-59df-4df5-a467-4fd561497587,2026-04-25T16:56:37.164108-04:00,node-01,payments-api,503,True,anomalous,market_aware_v1,75.609,61.888,345.203,24.198,1.65,170.184,12.215,4.586
d53dffc1-7d29-4aea-b5ab-ce8bfd246a00,2026-04-25T16:56:37.164610-04:00,node-01,orders-api,503,True,anomalous,market_aware_v1,77.321,55.297,305.7,32.009,1.278,151.159,48.949,3.558
e958a290-147c-46d3-85c7-64abf44b9b3b,2026-04-25T16:56:37.165090-04:00,node-01,checkout-api,429,True,anomalous,market_aware_v1,78.583,59.099,315.904,30.646,1.52,156.416,30.307,4.191
bb8a227f-9858-44a8-96a6-47c01af19c56,2026-04-25T16:56:37.165574-04:00,node-01,payments-api,429,True,anomalous,market_aware_v1,70.143,59.784,323.76,26.261,1.447,159.827,10.598,4.286
d3794a18-dcdc-479a-8324-ebcf3309828f,2026-04-25T16:56:37.165988-04:00,node-01,orders-api,502,True,anomalous,market_aware_v1,79.615,54.41,304.138,29.155,1.352,159.22,49.07,4.094
7c6e99b3-079c-454d-9b9d-1c640756d520,2026-04-25T16:56:37.167548-04:00,node-01,checkout-api,500,True,anomalous,market_aware_v1,71.584,60.009,301.699,28.413,1.377,146.202,27.997,3.689
f62c40e6-f429-4c7d-ab25-c1a3586119b7,2026-04-25T16:56:37.168712-04:00,node-01,payments-api,502,True,anomalous,market_aware_v1,71.272,61.327,318.389,27.693,1.409,151.015,17.102,3.979
8f3baa09-3cf3-41b0-938c-9425bf72f9d2,2026-04-25T16:56:37.169305-04:00,node-01,orders-api,502,True,anomalous,market_aware_v1,78.343,57.039,303.72,30.097,1.5,162.956,53.606,4.201
2d72bfd4-11ec-41d9-9509-6958e54a11f0,2026-04-25T16:56:37.169802-04:00,node-01,checkout-api,500,True,anomalous,market_aware_v1,76.104,60.973,319.799,28.757,1.593,158.541,30.411,4.343
bc61bf1b-3171-4888-bc00-884b7fe84705,2026-04-25T16:56:37.170295-04:00,node-01,payments-api,429,True,anomalous,market_aware_v1,72.303,64.596,316.935,25.841,1.504,159.337,13.71,4.274
6a522d32-b969-41e1-8738-b87b4cc4925f,2026-04-25T16:56:37.170843-04:00,node-01,orders-api,429,True,anomalous,market_aware_v1,79.991,59.39,319.563,30.796,1.413,158.534,53.021,3.981
fe7ae19d-245b-4dd7-aa40-08d871646883,2026-04-25T16:56:37.171330-04:00,node-01,checkout-api,502,True,anomalous,market_aware_v1,76.155,59.423,317.813,29.863,1.575,156.505,28.615,4.242
570d7168-b6c5-4d2e-af07-ea9476e5e63a,2026-04-25T16:56:37.171844-04:00,node-01,payments-api,500,True,anomalous,market_aware_v1,76.746,64.383,335.339,26.847,1.453,159.273,16.917,4.147
ec9f4bf4-55c1-43db-8a06-6229514371b7,2026-04-25T16:56:37.172300-04:00,node-01,orders-api,502,True,anomalous,market_aware_v1,83.451,58.489,329.632,30.067,1.531,165.017,53.611,4.165
ffe4d61b-5b85-4949-9aba-bd90a86caf8c,2026-04-25T16:56:37.172780-04:00,node-01,checkout-api,500,True,anomalous,market_aware_v1,79.705,62.886,321.486,31.517,1.51,159.137,30.204,4.099
3a4a4283-8b71-413a-a053-614209368764,2026-04-25T16:56:37.173244-04:00,node-01,payments-api,500,True,anomalous,market_aware_v1,76.064,67.414,335.065,26.298,1.515,160.818,25.926,4.296
83e48bf6-f22f-49f2-84e7-b068b146b496,2026-04-25T16:56:37.173736-04:00,node-01,orders-api,429,True,anomalous,market_aware_v1,83.509,58.032,335.03,29.196,1.514,164.86,58.078,4.315
f4f70ae6-bce3-4043-a5af-2ed39470b4a5,2026-04-25T16:56:37.174218-04:00,node-01,checkout-api,502,True,anomalous,market_aware_v1,87.738,69.667,349.412,33.317,1.899,167.267,26.97,5.009
31fcca67-d22e-491d-8633-692079827728,2026-04-25T16:56:37.174710-04:00,node-01,payments-api,500,True,anomalous,market_aware_v1,76.291,65.278,332.913,27.151,1.595,158.36,23.273,4.247
7c576272-9455-447c-9b36-f8e5e22484c8,2026-04-25T16:56:37.175191-04:00,node-01,orders-api,503,True,anomalous,market_aware_v1,87.043,60.119,311.321,31.32,1.401,161.291,61.158,3.994
393361f8-85d4-4229-b210-e995833c9980,2026-04-25T16:56:37.175683-04:00,node-01,checkout-api,503,True,anomalous,market_aware_v1,83.024,61.985,328.378,31.028,1.616,162.782,35.706,4.293
611ff819-ba51-4884-afc4-1f4e2dbb097f,2026-04-25T16:56:37.176141-04:00,node-01,payments-api,502,True,anomalous,market_aware_v1,80.229,69.443,347.642,27.935,1.649,168.69,26.433,4.589
9aaca974-069b-4114-9464-ee46562831a3,2026-04-25T16:56:37.176643-04:00,node-01,orders-api,500,True,anomalous,market_aware_v1,90.195,60.855,310.353,34.262,1.404,158.848,58.994,3.89
dee516cb-4e15-4118-a608-52a2f552ae2f,2026-04-25T16:56:37.177123-04:00,node-01,checkout-api,429,True,anomalous,market_aware_v1,81.636,62.758,335.649,31.057,1.583,158.854,37.603,4.192
3da6403a-c9cd-427e-844e-eeec8ab9295c,2026-04-25T16:56:37.177675-04:00,node-01,payments-api,502,True,anomalous,market_aware_v1,79.739,64.012,362.479,25.521,1.589,171.45,24.927,4.571
30be4877-c8eb-4028-b7f2-ecdc6272628d,2026-04-25T16:56:37.178175-04:00,node-01,orders-api,500,True,anomalous,market_aware_v1,86.842,61.819,312.105,31.223,1.401,157.627,57.556,4.025
f2b5f0f7-55e4-43da-816c-91bb7cf014da,2026-04-25T16:56:37.178748-04:00,node-01,checkout-api,502,True,anomalous,market_aware_v1,84.122,61.131,342.754,30.506,1.676,165.249,32.758,4.439
407d8e66-0b38-4552-9c6b-7d99cdf0712d,2026-04-25T16:56:37.179247-04:00,node-01,payments-api,429,True,anomalous,market_aware_v1,78.705,66.611,344.895,26.85,1.528,165.401,19.318,4.264
40a61e61-8f50-48fa-8adb-3312b7da6129,2026-04-25T16:56:37.179743-04:00,node-01,orders-api,502,True,anomalous,market_aware_v1,82.899,59.528,294.136,30.007,1.244,148.22,59.513,3.625
5c97b887-2b8c-434b-a989-24549e80c333,2026-04-25T16:56:37.180237-04:00,node-01,checkout-api,429,True,anomalous,market_aware_v1,82.698,62.825,339.065,31.019,1.554,165.509,31.433,4.41
08943441-7297-4447-bf96-3a93f6b99fd7,2026-04-25T16:56:37.180747-04:00,node-01,payments-api,503,True,anomalous,market_aware_v1,80.149,63.18,329.796,25.631,1.612,158.824,20.211,4.255
02407019-289a-43f1-a2b7-b484663884e3,2026-04-25T16:56:37.181244-04:00,node-01,orders-api,503,True,anomalous,market_aware_v1,80.119,56.442,329.201,30.404,1.689,166.805,43.085,4.49
ffe0bca7-c4fb-4b2e-a085-be375e9d24f8,2026-04-25T16:56:37.181745-04:00,node-01,checkout-api,500,True,anomalous,market_aware_v1,80.541,58.945,339.41,27.371,1.678,162.06,25.249,4.54
1f113c7f-4dd8-48e8-8474-f9f656befcdf,2026-04-25T16:56:37.182250-04:00,node-01,payments-api,502,True,anomalous,market_aware_v1,74.213,61.739,342.797,26.25,1.544,169.319,9.805,4.586
fc7d617e-25b3-4300-b453-1e2fe438c8d2,2026-04-25T16:56:37.182728-04:00,node-01,orders-api,429,True,anomalous,market_aware_v1,81.229,56.15,312.254,30.536,1.468,155.351,50.095,4.032
1d52dbbb-29d9-4933-882b-5b71da5791fc,2026-04-25T16:56:37.183236-04:00,node-01,checkout-api,500,True,anomalous,market_aware_v1,79.264,57.981,330.905,26.001,1.58,158.971,27.979,4.313
bb00a5e4-b3e1-4278-a1e3-191b6137f24f,2026-04-25T16:56:37.183759-04:00,node-01,payments-api,502,True,anomalous,market_aware_v1,69.806,61.186,339.799,24.749,1.422,159.129,8.697,4.176
ce8444fe-9a3b-48ee-9489-df7b47ad9122,2026-04-25T16:56:37.184265-04:00,node-01,orders-api,429,True,anomalous,market_aware_v1,77.902,57.058,309.15,27.522,1.38,156.595,52.172,3.795
180c9baf-1ece-4c47-8676-4e8ff0597074,2026-04-25T16:56:37.184756-04:00,node-01,checkout-api,503,True,anomalous,market_aware_v1,77.726,59.51,334.316,27.723,1.576,163.948,20.94,4.397
c670c33d-7d3c-4f06-b530-b5f4a06d52e0,2026-04-25T16:56:37.185262-04:00,node-01,payments-api,500,True,anomalous,market_aware_v1,72.568,56.645,342.751,24.651,1.653,165.896,7.18,4.442
6953a59d-6981-4fd6-aa72-d699a5b11b37,2026-04-25T16:56:37.185773-04:00,node-01,orders-api,503,True,anomalous,market_aware_v1,81.04,54.092,307.98,27.664,1.406,156.76,40.587,3.909
303a5ec4-27ec-4904-9969-e390d5257439,2026-04-25T16:56:37.186275-04:00,node-01,checkout-api,429,True,anomalous,market_aware_v1,74.741,57.754,323.907,28.025,1.52,154.781,21.726,4.198
ee8a1266-3b41-4d86-a9b7-aec32517b87a,2026-04-25T16:56:37.186773-04:00,node-01,payments-api,502,True,anomalous,market_aware_v1,68.843,58.788,318.186,24.594,1.41,152.295,8.019,4.026
dc139133-bb50-4f18-b56f-a22325a373d4,2026-04-25T16:56:37.187275-04:00,node-01,orders-api,502,True,anomalous,market_aware_v1,74.184,54.842,314.512,29.252,1.369,157.27,39.286,3.972
36652d15-b294-4f68-aae9-7c28a802eb62,2026-04-25T16:56:37.187768-04:00,node-01,checkout-api,500,True,anomalous,market_aware_v1,79.268,58.229,341.55,30.257,1.823,163.862,13.242,4.778
b20e6762-64ad-46f8-899e-fd5b22f42895,2026-04-25T16:56:37.188305-04:00,node-01,payments-api,500,True,anomalous,market_aware_v1,71.476,61.342,357.251,27.095,1.777,169.45,13.783,4.843
a24599a2-55c7-4e7f-86dd-e9edf2f76440,2026-04-25T16:56:37.188847-04:00,node-01,orders-api,502,True,anomalous,market_aware_v1,80.067,57.949,328.977,30.573,1.796,166.014,38.926,4.588
3e0a9c56-bed3-4326-8bad-173dc6e5ecb1,2026-04-25T16:56:37.189346-04:00,node-01,checkout-api,429,True,anomalous,market_aware_v1,79.612,59.401,322.343,27.715,1.499,154.279,25.816,4.065
f2f58bfc-5d13-4aae-99a9-a2d12f13218f,2026-04-25T16:56:37.189860-04:00,node-01,payments-api,502,True,anomalous,market_aware_v1,71.444,57.674,333.057,24.955,1.44,158.334,8.768,4.159
80fe3ce1-bf46-48c5-8cc3-3e7c2ead9af3,2026-04-25T16:56:37.190341-04:00,node-01,orders-api,500,True,anomalous,market_aware_v1,76.544,56.218,310.628,30.731,1.353,156.492,52.239,3.798
dab5eb77-51f5-4d89-818e-7a0cebf8cbd9,2026-04-25T16:56:37.190859-04:00,node-01,checkout-api,502,True,anomalous,market_aware_v1,78.425,57.696,330.513,29.627,1.492,161.836,19.787,4.082
d410a6ba-4d2b-4d8c-b45f-f0d587f34200,2026-04-25T16:56:37.191374-04:00,node-01,payments-api,429,True,anomalous,market_aware_v1,76.311,63.678,330.135,25.948,1.536,163.846,8.167,4.261
0661121f-e5b3-4b0d-949a-446604b85004,2026-04-25T16:56:37.191865-04:00,node-01,orders-api,502,True,anomalous,market_aware_v1,79.272,53.678,315.772,30.041,1.437,163.053,49.408,4.243
30cae3e4-1591-4d71-b6bc-b0c12ec79a06,2026-04-25T16:56:37.192327-04:00,node-01,checkout-api,503,True,anomalous,market_aware_v1,86.971,58.201,336.196,29.1,1.619,164.47,24.936,4.375
5cfa5d11-7b35-4217-a269-8327135f0286,2026-04-25T16:56:37.192830-04:00,node-01,payments-api,502,True,anomalous,market_aware_v1,80.477,65.253,338.038,25.533,1.568,165.094,14.687,4.418
0b949ab8-5b80-4252-86a5-35b5d6bda076,2026-04-25T16:56:37.193344-04:00,node-01,orders-api,429,True,anomalous,market_aware_v1,82.098,58.946,311.898,29.713,1.362,160.261,47.637,4.035
eed5330c-fd9e-4c0a-a4c5-2ae0f80dfa3f,2026-04-25T16:56:37.193867-04:00,node-01,checkout-api,503,True,anomalous,market_aware_v1,84.389,63.329,340.98,28.799,1.643,162.282,30.766,4.539
e5b954fc-7872-4403-99ac-72f4e069e705,2026-04-25T16:56:37.194372-04:00,node-01,payments-api,500,True,anomalous,market_aware_v1,82.988,63.172,346.04,27.076,1.568,164.211,17.792,4.335
d87ededd-3dfc-47de-82eb-951642023641,2026-04-25T16:56:37.194869-04:00,node-01,orders-api,500,True,anomalous,market_aware_v1,84.586,57.228,319.029,32.903,1.525,163.206,49.195,4.188
191f425f-4300-4961-bd27-e9fdbea43678,2026-04-25T16:56:37.195373-04:00,node-01,checkout-api,502,True,anomalous,market_aware_v1,81.701,61.593,349.666,32.432,1.477,158.216,36.697,4.112
67b38e91-d5fe-4102-b9bd-5087c269f907,2026-04-25T16:56:37.195855-04:00,node-01,payments-api,503,True,anomalous,market_aware_v1,78.042,64.125,355.462,27.101,1.582,172.673,11.648,4.435
a77ff395-84e6-43c5-99b3-1f98b6f809b4,2026-04-25T16:56:37.196374-04:00,node-01,orders-api,500,True,anomalous,market_aware_v1,82.92,58.547,299.615,32.503,1.381,156.494,53.655,3.86
3723fb48-a4f1-44d7-9e4e-7e6b62b67cc1,2026-04-25T16:56:37.196875-04:00,node-01,checkout-api,502,True,anomalous,market_aware_v1,76.53,62.318,320.054,30.247,1.481,151.686,35.441,4.033
abccd926-2c1a-4dc9-b330-828102ee31d5,2026-04-25T16:56:37.197373-04:00,node-01,payments-api,429,True,anomalous,market_aware_v1,79.686,64.487,340.306,25.428,1.544,166.485,14.942,4.458
23a68bcc-2d49-4217-92e2-ca9d3677b486,2026-04-25T16:56:37.197872-04:00,node-01,orders-api,429,True,anomalous,market_aware_v1,83.53,61.123,321.732,31.681,1.445,159.442,55.046,4.041
820e7a49-9acd-4a77-b75f-7d3a1f1a8e58,2026-04-25T16:56:37.198352-04:00,node-01,checkout-api,502,True,anomalous,market_aware_v1,83.749,62.259,327.11,30.826,1.653,159.491,34.774,4.384
d7fe8422-bfbd-48cb-aa71-6d84c2ddf936,2026-04-25T16:56:37.198844-04:00,node-01,payments-api,502,True,anomalous,market_aware_v1,73.863,64.43,325.586,24.499,1.52,153.618,18.913,4.072
f36856ef-e413-42e5-afbf-2f038091eea1,2026-04-25T16:56:37.199323-04:00,node-01,orders-api,429,True,anomalous,market_aware_v1,86.886,58.271,315.351,29.709,1.507,162.539,52.175,4.163
6bcafd1b-dfbb-4d94-ae15-16edf20fb984,2026-04-25T16:56:37.199822-04:00,node-01,checkout-api,429,True,anomalous,market_aware_v1,78.921,59.552,329.362,29.019,1.527,160.321,33.88,4.212
69f0ae2b-e440-4329-b3bc-be7730695c2e,2026-04-25T16:56:37.200305-04:00,node-01,payments-api,429,True,anomalous,market_aware_v1,74.777,62.105,339.453,25.296,1.562,158.199,21.929,4.529
c4c38133-d74d-4a4a-b5f8-b737a71beb75,2026-04-25T16:56:37.200800-04:00,node-01,orders-api,502,True,anomalous,market_aware_v1,82.771,56.987,310.905,31.204,1.354,159.89,53.463,4.038
77736caa-4f99-4d84-89d2-5e37df2f0923,2026-04-25T16:56:37.201293-04:00,node-01,checkout-api,503,True,anomalous,market_aware_v1,78.387,64.43,322.837,27.095,1.586,162.611,21.379,4.221
c5a0d0ce-7af6-4c6b-8729-3721d8e74a3a,2026-04-25T16:56:37.201791-04:00,node-01,payments-api,429,True,anomalous,market_aware_v1,71.476,61.784,342.804,24.182,1.505,163.846,17.259,4.256
606ed669-3405-4a75-a216-3e4522b4a828,2026-04-25T16:56:37.202273-04:00,node-01,orders-api,429,True,anomalous,market_aware_v1,79.855,56.946,298.08,27.998,1.257,145.136,54.246,3.536
873c37a3-21ca-4cd0-9ae0-fce5fdedcd12,2026-04-25T16:56:37.202768-04:00,node-01,checkout-api,429,True,anomalous,market_aware_v1,74.921,63.655,317.884,28.756,1.349,150.081,32.261,3.927
e89038fe-ff40-417e-a859-264121352a41,2026-04-25T16:56:37.203249-04:00,node-01,payments-api,500,True,anomalous,market_aware_v1,74.453,60.999,336.742,25.53,1.526,162.906,9.978,4.186
3001e1ac-6d2c-4758-9bff-62bbb335d398,2026-04-25T16:56:37.203738-04:00,node-01,orders-api,500,True,anomalous,market_aware_v1,82.468,60.936,315.229,32.837,1.734,163.465,46.352,4.502
589e3230-2b07-4f92-ae50-4a8cf6563e94,2026-04-25T16:56:37.204222-04:00,node-01,checkout-api,503,True,anomalous,market_aware_v1,76.676,60.587,318.56,27.074,1.442,153.739,31.788,4.024
4c51997c-487c-4d2e-8f8a-07569702093e,2026-04-25T16:56:37.204717-04:00,node-01,payments-api,502,True,anomalous,market_aware_v1,70.614,60.712,340.696,27.148,1.478,162.063,15.699,4.186
8fe7e54f-13d6-4723-83fe-4b9136f87478,2026-04-25T16:56:37.205198-04:00,node-01,orders-api,500,True,anomalous,market_aware_v1,81.839,54.76,315.841,31.14,1.565,161.329,43.328,4.111
a8fa0bf0-108a-4bc5-a811-ffb65bd65a0c,2026-04-25T16:56:37.205682-04:00,node-01,checkout-api,500,True,anomalous,market_aware_v1,78.204,58.089,337.679,27.774,1.636,160.287,28.128,4.295
bf94eb60-bbf2-4b17-9633-85f42a71caf8,2026-04-25T16:56:37.206171-04:00,node-01,payments-api,500,True,anomalous,market_aware_v1,76.161,63.954,356.244,28.522,1.594,169.857,6.891,4.47
68b96f9e-4b06-413b-a785-b045341ef453,2026-04-25T16:56:37.206644-04:00,node-01,orders-api,502,True,anomalous,market_aware_v1,84.019,56.16,308.611,29.829,1.313,152.55,52.638,3.841
cb7df36b-62b4-4df6-a9f3-5197d86bf0ad,2026-04-25T16:56:37.207112-04:00,node-01,checkout-api,500,True,anomalous,market_aware_v1,74.52,56.576,327.927,27.326,1.587,161.551,22.13,4.465
9fdc0cf4-21c4-4a1d-a6a6-5f8fea0f9df7,2026-04-25T16:56:37.207587-04:00,node-01,payments-api,500,True,anomalous,market_aware_v1,75.576,62.901,333.814,26.039,1.464,159.749,14.74,4.096
45df516f-101d-4c9d-b66e-bd68d76537ba,2026-04-25T16:56:37.208071-04:00,node-01,orders-api,500,True,anomalous,market_aware_v1,79.669,60.083,307.83,31.69,1.453,157.418,53.905,4.086
c7a9b430-bd8f-4823-aa4e-d4ca5967a4ac,2026-04-25T16:56:37.208559-04:00,node-01,checkout-api,429,True,anomalous,market_aware_v1,80.123,64.609,330.599,29.694,1.574,161.258,27.15,4.307
067bf5f2-5fac-492b-b417-2d14d1edf914,2026-04-25T16:56:37.209178-04:00,node-01,payments-api,502,True,anomalous,market_aware_v1,74.785,63.006,332.432,29.146,1.582,162.154,20.466,4.301
0bd93533-a8fc-4570-b34a-6e84f8553539,2026-04-25T16:56:37.209657-04:00,node-01,orders-api,503,True,anomalous,market_aware_v1,84.991,59.068,327.641,31.791,1.434,162.373,53.616,4.091
957130f9-4161-4fb5-a84f-ae94360b4559,2026-04-25T16:56:37.210160-04:00,node-01,checkout-api,503,True,anomalous,market_aware_v1,82.2,63.175,341.464,30.747,1.718,167.33,25.082,4.436
db6e782b-5bc9-4bf9-a1d5-c2ceb24b0bf2,2026-04-25T16:56:37.210672-04:00,node-01,payments-api,500,True,anomalous,market_aware_v1,82.626,65.746,353.585,28.172,1.583,170.103,12.382,4.461
63eab3bb-f77a-41e4-be66-d247832e4dd3,2026-04-25T16:56:37.211205-04:00,node-01,orders-api,429,True,anomalous,market_aware_v1,84.837,62.241,321.729,30.974,1.341,156.157,57.054,3.941
ee1a506d-8cb7-43eb-adc5-c268334800ec,2026-04-25T16:56:37.211712-04:00,node-01,checkout-api,502,True,anomalous,market_aware_v1,86.262,66.331,343.262,29.684,1.645,169.851,30.349,4.517
5206c3cd-35b1-46ad-92a3-7d2a27380cda,2026-04-25T16:56:37.212224-04:00,node-01,payments-api,502,True,anomalous,market_aware_v1,83.219,67.699,350.136,30.315,1.924,175.633,17.772,5.033
0d46464e-a25c-4c2a-95c0-fda7b12d75fb,2026-04-25T16:56:37.212730-04:00,node-01,orders-api,429,True,anomalous,market_aware_v1,89.383,62.873,316.5,33.325,1.447,164.561,54.539,4.138
5c79b11d-0744-499a-80b0-79d36cbae870,2026-04-25T16:56:37.213216-04:00,node-01,checkout-api,503,True,anomalous,market_aware_v1,81.509,67.505,338.158,30.314,1.668,167.185,33.673,4.433
e0e57c3a-894a-40ff-81b4-4da56260f217,2026-04-25T16:56:37.213720-04:00,node-01,payments-api,429,True,anomalous,market_aware_v1,79.387,67.353,341.811,27.862,1.597,165.42,25.921,4.461
9fb00276-c879-465e-beb0-ac7c5294cb08,2026-04-25T16:56:37.214217-04:00,node-01,orders-api,502,True,anomalous,market_aware_v1,83.476,64.762,308.614,30.713,1.437,159.751,55.425,4.078
03e80744-a3a1-4ac3-8653-d0e64723569c,2026-04-25T16:56:37.214719-04:00,node-01,checkout-api,502,True,anomalous,market_aware_v1,83.642,65.299,332.895,30.707,1.58,161.143,34.461,4.23
3391f3e2-bb5a-4983-97a6-af81179c0c45,2026-04-25T16:56:37.215219-04:00,node-01,payments-api,500,True,anomalous,market_aware_v1,78.029,68.421,345.404,29.816,1.459,161.456,21.905,4.239
8e1de9ea-8736-4621-ad4a-f7b0c037de07,2026-04-25T16:56:37.215715-04:00,node-01,orders-api,503,True,anomalous,market_aware_v1,83.774,62.178,329.482,33.241,1.508,168.376,53.636,4.229
30082bdc-c340-47a3-8828-78cd36cbbe80,2026-04-25T16:56:37.216161-04:00,node-01,checkout-api,502,True,anomalous,market_aware_v1,82.227,61.772,321.929,31.449,1.487,158.182,35.491,4.173
7ff32e26-b177-4da1-ba94-573e13b8ca0c,2026-04-25T16:56:37.216644-04:00,node-01,payments-api,502,True,anomalous,market_aware_v1,81.858,67.166,354.747,25.819,1.639,163.879,23.809,4.496
591aa7ef-779e-4574-935f-e974453cde19,2026-04-25T16:56:37.217133-04:00,node-01,orders-api,429,True,anomalous,market_aware_v1,87.512,58.749,314.436,30.143,1.329,159.241,53.164,4.053
48c41515-250f-4e79-8b23-1cb2e7c30381,2026-04-25T16:56:37.217632-04:00,node-01,checkout-api,503,True,anomalous,market_aware_v1,82.375,62.811,324.928,30.191,1.578,162.899,27.499,4.302
7815ba62-7cbe-4b3d-8b0e-e2c29c7d61c1,2026-04-25T16:56:37.218125-04:00,node-01,payments-api,500,True,anomalous,market_aware_v1,77.02,64.21,331.011,24.361,1.527,159.791,17.949,4.237
365d49e0-da08-4f3e-8ce5-cc08744d0709,2026-04-25T16:56:37.218994-04:00,node-01,orders-api,503,True,anomalous,market_aware_v1,82.78,57.881,331.132,30.582,1.361,159.806,54.276,3.962
bee2b75b-1643-4c9f-957b-ecc8e45fc80a,2026-04-25T16:56:37.219519-04:00,node-01,checkout-api,500,True,anomalous,market_aware_v1,83.795,55.58,332.116,29.072,1.539,157.531,22.444,4.175
3591b3e1-54b0-497c-81f3-947d4578e921,2026-04-25T16:56:37.220020-04:00,node-01,payments-api,503,True,anomalous,market_aware_v1,74.903,63.114,342.957,26.043,1.522,163.91,12.562,4.311
729b36e9-2452-44fe-889a-cc06fa9ce6f6,2026-04-25T16:56:37.220504-04:00,node-01,orders-api,500,True,anomalous,market_aware_v1,80.817,59.773,306.602,31.607,1.363,155.497,42.711,3.963
d8a6a265-91e7-4864-95e3-b1f11c3653a4,2026-04-25T16:56:37.220965-04:00,node-01,checkout-api,503,True,anomalous,market_aware_v1,78.446,60.553,347.362,30.552,1.923,166.428,16.925,4.824
91800e3d-511d-448d-889a-2b5e8ad55f94,2026-04-25T16:56:37.221421-04:00,node-01,payments-api,500,True,anomalous,market_aware_v1,74.0,61.41,342.724,24.3,1.465,158.451,12.896,4.225
2602f9e9-5509-41b2-a475-73d64efaf1a4,2026-04-25T16:56:37.221891-04:00,node-01,orders-api,503,True,anomalous,market_aware_v1,78.492,55.834,305.073,27.066,1.408,156.884,46.564,3.9
b0e43837-6fdd-4206-9d86-97b292904a66,2026-04-25T16:56:37.222338-04:00,node-01,checkout-api,502,True,anomalous,market_aware_v1,74.636,57.598,320.764,27.664,1.575,161.976,21.14,4.27
c5120bd3-6786-4e3f-9456-804287d5f69d,2026-04-25T16:56:37.222813-04:00,node-01,payments-api,502,True,anomalous,market_aware_v1,72.289,60.659,363.314,25.223,1.738,175.933,1.572,4.889
e90c3a3a-ae10-401b-88d8-4141b7fc4fe1,2026-04-25T16:56:37.223310-04:00,node-01,orders-api,502,True,anomalous,market_aware_v1,78.417,55.471,301.287,28.879,1.301,155.279,44.421,3.85
1816a745-518d-4387-9f03-2978b0a71677,2026-04-25T16:56:37.223802-04:00,node-01,checkout-api,429,True,anomalous,market_aware_v1,73.359,59.182,330.184,26.683,1.39,152.895,21.982,3.932
224ccf9b-b249-404f-8ba0-54d7359149df,2026-04-25T16:56:37.224265-04:00,node-01,payments-api,500,True,anomalous,market_aware_v1,64.989,60.864,330.714,22.975,1.552,163.016,8.732,4.343
670e36eb-0f43-4f77-80b5-a1acdb00243c,2026-04-25T16:56:37.224770-04:00,node-01,orders-api,503,True,anomalous,market_aware_v1,76.573,54.307,302.178,30.034,1.285,151.511,43.017,3.622
860d6da9-578c-47e9-9596-5fae8423eb3d,2026-04-25T16:56:37.225260-04:00,node-01,checkout-api,502,True,anomalous,market_aware_v1,79.325,55.977,331.309,26.047,1.605,160.11,22.738,4.264
a55ee575-7a2e-4cae-bd70-cee9ef473e54,2026-04-25T16:56:37.225816-04:00,node-01,payments-api,502,True,anomalous,market_aware_v1,72.464,58.13,338.81,23.517,1.45,165.108,11.71,4.237
9c17fd8e-d571-4eb5-9270-4e9d8d4941b4,2026-04-25T16:56:37.226804-04:00,node-01,orders-api,503,True,anomalous,market_aware_v1,80.571,55.712,326.931,29.442,1.44,166.271,40.159,4.292
b462d474-b434-485b-89db-544bf794fc19,2026-04-25T16:56:37.227486-04:00,node-01,checkout-api,500,True,anomalous,market_aware_v1,80.134,58.016,338.759,27.347,1.686,166.56,15.751,4.474
e71ee61f-c107-4e3d-9d95-85d11cc90373,2026-04-25T16:56:37.227986-04:00,node-01,payments-api,502,True,anomalous,market_aware_v1,73.264,59.238,322.045,24.209,1.412,150.734,17.674,3.922
375231e8-b08a-4f46-b1c8-8afd9e47d618,2026-04-25T16:56:37.228482-04:00,node-01,orders-api,500,True,anomalous,market_aware_v1,85.617,55.691,329.734,31.066,1.774,165.309,41.164,4.636
caee4ce1-5fe7-4bab-9e4e-a2e7e5cd6b0e,2026-04-25T16:56:37.228966-04:00,node-01,checkout-api,429,True,anomalous,market_aware_v1,77.835,59.903,329.05,28.467,1.611,167.563,17.629,4.495
407935cc-194e-4d25-9add-d69a8835740d,2026-04-25T16:56:37.229421-04:00,node-01,payments-api,503,True,anomalous,market_aware_v1,74.524,63.403,334.69,26.874,1.445,165.078,12.895,4.33
b6a0032a-fd5b-4c32-ae24-bab1c80e65c5,2026-04-25T16:56:37.229914-04:00,node-01,orders-api,429,True,anomalous,market_aware_v1,82.938,57.934,309.688,31.575,1.33,156.659,48.851,3.903
c4320e39-7825-4eac-ac0a-401fd652178e,2026-04-25T16:56:37.230396-04:00,node-01,checkout-api,429,True,anomalous,market_aware_v1,78.739,59.949,343.181,29.353,1.531,163.987,23.527,4.242
e8819038-93c4-4781-a71e-499d55576209,2026-04-25T16:56:37.230865-04:00,node-01,payments-api,502,True,anomalous,market_aware_v1,83.448,62.107,347.294,25.389,1.678,167.82,21.866,4.585
e16e956a-5dd3-469f-abbc-117497d739c7,2026-04-25T16:56:37.231329-04:00,node-01,orders-api,429,True,anomalous,market_aware_v1,83.005,58.592,320.117,30.671,1.497,164.24,51.443,4.279
cd02f45e-42cd-4e6b-9a9a-2f8a62d3c635,2026-04-25T16:56:37.231815-04:00,node-01,checkout-api,502,True,anomalous,market_aware_v1,83.112,62.792,346.032,30.037,1.794,170.415,24.867,5.024
576dd9cf-5aac-4749-9160-e70373ec48e0,2026-04-25T16:56:37.232290-04:00,node-01,payments-api,500,True,anomalous,market_aware_v1,82.027,63.474,360.907,27.237,1.568,169.978,14.925,4.554
d31f2be5-0315-43f4-981c-de6fb0a37f49,2026-04-25T16:56:37.232750-04:00,node-01,orders-api,502,True,anomalous,market_aware_v1,85.621,61.899,317.269,32.549,1.424,168.206,56.265,4.19
b282b3c5-9cf4-4881-b143-5fa0b2c24ede,2026-04-25T16:56:37.233233-04:00,node-01,checkout-api,503,True,anomalous,market_aware_v1,87.429,63.391,357.271,31.012,1.924,170.197,26.666,4.934
0537cfa4-750d-446c-97e3-966460284214,2026-04-25T16:56:37.233721-04:00,node-01,payments-api,500,True,anomalous,market_aware_v1,78.756,66.667,344.693,26.901,1.505,163.367,17.857,4.303
df992b88-d7de-4d94-9427-a349fbcfcc33,2026-04-25T16:56:37.234212-04:00,node-01,orders-api,429,True,anomalous,market_aware_v1,86.407,61.3,336.855,32.557,1.585,169.897,54.908,4.629
9a9488ec-107e-4a0b-8c23-86ca18811845,2026-04-25T16:56:37.234706-04:00,node-01,checkout-api,500,True,anomalous,market_aware_v1,86.162,64.498,355.892,30.456,1.881,171.084,35.502,5.118
564613f0-34ca-40d5-8d44-146c8ed9e9fe,2026-04-25T16:56:37.235690-04:00,node-01,payments-api,503,True,anomalous,market_aware_v1,78.085,63.34,345.594,26.039,1.741,171.813,9.503,4.668
03a7a610-bddc-4de3-bad3-401b770f2f5a,2026-04-25T16:56:37.236166-04:00,node-01,orders-api,500,True,anomalous,market_aware_v1,82.96,59.541,318.834,31.52,1.362,156.577,54.308,3.89
2b7914b3-a0a3-4714-b5ed-8c0b3a130eec,2026-04-25T16:56:37.236685-04:00,node-01,checkout-api,429,True,anomalous,market_aware_v1,83.76,62.107,344.922,30.314,1.64,168.014,27.274,4.504
438b3372-524f-4183-a42e-d4a345cc9275,2026-04-25T16:56:37.237182-04:00,node-01,payments-api,429,True,anomalous,market_aware_v1,73.936,65.938,342.939,27.533,1.597,163.355,16.343,4.375
1de5b493-87de-4156-ac86-3831d314a2a2,2026-04-25T16:56:37.237668-04:00,node-01,orders-api,502,True,anomalous,market_aware_v1,80.328,58.643,322.739,32.995,1.504,163.52,53.481,4.198
6c5aac95-062e-4ac0-bcb4-b4dd9d5e226e,2026-04-25T16:56:37.238108-04:00,node-01,checkout-api,503,True,anomalous,market_aware_v1,80.153,60.984,326.894,26.268,1.701,162.213,33.962,4.504
cc11a7c8-5239-43c2-afdc-7e398c2a34fa,2026-04-25T16:56:37.238577-04:00,node-01,payments-api,502,True,anomalous,market_aware_v1,78.735,64.79,343.104,26.634,1.513,160.31,15.782,4.157
62ac583f-ea3a-4320-862d-971c116c6e71,2026-04-25T16:56:37.239077-04:00,node-01,orders-api,429,True,anomalous,market_aware_v1,83.906,59.996,326.944,32.42,1.706,161.108,42.944,4.5
591201a0-ed5b-431e-9963-8ac3cce016d8,2026-04-25T16:56:37.239583-04:00,node-01,checkout-api,502,True,anomalous,market_aware_v1,77.135,60.883,331.238,30.42,1.592,163.919,25.388,4.237
83dd75a6-9b1a-4603-8818-e3e0a6207a08,2026-04-25T16:56:37.240009-04:00,node-01,payments-api,429,True,anomalous,market_aware_v1,74.686,65.714,356.019,25.402,1.579,167.882,9.877,4.476
7376fa3b-3850-4a42-8a88-c14e3bb8a8a6,2026-04-25T16:56:37.240456-04:00,node-01,orders-api,502,True,anomalous,market_aware_v1,74.755,58.872,295.907,28.201,1.42,159.734,48.174,3.898
3191117d-631c-43d5-bdec-ba627c80084e,2026-04-25T16:56:37.240896-04:00,node-01,checkout-api,500,True,anomalous,market_aware_v1,78.959,65.041,327.653,28.917,1.46,154.03,21.05,4.041
97359c4d-0479-4676-afcd-b3c71aa145ca,2026-04-25T16:56:37.241312-04:00,node-01,payments-api,500,True,anomalous,market_aware_v1,80.431,62.428,351.123,24.641,1.81,166.65,2.782,4.737
5d768394-3cf2-4d2e-8bbe-ecd301b39770,2026-04-25T16:56:37.241750-04:00,node-01,orders-api,503,True,anomalous,market_aware_v1,77.736,54.877,313.019,29.384,1.368,160.142,47.029,3.976
cac3e258-c2bf-4a05-bac2-57a3f65ae005,2026-04-25T16:56:37.242203-04:00,node-01,checkout-api,503,True,anomalous,market_aware_v1,79.596,59.442,331.767,28.224,1.53,157.747,27.029,4.221
e58b4b70-a596-4e24-8c18-c132ce3ff49b,2026-04-25T16:56:37.242686-04:00,node-01,payments-api,429,True,anomalous,market_aware_v1,73.456,60.15,328.854,21.984,1.443,156.111,12.892,4.187
3389d1c0-04e2-4b11-a8da-111ff7a2b6ba,2026-04-25T16:56:37.243173-04:00,node-01,orders-api,500,True,anomalous,market_aware_v1,79.938,56.702,308.461,29.462,1.339,156.691,50.536,3.942
5c511ecd-f5c4-4686-b683-855f95381377,2026-04-25T16:56:37.243612-04:00,node-01,checkout-api,502,True,anomalous,market_aware_v1,79.095,59.169,359.97,26.84,1.82,178.51,20.112,4.986
c8d29143-9c90-4397-bc23-196011b30692,2026-04-25T16:56:37.244021-04:00,node-01,payments-api,500,True,anomalous,market_aware_v1,76.091,60.169,351.925,26.05,1.593,166.266,11.046,4.524
9cb8edf0-1a10-46e1-8fe7-34a2a6229a34,2026-04-25T16:56:37.244421-04:00,node-01,orders-api,503,True,anomalous,market_aware_v1,79.631,58.885,309.658,29.768,1.424,161.381,49.25,4.158
5141b9d3-e65e-4a89-8cc5-1f7630104a0f,2026-04-25T16:56:37.244875-04:00,node-01,checkout-api,503,True,anomalous,market_aware_v1,80.909,58.451,345.588,26.707,1.635,162.585,28.126,4.295
03106839-e150-4563-85a2-8140711cfd8e,2026-04-25T16:56:37.245307-04:00,node-01,payments-api,429,True,anomalous,market_aware_v1,77.313,62.217,351.489,25.882,1.693,170.383,12.836,4.658
f1b5bb25-caf6-46fe-9682-661ce44cc64a,2026-04-25T16:56:37.245819-04:00,node-01,orders-api,500,True,anomalous,market_aware_v1,84.328,57.773,316.001,32.563,1.437,158.432,50.067,4.021
cc2cba0c-8c31-4299-9176-f36b8abf176f,2026-04-25T16:56:37.246307-04:00,node-01,checkout-api,429,True,anomalous,market_aware_v1,86.922,62.529,370.784,31.612,2.091,172.951,17.332,5.116
eee6fecb-d761-4232-9058-a687eb7fd552,2026-04-25T16:56:37.246799-04:00,node-01,payments-api,502,True,anomalous,market_aware_v1,79.561,65.106,351.204,29.296,1.48,156.168,15.927,4.198
34afe591-d6c6-4d3c-a39c-26dad65a51ba,2026-04-25T16:56:37.247284-04:00,node-01,orders-api,502,True,anomalous,market_aware_v1,84.675,62.013,321.678,32.775,1.457,169.123,47.757,4.3
fa8472c5-4560-4ce0-8c57-e8691e02c266,2026-04-25T16:56:37.247773-04:00,node-01,checkout-api,500,True,anomalous,market_aware_v1,85.612,63.426,328.065,29.204,1.592,161.106,31.736,4.285
82cccb02-b32f-4dce-8182-c43a53fea98d,2026-04-25T16:56:37.248316-04:00,node-01,payments-api,503,True,anomalous,market_aware_v1,79.796,65.11,336.862,25.732,1.511,160.121,19.805,4.165
61aa24f0-944a-45a0-bf89-86f55765979c,2026-04-25T16:56:37.248870-04:00,node-01,orders-api,502,True,anomalous,market_aware_v1,89.309,64.368,337.114,32.883,1.427,171.418,47.952,4.299
06c6bf3b-c1ee-460c-ba86-776119f369c3,2026-04-25T16:56:37.249417-04:00,node-01,checkout-api,429,True,anomalous,market_aware_v1,85.471,67.088,329.982,31.534,1.548,158.634,37.169,4.205
bc3d1d04-6780-4341-826d-8ae9afa8410a,2026-04-25T16:56:37.249946-04:00,node-01,payments-api,500,True,anomalous,market_aware_v1,78.509,66.852,340.055,27.903,1.494,162.546,26.999,4.304
350e4628-3642-4d15-b06c-35cfd231ee2b,2026-04-25T16:56:37.250481-04:00,node-01,orders-api,502,True,anomalous,market_aware_v1,88.922,62.968,311.372,34.16,1.226,154.094,63.872,3.683
465ad562-36e2-45d5-9821-95f430987ce7,2026-04-25T16:56:37.250976-04:00,node-01,checkout-api,503,True,anomalous,market_aware_v1,84.143,67.872,335.017,30.861,1.546,163.889,35.002,4.413
c695ae02-0fc9-4432-be72-d35743cde906,2026-04-25T16:56:37.251430-04:00,node-01,payments-api,429,True,anomalous,market_aware_v1,80.003,66.696,338.734,27.936,1.564,164.978,24.529,4.303
de50447f-6ec6-4d1c-a696-a224fd42ed72,2026-04-25T16:56:37.253096-04:00,node-01,orders-api,503,True,anomalous,market_aware_v1,90.963,60.328,335.704,32.233,1.57,172.621,52.107,4.364
13931f83-ae5c-4417-a0d9-8a96f44c1490,2026-04-25T16:56:37.253850-04:00,node-01,checkout-api,429,True,anomalous,market_aware_v1,88.736,64.212,354.059,27.901,1.77,166.157,33.568,4.769
b2c07952-6553-40f9-87cb-90e93b540602,2026-04-25T16:56:37.254334-04:00,node-01,payments-api,502,True,anomalous,market_aware_v1,84.183,65.231,357.305,28.869,1.928,169.453,13.684,4.936
e270c618-a9ac-40b9-9af1-d5fb97d814b7,2026-04-25T16:56:37.254839-04:00,node-01,orders-api,503,True,anomalous,market_aware_v1,88.456,63.577,313.885,33.632,1.514,165.823,51.856,4.193
bd337386-4bbb-47a7-8fa0-a85ffab85c1a,2026-04-25T16:56:37.255357-04:00,node-01,checkout-api,503,True,anomalous,market_aware_v1,81.692,66.894,337.04,31.468,1.531,158.91,33.59,4.277
7694acb7-7e63-4ff4-b8c4-8f83e2c7272c,2026-04-25T16:56:37.255914-04:00,node-01,payments-api,429,True,anomalous,market_aware_v1,77.455,61.947,336.309,26.141,1.557,164.536,21.428,4.285
214e7a52-384f-4d81-9a8b-d1761fe64107,2026-04-25T16:56:37.256993-04:00,node-01,orders-api,429,True,anomalous,market_aware_v1,83.601,59.751,315.982,30.592,1.409,158.672,57.709,4.11
eb0a3790-6b39-49bf-b4d3-60b15c19bf14,2026-04-25T16:56:37.257515-04:00,node-01,checkout-api,503,True,anomalous,market_aware_v1,82.466,61.905,336.007,29.578,1.676,163.433,26.573,4.36
674b1356-0458-43df-a815-e24a3d0b4f05,2026-04-25T16:56:37.258615-04:00,node-01,payments-api,503,True,anomalous,market_aware_v1,76.473,64.319,342.708,25.972,1.556,162.119,16.521,4.262
ee26c68d-cf1f-4ebe-b2c8-e1ee4ef26538,2026-04-25T16:56:37.259085-04:00,node-01,orders-api,500,True,anomalous,market_aware_v1,79.666,59.168,319.54,33.098,1.54,169.051,47.692,4.403
0594f618-e3d5-401c-9a00-19bcd09798e3,2026-04-25T16:56:37.259575-04:00,node-01,checkout-api,500,True,anomalous,market_aware_v1,76.776,61.97,345.546,26.248,1.696,167.48,29.59,4.549
a80db6c7-a5aa-4e05-8d35-aef707578f8b,2026-04-25T16:56:37.260136-04:00,node-01,payments-api,503,True,anomalous,market_aware_v1,75.005,61.527,354.901,24.793,1.492,164.368,13.751,4.282
02fe4325-f6fa-44dc-98c6-4b38f58070b2,2026-04-25T16:56:37.260696-04:00,node-01,orders-api,502,True,anomalous,market_aware_v1,79.321,55.339,307.874,29.599,1.343,153.916,53.876,3.854
6a370066-edf1-4c7a-a4f9-fbb19002813b,2026-04-25T16:56:37.261222-04:00,node-01,checkout-api,503,True,anomalous,market_aware_v1,78.408,62.515,324.923,29.542,1.528,154.636,28.912,4.225
98327f61-906e-4ee9-ac0b-7d15b87d51e6,2026-04-25T16:56:37.261747-04:00,node-01,payments-api,429,True,anomalous,market_aware_v1,72.138,61.181,340.755,27.48,1.531,166.577,11.86,4.389
ad5d6689-e4b7-4bfe-8142-758fa99a3e31,2026-04-25T16:56:37.262247-04:00,node-01,orders-api,429,True,anomalous,market_aware_v1,75.919,54.514,316.098,28.906,1.351,158.019,45.814,3.98
848b7d00-6bf7-4abf-af1a-23ce994c3193,2026-04-25T16:56:37.262771-04:00,node-01,checkout-api,502,True,anomalous,market_aware_v1,75.082,61.33,339.006,25.826,1.647,161.397,24.793,4.393
aa0d6685-75ff-44cb-b57e-583cbc32488f,2026-04-25T16:56:37.263284-04:00,node-01,payments-api,429,True,anomalous,market_aware_v1,71.341,61.635,367.999,24.357,1.739,172.065,0.677,4.795
4601bb0a-ade8-432b-97c7-161424b40b26,2026-04-25T16:56:37.263826-04:00,node-01,orders-api,429,True,anomalous,market_aware_v1,79.356,54.102,312.381,28.696,1.44,161.161,50.545,4.034
eb0a3bb9-ff1d-4850-b4fc-cf7cbb5ef423,2026-04-25T16:56:37.264344-04:00,node-01,checkout-api,502,True,anomalous,market_aware_v1,76.468,59.27,320.292,26.164,1.574,158.039,27.76,4.207
2dcb3d63-008f-42cb-8810-91e33e88ee88,2026-04-25T16:56:37.264864-04:00,node-01,payments-api,502,True,anomalous,market_aware_v1,66.891,66.013,331.471,25.134,1.401,162.593,2.806,4.202
b52ffce1-162d-4866-920b-186e8abc936c,2026-04-25T16:56:37.266521-04:00,node-01,orders-api,502,True,anomalous,market_aware_v1,77.162,53.362,301.899,29.944,1.323,154.558,50.011,3.871
f4d3acec-66f5-40d1-b806-8192c03722a2,2026-04-25T16:56:37.267893-04:00,node-01,checkout-api,503,True,anomalous,market_aware_v1,77.191,59.52,327.545,27.381,1.59,159.241,21.523,4.267
86dbfb30-6328-40c8-abd5-be6d698e8128,2026-04-25T16:56:37.268383-04:00,node-01,payments-api,503,True,anomalous,market_aware_v1,75.726,58.692,328.636,24.141,1.453,156.94,11.242,4.005
222bf289-e9e7-42b8-af3f-0709bebcd8fe,2026-04-25T16:56:37.268827-04:00,node-01,orders-api,429,True,anomalous,market_aware_v1,72.431,57.279,299.165,30.952,1.34,157.362,48.671,3.913
6ee3ba76-a3f7-4e53-8416-c3452b6d2940,2026-04-25T16:56:37.269782-04:00,node-01,checkout-api,502,True,anomalous,market_aware_v1,77.149,59.244,340.362,28.891,1.598,166.07,20.526,4.404
b6c30a42-5c3a-4f79-9d4c-74b9f68f252e,2026-04-25T16:56:37.270236-04:00,node-01,payments-api,429,True,anomalous,market_aware_v1,69.629,62.043,336.95,23.681,1.516,158.175,9.658,4.322
2f394199-958a-4c82-8329-6ab8858ad187,2026-04-25T16:56:37.270774-04:00,node-01,orders-api,429,True,anomalous,market_aware_v1,79.355,57.394,333.061,27.741,1.561,168.899,39.121,4.372
6c07e6e1-93ae-4a02-99df-d319259c8089,2026-04-25T16:56:37.271252-04:00,node-01,checkout-api,503,True,anomalous,market_aware_v1,75.126,62.019,334.53,29.359,1.584,164.324,25.396,4.364
5ee0925b-c6d2-415c-8951-9037aab9cb44,2026-04-25T16:56:37.271713-04:00,node-01,payments-api,503,True,anomalous,market_aware_v1,75.259,61.168,342.799,27.577,1.585,163.899,12.619,4.373
c20ba270-e74c-4586-9c01-31404365a346,2026-04-25T16:56:37.272207-04:00,node-01,orders-api,502,True,anomalous,market_aware_v1,82.221,59.238,317.37,29.397,1.474,164.274,47.919,4.148
e7578405-810c-4fc7-a660-4d466ff353d1,2026-04-25T16:56:37.272684-04:00,node-01,checkout-api,429,True,anomalous,market_aware_v1,85.89,65.175,358.435,29.074,2.001,168.17,14.866,5.013
4eee6a20-0162-460d-88f3-dd5e031e70f6,2026-04-25T16:56:37.273115-04:00,node-01,payments-api,500,True,anomalous,market_aware_v1,75.654,62.905,341.692,25.181,1.41,164.944,13.793,4.297
d5c8d276-1d25-4335-b79e-effc4a506f7c,2026-04-25T16:56:37.273547-04:00,node-01,orders-api,429,True,anomalous,market_aware_v1,86.092,60.533,324.07,33.279,1.742,161.961,46.212,4.39
4c77dc2e-2db3-464c-a8bd-05f687426b19,2026-04-25T16:56:37.273996-04:00,node-01,checkout-api,502,True,anomalous,market_aware_v1,80.935,63.014,349.665,27.518,1.7,170.78,30.85,4.708
9137df2c-27f3-4492-804e-1c781709f8cd,2026-04-25T16:56:37.274421-04:00,node-01,payments-api,502,True,anomalous,market_aware_v1,84.238,63.654,343.343,27.623,1.59,173.562,16.543,4.558
fd3530d4-b68c-4a4f-b6e2-c0f75cee543b,2026-04-25T16:56:37.274909-04:00,node-01,orders-api,429,True,anomalous,market_aware_v1,87.231,61.905,316.211,31.305,1.449,167.041,57.836,4.089
1d5622be-ab01-422f-8dd6-3097f86bbd1a,2026-04-25T16:56:37.275363-04:00,node-01,checkout-api,503,True,anomalous,market_aware_v1,81.21,65.41,332.667,29.377,1.47,164.413,39.593,4.194
fdc312c8-12fc-4b7c-9c7b-a0113bd44d54,2026-04-25T16:56:37.275840-04:00,node-01,payments-api,429,True,anomalous,market_aware_v1,79.514,64.418,342.724,25.633,1.568,170.257,20.804,4.407
0495087e-8df0-4408-a8d1-e287e5b503da,2026-04-25T16:56:37.276330-04:00,node-01,orders-api,500,True,anomalous,market_aware_v1,90.752,62.901,339.096,35.318,1.866,168.002,49.776,4.77
824967ce-2f99-4cdf-928d-e03c02823e6d,2026-04-25T16:56:37.276834-04:00,node-01,checkout-api,429,True,anomalous,market_aware_v1,86.17,65.077,355.963,33.645,2.024,176.542,21.745,5.1
865eb42a-a720-4141-bf32-628b3f9d7cba,2026-04-25T16:56:37.277313-04:00,node-01,payments-api,429,True,anomalous,market_aware_v1,79.756,61.778,353.227,27.03,1.58,169.688,25.224,4.475
089f5901-6746-457d-aa01-8945b49f6afd,2026-04-25T16:56:37.277867-04:00,node-01,orders-api,429,True,anomalous,market_aware_v1,86.846,60.745,335.311,31.094,1.471,171.957,51.529,4.328
898c40f0-6a73-40d4-a418-5567f624a30c,2026-04-25T16:56:37.278426-04:00,node-01,checkout-api,500,True,anomalous,market_aware_v1,84.399,59.641,346.247,29.945,1.611,172.136,22.554,4.638
10c95934-eb08-4a75-b8c5-2e1bebd2aaa9,2026-04-25T16:56:37.278926-04:00,node-01,payments-api,500,True,anomalous,market_aware_v1,79.318,64.924,353.687,26.781,1.575,169.679,15.809,4.375
9d03d87c-7417-455b-8b35-e3d06dad4a20,2026-04-25T16:56:37.279420-04:00,node-01,orders-api,502,True,anomalous,market_aware_v1,89.4,58.906,337.396,31.743,1.536,169.28,47.834,4.397
23c060a4-38f9-4e78-87f5-7e59655e1d90,2026-04-25T16:56:37.279889-04:00,node-01,checkout-api,503,True,anomalous,market_aware_v1,82.347,58.833,334.896,30.733,1.573,163.253,25.855,4.329
98840933-540b-4ac4-8cfa-b76a7d4f5193,2026-04-25T16:56:37.280358-04:00,node-01,payments-api,503,True,anomalous,market_aware_v1,77.593,58.398,347.011,25.091,1.549,166.434,13.586,4.322
fad9864f-f555-4b9f-96c3-53d70cd25edd,2026-04-25T16:56:37.280823-04:00,node-01,orders-api,429,True,anomalous,market_aware_v1,79.13,58.525,324.503,31.393,1.531,165.242,48.164,4.272
96cd8300-c48f-46dc-b13b-78ea7c8f696f,2026-04-25T16:56:37.281258-04:00,node-01,checkout-api,429,True,anomalous,market_aware_v1,79.775,61.844,346.568,28.814,1.713,168.359,25.903,4.624
ebd50fbf-86f7-4ed6-910e-3a282ac371a3,2026-04-25T16:56:37.281738-04:00,node-01,payments-api,429,True,anomalous,market_aware_v1,76.86,64.217,341.553,25.618,1.465,167.779,17.764,4.306
6dbac53b-d9e5-4658-92b1-de0946dd8272,2026-04-25T16:56:37.282264-04:00,node-01,orders-api,500,True,anomalous,market_aware_v1,80.164,59.378,331.663,33.445,1.455,165.465,45.164,4.324
aff411b1-a1e3-4c43-8496-ff2d2fef5d46,2026-04-25T16:56:37.282831-04:00,node-01,checkout-api,503,True,anomalous,market_aware_v1,82.687,61.498,351.817,28.232,1.689,176.068,15.191,4.689
d5c1a41d-e7da-4474-96ac-097b59e2b9ef,2026-04-25T16:56:37.283270-04:00,node-01,payments-api,429,True,anomalous,market_aware_v1,73.463,62.564,356.469,24.987,1.577,169.269,6.812,4.368
8a298652-8531-49c2-adf7-43b075499286,2026-04-25T16:56:37.283709-04:00,node-01,orders-api,502,True,anomalous,market_aware_v1,82.616,58.031,325.363,29.893,1.452,171.026,37.739,4.383
20837723-f7d1-4d9c-a32d-2e5bae290f63,2026-04-25T16:56:37.284253-04:00,node-01,checkout-api,500,True,anomalous,market_aware_v1,76.928,60.709,324.757,26.549,1.563,156.921,26.816,4.246
991ab69c-ad23-4491-8107-1d82a2c62c63,2026-04-25T16:56:37.284803-04:00,node-01,payments-api,503,True,anomalous,market_aware_v1,71.539,61.043,334.682,25.927,1.444,161.297,17.112,4.122
7591e2b8-f87b-4cb6-8327-7eac9ca90359,2026-04-25T16:56:37.285286-04:00,node-01,orders-api,502,True,anomalous,market_aware_v1,77.967,59.459,319.884,30.263,1.354,159.033,45.454,4.053
f8a6cff9-cb6a-4bd5-9cf3-f96a0570f299,2026-04-25T16:56:37.285837-04:00,node-01,checkout-api,429,True,anomalous,market_aware_v1,80.223,62.055,342.7,29.369,1.591,164.085,24.111,4.368
0368c914-ddeb-407e-8409-fc3eb769a05f,2026-04-25T16:56:37.286328-04:00,node-01,payments-api,500,True,anomalous,market_aware_v1,77.875,62.884,355.691,25.683,1.615,171.502,10.256,4.582
8fd64668-ae93-477a-959e-0a4fff96d9b5,2026-04-25T16:56:37.286823-04:00,node-01,orders-api,429,True,anomalous,market_aware_v1,82.731,57.586,320.94,32.786,1.519,168.496,49.6,4.37
70a25bdf-48e7-43f2-b3e2-770a632272ea,2026-04-25T16:56:37.287316-04:00,node-01,checkout-api,502,True,anomalous,market_aware_v1,80.431,61.354,329.862,29.536,1.647,163.732,27.847,4.473
21c13472-fb35-453d-8737-d8e32cbb2543,2026-04-25T16:56:37.287806-04:00,node-01,payments-api,500,True,anomalous,market_aware_v1,80.568,62.331,361.659,24.704,1.634,169.411,13.051,4.558
d1dd96c8-7312-4f30-bd40-effaece2ec61,2026-04-25T16:56:37.288403-04:00,node-01,orders-api,429,True,anomalous,market_aware_v1,81.424,59.111,314.344,31.593,1.372,156.621,48.631,3.797
2e2bf949-b900-45e1-9a13-ddfe63f377b9,2026-04-25T16:56:37.288989-04:00,node-01,checkout-api,429,True,anomalous,market_aware_v1,76.301,60.258,330.432,28.153,1.534,163.769,27.983,4.216
3bc165a1-e39d-4719-9364-e66f718dc77b,2026-04-25T16:56:37.289509-04:00,node-01,payments-api,502,True,anomalous,market_aware_v1,78.504,65.44,343.908,25.378,1.503,164.905,12.651,4.275
a92fbc36-e004-48b2-9391-b13502555855,2026-04-25T16:56:37.289997-04:00,node-01,orders-api,502,True,anomalous,market_aware_v1,86.437,57.571,334.703,33.93,1.552,164.511,60.816,4.216
e112dcc5-05a4-403a-8083-c2c091dd22e6,2026-04-25T16:56:37.290412-04:00,node-01,checkout-api,502,True,anomalous,market_aware_v1,86.018,65.549,358.385,33.577,1.923,170.687,21.604,4.867
7100ec7c-f50c-4480-a14c-78c427057e40,2026-04-25T16:56:37.290877-04:00,node-01,payments-api,503,True,anomalous,market_aware_v1,79.38,67.1,354.429,26.876,1.664,171.043,22.03,4.474
3fd6b44d-4cc1-45d7-bc8d-8361feeb11d8,2026-04-25T16:56:37.291322-04:00,node-01,orders-api,500,True,anomalous,market_aware_v1,84.313,60.309,326.283,31.659,1.543,170.205,54.804,4.402
03c356be-b490-4955-9c13-77eae5869928,2026-04-25T16:56:37.291775-04:00,node-01,checkout-api,429,True,anomalous,market_aware_v1,83.019,64.728,343.931,30.205,1.639,170.304,33.176,4.671
b0bb96c7-a061-4a6a-b752-f7dabcf0c2a6,2026-04-25T16:56:37.292232-04:00,node-01,payments-api,503,True,anomalous,market_aware_v1,81.303,64.25,356.157,29.99,1.605,172.469,14.977,4.475
40136e60-684d-45a0-9295-0039bc8325cd,2026-04-25T16:56:37.292684-04:00,node-01,orders-api,503,True,anomalous,market_aware_v1,87.477,63.065,327.715,30.444,1.396,158.346,55.873,4.003
ac707c23-2271-4b55-b690-b05d169a2939,2026-04-25T16:56:37.293136-04:00,node-01,checkout-api,500,True,anomalous,market_aware_v1,88.246,66.956,344.956,30.361,1.649,166.502,39.717,4.521
2d6e2a56-0a66-4b82-8d56-dbf05d999977,2026-04-25T16:56:37.293602-04:00,node-01,payments-api,502,True,anomalous,market_aware_v1,82.451,63.872,353.0,30.104,1.668,171.858,19.601,4.738
714d9004-28eb-43b7-ad41-efbe3ae0d0bd,2026-04-25T16:56:37.294082-04:00,node-01,orders-api,429,True,anomalous,market_aware_v1,88.987,63.746,338.064,32.343,1.469,167.869,50.91,4.305
90f6e815-a0d6-4a4e-8886-46bca4990eb6,2026-04-25T16:56:37.294564-04:00,node-01,checkout-api,502,True,anomalous,market_aware_v1,86.849,67.307,340.274,31.718,1.58,165.309,34.259,4.282
e4872d84-030c-4212-8b1b-110b97eaba3d,2026-04-25T16:56:37.295040-04:00,node-01,payments-api,502,True,anomalous,market_aware_v1,80.463,66.21,351.593,27.479,1.597,168.702,23.395,4.49
9e32dd04-b362-4c35-b84e-ddae2b4c413b,2026-04-25T16:56:37.295546-04:00,node-01,orders-api,500,True,anomalous,market_aware_v1,89.015,58.146,340.93,33.991,1.582,174.081,46.109,4.475
f2489508-7770-4fc9-8a2a-3665bdfc41d7,2026-04-25T16:56:37.296029-04:00,node-01,checkout-api,500,True,anomalous,market_aware_v1,85.107,62.881,341.895,31.209,1.58,162.347,26.183,4.152
df367faa-d26f-4c70-a9ac-8ddefc5573b6,2026-04-25T16:56:37.296858-04:00,node-01,payments-api,503,True,anomalous,market_aware_v1,80.168,66.982,343.723,27.697,1.593,170.371,22.914,4.48
ee50e918-6696-4412-aa6b-5a3a57d9e795,2026-04-25T16:56:37.297473-04:00,node-01,orders-api,429,True,anomalous,market_aware_v1,89.649,59.391,342.862,32.239,1.589,175.068,48.618,4.536
846a577e-12ea-4c3d-8ea3-e97d581b8d80,2026-04-25T16:56:37.298208-04:00,node-01,checkout-api,500,True,anomalous,market_aware_v1,85.96,64.705,359.815,31.07,2.025,176.168,20.293,5.139
5a4ca1da-4ef5-40ba-aa04-210ae10d3afd,2026-04-25T16:56:37.298821-04:00,node-01,payments-api,500,True,anomalous,market_aware_v1,78.644,63.264,347.919,25.129,1.617,172.532,14.606,4.534
d56097e3-6f72-4e55-9f1d-bbbe35052e55,2026-04-25T16:56:37.299323-04:00,node-01,orders-api,502,True,anomalous,market_aware_v1,84.326,57.508,340.816,29.762,1.523,171.474,46.968,4.461
231db8f2-dce4-4f64-b61c-ebfd33e752b3,2026-04-25T16:56:37.299929-04:00,node-01,checkout-api,502,True,anomalous,market_aware_v1,84.222,60.173,338.371,28.907,1.64,165.451,27.917,4.376
9151ea67-bdac-4374-a7a6-b0b486bafbe0,2026-04-25T16:56:37.300588-04:00,node-01,payments-api,429,True,anomalous,market_aware_v1,75.842,60.549,355.246,26.687,1.57,169.369,14.047,4.466
7cdbdaad-4ad1-4d88-8a0c-0e88c6691c21,2026-04-25T16:56:37.301073-04:00,node-01,orders-api,502,True,anomalous,market_aware_v1,82.461,61.506,331.459,30.227,1.535,165.834,43.207,4.341
5dd295a8-c348-4a8d-a9d2-75ce308942c5,2026-04-25T16:56:37.301580-04:00,node-01,checkout-api,429,True,anomalous,market_aware_v1,80.189,61.084,332.166,27.405,1.552,158.785,23.545,4.224
6171d6de-3c3e-4f9d-ae93-1f35425c3803,2026-04-25T16:56:37.302088-04:00,node-01,payments-api,429,True,anomalous,market_aware_v1,76.953,60.398,355.171,22.608,1.583,171.092,5.364,4.408
33efcab7-e573-4287-addb-9b616e774cc0,2026-04-25T16:56:37.302958-04:00,node-01,orders-api,500,True,anomalous,market_aware_v1,79.663,57.719,317.253,30.676,1.475,165.081,39.286,4.218
927c13a0-f291-401f-8d29-e6b4869447e8,2026-04-25T16:56:37.303694-04:00,node-01,checkout-api,502,True,anomalous,market_aware_v1,78.946,58.457,342.77,25.554,1.613,169.839,18.373,4.544
f8ce2ef0-9fe2-4cd3-810c-b15e169b6844,2026-04-25T16:56:37.304209-04:00,node-01,payments-api,502,True,anomalous,market_aware_v1,73.293,62.097,346.13,21.717,1.546,165.631,9.505,4.424
a14eb091-935b-4df2-80a9-0c98a2c04dfd,2026-04-25T16:56:37.304724-04:00,node-01,orders-api,503,True,anomalous,market_aware_v1,76.636,54.989,306.808,29.705,1.328,149.855,52.034,3.814
cd518b9e-73e1-486c-96f6-022295eb9224,2026-04-25T16:56:37.305200-04:00,node-01,checkout-api,502,True,anomalous,market_aware_v1,74.833,57.92,321.612,26.744,1.5,159.161,22.383,4.311
2a46d27e-85fd-4574-a02b-c3f2a9a8dd49,2026-04-25T16:56:37.305708-04:00,node-01,payments-api,429,True,anomalous,market_aware_v1,73.17,58.606,352.197,23.775,1.567,172.932,8.609,4.534
10ba1c40-5eb4-4303-b34c-55aa25e456de,2026-04-25T16:56:37.306190-04:00,node-01,orders-api,502,True,anomalous,market_aware_v1,80.996,55.668,319.986,30.0,1.472,168.541,40.827,4.357
a7149619-c1a8-4567-9940-72c909ea8e6c,2026-04-25T16:56:37.306671-04:00,node-01,checkout-api,500,True,anomalous,market_aware_v1,75.991,57.636,326.335,26.408,1.549,160.559,19.886,4.197
a6a95b01-93e8-4883-8526-4a060edbd283,2026-04-25T16:56:37.307148-04:00,node-01,payments-api,500,True,anomalous,market_aware_v1,75.993,59.978,365.749,24.0,1.966,175.511,1.468,4.986
485b9389-edbc-4e60-bf26-9d8204d77259,2026-04-25T16:56:37.307626-04:00,node-01,orders-api,502,True,anomalous,market_aware_v1,77.423,57.12,326.45,29.8,1.533,167.795,47.596,4.268
0e0a68ad-5757-458c-908e-e1239b3d6041,2026-04-25T16:56:37.308077-04:00,node-01,checkout-api,500,True,anomalous,market_aware_v1,76.227,60.064,342.84,28.566,1.655,168.225,21.32,4.452
9c7110fb-ad46-4cb7-b14c-ebdc99812896,2026-04-25T16:56:37.308588-04:00,node-01,payments-api,503,True,anomalous,market_aware_v1,75.045,59.456,339.212,26.452,1.638,174.376,10.108,4.591
2dd46171-da89-449e-a24f-29cc51597b53,2026-04-25T16:56:37.309075-04:00,node-01,orders-api,503,True,anomalous,market_aware_v1,77.733,54.54,315.582,29.109,1.419,159.109,44.732,4.078
428b978b-8a11-4a9c-b478-813714a96c49,2026-04-25T16:56:37.309534-04:00,node-01,checkout-api,503,True,anomalous,market_aware_v1,83.609,59.83,356.802,30.568,1.997,172.833,11.169,5.11
c2a01cda-5f23-4b73-83e5-40712bb7451d,2026-04-25T16:56:37.310028-04:00,node-01,payments-api,500,True,anomalous,market_aware_v1,73.897,62.253,364.843,25.401,1.595,173.774,8.779,4.538
feca84a3-632b-4be6-a8a5-ec2288e12aa2,2026-04-25T16:56:37.310852-04:00,node-01,orders-api,503,True,anomalous,market_aware_v1,85.115,57.419,339.24,29.266,1.484,164.594,42.646,4.226
c7a4aea8-fe36-464a-a8d4-e0f29530e1bd,2026-04-25T16:56:37.311295-04:00,node-01,checkout-api,429,True,anomalous,market_aware_v1,81.991,60.991,344.201,29.25,1.653,164.643,21.08,4.41
bef6796f-e20a-4153-b156-4a8c8d7b1b0f,2026-04-25T16:56:37.311754-04:00,node-01,payments-api,502,True,anomalous,market_aware_v1,76.177,62.82,354.118,26.446,1.618,166.763,14.514,4.469
e3490747-a9c1-4439-b673-bcd6f597881f,2026-04-25T16:56:37.312223-04:00,node-01,orders-api,503,True,anomalous,market_aware_v1,85.51,59.766,337.652,30.142,1.607,173.094,49.116,4.688
272876e7-ffee-4797-92eb-cfd99c402218,2026-04-25T16:56:37.312689-04:00,node-01,checkout-api,502,True,anomalous,market_aware_v1,81.04,62.569,337.954,28.801,1.677,166.402,31.48,4.445
cbaa85bc-720a-48b8-a52d-6e90bd760ab0,2026-04-25T16:56:37.313101-04:00,node-01,payments-api,500,True,anomalous,market_aware_v1,79.404,68.367,346.788,26.286,1.653,165.546,18.383,4.531
4a627a86-fcf9-4455-a57e-3dbba14b4859,2026-04-25T16:56:37.313560-04:00,node-01,orders-api,429,True,anomalous,market_aware_v1,85.489,60.774,332.928,32.564,1.474,162.421,54.745,4.181
1cee8d3b-86e4-459b-bcef-91d5f29e9ea0,2026-04-25T16:56:37.314055-04:00,node-01,checkout-api,503,True,anomalous,market_aware_v1,88.485,62.236,340.33,29.029,1.646,167.295,34.982,4.566
fd8003ff-922a-4d7b-8a0a-2601f16f730b,2026-04-25T16:56:37.314525-04:00,node-01,payments-api,502,True,anomalous,market_aware_v1,81.761,63.217,353.71,27.299,1.612,175.214,17.928,4.702
363b0cbd-1e53-49f6-af93-b8c65937b9fb,2026-04-25T16:56:37.314995-04:00,node-01,orders-api,502,True,anomalous,market_aware_v1,85.63,60.16,329.597,34.075,1.567,168.62,55.685,4.309
13eeaf39-2c97-4f51-886a-58ca738079b1,2026-04-25T16:56:37.315416-04:00,node-01,checkout-api,500,True,anomalous,market_aware_v1,82.929,65.113,333.415,31.024,1.7,165.768,33.875,4.448
bc5ce023-55ec-4efd-91fd-12530f778a9f,2026-04-25T16:56:37.315901-04:00,node-01,payments-api,500,True,anomalous,market_aware_v1,76.275,65.898,344.776,25.485,1.484,166.707,15.548,4.343
54695181-3020-4361-bc34-2343d48ec1c0,2026-04-25T16:56:37.316407-04:00,node-01,orders-api,429,True,anomalous,market_aware_v1,88.65,60.796,336.925,28.859,1.501,166.805,47.643,4.308
660b3550-dcab-49dd-b081-2b4d55437aac,2026-04-25T16:56:37.316915-04:00,node-01,checkout-api,503,True,anomalous,market_aware_v1,84.918,63.139,345.502,30.191,1.68,168.572,27.737,4.569
25e67627-48f2-451d-ab57-66313f25e48a,2026-04-25T16:56:37.317407-04:00,node-01,payments-api,429,True,anomalous,market_aware_v1,77.82,66.824,360.415,25.317,1.681,173.878,11.722,4.729
e7e695a0-9ad0-4f0b-8b52-10619e81c82f,2026-04-25T16:56:37.317899-04:00,node-01,orders-api,502,True,anomalous,market_aware_v1,85.469,59.135,339.137,29.68,1.596,172.621,45.069,4.536
547a2434-081e-4666-a15e-6edb65e6602f,2026-04-25T16:56:37.318387-04:00,node-01,checkout-api,429,True,anomalous,market_aware_v1,86.228,63.214,346.622,28.033,1.717,168.771,27.029,4.608
34e81fa5-17ec-4bbc-8d6f-aef2684a51ba,2026-04-25T16:56:37.318872-04:00,node-01,payments-api,429,True,anomalous,market_aware_v1,77.395,66.673,345.738,27.406,1.628,172.066,15.686,4.638
9686799a-c8ca-435d-be98-7944794cab0d,2026-04-25T16:56:37.319329-04:00,node-01,orders-api,502,True,anomalous,market_aware_v1,83.768,58.989,319.827,31.107,1.478,164.847,46.368,4.191
342f9ecf-3038-4862-a1ea-1869425e6c0d,2026-04-25T16:56:37.319836-04:00,node-01,checkout-api,500,True,anomalous,market_aware_v1,83.197,59.661,335.096,29.879,1.665,168.393,25.935,4.507
4fa3871a-b7e3-4781-add0-5dc3e8c28a34,2026-04-25T16:56:37.320329-04:00,node-01,payments-api,502,True,anomalous,market_aware_v1,77.869,63.927,358.34,28.725,1.886,174.079,7.785,5.02
4d65f92c-be41-472d-b7e9-31c02317efa1,2026-04-25T16:56:37.320815-04:00,node-01,orders-api,502,True,anomalous,market_aware_v1,85.303,56.651,321.25,29.361,1.46,163.379,41.028,4.074
f794ebe9-fb54-4efe-89c0-611a66b5f369,2026-04-25T16:56:37.321257-04:00,node-01,checkout-api,502,True,anomalous,market_aware_v1,79.024,63.133,340.618,28.823,1.668,164.436,27.453,4.405
a88b0c57-1a88-460d-abde-cb01bf6d4f03,2026-04-25T16:56:37.321708-04:00,node-01,payments-api,500,True,anomalous,market_aware_v1,78.485,60.567,354.987,24.304,1.522,165.479,12.95,4.302
fb08f110-e56d-416e-ae19-6156ae9c8ab2,2026-04-25T16:56:37.322145-04:00,node-01,orders-api,503,True,anomalous,market_aware_v1,81.007,54.359,341.387,31.301,1.621,171.41,41.207,4.616
ac51c893-38e0-41e8-9b4b-060369922ce3,2026-04-25T16:56:37.322615-04:00,node-01,checkout-api,500,True,anomalous,market_aware_v1,79.917,60.048,339.24,25.447,1.695,166.798,21.748,4.598
7d58fa35-e278-4cb8-b282-8d50f5ac2db0,2026-04-25T16:56:37.323047-04:00,node-01,payments-api,502,True,anomalous,market_aware_v1,76.554,62.111,352.638,25.192,1.528,168.847,13.95,4.474
0e435be3-55c1-4649-ba95-574fbda6190b,2026-04-25T16:56:37.324265-04:00,node-01,orders-api,429,True,anomalous,market_aware_v1,85.737,58.489,322.624,29.328,1.382,162.433,45.836,4.006
a64408b8-0772-4def-b07e-8402f1f83ea4,2026-04-25T16:56:37.325124-04:00,node-01,checkout-api,502,True,anomalous,market_aware_v1,78.037,63.436,341.57,28.706,1.663,167.483,17.733,4.54
f6c80b8f-d437-4e94-bb53-918abeb717e0,2026-04-25T16:56:37.325613-04:00,node-01,payments-api,500,True,anomalous,market_aware_v1,74.786,63.447,341.457,24.619,1.486,164.829,14.945,4.246
27d47b32-183c-4743-a06d-1ce3cb370fe9,2026-04-25T16:56:37.326099-04:00,node-01,orders-api,503,True,anomalous,market_aware_v1,82.125,57.933,329.361,30.361,1.555,172.109,48.147,4.28
87ab0956-cff3-47a7-a9f0-591401f23153,2026-04-25T16:56:37.326528-04:00,node-01,checkout-api,429,True,anomalous,market_aware_v1,79.48,59.769,340.967,29.137,1.625,165.839,26.404,4.349
622c082c-6bae-459e-bd81-829aa268fe67,2026-04-25T16:56:37.327047-04:00,node-01,payments-api,503,True,anomalous,market_aware_v1,78.386,61.06,344.647,25.184,1.563,165.977,11.257,4.486
e5537f5e-ae35-4ab9-a475-0cb7d0cace74,2026-04-25T16:56:37.327744-04:00,node-01,orders-api,503,True,anomalous,market_aware_v1,85.043,57.305,348.989,29.586,1.703,173.925,47.246,4.933
b331053b-3ffa-45c0-81b5-98225c45e41c,2026-04-25T16:56:37.328540-04:00,node-01,checkout-api,429,True,anomalous,market_aware_v1,78.311,62.402,357.39,28.511,1.631,167.887,27.61,4.449
40d3806e-41c5-41b0-941e-3a27f7968013,2026-04-25T16:56:37.329268-04:00,node-01,payments-api,500,True,anomalous,market_aware_v1,75.419,63.643,342.471,25.175,1.471,158.637,16.585,4.1
4d0b3a6e-7729-49ac-a33b-0187c83088dc,2026-04-25T16:56:37.329976-04:00,node-01,orders-api,503,True,anomalous,market_aware_v1,85.191,56.687,326.291,33.225,1.466,164.725,55.399,4.156
841a4baa-7e46-4a5c-bb06-139ee165dca0,2026-04-25T16:56:37.331189-04:00,node-01,checkout-api,502,True,anomalous,market_aware_v1,84.011,63.993,343.552,31.2,1.674,163.668,24.942,4.403
6599baf4-1395-466c-bb15-c516508a606d,2026-04-25T16:56:37.331831-04:00,node-01,payments-api,502,True,anomalous,market_aware_v1,81.65,67.795,366.157,27.161,1.674,175.975,10.825,4.715
1cca6c8f-eed8-4d98-8aef-9408150f6111,2026-04-25T16:56:37.332365-04:00,node-01,orders-api,502,True,anomalous,market_aware_v1,86.847,62.715,320.269,30.497,1.468,162.208,58.168,4.126
0fa1b9d7-4884-4b17-b5d2-ab26fef67695,2026-04-25T16:56:37.332927-04:00,node-01,checkout-api,503,True,anomalous,market_aware_v1,87.268,63.437,343.205,31.27,1.656,170.508,28.003,4.51
d16a15e2-69a3-4a7e-ad36-11f9de3cfbf5,2026-04-25T16:56:37.333430-04:00,node-01,payments-api,500,True,anomalous,market_aware_v1,84.368,65.82,372.28,27.857,1.675,171.529,18.031,4.645
2361ee2d-344f-4419-9864-e14b96e79cf8,2026-04-25T16:56:37.333917-04:00,node-01,orders-api,503,True,anomalous,market_aware_v1,91.628,60.549,337.912,31.163,1.532,171.297,53.65,4.427
71a3f211-8862-4c3c-9534-6637c13db7de,2026-04-25T16:56:37.334425-04:00,node-01,checkout-api,429,True,anomalous,market_aware_v1,87.84,60.365,353.395,29.551,1.707,168.653,31.395,4.521
e05529d9-f125-4294-9fbd-96388433d77c,2026-04-25T16:56:37.334923-04:00,node-01,payments-api,502,True,anomalous,market_aware_v1,79.816,64.013,367.692,26.346,1.602,175.819,21.561,4.718
37a53b08-68bf-4189-925f-0847dae598fe,2026-04-25T16:56:37.335410-04:00,node-01,orders-api,429,True,anomalous,market_aware_v1,86.842,60.802,336.617,33.272,1.586,169.979,57.457,4.269
5c99ab34-4ee1-49a8-b920-a08f6bf11b93,2026-04-25T16:56:37.336353-04:00,node-01,checkout-api,502,True,anomalous,market_aware_v1,82.836,64.852,339.378,30.061,1.608,166.479,39.877,4.417
a9eb48e6-e7e2-4382-b5bd-bde0965d1e35,2026-04-25T16:56:37.336861-04:00,node-01,payments-api,500,True,anomalous,market_aware_v1,82.151,68.133,356.272,25.8,1.781,177.564,17.389,4.82
11ab311f-4875-4712-8212-1111108bed24,2026-04-25T16:56:37.337295-04:00,node-01,orders-api,500,True,anomalous,market_aware_v1,87.347,63.803,333.162,34.185,1.438,166.535,57.372,4.204
8ad98a66-ca61-4e4f-9af4-5c1e189cf45d,2026-04-25T16:56:37.337814-04:00,node-01,checkout-api,500,True,anomalous,market_aware_v1,88.461,62.381,337.194,29.178,1.622,165.569,32.77,4.441
3e06ba52-9894-47ad-9e01-ffec66e325b9,2026-04-25T16:56:37.338307-04:00,node-01,payments-api,500,True,anomalous,market_aware_v1,85.078,65.07,356.56,27.932,1.589,172.592,22.914,4.545
5e2449fd-9564-496d-ae0a-bd0ca46e3d7d,2026-04-25T16:56:37.338799-04:00,node-01,orders-api,502,True,anomalous,market_aware_v1,87.118,60.604,334.516,33.226,1.482,170.634,48.61,4.391
060885e4-9778-44ad-bbf8-178752572524,2026-04-25T16:56:37.339278-04:00,node-01,checkout-api,502,True,anomalous,market_aware_v1,90.517,63.579,356.719,28.552,1.852,178.839,26.802,4.896
2e5ce4f4-2c40-44b6-a2ed-d761c1458f92,2026-04-25T16:56:37.339818-04:00,node-01,payments-api,502,True,anomalous,market_aware_v1,81.702,63.607,355.907,27.542,1.595,168.948,19.783,4.498
71dfb898-4479-4002-816c-f74f4cbb9d92,2026-04-25T16:56:37.340296-04:00,node-01,orders-api,500,True,anomalous,market_aware_v1,85.822,61.078,342.246,34.216,1.784,168.083,49.544,4.781
6064d2f1-984a-46de-aa11-edafdec27f27,2026-04-25T16:56:37.340805-04:00,node-01,checkout-api,500,True,anomalous,market_aware_v1,84.92,60.425,333.949,30.559,1.616,165.279,30.379,4.381
bb186114-3025-4757-934f-fc3587b1ee9e,2026-04-25T16:56:37.341293-04:00,node-01,payments-api,503,True,anomalous,market_aware_v1,74.67,64.768,349.248,28.228,1.47,163.726,8.331,4.257
fe0c3089-448b-4b7d-a1b0-4cb4c2fc6b99,2026-04-25T16:56:37.341779-04:00,node-01,orders-api,500,True,anomalous,market_aware_v1,84.893,60.04,337.559,31.308,1.501,173.219,47.902,4.439
5532b4d8-6b15-40f5-b4a9-24b10a08e8a1,2026-04-25T16:56:37.342254-04:00,node-01,checkout-api,429,True,anomalous,market_aware_v1,81.048,60.823,345.271,28.863,1.614,166.596,21.233,4.356
f1296b18-ad04-4fe1-b98d-9d73c2fc7ea2,2026-04-25T16:56:37.342740-04:00,node-01,payments-api,500,True,anomalous,market_aware_v1,72.035,63.346,352.708,24.092,1.559,169.547,8.543,4.484
a8880d6c-6668-47a9-bc77-eeba094e6f1b,2026-04-25T16:56:37.343214-04:00,node-01,orders-api,503,True,anomalous,market_aware_v1,81.944,60.193,329.836,28.655,1.346,159.132,46.977,4.094
35a5b03e-e45c-429a-9407-bb66cb26fcaa,2026-04-25T16:56:37.343660-04:00,node-01,checkout-api,502,True,anomalous,market_aware_v1,80.642,60.674,350.47,26.271,1.658,168.789,16.729,4.484
3119ede1-11a0-4a92-9e2c-5f5f063e9fac,2026-04-25T16:56:37.344108-04:00,node-01,payments-api,503,True,anomalous,market_aware_v1,72.748,60.08,337.918,23.013,1.49,164.397,11.841,4.296
e522a857-b3a9-451d-9be8-e7612919a279,2026-04-25T16:56:37.344567-04:00,node-01,orders-api,500,True,anomalous,market_aware_v1,80.041,51.671,325.462,28.944,1.416,162.033,41.925,4.127
6ff90753-ee7d-4a7b-b1aa-810d406dc725,2026-04-25T16:56:37.345052-04:00,node-01,checkout-api,503,True,anomalous,market_aware_v1,75.243,59.215,322.398,25.42,1.555,162.357,22.872,4.143
c7b92da3-edac-4ac7-a758-a8ee01c24836,2026-04-25T16:56:37.345559-04:00,node-01,payments-api,502,True,anomalous,market_aware_v1,74.141,57.767,346.396,23.721,1.63,169.214,2.401,4.538
f0cd479d-fd6d-4728-adf3-c1afdf59a47c,2026-04-25T16:56:37.346112-04:00,node-01,orders-api,503,True,anomalous,market_aware_v1,78.742,54.485,321.963,29.963,1.427,162.384,43.539,4.039
11036956-bec8-4749-99c1-79ff346d971c,2026-04-25T16:56:37.346606-04:00,node-01,checkout-api,502,True,anomalous,market_aware_v1,77.741,58.789,331.47,28.553,1.606,164.813,15.93,4.441
894ccd56-787c-4092-98ac-493971cccd04,2026-04-25T16:56:37.347088-04:00,node-01,payments-api,503,True,anomalous,market_aware_v1,71.141,59.595,341.569,23.229,1.62,171.336,5.975,4.61
0f611748-1584-42c8-972a-14b86431e226,2026-04-25T16:56:37.347569-04:00,node-01,orders-api,503,True,anomalous,market_aware_v1,78.532,52.686,321.42,26.997,1.396,159.917,45.379,4.009
e89cc18a-062e-469a-bbcf-5a95aef76d29,2026-04-25T16:56:37.348046-04:00,node-01,checkout-api,500,True,anomalous,market_aware_v1,76.926,60.149,355.09,28.686,2.077,173.485,12.384,5.079
df721a79-63de-40c9-b4d0-cea7ae765147,2026-04-25T16:56:37.348564-04:00,node-01,payments-api,500,True,anomalous,market_aware_v1,78.297,61.304,360.924,21.447,1.664,173.647,8.759,4.58
09ff8036-0cad-4dcb-9de6-240796209b3d,2026-04-25T16:56:37.349035-04:00,node-01,orders-api,503,True,anomalous,market_aware_v1,78.928,55.057,320.398,28.097,1.468,162.321,46.014,4.137
e29878f2-0579-4780-8c35-667e939e81ef,2026-04-25T16:56:37.349637-04:00,node-01,checkout-api,500,True,anomalous,market_aware_v1,75.558,58.249,337.803,29.937,1.7,173.576,22.695,4.701
991df57e-d891-422a-b7d8-145c74224e07,2026-04-25T16:56:37.350108-04:00,node-01,payments-api,502,True,anomalous,market_aware_v1,79.263,60.628,353.615,24.458,1.566,165.582,12.282,4.449
e0858c2d-13db-4947-a226-8a5e28d842f1,2026-04-25T16:56:37.350604-04:00,node-01,orders-api,429,True,anomalous,market_aware_v1,82.311,54.123,313.726,29.244,1.487,163.675,44.854,4.354
d2830184-ff1e-4394-af11-72a91fbfd35e,2026-04-25T16:56:37.351111-04:00,node-01,checkout-api,502,True,anomalous,market_aware_v1,81.824,60.652,341.865,29.147,1.625,167.624,21.602,4.549
4c660abb-d90f-4575-b81e-33e0f03524f2,2026-04-25T16:56:37.351602-04:00,node-01,payments-api,502,True,anomalous,market_aware_v1,76.149,63.696,339.868,22.722,1.569,167.351,7.825,4.334
ce63ab50-bb5a-442e-9aa0-c04abce9a462,2026-04-25T16:56:37.352091-04:00,node-01,orders-api,429,True,anomalous,market_aware_v1,83.53,56.425,334.796,32.881,1.58,170.391,43.907,4.445
bfc47d95-b044-41e9-9290-e55d8ff0442a,2026-04-25T16:56:37.352579-04:00,node-01,checkout-api,500,True,anomalous,market_aware_v1,79.521,59.34,348.844,27.67,1.653,173.525,22.492,4.683
59cf52a1-270e-4a0c-9e23-ef3d59834daa,2026-04-25T16:56:37.353068-04:00,node-01,payments-api,502,True,anomalous,market_aware_v1,78.925,65.705,356.864,28.286,1.583,168.334,12.091,4.526
4c7dc145-8bd2-4c89-94fc-f4f8daa42fd2,2026-04-25T16:56:37.353560-04:00,node-01,orders-api,429,True,anomalous,market_aware_v1,82.11,60.124,334.77,31.212,1.535,166.979,50.458,4.317
43493895-ab76-493f-a170-c15f4c1ba4fa,2026-04-25T16:56:37.354060-04:00,node-01,checkout-api,500,True,anomalous,market_aware_v1,84.267,63.344,341.455,28.737,1.627,167.0,28.003,4.635
0b6e7863-af48-42a5-854b-f637febd0a63,2026-04-25T16:56:37.354555-04:00,node-01,payments-api,500,True,anomalous,market_aware_v1,79.064,68.562,347.441,28.723,1.614,173.616,12.154,4.508
9350bab8-4644-4a13-8108-8a07d8eba17d,2026-04-25T16:56:37.355043-04:00,node-01,orders-api,429,True,anomalous,market_aware_v1,86.461,59.3,322.703,34.716,1.458,163.583,53.611,4.162
284a42b2-b2b0-43f1-bf55-ea078cf9af2f,2026-04-25T16:56:37.355542-04:00,node-01,checkout-api,429,True,anomalous,market_aware_v1,85.697,63.188,347.657,30.583,1.674,171.598,27.009,4.537
c26b9f2b-823c-48b4-a5c3-28e9d19c4544,2026-04-25T16:56:37.356024-04:00,node-01,payments-api,500,True,anomalous,market_aware_v1,78.329,65.594,358.0,26.259,1.48,165.643,24.443,4.207
ff27641d-42e4-4ce4-8ef6-a88cc385552d,2026-04-25T16:56:37.356549-04:00,node-01,orders-api,429,True,anomalous,market_aware_v1,88.315,60.259,337.466,29.763,1.423,166.475,54.273,4.132
3d2c6983-75b4-424c-a9a0-9740e8c3935c,2026-04-25T16:56:37.357050-04:00,node-01,checkout-api,429,True,anomalous,market_aware_v1,88.805,65.723,348.498,30.167,1.719,168.921,30.58,4.633
1ca02d3e-0524-4fa3-9544-f38cf7775520,2026-04-25T16:56:37.357540-04:00,node-01,payments-api,502,True,anomalous,market_aware_v1,81.478,65.187,360.308,28.342,1.528,173.162,12.815,4.461
405c49aa-13c6-4121-adec-b2534ac00a78,2026-04-25T16:56:37.358031-04:00,node-01,orders-api,500,True,anomalous,market_aware_v1,91.137,62.144,342.849,33.016,1.854,173.936,43.859,4.757
76751d4b-47bb-481a-82e6-953fc6663120,2026-04-25T16:56:37.358532-04:00,node-01,checkout-api,502,True,anomalous,market_aware_v1,84.707,62.501,356.076,30.777,2.105,177.458,26.854,5.334
c1512874-02be-4ab3-9b4c-9583f783615b,2026-04-25T16:56:37.359024-04:00,node-01,payments-api,429,True,anomalous,market_aware_v1,79.601,62.639,358.49,26.069,1.651,175.198,17.463,4.668
963585c9-6f8b-4a41-a445-17d18c832cc3,2026-04-25T16:56:37.359540-04:00,node-01,orders-api,502,True,anomalous,market_aware_v1,81.786,53.821,313.659,30.29,1.449,161.705,55.016,4.13
184868e8-1a42-438e-a25b-25c2125be929,2026-04-25T16:56:37.360024-04:00,node-01,checkout-api,503,True,anomalous,market_aware_v1,82.533,61.088,340.795,27.115,1.47,157.238,34.064,4.109
93c28c8c-6148-40aa-93a1-7a1bcaff744b,2026-04-25T16:56:37.360499-04:00,node-01,payments-api,429,True,anomalous,market_aware_v1,78.443,63.256,372.851,25.131,1.724,181.53,4.141,5.035
cbadf11c-6693-4b3b-bdc2-b6067969c051,2026-04-25T16:56:37.360967-04:00,node-01,orders-api,502,True,anomalous,market_aware_v1,78.549,57.616,320.424,28.593,1.402,162.847,51.405,4.051
3c0f0914-866c-4fc5-8741-62ccacdb308f,2026-04-25T16:56:37.361422-04:00,node-01,checkout-api,429,True,anomalous,market_aware_v1,80.679,65.086,339.684,27.698,1.66,168.813,23.141,4.582
0b224a9c-2bed-4745-8cd4-7d9ee2e6915d,2026-04-25T16:56:37.361944-04:00,node-01,payments-api,502,True,anomalous,market_aware_v1,75.887,59.5,345.655,26.296,1.59,164.067,10.037,4.377
4fd61c7f-f932-4472-89b0-7bb9541c7bdb,2026-04-25T16:56:37.362684-04:00,node-01,orders-api,502,True,anomalous,market_aware_v1,80.742,57.084,326.155,30.594,1.487,162.596,40.542,4.117
73383ce6-4b74-4703-b8a3-3af66b3a1e86,2026-04-25T16:56:37.363154-04:00,node-01,checkout-api,503,True,anomalous,market_aware_v1,80.65,65.725,343.574,31.139,1.977,167.888,22.669,4.887
1d215474-0ed6-473a-b356-ae3c05f45484,2026-04-25T16:56:37.363639-04:00,node-01,payments-api,503,True,anomalous,market_aware_v1,76.663,61.954,347.952,25.534,1.521,170.978,7.299,4.398
b9f98971-6185-4004-8d92-612e6825a236,2026-04-25T16:56:37.364168-04:00,node-01,orders-api,429,True,anomalous,market_aware_v1,83.58,58.494,321.209,28.092,1.498,164.274,44.886,4.201
b91ed347-1186-4874-a65a-a05ac4acce5e,2026-04-25T16:56:37.364663-04:00,node-01,checkout-api,500,True,anomalous,market_aware_v1,75.377,59.82,341.901,27.708,1.827,170.692,24.519,4.908
cb94e64a-23c8-4eae-b398-25bf582ced4f,2026-04-25T16:56:37.365129-04:00,node-01,payments-api,503,True,anomalous,market_aware_v1,76.963,61.816,345.232,26.295,1.643,172.635,11.523,4.624
b737b161-d451-4ccc-a73d-db34ed5e5531,2026-04-25T16:56:37.365637-04:00,node-01,orders-api,429,True,anomalous,market_aware_v1,81.719,57.305,327.289,31.56,1.411,162.967,46.171,4.076
ab6371a7-d1db-41c5-8b37-2a9f2b4ac5a9,2026-04-25T16:56:37.366165-04:00,node-01,checkout-api,503,True,anomalous,market_aware_v1,84.35,61.945,356.332,30.651,1.747,175.763,19.717,4.823
595daf98-1d90-40d3-90ff-7ca309515324,2026-04-25T16:56:37.366909-04:00,node-01,payments-api,503,True,anomalous,market_aware_v1,81.292,61.347,359.587,27.061,1.614,171.374,14.403,4.628
ab71db5a-f26b-437b-8ce7-e954df1113c1,2026-04-25T16:56:37.367404-04:00,node-01,orders-api,429,True,anomalous,market_aware_v1,81.382,58.015,331.623,31.24,1.525,167.862,42.326,4.456
10933b72-ad00-4058-96a9-cebdb42f1fcf,2026-04-25T16:56:37.367875-04:00,node-01,checkout-api,429,True,anomalous,market_aware_v1,85.302,64.466,357.425,30.808,1.994,180.886,15.658,5.152
9a2dac03-050c-4cd3-aeef-fbb481df534f,2026-04-25T16:56:37.368317-04:00,node-01,payments-api,502,True,anomalous,market_aware_v1,75.224,65.143,369.355,23.824,1.642,177.629,8.264,4.804
7f069663-f9df-458c-b094-e4a3839b1a12,2026-04-25T16:56:37.368786-04:00,node-01,orders-api,500,True,anomalous,market_aware_v1,86.288,60.848,338.761,32.06,1.494,165.402,48.629,4.252
44e7ce28-17f5-4a35-8019-44128cac0955,2026-04-25T16:56:37.369425-04:00,node-01,checkout-api,500,True,anomalous,market_aware_v1,85.271,60.313,335.466,28.088,1.639,165.187,25.716,4.454
9b5926c5-4ee0-40a8-9704-447876e05b63,2026-04-25T16:56:37.369964-04:00,node-01,payments-api,429,True,anomalous,market_aware_v1,80.672,65.504,356.865,27.01,1.643,170.775,17.704,4.548
300a2f61-9f0b-4a94-86f7-1ed6f24819db,2026-04-25T16:56:37.370417-04:00,node-01,orders-api,502,True,anomalous,market_aware_v1,87.276,61.246,323.036,30.872,1.374,162.307,59.568,4.079
79b50f3b-e791-4ea4-bd19-220d57e2c0bf,2026-04-25T16:56:37.370892-04:00,node-01,checkout-api,502,True,anomalous,market_aware_v1,88.837,68.349,380.931,30.596,1.958,183.357,30.981,5.417
81b93c7c-a945-4443-9fe9-01faefd47769,2026-04-25T16:56:37.371313-04:00,node-01,payments-api,500,True,anomalous,market_aware_v1,79.356,65.377,353.858,27.052,1.627,171.701,26.946,4.531
f4602d26-4380-4650-ac4c-913676774481,2026-04-25T16:56:37.371756-04:00,node-01,orders-api,500,True,anomalous,market_aware_v1,83.822,57.372,332.186,33.07,1.576,170.089,56.089,4.489
f6ff4bb5-5cdd-41da-8a25-b359eec1e0bb,2026-04-25T16:56:37.372161-04:00,node-01,checkout-api,502,True,anomalous,market_aware_v1,88.525,68.654,356.598,31.095,2.061,170.549,22.457,5.034
63ec81c0-9e72-4af5-92d3-9d78b6444a85,2026-04-25T16:56:37.372609-04:00,node-01,payments-api,502,True,anomalous,market_aware_v1,89.376,67.463,382.304,26.006,1.751,184.337,12.122,5.028
f56ad97e-7bdf-4117-8431-49ddc76e28c3,2026-04-25T16:56:37.373094-04:00,node-01,orders-api,503,True,anomalous,market_aware_v1,90.516,59.993,331.123,33.308,1.484,161.796,55.584,4.212
ad6c9f16-e76a-475f-a699-7a633d8c07d7,2026-04-25T16:56:37.373568-04:00,node-01,checkout-api,500,True,anomalous,market_aware_v1,89.237,65.975,359.869,30.051,1.806,178.307,30.583,4.948
defaf04d-f389-4084-a77e-defa9a82c03e,2026-04-25T16:56:37.374027-04:00,node-01,payments-api,502,True,anomalous,market_aware_v1,84.385,64.855,367.083,28.163,1.642,176.205,20.298,4.686
43563266-ec59-4a2c-9c53-7b6321046766,2026-04-25T16:56:37.374421-04:00,node-01,orders-api,500,True,anomalous,market_aware_v1,87.196,61.38,336.262,31.171,1.526,171.578,50.166,4.433
4de569c7-dd41-4474-9f97-e916a4f2d80a,2026-04-25T16:56:37.374885-04:00,node-01,checkout-api,429,True,anomalous,market_aware_v1,86.064,67.213,374.928,31.833,1.965,182.833,24.91,5.549
bc10d5b1-6cee-4aa1-8366-e86c8651f294,2026-04-25T16:56:37.375380-04:00,node-01,payments-api,502,True,anomalous,market_aware_v1,82.15,70.163,360.405,27.401,1.712,174.8,18.621,4.683
1432d7bd-f864-46af-a544-2bbdb0a0e4fd,2026-04-25T16:56:37.375848-04:00,node-01,orders-api,503,True,anomalous,market_aware_v1,91.217,64.84,347.853,34.063,1.599,175.164,51.296,4.593
a5fe6a76-6fec-4021-85dd-a31e84de0ca9,2026-04-25T16:56:37.376259-04:00,node-01,checkout-api,502,True,anomalous,market_aware_v1,86.365,64.104,345.367,32.111,1.584,170.846,28.142,4.444
adf2e7a8-af2a-4fc2-880a-599b6ae7c439,2026-04-25T16:56:37.376683-04:00,node-01,payments-api,503,True,anomalous,market_aware_v1,82.727,64.888,361.802,27.433,1.646,173.336,17.969,4.606
9c6a2db6-d1ed-44cc-8818-5e3a18bccd7a,2026-04-25T16:56:37.377572-04:00,node-01,orders-api,503,True,anomalous,market_aware_v1,90.178,63.479,336.135,32.005,1.828,171.753,46.861,4.901
a8ed7577-c2fe-4204-9737-2f6f8979793f,2026-04-25T16:56:37.378033-04:00,node-01,checkout-api,502,True,anomalous,market_aware_v1,82.353,61.989,350.09,30.1,1.684,169.207,30.283,4.632
c45bb087-941c-4f02-a0d0-448786b78475,2026-04-25T16:56:37.378486-04:00,node-01,payments-api,502,True,anomalous,market_aware_v1,83.156,66.382,373.518,28.076,1.945,181.218,0.0,5.077
4d74f8f0-92b6-471c-99d0-ca5e9cee2b85,2026-04-25T16:56:37.378940-04:00,node-01,orders-api,503,True,anomalous,market_aware_v1,81.43,56.632,341.419,30.599,1.379,165.433,43.647,4.05
2c75949f-0dbd-405c-9c34-b790157b8076,2026-04-25T16:56:37.379413-04:00,node-01,checkout-api,502,True,anomalous,market_aware_v1,78.7,60.46,332.052,28.374,1.607,163.828,24.887,4.299
f83f0a00-ebb4-43de-bdae-99f075b3673a,2026-04-25T16:56:37.379861-04:00,node-01,payments-api,500,True,anomalous,market_aware_v1,77.685,64.384,382.14,25.305,2.011,183.265,0.0,5.213
7191f6ca-f5c9-420a-8457-9d1e9b9a4db7,2026-04-25T16:56:37.380284-04:00,node-01,orders-api,500,True,anomalous,market_aware_v1,79.806,56.475,338.318,28.986,1.526,168.437,44.539,4.286
