event_id,generated_at,source_node,service_name,status_code,is_synthetic,scenario_tag,telemetry_profile,cpu_pct,memory_pct,latency_ms,disk_io_pct,net_error_rate,queue_length,throughput_rate,http_5xx_rate
866d58c0-85c8-4e91-9a1f-f710f7ececec,2026-04-19T16:12:47.462023-04:00,node-01,payments-api,200,True,normal,market_aware_v1,45.077,49.624,102.65,26.747,0.341,39.278,71.395,0.547
d7071cfc-149e-41e4-96ae-1b56c779b7d0,2026-04-19T16:12:48.033286-04:00,node-01,orders-api,200,True,normal,market_aware_v1,51.347,44.826,100.866,29.384,0.361,53.234,98.984,0.884
3e2bf3dc-0868-496a-a180-52d64994ad43,2026-04-19T16:12:48.048467-04:00,node-01,checkout-api,200,True,normal,market_aware_v1,49.214,47.028,93.586,30.628,0.545,51.805,80.375,1.034
82146887-689e-4cd3-97f7-f36615354093,2026-04-19T16:12:48.093902-04:00,node-01,payments-api,200,True,anomalous,market_aware_v1,46.479,53.757,103.029,29.467,0.748,38.679,62.164,1.097
c7f47229-e5c1-4684-aa28-9fd7b753ae91,2026-04-19T16:12:48.121960-04:00,node-01,orders-api,200,True,anomalous,market_aware_v1,55.717,49.146,94.743,35.675,0.598,44.262,103.089,0.992
b3f6fa6a-18f3-4ef9-9ad4-d0d433bfb539,2026-04-19T16:12:48.150173-04:00,node-01,checkout-api,200,True,normal,market_aware_v1,54.301,47.947,102.472,29.435,0.482,48.244,81.419,0.864
e06c1f8e-b7a5-4a34-9cda-df325e360ef5,2026-04-19T16:12:48.170120-04:00,node-01,payments-api,200,True,normal,market_aware_v1,48.147,53.067,91.915,28.014,0.282,40.128,74.552,0.595
e7bbc7a0-2f02-4a13-b3ac-957018f086a7,2026-04-19T16:12:48.196766-04:00,node-01,orders-api,200,True,normal,market_aware_v1,54.322,48.326,73.934,33.814,0.155,38.145,111.838,0.288
240cab56-26e2-4860-be55-da2cbcb5b8c4,2026-04-19T16:12:48.216152-04:00,node-01,checkout-api,200,True,normal,market_aware_v1,48.394,52.928,89.469,30.821,0.466,41.199,84.898,0.699
ddc07c62-fe80-481e-a764-6da645621398,2026-04-19T16:12:48.238239-04:00,node-01,payments-api,200,True,normal,market_aware_v1,46.887,52.627,119.405,28.201,0.437,56.878,63.462,1.113
66b7f631-00fe-4f7a-9d64-b95c3a84f412,2026-04-19T16:12:48.258526-04:00,node-01,orders-api,200,True,normal,market_aware_v1,49.493,49.134,89.777,30.36,0.258,42.733,104.815,0.49
ace1d22f-e0aa-4c34-b641-a0d10458c3b3,2026-04-19T16:12:48.284133-04:00,node-01,checkout-api,200,True,normal,market_aware_v1,49.036,47.108,97.24,31.65,0.294,41.497,91.13,0.559
3325be15-9577-4825-b5c7-029996149d63,2026-04-19T16:12:48.309657-04:00,node-01,payments-api,200,True,normal,market_aware_v1,49.418,55.918,113.401,26.757,0.479,57.034,64.551,1.044
1c9fb05a-9f37-4b89-b68e-3b6793c2887b,2026-04-19T16:12:48.335957-04:00,node-01,orders-api,200,True,normal,market_aware_v1,58.978,46.959,108.43,34.08,0.437,48.236,107.048,1.155
6eb1220c-1481-4047-9f8f-fe61837d4380,2026-04-19T16:12:48.358945-04:00,node-01,checkout-api,200,True,normal,market_aware_v1,49.449,49.514,105.102,29.912,0.544,45.086,86.539,0.837
a4dbb6e8-3a3b-4b01-93e4-f9939fd30c29,2026-04-19T16:12:48.380087-04:00,node-01,payments-api,200,True,normal,market_aware_v1,45.42,51.992,91.201,27.183,0.341,42.555,70.835,0.701
70b90490-378e-49ac-ab39-4ee3403805e9,2026-04-19T16:12:48.402234-04:00,node-01,orders-api,200,True,normal,market_aware_v1,51.893,45.231,94.157,30.13,0.232,46.458,98.001,0.543
ff7427d2-a342-41f6-845f-e309b2d37a78,2026-04-19T16:12:48.424416-04:00,node-01,checkout-api,200,True,normal,market_aware_v1,43.397,48.984,80.643,28.809,0.35,40.816,85.889,0.639
44e3c1fb-617a-4fec-a689-982d30454bde,2026-04-19T16:12:48.446950-04:00,node-01,payments-api,200,True,normal,market_aware_v1,40.506,50.671,96.698,24.002,0.337,43.48,68.135,0.664
14f72aa1-b61b-464b-b3ab-00df0d8f6380,2026-04-19T16:12:48.470545-04:00,node-01,orders-api,200,True,normal,market_aware_v1,47.874,42.935,70.415,32.436,0.23,41.693,99.155,0.386
943ba70a-286f-478d-948d-51afb47fa5a4,2026-04-19T16:12:48.498495-04:00,node-01,checkout-api,200,True,normal,market_aware_v1,42.554,49.125,77.76,29.463,0.359,39.676,76.38,0.699
e5372c9c-5f8c-4ac8-868e-6e4435f4a0e9,2026-04-19T16:12:48.538913-04:00,node-01,payments-api,200,True,normal,market_aware_v1,42.281,49.573,99.783,24.765,0.329,45.45,60.261,0.809
2cbe1477-498a-4160-b366-2499ccdbb983,2026-04-19T16:12:48.557942-04:00,node-01,orders-api,200,True,normal,market_aware_v1,43.912,42.049,71.998,27.011,0.175,35.247,101.504,0.33
b5842ee0-24ed-419f-aecf-d2aad5eda2bf,2026-04-19T16:12:48.579196-04:00,node-01,checkout-api,200,True,normal,market_aware_v1,45.135,39.44,84.084,29.482,0.306,36.372,70.588,0.584
6eb9ef4f-ad2f-4f41-bb2f-6b572c7cd5b6,2026-04-19T16:12:48.602920-04:00,node-01,payments-api,200,True,normal,market_aware_v1,35.509,46.247,93.315,25.284,0.277,41.363,64.683,0.604
4e085575-d108-4789-884b-8344d9b3fabe,2026-04-19T16:12:48.624450-04:00,node-01,orders-api,200,True,normal,market_aware_v1,43.189,40.452,70.08,29.802,0.273,36.248,98.165,0.283
c8260470-a8ef-44fd-a780-68f0e9a296de,2026-04-19T16:12:48.645844-04:00,node-01,checkout-api,200,True,anomalous,market_aware_v1,41.26,46.103,100.771,26.948,0.687,41.824,72.048,1.088
cfa88e36-44f4-4214-8444-14efad3f79a7,2026-04-19T16:12:48.675602-04:00,node-01,payments-api,200,True,normal,market_aware_v1,36.225,46.598,103.534,24.82,0.441,46.471,52.925,0.667
8af25483-8770-4e68-a9c9-38f10a693dd6,2026-04-19T16:12:48.704221-04:00,node-01,orders-api,200,True,normal,market_aware_v1,44.236,39.545,95.572,29.836,0.258,44.843,91.779,0.472
9a79fff2-43e9-459b-b6bb-1396684d22bf,2026-04-19T16:12:48.723539-04:00,node-01,checkout-api,200,True,normal,market_aware_v1,42.695,45.823,94.92,27.377,0.384,37.746,69.913,0.625
0874903a-cb9e-45c0-80cc-b52c24530088,2026-04-19T16:12:48.746200-04:00,node-01,payments-api,200,True,normal,market_aware_v1,31.54,47.996,91.126,22.552,0.335,40.844,56.669,0.638
167506aa-518a-4eab-be45-18e60ef01587,2026-04-19T16:12:48.767772-04:00,node-01,orders-api,200,True,normal,market_aware_v1,41.088,41.364,85.544,28.328,0.132,41.081,89.28,0.369
98b0c949-0aa3-4724-bdd6-3f8433ee99a5,2026-04-19T16:12:48.789468-04:00,node-01,checkout-api,200,True,normal,market_aware_v1,37.24,43.28,75.416,27.355,0.306,32.051,73.649,0.411
f03ba4c0-a50b-4c0b-8358-8ed20840c480,2026-04-19T16:12:48.813716-04:00,node-01,payments-api,200,True,normal,market_aware_v1,38.927,48.178,100.907,24.055,0.37,47.443,54.388,0.81
5ae2bb3e-512d-4e52-9edc-53bc7191d5c9,2026-04-19T16:12:48.834586-04:00,node-01,orders-api,200,True,normal,market_aware_v1,43.453,44.461,89.031,28.537,0.283,43.516,94.295,0.455
d05b5b4c-fd96-4ec0-a68f-8bcbfc09fd9b,2026-04-19T16:12:48.864501-04:00,node-01,checkout-api,200,True,normal,market_aware_v1,38.36,45.13,67.239,26.991,0.353,20.502,82.967,0.389
a4e067f3-53eb-448b-b8f2-3afacd32b183,2026-04-19T16:12:48.891335-04:00,node-01,payments-api,200,True,normal,market_aware_v1,38.038,47.733,95.161,24.919,0.328,38.603,62.032,0.657
3198d21b-a299-4994-bcee-fd45ef09aec6,2026-04-19T16:12:48.911889-04:00,node-01,orders-api,200,True,normal,market_aware_v1,41.488,43.102,67.416,30.108,0.17,37.227,102.788,0.19
ad158240-7f3b-4422-9bc2-5e2bf4fa6162,2026-04-19T16:12:48.933832-04:00,node-01,checkout-api,200,True,normal,market_aware_v1,41.694,44.367,81.219,28.926,0.346,36.799,80.013,0.556
81ed1167-cee0-42a5-87db-c98311240739,2026-04-19T16:12:48.955677-04:00,node-01,payments-api,200,True,normal,market_aware_v1,40.833,49.912,78.277,25.906,0.255,34.658,65.906,0.49
225976c5-6bb1-4c65-8ac9-ab8982f151af,2026-04-19T16:12:48.978080-04:00,node-01,orders-api,200,True,normal,market_aware_v1,49.49,41.078,81.11,31.057,0.319,41.249,101.998,0.479
0ea77821-f0e6-4e90-9a2f-636fdc7474e3,2026-04-19T16:12:49.002502-04:00,node-01,checkout-api,200,True,normal,market_aware_v1,46.284,45.085,109.061,28.873,0.46,42.016,80.067,0.814
d44375a6-7dc2-43fd-bc82-d69d825e7d02,2026-04-19T16:12:49.021840-04:00,node-01,payments-api,200,True,normal,market_aware_v1,44.673,51.022,103.373,26.528,0.392,45.85,61.916,0.838
2a5b0807-bfaa-4c59-8ad4-cbfca168aee6,2026-04-19T16:12:49.052152-04:00,node-01,orders-api,200,True,normal,market_aware_v1,51.805,47.544,79.608,30.845,0.146,33.962,104.244,0.235
5d339c44-bb8f-45f2-9412-b3cd3a3ee9e7,2026-04-19T16:12:49.067558-04:00,node-01,checkout-api,200,True,anomalous,market_aware_v1,53.64,46.517,118.552,31.225,0.761,51.0,68.672,1.545
88e13c1f-9e8e-4798-8e5b-7e1755e4e510,2026-04-19T16:12:49.085413-04:00,node-01,payments-api,200,True,normal,market_aware_v1,46.178,49.388,87.647,26.439,0.325,38.372,71.7,0.59
8736f2fb-96ee-42bc-83f6-0e250ac0da33,2026-04-19T16:12:49.101336-04:00,node-01,orders-api,200,True,normal,market_aware_v1,51.218,43.869,83.937,32.426,0.261,45.585,97.679,0.619
1c664521-b607-4276-9b7c-0787552b13d7,2026-04-19T16:12:49.121982-04:00,node-01,checkout-api,200,True,normal,market_aware_v1,48.89,47.821,109.022,30.825,0.341,45.404,78.023,0.789
9d7398c3-209d-431e-aab0-7f1212550ceb,2026-04-19T16:12:49.145552-04:00,node-01,payments-api,200,True,normal,market_aware_v1,42.524,46.987,100.038,27.295,0.229,40.81,74.689,0.499
a655238c-f8f3-46fa-b2dc-3d50ce8d7b72,2026-04-19T16:12:49.167671-04:00,node-01,orders-api,200,True,normal,market_aware_v1,51.068,44.538,72.09,32.138,0.19,40.376,102.724,0.425
4e921c67-f76d-448e-97df-ddb764b534ac,2026-04-19T16:12:49.199004-04:00,node-01,checkout-api,200,True,normal,market_aware_v1,50.643,49.586,93.141,28.537,0.491,46.301,77.321,0.925
2af8f597-e19f-41d3-b346-94e1222ce0be,2026-04-19T16:12:49.223423-04:00,node-01,payments-api,200,True,normal,market_aware_v1,42.524,52.377,98.027,26.939,0.329,44.011,64.534,0.641
a5599f46-7c48-4129-94bc-65632896c079,2026-04-19T16:12:49.245459-04:00,node-01,orders-api,200,True,normal,market_aware_v1,48.864,45.345,75.417,34.022,0.097,35.142,102.813,0.184
d69d2cba-da9f-4a64-9fe0-215e3f2bbe78,2026-04-19T16:12:49.266911-04:00,node-01,checkout-api,200,True,normal,market_aware_v1,46.157,46.992,98.683,30.492,0.462,46.448,78.263,0.844
3a143fe7-49dd-445d-a72a-fbdaaf1fcb93,2026-04-19T16:12:49.288784-04:00,node-01,payments-api,200,True,normal,market_aware_v1,45.028,52.381,134.234,27.033,0.571,56.067,65.758,1.485
58504173-2983-485a-9e37-b6926487cd0b,2026-04-19T16:12:49.319577-04:00,node-01,orders-api,200,True,normal,market_aware_v1,49.334,43.716,97.097,33.189,0.374,47.525,101.502,0.992
5b3228a6-18c2-4a82-a3ef-6ee93fc032d7,2026-04-19T16:12:49.340807-04:00,node-01,checkout-api,200,True,normal,market_aware_v1,45.775,48.72,97.012,26.865,0.39,42.892,85.61,0.714
2a4a2d67-ff15-4dad-bfe4-a69299fcd53a,2026-04-19T16:12:49.368755-04:00,node-01,payments-api,200,True,normal,market_aware_v1,40.94,47.143,96.657,27.345,0.37,44.265,71.314,0.767
3ac75081-c29e-4f4b-932e-68f4701613cf,2026-04-19T16:12:49.389039-04:00,node-01,orders-api,200,True,normal,market_aware_v1,51.166,47.276,91.01,32.279,0.214,42.907,96.426,0.491
46482c62-287f-4e2d-91df-c9cd17be5bdc,2026-04-19T16:12:49.418478-04:00,node-01,checkout-api,200,True,anomalous,market_aware_v1,46.795,48.031,108.326,32.013,0.785,49.722,65.933,1.383
fc832404-06eb-4dc2-a11e-cf138caee872,2026-04-19T16:12:49.445195-04:00,node-01,payments-api,200,True,normal,market_aware_v1,39.452,46.242,101.445,25.803,0.396,40.841,68.02,1.004
a5f2101f-ba06-4d47-92e5-d9a31de76500,2026-04-19T16:12:49.467481-04:00,node-01,orders-api,200,True,normal,market_aware_v1,45.353,44.941,70.827,30.86,0.145,36.52,104.522,0.312
455758a2-ef1c-4c0e-8121-babdb277adf7,2026-04-19T16:12:49.489623-04:00,node-01,checkout-api,200,True,normal,market_aware_v1,45.43,45.588,86.241,29.432,0.37,40.379,73.078,0.656
e1edf7e9-22de-4688-96e2-be926bc57e2a,2026-04-19T16:12:49.510337-04:00,node-01,payments-api,200,True,normal,market_aware_v1,39.081,46.69,99.831,25.129,0.361,45.609,61.955,0.734
f6d56df9-3fa5-43b3-aba4-6bc9a5242394,2026-04-19T16:12:49.534206-04:00,node-01,orders-api,200,True,normal,market_aware_v1,45.345,41.157,63.164,32.453,0.226,35.097,103.093,0.341
35ea3f76-1cce-46b7-bd33-33c6d1dc5d46,2026-04-19T16:12:49.556120-04:00,node-01,checkout-api,200,True,normal,market_aware_v1,39.635,45.41,72.7,27.164,0.276,27.135,80.679,0.451
07d81a66-d007-462d-aebd-42a46ee26093,2026-04-19T16:12:49.577557-04:00,node-01,payments-api,200,True,normal,market_aware_v1,40.127,46.56,105.106,25.369,0.431,44.437,61.389,0.86
0042a2e3-2322-4989-99d6-8e8be579c000,2026-04-19T16:12:49.595948-04:00,node-01,orders-api,200,True,normal,market_aware_v1,45.708,40.133,90.929,26.871,0.247,43.515,89.787,0.425
287cbd23-88b2-4e46-8091-609ba230d5af,2026-04-19T16:12:49.617563-04:00,node-01,checkout-api,200,True,normal,market_aware_v1,41.386,45.627,82.412,27.937,0.371,38.348,78.09,0.597
bc4c52d7-9423-438e-94e5-6af0dc808d01,2026-04-19T16:12:49.634812-04:00,node-01,payments-api,200,True,normal,market_aware_v1,42.184,48.448,92.78,23.445,0.261,38.456,61.562,0.52
77b7bbd6-c942-47dc-b1de-faa72a228bd8,2026-04-19T16:12:49.656921-04:00,node-01,orders-api,200,True,normal,market_aware_v1,50.138,42.902,90.273,30.728,0.249,42.184,95.247,0.517
8c54344f-2944-475b-a1ea-06027c4e268e,2026-04-19T16:12:49.679442-04:00,node-01,checkout-api,200,True,normal,market_aware_v1,42.497,45.782,89.823,29.556,0.328,39.494,76.4,0.477
5a016d3a-6641-48a4-b2c6-d5baea6858cf,2026-04-19T16:12:49.709209-04:00,node-01,payments-api,200,True,anomalous,market_aware_v1,43.321,53.339,112.145,27.501,0.809,56.093,60.584,1.481
cc8d9db5-7211-432c-b7f7-def05cd49c20,2026-04-19T16:12:49.734646-04:00,node-01,orders-api,200,True,normal,market_aware_v1,50.726,45.457,79.082,31.061,0.277,44.44,103.953,0.536
d95f0ef6-f96b-4a50-8f70-5a08ef34861c,2026-04-19T16:12:49.755360-04:00,node-01,checkout-api,200,True,normal,market_aware_v1,49.491,49.652,90.175,31.869,0.373,41.333,84.347,0.706
3f5f18a8-9c50-47ee-925b-f4a191ca20d0,2026-04-19T16:12:49.784597-04:00,node-01,payments-api,200,True,normal,market_aware_v1,42.284,54.593,88.082,28.534,0.362,35.313,75.167,0.564
0a9873c8-3f27-40c0-a5ef-98c83d2a8dfa,2026-04-19T16:12:49.811594-04:00,node-01,orders-api,200,True,anomalous,market_aware_v1,51.452,46.156,87.603,33.809,0.575,46.738,97.923,1.137
01eab934-bfeb-4a48-b33b-de96d9354007,2026-04-19T16:12:49.833228-04:00,node-01,checkout-api,200,True,normal,market_aware_v1,44.91,50.989,95.265,30.26,0.351,37.508,84.252,0.665
e10ca163-be69-480b-aaaa-4817947fccdd,2026-04-19T16:12:49.856849-04:00,node-01,payments-api,200,True,normal,market_aware_v1,43.42,52.347,111.472,26.017,0.311,48.169,65.381,0.769
38842c60-27d1-4f54-9155-77bc4979f48d,2026-04-19T16:12:49.877950-04:00,node-01,orders-api,200,True,normal,market_aware_v1,53.375,47.513,75.702,29.914,0.139,34.431,104.974,0.227
dcfa3341-d9a1-4d27-a9cd-c14e2cfb6679,2026-04-19T16:12:49.901857-04:00,node-01,checkout-api,200,True,normal,market_aware_v1,47.526,46.785,81.675,32.476,0.285,41.215,86.155,0.535
9b030664-906b-49ab-bb52-51b1cab8921c,2026-04-19T16:12:49.922176-04:00,node-01,payments-api,200,True,normal,market_aware_v1,45.957,52.004,103.153,27.993,0.328,42.262,73.786,0.637
47c189fa-40a1-4169-a7d7-890c6f8fa362,2026-04-19T16:12:49.942409-04:00,node-01,orders-api,200,True,normal,market_aware_v1,48.83,48.361,68.002,31.475,0.299,38.534,109.013,0.505
e06eee74-5e93-4723-bf59-e3f4f74dd007,2026-04-19T16:12:49.964646-04:00,node-01,checkout-api,200,True,normal,market_aware_v1,50.141,53.172,96.163,27.885,0.401,45.14,83.427,0.895
53ac889f-1b52-4c16-95f6-7c88363b748e,2026-04-19T16:12:49.999797-04:00,node-01,payments-api,200,True,normal,market_aware_v1,49.572,55.351,116.135,27.026,0.397,46.738,71.258,0.888
889d6153-c03f-4ba2-a86e-15e19f250e55,2026-04-19T16:12:50.022378-04:00,node-01,orders-api,200,True,normal,market_aware_v1,50.266,45.648,85.899,33.847,0.207,41.074,115.865,0.382
ff9cc0c1-7632-481d-9949-45d310153f53,2026-04-19T16:12:50.043768-04:00,node-01,checkout-api,200,True,normal,market_aware_v1,49.281,51.058,111.778,29.849,0.544,53.917,84.487,1.056
80941f26-f13e-4217-89e7-05a063e78ec6,2026-04-19T16:12:50.065696-04:00,node-01,payments-api,200,True,normal,market_aware_v1,42.799,53.852,116.529,26.076,0.592,58.162,70.453,1.213
b2cfb920-def1-42f9-ba1b-6dd86e2bac10,2026-04-19T16:12:50.087396-04:00,node-01,orders-api,200,True,normal,market_aware_v1,56.737,47.082,94.738,33.553,0.322,48.845,106.09,0.808
9080fc4a-7c52-41eb-a9b5-a9a31bb9efe4,2026-04-19T16:12:50.110532-04:00,node-01,checkout-api,200,True,normal,market_aware_v1,47.387,51.648,94.917,29.645,0.382,43.122,92.149,0.717
800d3a24-d1d5-4c29-8236-aa11b653a3a1,2026-04-19T16:12:50.128157-04:00,node-01,payments-api,200,True,normal,market_aware_v1,42.219,55.286,107.536,28.206,0.312,42.897,70.5,0.701
eed386f5-0074-4eda-afa7-714816aeaf62,2026-04-19T16:12:50.144401-04:00,node-01,orders-api,200,True,anomalous,market_aware_v1,53.008,48.689,89.842,33.164,0.54,46.953,98.12,0.946
52c50d81-2e4c-4c44-8df1-e90f3519e0b1,2026-04-19T16:12:50.172592-04:00,node-01,checkout-api,200,True,normal,market_aware_v1,47.363,50.774,93.367,29.099,0.447,42.198,78.355,0.842
49ebada6-712b-4050-bb9d-df842e6efe4e,2026-04-19T16:12:50.198931-04:00,node-01,payments-api,200,True,normal,market_aware_v1,43.353,50.289,101.127,27.734,0.294,43.854,60.63,0.669
eadca72a-4645-4286-b53b-6a353adb29d9,2026-04-19T16:12:50.221815-04:00,node-01,orders-api,200,True,normal,market_aware_v1,47.82,43.852,89.365,31.967,0.264,42.983,100.079,0.584
1153fa4e-f167-410e-a31a-8551cb6473d0,2026-04-19T16:12:50.243282-04:00,node-01,checkout-api,200,True,normal,market_aware_v1,43.555,45.859,84.326,27.125,0.4,36.305,81.523,0.552
114c51e9-2070-446e-97ff-e6ee0b7c2c3e,2026-04-19T16:12:50.265025-04:00,node-01,payments-api,200,True,normal,market_aware_v1,40.125,48.838,119.327,26.082,0.471,50.949,63.042,1.237
5a152227-7323-4d2f-a4d8-30b782842e36,2026-04-19T16:12:50.288294-04:00,node-01,orders-api,200,True,normal,market_aware_v1,45.664,41.52,77.819,30.74,0.111,35.068,105.052,0.393
b5dfd894-2574-4f0f-94a9-58d39c55975b,2026-04-19T16:12:50.308903-04:00,node-01,checkout-api,200,True,normal,market_aware_v1,45.995,45.209,91.954,27.457,0.434,42.156,75.339,0.803
ad6ce806-84fc-4d86-a18c-27efc46bebdd,2026-04-19T16:12:50.338892-04:00,node-01,payments-api,200,True,normal,market_aware_v1,38.721,46.874,111.224,24.295,0.331,45.413,60.694,0.653
7b428eda-6dc0-471b-a555-0040a0708ed4,2026-04-19T16:12:50.365607-04:00,node-01,orders-api,200,True,normal,market_aware_v1,47.706,41.496,90.266,30.416,0.324,45.722,96.676,0.754
a7d42855-b280-4288-8f36-499bca50df7c,2026-04-19T16:12:50.386938-04:00,node-01,checkout-api,200,True,normal,market_aware_v1,42.309,45.157,99.517,27.471,0.318,39.607,67.529,0.621
1bd61851-0121-46d8-9c46-124afc62b223,2026-04-19T16:12:50.409403-04:00,node-01,payments-api,200,True,normal,market_aware_v1,36.7,45.361,81.393,23.892,0.187,35.235,62.997,0.427
0ea23355-af41-4b9e-aa48-16105abed27f,2026-04-19T16:12:50.431028-04:00,node-01,orders-api,200,True,normal,market_aware_v1,39.946,40.41,71.202,28.779,0.18,35.447,90.264,0.323
9fde4a3b-af08-4e09-bc95-cc5f7d0b7781,2026-04-19T16:12:50.455574-04:00,node-01,checkout-api,200,True,normal,market_aware_v1,38.337,45.805,89.541,27.85,0.333,32.732,71.654,0.583
38d101a4-b90a-479f-a7a0-4d74e10af6d6,2026-04-19T16:12:50.475795-04:00,node-01,payments-api,200,True,normal,market_aware_v1,31.62,46.15,94.591,22.762,0.443,48.387,53.705,0.947
ffc2328d-0074-4870-b7fd-7fbd25b3c990,2026-04-19T16:12:50.498477-04:00,node-01,orders-api,200,True,anomalous,market_aware_v1,46.653,41.628,94.902,29.678,0.592,49.573,81.182,1.074
0c26c700-835d-48c4-a72b-07c3c27afa2e,2026-04-19T16:12:50.527469-04:00,node-01,checkout-api,200,True,normal,market_aware_v1,40.236,44.273,89.94,27.741,0.502,44.351,64.972,0.824
1e3f0638-f031-46ba-b357-af24caf7a004,2026-04-19T16:12:50.554414-04:00,node-01,payments-api,200,True,normal,market_aware_v1,37.563,48.072,108.266,22.804,0.38,50.137,53.777,0.881
72475b0f-e5c2-4756-b2f4-e8d5f49a2795,2026-04-19T16:12:50.575767-04:00,node-01,orders-api,200,True,anomalous,market_aware_v1,47.523,43.446,90.711,31.403,0.564,49.25,88.46,1.041
93d06753-d214-4f80-9212-9c6d3fae3d36,2026-04-19T16:12:50.598619-04:00,node-01,checkout-api,200,True,normal,market_aware_v1,34.189,45.699,90.697,28.201,0.406,38.923,69.442,0.78
cfc3343d-dfc1-444c-a19c-3cd564a77f91,2026-04-19T16:12:50.620143-04:00,node-01,payments-api,200,True,normal,market_aware_v1,41.961,48.827,103.887,24.603,0.287,48.961,54.781,0.843
524d753e-c656-4643-bb72-d4568d0cf96d,2026-04-19T16:12:50.643251-04:00,node-01,orders-api,200,True,normal,market_aware_v1,47.877,43.419,87.883,29.914,0.265,43.636,93.732,0.559
d0c06e2b-bd64-4884-871b-27290d7aa3e4,2026-04-19T16:12:50.660747-04:00,node-01,checkout-api,200,True,normal,market_aware_v1,45.141,46.567,76.963,26.27,0.285,35.176,77.439,0.393
0ccc8084-618a-46ff-8097-5ba122216afd,2026-04-19T16:12:50.677328-04:00,node-01,payments-api,200,True,normal,market_aware_v1,42.31,51.169,101.121,25.307,0.254,41.281,60.989,0.541
f686fe11-cf51-4feb-aee5-bf7ef5687689,2026-04-19T16:12:50.693911-04:00,node-01,orders-api,200,True,normal,market_aware_v1,49.397,42.463,79.252,32.161,0.235,40.69,97.473,0.453
338e7e29-8367-4dbb-9b85-4f328307de41,2026-04-19T16:12:50.722491-04:00,node-01,checkout-api,200,True,anomalous,market_aware_v1,47.148,51.854,106.248,30.976,0.802,45.944,70.745,1.347
cbcd1e8b-987e-48ea-b8ba-52f1d4db63b1,2026-04-19T16:12:50.742422-04:00,node-01,payments-api,200,True,normal,market_aware_v1,45.036,48.99,109.896,27.15,0.396,45.084,62.524,0.86
302703a9-c2cf-42cb-837b-b947dc878b1e,2026-04-19T16:12:50.764543-04:00,node-01,orders-api,200,True,normal,market_aware_v1,50.262,47.01,80.15,31.994,0.224,48.866,97.559,0.651
1a6de964-86a7-4d48-b45f-08870b9c24fd,2026-04-19T16:12:50.787732-04:00,node-01,checkout-api,200,True,normal,market_aware_v1,54.24,47.563,114.503,31.748,0.418,47.769,79.254,0.892
c6789d9f-ed4d-4b9e-a069-f122392f6f77,2026-04-19T16:12:50.807441-04:00,node-01,payments-api,200,True,normal,market_aware_v1,42.548,52.919,98.801,27.554,0.357,38.354,73.716,0.598
6478010a-048b-41e3-bfec-496eb329d483,2026-04-19T16:12:50.831732-04:00,node-01,orders-api,200,True,normal,market_aware_v1,51.959,43.607,82.392,30.12,0.24,38.717,103.675,0.315
a6956346-6051-4ce3-91ee-d39a04b066c4,2026-04-19T16:12:50.854550-04:00,node-01,checkout-api,200,True,anomalous,market_aware_v1,49.377,51.756,106.506,33.139,0.772,49.529,79.262,1.291
67d60462-e679-4667-b9ae-62d037a08e37,2026-04-19T16:12:50.875773-04:00,node-01,payments-api,200,True,normal,market_aware_v1,41.864,49.411,104.71,28.011,0.363,42.315,67.208,0.723
c93b4640-4e3a-4eab-86b6-28fd526c8706,2026-04-19T16:12:50.905050-04:00,node-01,orders-api,200,True,normal,market_aware_v1,51.756,43.514,86.992,32.614,0.395,48.335,105.376,0.874
25d05af9-45d1-42c9-941a-a95db2b82fd4,2026-04-19T16:12:50.934352-04:00,node-01,checkout-api,429,True,anomalous,market_aware_v1,51.418,50.454,126.805,30.209,0.931,60.952,72.143,1.74
2eae34cd-4466-4c80-973b-efebd4d2383b,2026-04-19T16:12:50.953081-04:00,node-01,payments-api,200,True,normal,market_aware_v1,49.162,51.945,106.769,25.546,0.371,46.734,68.629,0.795
ed9c3c76-a54f-489e-84bc-d43904299e7d,2026-04-19T16:12:50.975017-04:00,node-01,orders-api,200,True,normal,market_aware_v1,51.058,45.595,79.644,32.877,0.345,48.269,101.111,0.745
1d1ac969-d4b9-4f7f-99b3-a9b33945ab0b,2026-04-19T16:12:50.998454-04:00,node-01,checkout-api,200,True,anomalous,market_aware_v1,47.925,49.328,116.431,29.315,0.892,60.088,70.361,1.605
a94224af-2f3e-4e7c-8aec-4849730e6c70,2026-04-19T16:12:51.019649-04:00,node-01,payments-api,200,True,normal,market_aware_v1,44.207,48.199,105.846,25.814,0.325,49.477,69.438,0.845
c0c5c031-3588-4940-a29d-fd339cdf13bb,2026-04-19T16:12:51.042927-04:00,node-01,orders-api,200,True,anomalous,market_aware_v1,51.61,47.358,82.916,32.773,0.553,44.184,99.718,1.006
2b53012e-586f-4907-9cf7-0fdba29ec0bc,2026-04-19T16:12:51.064166-04:00,node-01,checkout-api,200,True,normal,market_aware_v1,46.581,45.261,97.578,30.45,0.374,40.066,82.961,0.76
0fc29ff6-b05c-4daa-a8d7-3886e707c7da,2026-04-19T16:12:51.086516-04:00,node-01,payments-api,200,True,normal,market_aware_v1,41.556,51.1,99.447,25.792,0.314,44.321,62.376,0.748
09ee1deb-3620-43be-995c-123a01096e81,2026-04-19T16:12:51.109320-04:00,node-01,orders-api,200,True,normal,market_aware_v1,46.682,39.651,64.382,32.548,0.149,37.196,98.778,0.306
0750fc96-d46d-4dd0-bb95-bbb13aa9c971,2026-04-19T16:12:51.130938-04:00,node-01,checkout-api,200,True,normal,market_aware_v1,47.853,47.378,105.357,27.497,0.359,45.167,73.897,0.761
654a308e-af6c-430f-8e06-b359ae54421c,2026-04-19T16:12:51.153078-04:00,node-01,payments-api,200,True,normal,market_aware_v1,43.674,46.741,96.587,24.078,0.244,40.531,64.703,0.432
dc766198-b658-4704-a313-7e97c6718ef8,2026-04-19T16:12:51.171554-04:00,node-01,orders-api,200,True,normal,market_aware_v1,47.978,42.834,87.396,29.433,0.229,43.776,101.311,0.495
f104877d-3234-4d6f-9a70-5e34105199e4,2026-04-19T16:12:51.188417-04:00,node-01,checkout-api,200,True,normal,market_aware_v1,44.252,45.498,105.002,26.006,0.517,43.672,76.319,0.84
25940cd1-97f0-4d91-b2bb-8ef6aa84c0b7,2026-04-19T16:12:51.204739-04:00,node-01,payments-api,200,True,normal,market_aware_v1,36.535,47.81,87.412,22.974,0.324,36.485,68.823,0.635
daaceab5-bc61-4640-9494-951f71faddbe,2026-04-19T16:12:51.232277-04:00,node-01,orders-api,200,True,normal,market_aware_v1,49.821,41.994,78.768,29.164,0.087,33.119,96.219,0.131
9f9618f4-2a07-420d-8c14-64d06f1f9e8f,2026-04-19T16:12:51.253643-04:00,node-01,checkout-api,200,True,normal,market_aware_v1,40.84,44.508,85.643,28.058,0.388,44.391,74.675,0.698
e6f67ad5-4a18-4341-9903-8cc9909a5504,2026-04-19T16:12:51.275620-04:00,node-01,payments-api,200,True,normal,market_aware_v1,38.117,45.649,93.097,25.067,0.356,43.837,57.808,0.714
b7d780ff-869b-4849-a7f3-e2bf7a0fcf3b,2026-04-19T16:12:51.298210-04:00,node-01,orders-api,200,True,normal,market_aware_v1,45.842,39.874,81.824,31.757,0.333,45.353,97.517,0.485
d8fbca6f-dd38-40a4-bef6-c3f36f374601,2026-04-19T16:12:51.319060-04:00,node-01,checkout-api,200,True,normal,market_aware_v1,47.48,49.53,95.28,29.772,0.506,47.603,73.914,0.958
993e567e-9041-4eb0-af95-04ca2e12141c,2026-04-19T16:12:51.343453-04:00,node-01,payments-api,200,True,normal,market_aware_v1,40.42,47.369,97.657,23.64,0.279,38.103,67.291,0.521
14dca093-0e5b-4d01-b66b-9ea7a06b93b5,2026-04-19T16:12:51.364222-04:00,node-01,orders-api,200,True,normal,market_aware_v1,50.995,41.546,71.764,30.376,0.22,33.508,93.879,0.454
3c811515-6b59-4256-9973-1f69ca14bc6f,2026-04-19T16:12:51.386426-04:00,node-01,checkout-api,200,True,normal,market_aware_v1,46.787,44.325,90.276,29.307,0.371,41.957,69.181,0.803
f9f7d2d2-be5a-43ee-9143-c00dafddac29,2026-04-19T16:12:51.415359-04:00,node-01,payments-api,429,True,normal,market_aware_v1,40.889,51.723,126.227,27.856,0.593,58.396,60.42,1.555
ed7d9b9a-494e-4ffb-a3b0-a194e403bfa8,2026-04-19T16:12:51.438414-04:00,node-01,orders-api,200,True,normal,market_aware_v1,48.191,46.41,79.751,32.055,0.182,43.418,100.458,0.514
fa2cd630-0e2d-4598-83b3-b609990d1629,2026-04-19T16:12:51.465385-04:00,node-01,checkout-api,200,True,normal,market_aware_v1,46.97,46.104,102.992,30.1,0.521,49.527,71.774,0.908
443027a7-f7a7-4a4b-8eb6-b890136eebdd,2026-04-19T16:12:51.486762-04:00,node-01,payments-api,200,True,normal,market_aware_v1,48.957,50.984,101.602,26.746,0.417,51.887,63.84,0.999
de43c6f7-c140-4bdd-a92e-f6558555fd99,2026-04-19T16:12:51.509287-04:00,node-01,orders-api,200,True,normal,market_aware_v1,53.763,43.456,82.237,33.415,0.194,40.116,105.587,0.405
86f660cd-19b6-47fa-acd3-0a9f3ff53cba,2026-04-19T16:12:51.530760-04:00,node-01,checkout-api,200,True,normal,market_aware_v1,47.08,48.007,108.723,27.613,0.442,51.446,74.707,0.944
fd4ca78d-b84a-47c0-b53e-906f67e4eb3c,2026-04-19T16:12:51.554150-04:00,node-01,payments-api,200,True,normal,market_aware_v1,46.896,49.248,106.172,25.747,0.382,48.423,67.728,0.994
4e7ce87f-d608-4145-85b4-2d7437300aad,2026-04-19T16:12:51.575849-04:00,node-01,orders-api,200,True,normal,market_aware_v1,53.002,46.041,101.101,31.51,0.339,51.58,99.233,0.757
a95faab6-3bec-4bc0-a4c5-912175d31c2a,2026-04-19T16:12:51.597950-04:00,node-01,checkout-api,200,True,normal,market_aware_v1,48.558,52.374,96.495,30.616,0.479,44.932,82.858,0.823
b56e9c2d-82e4-4a57-b9ba-7b26670e92a1,2026-04-19T16:12:51.620457-04:00,node-01,payments-api,200,True,normal,market_aware_v1,47.168,56.428,131.449,28.708,0.465,53.016,72.579,1.083
53b6dc2e-8565-4945-9f45-ccf4f28a4737,2026-04-19T16:12:51.649385-04:00,node-01,orders-api,200,True,normal,market_aware_v1,53.014,48.341,93.43,32.291,0.287,46.5,102.184,0.683
74437c78-a2ec-4180-9548-c0c7895f0597,2026-04-19T16:12:51.677782-04:00,node-01,checkout-api,200,True,normal,market_aware_v1,55.274,52.42,105.484,32.598,0.421,43.972,89.963,0.89
5216382f-1e00-42f7-90b5-6ea85763667f,2026-04-19T16:12:51.693561-04:00,node-01,payments-api,200,True,normal,market_aware_v1,51.558,52.632,103.943,29.07,0.294,43.23,75.665,0.692
f6289fa9-515a-4468-82a8-ca834295b73a,2026-04-19T16:12:51.708666-04:00,node-01,orders-api,200,True,normal,market_aware_v1,53.888,47.469,87.548,30.556,0.253,44.535,102.248,0.472
d9692e26-f76f-49e4-9178-3a294accf6a2,2026-04-19T16:12:51.726798-04:00,node-01,checkout-api,200,True,normal,market_aware_v1,52.313,52.923,100.435,33.429,0.434,40.419,89.115,0.753
8a949499-ed21-4a7d-9472-f5f350981fa0,2026-04-19T16:12:51.754931-04:00,node-01,payments-api,200,True,normal,market_aware_v1,46.899,54.26,121.873,26.403,0.399,55.728,64.452,0.99
52f6e3c2-e1d3-4a9a-b1b7-b8fec0543b6d,2026-04-19T16:12:51.776984-04:00,node-01,orders-api,200,True,normal,market_aware_v1,52.39,48.717,85.383,33.381,0.279,46.212,103.602,0.584
c2b6d769-cc44-4109-bdbe-d3f58c39d447,2026-04-19T16:12:51.796683-04:00,node-01,checkout-api,200,True,normal,market_aware_v1,46.262,48.52,85.772,31.729,0.29,36.224,82.971,0.55
e6b24493-812a-458f-a559-8b18c981d4ce,2026-04-19T16:12:51.827065-04:00,node-01,payments-api,200,True,normal,market_aware_v1,46.459,53.517,113.699,28.154,0.424,48.782,67.23,0.864
a50e6308-8390-46fb-bea9-5dffdb9f75a9,2026-04-19T16:12:51.854252-04:00,node-01,orders-api,200,True,normal,market_aware_v1,52.912,45.788,86.508,30.939,0.353,49.369,104.876,0.694
53b6f342-aaa1-415b-ad62-0ab05de3b464,2026-04-19T16:12:51.875833-04:00,node-01,checkout-api,200,True,normal,market_aware_v1,48.386,50.228,96.841,29.793,0.481,47.484,81.295,0.988
e9266803-e2cd-4038-b2c0-eef641654061,2026-04-19T16:12:51.897311-04:00,node-01,payments-api,200,True,normal,market_aware_v1,43.049,47.558,102.044,26.329,0.396,42.221,63.603,0.715
60fe67fb-4ccb-4dd9-9321-47f34e0bbfba,2026-04-19T16:12:51.920958-04:00,node-01,orders-api,200,True,normal,market_aware_v1,49.676,44.82,75.11,31.877,0.255,45.052,103.674,0.539
f69fc76c-d719-4705-8c40-a26128a13524,2026-04-19T16:12:51.941419-04:00,node-01,checkout-api,200,True,normal,market_aware_v1,43.835,47.008,104.103,30.111,0.487,50.13,73.146,0.956
1f39d1c7-966c-46f0-bb08-e7c691b973d1,2026-04-19T16:12:51.964831-04:00,node-01,payments-api,200,True,normal,market_aware_v1,42.229,51.425,88.776,25.917,0.232,42.043,61.892,0.517
5227628c-77c6-4305-bad5-c2d96acb46c3,2026-04-19T16:12:51.986310-04:00,node-01,orders-api,200,True,normal,market_aware_v1,43.054,43.235,94.019,27.942,0.299,48.51,90.586,0.699
12bf3e09-f9bc-444a-bd70-42e944474f63,2026-04-19T16:12:52.015654-04:00,node-01,checkout-api,200,True,normal,market_aware_v1,45.769,48.199,101.445,28.307,0.563,49.807,68.095,0.985
00db7519-1e6d-4ca2-8d69-d9be65901f52,2026-04-19T16:12:52.044246-04:00,node-01,payments-api,200,True,normal,market_aware_v1,35.62,47.129,107.128,25.054,0.427,45.196,58.203,0.767
a5273dc1-bc17-4bd9-97dc-c384cdab43ce,2026-04-19T16:12:52.063407-04:00,node-01,orders-api,200,True,normal,market_aware_v1,43.827,40.202,70.733,28.869,0.302,40.267,95.476,0.581
64177003-93fe-43d0-a90c-a2f780a5aaa2,2026-04-19T16:12:52.097399-04:00,node-01,checkout-api,200,True,normal,market_aware_v1,42.052,43.315,81.404,27.23,0.371,36.881,74.687,0.593
89c48d13-8b53-420f-b3fb-74b7b9d27320,2026-04-19T16:12:52.119480-04:00,node-01,payments-api,200,True,normal,market_aware_v1,40.891,46.514,103.448,25.654,0.348,46.516,61.154,0.69
9b44b556-6658-488a-b604-4942dd7ab396,2026-04-19T16:12:52.148374-04:00,node-01,orders-api,200,True,normal,market_aware_v1,40.563,43.749,70.129,28.51,0.222,36.253,92.585,0.421
2b7252e1-49e4-478a-84ad-4250352bead2,2026-04-19T16:12:52.171240-04:00,node-01,checkout-api,200,True,normal,market_aware_v1,43.466,45.859,104.025,30.436,0.419,50.21,69.354,0.971
203dc057-bebd-44c0-b7de-db3198cb66f8,2026-04-19T16:12:52.198701-04:00,node-01,payments-api,200,True,normal,market_aware_v1,40.696,45.932,107.768,23.408,0.36,44.949,58.323,0.678
4c695dcb-c6b5-465a-af98-056de94c966a,2026-04-19T16:12:52.220298-04:00,node-01,orders-api,200,True,normal,market_aware_v1,44.292,44.161,75.006,29.763,0.291,40.118,90.334,0.497
1a996a8e-f63a-48cf-93c1-83be4ff8abee,2026-04-19T16:12:52.239203-04:00,node-01,checkout-api,200,True,normal,market_aware_v1,44.294,42.246,84.661,28.179,0.338,39.121,75.142,0.535
48543363-b457-4032-bab4-6086159ac5e8,2026-04-19T16:12:52.276678-04:00,node-01,payments-api,200,True,normal,market_aware_v1,36.203,49.496,110.92,24.296,0.458,51.224,57.966,1.234
80163aab-7c55-4387-b0e8-2ef41555cf5c,2026-04-19T16:12:52.316203-04:00,node-01,orders-api,200,True,normal,market_aware_v1,44.063,43.768,78.004,29.146,0.244,37.972,99.777,0.421
d464fcd5-10a3-4894-b009-eb12ddd33dd7,2026-04-19T16:12:52.336893-04:00,node-01,checkout-api,200,True,normal,market_aware_v1,41.57,44.561,101.423,26.946,0.375,41.074,72.155,0.743
ab31cce0-6fb8-43e2-8799-689b39a701dd,2026-04-19T16:12:52.361763-04:00,node-01,payments-api,200,True,normal,market_aware_v1,39.558,47.136,105.566,23.491,0.449,51.451,60.535,1.035
8a23a205-697d-4299-80ea-b0ece8e90256,2026-04-19T16:12:52.377997-04:00,node-01,orders-api,200,True,normal,market_aware_v1,48.434,40.271,87.462,29.676,0.297,41.328,95.77,0.337
2384a54f-89e3-4c70-ac7f-92528e7df565,2026-04-19T16:12:52.394551-04:00,node-01,checkout-api,200,True,normal,market_aware_v1,42.385,44.909,110.577,28.22,0.448,46.01,73.875,0.87
21d3e1bc-cd93-4cd4-be72-0f654ce7ef3f,2026-04-19T16:12:52.427290-04:00,node-01,payments-api,200,True,normal,market_aware_v1,40.4,47.131,101.2,25.602,0.28,41.977,63.53,0.573
17b1168d-4928-4f1b-8393-5fdd5c1c8d69,2026-04-19T16:12:52.444617-04:00,node-01,orders-api,200,True,normal,market_aware_v1,50.393,45.159,75.277,30.379,0.197,45.177,99.153,0.569
e0094bf1-4e36-44c5-9a45-6b758cfe0da6,2026-04-19T16:12:52.471243-04:00,node-01,checkout-api,200,True,normal,market_aware_v1,50.039,46.841,118.741,30.148,0.416,50.158,73.094,0.967
70184613-f187-4e6d-a958-de8b499cfc75,2026-04-19T16:12:52.486361-04:00,node-01,payments-api,200,True,normal,market_aware_v1,39.059,49.959,94.002,27.136,0.331,48.343,62.82,0.684
79c28b40-f627-4b53-be95-8cf772fff385,2026-04-19T16:12:52.517349-04:00,node-01,orders-api,200,True,normal,market_aware_v1,50.671,46.184,88.291,33.018,0.29,45.16,100.716,0.616
9e6946da-2a49-45d0-b4fc-543b9a774630,2026-04-19T16:12:52.556303-04:00,node-01,checkout-api,200,True,normal,market_aware_v1,42.704,53.162,83.369,27.804,0.404,41.838,78.093,0.769
7bc86684-493f-42a9-9ae2-9b7570fc4cd1,2026-04-19T16:12:52.582446-04:00,node-01,payments-api,200,True,normal,market_aware_v1,41.607,50.411,121.405,26.815,0.465,58.919,62.669,1.055
640520d3-327a-42b3-b868-6a17d932a25b,2026-04-19T16:12:52.597497-04:00,node-01,orders-api,200,True,normal,market_aware_v1,53.078,44.843,91.689,29.235,0.208,44.885,106.477,0.624
9485c80a-6f5b-4f81-ba19-f3fbf17bcdfe,2026-04-19T16:12:52.627847-04:00,node-01,checkout-api,200,True,normal,market_aware_v1,44.678,51.834,97.534,29.509,0.371,44.361,77.607,0.707
9d069462-18d3-48bb-9fcd-cf3f83b1ceca,2026-04-19T16:12:52.661255-04:00,node-01,payments-api,200,True,normal,market_aware_v1,45.936,47.427,109.583,26.851,0.467,54.945,64.965,1.03
aaa48842-ccca-4c05-b83d-f8603bb7d07d,2026-04-19T16:12:52.693775-04:00,node-01,orders-api,200,True,normal,market_aware_v1,50.661,46.919,95.042,33.845,0.36,48.444,100.787,0.748
6a729463-dee4-40a3-a85b-8071144a1375,2026-04-19T16:12:52.732677-04:00,node-01,checkout-api,200,True,normal,market_aware_v1,51.894,48.846,116.187,30.611,0.426,46.02,82.798,0.81
3cf006ed-3bb9-4184-9acf-3de23d13e8bf,2026-04-19T16:12:52.761432-04:00,node-01,payments-api,200,True,normal,market_aware_v1,44.866,53.28,111.312,26.906,0.344,43.873,64.215,0.735
f24d3aef-3d43-408d-bceb-0ff347e7e183,2026-04-19T16:12:52.794670-04:00,node-01,orders-api,200,True,normal,market_aware_v1,52.028,46.919,104.224,30.407,0.322,50.375,101.262,0.785
3359e97d-6af1-427a-a515-5b1618734c9e,2026-04-19T16:12:52.827704-04:00,node-01,checkout-api,200,True,normal,market_aware_v1,46.998,51.339,94.229,27.602,0.372,40.06,83.495,0.58
a98ead8f-a38d-4885-a4d4-821267671376,2026-04-19T16:12:52.861566-04:00,node-01,payments-api,200,True,normal,market_aware_v1,44.098,48.942,118.325,27.066,0.423,52.99,65.992,1.098
213c49ba-b51e-41fd-a32d-3d9a3746b4e8,2026-04-19T16:12:52.883724-04:00,node-01,orders-api,200,True,normal,market_aware_v1,53.722,46.28,87.187,30.311,0.304,41.098,98.397,0.535
3affc32e-d081-481e-9771-4b13f4fd0bfc,2026-04-19T16:12:52.905793-04:00,node-01,checkout-api,200,True,normal,market_aware_v1,52.608,50.126,103.916,26.535,0.392,48.245,77.86,0.895
16d6b3d4-ab6e-40c5-9698-4bd511b58af3,2026-04-19T16:12:52.927552-04:00,node-01,payments-api,200,True,normal,market_aware_v1,39.75,49.785,107.638,26.642,0.495,47.443,69.89,1.294
acd03a21-25f4-4cad-87d5-790ec638811e,2026-04-19T16:12:52.960867-04:00,node-01,orders-api,200,True,normal,market_aware_v1,45.662,43.665,96.063,31.192,0.407,53.892,95.867,0.8
771f7b76-0168-4e36-bc4b-df4a94bc566c,2026-04-19T16:12:52.976140-04:00,node-01,checkout-api,200,True,normal,market_aware_v1,44.796,48.147,87.423,28.588,0.41,45.391,68.906,0.784
fba61d2e-4e17-42ab-ab28-c2733c892473,2026-04-19T16:12:52.994035-04:00,node-01,payments-api,200,True,normal,market_aware_v1,41.522,51.694,107.118,24.594,0.39,49.339,61.967,1.06
a275cec9-14ef-425f-b12e-4b67da13b900,2026-04-19T16:12:53.007275-04:00,node-01,orders-api,200,True,normal,market_aware_v1,44.797,43.22,86.864,30.335,0.294,41.221,102.022,0.43
32b6e766-12f3-4e6f-a90d-7bae1e7098a2,2026-04-19T16:12:53.038593-04:00,node-01,checkout-api,200,True,normal,market_aware_v1,46.097,46.328,102.328,30.938,0.423,51.003,73.778,0.99
bba83986-7419-4180-a812-e4c4d3e7da6f,2026-04-19T16:12:53.052201-04:00,node-01,payments-api,200,True,normal,market_aware_v1,40.388,48.193,109.833,25.046,0.386,43.878,66.695,0.662
0534fd91-e19a-4e20-8b8d-af3ba79f11e7,2026-04-19T16:12:53.083463-04:00,node-01,orders-api,200,True,normal,market_aware_v1,45.063,43.989,83.51,30.819,0.193,40.466,99.952,0.46
00125574-1f2a-46e5-a978-509de3e18b03,2026-04-19T16:12:53.117444-04:00,node-01,checkout-api,200,True,normal,market_aware_v1,46.832,43.882,121.222,29.565,0.562,57.174,69.269,1.316
f8e8ab84-e6f7-4399-a72a-cb9be54d4b8d,2026-04-19T16:12:53.149702-04:00,node-01,payments-api,200,True,normal,market_aware_v1,39.913,48.838,117.367,25.496,0.422,49.599,58.393,0.912
5b094e43-1808-446c-859c-c626eadfcaed,2026-04-19T16:12:53.164158-04:00,node-01,orders-api,200,True,anomalous,market_aware_v1,55.236,44.372,115.414,32.341,0.687,52.48,84.705,1.193
02c7b02a-afdc-4ad3-b29d-1785049a012b,2026-04-19T16:12:53.195101-04:00,node-01,checkout-api,200,True,normal,market_aware_v1,45.799,46.744,103.128,26.365,0.489,47.439,71.867,1.032
e10002f3-d3e1-4d4d-bebb-05e148d9caf6,2026-04-19T16:12:53.228808-04:00,node-01,payments-api,200,True,normal,market_aware_v1,42.486,44.874,103.417,25.156,0.42,44.483,66.49,0.768
dadfe53c-4f87-4378-a0f7-d6b76a5f22d7,2026-04-19T16:12:53.261474-04:00,node-01,orders-api,200,True,normal,market_aware_v1,45.611,46.796,96.383,29.808,0.128,42.331,96.762,0.346
3f636bc1-2448-4122-bc99-990a07d89baf,2026-04-19T16:12:53.294904-04:00,node-01,checkout-api,200,True,normal,market_aware_v1,48.339,49.377,115.824,30.55,0.491,54.46,73.94,1.225
9f8cfbf1-b277-4eb0-86ea-1024c8e081d8,2026-04-19T16:12:53.328612-04:00,node-01,payments-api,200,True,normal,market_aware_v1,45.114,50.679,112.199,26.133,0.375,50.453,62.528,0.858
f9e59d61-8fb4-4f32-b26a-7ed259658c6a,2026-04-19T16:12:53.362494-04:00,node-01,orders-api,200,True,normal,market_aware_v1,46.904,41.065,87.364,30.504,0.222,46.249,97.45,0.502
9c9c7c2c-4e40-4232-881d-9a7b4e2c548d,2026-04-19T16:12:53.394485-04:00,node-01,checkout-api,200,True,normal,market_aware_v1,44.992,49.032,105.548,29.281,0.525,51.853,74.126,1.043
d0e4afee-42b8-4e9b-9b25-d4731f347724,2026-04-19T16:12:53.407977-04:00,node-01,payments-api,200,True,normal,market_aware_v1,41.899,52.974,113.484,26.141,0.463,51.76,64.301,0.975
65fca1df-8a1b-4a16-aaa6-377785e0a5da,2026-04-19T16:12:53.440400-04:00,node-01,orders-api,200,True,normal,market_aware_v1,53.648,44.66,93.806,30.627,0.334,52.693,98.422,0.77
30147ea9-6460-46ae-b672-39065c09822c,2026-04-19T16:12:53.473064-04:00,node-01,checkout-api,200,True,normal,market_aware_v1,46.019,47.191,91.155,29.961,0.383,43.458,86.496,0.694
0b2eedd5-9c8c-4683-aecd-5f58d89ca0a3,2026-04-19T16:12:53.506623-04:00,node-01,payments-api,200,True,normal,market_aware_v1,38.392,50.477,103.477,26.397,0.484,46.63,65.936,0.974
c09bdbb0-a6b3-4e0b-9faf-0d5aefee285c,2026-04-19T16:12:53.528265-04:00,node-01,orders-api,200,True,normal,market_aware_v1,52.83,49.378,97.816,33.829,0.331,47.916,101.235,0.605
c2627ed9-8d37-40c1-bf25-1c15fe9f0813,2026-04-19T16:12:53.556441-04:00,node-01,checkout-api,200,True,normal,market_aware_v1,52.62,47.393,110.96,28.559,0.557,51.827,82.79,0.98
83637c33-1eba-416e-8ab3-a784efb902ab,2026-04-19T16:12:53.573814-04:00,node-01,payments-api,200,True,normal,market_aware_v1,46.776,50.57,99.303,27.846,0.302,42.525,69.17,0.57
eb13dcf8-547c-409f-a9b9-2d95d5fa07d8,2026-04-19T16:12:53.606033-04:00,node-01,orders-api,429,True,anomalous,market_aware_v1,59.168,52.625,129.531,33.144,0.946,62.778,96.422,1.836
f4561327-33e9-43e4-9cf1-44a2af302578,2026-04-19T16:12:53.620808-04:00,node-01,checkout-api,200,True,normal,market_aware_v1,51.471,51.573,104.574,30.312,0.43,44.466,92.789,0.852
b3f96fd4-bcf1-449e-94e8-58d0f956aadc,2026-04-19T16:12:53.650984-04:00,node-01,payments-api,200,True,normal,market_aware_v1,45.122,54.551,107.44,27.156,0.357,45.941,71.482,0.851
8138d2a3-340f-4a70-ad02-c8e2de1bb415,2026-04-19T16:12:53.684639-04:00,node-01,orders-api,200,True,normal,market_aware_v1,52.161,45.776,83.539,31.935,0.26,43.467,108.372,0.667
0adb421d-9574-4b0a-8976-cedf630ff9d2,2026-04-19T16:12:53.717823-04:00,node-01,checkout-api,200,True,normal,market_aware_v1,55.29,51.468,88.712,30.574,0.382,47.518,80.27,0.745
583b0006-2f8d-4984-b8bf-1d2ee88cb123,2026-04-19T16:12:53.751243-04:00,node-01,payments-api,200,True,normal,market_aware_v1,47.371,53.32,111.53,27.611,0.538,56.657,71.296,1.0
21c075d6-2998-4cd9-b216-19fcf48bf58e,2026-04-19T16:12:53.784296-04:00,node-01,orders-api,200,True,normal,market_aware_v1,56.166,48.208,114.918,33.96,0.607,66.319,97.22,1.524
6109c2f1-3b64-42b4-8e7a-6fb393a4b7aa,2026-04-19T16:12:53.817146-04:00,node-01,checkout-api,200,True,normal,market_aware_v1,47.375,52.958,104.143,32.531,0.485,53.833,75.963,1.036
61d1bbd8-96da-4aa7-ae4e-2173f55733e2,2026-04-19T16:12:53.856360-04:00,node-01,payments-api,200,True,normal,market_aware_v1,46.781,53.406,115.408,27.037,0.427,51.633,70.234,1.099
dc6cb32e-8d09-4474-9e85-759ed522e87d,2026-04-19T16:12:53.884304-04:00,node-01,orders-api,200,True,normal,market_aware_v1,52.268,46.954,94.895,31.587,0.319,49.955,104.034,0.817
ba347641-aeee-4928-8ec0-2cb0318a61c4,2026-04-19T16:12:53.917946-04:00,node-01,checkout-api,429,True,normal,market_aware_v1,53.421,50.43,118.586,29.261,0.574,57.937,72.972,1.174
3ee6fe8d-dc75-4f38-a068-378816cf2011,2026-04-19T16:12:53.951180-04:00,node-01,payments-api,200,True,normal,market_aware_v1,45.293,50.349,104.018,26.364,0.407,47.953,68.508,0.884
22ea39e5-fedf-4b3c-978c-d033cc15f96c,2026-04-19T16:12:53.984309-04:00,node-01,orders-api,200,True,normal,market_aware_v1,49.482,42.5,100.558,32.357,0.275,47.354,97.836,0.445
ed58d281-f7b4-4a89-b768-2fafea2b23eb,2026-04-19T16:12:54.012287-04:00,node-01,checkout-api,200,True,normal,market_aware_v1,48.392,45.065,112.156,29.36,0.499,58.589,69.604,1.067
4f5efdd3-a2ee-4867-b416-3c0f7082fffe,2026-04-19T16:12:54.040268-04:00,node-01,payments-api,200,True,anomalous,market_aware_v1,44.993,50.37,130.493,28.324,0.842,65.005,50.083,1.839
5fa02b5f-8e1a-483a-845c-8549fc7c3765,2026-04-19T16:12:54.073386-04:00,node-01,orders-api,200,True,normal,market_aware_v1,51.245,44.045,93.545,30.769,0.409,46.219,94.767,0.781
33b0e11a-89c3-4ed8-a662-6fa4d08c1516,2026-04-19T16:12:54.107137-04:00,node-01,checkout-api,200,True,normal,market_aware_v1,42.545,48.392,107.156,27.973,0.462,50.466,71.192,1.025
20db79a4-214d-415c-a2a7-ad2eb4d0b695,2026-04-19T16:12:54.140263-04:00,node-01,payments-api,200,True,normal,market_aware_v1,40.208,45.273,101.172,25.421,0.296,39.576,58.209,0.502
c4a3196f-bc96-4666-8ae1-02219eb2b663,2026-04-19T16:12:54.173522-04:00,node-01,orders-api,200,True,normal,market_aware_v1,42.621,40.726,72.498,30.496,0.259,43.565,98.476,0.699
668a3a8a-f90d-47e0-a8cf-e8eb534e7bd5,2026-04-19T16:12:54.188121-04:00,node-01,checkout-api,429,True,normal,market_aware_v1,47.158,47.134,114.049,26.651,0.674,58.19,69.604,1.622
4035eb1e-5564-477a-bf94-fa5d87da1052,2026-04-19T16:12:54.206644-04:00,node-01,payments-api,200,True,normal,market_aware_v1,40.219,46.574,115.385,22.711,0.394,47.197,56.026,0.765
805ddaeb-429a-4fa6-b287-ae2e7a9dca40,2026-04-19T16:12:54.221878-04:00,node-01,orders-api,200,True,normal,market_aware_v1,44.181,39.456,88.542,29.089,0.341,47.624,91.174,0.56
68038776-9e15-4216-a81c-6cb8af7cb8d6,2026-04-19T16:12:54.239874-04:00,node-01,checkout-api,200,True,normal,market_aware_v1,45.63,44.553,100.398,25.363,0.4,49.132,68.099,0.871
0c42a9fc-dbdd-4a72-8cb9-1e473b6d8bf4,2026-04-19T16:12:54.280672-04:00,node-01,payments-api,200,True,normal,market_aware_v1,41.206,46.721,91.709,23.36,0.259,42.615,59.939,0.536
6558362d-c120-4a92-80c1-32a5c7af9ac8,2026-04-19T16:12:54.307083-04:00,node-01,orders-api,200,True,normal,market_aware_v1,44.451,44.215,89.806,27.553,0.385,48.253,89.585,0.789
99f5cfba-49cb-4624-8ae9-7dc472deca73,2026-04-19T16:12:54.323246-04:00,node-01,checkout-api,200,True,normal,market_aware_v1,38.228,43.006,94.689,26.284,0.595,47.225,74.152,1.354
7a71a10e-da06-4e8b-8c89-28e928a0575f,2026-04-19T16:12:54.345081-04:00,node-01,payments-api,200,True,normal,market_aware_v1,33.625,45.256,99.364,24.912,0.353,49.767,57.266,0.766
d87bb55e-c2b8-441b-b7c2-0badbc6d33bc,2026-04-19T16:12:54.374165-04:00,node-01,orders-api,200,True,normal,market_aware_v1,42.467,39.914,84.978,27.567,0.25,48.191,93.029,0.66
abad27b7-bd1c-4de4-b410-8fc68fb159e8,2026-04-19T16:12:54.407575-04:00,node-01,checkout-api,200,True,normal,market_aware_v1,43.46,47.1,105.894,28.414,0.465,44.476,74.015,0.758
93fa62cf-678f-469b-92e6-3d33e3de11b1,2026-04-19T16:12:54.440967-04:00,node-01,payments-api,200,True,normal,market_aware_v1,40.606,44.959,113.908,23.619,0.357,51.045,65.424,0.951
bd2ed9ae-ed40-4f70-b166-2fe5f241e3ed,2026-04-19T16:12:54.474335-04:00,node-01,orders-api,200,True,normal,market_aware_v1,43.963,39.075,81.289,32.569,0.164,35.344,96.27,0.284
5c898ac2-7330-4a31-bbd5-8f2e579b6e01,2026-04-19T16:12:54.507744-04:00,node-01,checkout-api,200,True,normal,market_aware_v1,45.474,45.35,108.715,29.013,0.465,45.103,72.137,0.952
afb31e37-1dbe-4e12-9655-0f97f15ef69c,2026-04-19T16:12:54.540871-04:00,node-01,payments-api,200,True,normal,market_aware_v1,36.517,48.593,105.285,24.999,0.353,45.409,56.252,0.777
969a7f6c-4299-41a6-a8eb-544b97d3b386,2026-04-19T16:12:54.574396-04:00,node-01,orders-api,200,True,normal,market_aware_v1,49.623,45.144,84.513,29.842,0.279,41.831,104.262,0.568
ab501411-43ca-4c42-9047-9b63708156dc,2026-04-19T16:12:54.608147-04:00,node-01,checkout-api,200,True,normal,market_aware_v1,47.114,47.977,95.64,29.907,0.433,39.558,71.29,0.812
5dbd3829-b693-49d8-b08e-510290df07e5,2026-04-19T16:12:54.641016-04:00,node-01,payments-api,200,True,normal,market_aware_v1,42.238,50.073,105.854,25.492,0.394,46.93,67.886,0.884
c830e1d9-4022-405e-963b-d0ec29f1830a,2026-04-19T16:12:54.653664-04:00,node-01,orders-api,200,True,normal,market_aware_v1,49.145,44.591,79.827,30.608,0.255,46.137,99.849,0.632
829e2495-b54e-4fb0-bfa5-f43242489af1,2026-04-19T16:12:54.678856-04:00,node-01,checkout-api,200,True,normal,market_aware_v1,50.318,46.716,117.214,27.615,0.614,54.042,79.119,1.173
ef5cc185-048c-40de-9011-4bab29e0d32e,2026-04-19T16:12:54.708170-04:00,node-01,payments-api,200,True,normal,market_aware_v1,45.083,46.257,112.125,27.135,0.285,45.058,69.21,0.713
924006ee-00d6-4778-bfaa-864112c2246b,2026-04-19T16:12:54.741362-04:00,node-01,orders-api,200,True,normal,market_aware_v1,45.642,45.372,95.073,33.234,0.288,44.29,98.055,0.684
d9c45184-4e18-4e27-ac43-f6608953556a,2026-04-19T16:12:54.783933-04:00,node-01,checkout-api,429,True,normal,market_aware_v1,52.243,48.403,122.169,29.594,0.475,53.76,78.484,0.993
d5191bee-415b-4097-b2e4-17638ed388ab,2026-04-19T16:12:54.808640-04:00,node-01,payments-api,200,True,normal,market_aware_v1,46.515,53.897,127.986,26.563,0.603,58.572,65.075,1.446
2f4256be-2a35-4935-9739-ca67c1ee18e4,2026-04-19T16:12:54.842610-04:00,node-01,orders-api,200,True,normal,market_aware_v1,50.768,49.2,95.202,31.851,0.312,45.239,104.411,0.554
4611f499-ef7d-48d3-b045-6df4b756aa45,2026-04-19T16:12:54.863741-04:00,node-01,checkout-api,200,True,normal,market_aware_v1,49.774,45.74,95.611,28.559,0.509,47.686,81.791,0.9
7d196d10-2c25-4ab4-8175-90290a5da20a,2026-04-19T16:12:54.882381-04:00,node-01,payments-api,429,True,normal,market_aware_v1,46.345,51.555,129.466,30.399,0.511,58.376,65.658,1.151
15994cda-cd91-44cc-9998-73bbd942fce5,2026-04-19T16:12:54.899559-04:00,node-01,orders-api,200,True,anomalous,market_aware_v1,54.251,49.788,112.815,32.509,0.72,61.006,90.729,1.463
ca4347fd-5e16-4416-a1ed-3f15a8d83a90,2026-04-19T16:12:54.930997-04:00,node-01,checkout-api,200,True,normal,market_aware_v1,47.018,47.835,98.204,29.841,0.444,45.702,79.433,0.925
5b6ec598-8306-4b98-90c5-a45a49c734b6,2026-04-19T16:12:54.965112-04:00,node-01,payments-api,200,True,normal,market_aware_v1,44.929,53.809,116.499,28.061,0.432,54.528,64.895,0.998
e9b84530-6678-4f36-8145-753f3a747b3a,2026-04-19T16:12:54.997815-04:00,node-01,orders-api,200,True,normal,market_aware_v1,49.388,47.345,89.753,33.043,0.235,49.592,94.137,0.729
3ded71b9-39a3-4c98-8bc1-76c42e9a353d,2026-04-19T16:12:55.031777-04:00,node-01,checkout-api,200,True,normal,market_aware_v1,48.797,48.492,112.259,26.243,0.516,56.675,76.453,1.078
941c4178-e323-490a-b067-7578d3b72af9,2026-04-19T16:12:55.065020-04:00,node-01,payments-api,200,True,normal,market_aware_v1,45.505,49.725,119.884,24.799,0.47,53.255,65.039,1.072
fbe02bd8-c12a-4459-9f88-54df3da68b19,2026-04-19T16:12:55.099010-04:00,node-01,orders-api,200,True,normal,market_aware_v1,51.651,44.498,93.575,29.984,0.388,52.109,100.319,0.754
47314b18-440d-4f2b-821d-20473ab95f91,2026-04-19T16:12:55.131293-04:00,node-01,checkout-api,200,True,normal,market_aware_v1,44.884,47.038,110.27,30.508,0.446,48.115,71.205,0.996
87fdd1ae-eed2-4c43-a2cd-88a79761b95c,2026-04-19T16:12:55.145300-04:00,node-01,payments-api,200,True,normal,market_aware_v1,43.27,48.646,111.643,24.548,0.483,54.937,62.611,1.137
f1b556eb-5aed-4e48-a700-542e0873b0bf,2026-04-19T16:12:55.177024-04:00,node-01,orders-api,200,True,normal,market_aware_v1,46.96,48.311,96.08,28.636,0.219,49.205,95.452,0.626
a33b7928-1924-4b9c-83ac-a24c519d7a37,2026-04-19T16:12:55.209896-04:00,node-01,checkout-api,200,True,normal,market_aware_v1,47.072,48.117,101.0,29.018,0.49,51.242,72.287,0.974
37ac184b-8625-4018-9fc1-c72313227be3,2026-04-19T16:12:55.222978-04:00,node-01,payments-api,200,True,normal,market_aware_v1,41.325,49.538,104.539,26.563,0.385,47.638,63.232,0.796
a68d52c8-37f0-4276-abec-08a8b2f4d55d,2026-04-19T16:12:55.247805-04:00,node-01,orders-api,200,True,normal,market_aware_v1,46.675,44.475,96.934,31.943,0.257,48.737,91.145,0.699
09f87a0c-77e8-4a3a-9434-6861790ff5ee,2026-04-19T16:12:55.277477-04:00,node-01,checkout-api,200,True,normal,market_aware_v1,45.753,48.982,106.191,26.376,0.39,48.267,71.985,0.744
0defb0dd-4a33-4611-8897-de98cbddb780,2026-04-19T16:12:55.310815-04:00,node-01,payments-api,200,True,anomalous,market_aware_v1,46.516,49.727,134.271,28.096,0.711,53.822,54.823,1.459
a896fd55-117b-4d32-bd5b-78bec579054d,2026-04-19T16:12:55.344730-04:00,node-01,orders-api,200,True,anomalous,market_aware_v1,50.542,46.895,96.565,34.478,0.637,55.169,86.546,1.289
574f3bbe-746e-45f0-97f4-6510328ec23c,2026-04-19T16:12:55.377994-04:00,node-01,checkout-api,200,True,normal,market_aware_v1,42.436,49.607,90.609,27.002,0.459,42.844,73.064,0.778
0756f958-d1e9-470a-84cf-e36acc116666,2026-04-19T16:12:55.411367-04:00,node-01,payments-api,200,True,anomalous,market_aware_v1,44.566,51.064,125.978,28.485,0.808,53.66,53.496,1.56
f72fff78-e2df-4829-856a-483466090858,2026-04-19T16:12:55.444963-04:00,node-01,orders-api,200,True,normal,market_aware_v1,49.005,43.543,100.101,29.665,0.271,46.175,97.322,0.522
824dadaa-446c-4cd8-88d9-cd9e39d40630,2026-04-19T16:12:55.478292-04:00,node-01,checkout-api,200,True,normal,market_aware_v1,44.719,46.694,99.06,28.006,0.491,48.915,72.492,0.93
a3f98ef2-e77c-4b29-a49d-98b61a258265,2026-04-19T16:12:55.512225-04:00,node-01,payments-api,429,True,normal,market_aware_v1,44.051,47.555,112.664,23.955,0.503,57.554,56.012,1.066
a8bf25ed-6bc9-4fcb-bf88-74a6a01a5dfb,2026-04-19T16:12:55.534310-04:00,node-01,orders-api,200,True,normal,market_aware_v1,44.387,43.909,91.797,31.654,0.165,46.226,98.588,0.555
3a8e5207-0d61-4868-9c38-17dc78296be8,2026-04-19T16:12:55.557039-04:00,node-01,checkout-api,200,True,normal,market_aware_v1,47.309,47.856,99.21,30.306,0.47,46.659,75.431,0.866
e3b42849-e8b6-49c6-94c8-becebf8c649f,2026-04-19T16:12:55.577980-04:00,node-01,payments-api,200,True,normal,market_aware_v1,42.566,48.078,106.151,26.078,0.384,48.284,66.658,0.891
f5caa0c9-217a-4f54-a555-3968dfb12e31,2026-04-19T16:12:55.618049-04:00,node-01,orders-api,200,True,normal,market_aware_v1,53.388,46.037,90.866,31.185,0.197,43.762,100.937,0.388
c79d8782-bb47-412e-9b63-7e06881804ca,2026-04-19T16:12:55.645148-04:00,node-01,checkout-api,200,True,normal,market_aware_v1,46.537,51.329,99.585,32.213,0.418,46.045,82.141,0.851
2a340880-554a-4acc-957d-2e4a188ae7f9,2026-04-19T16:12:55.678812-04:00,node-01,payments-api,200,True,normal,market_aware_v1,46.618,54.099,115.95,28.048,0.432,53.724,71.724,1.101
77426190-6770-4097-88e7-6401e8b3808c,2026-04-19T16:12:55.712930-04:00,node-01,orders-api,200,True,normal,market_aware_v1,51.688,44.825,80.007,32.354,0.345,49.722,101.56,0.827
b0197e00-82d7-4d14-acb7-fc470a0bfabb,2026-04-19T16:12:55.745403-04:00,node-01,checkout-api,200,True,normal,market_aware_v1,52.219,50.31,108.161,31.116,0.473,42.26,90.239,0.764
ce575bb0-5f68-4ebc-96be-703db1025976,2026-04-19T16:12:55.760202-04:00,node-01,payments-api,200,True,normal,market_aware_v1,48.075,50.692,130.887,25.89,0.469,54.515,69.985,1.118
45005aca-da71-47ea-8bc5-afc9d70af886,2026-04-19T16:12:55.790870-04:00,node-01,orders-api,200,True,normal,market_aware_v1,52.455,47.114,100.57,33.258,0.344,47.556,104.485,0.757
c86c66d0-3b99-478d-b2b2-885eb79c76cd,2026-04-19T16:12:55.824453-04:00,node-01,checkout-api,200,True,normal,market_aware_v1,52.81,49.595,127.366,30.64,0.443,51.667,76.634,0.935
a4c4c07f-d6f8-4aef-a9f5-012f7a7e70d1,2026-04-19T16:12:55.857857-04:00,node-01,payments-api,200,True,normal,market_aware_v1,50.602,55.366,117.316,26.891,0.408,51.357,75.588,0.9
ef10abd0-d19e-48a9-b4ed-e6905fe02118,2026-04-19T16:12:55.891274-04:00,node-01,orders-api,200,True,normal,market_aware_v1,52.539,49.278,93.766,33.78,0.255,46.352,111.238,0.557
24860220-8768-45a7-b793-d60547426138,2026-04-19T16:12:55.924889-04:00,node-01,checkout-api,200,True,normal,market_aware_v1,54.362,53.08,112.434,32.045,0.483,47.729,81.889,0.967
420abca9-5be6-4b02-a449-6d155f47c300,2026-04-19T16:12:55.951006-04:00,node-01,payments-api,200,True,normal,market_aware_v1,48.131,52.601,118.106,27.335,0.494,52.75,73.52,1.016
fa6fe45a-6921-494e-94e0-8ba93da12560,2026-04-19T16:12:55.968790-04:00,node-01,orders-api,200,True,normal,market_aware_v1,54.737,48.641,81.492,30.727,0.347,48.859,103.61,0.727
bb78eede-09cb-4594-92b4-06fe27016fa6,2026-04-19T16:12:55.983445-04:00,node-01,checkout-api,200,True,normal,market_aware_v1,49.966,53.689,107.632,29.977,0.515,47.602,82.054,0.968
f4c14dba-f541-457d-b500-b3e691fd3a50,2026-04-19T16:12:56.009224-04:00,node-01,payments-api,200,True,normal,market_aware_v1,48.906,53.944,127.661,29.597,0.522,57.162,66.054,1.1
dee6cd70-ac77-4d84-9815-367167aed332,2026-04-19T16:12:56.043150-04:00,node-01,orders-api,200,True,normal,market_aware_v1,52.827,47.638,88.163,30.128,0.295,44.833,102.668,0.618
093de9d7-7e26-4320-91e7-4172623cf3fe,2026-04-19T16:12:56.069865-04:00,node-01,checkout-api,200,True,normal,market_aware_v1,49.089,49.959,111.768,27.793,0.489,53.162,74.566,1.047
e4ad37f0-c3de-4b76-bd35-bc8d4b595ee2,2026-04-19T16:12:56.103523-04:00,node-01,payments-api,200,True,normal,market_aware_v1,43.459,50.159,98.67,27.469,0.441,50.687,67.515,0.952
a766784c-fe94-44bb-89b1-5dd93620f294,2026-04-19T16:12:56.136858-04:00,node-01,orders-api,200,True,normal,market_aware_v1,50.412,45.85,89.695,30.77,0.323,51.702,99.49,0.797
f228a2a7-5da2-49d7-8f0f-2a1903752903,2026-04-19T16:12:56.175992-04:00,node-01,checkout-api,200,True,normal,market_aware_v1,47.469,51.738,123.328,27.663,0.519,53.226,76.435,1.12
6b335d91-04cc-484e-9d5b-9d4b955278a6,2026-04-19T16:12:56.192107-04:00,node-01,payments-api,200,True,normal,market_aware_v1,46.353,47.889,122.849,26.186,0.516,58.84,59.036,1.166
17686194-38ef-4b13-9c58-e7f0c47040be,2026-04-19T16:12:56.220788-04:00,node-01,orders-api,200,True,normal,market_aware_v1,50.707,43.99,95.52,31.394,0.29,48.139,99.6,0.703
43f080ff-d95b-48e0-805a-8796ec524e10,2026-04-19T16:12:56.258272-04:00,node-01,checkout-api,200,True,normal,market_aware_v1,45.206,45.5,103.69,27.283,0.452,47.791,68.359,1.04
1e50ecbe-6cd4-4c7f-97cd-a8ebffa2101e,2026-04-19T16:12:56.310944-04:00,node-01,payments-api,200,True,normal,market_aware_v1,39.14,48.218,103.927,25.578,0.426,45.798,62.132,0.736
2fd52826-d7c2-4b60-9369-f6491becaa28,2026-04-19T16:12:56.337936-04:00,node-01,orders-api,200,True,normal,market_aware_v1,45.388,44.002,95.453,29.158,0.314,48.534,88.441,0.714
3d050378-364c-47b6-8427-a592a695ad82,2026-04-19T16:12:56.371469-04:00,node-01,checkout-api,200,True,normal,market_aware_v1,41.501,47.001,93.717,25.687,0.412,46.372,71.382,0.802
73e4c2c2-5bfc-4079-9a99-ccae4855b5ec,2026-04-19T16:12:56.404405-04:00,node-01,payments-api,200,True,normal,market_aware_v1,40.074,47.023,105.012,25.071,0.305,40.547,66.416,0.589
a58a2eaa-7d25-4ee3-bd76-f03b13f16bfe,2026-04-19T16:12:56.438259-04:00,node-01,orders-api,200,True,normal,market_aware_v1,45.364,40.749,97.735,27.044,0.342,52.15,84.956,0.745
aa09b348-3e51-4755-ad44-638f6dcfbd1f,2026-04-19T16:12:56.472248-04:00,node-01,checkout-api,200,True,normal,market_aware_v1,42.819,44.607,113.076,27.781,0.562,53.326,62.783,1.128
4269884e-0842-4411-8874-3e7a959168eb,2026-04-19T16:12:56.505367-04:00,node-01,payments-api,200,True,normal,market_aware_v1,37.249,48.587,104.334,23.847,0.375,45.147,55.763,0.633
ad5dfcab-c001-433c-bf92-62eb91227481,2026-04-19T16:12:56.538054-04:00,node-01,orders-api,200,True,normal,market_aware_v1,43.662,38.342,80.875,28.905,0.3,42.729,90.813,0.519
2b609ee5-17fd-46a9-87e8-98452c641650,2026-04-19T16:12:56.554248-04:00,node-01,checkout-api,200,True,anomalous,market_aware_v1,44.519,47.197,122.563,29.999,0.835,56.53,60.857,1.592
d49f9a2e-7860-4b26-bb49-8c718d4486f1,2026-04-19T16:12:56.583514-04:00,node-01,payments-api,200,True,normal,market_aware_v1,39.026,45.431,110.986,27.07,0.386,54.844,57.393,0.984
e00f55cb-5650-4d72-ad49-38d358358444,2026-04-19T16:12:56.597335-04:00,node-01,orders-api,200,True,normal,market_aware_v1,47.948,39.725,89.516,31.497,0.369,55.311,81.314,0.918
7875ee5a-6b32-4c9d-851d-a1d5d341363b,2026-04-19T16:12:56.628189-04:00,node-01,checkout-api,200,True,normal,market_aware_v1,44.106,46.922,109.677,26.172,0.427,50.673,67.502,1.132
281c7c2e-531f-467d-9196-3bc46632e01e,2026-04-19T16:12:56.661110-04:00,node-01,payments-api,200,True,normal,market_aware_v1,39.069,50.404,106.57,25.101,0.384,47.655,58.078,0.948
de5af90c-e265-4d2e-9bc9-72440fe24d57,2026-04-19T16:12:56.675233-04:00,node-01,orders-api,200,True,normal,market_aware_v1,41.971,43.257,78.444,28.653,0.294,41.955,93.276,0.583
87606580-be1d-49ea-9425-2cb9684c3a23,2026-04-19T16:12:56.705661-04:00,node-01,checkout-api,200,True,normal,market_aware_v1,46.473,43.229,98.201,30.265,0.489,51.265,72.904,0.982
4d396b7f-f978-4637-9a55-73cdb15a1d86,2026-04-19T16:12:56.721061-04:00,node-01,payments-api,200,True,normal,market_aware_v1,37.974,49.819,94.823,26.446,0.365,50.534,63.55,0.933
b3c89052-a9a8-4369-9f67-cb403647a7a4,2026-04-19T16:12:56.750768-04:00,node-01,orders-api,200,True,normal,market_aware_v1,48.042,44.451,82.285,31.11,0.243,39.413,98.312,0.456
4602aba7-84fc-4357-8c53-116fc4ceec63,2026-04-19T16:12:56.785045-04:00,node-01,checkout-api,200,True,normal,market_aware_v1,43.002,47.733,89.601,29.461,0.427,41.399,78.376,0.723
da550ae0-334e-4ca1-9d4b-ff0fb821783e,2026-04-19T16:12:56.818078-04:00,node-01,payments-api,200,True,normal,market_aware_v1,45.258,49.565,117.679,25.694,0.444,52.231,63.649,0.954
3f633ca3-c96e-4879-923a-6b83fa047d4f,2026-04-19T16:12:56.852500-04:00,node-01,orders-api,200,True,normal,market_aware_v1,55.3,45.485,99.872,32.661,0.283,48.512,99.607,0.546
45366dde-88ed-4249-b08f-9514013b6271,2026-04-19T16:12:56.873457-04:00,node-01,checkout-api,200,True,normal,market_aware_v1,47.132,49.381,114.282,27.734,0.51,51.978,76.931,0.984
8a25d5df-3277-49e1-9d1b-0401d02becf1,2026-04-19T16:12:56.902870-04:00,node-01,payments-api,200,True,normal,market_aware_v1,45.849,50.907,109.062,24.622,0.362,44.102,68.561,0.673
08392318-a844-4e87-88f5-4cdc0c1ef652,2026-04-19T16:12:56.929485-04:00,node-01,orders-api,200,True,anomalous,market_aware_v1,53.272,46.166,100.788,32.752,0.491,46.942,93.822,1.088
7a8e9003-2e1e-4dbc-8074-21d6c52467ce,2026-04-19T16:12:56.963305-04:00,node-01,checkout-api,200,True,normal,market_aware_v1,51.749,51.069,113.777,31.248,0.47,55.706,74.69,1.053
30fb7d02-d26d-4594-8f09-333b8ec55087,2026-04-19T16:12:56.996840-04:00,node-01,payments-api,429,True,normal,market_aware_v1,46.363,54.698,122.517,26.189,0.433,53.739,64.412,1.053
3e9a4e4c-2c79-4c7a-b0a8-c8e88c6b774e,2026-04-19T16:12:57.030639-04:00,node-01,orders-api,200,True,normal,market_aware_v1,50.517,44.197,94.128,30.954,0.283,54.498,104.323,0.789
9cf45bc9-fbf2-4159-a1c7-e2a95d8335d1,2026-04-19T16:12:57.064220-04:00,node-01,checkout-api,200,True,normal,market_aware_v1,50.915,50.456,107.57,30.377,0.437,49.402,77.039,0.833
1a24e6e9-dd93-4ec4-b810-0f2d030b0fd4,2026-04-19T16:12:57.097649-04:00,node-01,payments-api,200,True,normal,market_aware_v1,46.777,52.206,106.4,26.351,0.422,52.114,64.16,0.976
a318a0fe-8ac6-4434-95ce-84c4d8e65ebe,2026-04-19T16:12:57.131207-04:00,node-01,orders-api,200,True,normal,market_aware_v1,49.219,50.861,104.2,31.938,0.337,58.438,98.544,1.005
31d2062d-0b15-4ae5-b8cd-d806a571d025,2026-04-19T16:12:57.164348-04:00,node-01,checkout-api,200,True,normal,market_aware_v1,53.501,48.824,114.685,30.565,0.414,50.594,81.182,0.953
56d23778-08e2-4820-ba7d-016228ca441b,2026-04-19T16:12:57.198806-04:00,node-01,payments-api,429,True,anomalous,market_aware_v1,45.264,49.023,135.023,27.115,0.744,57.515,58.911,1.447
b7e2f2b0-ad4f-4bb0-96e9-6da6e8e835a4,2026-04-19T16:12:57.231055-04:00,node-01,orders-api,200,True,normal,market_aware_v1,51.418,43.763,85.035,33.049,0.318,45.815,102.842,0.657
1b23b571-8e75-46b5-9ec1-8bb5557c052b,2026-04-19T16:12:57.271030-04:00,node-01,checkout-api,200,True,normal,market_aware_v1,48.456,50.689,116.4,29.301,0.517,53.327,76.817,1.024
f06ba032-f9f6-4361-8c11-ea6e20402c4a,2026-04-19T16:12:57.298205-04:00,node-01,payments-api,200,True,normal,market_aware_v1,40.477,51.712,125.526,23.707,0.485,53.233,64.567,1.09
9b424fac-4b02-4286-9bdb-79d9350b14f9,2026-04-19T16:12:57.331574-04:00,node-01,orders-api,200,True,normal,market_aware_v1,50.329,45.416,89.661,29.57,0.34,44.817,99.139,0.585
3ff2f0d7-a693-4384-9625-27f6ef0c31be,2026-04-19T16:12:57.347833-04:00,node-01,checkout-api,200,True,normal,market_aware_v1,44.149,48.274,111.134,28.471,0.487,47.236,80.268,0.995
3615bc29-17ce-4b71-b86d-2bd84ffcf88d,2026-04-19T16:12:57.375804-04:00,node-01,payments-api,200,True,normal,market_aware_v1,44.588,49.046,122.41,23.866,0.533,59.438,57.667,1.213
9e81ef6b-1502-4b5f-b572-bab5407265e8,2026-04-19T16:12:57.389664-04:00,node-01,orders-api,200,True,normal,market_aware_v1,52.189,44.231,85.146,27.968,0.317,49.17,98.006,0.674
a1b5d245-8b95-4e7a-bc21-d65d21c96f7b,2026-04-19T16:12:57.420837-04:00,node-01,checkout-api,200,True,normal,market_aware_v1,49.365,49.329,108.748,29.2,0.445,44.986,72.325,0.838
ce4ce3ab-adc0-4974-b55d-f22180ef2fd0,2026-04-19T16:12:57.437063-04:00,node-01,payments-api,200,True,normal,market_aware_v1,42.684,49.067,116.297,23.571,0.519,55.535,55.535,1.059
aa0a0fe7-864f-42fb-9338-1c0e7c97f08f,2026-04-19T16:12:57.466006-04:00,node-01,orders-api,200,True,normal,market_aware_v1,45.694,40.258,96.863,29.897,0.323,46.661,96.14,0.724
3e94bae7-4512-4944-b5cd-7f869705c1db,2026-04-19T16:12:57.499800-04:00,node-01,checkout-api,200,True,normal,market_aware_v1,44.286,44.486,114.241,27.574,0.46,49.045,75.561,0.926
9f728004-52f2-4c6d-8bd3-05aa84ddac67,2026-04-19T16:12:57.533660-04:00,node-01,payments-api,200,True,normal,market_aware_v1,40.051,52.426,120.602,25.476,0.434,51.955,55.441,0.98
b6243c48-bb90-4ff9-8074-79c3012461a8,2026-04-19T16:12:57.548168-04:00,node-01,orders-api,200,True,normal,market_aware_v1,48.774,45.67,92.48,32.243,0.313,49.758,89.496,0.62
c8e6d61b-8991-467c-a6d8-72be2eaf354e,2026-04-19T16:12:57.565768-04:00,node-01,checkout-api,200,True,normal,market_aware_v1,48.389,46.501,103.253,27.345,0.339,40.051,69.19,0.623
6ce57051-cb24-4fb5-bb7a-39c94353bd3f,2026-04-19T16:12:57.579657-04:00,node-01,payments-api,200,True,normal,market_aware_v1,44.154,49.045,134.946,23.858,0.764,64.21,58.127,1.796
fe2578cd-80ab-4a15-be73-933d991b6596,2026-04-19T16:12:57.607273-04:00,node-01,orders-api,200,True,normal,market_aware_v1,49.621,41.944,110.208,29.396,0.413,51.567,89.936,0.812
5b1ff907-1566-4887-9692-1ddc3b2c01f3,2026-04-19T16:12:57.622444-04:00,node-01,checkout-api,200,True,normal,market_aware_v1,45.969,47.724,112.033,30.065,0.459,51.243,71.121,1.039
4c61612b-a909-452d-bfa4-5fb125129e3f,2026-04-19T16:12:57.637356-04:00,node-01,payments-api,200,True,normal,market_aware_v1,41.165,49.741,95.408,24.482,0.325,42.349,67.47,0.606
460259a6-9009-4299-9f97-7ca7e9ee8491,2026-04-19T16:12:57.678199-04:00,node-01,orders-api,200,True,normal,market_aware_v1,48.678,44.575,85.156,30.464,0.298,47.34,97.803,0.769
61640eb8-b2d9-4fe6-b9fd-407dd537b805,2026-04-19T16:12:57.712129-04:00,node-01,checkout-api,200,True,normal,market_aware_v1,50.528,49.482,129.394,29.953,0.747,61.487,73.83,1.61
6b092301-7138-4b33-b476-53a8e3cea017,2026-04-19T16:12:57.745239-04:00,node-01,payments-api,200,True,normal,market_aware_v1,47.974,50.206,129.767,24.836,0.453,59.15,61.881,1.188
281712df-04d3-4730-af1b-58ff317f2567,2026-04-19T16:12:57.778362-04:00,node-01,orders-api,200,True,normal,market_aware_v1,50.986,44.844,86.793,30.592,0.259,42.077,103.424,0.562
149e1464-49fd-46af-bb18-66c00a38b686,2026-04-19T16:12:57.793978-04:00,node-01,checkout-api,200,True,normal,market_aware_v1,51.514,49.749,98.806,29.017,0.33,43.507,88.271,0.626
f31e89e2-6a98-4c66-a30e-a38cf58e0deb,2026-04-19T16:12:57.822870-04:00,node-01,payments-api,429,True,normal,market_aware_v1,45.792,51.35,129.835,25.824,0.52,61.165,62.022,1.299
e0cfa228-11f0-4c0d-9ace-415865936576,2026-04-19T16:12:57.838924-04:00,node-01,orders-api,200,True,normal,market_aware_v1,53.24,46.938,93.88,29.266,0.249,47.741,102.258,0.7
e1ad5eeb-40f6-4b77-9101-1b943d19b75e,2026-04-19T16:12:57.902110-04:00,node-01,checkout-api,200,True,anomalous,market_aware_v1,55.975,55.529,130.501,31.516,0.906,58.799,71.944,1.584
f405b3d5-2922-4e31-9b98-5551dde57ea3,2026-04-19T16:12:57.935267-04:00,node-01,payments-api,200,True,normal,market_aware_v1,48.494,56.707,122.518,26.966,0.458,57.096,68.071,1.102
11b2d8bf-cd3d-4470-a2c1-14600b3f410d,2026-04-19T16:12:57.968673-04:00,node-01,orders-api,200,True,normal,market_aware_v1,57.865,47.577,96.571,31.401,0.352,47.8,102.41,0.756
f7d10ab9-c464-4c46-836b-51db01f17045,2026-04-19T16:12:58.001964-04:00,node-01,checkout-api,200,True,normal,market_aware_v1,51.029,51.578,98.707,28.441,0.419,50.079,84.854,0.999
3eb2bfdc-c0a8-49fc-9620-952f31849c48,2026-04-19T16:12:58.030976-04:00,node-01,payments-api,200,True,normal,market_aware_v1,49.216,51.869,127.877,29.67,0.356,55.384,71.807,0.958
af804457-569d-4fc9-b510-969e39c2ac94,2026-04-19T16:12:58.063528-04:00,node-01,orders-api,200,True,normal,market_aware_v1,57.368,52.029,96.278,34.673,0.329,51.585,104.41,0.883
8e8a2a93-074b-4c45-831c-08019b6aaa87,2026-04-19T16:12:58.091006-04:00,node-01,checkout-api,200,True,normal,market_aware_v1,54.75,51.099,102.394,30.303,0.469,43.316,87.852,0.755
e484632c-5c04-469a-91a7-ee3990d5999e,2026-04-19T16:12:58.105280-04:00,node-01,payments-api,200,True,normal,market_aware_v1,45.127,49.529,112.848,28.304,0.452,55.016,70.017,1.065
c0e04ed0-1919-454d-af83-7263c4281624,2026-04-19T16:12:58.136302-04:00,node-01,orders-api,200,True,normal,market_aware_v1,59.42,45.584,98.35,29.952,0.324,49.468,101.279,0.63
21a228b5-9c0a-4750-97f3-0d5a557fe481,2026-04-19T16:12:58.170226-04:00,node-01,checkout-api,200,True,normal,market_aware_v1,54.246,51.133,130.307,32.222,0.534,56.004,79.844,1.174
764c2839-fc8d-43d8-bfdd-d47cf6fcf423,2026-04-19T16:12:58.192317-04:00,node-01,payments-api,200,True,normal,market_aware_v1,46.884,52.948,125.612,26.227,0.431,51.3,68.484,0.974
bcb8eaf3-dc35-4d49-a4db-9038f4f5de16,2026-04-19T16:12:58.213861-04:00,node-01,orders-api,200,True,normal,market_aware_v1,55.262,48.676,95.359,32.086,0.268,47.64,103.252,0.698
e193f17b-8435-4989-8203-1bcb18123300,2026-04-19T16:12:58.230318-04:00,node-01,checkout-api,200,True,normal,market_aware_v1,47.096,52.12,120.224,29.244,0.528,56.513,69.572,1.095
f1ba4965-b76a-420a-91b3-c1feac273fb7,2026-04-19T16:12:58.258531-04:00,node-01,payments-api,200,True,normal,market_aware_v1,47.967,53.579,121.417,24.796,0.476,51.401,62.647,1.035
9da27379-f7e0-44d2-beab-594d406e0b38,2026-04-19T16:12:58.272859-04:00,node-01,orders-api,200,True,normal,market_aware_v1,52.031,48.668,92.99,30.263,0.295,53.829,93.869,0.762
884e5a0f-b600-4003-9e8e-a9f5f6dc9890,2026-04-19T16:12:58.303819-04:00,node-01,checkout-api,200,True,normal,market_aware_v1,48.573,46.912,99.849,26.259,0.478,47.814,72.114,0.921
8803ca81-2d80-43c7-b314-8ec39689744e,2026-04-19T16:12:58.359856-04:00,node-01,payments-api,429,True,anomalous,market_aware_v1,45.378,50.055,123.388,25.773,0.742,55.08,55.948,1.482
26cce23b-8900-49e1-a2d4-cd72d1c81601,2026-04-19T16:12:58.422966-04:00,node-01,orders-api,200,True,normal,market_aware_v1,48.89,45.68,90.637,31.837,0.283,43.728,103.873,0.513
4f0a960a-4c9d-4010-9e1a-23bfd213f78f,2026-04-19T16:12:58.526014-04:00,node-01,checkout-api,200,True,normal,market_aware_v1,47.337,49.087,105.776,26.575,0.488,50.94,74.484,1.054
2b7a3bf1-5d0c-4f9e-a22a-9a3afaca822d,2026-04-19T16:12:58.540372-04:00,node-01,payments-api,200,True,normal,market_aware_v1,38.706,45.595,97.15,25.761,0.455,48.241,55.694,0.935
b2ae4431-d344-4ae1-8635-5063893f24dd,2026-04-19T16:12:58.572271-04:00,node-01,orders-api,200,True,anomalous,market_aware_v1,51.887,45.905,102.958,30.744,0.652,52.301,90.095,1.205
0c14ec7d-bbdb-458c-bfee-df96cd112f2d,2026-04-19T16:12:58.605076-04:00,node-01,checkout-api,200,True,normal,market_aware_v1,40.862,43.385,96.162,26.083,0.458,46.829,67.238,0.884
7643b5a3-ed85-44d7-a189-57fc89b28619,2026-04-19T16:12:58.621142-04:00,node-01,payments-api,200,True,normal,market_aware_v1,40.825,45.65,109.074,25.027,0.395,48.548,55.831,0.806
f0467659-ac94-43bf-a75e-21ff5ceae8c8,2026-04-19T16:12:58.650290-04:00,node-01,orders-api,200,True,normal,market_aware_v1,48.313,45.268,99.876,32.344,0.309,50.743,93.147,0.817
a4411f23-4cf3-414b-a1e3-6ba39096201c,2026-04-19T16:12:58.684163-04:00,node-01,checkout-api,200,True,anomalous,market_aware_v1,47.625,47.317,110.628,26.831,0.849,55.398,61.914,1.566
e4f548cc-3807-417a-8c45-8e553f389dbb,2026-04-19T16:12:58.717377-04:00,node-01,payments-api,200,True,normal,market_aware_v1,38.675,47.993,107.187,23.017,0.374,47.321,59.787,0.731
1282c066-54fc-4be2-acaa-e8ca18f97c58,2026-04-19T16:12:58.750787-04:00,node-01,orders-api,200,True,normal,market_aware_v1,48.477,41.69,94.868,28.286,0.276,47.162,92.231,0.577
5951d40a-4ba7-49a1-af93-a5a58558d364,2026-04-19T16:12:58.784608-04:00,node-01,checkout-api,200,True,normal,market_aware_v1,42.601,45.047,109.978,26.848,0.604,49.19,66.019,0.97
a9540948-26fa-478a-8e56-f213763516a2,2026-04-19T16:12:58.817443-04:00,node-01,payments-api,429,True,normal,market_aware_v1,39.803,47.877,126.808,25.788,0.358,54.962,50.315,0.943
5cf92065-4120-489c-b322-cea57911c4a3,2026-04-19T16:12:58.833550-04:00,node-01,orders-api,200,True,normal,market_aware_v1,46.283,41.301,102.932,27.929,0.375,50.218,92.681,0.845
ad9252df-1ae6-44b7-a9a3-2210cd48665c,2026-04-19T16:12:58.862270-04:00,node-01,checkout-api,200,True,normal,market_aware_v1,44.728,45.787,112.856,27.985,0.569,56.95,61.545,1.151
1af8accf-57a4-4a40-93df-b7f77cdb0d43,2026-04-19T16:12:58.896279-04:00,node-01,payments-api,200,True,anomalous,market_aware_v1,40.666,51.299,125.156,24.399,0.779,54.951,45.479,1.561
3f15a096-aaff-42c5-b54c-cdcb06f9650d,2026-04-19T16:12:58.930190-04:00,node-01,orders-api,200,True,anomalous,market_aware_v1,48.199,46.184,90.216,31.235,0.606,45.797,94.536,1.027
9436d515-b254-483e-93c7-494a0659b974,2026-04-19T16:12:58.951502-04:00,node-01,checkout-api,200,True,normal,market_aware_v1,42.776,46.971,105.652,26.538,0.483,48.249,74.704,0.967
fcfad89c-33a1-48d0-9d2b-e0a18f153522,2026-04-19T16:12:58.980568-04:00,node-01,payments-api,200,True,normal,market_aware_v1,37.409,51.297,123.543,25.122,0.518,59.133,54.061,1.325
299b7e6f-82a2-4458-bdc0-c32477f350ce,2026-04-19T16:12:58.996160-04:00,node-01,orders-api,200,True,normal,market_aware_v1,45.23,42.227,82.679,28.955,0.277,43.701,99.015,0.44
180e617b-ca46-42e2-a892-4fc0e47b94a4,2026-04-19T16:12:59.037458-04:00,node-01,checkout-api,200,True,normal,market_aware_v1,46.306,48.242,110.788,28.567,0.576,56.735,72.233,1.28
e6eb0f05-6217-425c-a7d5-f589afc04f35,2026-04-19T16:12:59.063719-04:00,node-01,payments-api,200,True,normal,market_aware_v1,40.287,51.553,100.149,24.448,0.382,50.507,62.158,1.0
47a525a4-1eaa-413d-9fbb-e7ba6ddbd6c9,2026-04-19T16:12:59.097566-04:00,node-01,orders-api,200,True,normal,market_aware_v1,49.03,46.042,102.785,32.625,0.397,50.68,96.939,1.02
a58e5e4c-eaa8-4cfb-a7e9-f762f8fa7031,2026-04-19T16:12:59.130949-04:00,node-01,checkout-api,200,True,normal,market_aware_v1,54.5,49.612,114.961,26.898,0.557,56.467,75.783,1.174
e8c93d88-70f6-4b3e-8a17-69356e2d2935,2026-04-19T16:12:59.164746-04:00,node-01,payments-api,200,True,normal,market_aware_v1,45.67,53.549,121.506,27.528,0.461,58.268,59.816,1.1
433d7216-b866-4051-82ab-cf09fe030522,2026-04-19T16:12:59.196918-04:00,node-01,orders-api,429,True,normal,market_aware_v1,47.868,48.472,105.588,32.893,0.445,60.168,94.351,1.092
f79fa1c5-f3d6-4f75-ab5c-5e4ad1b0164a,2026-04-19T16:12:59.210384-04:00,node-01,checkout-api,200,True,normal,market_aware_v1,53.583,51.414,126.649,29.816,0.548,55.633,75.084,1.161
34b620db-5185-40ba-833d-d58a9e47c47f,2026-04-19T16:12:59.242669-04:00,node-01,payments-api,200,True,normal,market_aware_v1,46.443,52.656,131.117,24.741,0.426,59.065,57.676,1.156
a5fb8da6-04f6-491c-b8ba-75ce1437b652,2026-04-19T16:12:59.276609-04:00,node-01,orders-api,200,True,normal,market_aware_v1,55.354,45.243,100.088,33.209,0.475,56.979,96.905,1.103
da252ef7-a5c4-4e12-9637-325edab6257d,2026-04-19T16:12:59.312999-04:00,node-01,checkout-api,200,True,normal,market_aware_v1,51.375,51.573,117.805,30.088,0.512,49.915,74.049,1.049
0542de81-b263-464b-85a1-92b5f46b6787,2026-04-19T16:12:59.342765-04:00,node-01,payments-api,200,True,normal,market_aware_v1,46.971,50.729,133.602,25.92,0.632,62.309,62.442,1.595
b317c308-dcf6-41a0-982b-621ce29ec157,2026-04-19T16:12:59.359366-04:00,node-01,orders-api,200,True,normal,market_aware_v1,53.462,48.251,94.302,30.644,0.362,51.691,100.322,0.882
ba8c6ac7-2787-46f5-8c65-57267ff6b4ab,2026-04-19T16:12:59.388919-04:00,node-01,checkout-api,200,True,normal,market_aware_v1,53.184,52.112,116.947,30.926,0.615,55.026,79.126,1.126
31988ded-72ae-4db0-9f30-ad9bbd6d4d1e,2026-04-19T16:12:59.421386-04:00,node-01,payments-api,429,True,normal,market_aware_v1,49.602,53.054,125.573,23.493,0.519,57.171,67.767,1.046
d4c91c56-3422-4e4a-a5fb-9bcaa6546de9,2026-04-19T16:12:59.455135-04:00,node-01,orders-api,200,True,normal,market_aware_v1,53.385,46.968,97.336,29.599,0.255,49.541,97.513,0.746
5681d5e2-3b2d-4a9b-a043-3d26ec403cb9,2026-04-19T16:12:59.488949-04:00,node-01,checkout-api,200,True,normal,market_aware_v1,47.147,49.347,112.713,29.869,0.416,44.24,84.295,0.746
c2b59680-018e-4a0f-9a46-16f10716d38c,2026-04-19T16:12:59.521645-04:00,node-01,payments-api,200,True,normal,market_aware_v1,47.469,50.529,106.748,27.356,0.37,51.775,64.382,0.861
59fa41ae-4bd8-4f41-895e-e726c345cef1,2026-04-19T16:12:59.563798-04:00,node-01,orders-api,200,True,normal,market_aware_v1,48.33,41.898,84.969,30.444,0.255,43.195,103.091,0.512
33b8cbff-dcc1-49cd-a98a-8761d92fba46,2026-04-19T16:12:59.588913-04:00,node-01,checkout-api,200,True,normal,market_aware_v1,50.625,46.671,126.577,29.99,0.528,59.338,75.393,1.238
b123b02b-20b9-4724-a175-d0b5aeda90d7,2026-04-19T16:12:59.605200-04:00,node-01,payments-api,200,True,normal,market_aware_v1,42.722,47.931,116.39,25.668,0.425,54.1,60.984,0.955
98180085-a2dd-4e67-a9e1-154bd225af3d,2026-04-19T16:12:59.621799-04:00,node-01,orders-api,200,True,normal,market_aware_v1,46.84,43.32,100.142,29.229,0.235,45.225,92.65,0.597
c091d4f9-4085-43e1-b166-c3831af23761,2026-04-19T16:12:59.645844-04:00,node-01,checkout-api,429,True,normal,market_aware_v1,49.198,49.566,122.827,30.94,0.447,53.2,71.781,1.086
832bb736-34e4-4824-973f-7d9ea913cf4d,2026-04-19T16:12:59.666930-04:00,node-01,payments-api,200,True,normal,market_aware_v1,41.71,48.34,111.506,24.655,0.366,48.723,60.225,0.834
17669fd7-4622-428f-86f4-200c8ac582f9,2026-04-19T16:12:59.706580-04:00,node-01,orders-api,200,True,normal,market_aware_v1,45.809,39.797,83.022,29.883,0.345,43.754,97.03,0.618
d9a0f895-2ad1-4b98-bd21-8aa05bf65219,2026-04-19T16:12:59.734096-04:00,node-01,checkout-api,200,True,normal,market_aware_v1,45.262,49.624,147.975,31.544,0.778,62.595,73.036,1.75
347bb965-f07f-4ea7-b6ce-a7f9f2b4be9c,2026-04-19T16:12:59.750796-04:00,node-01,payments-api,200,True,normal,market_aware_v1,40.475,49.946,115.243,27.165,0.47,56.561,57.704,1.111
805a29a3-6861-4c20-ba70-135b977ebef5,2026-04-19T16:12:59.779506-04:00,node-01,orders-api,200,True,normal,market_aware_v1,45.981,46.012,84.908,29.261,0.242,43.869,99.881,0.538
b3851ee2-2fa9-41fe-b5ca-5d6d3e9f6215,2026-04-19T16:12:59.812373-04:00,node-01,checkout-api,200,True,normal,market_aware_v1,43.75,44.6,105.403,30.702,0.469,50.147,71.52,1.022
a2c4a8ff-289a-4938-8c2e-0dfffe6d5142,2026-04-19T16:12:59.845822-04:00,node-01,payments-api,200,True,normal,market_aware_v1,43.758,46.515,119.16,23.871,0.5,60.792,59.32,1.126
c9b68aae-a426-42c8-bf04-419ecfdda37f,2026-04-19T16:12:59.879897-04:00,node-01,orders-api,200,True,normal,market_aware_v1,46.681,43.689,88.161,30.052,0.355,44.743,100.556,0.597
2ac20c1a-edf9-4bdf-b748-66f4ebc383fd,2026-04-19T16:12:59.913613-04:00,node-01,checkout-api,200,True,normal,market_aware_v1,47.114,47.62,95.222,29.205,0.421,39.575,77.899,0.567
010f6051-3abe-4315-b9c2-a3421816ec08,2026-04-19T16:12:59.946789-04:00,node-01,payments-api,200,True,normal,market_aware_v1,40.719,48.401,126.034,27.052,0.38,57.427,54.576,1.045
6b76f8a8-c66c-4e71-85f5-f188b073cf8e,2026-04-19T16:12:59.980591-04:00,node-01,orders-api,200,True,normal,market_aware_v1,53.816,49.328,102.286,29.215,0.416,50.523,95.719,0.817
2db978fb-68a6-4462-a4bb-49cc767c13bc,2026-04-19T16:13:00.013929-04:00,node-01,checkout-api,200,True,normal,market_aware_v1,48.578,52.362,106.181,29.612,0.436,45.252,77.726,0.889
4cb25eb9-a24d-4a5a-89bd-ac5f27a3ee38,2026-04-19T16:13:00.042076-04:00,node-01,payments-api,429,True,normal,market_aware_v1,47.484,48.875,124.101,28.664,0.495,55.733,60.378,0.934
76a943db-eb65-429b-ada0-5ea54dfb2fdb,2026-04-19T16:13:00.069783-04:00,node-01,orders-api,200,True,normal,market_aware_v1,56.719,45.889,106.705,31.688,0.346,53.647,100.929,0.883
3b195173-0984-4b59-873b-a98480502dd9,2026-04-19T16:13:00.103337-04:00,node-01,checkout-api,200,True,normal,market_aware_v1,49.535,48.51,114.82,31.171,0.438,43.832,76.614,0.871
d52e9a47-e98f-4405-80a0-2f7720cc3c51,2026-04-19T16:13:00.136945-04:00,node-01,payments-api,200,True,normal,market_aware_v1,44.681,48.991,114.943,26.272,0.472,53.434,60.015,0.874
f35fe2f6-8f23-44e4-aef0-147d141fe4a4,2026-04-19T16:13:00.170367-04:00,node-01,orders-api,200,True,normal,market_aware_v1,53.659,47.808,103.608,34.647,0.471,56.733,100.711,1.014
74e641bc-ea15-4189-adcd-917cfdfd5e4a,2026-04-19T16:13:00.203777-04:00,node-01,checkout-api,200,True,normal,market_aware_v1,52.12,51.815,118.985,30.451,0.562,53.969,78.649,1.151
f3a1d71a-7181-4ad6-b36b-304559e1225a,2026-04-19T16:13:00.237592-04:00,node-01,payments-api,200,True,normal,market_aware_v1,48.394,51.044,115.993,27.91,0.464,47.693,65.74,0.861
f911a2f3-74c5-4cb3-a646-07ce4ebc1cf7,2026-04-19T16:13:00.270357-04:00,node-01,orders-api,200,True,normal,market_aware_v1,56.78,50.357,98.439,31.666,0.409,47.349,103.718,0.806
37094482-8af5-41e6-b39c-8c6e63609aca,2026-04-19T16:13:00.285828-04:00,node-01,checkout-api,200,True,anomalous,market_aware_v1,59.408,52.398,138.863,31.987,0.812,66.402,70.269,1.682
ba661d37-0645-4596-9073-44c832f78246,2026-04-19T16:13:00.316322-04:00,node-01,payments-api,200,True,normal,market_aware_v1,47.223,53.843,117.247,24.605,0.427,52.884,68.446,0.926
b36ad818-163f-4177-bda1-b3f44e5d5f2b,2026-04-19T16:13:00.331543-04:00,node-01,orders-api,200,True,normal,market_aware_v1,54.31,46.284,95.039,31.235,0.325,47.702,104.408,0.737
dad1aa50-6ac4-4bcc-85f3-908772cbee72,2026-04-19T16:13:00.382651-04:00,node-01,checkout-api,429,True,anomalous,market_aware_v1,60.452,55.302,123.212,33.85,0.733,55.705,78.308,1.371
28a5fb80-742e-44fc-8785-4eb5f8d414c7,2026-04-19T16:13:00.416685-04:00,node-01,payments-api,200,True,normal,market_aware_v1,48.661,53.862,121.357,30.285,0.482,63.37,61.254,1.266
bae36555-e2a3-48e3-89c6-23890919b10b,2026-04-19T16:13:00.451100-04:00,node-01,orders-api,200,True,normal,market_aware_v1,58.47,49.518,106.404,33.206,0.365,49.231,106.381,0.773
1db5e4ec-ac68-4e6f-aa0f-29108597b4f6,2026-04-19T16:13:00.490976-04:00,node-01,checkout-api,429,True,normal,market_aware_v1,54.831,50.981,120.851,29.203,0.609,55.714,78.018,1.245
de1bc7a8-9826-4ac2-9ec1-07d0eb28791c,2026-04-19T16:13:00.516663-04:00,node-01,payments-api,200,True,normal,market_aware_v1,47.216,51.695,137.502,27.689,0.495,57.042,63.658,1.12
0755eebd-0919-41cf-ad4f-c4ca8cc4076d,2026-04-19T16:13:00.531534-04:00,node-01,orders-api,200,True,normal,market_aware_v1,52.525,46.892,98.702,35.272,0.225,48.15,100.557,0.504
e68d383d-f5f3-405e-88da-50dc449b35fa,2026-04-19T16:13:00.561839-04:00,node-01,checkout-api,200,True,normal,market_aware_v1,54.463,53.925,112.949,29.228,0.392,47.737,76.27,0.834
22d67b0d-1666-41f7-b38e-8c4756b1c42a,2026-04-19T16:13:00.595463-04:00,node-01,payments-api,200,True,normal,market_aware_v1,45.62,51.206,116.253,25.879,0.424,52.374,65.616,0.923
d0ccaba5-e6f5-4866-956e-15fb09cea0a3,2026-04-19T16:13:00.628805-04:00,node-01,orders-api,200,True,normal,market_aware_v1,52.662,49.158,105.974,31.601,0.394,52.774,97.807,0.96
98680817-0eb8-4ece-aac1-fa5a49f50d9b,2026-04-19T16:13:00.662207-04:00,node-01,checkout-api,200,True,normal,market_aware_v1,53.583,50.62,133.975,31.41,0.891,67.054,64.15,1.966
29848da0-04f9-4d5c-8897-822a955d291e,2026-04-19T16:13:00.696162-04:00,node-01,payments-api,200,True,normal,market_aware_v1,44.665,51.672,99.207,22.707,0.391,46.189,68.97,0.817
d444a8e8-067b-469a-8c17-a3c456194099,2026-04-19T16:13:00.729546-04:00,node-01,orders-api,200,True,normal,market_aware_v1,55.816,44.268,106.686,31.003,0.408,54.742,95.781,0.898
96a238d9-5e6b-42f0-b0f5-2e2edc9b62f2,2026-04-19T16:13:00.762967-04:00,node-01,checkout-api,200,True,normal,market_aware_v1,48.032,45.443,110.651,28.56,0.503,53.989,70.588,1.08
45eb9ac4-8090-4e2e-80e7-7c07623e3c0c,2026-04-19T16:13:00.796794-04:00,node-01,payments-api,200,True,normal,market_aware_v1,39.007,46.635,110.815,23.968,0.385,43.877,58.31,0.688
fc05eca4-8970-4fa6-9c21-1107540a1516,2026-04-19T16:13:00.829613-04:00,node-01,orders-api,200,True,normal,market_aware_v1,46.228,44.072,103.158,27.969,0.364,50.181,90.179,0.76
e19a9499-5b25-4998-80a6-18e4173108ba,2026-04-19T16:13:00.846063-04:00,node-01,checkout-api,429,True,normal,market_aware_v1,43.413,45.637,122.59,26.704,0.558,55.955,68.666,1.256
952bf548-f0b2-48b1-9010-1f7ddcd43dc7,2026-04-19T16:13:00.874251-04:00,node-01,payments-api,200,True,normal,market_aware_v1,40.108,48.276,104.175,24.013,0.45,47.01,56.506,0.811
6a342242-7bd5-403a-9037-1310772542b7,2026-04-19T16:13:00.889510-04:00,node-01,orders-api,200,True,normal,market_aware_v1,45.795,42.976,113.228,29.894,0.42,55.888,85.389,0.925
73059abd-50f0-4f45-8f0c-9674605d1737,2026-04-19T16:13:00.919404-04:00,node-01,checkout-api,200,True,normal,market_aware_v1,44.457,47.273,101.018,26.737,0.441,46.094,67.042,0.953
a4ede549-cf18-4730-ba39-3371e15c4272,2026-04-19T16:13:00.953033-04:00,node-01,payments-api,200,True,normal,market_aware_v1,39.213,44.369,125.135,24.671,0.402,58.993,51.906,1.012
06abf9e0-ea52-438f-ab62-c55c798d309a,2026-04-19T16:13:00.986171-04:00,node-01,orders-api,200,True,normal,market_aware_v1,48.412,38.844,121.789,29.407,0.354,55.397,85.324,0.926
60091a84-55b4-46c6-85f6-66a0cd0c7cf1,2026-04-19T16:13:01.019667-04:00,node-01,checkout-api,200,True,normal,market_aware_v1,44.006,45.263,111.129,26.332,0.511,49.989,68.088,0.949
e371d525-0c2a-428f-b9e9-8ebc898ece66,2026-04-19T16:13:01.034626-04:00,node-01,payments-api,200,True,normal,market_aware_v1,36.921,45.209,108.584,25.448,0.394,45.96,56.193,0.765
4d54e36d-88e9-42ed-826b-beeb64bb41d1,2026-04-19T16:13:01.098327-04:00,node-01,orders-api,200,True,normal,market_aware_v1,44.273,42.335,77.138,27.426,0.228,43.079,91.041,0.57
81a12cec-cb25-4878-8548-7a5bcc3dbbc3,2026-04-19T16:13:01.120091-04:00,node-01,checkout-api,200,True,normal,market_aware_v1,42.368,45.273,114.534,25.504,0.516,53.047,63.54,1.127
bb8a9ce8-8fc3-4e5b-8d8a-00c4b204291b,2026-04-19T16:13:01.160090-04:00,node-01,payments-api,200,True,normal,market_aware_v1,39.709,45.742,110.083,22.56,0.419,48.857,58.367,0.877
22d4989a-3c89-425b-8c01-3b30219bf543,2026-04-19T16:13:01.188178-04:00,node-01,orders-api,200,True,normal,market_aware_v1,46.383,42.082,99.479,28.173,0.292,51.818,89.406,0.805
40749fb7-f6c3-4c51-b9bd-9dee19d9e6d2,2026-04-19T16:13:01.221041-04:00,node-01,checkout-api,200,True,normal,market_aware_v1,47.394,47.039,111.438,29.25,0.625,49.491,70.603,1.299
543d4d7c-5a33-4b65-ae6b-0948446768c1,2026-04-19T16:13:01.235803-04:00,node-01,payments-api,200,True,normal,market_aware_v1,40.976,49.536,112.01,23.846,0.389,53.518,55.336,0.902
03017aef-cf89-4fcb-8908-7b1dcccca661,2026-04-19T16:13:01.265761-04:00,node-01,orders-api,200,True,normal,market_aware_v1,48.381,46.0,91.908,31.095,0.27,48.278,101.441,0.727
edec3895-71ef-427a-a27d-68666f70fb76,2026-04-19T16:13:01.279081-04:00,node-01,checkout-api,200,True,normal,market_aware_v1,45.353,49.982,120.343,29.454,0.493,54.107,74.632,1.112
4a00fcbb-d7ad-4877-9cec-14950691aa71,2026-04-19T16:13:01.311427-04:00,node-01,payments-api,200,True,normal,market_aware_v1,44.361,49.615,125.298,25.268,0.392,54.006,57.231,1.033
c541dd15-8b2a-4bd1-b4de-d73aa4e5e6ad,2026-04-19T16:13:01.344764-04:00,node-01,orders-api,200,True,normal,market_aware_v1,50.765,44.622,108.872,32.082,0.488,57.339,97.691,0.96
18976e59-81e8-4d4e-a36a-52d61c26e11f,2026-04-19T16:13:01.377873-04:00,node-01,checkout-api,200,True,normal,market_aware_v1,49.163,48.452,112.506,29.17,0.447,50.58,76.037,0.833
5a7dcc7f-e9de-40a2-9551-e5f6de817fa3,2026-04-19T16:13:01.410978-04:00,node-01,payments-api,200,True,normal,market_aware_v1,46.26,51.206,134.449,27.117,0.612,63.838,56.522,1.35
6a7ae3b8-c1fc-4244-b759-44f524acf26a,2026-04-19T16:13:01.425754-04:00,node-01,orders-api,429,True,normal,market_aware_v1,51.872,48.156,91.356,30.492,0.303,56.854,93.998,0.873
353f1f0f-e473-46c3-a875-5539a9547902,2026-04-19T16:13:01.456347-04:00,node-01,checkout-api,200,True,normal,market_aware_v1,49.27,52.917,137.316,29.556,0.669,59.333,74.643,1.422
22cc40d5-894b-4b2b-a991-1847a466c6ad,2026-04-19T16:13:01.489758-04:00,node-01,payments-api,200,True,normal,market_aware_v1,48.311,50.422,126.019,28.02,0.402,53.906,65.491,1.144
33ba2e9f-2e9d-484f-85f9-cab28d124e6d,2026-04-19T16:13:01.523013-04:00,node-01,orders-api,429,True,normal,market_aware_v1,54.755,47.648,105.722,31.531,0.417,55.217,97.035,0.932
1e647fe8-86b9-492d-97cb-9f10ab037463,2026-04-19T16:13:01.556725-04:00,node-01,checkout-api,200,True,normal,market_aware_v1,53.636,50.397,115.25,31.153,0.541,54.563,69.481,1.184
a4390bfb-21da-4e8f-962e-8feca15b11b5,2026-04-19T16:13:01.589793-04:00,node-01,payments-api,200,True,normal,market_aware_v1,49.1,54.841,131.663,26.891,0.471,57.958,59.765,1.049
dbf40017-3711-49b0-b8ef-2489188d3564,2026-04-19T16:13:01.605472-04:00,node-01,orders-api,200,True,normal,market_aware_v1,49.273,47.33,106.893,31.984,0.369,53.6,92.271,0.876
03d36733-8fa4-40d4-85e2-69ba2ac6b70a,2026-04-19T16:13:01.634960-04:00,node-01,checkout-api,200,True,normal,market_aware_v1,48.04,46.675,108.322,32.698,0.551,51.19,75.097,1.161
a03f3b2b-c2f7-4907-af82-0a93c2c0b3d5,2026-04-19T16:13:01.669031-04:00,node-01,payments-api,200,True,normal,market_aware_v1,46.859,51.08,133.869,27.403,0.38,56.759,56.021,1.004
3417c679-9b49-4c47-89e7-9d9e215dd69d,2026-04-19T16:13:01.702498-04:00,node-01,orders-api,200,True,normal,market_aware_v1,55.326,49.133,108.186,35.16,0.328,53.2,94.571,0.779
05129980-c154-43be-ab32-831a03e8092b,2026-04-19T16:13:01.724200-04:00,node-01,checkout-api,200,True,normal,market_aware_v1,51.981,49.649,112.45,27.211,0.56,58.944,75.808,1.233
d5e545db-666f-402e-923c-283cb14f0318,2026-04-19T16:13:01.738548-04:00,node-01,payments-api,429,True,normal,market_aware_v1,48.952,53.814,120.869,25.826,0.537,56.855,56.932,1.123
5a6dfd41-5e26-4719-a471-a140b5d494aa,2026-04-19T16:13:01.802787-04:00,node-01,orders-api,200,True,normal,market_aware_v1,51.811,46.826,96.483,30.635,0.267,51.391,91.787,0.651
eaa4092d-5c83-4224-8027-35227b5e2fcc,2026-04-19T16:13:01.836554-04:00,node-01,checkout-api,200,True,normal,market_aware_v1,45.9,47.376,112.992,30.173,0.553,54.883,72.689,1.273
a271a9de-1002-4f15-a6a4-fecea5391c5c,2026-04-19T16:13:01.870316-04:00,node-01,payments-api,200,True,normal,market_aware_v1,48.672,51.133,135.347,25.726,0.398,57.675,57.787,1.01
2ca5ed99-ddaf-471a-8ed2-53278a74c57b,2026-04-19T16:13:01.903952-04:00,node-01,orders-api,200,True,normal,market_aware_v1,48.072,45.656,92.548,32.603,0.276,56.761,91.946,0.859
d638468e-a408-4dbf-9697-226714cff652,2026-04-19T16:13:01.937097-04:00,node-01,checkout-api,200,True,normal,market_aware_v1,47.496,48.396,113.576,30.249,0.464,48.355,75.228,0.946
4cc6500d-9adb-4b16-a103-5ef5018dabf3,2026-04-19T16:13:01.970049-04:00,node-01,payments-api,200,True,normal,market_aware_v1,45.178,47.564,131.806,25.991,0.418,57.048,55.814,1.017
c91eadcb-980d-4d82-8023-f63e9b8f0579,2026-04-19T16:13:01.983944-04:00,node-01,orders-api,200,True,normal,market_aware_v1,49.459,41.926,109.588,30.922,0.388,50.133,90.188,0.786
d704c5dd-7d7c-4f90-bca6-78c44a4ab6e4,2026-04-19T16:13:02.015644-04:00,node-01,checkout-api,200,True,normal,market_aware_v1,46.036,46.192,103.902,28.504,0.568,53.743,66.09,1.236
9c2c467a-74e7-43d3-9f59-4208ad25d3a7,2026-04-19T16:13:02.049089-04:00,node-01,payments-api,200,True,normal,market_aware_v1,43.329,48.164,130.252,26.232,0.477,65.415,57.997,1.229
bbb6ff5f-e25d-4418-9828-ec4d024ad37b,2026-04-19T16:13:02.078296-04:00,node-01,orders-api,200,True,normal,market_aware_v1,46.812,42.332,101.609,27.957,0.354,52.033,96.077,0.806
89d0d0c9-156d-49aa-b1d7-3c4e782a7a42,2026-04-19T16:13:02.104893-04:00,node-01,checkout-api,200,True,normal,market_aware_v1,42.623,45.99,107.169,28.053,0.438,46.165,77.498,0.866
87f38c0d-71df-4554-a6cb-98ec868cf557,2026-04-19T16:13:02.137949-04:00,node-01,payments-api,200,True,normal,market_aware_v1,41.756,49.132,120.293,25.074,0.647,63.595,56.105,1.389
a541db43-9043-4e01-bc5e-982a52951987,2026-04-19T16:13:02.154608-04:00,node-01,orders-api,200,True,normal,market_aware_v1,48.455,46.434,106.251,28.555,0.402,55.988,90.119,0.825
1a02dcb0-831d-4673-a30e-b12dd11a42ea,2026-04-19T16:13:02.182792-04:00,node-01,checkout-api,200,True,normal,market_aware_v1,44.321,48.187,117.879,26.757,0.606,58.423,73.96,1.217
119a58d3-023b-41b1-9857-d5a936d5b800,2026-04-19T16:13:02.224871-04:00,node-01,payments-api,200,True,normal,market_aware_v1,43.403,48.251,132.841,25.307,0.472,54.01,61.179,1.089
2d38c0d9-cae3-465f-a971-3274adabfe21,2026-04-19T16:13:02.249828-04:00,node-01,orders-api,200,True,normal,market_aware_v1,50.52,47.497,95.838,31.362,0.327,50.723,93.586,0.616
0c47dc7a-f2b3-4d77-8779-54bcdf385ea5,2026-04-19T16:13:02.263505-04:00,node-01,checkout-api,200,True,normal,market_aware_v1,47.998,50.131,120.526,28.831,0.57,55.996,69.793,1.224
092fdc79-059b-415b-be85-c5ae1c3856fe,2026-04-19T16:13:02.296278-04:00,node-01,payments-api,200,True,normal,market_aware_v1,46.252,52.508,119.841,24.986,0.441,56.817,61.601,0.968
1789b611-e406-4d17-b8e8-001d6b8a3115,2026-04-19T16:13:02.328846-04:00,node-01,orders-api,200,True,normal,market_aware_v1,53.423,42.524,89.482,31.952,0.208,46.849,99.963,0.459
9a266394-ae30-4e91-b696-f6fe330c3743,2026-04-19T16:13:02.361695-04:00,node-01,checkout-api,200,True,normal,market_aware_v1,49.385,49.521,117.611,31.093,0.47,56.644,74.582,1.19
94e448c4-b148-47e7-9716-601aef34094d,2026-04-19T16:13:02.378240-04:00,node-01,payments-api,429,True,normal,market_aware_v1,48.257,49.553,137.006,27.254,0.469,59.775,61.969,1.159
35094191-0fee-4832-a4b4-a3445b11bd0b,2026-04-19T16:13:02.395072-04:00,node-01,orders-api,200,True,normal,market_aware_v1,58.887,49.185,105.182,32.041,0.382,53.424,98.735,0.835
87c5baef-56bf-43c6-8cc6-ec5b8b067d89,2026-04-19T16:13:02.409468-04:00,node-01,checkout-api,200,True,normal,market_aware_v1,50.89,53.132,105.146,30.755,0.375,43.076,84.83,0.788
683a32e8-c6e6-443b-a389-f26bad832434,2026-04-19T16:13:02.428676-04:00,node-01,payments-api,200,True,normal,market_aware_v1,48.178,55.095,127.193,29.047,0.357,50.299,66.432,0.745
c3c06a53-1875-4496-8062-495f7ec35910,2026-04-19T16:13:02.468362-04:00,node-01,orders-api,200,True,normal,market_aware_v1,53.231,47.005,109.17,29.998,0.371,55.152,96.662,0.95
bd184c91-c8c0-474a-9438-49fad10c26c0,2026-04-19T16:13:02.496115-04:00,node-01,checkout-api,200,True,normal,market_aware_v1,51.973,53.16,118.036,28.056,0.468,57.328,77.524,1.031
05df97b0-e64e-4e8a-9da7-15dba3df71b5,2026-04-19T16:13:02.529717-04:00,node-01,payments-api,429,True,normal,market_aware_v1,49.539,55.001,125.841,28.891,0.445,57.945,66.737,1.071
5c335b97-25a9-461d-91eb-3b9b43b9e0c2,2026-04-19T16:13:02.563275-04:00,node-01,orders-api,429,True,normal,market_aware_v1,58.959,47.932,121.981,34.657,0.4,59.792,101.957,1.051
f8cc9a0f-aa3e-4b58-832c-a88fdab6b979,2026-04-19T16:13:02.596352-04:00,node-01,checkout-api,200,True,normal,market_aware_v1,56.903,52.667,132.689,31.741,0.544,61.242,72.576,1.311
6601d963-6cb8-4b22-912f-9c3cdb0dd55c,2026-04-19T16:13:02.612231-04:00,node-01,payments-api,200,True,normal,market_aware_v1,46.311,53.137,112.8,29.235,0.411,59.803,66.124,1.058
2598593c-ea1b-4084-a6cc-379fe5f2beaa,2026-04-19T16:13:02.641799-04:00,node-01,orders-api,200,True,normal,market_aware_v1,57.612,49.462,101.745,33.253,0.327,52.297,107.53,0.719
b73bf9e1-f330-4d4d-b2c6-8de2e6d776db,2026-04-19T16:13:02.675423-04:00,node-01,checkout-api,429,True,normal,market_aware_v1,51.957,49.897,120.356,30.422,0.503,54.902,77.673,1.163
3348fdab-28d9-4ad2-93de-946a306defea,2026-04-19T16:13:02.708394-04:00,node-01,payments-api,429,True,normal,market_aware_v1,49.99,54.045,122.268,27.754,0.519,59.895,64.236,1.173
e76f4f76-26dc-401c-812c-406f17c6ea06,2026-04-19T16:13:02.722163-04:00,node-01,orders-api,200,True,normal,market_aware_v1,56.474,48.1,106.057,30.193,0.389,55.024,98.57,0.854
64d42976-8b6b-47e2-bb4c-8f75eb915680,2026-04-19T16:13:02.753046-04:00,node-01,checkout-api,200,True,normal,market_aware_v1,51.806,50.357,113.319,31.705,0.469,53.531,78.477,1.081
128902fe-0f36-4665-adf7-a02911bbf3ee,2026-04-19T16:13:02.786482-04:00,node-01,payments-api,200,True,normal,market_aware_v1,45.0,50.252,124.013,27.353,0.433,55.509,64.383,1.111
42b23e1f-897a-49ef-bc7d-92fb39287905,2026-04-19T16:13:02.819327-04:00,node-01,orders-api,200,True,normal,market_aware_v1,54.531,48.724,106.709,31.327,0.359,57.807,98.827,1.012
4eed9eb5-d90b-4766-b6fe-b4c77c01eb94,2026-04-19T16:13:02.834350-04:00,node-01,checkout-api,200,True,normal,market_aware_v1,48.161,48.539,125.521,30.303,0.569,56.754,73.962,1.158
d53d74b0-65ac-4088-a4b6-7730f3805d00,2026-04-19T16:13:02.864785-04:00,node-01,payments-api,200,True,normal,market_aware_v1,46.346,52.266,119.378,25.582,0.432,52.909,62.245,0.928
77b8ccdb-cc9c-4801-ad41-4ae6150a4b5a,2026-04-19T16:13:02.897602-04:00,node-01,orders-api,200,True,normal,market_aware_v1,50.477,42.217,98.484,30.681,0.247,46.817,94.811,0.57
94e6db69-9732-4d2d-b3c5-8412a0b26214,2026-04-19T16:13:02.912669-04:00,node-01,checkout-api,200,True,normal,market_aware_v1,46.44,48.74,113.363,29.678,0.514,52.144,71.575,1.085
55deba4e-7a46-4d0c-b384-1f7cc7beb00d,2026-04-19T16:13:02.941772-04:00,node-01,payments-api,200,True,normal,market_aware_v1,43.426,51.066,133.2,25.529,0.501,63.716,57.17,1.202
5f9270dc-70d5-4949-87ca-8acfc1fef9ec,2026-04-19T16:13:02.957004-04:00,node-01,orders-api,200,True,anomalous,market_aware_v1,54.781,44.511,106.533,31.629,0.6,53.334,88.675,1.216
8b34f102-67ae-4154-b9f7-6a28860f3ac7,2026-04-19T16:13:02.986936-04:00,node-01,checkout-api,200,True,normal,market_aware_v1,45.444,46.565,103.548,27.222,0.411,47.81,68.469,0.868
5d68939d-190f-4679-b7dc-d5159e52f18c,2026-04-19T16:13:03.000708-04:00,node-01,payments-api,200,True,normal,market_aware_v1,38.042,47.905,105.411,24.426,0.319,43.446,58.013,0.65
2dae30b8-5ba7-413f-be6c-47c2cbb18800,2026-04-19T16:13:03.020323-04:00,node-01,orders-api,200,True,normal,market_aware_v1,43.86,45.842,100.356,30.238,0.427,56.92,93.402,1.041
eaf4f8f9-a7e3-44bd-b4fa-35d4ee004ca5,2026-04-19T16:13:03.034861-04:00,node-01,checkout-api,200,True,normal,market_aware_v1,46.186,46.182,120.179,26.852,0.436,56.967,68.181,0.968
93505d1b-2a31-4c50-b3f2-24e6ff8c7bfb,2026-04-19T16:13:03.061296-04:00,node-01,payments-api,200,True,normal,market_aware_v1,40.355,49.987,121.35,22.812,0.47,60.347,52.809,1.259
e00fcdb9-e5aa-4784-81ba-7a370af16107,2026-04-19T16:13:03.076326-04:00,node-01,orders-api,200,True,normal,market_aware_v1,43.996,43.366,108.375,27.96,0.432,51.945,89.014,0.855
8bc1d1cf-08bf-4486-a4f6-371022df7370,2026-04-19T16:13:03.090735-04:00,node-01,checkout-api,200,True,normal,market_aware_v1,46.424,48.016,127.816,27.532,0.597,58.341,63.916,1.422
44a950bc-f581-461e-b073-1b1c7b0aa74d,2026-04-19T16:13:03.109228-04:00,node-01,payments-api,200,True,normal,market_aware_v1,39.726,47.615,130.236,23.303,0.591,64.294,51.768,1.302
ec5927d8-a6fd-40a7-bf93-b18fbc4b0558,2026-04-19T16:13:03.123463-04:00,node-01,orders-api,200,True,normal,market_aware_v1,53.283,46.6,108.436,27.936,0.35,54.951,88.198,0.827
36c63025-1582-4839-8867-508a873999d8,2026-04-19T16:13:03.154819-04:00,node-01,checkout-api,200,True,normal,market_aware_v1,42.97,44.496,123.275,26.784,0.494,53.038,65.723,1.042
dc16949b-6e29-45e7-a069-0a1f5fdba04b,2026-04-19T16:13:03.188371-04:00,node-01,payments-api,200,True,normal,market_aware_v1,42.525,46.32,127.738,22.112,0.51,58.482,49.372,1.111
9ae46f8d-c039-48a6-bd11-ec58f0fd5b6e,2026-04-19T16:13:03.221017-04:00,node-01,orders-api,200,True,normal,market_aware_v1,44.83,43.742,85.951,27.901,0.218,41.432,101.106,0.476
4380a6f4-7a10-4233-ba2e-400999d97ad2,2026-04-19T16:13:03.255166-04:00,node-01,checkout-api,200,True,normal,market_aware_v1,42.398,43.849,106.012,28.281,0.536,50.274,65.683,1.131
f7e81106-200e-4884-a3a5-911b79bfc6c4,2026-04-19T16:13:03.288243-04:00,node-01,payments-api,200,True,normal,market_aware_v1,39.895,47.442,122.253,25.408,0.465,59.638,53.068,1.151
3dc7ad48-e2e6-4677-96a4-36e6e1319c3e,2026-04-19T16:13:03.301751-04:00,node-01,orders-api,200,True,normal,market_aware_v1,51.971,44.602,107.365,30.157,0.432,58.781,92.154,0.919
e2309337-80d7-48e2-9c59-7f643882fbfc,2026-04-19T16:13:03.332864-04:00,node-01,checkout-api,200,True,normal,market_aware_v1,47.785,48.427,121.526,30.521,0.542,52.579,68.57,1.064
a5701255-e63b-4ef6-b339-949e5296434d,2026-04-19T16:13:03.349245-04:00,node-01,payments-api,429,True,anomalous,market_aware_v1,46.055,52.637,147.036,28.513,0.879,60.525,49.574,1.642
2a830db0-9736-4c75-bf79-8bc039dc840a,2026-04-19T16:13:03.377918-04:00,node-01,orders-api,200,True,normal,market_aware_v1,49.962,46.695,104.994,29.53,0.323,52.668,93.519,0.826
cf19354b-8f47-47b0-a717-9f4d4c6f4ae8,2026-04-19T16:13:03.410768-04:00,node-01,checkout-api,200,True,normal,market_aware_v1,50.667,48.44,106.275,29.957,0.559,53.314,77.402,1.095
dcec6cec-28d2-4a65-b329-0bd9927fc329,2026-04-19T16:13:03.444946-04:00,node-01,payments-api,429,True,anomalous,market_aware_v1,50.369,54.057,147.276,28.912,0.85,64.181,54.536,1.79
78475610-b59c-4d80-971f-230688489c8d,2026-04-19T16:13:03.471532-04:00,node-01,orders-api,200,True,normal,market_aware_v1,53.736,47.541,99.6,32.538,0.319,51.355,97.012,0.736
f3868196-271a-4431-b571-7700583721f8,2026-04-19T16:13:03.500472-04:00,node-01,checkout-api,429,True,normal,market_aware_v1,53.259,49.406,135.399,29.972,0.631,60.833,70.245,1.499
6eb8ade9-f91b-4c33-888e-606d31317334,2026-04-19T16:13:03.533536-04:00,node-01,payments-api,200,True,normal,market_aware_v1,49.497,52.247,126.345,25.48,0.365,54.117,63.289,0.898
64adbded-a876-4839-bbd9-f8ec765b9292,2026-04-19T16:13:03.549384-04:00,node-01,orders-api,200,True,normal,market_aware_v1,51.158,47.858,96.843,32.447,0.247,49.227,98.988,0.679
c51c909c-7bac-4b95-86c8-0e7ca9ffd3c7,2026-04-19T16:13:03.567241-04:00,node-01,checkout-api,429,True,anomalous,market_aware_v1,50.658,50.974,132.127,28.765,0.812,56.931,66.06,1.456
3022b0e6-be90-4142-acf1-85e2df0deddb,2026-04-19T16:13:03.581962-04:00,node-01,payments-api,200,True,normal,market_aware_v1,49.395,48.098,136.015,28.197,0.362,57.467,62.182,1.134
cf11c276-bfd5-4e1c-9643-1ac48fe320d0,2026-04-19T16:13:03.600859-04:00,node-01,orders-api,200,True,normal,market_aware_v1,53.272,50.169,114.423,31.289,0.392,61.013,99.282,1.001
15c69f91-fc86-497c-b530-e848d118766c,2026-04-19T16:13:03.634608-04:00,node-01,checkout-api,200,True,normal,market_aware_v1,53.29,50.293,132.986,27.455,0.67,60.977,73.538,1.301
a0605dfb-378e-45b4-a8b4-d5f33af3bd57,2026-04-19T16:13:03.667939-04:00,node-01,payments-api,200,True,normal,market_aware_v1,48.998,50.0,132.672,26.305,0.491,58.921,60.974,1.17
5be74b0c-0524-4c0f-887e-a5b9b6c532b6,2026-04-19T16:13:03.701271-04:00,node-01,orders-api,200,True,normal,market_aware_v1,51.829,48.008,104.709,32.38,0.338,51.323,93.029,0.762
db42b931-de95-4b8b-9d76-0d84ca4e1fbb,2026-04-19T16:13:03.735058-04:00,node-01,checkout-api,200,True,normal,market_aware_v1,52.093,50.595,111.961,30.233,0.458,55.396,75.328,1.12
4b48c69d-24d4-4b68-a6af-5d0dd2c384a0,2026-04-19T16:13:03.769001-04:00,node-01,payments-api,429,True,normal,market_aware_v1,47.67,49.77,140.295,26.914,0.568,66.417,59.044,1.265
e52240d7-0fac-4105-951d-0da447374baa,2026-04-19T16:13:03.802348-04:00,node-01,orders-api,200,True,normal,market_aware_v1,48.352,43.745,103.656,32.079,0.378,58.393,96.398,1.036
304ed184-5de0-4b2d-acd3-db8b03b3ce12,2026-04-19T16:13:03.835310-04:00,node-01,checkout-api,200,True,normal,market_aware_v1,51.439,49.0,126.156,28.367,0.669,62.341,71.566,1.398
a212fd58-8fea-4616-94e6-f9aea8bf1c84,2026-04-19T16:13:03.849666-04:00,node-01,payments-api,429,True,normal,market_aware_v1,48.581,48.433,117.127,24.547,0.398,56.996,58.576,1.014
a136fe23-48e0-46d2-9fef-9cb69606f0a2,2026-04-19T16:13:03.879428-04:00,node-01,orders-api,200,True,anomalous,market_aware_v1,53.752,50.194,117.29,34.859,0.726,63.377,90.723,1.499
0ce32aa7-1e0e-4e8a-bfc1-b27d2da2fcf8,2026-04-19T16:13:03.894317-04:00,node-01,checkout-api,200,True,normal,market_aware_v1,48.656,49.896,118.229,26.967,0.535,56.808,68.376,1.205
bd3e640d-3dc7-4ece-b6be-df56446f4355,2026-04-19T16:13:03.924891-04:00,node-01,payments-api,200,True,normal,market_aware_v1,40.382,50.461,128.941,27.131,0.498,57.801,64.899,1.15
c73af980-b354-4df8-8e1f-52068e00c56e,2026-04-19T16:13:03.958058-04:00,node-01,orders-api,200,True,normal,market_aware_v1,49.11,42.779,116.703,29.292,0.402,58.41,86.283,0.949
52880755-0e5e-4857-b90d-62c941ccd08d,2026-04-19T16:13:03.991523-04:00,node-01,checkout-api,200,True,normal,market_aware_v1,46.72,42.931,116.824,26.034,0.562,59.221,64.633,1.212
2862cf5f-707c-4a6a-8785-f7460a21569f,2026-04-19T16:13:04.024431-04:00,node-01,payments-api,200,True,normal,market_aware_v1,47.099,48.878,136.677,26.813,0.584,63.696,49.899,1.405
4ef44342-565f-40ef-9e38-91912eabc5fc,2026-04-19T16:13:04.040013-04:00,node-01,orders-api,200,True,normal,market_aware_v1,45.627,45.892,109.728,28.986,0.36,56.064,90.176,0.886
53abc667-653c-4f69-92cf-7616e52cd297,2026-04-19T16:13:04.070017-04:00,node-01,checkout-api,200,True,normal,market_aware_v1,49.689,50.239,120.778,29.244,0.478,59.154,71.429,1.171
db1550fe-ca31-413b-a894-d86f1dcdf2c5,2026-04-19T16:13:04.098845-04:00,node-01,payments-api,200,True,anomalous,market_aware_v1,50.463,48.448,151.582,27.369,0.902,69.353,47.251,1.971
aaec313a-44e2-46cb-9f3b-29b2d3225cc3,2026-04-19T16:13:04.132635-04:00,node-01,orders-api,200,True,normal,market_aware_v1,46.444,40.363,98.139,29.542,0.336,43.474,100.443,0.608
8a968c54-1e59-45a9-8112-c5589b966841,2026-04-19T16:13:04.159194-04:00,node-01,checkout-api,200,True,normal,market_aware_v1,48.216,47.465,123.074,29.255,0.621,59.251,69.473,1.293
98a59ab6-31b6-4634-a48f-178a150ee62c,2026-04-19T16:13:04.192099-04:00,node-01,payments-api,200,True,normal,market_aware_v1,44.99,49.62,124.854,27.413,0.381,55.091,58.435,0.942
1ad6cb99-8d5a-4f6d-a1b6-959923371c0f,2026-04-19T16:13:04.206660-04:00,node-01,orders-api,200,True,normal,market_aware_v1,49.52,45.383,104.91,30.749,0.353,56.744,91.952,1.009
dd9799fc-e404-4035-aaa9-94f9326f18ae,2026-04-19T16:13:04.225851-04:00,node-01,checkout-api,200,True,anomalous,market_aware_v1,53.335,50.355,133.181,28.882,0.873,58.948,66.048,1.639
e254f46a-0459-48bb-8ccb-37c9615ebca1,2026-04-19T16:13:04.239277-04:00,node-01,payments-api,200,True,normal,market_aware_v1,47.615,51.647,126.326,26.2,0.5,56.981,59.398,1.144
9d3d4b6d-7526-4ed1-8dd7-bb49d3cb23f0,2026-04-19T16:13:04.263725-04:00,node-01,orders-api,200,True,normal,market_aware_v1,50.079,47.881,111.899,30.064,0.3,54.427,95.965,0.815
4f995546-e298-4fde-943f-a5fddb0b4126,2026-04-19T16:13:04.292821-04:00,node-01,checkout-api,200,True,normal,market_aware_v1,46.006,48.776,102.895,29.448,0.509,49.092,80.537,0.986
2d43c57d-4761-4ab6-88ce-86e1208071a4,2026-04-19T16:13:04.326725-04:00,node-01,payments-api,429,True,normal,market_aware_v1,47.443,51.436,131.819,27.726,0.515,56.678,61.922,1.122
35579907-d1a9-4d4d-b3f2-93444eae1040,2026-04-19T16:13:04.359746-04:00,node-01,orders-api,200,True,normal,market_aware_v1,56.132,46.863,109.294,31.437,0.374,57.237,102.354,1.107
fbf87b7b-b90d-4884-a05e-76a54246677d,2026-04-19T16:13:04.392978-04:00,node-01,checkout-api,200,True,normal,market_aware_v1,52.484,53.469,101.562,31.229,0.435,51.321,84.271,0.983
9393b50f-224e-4a92-95e9-59bd835d78c4,2026-04-19T16:13:04.407837-04:00,node-01,payments-api,200,True,normal,market_aware_v1,49.373,56.616,127.739,29.378,0.523,57.069,65.432,1.266
8ad721a0-6f37-4018-9289-cb261124f672,2026-04-19T16:13:04.437988-04:00,node-01,orders-api,200,True,normal,market_aware_v1,57.378,46.495,99.835,30.029,0.397,56.717,102.021,0.883
5edb6642-59a8-44bf-83d6-52880bdc9d7f,2026-04-19T16:13:04.470996-04:00,node-01,checkout-api,200,True,normal,market_aware_v1,51.122,52.25,125.21,29.593,0.604,61.718,80.472,1.314
60303fc6-dc2d-4d3a-9fe3-92663ee7f587,2026-04-19T16:13:04.485589-04:00,node-01,payments-api,200,True,normal,market_aware_v1,50.088,54.058,134.184,28.984,0.399,56.249,71.448,0.95
bd6c995e-c9b9-4883-8d25-243c1e614b1b,2026-04-19T16:13:04.516407-04:00,node-01,orders-api,429,True,anomalous,market_aware_v1,63.928,52.572,117.349,34.375,0.71,62.55,96.224,1.506
2f31ab74-2e85-4d08-b88e-40990f80f8ea,2026-04-19T16:13:04.549938-04:00,node-01,checkout-api,200,True,normal,market_aware_v1,53.997,52.29,113.032,30.499,0.472,54.139,78.56,0.998
324724b4-6396-4a84-8c67-bb1de934c118,2026-04-19T16:13:04.582625-04:00,node-01,payments-api,200,True,normal,market_aware_v1,51.649,47.727,123.257,27.48,0.422,57.236,66.022,1.073
4a955492-5aac-43fe-b5bd-3e85cb081681,2026-04-19T16:13:04.597662-04:00,node-01,orders-api,200,True,normal,market_aware_v1,57.669,47.959,126.565,32.643,0.584,62.999,106.088,1.432
a28ba534-42e0-4d98-a611-7d0135bcf48f,2026-04-19T16:13:04.627805-04:00,node-01,checkout-api,200,True,normal,market_aware_v1,54.871,52.171,127.008,32.55,0.614,59.485,74.321,1.241
d4e9aa5a-bda2-44cf-90f0-009f3450849f,2026-04-19T16:13:04.660981-04:00,node-01,payments-api,200,True,normal,market_aware_v1,51.545,54.105,134.497,27.586,0.494,57.312,68.831,1.202
66c2d464-82b4-43e6-b335-f4ee239cf7c3,2026-04-19T16:13:04.675831-04:00,node-01,orders-api,200,True,normal,market_aware_v1,56.331,49.557,111.964,34.068,0.465,57.566,101.689,0.92
034221b6-61e5-47b1-9aa8-b4b07a71bd4c,2026-04-19T16:13:04.706400-04:00,node-01,checkout-api,200,True,normal,market_aware_v1,54.962,49.834,128.657,27.995,0.614,56.732,76.319,1.285
3c7d75f8-f01b-4b7e-b527-de472bfcb5fb,2026-04-19T16:13:04.739541-04:00,node-01,payments-api,200,True,normal,market_aware_v1,52.918,54.548,131.507,25.876,0.546,59.016,59.059,1.197
c1b394b9-e2cd-4df8-8642-4f3d2c869bb0,2026-04-19T16:13:04.772660-04:00,node-01,orders-api,200,True,normal,market_aware_v1,54.369,47.444,116.052,30.719,0.38,62.059,98.709,0.995
09462ee1-a6d2-46dd-979c-3f33a016bae9,2026-04-19T16:13:04.785991-04:00,node-01,checkout-api,200,True,normal,market_aware_v1,54.098,49.347,117.408,30.606,0.496,52.202,80.501,0.933
5b9d721f-c4cd-4f81-9133-561551a0909b,2026-04-19T16:13:04.800647-04:00,node-01,payments-api,429,True,normal,market_aware_v1,47.117,52.811,136.935,28.602,0.445,58.279,56.946,1.27
270bdfc3-75f5-4a20-aaab-f13605587a82,2026-04-19T16:13:04.817152-04:00,node-01,orders-api,200,True,normal,market_aware_v1,52.677,47.728,105.569,30.305,0.411,53.956,94.766,0.893
55395c93-3c33-4e99-96c0-271c9cc8dad9,2026-04-19T16:13:04.831134-04:00,node-01,checkout-api,200,True,normal,market_aware_v1,48.943,47.129,101.672,30.657,0.416,47.736,68.946,0.868
6c9dd45a-cb1f-42aa-9d27-a76931694117,2026-04-19T16:13:04.862534-04:00,node-01,payments-api,200,True,normal,market_aware_v1,45.224,50.8,132.585,24.712,0.526,60.345,54.344,1.243
9cd43d30-068e-4fc4-b0ac-901bf89b800d,2026-04-19T16:13:04.896216-04:00,node-01,orders-api,200,True,normal,market_aware_v1,46.199,39.858,107.155,33.393,0.292,57.225,92.812,0.869
7c748287-fd55-44e8-990a-a8b83780389e,2026-04-19T16:13:04.929250-04:00,node-01,checkout-api,200,True,normal,market_aware_v1,48.622,46.074,123.643,27.124,0.484,53.135,70.133,1.07
80145155-d5e8-4bb8-a2b9-28fa2961c02e,2026-04-19T16:13:04.962435-04:00,node-01,payments-api,200,True,normal,market_aware_v1,38.101,48.549,120.309,23.434,0.525,53.445,60.435,0.981
1475aa6f-7e8f-4491-8fd2-09abed0ff565,2026-04-19T16:13:04.978217-04:00,node-01,orders-api,200,True,normal,market_aware_v1,46.329,43.277,109.038,27.906,0.394,56.202,84.916,0.986
aec38cc6-ba96-4729-8424-6d6bae24c128,2026-04-19T16:13:05.006970-04:00,node-01,checkout-api,200,True,anomalous,market_aware_v1,50.498,49.94,146.945,29.182,0.965,65.917,63.433,1.878
fdcbf8bc-3e84-4436-8c2b-dba82dc803f4,2026-04-19T16:13:05.022317-04:00,node-01,payments-api,429,True,normal,market_aware_v1,42.272,42.867,130.182,25.724,0.4,60.794,44.912,1.004
905ee27a-6880-40b0-9daf-c49985a81144,2026-04-19T16:13:05.045327-04:00,node-01,orders-api,200,True,normal,market_aware_v1,47.534,44.683,103.353,26.857,0.433,54.328,82.653,0.932
12fb1db6-3865-4c3c-8faa-95b6a49a8be0,2026-04-19T16:13:05.073437-04:00,node-01,checkout-api,200,True,normal,market_aware_v1,46.226,46.05,118.107,27.188,0.544,54.467,68.947,1.146
ecb8faa2-f908-4db9-a959-b52394c39db2,2026-04-19T16:13:05.087175-04:00,node-01,payments-api,200,True,normal,market_aware_v1,37.65,48.226,112.006,23.329,0.427,54.451,53.729,0.964
9f5ce1d4-8c23-4128-a59c-f1c8d6237123,2026-04-19T16:13:05.119324-04:00,node-01,orders-api,200,True,normal,market_aware_v1,49.695,42.779,108.775,30.373,0.353,48.143,89.495,0.624
7701e2ac-cc43-4813-8a94-b9160c3d755f,2026-04-19T16:13:05.152795-04:00,node-01,checkout-api,200,True,normal,market_aware_v1,43.994,44.645,114.678,28.981,0.468,53.778,63.935,0.845
7ef033a4-4240-425d-9866-f1827323705f,2026-04-19T16:13:05.186101-04:00,node-01,payments-api,429,True,normal,market_aware_v1,37.473,47.691,129.185,25.249,0.54,62.487,56.54,1.353
3070bd34-742b-4389-8ee0-0e827692b7a2,2026-04-19T16:13:05.219439-04:00,node-01,orders-api,200,True,normal,market_aware_v1,46.999,45.817,95.107,30.891,0.305,45.292,91.474,0.645
f7ef3a5b-fe4b-4b50-aba2-bb5965b3b98b,2026-04-19T16:13:05.252835-04:00,node-01,checkout-api,200,True,normal,market_aware_v1,45.259,46.892,104.5,27.399,0.466,47.818,65.911,0.94
c09e33ec-8897-4c80-814c-106a2fb5dc88,2026-04-19T16:13:05.286654-04:00,node-01,payments-api,200,True,normal,market_aware_v1,46.924,50.379,135.903,25.119,0.678,65.278,54.994,1.746
6271a609-aa51-418b-9c9d-3a27895a3698,2026-04-19T16:13:05.321512-04:00,node-01,orders-api,200,True,normal,market_aware_v1,49.04,43.951,100.719,29.478,0.288,51.743,97.65,0.68
4427778f-0a61-4f1b-b0cc-174a7d20c63a,2026-04-19T16:13:05.353487-04:00,node-01,checkout-api,200,True,normal,market_aware_v1,46.401,50.32,128.069,28.325,0.491,57.799,66.543,1.185
d78a40ef-2484-4549-a346-001469a31c50,2026-04-19T16:13:05.389454-04:00,node-01,payments-api,200,True,normal,market_aware_v1,45.746,49.749,132.454,27.21,0.524,62.574,58.16,1.293
ef59a6be-9f1a-48fe-ab96-06eeb70e9885,2026-04-19T16:13:05.413944-04:00,node-01,orders-api,200,True,normal,market_aware_v1,51.913,44.887,110.67,30.727,0.42,51.891,98.948,0.951
9c20a9c7-06c0-4c7f-ba9e-8e67afdabb7e,2026-04-19T16:13:05.431312-04:00,node-01,checkout-api,200,True,normal,market_aware_v1,53.248,47.753,134.723,28.02,0.607,60.888,72.792,1.241
d2493abd-3b9b-4d6e-bcf8-16b8d827bd85,2026-04-19T16:13:05.445894-04:00,node-01,payments-api,429,True,normal,market_aware_v1,43.789,50.176,130.354,26.721,0.567,65.008,57.657,1.388
522158f7-b41e-4742-9692-fe6dbf468b2e,2026-04-19T16:13:05.464949-04:00,node-01,orders-api,200,True,normal,market_aware_v1,54.728,45.029,113.75,31.456,0.412,57.955,87.756,0.928
2c0e4664-3c0c-4a37-8102-a5f90c690e22,2026-04-19T16:13:05.504877-04:00,node-01,checkout-api,200,True,normal,market_aware_v1,50.049,52.287,112.617,31.146,0.493,54.525,76.09,1.096
b4248618-913f-4a69-809b-1e1d78a65ae1,2026-04-19T16:13:05.525997-04:00,node-01,payments-api,429,True,normal,market_aware_v1,49.114,52.74,129.904,25.439,0.452,61.357,56.827,1.22
a84f9b03-fc93-41e4-9ac4-6e034ef3b033,2026-04-19T16:13:05.554090-04:00,node-01,orders-api,200,True,normal,market_aware_v1,54.947,49.652,108.162,30.058,0.414,50.915,100.858,0.88
f92ea897-1f5b-485e-b74f-5776839f5b05,2026-04-19T16:13:05.568338-04:00,node-01,checkout-api,200,True,normal,market_aware_v1,56.756,48.585,130.065,28.196,0.512,61.198,74.955,1.321
58851688-289d-46c3-a432-74332be24bc3,2026-04-19T16:13:05.599390-04:00,node-01,payments-api,200,True,normal,market_aware_v1,53.152,54.93,136.972,28.233,0.474,59.668,64.619,1.11
9dd28277-2866-48ff-8e23-5f4c0e4e1e95,2026-04-19T16:13:05.633113-04:00,node-01,orders-api,429,True,normal,market_aware_v1,53.078,48.913,110.332,31.509,0.366,56.16,97.248,0.98
ec8d6d1c-d5a8-44d0-8934-10f41f900b5c,2026-04-19T16:13:05.665357-04:00,node-01,checkout-api,200,True,normal,market_aware_v1,50.646,50.692,129.017,29.299,0.708,63.743,71.552,1.49
a53eda56-bdf5-46eb-a87f-cf4835f9fc59,2026-04-19T16:13:05.679561-04:00,node-01,payments-api,200,True,normal,market_aware_v1,45.236,54.354,122.365,26.63,0.468,54.097,64.792,1.078
e01de207-1c52-48b3-909d-3a29fc09b57a,2026-04-19T16:13:05.710655-04:00,node-01,orders-api,200,True,normal,market_aware_v1,52.773,46.141,100.715,32.091,0.361,54.809,92.655,0.916
170827a8-b0b0-49e2-86e3-258b4c02ee32,2026-04-19T16:13:05.744261-04:00,node-01,checkout-api,200,True,normal,market_aware_v1,53.701,50.269,110.533,30.375,0.444,52.579,78.711,1.003
50b7a1b5-a6b9-467c-991b-eae169a362a3,2026-04-19T16:13:05.777472-04:00,node-01,payments-api,200,True,normal,market_aware_v1,45.993,52.239,140.214,26.567,0.402,58.647,62.74,1.023
e9283b9f-ed49-410e-ab10-ccf58bf874f0,2026-04-19T16:13:05.811523-04:00,node-01,orders-api,200,True,normal,market_aware_v1,55.908,47.665,110.899,31.123,0.399,57.522,91.861,0.919
74c5a1a0-a199-4fe0-bc6a-9a223eabf52c,2026-04-19T16:13:05.844921-04:00,node-01,checkout-api,429,True,normal,market_aware_v1,51.602,46.038,123.132,28.58,0.634,56.818,80.308,1.165
b959e257-8e2c-4541-8cb1-da12c8919358,2026-04-19T16:13:05.878366-04:00,node-01,payments-api,200,True,normal,market_aware_v1,48.789,51.965,126.001,27.149,0.519,59.191,54.863,1.217
3d02e905-9f44-4914-98c8-cf52eafecece,2026-04-19T16:13:05.911168-04:00,node-01,orders-api,200,True,normal,market_aware_v1,46.466,46.52,113.433,30.199,0.419,57.887,90.852,1.062
86472fb1-e7a9-4b88-8f24-37bb3fbf7948,2026-04-19T16:13:05.952199-04:00,node-01,checkout-api,429,True,normal,market_aware_v1,47.376,50.942,108.194,28.563,0.506,55.245,69.396,1.063
ad632ecb-e1ae-4919-9997-4be5279ff0a4,2026-04-19T16:13:05.978401-04:00,node-01,payments-api,200,True,normal,market_aware_v1,46.009,48.413,124.626,25.261,0.382,53.939,63.14,0.962
024221ea-32c0-488d-9ab1-f7b88fb0afd5,2026-04-19T16:13:06.012375-04:00,node-01,orders-api,200,True,normal,market_aware_v1,48.87,46.012,100.983,27.824,0.279,50.828,88.226,0.657
5a556e45-29ef-455f-8d9f-521d2024ba57,2026-04-19T16:13:06.045786-04:00,node-01,checkout-api,200,True,normal,market_aware_v1,45.905,45.617,122.77,27.91,0.535,51.896,67.407,1.097
ce6488c4-3973-47c1-ad41-43663c397092,2026-04-19T16:13:06.078642-04:00,node-01,payments-api,429,True,normal,market_aware_v1,45.725,48.098,124.915,24.264,0.492,57.069,56.247,1.037
c5de9b3f-2944-4b47-819e-68d929b59001,2026-04-19T16:13:06.094214-04:00,node-01,orders-api,429,True,normal,market_aware_v1,53.754,47.818,110.42,30.308,0.496,59.391,88.994,1.095
f519492b-4666-4eb8-aa25-73823933a7a7,2026-04-19T16:13:06.118728-04:00,node-01,checkout-api,200,True,normal,market_aware_v1,45.448,46.795,119.103,27.759,0.527,58.666,71.402,1.131
fb7bb0fb-b54e-4c2c-868f-cf3c8ce5cd2c,2026-04-19T16:13:06.134508-04:00,node-01,payments-api,200,True,normal,market_aware_v1,44.549,49.01,132.403,27.606,0.588,63.791,55.659,1.498
b458a301-9833-4ef9-8ca6-955770328e7d,2026-04-19T16:13:06.177513-04:00,node-01,orders-api,200,True,normal,market_aware_v1,48.499,44.431,113.482,30.682,0.374,53.687,94.377,0.948
3cb7075e-1c31-4750-86ac-821383eb0169,2026-04-19T16:13:06.201483-04:00,node-01,checkout-api,200,True,normal,market_aware_v1,49.368,46.328,124.784,28.94,0.628,58.179,69.413,1.2
ca918b04-7522-46ad-8587-22268d901859,2026-04-19T16:13:06.215835-04:00,node-01,payments-api,200,True,normal,market_aware_v1,43.336,46.49,141.201,24.691,0.617,63.328,53.177,1.354
e4e422bc-6993-438e-b176-cdcc62ccc20c,2026-04-19T16:13:06.246613-04:00,node-01,orders-api,200,True,normal,market_aware_v1,49.06,45.176,106.855,31.885,0.371,56.009,94.195,0.785
4415c5af-0005-48e2-9b8e-49e58f2b9a42,2026-04-19T16:13:06.279195-04:00,node-01,checkout-api,200,True,normal,market_aware_v1,44.53,48.17,119.984,29.84,0.549,50.767,74.377,0.984
08b7f088-3ced-406d-806c-f0a05c3cfacd,2026-04-19T16:13:06.294426-04:00,node-01,payments-api,429,True,anomalous,market_aware_v1,52.529,52.274,154.482,27.339,0.871,69.025,47.113,1.863
e64ad639-308a-4d3d-9515-241c1d6fcf88,2026-04-19T16:13:06.325239-04:00,node-01,orders-api,200,True,normal,market_aware_v1,54.03,47.591,98.121,31.795,0.298,51.198,95.158,0.746
80940faa-e940-4791-8594-ab52dd10566a,2026-04-19T16:13:06.358391-04:00,node-01,checkout-api,200,True,normal,market_aware_v1,53.85,49.5,142.251,27.445,0.516,60.827,74.145,1.252
d17ef89e-4a5c-42f3-bde6-344f368781f9,2026-04-19T16:13:06.391883-04:00,node-01,payments-api,429,True,anomalous,market_aware_v1,52.587,57.493,147.013,27.961,0.714,60.888,61.671,1.62
8c8b7e80-7e53-4b1a-9414-7e4f66f97a94,2026-04-19T16:13:06.425097-04:00,node-01,orders-api,200,True,normal,market_aware_v1,56.804,48.911,113.934,32.127,0.294,55.487,102.843,0.804
bdc4ab7e-a410-4a94-88c1-38c42cfc0992,2026-04-19T16:13:06.466269-04:00,node-01,checkout-api,200,True,normal,market_aware_v1,54.967,50.077,122.335,31.514,0.565,56.299,74.538,1.146
1f9ada63-f81f-41c5-ba56-885cc73186ea,2026-04-19T16:13:06.491635-04:00,node-01,payments-api,429,True,normal,market_aware_v1,49.984,51.907,139.912,26.116,0.657,68.84,61.53,1.459
3e781381-000c-4cac-af5c-aa52e5615a3c,2026-04-19T16:13:06.506873-04:00,node-01,orders-api,429,True,normal,market_aware_v1,55.931,49.273,101.463,32.411,0.377,59.176,107.986,0.994
780bec87-5fd2-4da6-b456-17f3284757f4,2026-04-19T16:13:06.536665-04:00,node-01,checkout-api,200,True,anomalous,market_aware_v1,55.944,55.487,151.988,33.074,1.049,69.108,62.678,1.984
085ba6cb-5fe1-4d78-97bf-3516bc01f507,2026-04-19T16:13:06.550355-04:00,node-01,payments-api,429,True,anomalous,market_aware_v1,53.704,55.75,148.175,30.609,0.932,68.954,55.044,1.871
92e4255d-9f54-4c70-bdb9-4ee704ccda94,2026-04-19T16:13:06.581065-04:00,node-01,orders-api,429,True,normal,market_aware_v1,54.919,49.261,110.878,32.137,0.431,57.577,104.988,0.997
62a6af25-9b7d-4e3b-9357-b69f7d0cdc3a,2026-04-19T16:13:06.597351-04:00,node-01,checkout-api,200,True,normal,market_aware_v1,55.108,49.297,118.792,32.19,0.552,59.857,73.818,1.16
811d2eb1-d263-459c-abfa-c3ee0d2e10d6,2026-04-19T16:13:06.626301-04:00,node-01,payments-api,200,True,normal,market_aware_v1,46.755,52.494,135.381,27.937,0.542,59.089,67.402,1.155
a6325ec3-36ba-4f48-b1c3-6a5d28f05310,2026-04-19T16:13:06.659686-04:00,node-01,orders-api,429,True,normal,market_aware_v1,56.263,50.405,122.239,32.086,0.324,58.094,99.233,0.962
592172ed-8e98-4d49-840b-6476ca32906b,2026-04-19T16:13:06.693889-04:00,node-01,checkout-api,200,True,anomalous,market_aware_v1,58.274,55.992,133.755,33.032,0.903,61.483,75.884,1.785
c651cdda-acf0-44ab-b722-9283563c1b2e,2026-04-19T16:13:06.714768-04:00,node-01,payments-api,200,True,normal,market_aware_v1,53.31,53.366,136.913,29.372,0.492,60.265,64.173,1.146
c77ba31d-f26e-447c-b3aa-f0ed64f1cae4,2026-04-19T16:13:06.729259-04:00,node-01,orders-api,429,True,normal,market_aware_v1,58.953,48.339,126.02,31.358,0.464,58.288,96.684,1.025
32916de6-c816-4cde-9ce2-f402b650dcb6,2026-04-19T16:13:06.748797-04:00,node-01,checkout-api,200,True,normal,market_aware_v1,55.4,51.536,114.977,31.64,0.571,58.772,82.695,1.332
41e1f0a8-4ac3-4706-a7bf-16c234baca90,2026-04-19T16:13:06.782333-04:00,node-01,payments-api,200,True,normal,market_aware_v1,49.809,50.957,130.056,28.638,0.486,61.554,60.145,1.199
8a17632a-3049-455f-b708-23a5c8b9c4c5,2026-04-19T16:13:06.816133-04:00,node-01,orders-api,200,True,anomalous,market_aware_v1,59.4,48.175,117.979,31.764,0.808,63.636,90.726,1.615
2676f76e-e5dd-400e-b7a4-2d8ff1fe8ef2,2026-04-19T16:13:06.849533-04:00,node-01,checkout-api,200,True,normal,market_aware_v1,58.717,48.305,132.509,29.656,0.514,55.288,71.126,0.994
4866417a-ca50-41b3-affd-22c729fb9856,2026-04-19T16:13:06.883133-04:00,node-01,payments-api,200,True,normal,market_aware_v1,45.525,51.396,137.585,27.893,0.477,61.776,58.587,1.164
488fdbc0-c574-4f95-9dea-2f378f26b048,2026-04-19T16:13:06.916694-04:00,node-01,orders-api,200,True,normal,market_aware_v1,49.183,48.149,105.028,28.91,0.244,43.474,96.921,0.499
751ac68a-bc08-4ee4-bcc7-200f27dc9b12,2026-04-19T16:13:06.949930-04:00,node-01,checkout-api,429,True,normal,market_aware_v1,48.156,52.961,132.436,30.4,0.603,57.724,67.668,1.153
c7978a02-4376-4f71-b703-bfd21f6f136c,2026-04-19T16:13:06.983945-04:00,node-01,payments-api,200,True,normal,market_aware_v1,42.949,52.436,118.035,24.96,0.481,51.165,56.443,0.92
cd742268-9f80-4de8-826a-c15c3595bb22,2026-04-19T16:13:07.016819-04:00,node-01,orders-api,200,True,normal,market_aware_v1,52.105,44.8,110.47,30.12,0.389,59.629,95.968,0.905
c89ac081-82cc-46e8-b95e-43cdd2239560,2026-04-19T16:13:07.059151-04:00,node-01,checkout-api,429,True,normal,market_aware_v1,46.48,46.092,117.005,28.622,0.52,58.866,67.126,1.265
8dd9619e-744b-4761-bc3d-387e7ec27794,2026-04-19T16:13:07.083605-04:00,node-01,payments-api,429,True,normal,market_aware_v1,42.375,50.789,129.037,24.745,0.565,56.378,60.303,1.359
740589ce-e972-4215-933a-c474c6367ed8,2026-04-19T16:13:07.123949-04:00,node-01,orders-api,429,True,normal,market_aware_v1,51.669,45.832,118.754,31.312,0.38,57.426,86.051,0.976
6b3e3f3e-0b30-499a-941e-d5025a67d699,2026-04-19T16:13:07.150953-04:00,node-01,checkout-api,200,True,normal,market_aware_v1,42.962,45.566,118.594,27.628,0.5,53.618,70.541,1.019
ed126a85-383c-43d0-899e-6eb5bc9d291d,2026-04-19T16:13:07.185032-04:00,node-01,payments-api,200,True,normal,market_aware_v1,38.923,46.299,138.354,26.416,0.538,62.439,55.166,1.238
276dc0cb-31bd-411b-bf2c-b8726db8ba7a,2026-04-19T16:13:07.218224-04:00,node-01,orders-api,200,True,anomalous,market_aware_v1,50.765,43.455,111.316,30.361,0.684,59.203,78.986,1.397
f3f28d68-83da-43d1-b857-f72ff51ca0bd,2026-04-19T16:13:07.251798-04:00,node-01,checkout-api,200,True,normal,market_aware_v1,44.079,45.501,103.521,28.505,0.4,47.58,66.317,0.839
ee0f5989-02db-4155-a123-6e13b681ddb1,2026-04-19T16:13:07.294863-04:00,node-01,payments-api,200,True,normal,market_aware_v1,39.752,50.911,137.608,26.369,0.459,60.229,51.302,1.072
fa7b47ee-5e0c-4995-b47e-941a28b59c5c,2026-04-19T16:13:07.318216-04:00,node-01,orders-api,200,True,normal,market_aware_v1,49.106,45.652,116.706,29.08,0.433,58.553,89.473,0.893
970d0f9a-2555-41c9-b5e3-92c5aebb1a85,2026-04-19T16:13:07.352176-04:00,node-01,checkout-api,200,True,normal,market_aware_v1,44.937,45.116,112.69,26.848,0.522,50.612,64.561,0.974
2e777e5c-1d94-415f-89cf-8ff35011f135,2026-04-19T16:13:07.385619-04:00,node-01,payments-api,200,True,normal,market_aware_v1,41.184,49.457,135.163,25.143,0.564,69.432,45.731,1.454
a4effea4-f232-4092-90a2-996975f6405d,2026-04-19T16:13:07.419510-04:00,node-01,orders-api,200,True,normal,market_aware_v1,44.58,38.914,117.201,28.756,0.497,56.909,84.268,1.053
373e655c-a960-4a21-81bc-6c7322914049,2026-04-19T16:13:07.441020-04:00,node-01,checkout-api,200,True,normal,market_aware_v1,45.084,41.903,113.501,30.014,0.531,52.421,67.353,0.984
b2dfb684-f7f4-4889-9da3-af5d8cabb7be,2026-04-19T16:13:07.454470-04:00,node-01,payments-api,200,True,normal,market_aware_v1,42.079,47.631,140.201,23.846,0.563,66.653,45.95,1.385
9d29f821-36f1-4c65-bee0-5e896aecec38,2026-04-19T16:13:07.474364-04:00,node-01,orders-api,429,True,normal,market_aware_v1,50.93,46.338,120.874,30.887,0.409,53.532,95.58,0.863
f71f5c5d-72f6-4bdc-a8bd-5649369fb4ce,2026-04-19T16:13:07.514007-04:00,node-01,checkout-api,429,True,normal,market_aware_v1,49.541,49.597,134.676,29.008,0.526,58.261,65.686,1.181
4754656d-081f-4712-aa90-2d27a63b7bdf,2026-04-19T16:13:07.541493-04:00,node-01,payments-api,200,True,normal,market_aware_v1,42.636,45.519,133.413,26.169,0.512,57.488,56.869,1.13
364aa25f-3877-4c3c-a60c-2ebd71f87630,2026-04-19T16:13:07.574883-04:00,node-01,orders-api,429,True,normal,market_aware_v1,52.086,45.53,117.973,31.505,0.501,62.613,90.593,1.15
9e7bc340-8731-4c1b-a566-31c6290593df,2026-04-19T16:13:07.609021-04:00,node-01,checkout-api,200,True,normal,market_aware_v1,48.963,47.602,118.877,28.525,0.56,60.47,66.544,1.192
09794183-5b86-4c03-85bf-f60eb0bcefd5,2026-04-19T16:13:07.642368-04:00,node-01,payments-api,429,True,normal,market_aware_v1,49.394,49.843,139.397,26.377,0.531,60.295,52.417,1.342
f3a5a87e-5ae7-4a91-9754-92a27960da01,2026-04-19T16:13:07.675722-04:00,node-01,orders-api,200,True,normal,market_aware_v1,53.892,43.582,104.602,31.369,0.318,48.669,93.323,0.751
c9e0e8ba-d7bd-4978-862c-6f73ee4140d5,2026-04-19T16:13:07.709570-04:00,node-01,checkout-api,200,True,normal,market_aware_v1,52.273,49.865,143.317,28.851,0.692,63.971,70.52,1.53
48ec7e4d-9242-4387-b052-af23ba113856,2026-04-19T16:13:07.742901-04:00,node-01,payments-api,429,True,normal,market_aware_v1,51.781,52.616,145.248,28.34,0.609,71.728,54.141,1.538
51e83f0d-a8eb-4b7c-92e3-241f593a2111,2026-04-19T16:13:07.777102-04:00,node-01,orders-api,200,True,normal,market_aware_v1,58.602,47.712,129.299,30.72,0.514,65.067,95.073,1.238
dd222960-fdc8-46c1-a546-9711fc47fb70,2026-04-19T16:13:07.809086-04:00,node-01,checkout-api,200,True,normal,market_aware_v1,53.936,49.715,136.491,29.334,0.637,63.726,74.267,1.374
62321d85-6b24-426e-9e35-ea524f0b3241,2026-04-19T16:13:07.824460-04:00,node-01,payments-api,200,True,normal,market_aware_v1,46.545,54.884,125.978,28.431,0.529,56.898,59.615,1.214
a208da2e-7a8a-48a5-810c-211b6a707976,2026-04-19T16:13:07.853857-04:00,node-01,orders-api,429,True,anomalous,market_aware_v1,60.34,49.382,141.306,33.502,0.813,70.329,89.192,1.754
d843da1b-b21f-4c7f-9ac3-48de72a18115,2026-04-19T16:13:07.870624-04:00,node-01,checkout-api,429,True,normal,market_aware_v1,51.203,50.386,132.919,32.034,0.627,59.144,75.764,1.348
1523f933-3163-47e0-b275-6d51b60b8a0e,2026-04-19T16:13:07.899069-04:00,node-01,payments-api,200,True,normal,market_aware_v1,50.461,53.035,140.385,27.112,0.577,60.319,66.51,1.215
72638232-8456-497d-8db5-7ac9aa588387,2026-04-19T16:13:07.933014-04:00,node-01,orders-api,200,True,normal,market_aware_v1,55.467,47.671,119.515,31.679,0.464,61.147,97.18,1.038
45c5941a-cb4f-49d3-974b-4664e1809fc9,2026-04-19T16:13:07.966342-04:00,node-01,checkout-api,200,True,normal,market_aware_v1,56.903,50.908,137.223,27.166,0.579,61.639,76.109,1.407
b8bd4c84-09f0-4a91-a1a6-3442029cda62,2026-04-19T16:13:07.994238-04:00,node-01,payments-api,200,True,normal,market_aware_v1,48.483,50.744,162.839,25.204,0.6,72.57,52.73,1.64
fde8eb86-eeae-47ef-a15c-4b16984022ad,2026-04-19T16:13:08.008687-04:00,node-01,orders-api,200,True,normal,market_aware_v1,55.672,46.162,112.478,29.793,0.386,57.397,94.052,1.022
9171a56e-56ea-4523-b274-fe900fa8a00b,2026-04-19T16:13:08.044995-04:00,node-01,checkout-api,200,True,normal,market_aware_v1,51.438,51.868,124.212,27.605,0.576,53.979,72.794,1.144
004d5698-82fc-447d-83dd-4a92d928020c,2026-04-19T16:13:08.077995-04:00,node-01,payments-api,429,True,normal,market_aware_v1,48.259,54.366,149.082,23.961,0.587,69.019,53.733,1.424
ddffcb3c-b18c-4da8-b6a2-75250472f4db,2026-04-19T16:13:08.099424-04:00,node-01,orders-api,200,True,normal,market_aware_v1,54.583,43.975,109.909,31.687,0.317,50.046,92.647,0.72
7cbe1d6d-7e16-4b7c-a3f2-c920dfab3117,2026-04-19T16:13:08.115644-04:00,node-01,checkout-api,429,True,normal,market_aware_v1,49.953,49.614,127.057,28.546,0.473,54.123,68.231,1.078
8cf00588-37c6-4cde-bef2-4e4acde7de2c,2026-04-19T16:13:08.141277-04:00,node-01,payments-api,429,True,normal,market_aware_v1,50.495,52.269,145.091,25.736,0.583,73.238,52.025,1.444
38c6b219-c1eb-469a-ba89-d4e426bbb4e0,2026-04-19T16:13:08.166418-04:00,node-01,orders-api,200,True,normal,market_aware_v1,52.195,47.757,113.704,31.552,0.548,62.523,95.0,1.13
c986739f-a3f9-4ff5-b6ca-c991eea56f54,2026-04-19T16:13:08.181467-04:00,node-01,checkout-api,200,True,normal,market_aware_v1,50.819,48.177,133.823,29.587,0.758,65.581,66.511,1.829
f3785029-27ea-4111-96cf-6395f00d6bc8,2026-04-19T16:13:08.209501-04:00,node-01,payments-api,429,True,normal,market_aware_v1,41.812,51.096,140.067,24.683,0.633,64.708,58.148,1.352
10165d1b-0505-422e-9cb3-169758c1f1c2,2026-04-19T16:13:08.223527-04:00,node-01,orders-api,429,True,normal,market_aware_v1,48.113,46.734,112.068,31.91,0.42,59.12,89.867,1.078
2dec1fc6-0ea1-48af-bc4f-720da7197ec9,2026-04-19T16:13:08.236893-04:00,node-01,checkout-api,200,True,normal,market_aware_v1,46.044,47.555,123.93,28.991,0.587,60.717,63.646,1.287
811cebae-73df-44d3-a300-094acce8e907,2026-04-19T16:13:08.255883-04:00,node-01,payments-api,200,True,normal,market_aware_v1,42.549,47.311,133.135,24.828,0.573,56.959,52.453,1.274
3344cf31-a850-436a-bc25-b495c5fa265e,2026-04-19T16:13:08.269141-04:00,node-01,orders-api,200,True,normal,market_aware_v1,50.307,42.245,120.76,31.433,0.444,55.101,95.757,0.926
9fb80ddd-3caf-42ba-b339-899e6eeb03dd,2026-04-19T16:13:08.301594-04:00,node-01,checkout-api,200,True,normal,market_aware_v1,46.419,45.667,127.505,29.199,0.593,59.273,67.31,1.307
3e84406f-a4bf-4906-93c0-53d8c16bb0da,2026-04-19T16:13:08.334093-04:00,node-01,payments-api,200,True,normal,market_aware_v1,41.565,51.218,117.385,26.608,0.447,57.847,57.286,1.045
08ac5a7f-083b-4cb4-a4e4-18f8f45f320d,2026-04-19T16:13:08.377095-04:00,node-01,orders-api,200,True,normal,market_aware_v1,51.466,41.721,104.716,31.699,0.441,58.432,91.43,1.036
39ec1e9c-30a7-49be-9bf5-2ff5015e84d9,2026-04-19T16:13:08.395645-04:00,node-01,checkout-api,200,True,normal,market_aware_v1,48.979,45.015,140.02,29.554,0.527,56.218,69.638,1.178
608864df-fc8f-4ddb-81f8-f244dac2af70,2026-04-19T16:13:08.417718-04:00,node-01,payments-api,200,True,normal,market_aware_v1,49.763,50.254,131.443,26.008,0.485,54.424,60.366,1.077
99b2dec6-89b4-43b4-b405-ac236ec5c0b2,2026-04-19T16:13:08.468844-04:00,node-01,orders-api,429,True,normal,market_aware_v1,51.032,49.011,117.696,31.372,0.433,59.964,93.874,0.907
5405cd56-b0ae-4fc8-ae9f-34a93ab575b0,2026-04-19T16:13:08.525057-04:00,node-01,checkout-api,200,True,normal,market_aware_v1,50.256,47.88,122.716,28.053,0.477,58.627,72.307,1.143
04ff01b0-3772-46f9-9a45-9aeefe2e322a,2026-04-19T16:13:08.580708-04:00,node-01,payments-api,200,True,normal,market_aware_v1,45.516,49.893,138.112,26.114,0.431,60.48,55.964,1.204
43c6c690-e6e4-49ce-b16b-d68d9a6c008e,2026-04-19T16:13:08.622927-04:00,node-01,orders-api,200,True,normal,market_aware_v1,53.903,45.97,124.452,32.3,0.486,64.679,91.705,1.326
906cdb43-38cb-4577-9e78-438ee66a57bb,2026-04-19T16:13:08.647169-04:00,node-01,checkout-api,200,True,normal,market_aware_v1,53.824,49.482,130.83,28.214,0.595,63.138,66.885,1.367
fd17527e-637a-4469-829a-0dd0be104d48,2026-04-19T16:13:08.661805-04:00,node-01,payments-api,200,True,normal,market_aware_v1,50.062,54.679,140.668,26.404,0.537,68.246,64.927,1.377
8eeeb09d-df12-4e38-aee3-6a023f2f6146,2026-04-19T16:13:08.692288-04:00,node-01,orders-api,200,True,normal,market_aware_v1,57.779,48.689,110.405,31.277,0.292,60.657,93.81,0.916
9d1d0418-5def-45fa-9be7-0fb1ece32abe,2026-04-19T16:13:08.739300-04:00,node-01,checkout-api,429,True,normal,market_aware_v1,55.172,51.22,134.833,31.395,0.603,60.217,79.807,1.372
dd1e435a-60b3-4f0c-8486-a81cc00c31d9,2026-04-19T16:13:08.784788-04:00,node-01,payments-api,200,True,normal,market_aware_v1,55.195,54.782,157.088,27.729,0.639,67.847,60.894,1.472
5f04f489-f8e1-419c-8b9a-2fef933ae0d2,2026-04-19T16:13:08.842076-04:00,node-01,orders-api,200,True,anomalous,market_aware_v1,60.947,52.584,121.114,32.922,0.73,57.205,91.371,1.341
46a95c69-2fd9-41bf-8bec-474b0a0edcb2,2026-04-19T16:13:08.858783-04:00,node-01,checkout-api,429,True,anomalous,market_aware_v1,57.681,58.273,153.559,33.94,0.986,70.326,72.201,1.936
8a894a90-0ec0-41f1-a4c4-902663d47390,2026-04-19T16:13:08.900147-04:00,node-01,payments-api,429,True,anomalous,market_aware_v1,54.767,55.483,150.627,29.999,0.876,68.191,63.419,1.944
e4285574-fddf-42da-9dad-54861481beca,2026-04-19T16:13:08.926068-04:00,node-01,orders-api,200,True,normal,market_aware_v1,59.114,48.526,130.963,34.257,0.506,68.167,94.181,1.364
b22eef91-6210-4632-8e57-71fbb45ba6ae,2026-04-19T16:13:08.942858-04:00,node-01,checkout-api,200,True,normal,market_aware_v1,54.504,52.416,123.606,30.186,0.55,56.843,81.266,1.149
cc326ba9-792c-48dd-9a6e-5d6d6fa65202,2026-04-19T16:13:08.874793-04:00,node-01,payments-api,200,True,normal,market_aware_v1,54.311,56.278,146.105,23.98,0.491,60.637,69.186,1.353
d398fe8b-a914-49d2-86dc-10182107cf6f,2026-04-19T16:13:08.908796-04:00,node-01,orders-api,200,True,normal,market_aware_v1,55.649,48.249,119.748,32.154,0.422,61.896,106.76,1.069
6cd6f6b3-8c34-4d16-86ce-4a04cbfa5eb7,2026-04-19T16:13:08.942106-04:00,node-01,checkout-api,200,True,normal,market_aware_v1,51.325,51.341,130.629,32.56,0.577,60.118,74.239,1.27
73031c6a-aa18-47a7-9cd2-e78da1441092,2026-04-19T16:13:08.975225-04:00,node-01,payments-api,429,True,normal,market_aware_v1,47.665,55.937,144.078,26.285,0.587,64.076,65.557,1.332
b2c3fb4a-7ec6-4794-b038-a123f8a08855,2026-04-19T16:13:08.990795-04:00,node-01,orders-api,200,True,normal,market_aware_v1,56.768,46.037,124.019,30.86,0.539,69.799,94.631,1.304
e498460f-aea5-445a-84f6-d427c5e7e2b3,2026-04-19T16:13:09.014301-04:00,node-01,checkout-api,200,True,normal,market_aware_v1,53.418,48.954,140.001,29.989,0.669,67.248,68.832,1.531
441d7a66-e6c3-4e9a-b8fc-c62750eee474,2026-04-19T16:13:09.042019-04:00,node-01,payments-api,200,True,anomalous,market_aware_v1,50.126,57.218,143.038,28.022,0.956,69.054,56.567,1.899
f4b51e1d-15f8-4cdc-ba2b-8cfe6bdd419c,2026-04-19T16:13:09.057267-04:00,node-01,orders-api,200,True,anomalous,market_aware_v1,58.895,46.994,125.013,32.935,0.769,62.919,92.235,1.483
8af2b730-03e6-4063-8eda-763dc6467a33,2026-04-19T16:13:09.087112-04:00,node-01,checkout-api,200,True,normal,market_aware_v1,48.983,48.647,128.973,30.775,0.583,59.617,69.393,1.355
ca132f93-a170-493d-b347-2814701f7518,2026-04-19T16:13:09.120842-04:00,node-01,payments-api,429,True,normal,market_aware_v1,46.671,51.288,129.989,25.287,0.454,53.069,63.21,1.043
7361d88a-1f56-4ad7-9e98-1907cc641571,2026-04-19T16:13:09.154557-04:00,node-01,orders-api,200,True,normal,market_aware_v1,50.245,43.345,104.909,31.644,0.385,51.029,89.642,0.816
68a89dd6-54b2-4fe0-a488-3659dc27e75d,2026-04-19T16:13:09.187414-04:00,node-01,checkout-api,200,True,normal,market_aware_v1,49.626,49.941,120.02,27.239,0.524,52.026,67.688,1.267
2f4f8775-85a5-4916-8538-98283fecd95b,2026-04-19T16:13:09.202671-04:00,node-01,payments-api,200,True,normal,market_aware_v1,40.266,51.269,133.573,24.748,0.384,58.213,57.477,1.089
3d9a9c4f-88ac-4800-998e-ccd8fe3ac69d,2026-04-19T16:13:09.234211-04:00,node-01,orders-api,200,True,normal,market_aware_v1,47.439,44.23,113.098,31.556,0.36,55.51,89.284,0.796
9a54d77a-3c3c-44e7-94fb-b08059dbc12c,2026-04-19T16:13:09.265895-04:00,node-01,checkout-api,200,True,normal,market_aware_v1,46.463,49.032,121.701,27.071,0.46,52.713,61.862,1.052
f9271d45-64c1-49b9-a4e1-195f89c37671,2026-04-19T16:13:09.299129-04:00,node-01,payments-api,200,True,normal,market_aware_v1,45.885,48.221,131.701,22.605,0.551,61.448,52.619,1.234
4e26cb00-b984-433a-97c9-54f5d1a9e61a,2026-04-19T16:13:09.313268-04:00,node-01,orders-api,200,True,normal,market_aware_v1,47.579,41.735,109.118,27.65,0.391,55.668,81.491,0.921
bcc1f274-a71d-4ffd-bc47-0788d0741e21,2026-04-19T16:13:09.378198-04:00,node-01,checkout-api,200,True,normal,market_aware_v1,42.225,46.642,116.606,26.942,0.555,60.912,60.807,1.16
4144ebe0-5d07-4b77-97ef-8ceef2304678,2026-04-19T16:13:09.399694-04:00,node-01,payments-api,200,True,normal,market_aware_v1,43.399,49.269,149.128,26.832,0.565,66.853,51.634,1.341
7199e8b6-d5a5-484f-beff-16d7d039dd8f,2026-04-19T16:13:09.415601-04:00,node-01,orders-api,200,True,normal,market_aware_v1,47.888,42.857,128.698,30.326,0.524,58.559,93.7,1.075
63a1351b-5dbd-4939-80d2-ec9b71a74f58,2026-04-19T16:13:09.444945-04:00,node-01,checkout-api,200,True,normal,market_aware_v1,51.382,45.501,130.76,27.319,0.533,59.757,66.478,1.208
7d7a7686-67e3-40b8-965e-7b688822131b,2026-04-19T16:13:09.478550-04:00,node-01,payments-api,200,True,normal,market_aware_v1,42.619,49.375,134.22,23.239,0.59,64.493,41.599,1.467
106f425e-f637-475b-8124-f2b84855b1a7,2026-04-19T16:13:09.512130-04:00,node-01,orders-api,200,True,normal,market_aware_v1,53.36,45.796,110.303,29.799,0.289,59.413,89.175,0.851
a4f974a2-2f56-4ee8-9591-ae907af318f3,2026-04-19T16:13:09.545199-04:00,node-01,checkout-api,200,True,normal,market_aware_v1,46.688,47.715,124.848,29.104,0.589,60.087,64.685,1.264
5178424e-c5bb-43e8-b53c-d2cbc35c4137,2026-04-19T16:13:09.586322-04:00,node-01,payments-api,200,True,normal,market_aware_v1,40.033,49.465,129.572,25.211,0.595,61.623,53.126,1.471
43a53684-566c-4c79-af2c-5068b48eea7f,2026-04-19T16:13:09.612352-04:00,node-01,orders-api,200,True,normal,market_aware_v1,48.366,45.009,115.354,30.041,0.335,55.29,86.656,0.964
f123469c-d4f6-498c-a88e-f9b29688e8d6,2026-04-19T16:13:09.645846-04:00,node-01,checkout-api,429,True,normal,market_aware_v1,45.183,46.5,133.173,28.532,0.572,62.067,66.888,1.23
4c73c6b1-b1d9-4038-9c91-b1c6bb94d8bb,2026-04-19T16:13:09.679618-04:00,node-01,payments-api,429,True,normal,market_aware_v1,42.222,50.4,124.439,26.677,0.5,55.515,53.733,1.115
252263c0-0b29-4ac0-945e-27dbb12df384,2026-04-19T16:13:09.713140-04:00,node-01,orders-api,200,True,normal,market_aware_v1,50.229,44.406,117.844,31.705,0.397,59.158,84.95,0.973
6868f447-c630-47fe-9171-9b793a9c6c43,2026-04-19T16:13:09.746742-04:00,node-01,checkout-api,200,True,normal,market_aware_v1,50.797,50.093,123.806,27.143,0.552,59.583,74.016,1.161
44244097-3863-4458-8426-30ac26b598b2,2026-04-19T16:13:09.780265-04:00,node-01,payments-api,503,True,anomalous,market_aware_v1,49.206,51.321,154.938,26.653,0.981,69.973,49.692,2.033
2a475438-a5da-4958-901d-48748058741f,2026-04-19T16:13:09.813273-04:00,node-01,orders-api,200,True,normal,market_aware_v1,53.236,46.62,125.972,31.674,0.424,61.151,94.846,1.086
3ae33fea-cb12-4223-92bc-56e12686e357,2026-04-19T16:13:09.846973-04:00,node-01,checkout-api,200,True,normal,market_aware_v1,53.944,49.778,147.419,30.053,0.622,65.839,75.202,1.475
5dc7bd32-908e-4c56-ba3c-f95661527f92,2026-04-19T16:13:09.880805-04:00,node-01,payments-api,429,True,normal,market_aware_v1,46.633,53.484,156.045,26.185,0.565,68.959,57.503,1.423
cb5bccb1-8276-41c4-a2e0-37057ed5fc5b,2026-04-19T16:13:09.913548-04:00,node-01,orders-api,200,True,normal,market_aware_v1,57.929,47.538,117.201,32.318,0.566,62.894,93.593,1.23
680bc4b0-ff1b-437e-87fa-00fef2d605f0,2026-04-19T16:13:09.927040-04:00,node-01,checkout-api,200,True,normal,market_aware_v1,51.839,52.461,132.254,31.768,0.51,57.327,78.734,1.119
953a56ea-ccc6-431d-9aa4-698c2f16e0ee,2026-04-19T16:13:09.958746-04:00,node-01,payments-api,200,True,normal,market_aware_v1,49.74,53.455,138.718,23.443,0.529,61.727,63.874,1.223
cc21e3ba-441e-4025-9714-0ca4db675de3,2026-04-19T16:13:09.991714-04:00,node-01,orders-api,200,True,normal,market_aware_v1,55.13,47.838,128.206,32.963,0.435,61.273,94.887,1.033
0051ad33-e9c9-459a-af18-2962373e0d09,2026-04-19T16:13:10.006320-04:00,node-01,checkout-api,200,True,normal,market_aware_v1,55.836,53.075,130.063,29.775,0.642,63.088,78.77,1.255
0cbb912d-07f7-47fc-9995-08f61b60fb43,2026-04-19T16:13:10.031905-04:00,node-01,payments-api,200,True,normal,market_aware_v1,47.17,52.725,134.159,26.924,0.601,58.606,59.506,1.241
31a2f0f6-8818-4bb8-ad9b-72bf83fb1fc2,2026-04-19T16:13:10.053143-04:00,node-01,orders-api,200,True,normal,market_aware_v1,54.115,48.137,117.714,32.267,0.508,64.259,94.951,1.3
13034151-1798-4f3c-b34c-1616f7613805,2026-04-19T16:13:10.068286-04:00,node-01,checkout-api,429,True,normal,market_aware_v1,55.506,52.162,142.196,29.585,0.638,62.25,68.584,1.501
36cb889c-d8bb-4294-bc14-304729e45365,2026-04-19T16:13:10.090158-04:00,node-01,payments-api,200,True,normal,market_aware_v1,51.134,52.031,135.867,28.197,0.486,65.524,58.017,1.316
bbacfd05-15ee-4227-90c0-baa4bf5ede08,2026-04-19T16:13:10.129202-04:00,node-01,orders-api,429,True,normal,market_aware_v1,55.132,45.161,131.116,32.409,0.467,65.615,90.06,1.133
45a2ca66-6353-448e-a0f7-fc764d8f7d41,2026-04-19T16:13:10.155492-04:00,node-01,checkout-api,200,True,normal,market_aware_v1,53.233,49.061,134.23,31.511,0.661,59.899,69.593,1.418
c87179a4-e6ee-4da0-b826-3fa91308e57e,2026-04-19T16:13:10.195824-04:00,node-01,payments-api,200,True,normal,market_aware_v1,49.914,52.737,128.034,26.747,0.503,56.094,59.781,1.089
c0f667d4-e0d6-45ec-88ec-94b6a9902437,2026-04-19T16:13:10.220928-04:00,node-01,orders-api,200,True,normal,market_aware_v1,50.81,47.841,108.482,32.09,0.424,49.789,98.205,0.965
912ca983-e085-4902-b382-be6bed48f45d,2026-04-19T16:13:10.261436-04:00,node-01,checkout-api,429,True,normal,market_aware_v1,53.432,46.645,134.106,28.228,0.556,57.284,70.76,1.168
28a9f921-7cbd-4acd-8f86-613555bfd3bd,2026-04-19T16:13:10.286035-04:00,node-01,payments-api,200,True,normal,market_aware_v1,46.953,49.139,139.273,27.522,0.558,65.588,48.052,1.303
896eb130-c2b1-4ffe-b86f-82ebd7cbaddb,2026-04-19T16:13:10.301647-04:00,node-01,orders-api,429,True,normal,market_aware_v1,51.819,44.871,122.174,30.702,0.496,64.717,86.674,1.31
96274b9d-71a2-4a49-9ed7-f555a14ddbe2,2026-04-19T16:13:10.330104-04:00,node-01,checkout-api,200,True,normal,market_aware_v1,46.457,47.08,127.464,30.309,0.663,64.643,64.262,1.425
56bf9920-163f-49e6-9b60-1259afd44d27,2026-04-19T16:13:10.363013-04:00,node-01,payments-api,429,True,normal,market_aware_v1,43.864,52.564,151.162,25.861,0.593,67.189,53.695,1.629
c9af326f-5d56-4019-92f2-02669e0d81d6,2026-04-19T16:13:10.395249-04:00,node-01,orders-api,200,True,normal,market_aware_v1,50.689,45.775,114.983,30.51,0.426,51.882,87.525,0.895
4a7dd386-d5ad-4683-a086-504f92711cb8,2026-04-19T16:13:10.428020-04:00,node-01,checkout-api,429,True,normal,market_aware_v1,45.897,43.009,122.501,28.041,0.568,59.563,69.308,1.139
528a5ca3-ae31-4e95-8387-0a65c0dcb5fa,2026-04-19T16:13:10.460811-04:00,node-01,payments-api,429,True,normal,market_aware_v1,48.602,50.231,127.458,24.528,0.46,57.277,55.931,1.145
761c32b6-5bf7-4fd8-ad0a-a212571307af,2026-04-19T16:13:10.493623-04:00,node-01,orders-api,200,True,normal,market_aware_v1,53.135,44.896,120.779,32.129,0.491,64.841,90.165,1.204
37b055e6-2654-430a-aacb-adb08b94e02b,2026-04-19T16:13:10.538313-04:00,node-01,checkout-api,200,True,normal,market_aware_v1,46.535,48.823,138.741,28.341,0.615,62.509,65.273,1.315
2795fd24-52e4-437a-9143-d50d9fbc234d,2026-04-19T16:13:10.583448-04:00,node-01,payments-api,200,True,normal,market_aware_v1,47.273,48.704,144.782,25.653,0.61,68.917,53.377,1.504
4610bd50-134f-457c-abde-5218af4123ac,2026-04-19T16:13:10.649328-04:00,node-01,orders-api,200,True,normal,market_aware_v1,53.403,46.23,125.836,31.037,0.387,59.464,84.518,0.949
032160b8-632b-4f3f-bec8-54f01d3db8ef,2026-04-19T16:13:10.716030-04:00,node-01,checkout-api,200,True,normal,market_aware_v1,47.905,50.406,127.41,27.332,0.608,61.025,70.324,1.389
36d5f946-8b8e-426b-bdce-9ac52673cdcb,2026-04-19T16:13:10.733313-04:00,node-01,payments-api,429,True,normal,market_aware_v1,45.686,50.433,134.154,24.428,0.624,65.856,50.552,1.41
f09ae3ec-71ee-4872-9273-549225e84b21,2026-04-19T16:13:10.748924-04:00,node-01,orders-api,200,True,normal,market_aware_v1,49.685,43.691,107.784,28.548,0.429,58.643,95.513,0.965
17a75ff8-c68f-4f1a-9d9e-93f6b642e297,2026-04-19T16:13:10.776938-04:00,node-01,checkout-api,429,True,normal,market_aware_v1,50.273,50.256,137.561,27.801,0.682,61.878,67.22,1.382
2c4a91b8-6357-4d51-88fb-57eb2bc3979f,2026-04-19T16:13:10.809759-04:00,node-01,payments-api,200,True,normal,market_aware_v1,46.557,51.528,127.182,28.032,0.393,55.421,64.071,0.995
0df5bab3-9f93-4012-bdd6-f60672918b93,2026-04-19T16:13:10.830748-04:00,node-01,orders-api,200,True,anomalous,market_aware_v1,61.625,50.62,136.784,30.43,0.844,75.143,84.552,1.83
d74595d3-3f6d-4be2-986c-42cd468cbfe2,2026-04-19T16:13:10.845945-04:00,node-01,checkout-api,429,True,normal,market_aware_v1,55.655,51.561,133.878,32.297,0.56,62.943,77.662,1.367
70be8d79-ad5f-483b-8f07-e982673021f2,2026-04-19T16:13:10.896688-04:00,node-01,payments-api,200,True,normal,market_aware_v1,51.987,55.183,147.547,28.244,0.596,66.203,60.758,1.461
7e1b6d51-3551-496b-8319-7e5c1e45ad54,2026-04-19T16:13:10.951092-04:00,node-01,orders-api,429,True,normal,market_aware_v1,53.36,50.717,120.31,31.819,0.531,68.463,93.28,1.423
eebc5046-ab16-4b15-9b86-1263449effd5,2026-04-19T16:13:11.005288-04:00,node-01,checkout-api,200,True,normal,market_aware_v1,55.321,51.018,135.943,31.364,0.722,70.164,72.558,1.498
a474fe26-ddd0-42c6-b3c5-fa4d66ff77d7,2026-04-19T16:13:11.060235-04:00,node-01,payments-api,429,True,normal,market_aware_v1,55.323,51.234,153.743,27.6,0.53,68.796,57.46,1.486
b653c288-a920-4f68-9171-32f5d1acb46e,2026-04-19T16:13:11.092277-04:00,node-01,orders-api,429,True,normal,market_aware_v1,58.24,49.232,119.146,30.889,0.519,57.541,100.988,1.049
fb20fa98-fae3-4267-884d-0221e6b561f9,2026-04-19T16:13:11.106573-04:00,node-01,checkout-api,500,True,anomalous,market_aware_v1,60.882,55.972,155.874,31.739,1.085,75.615,67.637,2.187
f1798d51-1a49-42e4-ab5b-b559092d976f,2026-04-19T16:13:11.136607-04:00,node-01,payments-api,429,True,normal,market_aware_v1,53.298,56.226,138.092,28.565,0.632,68.393,67.827,1.523
f2b69b9d-8a36-4b0d-907d-79efb7b19b4f,2026-04-19T16:13:11.168972-04:00,node-01,orders-api,200,True,normal,market_aware_v1,60.033,49.734,114.72,33.305,0.381,53.085,105.324,0.749
fdc0323a-08cb-49ef-8309-30de691f7e75,2026-04-19T16:13:11.201764-04:00,node-01,checkout-api,200,True,normal,market_aware_v1,62.721,56.901,142.715,29.187,0.637,67.47,70.566,1.44
f7dae606-03d4-430c-bf1d-6be703354605,2026-04-19T16:13:11.216320-04:00,node-01,payments-api,429,True,normal,market_aware_v1,51.234,54.282,144.991,28.818,0.566,67.014,62.271,1.361
fde75b2b-c061-414d-902e-f35da6013edd,2026-04-19T16:13:11.245185-04:00,node-01,orders-api,429,True,normal,market_aware_v1,55.132,49.521,120.572,32.443,0.372,62.024,99.19,0.875
adebd68c-824b-4d3b-902f-e8424a9e93dd,2026-04-19T16:13:11.259244-04:00,node-01,checkout-api,429,True,normal,market_aware_v1,54.651,49.904,126.966,30.291,0.537,63.486,81.798,1.187
b0ebface-2275-4a37-b70c-858099d195bf,2026-04-19T16:13:11.289966-04:00,node-01,payments-api,200,True,normal,market_aware_v1,49.65,54.857,149.971,27.702,0.535,64.304,60.995,1.325
6db962bf-8a36-4248-bbf6-893237b92141,2026-04-19T16:13:11.322452-04:00,node-01,orders-api,200,True,normal,market_aware_v1,59.318,46.506,133.201,30.239,0.564,73.359,90.326,1.377
d7be8d6f-c5e6-48f9-bafe-4f5d65a83782,2026-04-19T16:13:11.355245-04:00,node-01,checkout-api,429,True,normal,market_aware_v1,54.467,50.141,125.63,26.95,0.479,55.686,72.613,1.123
9986884f-0ae9-4635-ab9a-3a6178376b2b,2026-04-19T16:13:11.387889-04:00,node-01,payments-api,500,True,anomalous,market_aware_v1,55.267,53.14,167.712,26.638,1.043,79.864,52.182,2.199
75ccc613-ff4f-416c-b4e7-97073e721f3e,2026-04-19T16:13:11.402784-04:00,node-01,orders-api,200,True,normal,market_aware_v1,55.102,48.663,117.6,30.956,0.451,61.099,96.883,1.053
6eb5ff53-8fa3-428c-9cf9-4a10b709fb5e,2026-04-19T16:13:11.430915-04:00,node-01,checkout-api,200,True,normal,market_aware_v1,51.721,51.365,121.228,28.48,0.617,60.206,76.658,1.376
d967d38a-6ed3-4664-9ce7-8bfd704fa25a,2026-04-19T16:13:11.444530-04:00,node-01,payments-api,429,True,anomalous,market_aware_v1,50.759,52.238,169.829,26.116,1.012,79.384,43.943,2.271
ccba91ba-8090-410c-b5bf-db989dd8c5df,2026-04-19T16:13:11.475429-04:00,node-01,orders-api,200,True,normal,market_aware_v1,52.174,45.034,101.762,28.46,0.437,55.26,96.354,0.868
c9a05dc4-d302-439a-a0b5-3ba485e1ab49,2026-04-19T16:13:11.509719-04:00,node-01,checkout-api,200,True,normal,market_aware_v1,49.56,45.326,126.149,28.755,0.497,56.872,73.369,1.303
4042542b-dd42-4fce-bbaf-822e36eb6487,2026-04-19T16:13:11.529339-04:00,node-01,payments-api,429,True,normal,market_aware_v1,48.099,52.511,153.42,26.717,0.638,67.243,53.695,1.699
e5d92279-3d4e-4b4b-9961-dfd63a7ae5f7,2026-04-19T16:13:11.543933-04:00,node-01,orders-api,200,True,normal,market_aware_v1,48.669,44.834,103.43,30.732,0.282,49.594,94.011,0.607
9b5de752-8a45-44f3-9a24-ed7948de247b,2026-04-19T16:13:11.573305-04:00,node-01,checkout-api,429,True,normal,market_aware_v1,45.456,47.291,126.799,25.737,0.555,57.706,63.682,1.186
5007c975-1067-4399-8573-5386c8a42977,2026-04-19T16:13:11.606443-04:00,node-01,payments-api,429,True,normal,market_aware_v1,45.791,49.36,135.899,25.386,0.439,58.774,49.765,1.0
c936469d-fbc5-4a6f-9a71-c4e2c924ffdc,2026-04-19T16:13:11.639030-04:00,node-01,orders-api,429,True,normal,market_aware_v1,50.039,43.714,112.536,29.723,0.441,58.559,85.086,0.965
0ee453e1-702e-47f2-82f3-597326368d68,2026-04-19T16:13:11.671640-04:00,node-01,checkout-api,200,True,normal,market_aware_v1,46.711,42.325,144.327,26.581,0.568,62.393,55.714,1.317
be0c1278-0b0e-4241-ba39-c70bc788ac66,2026-04-19T16:13:11.704800-04:00,node-01,payments-api,200,True,normal,market_aware_v1,44.851,44.009,150.757,25.042,0.646,64.879,42.922,1.489
934ae20c-da4d-4c6c-a565-e9830f2a3f2a,2026-04-19T16:13:11.737484-04:00,node-01,orders-api,200,True,normal,market_aware_v1,45.979,43.722,107.158,30.732,0.34,57.453,87.002,0.816
121e6a9d-c7c1-49dc-b47e-fb6a9484136a,2026-04-19T16:13:11.770363-04:00,node-01,checkout-api,200,True,normal,market_aware_v1,46.215,44.022,115.507,26.541,0.525,53.4,61.251,1.07
59488924-2574-4c99-9d19-523259484c7e,2026-04-19T16:13:11.802544-04:00,node-01,payments-api,429,True,normal,market_aware_v1,44.069,49.104,135.519,23.869,0.536,64.299,49.381,1.185
9acf4798-3bd9-4431-b47e-190e13645349,2026-04-19T16:13:11.817988-04:00,node-01,orders-api,200,True,normal,market_aware_v1,50.226,44.095,114.556,28.614,0.271,47.222,87.443,0.629
24c890d9-61df-4285-a695-d0805fe54fe2,2026-04-19T16:13:11.846778-04:00,node-01,checkout-api,200,True,normal,market_aware_v1,46.559,47.24,127.98,29.896,0.591,66.476,65.346,1.326
23974015-52c5-4fd4-a93c-d2aeca155ac1,2026-04-19T16:13:11.879712-04:00,node-01,payments-api,200,True,normal,market_aware_v1,45.015,48.938,123.007,24.848,0.487,59.129,44.667,1.228
919f3ba1-1dd8-4c9c-9d3f-61da648b32bf,2026-04-19T16:13:11.912528-04:00,node-01,orders-api,200,True,normal,market_aware_v1,50.008,46.389,111.365,30.011,0.408,59.649,89.041,0.991
fc3d3821-e646-4bc9-b7b5-4d4fa8eda16a,2026-04-19T16:13:11.939229-04:00,node-01,checkout-api,200,True,normal,market_aware_v1,49.458,45.776,134.457,27.456,0.62,60.336,63.932,1.305
2960a426-2f08-42da-b9ef-207caef80321,2026-04-19T16:13:11.966893-04:00,node-01,payments-api,200,True,normal,market_aware_v1,49.831,50.156,136.345,26.607,0.579,58.465,49.402,1.27
63da94b5-52aa-43b3-aa73-7b12c213c060,2026-04-19T16:13:11.999959-04:00,node-01,orders-api,200,True,normal,market_aware_v1,48.801,46.365,111.004,31.607,0.434,61.782,90.193,1.128
00af8cbc-52f2-48b4-9a78-49801356b23c,2026-04-19T16:13:12.028713-04:00,node-01,checkout-api,429,True,anomalous,market_aware_v1,54.704,51.946,145.533,29.535,0.981,68.423,61.469,1.904
68425cce-1e60-48e5-93f8-0376e737de5a,2026-04-19T16:13:12.063045-04:00,node-01,payments-api,200,True,normal,market_aware_v1,53.106,50.2,153.362,23.52,0.55,66.577,52.838,1.423
c8cd3e09-8011-43c0-8554-dd3eefc7bc07,2026-04-19T16:13:12.087231-04:00,node-01,orders-api,429,True,anomalous,market_aware_v1,59.309,48.666,133.273,32.096,0.742,64.838,88.604,1.481
0d846ba2-4fd0-421e-9e0f-940b36ce2d38,2026-04-19T16:13:12.119874-04:00,node-01,checkout-api,200,True,normal,market_aware_v1,54.618,51.3,137.218,26.79,0.634,59.759,73.178,1.225
4f789c26-2349-44f3-856a-e96801ae034d,2026-04-19T16:13:12.135259-04:00,node-01,payments-api,200,True,normal,market_aware_v1,49.901,54.51,144.774,26.26,0.613,65.566,59.81,1.344
7ac46173-df52-423d-873a-d38fd0b3e7d4,2026-04-19T16:13:12.163700-04:00,node-01,orders-api,200,True,normal,market_aware_v1,55.894,45.89,119.386,34.078,0.494,64.151,94.608,1.248
5683fe1c-9dd6-4000-acbf-1a7028744daa,2026-04-19T16:13:12.176626-04:00,node-01,checkout-api,429,True,normal,market_aware_v1,50.956,52.225,132.186,32.925,0.538,58.149,77.098,1.103
16405a51-b70b-425f-b4b0-48832102389a,2026-04-19T16:13:12.197092-04:00,node-01,payments-api,200,True,normal,market_aware_v1,47.485,57.452,142.618,26.549,0.542,67.327,62.264,1.193
10311cf9-0a0c-47e7-bbb8-c9fa2e83de46,2026-04-19T16:13:12.210199-04:00,node-01,orders-api,429,True,normal,market_aware_v1,55.336,51.274,108.145,30.257,0.443,57.093,96.986,1.06
d78ac5c1-5ac7-4313-827b-cd0c95abb847,2026-04-19T16:13:12.240552-04:00,node-01,checkout-api,200,True,normal,market_aware_v1,55.784,50.042,154.583,30.689,0.75,68.288,70.897,1.681
a6d604df-3886-47fc-9714-8e7ff03ed1c3,2026-04-19T16:13:12.273449-04:00,node-01,payments-api,429,True,normal,market_aware_v1,48.213,49.54,142.83,28.342,0.549,63.889,60.243,1.342
ab7d7ad1-7171-41f6-88bc-42c3979fc744,2026-04-19T16:13:12.305916-04:00,node-01,orders-api,200,True,normal,market_aware_v1,55.28,48.855,106.703,32.489,0.397,57.087,93.279,0.878
d4082e4f-c63f-41b7-84d1-3b7b3e5cd616,2026-04-19T16:13:12.320919-04:00,node-01,checkout-api,429,True,normal,market_aware_v1,49.218,56.376,130.274,31.777,0.568,56.436,73.072,1.216
492b1873-08d6-4939-ac39-ab478aab4941,2026-04-19T16:13:12.350404-04:00,node-01,payments-api,200,True,normal,market_aware_v1,50.682,54.319,148.35,26.978,0.529,67.653,55.255,1.452
3943225d-6d0a-48f4-b303-a897e74bf41d,2026-04-19T16:13:12.382678-04:00,node-01,orders-api,200,True,normal,market_aware_v1,54.385,46.9,124.737,28.652,0.382,65.401,90.701,1.19
e8627267-2f6d-44f0-a2fe-6c6913e891df,2026-04-19T16:13:12.396483-04:00,node-01,checkout-api,200,True,normal,market_aware_v1,52.569,50.041,144.609,29.851,0.637,61.694,70.884,1.234
f6bbd9ba-5337-48e2-aa35-359cfb8116f4,2026-04-19T16:13:12.427033-04:00,node-01,payments-api,200,True,normal,market_aware_v1,46.139,50.215,135.1,24.935,0.552,64.094,62.539,1.281
acaf5a0f-8b65-45e8-93d9-c90d0967d754,2026-04-19T16:13:12.459690-04:00,node-01,orders-api,429,True,normal,market_aware_v1,49.251,45.783,128.81,31.633,0.587,72.316,94.742,1.465
d4536f7f-a3b4-40dd-ab42-94155e1c07ad,2026-04-19T16:13:12.492461-04:00,node-01,checkout-api,200,True,normal,market_aware_v1,51.271,49.446,137.863,27.667,0.68,67.328,73.444,1.602
f2c74eb9-07fa-44a3-aeea-683ca4a7d48e,2026-04-19T16:13:12.505968-04:00,node-01,payments-api,200,True,normal,market_aware_v1,49.917,49.976,142.746,24.94,0.634,69.962,59.482,1.411
1941aded-9a3c-44b6-a855-f4589064558d,2026-04-19T16:13:12.536597-04:00,node-01,orders-api,200,True,normal,market_aware_v1,50.775,47.737,108.37,30.425,0.403,60.749,93.083,1.026
ade905e6-46ca-4f0a-addd-5c25b9eac934,2026-04-19T16:13:12.563526-04:00,node-01,checkout-api,200,True,normal,market_aware_v1,52.677,48.864,119.808,27.162,0.515,50.765,75.657,1.075
33fb610d-258d-47fe-aca0-0733043b9315,2026-04-19T16:13:12.591438-04:00,node-01,payments-api,200,True,normal,market_aware_v1,41.585,48.551,147.929,25.357,0.466,63.946,52.661,1.201
da51b36e-3057-4196-98a8-cafd066d9ebd,2026-04-19T16:13:12.624226-04:00,node-01,orders-api,200,True,normal,market_aware_v1,53.679,44.948,115.377,29.28,0.409,62.613,82.016,1.098
8badd9f0-ce7f-4d7f-83db-6923c3e65aca,2026-04-19T16:13:12.657068-04:00,node-01,checkout-api,200,True,anomalous,market_aware_v1,54.805,49.292,160.792,30.216,1.025,72.743,61.479,1.987
2c5d9ce8-f4b9-4340-9980-2a2c3b272488,2026-04-19T16:13:12.690028-04:00,node-01,payments-api,200,True,normal,market_aware_v1,43.731,49.752,133.63,29.238,0.523,62.682,52.343,1.262
1b3c5722-fdfd-431d-9999-81542ad43739,2026-04-19T16:13:12.723037-04:00,node-01,orders-api,200,True,normal,market_aware_v1,55.524,44.851,126.462,29.022,0.4,62.63,88.765,1.103
d8aaef3f-3e79-43ef-8945-fa1356fdd7b0,2026-04-19T16:13:12.756150-04:00,node-01,checkout-api,200,True,normal,market_aware_v1,48.421,48.592,153.394,29.829,0.639,68.655,63.967,1.53
1557a363-9d1a-4863-91a2-1e384099ea0f,2026-04-19T16:13:12.789145-04:00,node-01,payments-api,200,True,normal,market_aware_v1,44.923,50.842,149.856,26.877,0.572,68.397,51.87,1.506
76f5d2ed-85cb-4d7b-8ad1-48c88a8e79a1,2026-04-19T16:13:12.809747-04:00,node-01,orders-api,200,True,normal,market_aware_v1,47.305,48.671,121.151,29.72,0.433,65.507,87.122,1.112
5323e0b6-2159-4abc-8586-70fe66b607ee,2026-04-19T16:13:12.822993-04:00,node-01,checkout-api,200,True,normal,market_aware_v1,54.491,50.12,136.689,27.539,0.557,61.799,71.964,1.354
e4ebda64-1653-4a00-8b0f-de811a166aa0,2026-04-19T16:13:12.842751-04:00,node-01,payments-api,200,True,normal,market_aware_v1,45.167,49.468,146.49,25.225,0.602,66.513,51.542,1.431
909cdb2e-b8b1-458a-b841-ebfaa3a91290,2026-04-19T16:13:12.883580-04:00,node-01,orders-api,200,True,normal,market_aware_v1,54.032,49.37,129.123,29.447,0.587,69.247,89.075,1.371
79d31e00-8dd4-4395-82f5-e7ba7415b3d1,2026-04-19T16:13:12.908797-04:00,node-01,checkout-api,200,True,normal,market_aware_v1,52.829,50.184,149.179,27.752,0.639,66.928,66.533,1.502
cc6ca7dc-27e7-4a4f-829d-f4e37d64bd0b,2026-04-19T16:13:12.922453-04:00,node-01,payments-api,200,True,normal,market_aware_v1,50.868,53.038,168.033,27.215,0.802,74.139,55.08,1.958
d21c0c38-b740-4f1d-86f2-d2be1c5826d9,2026-04-19T16:13:12.953371-04:00,node-01,orders-api,200,True,normal,market_aware_v1,53.248,48.617,129.225,33.431,0.589,68.033,92.432,1.315
f03eb1f9-06eb-4221-b205-a1928d991d95,2026-04-19T16:13:12.986198-04:00,node-01,checkout-api,200,True,normal,market_aware_v1,56.103,48.337,130.536,31.289,0.595,63.77,73.22,1.387
42ee94f8-fbb9-4307-aca4-15b2f6756183,2026-04-19T16:13:13.019156-04:00,node-01,payments-api,200,True,normal,market_aware_v1,49.004,55.535,140.166,27.705,0.606,63.891,63.972,1.389
45e497b7-c43d-4019-a0c4-89a137f81d36,2026-04-19T16:13:13.051042-04:00,node-01,orders-api,200,True,anomalous,market_aware_v1,61.037,48.329,141.001,32.954,0.787,69.59,89.037,1.62
ef23e58d-a542-465e-b8f9-d977e82597ee,2026-04-19T16:13:13.064579-04:00,node-01,checkout-api,200,True,normal,market_aware_v1,54.543,52.615,145.498,32.058,0.661,69.8,73.362,1.552
164fdbc9-97b9-4e91-b6f2-040a53c749a8,2026-04-19T16:13:13.095287-04:00,node-01,payments-api,200,True,normal,market_aware_v1,49.608,49.12,141.446,28.074,0.515,67.734,63.351,1.292
b426eeef-ae39-4203-83a7-a48eb3b3dae9,2026-04-19T16:13:13.128618-04:00,node-01,orders-api,200,True,normal,market_aware_v1,58.129,51.472,126.555,35.284,0.533,65.345,98.513,1.233
c789bdb5-ca71-44e6-bae7-2285ef603d9c,2026-04-19T16:13:13.161343-04:00,node-01,checkout-api,429,True,normal,market_aware_v1,61.559,51.478,147.268,32.207,0.735,68.757,73.742,1.474
a785d090-bef0-4ae4-9655-71a16c10b8c1,2026-04-19T16:13:13.176241-04:00,node-01,payments-api,429,True,normal,market_aware_v1,50.84,53.194,146.193,27.769,0.598,68.228,63.655,1.483
42a01497-6a52-454e-a25e-85318278f845,2026-04-19T16:13:13.205556-04:00,node-01,orders-api,429,True,normal,market_aware_v1,60.338,50.453,124.515,31.877,0.44,61.643,107.478,1.059
d57787c7-d3fc-454b-ad36-c2d38f6841b8,2026-04-19T16:13:13.238553-04:00,node-01,checkout-api,429,True,normal,market_aware_v1,57.815,54.008,147.08,31.738,0.579,68.456,77.549,1.317
8d799fa2-9062-409e-9f44-23a090e9b970,2026-04-19T16:13:13.271440-04:00,node-01,payments-api,429,True,normal,market_aware_v1,48.34,54.198,159.783,27.868,0.65,74.487,60.794,1.64
9766e38e-5b1b-4730-a8fd-4c7173d093fa,2026-04-19T16:13:13.304517-04:00,node-01,orders-api,200,True,normal,market_aware_v1,60.652,53.722,128.166,32.12,0.533,67.794,103.436,1.233
6053f499-7be5-492d-badf-a20996a3c147,2026-04-19T16:13:13.337431-04:00,node-01,checkout-api,503,True,anomalous,market_aware_v1,59.341,55.035,151.969,31.283,1.015,76.532,62.647,2.262
6d2ca23e-b0a1-4ff3-bc52-5cc806a68e21,2026-04-19T16:13:13.369441-04:00,node-01,payments-api,200,True,normal,market_aware_v1,51.892,51.653,136.495,27.254,0.53,65.573,63.232,1.311
bfb9252e-d0ee-4075-a27b-514610f8effa,2026-04-19T16:13:13.383979-04:00,node-01,orders-api,200,True,normal,market_aware_v1,57.933,46.124,114.762,32.541,0.434,60.186,94.968,1.067
d36dd8ee-c413-4093-b73f-a9f5b7ad057b,2026-04-19T16:13:13.413765-04:00,node-01,checkout-api,429,True,normal,market_aware_v1,59.394,52.048,143.866,31.057,0.676,71.399,65.129,1.46
334ca7f0-95e0-4403-8c77-f80e84ed4010,2026-04-19T16:13:13.427870-04:00,node-01,payments-api,200,True,normal,market_aware_v1,47.089,51.35,142.016,26.889,0.528,65.09,64.867,1.299
0bb98633-d719-4eeb-8c9e-f29c4c00e77d,2026-04-19T16:13:13.491715-04:00,node-01,orders-api,429,True,normal,market_aware_v1,55.719,46.609,131.01,32.26,0.467,64.179,99.179,1.193
9fe29e18-7a54-46eb-9d02-8be6b7fdef7c,2026-04-19T16:13:13.512150-04:00,node-01,checkout-api,429,True,normal,market_aware_v1,48.414,51.444,134.528,28.553,0.676,63.727,73.546,1.446
97b52365-e5b1-4437-9edb-059f1c3365c6,2026-04-19T16:13:13.554128-04:00,node-01,payments-api,200,True,normal,market_aware_v1,47.112,51.584,155.033,24.525,0.635,73.18,51.166,1.578
95687bbd-7ce3-4c5c-b3d1-33d48c1ceba0,2026-04-19T16:13:13.575931-04:00,node-01,orders-api,200,True,normal,market_aware_v1,49.308,45.285,117.019,30.853,0.444,62.752,91.873,1.107
51f6695d-6488-4d75-b000-d690db0280d6,2026-04-19T16:13:13.594429-04:00,node-01,checkout-api,200,True,normal,market_aware_v1,52.032,51.411,130.406,26.937,0.625,58.823,73.01,1.332
1f5b11b7-69c3-45da-9ca1-2319e7b332b5,2026-04-19T16:13:13.622250-04:00,node-01,payments-api,429,True,anomalous,market_aware_v1,46.968,50.79,152.717,25.643,0.814,70.277,47.689,1.835
0bbcd306-cd7d-4daa-bc7b-d2fa65b85dcc,2026-04-19T16:13:13.636783-04:00,node-01,orders-api,429,True,normal,market_aware_v1,51.336,42.957,105.0,30.619,0.443,56.015,88.078,1.12
98b40878-41b4-4ec5-999e-5846e1d86ade,2026-04-19T16:13:13.666926-04:00,node-01,checkout-api,429,True,normal,market_aware_v1,44.044,45.752,123.172,26.895,0.466,57.27,68.678,1.136
0e266a03-65e3-42c8-a0bf-1d69ce9adbdc,2026-04-19T16:13:13.700292-04:00,node-01,payments-api,200,True,normal,market_aware_v1,40.972,45.905,148.549,27.158,0.516,71.787,45.313,1.402
1691dbff-b3dd-4d6c-80a2-44fbd63f0aef,2026-04-19T16:13:13.732386-04:00,node-01,orders-api,200,True,normal,market_aware_v1,50.283,43.335,125.542,29.77,0.539,64.576,80.466,1.343
6ee2ce79-36f8-478d-a809-f3c050a5e403,2026-04-19T16:13:13.765807-04:00,node-01,checkout-api,429,True,normal,market_aware_v1,44.399,42.528,127.392,25.536,0.553,59.748,68.848,1.177
ee0f16a3-4304-462f-af47-97eb70e5d371,2026-04-19T16:13:13.798562-04:00,node-01,payments-api,200,True,normal,market_aware_v1,42.815,49.703,149.854,24.785,0.645,77.03,46.586,1.594
263746bb-a68c-4fb1-8d07-62d7d6e28a72,2026-04-19T16:13:13.831166-04:00,node-01,orders-api,429,True,normal,market_aware_v1,48.814,44.954,122.424,29.519,0.473,64.379,82.314,1.187
878cb4a4-c1e1-4ec9-a8da-c9020b0fd320,2026-04-19T16:13:13.864973-04:00,node-01,checkout-api,429,True,normal,market_aware_v1,45.749,43.178,124.29,25.539,0.531,56.82,64.493,1.101
3ba18544-a7f5-467c-b8d8-894b932dc6a6,2026-04-19T16:13:13.886037-04:00,node-01,payments-api,200,True,normal,market_aware_v1,41.507,48.247,134.588,22.943,0.447,60.161,49.511,1.155
816857d8-7cce-4512-ad8f-b49ecbd75762,2026-04-19T16:13:13.919521-04:00,node-01,orders-api,200,True,normal,market_aware_v1,48.418,39.736,130.895,29.426,0.296,61.752,83.972,1.01
ba9ad8a3-fce8-4031-9c9f-cfb92c46aee9,2026-04-19T16:13:13.952551-04:00,node-01,checkout-api,200,True,normal,market_aware_v1,49.211,46.236,152.119,30.622,0.754,69.875,61.333,1.646
9ece08aa-8ad0-4c55-9b7a-2561d3b83346,2026-04-19T16:13:13.985192-04:00,node-01,payments-api,200,True,normal,market_aware_v1,43.193,52.18,141.65,23.569,0.532,63.668,50.737,1.172
9ec3b50e-1ffa-4a0f-80eb-edd56eee2010,2026-04-19T16:13:14.015139-04:00,node-01,orders-api,200,True,normal,market_aware_v1,47.21,43.105,109.151,30.142,0.321,55.624,95.39,0.893
0c37dd79-6edf-438b-960e-571ddd121dd4,2026-04-19T16:13:14.049820-04:00,node-01,checkout-api,200,True,normal,market_aware_v1,48.556,43.389,143.243,26.198,0.606,66.789,65.906,1.446
bd5cee75-edc1-4aa5-b155-1f098dbea12e,2026-04-19T16:13:14.073571-04:00,node-01,payments-api,200,True,anomalous,market_aware_v1,47.605,50.964,137.727,27.485,0.849,66.423,53.045,1.912
d8316a33-dd7c-470c-80c8-dd2b88d92c79,2026-04-19T16:13:14.106715-04:00,node-01,orders-api,200,True,normal,market_aware_v1,55.914,45.422,129.826,30.967,0.437,63.751,82.268,1.164
4f7afd79-e87c-4090-98ad-10ab3fe0dbff,2026-04-19T16:13:14.128119-04:00,node-01,checkout-api,200,True,normal,market_aware_v1,51.863,51.728,136.225,26.759,0.605,67.101,71.18,1.385
a43a3f7e-1ff3-46d9-961c-90c8657ac447,2026-04-19T16:13:14.143128-04:00,node-01,payments-api,200,True,normal,market_aware_v1,48.005,50.739,138.327,28.004,0.574,62.296,52.252,1.274
1f3a2c35-e853-48dd-b4b5-7d075c46051c,2026-04-19T16:13:14.161250-04:00,node-01,orders-api,429,True,normal,market_aware_v1,57.517,43.084,119.369,30.609,0.462,65.858,93.644,1.233
af8efe7d-4f66-4b02-a557-fbb30bd114bf,2026-04-19T16:13:14.200993-04:00,node-01,checkout-api,200,True,normal,market_aware_v1,52.815,50.852,153.621,29.427,0.663,72.624,62.752,1.549
666fc5c1-02b8-432f-b6b5-c5e1ed372ee3,2026-04-19T16:13:14.227472-04:00,node-01,payments-api,200,True,normal,market_aware_v1,51.004,54.809,169.134,26.991,0.652,73.361,55.752,1.848
4f4a75ec-f4a6-4666-898a-55c5796c00ed,2026-04-19T16:13:14.260561-04:00,node-01,orders-api,429,True,normal,market_aware_v1,57.848,48.17,141.66,33.19,0.484,69.673,88.1,1.41
02ea1f52-57f7-4980-9633-a076a1383e42,2026-04-19T16:13:14.293804-04:00,node-01,checkout-api,200,True,normal,market_aware_v1,54.243,51.182,142.957,29.584,0.697,66.721,73.71,1.463
14457476-4600-4be3-9747-430b017e2cf2,2026-04-19T16:13:14.326297-04:00,node-01,payments-api,502,True,anomalous,market_aware_v1,55.548,53.672,157.002,27.858,1.007,70.261,54.296,2.028
cde74568-cab4-4189-ba1a-c2360015a58e,2026-04-19T16:13:14.339248-04:00,node-01,orders-api,200,True,normal,market_aware_v1,56.298,49.213,129.59,30.726,0.442,63.081,103.072,1.118
d1962b83-c0fa-4ee4-9a61-dc2b375bbdd1,2026-04-19T16:13:14.370556-04:00,node-01,checkout-api,200,True,normal,market_aware_v1,58.699,52.329,136.343,27.573,0.579,65.144,72.039,1.335
d5f1c507-4579-4a1e-b3a0-8b6b527f4104,2026-04-19T16:13:14.403450-04:00,node-01,payments-api,200,True,normal,market_aware_v1,54.052,53.381,149.059,27.32,0.557,65.805,60.213,1.347
987ffc0d-e043-4f83-918b-3450ed758e94,2026-04-19T16:13:14.437103-04:00,node-01,orders-api,200,True,normal,market_aware_v1,58.496,48.828,122.767,32.414,0.494,65.061,99.299,1.258
ecc94970-aa1c-4977-b754-19c1b210c38a,2026-04-19T16:13:14.469504-04:00,node-01,checkout-api,200,True,normal,market_aware_v1,53.67,50.449,132.507,30.316,0.626,62.026,78.47,1.332
14477737-f606-44cd-859d-d90de4a1ffde,2026-04-19T16:13:14.502540-04:00,node-01,payments-api,200,True,normal,market_aware_v1,54.054,52.165,154.823,26.85,0.721,77.34,57.085,1.766
34a56ed4-045c-4a26-845b-a832c40a2210,2026-04-19T16:13:14.535826-04:00,node-01,orders-api,200,True,normal,market_aware_v1,54.421,48.246,117.113,33.276,0.529,64.423,97.659,1.202
1419157a-27ee-4285-81c9-b3212ad446db,2026-04-19T16:13:14.568113-04:00,node-01,checkout-api,429,True,normal,market_aware_v1,51.508,55.111,129.513,26.351,0.622,61.547,77.188,1.322
8b6d2ecc-c9a7-4b9d-a304-127ca9992f02,2026-04-19T16:13:14.601948-04:00,node-01,payments-api,200,True,normal,market_aware_v1,46.469,53.453,138.278,26.472,0.571,65.832,55.091,1.284
ab103190-197d-458b-8d8b-76660860f596,2026-04-19T16:13:14.634403-04:00,node-01,orders-api,200,True,normal,market_aware_v1,52.826,47.983,109.454,29.005,0.397,54.401,98.219,0.991
232de2bc-c71d-47e9-8ffd-0175676230a1,2026-04-19T16:13:14.668067-04:00,node-01,checkout-api,429,True,normal,market_aware_v1,49.075,50.532,140.187,30.374,0.617,62.971,64.228,1.482
ccb8100e-8ef1-48f0-a768-faf11be4714a,2026-04-19T16:13:14.700695-04:00,node-01,payments-api,429,True,normal,market_aware_v1,45.944,50.812,141.997,25.565,0.604,68.788,52.501,1.548
ab8fea6e-2eef-4e0e-b8c9-4a8eedc2d617,2026-04-19T16:13:14.741632-04:00,node-01,orders-api,200,True,normal,market_aware_v1,51.622,44.626,109.947,30.546,0.339,58.125,89.906,0.923
8462b7ef-075d-4262-ac31-e570e0cf32df,2026-04-19T16:13:14.766325-04:00,node-01,checkout-api,200,True,normal,market_aware_v1,51.405,48.635,135.19,29.217,0.67,65.24,67.52,1.488
53519710-7804-4b01-83fd-11e70e66a9a0,2026-04-19T16:13:14.808027-04:00,node-01,payments-api,200,True,normal,market_aware_v1,49.541,52.008,148.019,24.437,0.617,68.839,57.228,1.462
d1e72fcd-d3b3-439a-b28c-1c17db42fe6f,2026-04-19T16:13:14.823366-04:00,node-01,orders-api,429,True,normal,market_aware_v1,52.727,42.916,119.339,30.368,0.491,64.899,83.11,1.199
8f30db92-24bd-41ec-9994-8b1e348777d1,2026-04-19T16:13:14.843115-04:00,node-01,checkout-api,200,True,normal,market_aware_v1,49.251,49.649,130.624,31.724,0.675,65.371,67.571,1.397
415603d4-f677-4d75-b6d9-ef26310b6f73,2026-04-19T16:13:14.858875-04:00,node-01,payments-api,200,True,normal,market_aware_v1,47.513,47.531,138.862,26.718,0.52,63.386,53.022,1.31
60b2bdde-c99e-467f-ba02-1c839d1b84a4,2026-04-19T16:13:14.887261-04:00,node-01,orders-api,429,True,normal,market_aware_v1,51.048,45.426,123.571,29.397,0.491,68.146,86.345,1.271
119761d8-2008-47d2-be8b-56bef1cdccb2,2026-04-19T16:13:14.900719-04:00,node-01,checkout-api,200,True,normal,market_aware_v1,49.662,50.23,133.589,27.016,0.662,68.516,62.191,1.491
d1a2eac3-f358-4d17-bce9-0cfbc25953b8,2026-04-19T16:13:14.931532-04:00,node-01,payments-api,200,True,normal,market_aware_v1,44.651,47.88,157.128,25.97,0.687,73.742,46.062,1.693
53b9149f-1fe1-4ca2-8c5b-535cb0a2c752,2026-04-19T16:13:14.953327-04:00,node-01,orders-api,200,True,normal,market_aware_v1,48.33,42.489,131.835,30.454,0.432,68.962,83.804,1.228
0069f551-9213-452e-8487-4b9762acb948,2026-04-19T16:13:14.968337-04:00,node-01,checkout-api,200,True,anomalous,market_aware_v1,54.561,49.229,144.18,31.489,0.93,64.332,55.675,1.823
1e298df2-02bc-4741-8f39-c30ee1960138,2026-04-19T16:13:14.998125-04:00,node-01,payments-api,503,True,anomalous,market_aware_v1,52.428,52.899,161.586,28.13,0.995,71.882,51.459,2.084
c99d25b5-666c-428d-947c-5065feeff80a,2026-04-19T16:13:15.030988-04:00,node-01,orders-api,200,True,normal,market_aware_v1,54.157,45.844,137.761,29.676,0.488,68.251,87.722,1.311
7c064d32-c4ec-4d6c-aca3-f845054ff8de,2026-04-19T16:13:15.052413-04:00,node-01,checkout-api,200,True,normal,market_aware_v1,54.498,53.89,145.934,29.522,0.626,67.138,64.665,1.548
6244811f-6d3b-4f8e-898a-0f7dc9a09ac4,2026-04-19T16:13:15.066924-04:00,node-01,payments-api,200,True,normal,market_aware_v1,49.32,51.816,146.791,26.83,0.568,68.411,58.959,1.419
a025d859-a6cf-4b3b-8bc3-bf0567259d45,2026-04-19T16:13:15.097441-04:00,node-01,orders-api,200,True,normal,market_aware_v1,57.612,44.223,126.219,30.855,0.491,59.503,92.452,1.163
8504f5f4-8de7-4fb5-8071-20058696352b,2026-04-19T16:13:15.118748-04:00,node-01,checkout-api,503,True,anomalous,market_aware_v1,56.48,54.715,150.357,32.529,1.078,72.447,64.238,2.121
c5f4ed91-bb2d-453b-b273-a0b0ba35e0eb,2026-04-19T16:13:15.147928-04:00,node-01,payments-api,200,True,anomalous,market_aware_v1,51.871,57.098,151.955,29.859,0.889,65.502,49.097,1.857
f9704fd8-a396-4a81-bbb5-8008ced3301c,2026-04-19T16:13:15.173854-04:00,node-01,orders-api,429,True,normal,market_aware_v1,58.206,48.379,124.135,32.437,0.408,63.067,97.582,1.086
5287fe5e-1246-4bfc-9714-875e6cc7c5c8,2026-04-19T16:13:15.189316-04:00,node-01,checkout-api,200,True,normal,market_aware_v1,53.981,50.012,122.76,28.683,0.595,59.949,75.246,1.276
9c2bdeb8-6856-4439-9040-b51424d9f503,2026-04-19T16:13:15.218729-04:00,node-01,payments-api,200,True,normal,market_aware_v1,55.741,54.966,163.778,27.0,0.655,74.671,61.693,1.582
20698dbb-757e-436e-8c88-4feaa8f2c8a4,2026-04-19T16:13:15.240406-04:00,node-01,orders-api,200,True,normal,market_aware_v1,59.075,51.027,148.215,34.48,0.491,73.772,90.459,1.355
053b0599-0e1c-4c7d-9518-a4250eb5f226,2026-04-19T16:13:15.256371-04:00,node-01,checkout-api,429,True,normal,market_aware_v1,56.956,51.509,145.134,33.032,0.602,63.681,82.011,1.337
b92e42a4-7d34-4b2b-8750-fd17f62aa59b,2026-04-19T16:13:15.284450-04:00,node-01,payments-api,429,True,normal,market_aware_v1,55.469,53.746,157.921,28.034,0.57,71.965,64.76,1.512
3597fb88-28f9-4b19-89d4-b7be96f121b1,2026-04-19T16:13:15.299915-04:00,node-01,orders-api,200,True,normal,market_aware_v1,57.606,50.891,135.686,32.68,0.546,67.592,94.265,1.361
b1356a20-a31e-47d8-b60e-dec73b1d251d,2026-04-19T16:13:15.329580-04:00,node-01,checkout-api,200,True,normal,market_aware_v1,57.429,53.071,148.538,30.325,0.796,73.497,77.958,1.596
ef31def1-968c-4e14-a93e-5cc0832d4382,2026-04-19T16:13:15.350493-04:00,node-01,payments-api,200,True,normal,market_aware_v1,54.837,54.612,164.391,25.069,0.693,80.368,61.027,1.773
509d7537-e74b-4c4a-848b-6f05761450bb,2026-04-19T16:13:15.364273-04:00,node-01,orders-api,200,True,normal,market_aware_v1,58.299,52.12,131.858,32.992,0.511,68.775,92.408,1.282
c9f2ab70-c56d-4833-b28e-848f3c0e1183,2026-04-19T16:13:15.377853-04:00,node-01,checkout-api,200,True,anomalous,market_aware_v1,59.758,55.837,149.482,29.968,1.013,71.023,64.533,1.953
f865c53f-1cb9-45e3-a45d-5a9db949bb95,2026-04-19T16:13:15.406246-04:00,node-01,payments-api,200,True,normal,market_aware_v1,52.821,52.995,154.262,28.291,0.614,73.413,62.988,1.53
4d8238c8-a597-4dab-91ae-e9bd90f414b2,2026-04-19T16:13:15.428614-04:00,node-01,orders-api,200,True,normal,market_aware_v1,58.931,48.623,139.55,35.759,0.594,71.596,89.951,1.349
4a0e8b3f-a28c-4de0-903b-457cd7245723,2026-04-19T16:13:15.449534-04:00,node-01,checkout-api,200,True,normal,market_aware_v1,56.212,49.409,143.976,29.138,0.614,66.563,71.102,1.381
68832012-e2d1-4ae1-bfea-df8543d2606a,2026-04-19T16:13:15.464174-04:00,node-01,payments-api,429,True,normal,market_aware_v1,53.539,54.072,163.711,26.574,0.797,81.938,63.084,2.176
f967e984-289f-4e15-9cc1-de1c64592a33,2026-04-19T16:13:15.494357-04:00,node-01,orders-api,200,True,normal,market_aware_v1,58.865,45.764,132.548,33.747,0.493,64.602,94.298,1.268
d0aea055-9a1e-4cd8-8b38-c0eca094d5e7,2026-04-19T16:13:15.515947-04:00,node-01,checkout-api,200,True,normal,market_aware_v1,50.718,49.751,139.563,27.639,0.688,66.648,70.119,1.535
f8f6cddd-b47b-4994-8c73-306fdea787e4,2026-04-19T16:13:15.532356-04:00,node-01,payments-api,429,True,normal,market_aware_v1,45.962,55.825,138.168,24.277,0.634,65.148,51.793,1.399
f6d5ad32-fa24-4a28-a7a6-385ba310720e,2026-04-19T16:13:15.560486-04:00,node-01,orders-api,200,True,normal,market_aware_v1,53.366,45.271,110.788,31.568,0.416,55.099,91.137,0.886
b50cbc40-8637-478e-9be3-3a1da4acaca9,2026-04-19T16:13:15.582615-04:00,node-01,checkout-api,200,True,normal,market_aware_v1,51.88,48.578,130.222,27.969,0.556,52.338,75.609,1.043
34e783c4-c148-474c-92ce-bec172d71cf8,2026-04-19T16:13:15.604848-04:00,node-01,payments-api,200,True,normal,market_aware_v1,44.555,51.495,133.56,26.858,0.555,62.37,54.552,1.246
daf83bfd-12df-47e5-b20e-d87527a409f8,2026-04-19T16:13:15.625853-04:00,node-01,orders-api,200,True,normal,market_aware_v1,49.206,44.604,126.201,30.891,0.438,61.711,84.312,1.105
53147628-b0e8-4fe6-a9ec-556697792eb5,2026-04-19T16:13:15.640244-04:00,node-01,checkout-api,200,True,normal,market_aware_v1,48.911,46.217,123.155,26.532,0.502,53.817,67.965,1.108
8c182e2c-d89c-4dd3-86b3-e58531ee8364,2026-04-19T16:13:15.670674-04:00,node-01,payments-api,429,True,normal,market_aware_v1,45.577,51.854,146.631,25.26,0.439,64.512,58.239,1.125
6bc917ce-41f6-439c-aafb-9fd44349bab8,2026-04-19T16:13:15.686359-04:00,node-01,orders-api,200,True,normal,market_aware_v1,48.58,45.957,130.424,31.842,0.383,59.882,84.047,1.123
074205ea-eb8a-445f-af18-d8f278cef4a4,2026-04-19T16:13:15.714828-04:00,node-01,checkout-api,200,True,normal,market_aware_v1,50.422,46.415,136.547,29.478,0.642,65.198,60.905,1.401
80fbc0e6-20f8-48ad-a4cb-6fa617fb2b06,2026-04-19T16:13:15.730820-04:00,node-01,payments-api,200,True,normal,market_aware_v1,46.096,50.04,139.281,22.393,0.578,68.453,50.846,1.378
dab7e6b9-ea44-43dd-bdc5-600291b36fb9,2026-04-19T16:13:15.759070-04:00,node-01,orders-api,429,True,normal,market_aware_v1,49.172,43.079,128.675,31.21,0.503,64.304,81.537,1.189
12907dd1-d40c-4acb-964b-718afa128f1b,2026-04-19T16:13:15.781224-04:00,node-01,checkout-api,200,True,normal,market_aware_v1,47.425,46.903,132.634,26.484,0.522,62.163,61.386,1.25
2bd31b20-2af3-4d88-b9d7-518637cc9139,2026-04-19T16:13:15.803278-04:00,node-01,payments-api,500,True,normal,market_aware_v1,48.325,46.671,173.556,24.098,0.752,77.77,47.434,2.018
6681d66f-88fc-4e97-a6ac-5284873728a6,2026-04-19T16:13:15.824994-04:00,node-01,orders-api,200,True,normal,market_aware_v1,49.576,43.433,122.096,27.581,0.362,60.455,79.344,0.985
fd9ffe84-3b5a-4ae9-8ab1-75f6320b3a5a,2026-04-19T16:13:15.839433-04:00,node-01,checkout-api,429,True,normal,market_aware_v1,49.183,44.602,133.483,25.765,0.544,62.652,62.87,1.312
4742ec46-2c73-41a5-812e-a5ff46fe30c5,2026-04-19T16:13:15.858680-04:00,node-01,payments-api,200,True,normal,market_aware_v1,42.598,48.268,134.199,24.176,0.445,63.425,48.505,1.135
a6fc9da7-b720-4fee-b5e9-289944112eaf,2026-04-19T16:13:15.873810-04:00,node-01,orders-api,200,True,anomalous,market_aware_v1,51.471,46.266,135.483,31.504,0.773,66.278,82.26,1.695
f61466f3-0dff-4e9c-97a5-b617311e0331,2026-04-19T16:13:15.902046-04:00,node-01,checkout-api,200,True,anomalous,market_aware_v1,58.755,49.331,160.39,28.847,0.977,69.022,59.384,1.988
e4ae744f-e9c6-46ac-9c69-c43d83715823,2026-04-19T16:13:15.930777-04:00,node-01,payments-api,429,True,normal,market_aware_v1,45.047,51.298,154.399,23.646,0.623,73.088,56.468,1.545
94b87390-d356-4f20-b55a-6347a8f62c3d,2026-04-19T16:13:15.957431-04:00,node-01,orders-api,429,True,normal,market_aware_v1,58.106,45.941,141.064,28.956,0.509,72.911,87.203,1.318
2a3e7424-2693-4fbe-be72-00c68787d7b8,2026-04-19T16:13:15.975825-04:00,node-01,checkout-api,429,True,anomalous,market_aware_v1,53.874,52.181,159.195,29.492,1.028,70.049,59.628,2.169
ecb7b461-5597-4865-9c18-17f2e42b9215,2026-04-19T16:13:16.000937-04:00,node-01,payments-api,200,True,normal,market_aware_v1,48.69,51.34,158.019,25.658,0.552,70.519,54.643,1.492
07a604d5-da29-4940-97de-8246ec892400,2026-04-19T16:13:16.014825-04:00,node-01,orders-api,200,True,normal,market_aware_v1,56.236,46.695,135.925,33.174,0.494,69.866,86.976,1.392
2c1c9913-fca6-44da-ad8d-3a3016e7f2ee,2026-04-19T16:13:16.045638-04:00,node-01,checkout-api,429,True,normal,market_aware_v1,55.305,49.639,175.89,29.006,1.008,84.983,66.862,2.529
797352f0-3930-4861-87cb-99438f2a2246,2026-04-19T16:13:16.061475-04:00,node-01,payments-api,200,True,anomalous,market_aware_v1,52.451,54.203,163.299,26.509,0.933,70.394,48.22,1.893
11f5e94b-83e1-4ff2-99ba-3fcfc2557534,2026-04-19T16:13:16.089325-04:00,node-01,orders-api,429,True,normal,market_aware_v1,57.238,48.418,144.559,31.799,0.526,69.156,96.355,1.453
a3b74076-c2b8-4958-86c5-3d8d195bbb14,2026-04-19T16:13:16.106002-04:00,node-01,checkout-api,429,True,anomalous,market_aware_v1,55.152,55.387,154.92,30.96,0.978,74.77,65.594,2.098
c3b952fe-46b8-45ab-88ff-8339883b850e,2026-04-19T16:13:16.128312-04:00,node-01,payments-api,200,True,normal,market_aware_v1,48.39,55.58,144.358,26.517,0.656,76.429,54.86,1.639
bc39805c-77a2-4778-a91c-41d3ccc7987c,2026-04-19T16:13:16.156384-04:00,node-01,orders-api,200,True,normal,market_aware_v1,54.523,50.8,132.997,32.924,0.488,66.959,92.097,1.264
183f6b18-ecad-4d9d-a877-8aba7b1008c7,2026-04-19T16:13:16.177762-04:00,node-01,checkout-api,429,True,normal,market_aware_v1,53.085,50.8,144.001,28.565,0.619,67.458,69.08,1.468
0d7c1be7-43e6-40b9-b42b-0d80cea6bf7f,2026-04-19T16:13:16.193838-04:00,node-01,payments-api,200,True,normal,market_aware_v1,52.419,53.961,147.137,27.942,0.57,64.826,58.107,1.306
17fc7d4b-ffdd-45ec-ae98-a7120559d76c,2026-04-19T16:13:16.222661-04:00,node-01,orders-api,200,True,normal,market_aware_v1,55.484,48.144,122.56,34.771,0.454,58.241,103.673,1.092
aaffa8d0-e1a7-442b-814e-1a5b5d34d3b4,2026-04-19T16:13:16.244448-04:00,node-01,checkout-api,200,True,normal,market_aware_v1,56.292,49.568,153.184,29.834,0.56,70.579,66.565,1.49
8f22c9d9-8e08-45e2-8d0c-e03f6a70427a,2026-04-19T16:13:16.274810-04:00,node-01,payments-api,200,True,normal,market_aware_v1,50.002,54.451,148.988,26.677,0.564,71.135,55.842,1.419
b7ba88b9-0ab4-4d1a-969f-04d48e3cad98,2026-04-19T16:13:16.299429-04:00,node-01,orders-api,200,True,anomalous,market_aware_v1,63.149,52.117,152.736,34.386,0.795,74.36,86.973,1.792
541b7424-ce2e-49e4-b62f-a31c903411ab,2026-04-19T16:13:16.335698-04:00,node-01,checkout-api,200,True,normal,market_aware_v1,52.655,50.123,140.402,29.513,0.601,66.289,67.138,1.301
c7019f8a-9876-44a2-afa7-0f1d004b0fac,2026-04-19T16:13:16.355674-04:00,node-01,payments-api,200,True,normal,market_aware_v1,53.485,53.925,148.067,28.488,0.547,70.136,57.738,1.524
57802ece-a963-4fb3-8db0-30378e977e7b,2026-04-19T16:13:16.384851-04:00,node-01,orders-api,200,True,normal,market_aware_v1,54.981,47.042,132.78,30.814,0.501,63.916,93.137,1.179
7db24c87-f271-4acf-ad2b-0e8837893930,2026-04-19T16:13:16.402778-04:00,node-01,checkout-api,200,True,anomalous,market_aware_v1,54.263,51.966,147.429,31.705,0.916,65.072,63.811,1.787
588c7b58-2ffb-460c-8621-c3a449f55dbb,2026-04-19T16:13:16.465219-04:00,node-01,payments-api,200,True,normal,market_aware_v1,47.649,50.719,148.593,25.719,0.559,65.102,57.669,1.384
1f363184-0d20-490d-b73e-fac1047ae597,2026-04-19T16:13:16.498824-04:00,node-01,orders-api,200,True,normal,market_aware_v1,57.211,47.106,124.294,32.204,0.396,63.57,89.839,1.116
79b4a1d3-9714-4cc7-ad8d-64c9f3b471d9,2026-04-19T16:13:16.520588-04:00,node-01,checkout-api,200,True,normal,market_aware_v1,50.761,52.348,142.486,28.049,0.736,70.348,70.152,1.566
8856143c-6a64-4400-84bb-a3aa0c2d33d0,2026-04-19T16:13:16.554780-04:00,node-01,payments-api,502,True,anomalous,market_aware_v1,52.622,54.886,171.477,28.151,0.92,76.007,36.506,2.111
b8731d7a-052f-4432-8233-5ff1de863424,2026-04-19T16:13:16.586952-04:00,node-01,orders-api,200,True,normal,market_aware_v1,51.017,46.927,121.808,30.948,0.444,63.792,85.064,1.008
50827ddf-ee9e-4732-851b-3e00f0001e83,2026-04-19T16:13:16.617138-04:00,node-01,checkout-api,200,True,normal,market_aware_v1,47.686,46.803,143.271,28.143,0.608,65.585,64.395,1.333
5bac5853-1bf3-4069-8871-860fe9136a30,2026-04-19T16:13:16.643041-04:00,node-01,payments-api,429,True,normal,market_aware_v1,44.649,52.291,133.532,24.615,0.438,61.035,54.986,1.327
22871533-3478-4d7c-9a3d-a9bf69451b25,2026-04-19T16:13:16.676123-04:00,node-01,orders-api,200,True,normal,market_aware_v1,55.542,47.291,137.357,28.693,0.538,70.809,85.807,1.357
c4c1dbf0-ceb9-4790-bc3f-ead3fc12d115,2026-04-19T16:13:16.703578-04:00,node-01,checkout-api,200,True,normal,market_aware_v1,49.893,48.948,143.462,29.779,0.61,69.292,65.004,1.477
b9b88581-227d-4027-8e6b-e5ed269c313e,2026-04-19T16:13:16.734066-04:00,node-01,payments-api,429,True,normal,market_aware_v1,42.825,50.61,144.97,25.953,0.628,66.532,55.873,1.364
57264671-c4c5-4803-b124-53945e31695f,2026-04-19T16:13:16.764513-04:00,node-01,orders-api,200,True,normal,market_aware_v1,52.934,45.248,135.418,27.858,0.58,70.909,86.681,1.341
dbe78327-2bb6-42fa-a766-e45ee2e31179,2026-04-19T16:13:16.790843-04:00,node-01,checkout-api,429,True,normal,market_aware_v1,49.414,50.388,146.139,26.69,0.596,68.681,63.533,1.353
f89265c9-10e6-4f07-b44f-a4c704f00c1a,2026-04-19T16:13:16.819341-04:00,node-01,payments-api,200,True,normal,market_aware_v1,45.665,48.716,145.304,25.494,0.597,68.24,57.49,1.358
656218b5-f4a1-43b5-b0be-f828a511cd7a,2026-04-19T16:13:16.841318-04:00,node-01,orders-api,200,True,normal,market_aware_v1,54.313,45.337,146.11,30.777,0.642,73.772,89.254,1.809
5b14d50b-8f6a-461d-be4d-c34f59d459d7,2026-04-19T16:13:16.863402-04:00,node-01,checkout-api,429,True,normal,market_aware_v1,50.272,48.717,121.514,28.943,0.549,59.728,70.753,1.132
8ac4b1f0-ca04-43c0-a24b-fac49a9e0741,2026-04-19T16:13:16.885269-04:00,node-01,payments-api,429,True,normal,market_aware_v1,46.9,52.01,145.642,26.914,0.626,73.014,53.795,1.564
0f4c78a1-1de9-4322-a6c8-a6094f6aead4,2026-04-19T16:13:16.914556-04:00,node-01,orders-api,200,True,normal,market_aware_v1,56.948,45.635,132.495,31.737,0.518,62.147,92.873,1.123
827d44bc-67e4-4022-a262-f8dd1f602e76,2026-04-19T16:13:16.955582-04:00,node-01,checkout-api,429,True,normal,market_aware_v1,56.255,54.76,138.371,29.417,0.546,54.6,77.305,1.151
b2ce5ae5-d72b-4191-99c8-b4cba0690c87,2026-04-19T16:13:16.994222-04:00,node-01,payments-api,200,True,normal,market_aware_v1,50.688,55.998,158.26,24.592,0.621,68.014,58.688,1.538
3d58bde2-b53a-48ad-81dc-242c6451963a,2026-04-19T16:13:17.029318-04:00,node-01,orders-api,200,True,normal,market_aware_v1,56.442,48.124,138.996,33.008,0.579,69.736,95.002,1.469
bbba3cb1-9ae7-4fda-ac95-669f42f71b57,2026-04-19T16:13:17.055703-04:00,node-01,checkout-api,429,True,normal,market_aware_v1,57.168,50.615,142.469,30.778,0.678,70.986,68.297,1.694
11b2f052-efcf-4a21-8220-2e0e69db37b0,2026-04-19T16:13:17.080584-04:00,node-01,payments-api,200,True,normal,market_aware_v1,49.283,53.365,136.414,27.895,0.565,63.702,66.277,1.452
dbd28e4b-39af-4edd-a4b1-b7d7d1034c69,2026-04-19T16:13:17.103225-04:00,node-01,orders-api,200,True,normal,market_aware_v1,58.573,47.898,128.654,34.245,0.442,63.984,94.021,1.25
80fb4765-73bb-4f9e-b81a-1726cf9e1e05,2026-04-19T16:13:17.125938-04:00,node-01,checkout-api,200,True,normal,market_aware_v1,58.024,55.127,164.868,32.281,0.734,79.36,73.844,1.873
9c2acb0e-2c70-40f0-ac36-1eb3fcbc5f2b,2026-04-19T16:13:17.155672-04:00,node-01,payments-api,429,True,normal,market_aware_v1,53.061,53.851,156.955,26.67,0.647,75.0,58.655,1.603
ddcb0aa1-775d-475b-9b6b-d99a33f35df5,2026-04-19T16:13:17.186952-04:00,node-01,orders-api,200,True,normal,market_aware_v1,62.397,51.571,148.056,31.876,0.56,76.534,92.681,1.434
3cb04d9e-107e-428f-9a4c-6f603cc48503,2026-04-19T16:13:17.221409-04:00,node-01,checkout-api,429,True,normal,market_aware_v1,61.798,54.285,161.649,31.669,0.8,78.526,71.037,1.898
a50c9cac-4a1b-415a-ab07-0455ff8a69e3,2026-04-19T16:13:17.253113-04:00,node-01,payments-api,200,True,normal,market_aware_v1,57.338,54.413,156.874,28.501,0.712,77.237,58.907,1.794
ac50e618-fd6c-411a-b082-b871c4d262f3,2026-04-19T16:13:17.279526-04:00,node-01,orders-api,200,True,normal,market_aware_v1,59.839,51.938,147.799,32.964,0.701,82.222,92.045,1.741
deef4a16-8323-4fc6-a1a1-8e4dabaf2742,2026-04-19T16:13:17.312699-04:00,node-01,checkout-api,200,True,normal,market_aware_v1,56.156,54.249,145.312,31.783,0.635,69.241,73.231,1.55
02658136-72fd-4989-a615-c7616999cdec,2026-04-19T16:13:17.339001-04:00,node-01,payments-api,200,True,normal,market_aware_v1,55.682,52.879,165.797,27.669,0.596,72.067,57.685,1.501
413cfea1-9d49-4b2f-835a-4428f7d19190,2026-04-19T16:13:17.360659-04:00,node-01,orders-api,200,True,normal,market_aware_v1,60.048,50.083,138.436,32.634,0.532,70.031,91.085,1.328
464f4924-714d-4c50-bb9b-57dc240624be,2026-04-19T16:13:17.390454-04:00,node-01,checkout-api,429,True,normal,market_aware_v1,54.289,52.549,157.259,30.443,0.711,74.69,68.463,1.818
de4b460d-33ad-4ded-8a58-cc210fc4ac5e,2026-04-19T16:13:17.415555-04:00,node-01,payments-api,200,True,normal,market_aware_v1,52.685,56.949,169.233,26.963,0.78,76.122,53.138,1.919
211c58de-cc92-46be-9705-078801c6314e,2026-04-19T16:13:17.432531-04:00,node-01,orders-api,200,True,normal,market_aware_v1,54.062,49.174,114.457,31.419,0.47,62.006,92.943,0.966
ff9e435f-5f89-4287-8f98-4eac2f12c52a,2026-04-19T16:13:17.460406-04:00,node-01,checkout-api,200,True,normal,market_aware_v1,59.017,51.963,156.753,26.212,0.707,74.253,54.052,1.649
3feb5ccc-4f9f-435a-9bfc-7fc65d2bece5,2026-04-19T16:13:17.481817-04:00,node-01,payments-api,429,True,normal,market_aware_v1,51.807,46.181,146.784,24.971,0.673,69.271,59.014,1.529
443d1c60-f6aa-4d64-ac52-deffb51bf80c,2026-04-19T16:13:17.496555-04:00,node-01,orders-api,200,True,normal,market_aware_v1,57.719,45.955,132.115,28.893,0.507,65.635,93.487,1.184
fd068f21-878f-452f-a2ac-f8affe64ee69,2026-04-19T16:13:17.526043-04:00,node-01,checkout-api,200,True,normal,market_aware_v1,50.469,52.291,140.784,26.349,0.774,68.671,67.001,1.485
b6f8b1d6-4d56-4acc-aa1a-0af39d5d5da9,2026-04-19T16:13:17.542342-04:00,node-01,payments-api,429,True,normal,market_aware_v1,52.568,50.152,167.94,23.245,0.715,78.96,48.251,1.827
ec77a0bf-4d4a-4437-b3d7-5ece136aab77,2026-04-19T16:13:17.571178-04:00,node-01,orders-api,200,True,normal,market_aware_v1,50.279,44.287,129.703,31.009,0.409,64.541,89.373,1.174
92811bcd-6f06-42bd-ba86-6ff2a095a2ad,2026-04-19T16:13:17.592331-04:00,node-01,checkout-api,500,True,anomalous,market_aware_v1,53.697,48.752,160.845,30.024,1.094,71.705,59.334,2.186
7b8ee165-ca86-4202-9836-b50001d1e2de,2026-04-19T16:13:17.606216-04:00,node-01,payments-api,429,True,normal,market_aware_v1,45.247,49.484,135.894,25.847,0.589,64.038,55.046,1.219
59a1db12-6b01-4203-ab0b-e59299c0b010,2026-04-19T16:13:17.637626-04:00,node-01,orders-api,429,True,normal,market_aware_v1,48.659,44.685,132.968,30.933,0.57,69.124,82.575,1.333
17db22c4-3fbb-46dd-b9c9-4f4beb6ab6c5,2026-04-19T16:13:17.659134-04:00,node-01,checkout-api,429,True,normal,market_aware_v1,48.599,45.47,128.895,28.52,0.616,56.364,67.816,1.268
cda19782-6c25-4d88-b9a8-ea37782dcff5,2026-04-19T16:13:17.688401-04:00,node-01,payments-api,429,True,normal,market_aware_v1,43.901,48.565,145.879,23.464,0.527,64.9,45.885,1.375
4e72dfcd-76bc-4897-aa1a-9e79dde2bee0,2026-04-19T16:13:17.708968-04:00,node-01,orders-api,200,True,normal,market_aware_v1,48.825,45.574,143.112,28.973,0.526,73.573,84.112,1.419
a313eb57-a92c-4920-819e-bd6d7d9ac924,2026-04-19T16:13:17.737724-04:00,node-01,checkout-api,200,True,normal,market_aware_v1,45.029,48.682,138.812,26.903,0.604,62.549,59.79,1.459
08876921-e127-4499-9543-1b393fc6386b,2026-04-19T16:13:17.774169-04:00,node-01,payments-api,502,True,normal,market_aware_v1,46.415,49.076,168.098,24.028,0.87,76.103,41.871,2.018
74b3c989-00c7-4b21-8225-7909052c40ab,2026-04-19T16:13:17.797351-04:00,node-01,orders-api,200,True,normal,market_aware_v1,51.592,44.784,120.374,28.832,0.392,62.16,90.334,1.08
a166d8b2-dd13-4b61-a650-961139627f27,2026-04-19T16:13:17.825551-04:00,node-01,checkout-api,200,True,normal,market_aware_v1,50.7,46.066,142.756,27.697,0.598,66.583,56.968,1.485
ba57f277-60db-4617-b5bd-5de99edd3aa7,2026-04-19T16:13:17.847511-04:00,node-01,payments-api,200,True,normal,market_aware_v1,44.65,46.262,153.031,22.899,0.643,68.674,46.962,1.379
a1516755-cf70-44bf-9792-98efb261b285,2026-04-19T16:13:17.877793-04:00,node-01,orders-api,200,True,anomalous,market_aware_v1,49.08,47.743,136.742,32.148,0.898,74.071,78.011,1.818
506694a9-8945-4812-9e80-fc88d8367f71,2026-04-19T16:13:17.900045-04:00,node-01,checkout-api,200,True,normal,market_aware_v1,49.435,48.336,140.99,26.689,0.576,63.32,62.864,1.258
5ea0d379-b769-4336-9612-2f8ec08b50d7,2026-04-19T16:13:17.924967-04:00,node-01,payments-api,200,True,normal,market_aware_v1,43.975,50.386,154.213,25.851,0.705,71.093,44.699,1.677
ff5764ab-372a-436e-89e1-88727236ebe1,2026-04-19T16:13:17.947218-04:00,node-01,orders-api,200,True,normal,market_aware_v1,46.537,48.785,104.768,31.563,0.432,56.8,88.239,0.965
f5701dc7-4cea-4dac-9c02-c48ac34523b1,2026-04-19T16:13:17.976510-04:00,node-01,checkout-api,429,True,normal,market_aware_v1,56.418,46.29,137.614,29.917,0.68,69.586,60.315,1.45
74985e1c-803f-4c60-b9da-05833f6b1210,2026-04-19T16:13:18.002318-04:00,node-01,payments-api,200,True,normal,market_aware_v1,45.582,49.317,140.995,25.361,0.674,70.141,58.507,1.642
e1f13b35-c463-4f8f-8ac2-4d2963447aab,2026-04-19T16:13:18.024310-04:00,node-01,orders-api,503,True,anomalous,market_aware_v1,59.916,50.927,163.994,33.59,1.089,82.691,78.97,2.33
94eab263-7e7f-4bbf-ae87-339a414e92a2,2026-04-19T16:13:18.037763-04:00,node-01,checkout-api,429,True,normal,market_aware_v1,51.381,51.653,153.814,28.578,0.671,71.159,66.496,1.699
3e5e0682-af37-4ba0-b69f-8eeaee5bc2e2,2026-04-19T16:13:18.068775-04:00,node-01,payments-api,502,True,normal,market_aware_v1,48.617,52.596,149.149,26.631,0.812,79.686,57.195,2.098
f293ce39-8bdd-44e8-a48b-4f4fab6c4b93,2026-04-19T16:13:18.087631-04:00,node-01,orders-api,429,True,normal,market_aware_v1,56.374,48.225,129.417,33.095,0.499,68.461,90.044,1.211
55007318-5906-4bd5-9f4d-17ca7cdb2d0b,2026-04-19T16:13:18.112639-04:00,node-01,checkout-api,502,True,anomalous,market_aware_v1,57.963,54.166,166.833,31.464,1.098,74.643,61.728,2.23
76add503-4972-4bce-88bc-5b1a08dc7f55,2026-04-19T16:13:18.142545-04:00,node-01,payments-api,429,True,normal,market_aware_v1,52.496,53.005,180.116,26.402,0.692,77.626,57.91,1.701
59430926-2893-470b-89d3-3d742ccaaea5,2026-04-19T16:13:18.168482-04:00,node-01,orders-api,503,True,anomalous,market_aware_v1,61.983,47.985,148.504,34.35,1.0,81.767,90.265,2.193
e10071fc-49e0-4265-9d18-cd979fe4f2bc,2026-04-19T16:13:18.190295-04:00,node-01,checkout-api,200,True,normal,market_aware_v1,56.816,50.313,153.892,28.917,0.655,67.301,71.735,1.624
2efb9cc0-cc8d-40f7-aa8e-5a93e0b1e96a,2026-04-19T16:13:18.245299-04:00,node-01,payments-api,429,True,normal,market_aware_v1,53.163,54.1,177.166,28.28,0.771,80.422,58.591,1.978
51a4b7e8-076e-41a1-b6f4-d87c08fd6b07,2026-04-19T16:13:18.267990-04:00,node-01,orders-api,200,True,normal,market_aware_v1,55.219,47.437,113.158,31.818,0.38,56.543,100.12,0.905
490eb525-3db1-4ee5-b4ad-ce98d6e6f1ad,2026-04-19T16:13:18.297897-04:00,node-01,checkout-api,200,True,normal,market_aware_v1,56.714,52.564,132.427,28.79,0.543,58.712,71.625,1.21
80b2943c-6945-42c3-bee0-b7f2a5cd09b9,2026-04-19T16:13:18.315273-04:00,node-01,payments-api,500,True,normal,market_aware_v1,51.622,53.382,171.484,27.104,0.77,76.313,60.408,2.01
7aacec42-8bb2-4c36-92b7-162195681fc3,2026-04-19T16:13:18.343180-04:00,node-01,orders-api,200,True,normal,market_aware_v1,59.487,46.198,127.031,30.71,0.485,70.254,90.914,1.278
b1a3a4bd-e735-4ae7-98b0-b7e62b5a3235,2026-04-19T16:13:18.363288-04:00,node-01,checkout-api,200,True,normal,market_aware_v1,58.238,49.79,133.269,29.982,0.717,69.691,68.889,1.55
3a7c627a-cceb-4f82-8a11-72e1078edcaf,2026-04-19T16:13:18.389386-04:00,node-01,payments-api,200,True,normal,market_aware_v1,53.235,51.112,148.893,27.874,0.547,70.083,60.576,1.317
6062f90d-edf0-448f-988e-185fa4738ffd,2026-04-19T16:13:18.404132-04:00,node-01,orders-api,200,True,normal,market_aware_v1,53.984,46.547,121.502,32.855,0.514,65.718,98.996,1.172
3cffeb16-ba47-4f8a-acd6-df1e3b8eac68,2026-04-19T16:13:18.428892-04:00,node-01,checkout-api,200,True,normal,market_aware_v1,51.454,52.311,143.636,29.949,0.571,66.087,68.852,1.441
91272f17-64c6-47c0-99d1-5c5e6720d326,2026-04-19T16:13:18.455973-04:00,node-01,payments-api,200,True,normal,market_aware_v1,46.124,51.094,141.183,24.596,0.542,70.214,52.965,1.504
b2eba232-6cf2-4f41-90e8-6376ab238c3e,2026-04-19T16:13:18.488914-04:00,node-01,orders-api,200,True,normal,market_aware_v1,55.025,44.684,124.66,31.552,0.405,62.152,83.421,1.012
7bcd3212-118e-4ac9-ae36-e785bd2ce965,2026-04-19T16:13:18.553253-04:00,node-01,checkout-api,200,True,normal,market_aware_v1,51.242,44.801,144.551,27.974,0.712,69.799,62.751,1.706
ad324829-7f88-43dd-8c4a-3b93fdedeb3e,2026-04-19T16:13:18.592841-04:00,node-01,payments-api,200,True,normal,market_aware_v1,45.846,48.216,150.158,25.705,0.562,70.751,54.726,1.414
4131aea1-9465-4c47-990b-2d824dd603a7,2026-04-19T16:13:18.627060-04:00,node-01,orders-api,200,True,normal,market_aware_v1,51.24,41.915,129.786,30.609,0.396,63.981,84.507,1.046
4f966f5f-6d7e-4632-9e0e-41b6a89d5c2c,2026-04-19T16:13:18.662030-04:00,node-01,checkout-api,200,True,normal,market_aware_v1,47.972,48.512,160.685,29.558,0.711,75.499,64.285,1.801
4e1dd06b-f0df-4f5b-83bc-b57074fdc271,2026-04-19T16:13:18.689637-04:00,node-01,payments-api,200,True,normal,market_aware_v1,47.499,50.074,160.366,25.1,0.654,69.826,56.612,1.664
6c7889d7-500c-40c3-b22b-a3ff2f1172a4,2026-04-19T16:13:18.713713-04:00,node-01,orders-api,429,True,normal,market_aware_v1,51.937,46.786,137.402,30.564,0.57,73.553,85.565,1.441
eaaa71c3-950f-4925-bbed-52e2966d9141,2026-04-19T16:13:18.744901-04:00,node-01,checkout-api,429,True,normal,market_aware_v1,48.963,52.537,130.98,29.335,0.675,64.686,64.707,1.388
fcdeaed6-002c-4f48-b5c6-72a29486343b,2026-04-19T16:13:18.773954-04:00,node-01,payments-api,200,True,normal,market_aware_v1,46.537,49.337,163.531,25.261,0.646,73.561,51.367,1.643
758b4c80-582d-4a60-aad7-224255e1296c,2026-04-19T16:13:18.802528-04:00,node-01,orders-api,200,True,normal,market_aware_v1,53.763,46.399,129.352,28.25,0.439,65.978,87.837,1.139
3e43e48c-9b9e-48e9-bade-261e23eb3833,2026-04-19T16:13:18.834091-04:00,node-01,checkout-api,503,True,normal,market_aware_v1,52.104,48.514,173.016,29.112,0.828,77.785,60.92,2.081
35fe57f3-8d21-4d2e-b7c0-b645dbb840b2,2026-04-19T16:13:18.869386-04:00,node-01,payments-api,200,True,normal,market_aware_v1,46.189,49.41,157.4,28.391,0.733,77.436,44.383,1.835
116a5430-0ac5-4287-855b-342722a34a3b,2026-04-19T16:13:18.902326-04:00,node-01,orders-api,200,True,normal,market_aware_v1,55.38,45.752,134.661,32.338,0.434,66.401,88.198,1.236
ce166b3d-d1d7-4b47-b0cb-e945c8863420,2026-04-19T16:13:18.932801-04:00,node-01,checkout-api,200,True,anomalous,market_aware_v1,53.198,50.424,155.815,28.984,0.986,75.54,56.601,1.984
0f6085f3-d023-4d7b-9474-e0bb3d4f31ab,2026-04-19T16:13:18.959171-04:00,node-01,payments-api,500,True,normal,market_aware_v1,50.851,52.551,168.173,26.787,0.883,76.222,54.382,2.127
b5f0828b-b1f7-4bed-94cb-17acdd38164c,2026-04-19T16:13:18.991478-04:00,node-01,orders-api,200,True,anomalous,market_aware_v1,60.321,55.605,150.959,35.113,0.765,67.186,80.339,1.571
a2c49bcb-f57c-425c-84ef-f309e7820347,2026-04-19T16:13:19.019690-04:00,node-01,checkout-api,429,True,normal,market_aware_v1,53.084,52.334,129.15,30.686,0.571,65.183,74.858,1.465
83100830-e1e5-49f7-888a-542871d0a355,2026-04-19T16:13:19.043962-04:00,node-01,payments-api,200,True,normal,market_aware_v1,49.365,56.215,154.568,26.55,0.621,72.527,51.481,1.574
6c79eecb-aa1a-4871-a109-57efe1d56465,2026-04-19T16:13:19.076680-04:00,node-01,orders-api,429,True,anomalous,market_aware_v1,57.409,52.328,127.922,33.3,0.857,70.462,89.605,1.757
88e7ccee-0ed7-49dd-8cda-01629919cf01,2026-04-19T16:13:19.102831-04:00,node-01,checkout-api,200,True,normal,market_aware_v1,60.041,52.841,147.706,31.155,0.582,65.866,70.695,1.407
053d0a61-06d0-4d22-8150-8be951ab543a,2026-04-19T16:13:19.132774-04:00,node-01,payments-api,200,True,anomalous,market_aware_v1,51.855,59.765,155.345,28.341,0.848,68.575,64.443,1.88
56cf4acd-5b99-4c5d-b19a-7b4c985639ec,2026-04-19T16:13:19.160765-04:00,node-01,orders-api,429,True,anomalous,market_aware_v1,58.721,52.188,140.685,33.457,0.837,72.419,96.37,1.673
1f730bc1-16cc-4f85-a055-458679cde954,2026-04-19T16:13:19.188141-04:00,node-01,checkout-api,200,True,normal,market_aware_v1,59.257,56.258,146.334,28.787,0.611,69.114,77.596,1.422
9f7eba14-c3fd-4e45-a793-7c5331934d27,2026-04-19T16:13:19.211310-04:00,node-01,payments-api,429,True,normal,market_aware_v1,51.675,56.074,148.985,29.106,0.653,73.049,61.534,1.46
cd109167-32f5-4075-81c5-2ba7526c492b,2026-04-19T16:13:19.244006-04:00,node-01,orders-api,200,True,normal,market_aware_v1,57.046,50.026,130.647,33.842,0.486,66.815,101.138,1.284
4935fcb9-5f28-4e18-8e2f-e364fd78e145,2026-04-19T16:13:19.272061-04:00,node-01,checkout-api,200,True,normal,market_aware_v1,57.12,52.749,137.398,31.498,0.585,63.407,77.093,1.336
307ad2a5-9f76-4e9d-8acd-8d3ce7584f64,2026-04-19T16:13:19.299287-04:00,node-01,payments-api,429,True,normal,market_aware_v1,57.231,56.657,166.478,28.253,0.717,78.547,58.69,1.858
dc6a79f2-25ea-40c2-b1cf-b2aac71e93dd,2026-04-19T16:13:19.323063-04:00,node-01,orders-api,200,True,normal,market_aware_v1,63.437,53.561,155.694,32.912,0.55,77.169,92.387,1.432
8add1ea7-bb39-4488-8eed-c06038f2ed0c,2026-04-19T16:13:19.358751-04:00,node-01,checkout-api,200,True,normal,market_aware_v1,58.035,53.748,157.5,30.155,0.759,75.336,70.657,1.818
18bf1d30-6bc4-4b88-885b-7e128ac50880,2026-04-19T16:13:19.390968-04:00,node-01,payments-api,200,True,normal,market_aware_v1,55.427,52.669,161.164,26.445,0.734,78.512,61.246,1.781
459f33e6-7ff7-4967-b04e-88461ee66e8a,2026-04-19T16:13:19.421154-04:00,node-01,orders-api,200,True,normal,market_aware_v1,59.2,49.575,148.886,33.686,0.642,78.072,93.847,1.62
961f3c69-97fb-4872-8f47-a1b146842835,2026-04-19T16:13:19.442574-04:00,node-01,checkout-api,200,True,normal,market_aware_v1,56.757,54.409,149.099,30.67,0.65,63.922,74.817,1.352
521bc5cd-b469-4c6d-b110-6eb14f0315d4,2026-04-19T16:13:19.476653-04:00,node-01,payments-api,502,True,anomalous,market_aware_v1,55.858,57.934,175.618,28.38,1.049,79.144,46.49,2.157
31ece395-7c34-46ea-86f8-0da5c69dfb5b,2026-04-19T16:13:19.520461-04:00,node-01,orders-api,200,True,normal,market_aware_v1,54.37,47.04,137.88,32.292,0.506,71.304,96.033,1.49
35db47c1-7f3f-431d-b36f-c870042c7307,2026-04-19T16:13:19.543228-04:00,node-01,checkout-api,429,True,normal,market_aware_v1,54.45,51.915,152.574,31.482,0.812,73.468,66.026,1.762
e78be31d-0c93-474b-8c9a-69d5539a75c7,2026-04-19T16:13:19.576766-04:00,node-01,payments-api,429,True,normal,market_aware_v1,48.231,53.889,150.349,24.578,0.658,71.499,57.945,1.656
94e44274-f20d-4c4f-a4d2-3ae086974b00,2026-04-19T16:13:19.614746-04:00,node-01,orders-api,200,True,normal,market_aware_v1,56.663,43.804,127.961,32.893,0.528,68.557,95.299,1.246
6406d6fd-c15d-48a6-abfe-2cb16cf1c3a5,2026-04-19T16:13:19.649468-04:00,node-01,checkout-api,200,True,normal,market_aware_v1,54.747,51.777,149.371,30.731,0.66,66.535,67.225,1.482
5a80a3ff-647d-4bd6-8c6b-bbe655d14030,2026-04-19T16:13:19.675531-04:00,node-01,payments-api,200,True,normal,market_aware_v1,48.455,51.662,160.458,26.769,0.607,74.414,48.653,1.524
81025740-363b-4c6e-a2d5-7106563e9054,2026-04-19T16:13:19.696629-04:00,node-01,orders-api,429,True,normal,market_aware_v1,54.991,42.516,124.637,28.356,0.438,64.94,85.773,1.08
8f8b1007-b43e-485b-bff5-6c2e844bc630,2026-04-19T16:13:19.720670-04:00,node-01,checkout-api,500,True,anomalous,market_aware_v1,52.969,53.416,158.551,28.449,1.029,74.737,54.36,2.101
2def99a6-0879-4d05-9f6e-ef359de92151,2026-04-19T16:13:19.741960-04:00,node-01,payments-api,200,True,normal,market_aware_v1,43.753,51.489,132.545,23.163,0.504,59.11,53.927,1.317
9acd052f-ac9a-4637-aab9-5d9af785d39f,2026-04-19T16:13:19.773307-04:00,node-01,orders-api,429,True,normal,market_aware_v1,54.712,43.899,135.322,29.208,0.548,68.498,81.134,1.282
469e2ab2-9168-4114-b33e-7d0edb70fed6,2026-04-19T16:13:19.798724-04:00,node-01,checkout-api,200,True,normal,market_aware_v1,48.249,43.777,132.053,27.062,0.589,64.581,60.452,1.412
4555902d-fd53-4651-be7e-a6378be60e18,2026-04-19T16:13:19.833787-04:00,node-01,payments-api,200,True,normal,market_aware_v1,45.033,48.932,155.919,24.544,0.617,69.524,46.032,1.495
36f83d33-9216-4e2e-94f1-b1d2c5565158,2026-04-19T16:13:19.856213-04:00,node-01,orders-api,200,True,normal,market_aware_v1,49.967,45.195,137.239,28.291,0.414,70.202,86.746,1.318
362fbad6-81f4-4ac3-8ff1-e1404637ba7c,2026-04-19T16:13:19.886655-04:00,node-01,checkout-api,429,True,normal,market_aware_v1,48.733,44.638,149.542,28.557,0.657,66.045,56.015,1.476
91b155bf-3f1c-480b-849e-b1dc7a657e4a,2026-04-19T16:13:19.909030-04:00,node-01,payments-api,429,True,normal,market_aware_v1,46.084,47.287,157.785,22.735,0.617,72.046,42.263,1.652
6200ff6e-183c-490b-a96c-cc21f675c7a3,2026-04-19T16:13:19.930705-04:00,node-01,orders-api,200,True,normal,market_aware_v1,47.713,45.333,130.528,28.816,0.554,73.017,74.944,1.298
331b4de2-8aae-4886-87de-c76ace96d19d,2026-04-19T16:13:19.960883-04:00,node-01,checkout-api,200,True,normal,market_aware_v1,49.526,48.443,163.041,26.654,0.621,66.434,61.15,1.584
b76a904b-dffe-4ea3-87ea-ca5b3bf70b5d,2026-04-19T16:13:19.982653-04:00,node-01,payments-api,500,True,normal,market_aware_v1,46.082,48.565,164.677,24.205,0.802,78.795,43.986,2.077
90e9c772-8bfa-48b0-ac58-c7094e70aa40,2026-04-19T16:13:20.005835-04:00,node-01,orders-api,200,True,normal,market_aware_v1,51.053,47.339,133.074,28.93,0.505,66.977,78.725,1.19
3caa037c-b574-4f39-b6e8-7cfe6174f23e,2026-04-19T16:13:20.030694-04:00,node-01,checkout-api,200,True,normal,market_aware_v1,48.847,48.037,153.098,27.75,0.662,69.67,65.504,1.615
e5295940-5c19-4c50-a4a9-9162e0e8a82c,2026-04-19T16:13:20.052861-04:00,node-01,payments-api,200,True,normal,market_aware_v1,44.884,50.307,142.305,22.964,0.479,67.817,52.279,1.226
bf66739f-ca79-41e1-8d9c-bfdb0edbd244,2026-04-19T16:13:20.074905-04:00,node-01,orders-api,200,True,anomalous,market_aware_v1,57.329,45.108,132.259,30.2,0.915,70.614,79.945,1.783
d11ae961-8a4d-4a16-bb0c-d2475203028b,2026-04-19T16:13:20.097278-04:00,node-01,checkout-api,200,True,normal,market_aware_v1,48.984,47.095,133.314,30.495,0.602,61.488,65.404,1.393
dc912a49-f54f-425b-ab77-9348a1250ca2,2026-04-19T16:13:20.119287-04:00,node-01,payments-api,200,True,normal,market_aware_v1,50.843,50.55,145.561,27.607,0.567,73.27,55.199,1.536
2050e3fe-d7cd-4396-8581-233be1adfa89,2026-04-19T16:13:20.149074-04:00,node-01,orders-api,200,True,normal,market_aware_v1,56.928,45.858,131.733,32.716,0.492,71.512,83.976,1.397
175a98c1-fbf7-4cb3-a34b-4e63db4e6cca,2026-04-19T16:13:20.174637-04:00,node-01,checkout-api,200,True,normal,market_aware_v1,51.908,52.724,148.977,30.105,0.728,72.603,66.941,1.726
0352b2b4-912a-4af4-b0b6-72941b3bd9a7,2026-04-19T16:13:20.197314-04:00,node-01,payments-api,429,True,normal,market_aware_v1,54.881,50.927,174.19,24.004,0.764,76.447,54.722,1.75
4cfb06ef-b1f6-4411-ab5e-a460fcc05937,2026-04-19T16:13:20.213551-04:00,node-01,orders-api,200,True,normal,market_aware_v1,59.004,49.121,138.533,31.676,0.473,70.083,85.547,1.409
f16172af-631d-48da-bf85-0de081513263,2026-04-19T16:13:20.229954-04:00,node-01,checkout-api,500,True,anomalous,market_aware_v1,61.047,54.052,181.532,30.756,1.128,85.679,56.817,2.415
68fe5434-1b35-4441-8b08-a18f68d85a18,2026-04-19T16:13:20.244477-04:00,node-01,payments-api,200,True,normal,market_aware_v1,52.976,52.885,157.01,29.01,0.636,73.16,60.008,1.708
d2c58639-bb9d-4bf4-9827-c73edc2a4234,2026-04-19T16:13:20.274154-04:00,node-01,orders-api,429,True,normal,market_aware_v1,55.476,47.911,138.651,31.517,0.498,67.068,94.98,1.346
576f494b-fcc0-43f5-93c0-5afb1ef83fa6,2026-04-19T16:13:20.287912-04:00,node-01,checkout-api,200,True,normal,market_aware_v1,56.534,54.33,143.291,31.229,0.68,68.977,69.427,1.505
f6957e04-1e17-4eed-abef-d78c9a495767,2026-04-19T16:13:20.318578-04:00,node-01,payments-api,200,True,normal,market_aware_v1,54.09,54.752,166.863,26.45,0.619,81.102,56.898,1.808
c37257c7-4be3-4160-8381-49a9235f56e8,2026-04-19T16:13:20.348931-04:00,node-01,orders-api,200,True,normal,market_aware_v1,60.549,53.513,141.076,32.288,0.549,69.307,95.423,1.432
2a9296c8-ce24-433f-9c38-3f66d05f0d3f,2026-04-19T16:13:20.369379-04:00,node-01,checkout-api,502,True,anomalous,market_aware_v1,60.494,50.397,173.401,34.04,1.19,82.641,61.318,2.614
777e41e1-5587-4c63-84bb-e03014204eff,2026-04-19T16:13:20.396627-04:00,node-01,payments-api,200,True,normal,market_aware_v1,50.577,50.701,149.959,28.524,0.515,68.235,58.65,1.343
dda5d030-f665-404b-9eed-10053d787923,2026-04-19T16:13:20.425894-04:00,node-01,orders-api,200,True,normal,market_aware_v1,55.587,48.955,140.912,30.78,0.55,68.31,89.074,1.361
03fc2f58-2145-4383-8db7-a9868bf1ff0d,2026-04-19T16:13:20.451794-04:00,node-01,checkout-api,200,True,normal,market_aware_v1,55.714,51.852,152.255,31.451,0.723,71.29,65.5,1.54
f319adf5-66f6-4b86-9026-e1cd9ccb12a8,2026-04-19T16:13:20.468711-04:00,node-01,payments-api,200,True,normal,market_aware_v1,47.767,53.214,160.452,27.424,0.785,76.781,50.334,1.722
90dd0365-a6df-4018-a623-df73c6772102,2026-04-19T16:13:20.496521-04:00,node-01,orders-api,502,True,anomalous,market_aware_v1,60.185,49.161,160.666,31.326,0.969,82.569,86.343,2.146
c6c8e81d-31f7-4983-a350-72e233e6cc64,2026-04-19T16:13:20.512751-04:00,node-01,checkout-api,429,True,normal,market_aware_v1,57.677,48.09,146.029,28.292,0.719,74.854,69.15,1.789
2f11a37e-dc36-401e-8734-a30ec44db456,2026-04-19T16:13:20.541097-04:00,node-01,payments-api,200,True,normal,market_aware_v1,50.184,49.175,152.87,26.201,0.602,68.994,53.818,1.34
c7b38e81-1345-403a-9e8c-e9aa04124a1f,2026-04-19T16:13:20.563355-04:00,node-01,orders-api,200,True,normal,market_aware_v1,52.011,48.257,128.1,32.085,0.466,61.347,91.393,1.034
ce31f08d-89fb-46c1-a8e2-1e2643d5faaa,2026-04-19T16:13:20.585483-04:00,node-01,checkout-api,429,True,normal,market_aware_v1,51.285,49.21,139.062,29.465,0.638,68.712,62.536,1.687
3ed392c6-5f9c-4c73-8f1d-70ed289cfdd7,2026-04-19T16:13:20.607864-04:00,node-01,payments-api,200,True,normal,market_aware_v1,45.293,50.685,138.109,26.091,0.593,64.618,51.428,1.221
0a01b05f-99db-416e-9129-c47fa1228259,2026-04-19T16:13:20.629215-04:00,node-01,orders-api,200,True,normal,market_aware_v1,55.837,47.542,132.81,29.56,0.555,70.081,92.132,1.226
14a609da-e326-4fe2-9cd5-6317b4ec376d,2026-04-19T16:13:20.643596-04:00,node-01,checkout-api,503,True,anomalous,market_aware_v1,58.201,52.847,168.024,30.901,1.136,80.676,51.151,2.394
ef704469-f998-4971-8353-bac84370f2b9,2026-04-19T16:13:20.673767-04:00,node-01,payments-api,429,True,normal,market_aware_v1,47.722,49.141,159.019,25.933,0.7,70.869,59.98,1.741
fe51d441-c372-4a44-97cf-d58595452296,2026-04-19T16:13:20.687631-04:00,node-01,orders-api,200,True,normal,market_aware_v1,53.129,44.937,133.659,30.464,0.628,72.119,83.732,1.42
570afd3d-d3ec-41e5-8479-eff66ed8f6fb,2026-04-19T16:13:20.719079-04:00,node-01,checkout-api,200,True,normal,market_aware_v1,49.602,50.19,155.642,29.292,0.69,74.564,64.259,1.706
bd784b10-2d62-494e-8119-2788f8231798,2026-04-19T16:13:20.756768-04:00,node-01,payments-api,429,True,normal,market_aware_v1,49.955,49.361,160.526,26.343,0.654,70.456,50.209,1.425
f9e79158-8189-47d3-b119-5e79f9725c0d,2026-04-19T16:13:20.784598-04:00,node-01,orders-api,429,True,normal,market_aware_v1,56.655,44.24,147.448,30.424,0.536,76.729,84.743,1.597
ad8fe18e-a757-49b6-854e-f263386ae087,2026-04-19T16:13:20.798823-04:00,node-01,checkout-api,200,True,normal,market_aware_v1,53.652,50.356,151.354,28.539,0.682,69.785,61.265,1.632
0396c080-d336-4e33-b97e-93dc1f042a4a,2026-04-19T16:13:20.828999-04:00,node-01,payments-api,200,True,normal,market_aware_v1,48.465,50.851,149.868,23.162,0.562,66.541,50.534,1.315
414ad4e8-78cb-45a4-93c9-2fb5535f415d,2026-04-19T16:13:20.842399-04:00,node-01,orders-api,200,True,normal,market_aware_v1,55.986,46.616,134.884,29.769,0.525,65.462,86.875,1.182
247fae6d-bdd5-4156-a32b-e5189e85cc96,2026-04-19T16:13:20.874136-04:00,node-01,checkout-api,500,True,normal,market_aware_v1,53.589,50.64,180.458,27.439,0.949,80.379,62.385,2.197
94be013e-0c29-4acc-b2fa-7ff08d65c36a,2026-04-19T16:13:20.895628-04:00,node-01,payments-api,429,True,normal,market_aware_v1,49.863,52.463,154.097,26.059,0.561,70.298,52.615,1.519
244de32c-1546-4a7c-add5-b0c094f789ab,2026-04-19T16:13:20.909920-04:00,node-01,orders-api,200,True,normal,market_aware_v1,53.523,48.167,124.523,31.168,0.464,68.094,85.899,1.207
43db2957-9a8c-46ec-a173-5689b0ff9ccb,2026-04-19T16:13:20.940297-04:00,node-01,checkout-api,200,True,normal,market_aware_v1,55.882,53.301,158.416,28.834,0.838,79.943,67.021,1.863
4554f4cc-eb09-4be2-a39f-567999b9068b,2026-04-19T16:13:20.974004-04:00,node-01,payments-api,429,True,normal,market_aware_v1,49.302,52.603,158.944,26.24,0.69,76.495,56.932,1.802
54eb375a-63c6-4746-bfd6-5e1baf46e26a,2026-04-19T16:13:20.996484-04:00,node-01,orders-api,200,True,normal,market_aware_v1,61.367,49.049,137.338,32.902,0.491,67.372,97.217,1.371
6933adce-8efc-401d-beda-60ac6bbb7fd0,2026-04-19T16:13:21.013473-04:00,node-01,checkout-api,429,True,normal,market_aware_v1,55.653,50.209,149.716,32.456,0.688,70.972,69.37,1.606
5babc65f-ea20-4ef4-aeb4-c55e61430857,2026-04-19T16:13:21.028930-04:00,node-01,payments-api,200,True,normal,market_aware_v1,49.251,54.074,172.491,27.198,0.724,77.535,56.886,1.67
3c125d8c-9ec5-4aa5-9fb0-552c0e20f9c7,2026-04-19T16:13:21.043239-04:00,node-01,orders-api,200,True,normal,market_aware_v1,57.24,51.302,131.38,31.948,0.533,70.959,91.653,1.374
96b00ba9-fd2e-44ff-b064-25c15e63401d,2026-04-19T16:13:21.073588-04:00,node-01,checkout-api,200,True,normal,market_aware_v1,62.189,52.419,164.694,30.856,0.824,81.952,72.469,1.838
2398b918-7457-48af-8bae-b49164cb2d01,2026-04-19T16:13:21.088842-04:00,node-01,payments-api,200,True,normal,market_aware_v1,55.454,53.675,150.998,28.498,0.695,73.187,60.469,1.64
50ef29fc-ea73-4a0e-93a7-7025e65a135e,2026-04-19T16:13:21.117856-04:00,node-01,orders-api,429,True,normal,market_aware_v1,59.825,51.218,172.368,34.735,0.785,82.069,91.387,2.105
9c2d2c8c-4c11-466e-83d4-86b7d318bc3e,2026-04-19T16:13:21.135341-04:00,node-01,checkout-api,503,True,normal,market_aware_v1,60.329,54.264,185.421,31.388,0.922,82.769,73.472,2.357
9a8e9e70-0fc1-4961-9c4e-25e2412c057f,2026-04-19T16:13:21.162799-04:00,node-01,payments-api,200,True,normal,market_aware_v1,55.928,58.55,180.608,27.146,0.683,83.765,54.271,1.887
fac139ec-0bfd-40fc-b728-759c3fdd65fd,2026-04-19T16:13:21.185112-04:00,node-01,orders-api,200,True,normal,market_aware_v1,59.299,48.467,138.079,31.853,0.522,68.493,100.408,1.335
3701a916-54be-4cbd-8da2-abdb25f80138,2026-04-19T16:13:21.202391-04:00,node-01,checkout-api,429,True,normal,market_aware_v1,50.672,51.204,141.107,30.452,0.643,68.648,72.58,1.569
32d64a0e-61d7-4382-8a73-0bcdef950366,2026-04-19T16:13:21.218776-04:00,node-01,payments-api,503,True,anomalous,market_aware_v1,56.695,54.252,180.425,30.638,1.096,85.05,54.861,2.358
22b39a3a-f67d-4a1f-a6c9-b3892dae19b4,2026-04-19T16:13:21.251237-04:00,node-01,orders-api,200,True,normal,market_aware_v1,59.083,49.176,143.648,33.325,0.511,75.768,89.253,1.603
e2b301f9-67f6-4e13-bc32-fa40f2ce827f,2026-04-19T16:13:21.271883-04:00,node-01,checkout-api,200,True,normal,market_aware_v1,59.913,53.927,157.277,30.412,0.668,70.581,72.902,1.58
d9e71304-9f4a-4538-a05b-8ec6d272082b,2026-04-19T16:13:21.286519-04:00,node-01,payments-api,200,True,normal,market_aware_v1,54.246,58.554,156.76,26.12,0.612,68.163,60.272,1.443
a921f3f1-737e-4d81-aab9-502bc78b5947,2026-04-19T16:13:21.307232-04:00,node-01,orders-api,429,True,normal,market_aware_v1,59.142,50.124,128.58,33.549,0.5,62.919,94.337,1.07
1b062ae3-95d3-4a56-b118-bac8d27eadcf,2026-04-19T16:13:21.341193-04:00,node-01,checkout-api,200,True,normal,market_aware_v1,57.41,52.276,162.804,30.657,0.722,75.01,64.659,1.682
a473802a-6365-4e4b-94a4-946b51f37e56,2026-04-19T16:13:21.362217-04:00,node-01,payments-api,200,True,normal,market_aware_v1,54.02,54.165,159.809,26.127,0.492,69.924,56.776,1.341
48b2e59f-ca3d-4599-bdfa-b6a00340ae2c,2026-04-19T16:13:21.392558-04:00,node-01,orders-api,200,True,normal,market_aware_v1,55.171,48.644,146.892,30.677,0.523,67.959,92.819,1.283
ece5385d-8110-4d4c-b992-e49de0e5959f,2026-04-19T16:13:21.418760-04:00,node-01,checkout-api,200,True,normal,market_aware_v1,59.442,48.934,147.242,28.433,0.655,71.315,64.807,1.437
e2e1fdcf-b0b4-4abf-bd92-4c8d9377854d,2026-04-19T16:13:21.446647-04:00,node-01,payments-api,503,True,anomalous,market_aware_v1,52.316,56.564,169.945,26.718,1.078,81.196,39.63,2.21
df9cde4d-3ebf-43f1-bbb0-4022f4d87a50,2026-04-19T16:13:21.474528-04:00,node-01,orders-api,200,True,normal,market_aware_v1,55.281,45.792,150.231,29.88,0.613,76.175,80.659,1.592
c0372981-4dcd-442c-bf81-26819c7b173b,2026-04-19T16:13:21.495503-04:00,node-01,checkout-api,200,True,normal,market_aware_v1,52.056,49.313,152.687,26.076,0.723,68.582,64.127,1.586
b219130f-9252-4305-8738-ef6447a413cc,2026-04-19T16:13:21.526978-04:00,node-01,payments-api,200,True,normal,market_aware_v1,47.34,50.49,165.124,22.482,0.605,70.261,52.294,1.5
28d22844-123e-4a49-8c13-3f014bc75f7e,2026-04-19T16:13:21.551903-04:00,node-01,orders-api,200,True,normal,market_aware_v1,51.423,42.524,141.154,29.607,0.571,72.305,87.713,1.476
ee7b8dcf-29d8-44f8-bbcb-979557d135df,2026-04-19T16:13:21.573715-04:00,node-01,checkout-api,200,True,normal,market_aware_v1,52.521,51.861,142.209,27.735,0.568,63.653,63.868,1.427
e67d28ea-8171-4c91-822a-c355bd871efe,2026-04-19T16:13:21.590146-04:00,node-01,payments-api,200,True,normal,market_aware_v1,44.208,48.868,151.347,20.998,0.458,69.373,51.629,1.318
598c000a-a8fc-4acf-b58c-c92d637df777,2026-04-19T16:13:21.619141-04:00,node-01,orders-api,200,True,anomalous,market_aware_v1,53.676,47.742,139.648,30.907,0.81,68.844,78.484,1.75
b73397de-8ec5-4cee-9ed3-a4f9e7483a91,2026-04-19T16:13:21.640776-04:00,node-01,checkout-api,500,True,anomalous,market_aware_v1,51.063,51.462,155.917,27.448,0.898,75.437,48.504,2.038
e6d79c26-5941-465e-bf1f-22265a9399b3,2026-04-19T16:13:21.670145-04:00,node-01,payments-api,200,True,normal,market_aware_v1,42.072,51.163,163.631,22.346,0.657,73.215,45.451,1.538
021b785c-1159-41f7-9b60-7b5806d9e09f,2026-04-19T16:13:21.696513-04:00,node-01,orders-api,200,True,normal,market_aware_v1,52.156,43.276,143.878,26.511,0.522,75.398,78.493,1.478
7a367010-614c-4e87-afd3-c0c92835a2e3,2026-04-19T16:13:21.718510-04:00,node-01,checkout-api,200,True,normal,market_aware_v1,46.431,47.188,144.551,25.784,0.593,67.281,58.325,1.437
7d9e2df8-cd53-4776-9f70-ed691732eef0,2026-04-19T16:13:21.741293-04:00,node-01,payments-api,200,True,normal,market_aware_v1,47.76,46.102,159.442,16.691,0.618,73.873,44.392,1.483
e0256ee0-625a-4070-8116-5575f64ed11f,2026-04-19T16:13:21.763076-04:00,node-01,orders-api,200,True,normal,market_aware_v1,49.495,46.122,145.941,29.238,0.413,68.086,79.666,1.191
7888be59-36f9-48f1-9d2d-12d61c18cd26,2026-04-19T16:13:21.784611-04:00,node-01,checkout-api,200,True,normal,market_aware_v1,50.142,49.62,152.43,27.32,0.691,69.509,56.758,1.721
e311d86c-d410-491d-83bb-5789f0512475,2026-04-19T16:13:21.815019-04:00,node-01,payments-api,200,True,normal,market_aware_v1,45.724,53.199,155.317,23.096,0.559,66.918,50.979,1.318
79f0a4e8-5a0c-45be-954b-4d4d1483bdc1,2026-04-19T16:13:21.829813-04:00,node-01,orders-api,429,True,anomalous,market_aware_v1,58.639,50.138,165.864,30.365,1.101,85.97,77.043,2.542
ccffcdc1-7c0c-4c21-85db-12c9bfdacb8a,2026-04-19T16:13:21.852165-04:00,node-01,checkout-api,429,True,normal,market_aware_v1,52.4,48.418,136.182,25.406,0.679,64.343,64.846,1.558
0e5cda37-5af8-4f78-acf8-936eda7648fc,2026-04-19T16:13:21.868991-04:00,node-01,payments-api,200,True,normal,market_aware_v1,47.473,52.493,168.19,23.711,0.682,72.764,55.699,1.561
c99aff7f-7cbd-4e27-8d7b-f439ea729100,2026-04-19T16:13:21.900989-04:00,node-01,orders-api,200,True,normal,market_aware_v1,53.382,45.549,139.135,29.563,0.59,73.079,82.544,1.43
dac80218-4c3c-4212-86af-8de4398ecc33,2026-04-19T16:13:21.930283-04:00,node-01,checkout-api,429,True,normal,market_aware_v1,56.187,49.921,158.608,27.537,0.812,75.748,64.365,1.827
231bfc68-413e-4823-ac17-05c28045daac,2026-04-19T16:13:21.957577-04:00,node-01,payments-api,429,True,normal,market_aware_v1,49.056,51.912,162.734,25.81,0.66,71.923,53.39,1.638
1d76bf7c-21d2-4bff-a8ee-532576c853d6,2026-04-19T16:13:21.983142-04:00,node-01,orders-api,200,True,anomalous,market_aware_v1,60.951,47.107,149.826,32.492,0.882,79.892,90.288,1.964
b99893ba-020d-4856-a4c3-e6f0b1778a43,2026-04-19T16:13:22.004321-04:00,node-01,checkout-api,200,True,normal,market_aware_v1,58.044,55.061,146.819,28.863,0.586,64.492,72.287,1.467
ef855838-a223-4caa-893d-026835f6d9b7,2026-04-19T16:13:22.029980-04:00,node-01,payments-api,200,True,normal,market_aware_v1,50.554,52.693,154.128,28.403,0.626,71.738,55.924,1.544
f7859258-c7d6-4ad8-8971-1dee71911ac0,2026-04-19T16:13:22.052086-04:00,node-01,orders-api,200,True,anomalous,market_aware_v1,58.803,52.115,135.402,33.024,0.877,76.392,85.565,1.775
bf6f60ac-9c55-4850-870c-abc27d1dfd58,2026-04-19T16:13:22.073630-04:00,node-01,checkout-api,200,True,normal,market_aware_v1,59.983,51.823,150.246,28.625,0.73,74.317,72.151,1.599
806dd0b9-f057-484f-82f3-90b91056803e,2026-04-19T16:13:22.107534-04:00,node-01,payments-api,429,True,normal,market_aware_v1,54.217,54.816,163.363,28.741,0.751,77.111,54.49,1.936
0b627417-5b39-449b-8aff-b3b7f3aacb12,2026-04-19T16:13:22.129104-04:00,node-01,orders-api,200,True,normal,market_aware_v1,58.59,49.771,139.554,31.103,0.482,68.926,93.984,1.316
ba959f57-f1d0-4cc8-b918-967934791525,2026-04-19T16:13:22.147770-04:00,node-01,checkout-api,200,True,normal,market_aware_v1,56.796,52.829,146.556,31.785,0.819,73.939,73.116,1.809
5353145e-2a00-48e7-a1a0-f725e9f0d899,2026-04-19T16:13:22.174390-04:00,node-01,payments-api,200,True,normal,market_aware_v1,57.501,53.143,180.238,24.548,0.802,82.376,55.454,1.912
f4d03429-a443-4995-a5a2-b9ab05e89551,2026-04-19T16:13:22.195994-04:00,node-01,orders-api,200,True,normal,market_aware_v1,56.727,49.535,139.859,32.988,0.61,78.519,92.151,1.67
b0898e2c-14e2-465c-951b-79dce212095a,2026-04-19T16:13:22.228525-04:00,node-01,checkout-api,200,True,normal,market_aware_v1,56.076,50.418,156.127,29.065,0.723,75.822,65.981,1.747
665d497e-9dbc-4afb-9124-af2b16b2cf78,2026-04-19T16:13:22.253260-04:00,node-01,payments-api,200,True,normal,market_aware_v1,46.662,53.48,143.762,27.894,0.477,65.947,59.697,1.142
021ff9cd-1019-4e7f-b0e9-1fe06f13c43c,2026-04-19T16:13:22.285387-04:00,node-01,orders-api,200,True,normal,market_aware_v1,57.235,47.128,137.214,30.4,0.567,71.41,88.684,1.419
a6b2dec5-90fd-43e3-bd27-32f1971427c3,2026-04-19T16:13:22.308491-04:00,node-01,checkout-api,429,True,normal,market_aware_v1,54.894,51.225,148.206,29.374,0.671,68.847,69.808,1.537
64d6ffdc-f7e2-4c9a-a042-d72fa1ba3de8,2026-04-19T16:13:22.341160-04:00,node-01,payments-api,200,True,normal,market_aware_v1,50.641,52.232,158.233,23.661,0.601,76.328,61.028,1.493
6743fd7a-97b1-4a3e-a6dd-e4b4d9d50646,2026-04-19T16:13:22.362962-04:00,node-01,orders-api,200,True,normal,market_aware_v1,57.896,47.252,152.52,29.953,0.588,76.995,85.279,1.499
d8fe1b8c-4f68-476c-96eb-901769fa1ba8,2026-04-19T16:13:22.393172-04:00,node-01,checkout-api,200,True,normal,market_aware_v1,54.278,52.367,158.787,28.037,0.722,76.067,57.401,1.686
4aafbfd5-9beb-48c2-b4af-ffd8a4370390,2026-04-19T16:13:22.409714-04:00,node-01,payments-api,200,True,normal,market_aware_v1,48.892,53.184,158.024,26.249,0.727,76.66,45.911,1.852
b2369d4b-d4b7-412b-8f6c-d746f57beeb3,2026-04-19T16:13:22.431408-04:00,node-01,orders-api,200,True,normal,market_aware_v1,53.158,46.514,147.948,29.677,0.57,72.72,82.311,1.414
4a27ca60-d9d8-4542-a09c-1cd630db31bb,2026-04-19T16:13:22.452735-04:00,node-01,checkout-api,200,True,normal,market_aware_v1,52.527,48.101,154.391,29.317,0.73,75.986,61.719,1.682
37c30988-ea6b-46fd-bc21-7cd40f5dc859,2026-04-19T16:13:22.485312-04:00,node-01,payments-api,200,True,normal,market_aware_v1,48.646,49.011,155.405,25.016,0.745,76.58,48.132,1.841
b5f45822-8374-401d-a094-667cfcb5662e,2026-04-19T16:13:22.507630-04:00,node-01,orders-api,200,True,normal,market_aware_v1,54.63,45.546,127.615,30.454,0.542,66.879,88.995,1.348
2551b3f4-be77-4935-811c-8bd51ed6432a,2026-04-19T16:13:22.530025-04:00,node-01,checkout-api,200,True,normal,market_aware_v1,53.15,48.433,148.928,26.418,0.659,66.83,65.537,1.475
db1ab3a8-3997-466c-8655-c20accad64e0,2026-04-19T16:13:22.544524-04:00,node-01,payments-api,200,True,normal,market_aware_v1,47.305,49.668,169.875,24.218,0.726,80.917,44.889,1.817
1acafe20-5be5-4bc2-bec0-26f596b5d761,2026-04-19T16:13:22.574062-04:00,node-01,orders-api,200,True,normal,market_aware_v1,53.128,43.098,125.934,28.379,0.572,71.395,85.707,1.363
72e6b872-6327-4c59-a144-9eb6ec5a2a10,2026-04-19T16:13:22.596766-04:00,node-01,checkout-api,200,True,normal,market_aware_v1,51.444,50.995,179.243,28.33,0.714,79.199,52.369,1.912
784669ff-ff3a-45f4-a398-aae1891322fc,2026-04-19T16:13:22.618707-04:00,node-01,payments-api,503,True,anomalous,market_aware_v1,50.088,53.235,159.506,23.701,0.974,75.931,42.903,2.007
30c9ea0a-6833-4f2a-8870-a226d4025c78,2026-04-19T16:13:22.640515-04:00,node-01,orders-api,200,True,normal,market_aware_v1,54.243,47.482,145.877,30.181,0.534,72.313,79.722,1.523
667ae1c3-9f0c-423f-a203-277c10ccaf7f,2026-04-19T16:13:22.674558-04:00,node-01,checkout-api,200,True,normal,market_aware_v1,50.167,51.132,158.396,28.909,0.792,73.372,60.685,1.603
7b9931c3-1cb1-4350-99eb-280ac4045591,2026-04-19T16:13:22.697391-04:00,node-01,payments-api,200,True,normal,market_aware_v1,48.367,52.826,147.878,25.133,0.552,69.185,55.98,1.322
38e7427a-c380-4338-b28a-614d785af8be,2026-04-19T16:13:22.718092-04:00,node-01,orders-api,200,True,normal,market_aware_v1,56.357,45.766,139.158,30.73,0.494,67.28,99.54,1.258
af167689-2a3d-4437-85c5-03f16f2d9bba,2026-04-19T16:13:22.734546-04:00,node-01,checkout-api,200,True,normal,market_aware_v1,52.303,53.516,162.132,28.185,0.709,76.809,62.042,1.854
a9a05cad-41d4-40b7-810d-8463a9597c8b,2026-04-19T16:13:22.763169-04:00,node-01,payments-api,200,True,normal,market_aware_v1,51.484,54.249,168.541,27.848,0.548,78.175,54.791,1.601
4746ea5f-c467-43a2-94a1-d7a32cd1ccb9,2026-04-19T16:13:22.784838-04:00,node-01,orders-api,429,True,normal,market_aware_v1,54.907,50.528,144.403,31.123,0.534,71.85,90.157,1.333
29eef727-cb15-44ab-9c69-8a4033fc77ec,2026-04-19T16:13:22.801131-04:00,node-01,checkout-api,502,True,anomalous,market_aware_v1,58.257,54.659,191.619,32.52,1.199,85.588,61.961,2.575
d285b889-bc02-49e4-b0a3-11b47a10ff64,2026-04-19T16:13:22.830167-04:00,node-01,payments-api,200,True,normal,market_aware_v1,54.861,55.115,164.685,25.258,0.752,87.471,58.088,1.996
e2f282eb-97f6-4047-ae9d-d4996493c442,2026-04-19T16:13:22.852167-04:00,node-01,orders-api,429,True,normal,market_aware_v1,57.673,49.6,133.74,30.18,0.471,71.256,89.712,1.354
30b9be52-d763-454f-8ab3-1a1c09755c32,2026-04-19T16:13:22.874034-04:00,node-01,checkout-api,429,True,normal,market_aware_v1,60.789,51.747,162.62,31.586,0.59,71.246,70.885,1.661
4f428d70-e676-4bd8-9e32-11a2b3608894,2026-04-19T16:13:22.890296-04:00,node-01,payments-api,200,True,normal,market_aware_v1,56.484,55.04,176.754,29.093,0.681,82.715,54.347,1.865
6be2db3e-7331-4f23-9dc2-83649dfea9de,2026-04-19T16:13:22.918302-04:00,node-01,orders-api,200,True,normal,market_aware_v1,66.341,49.807,153.517,32.817,0.696,79.976,97.079,1.627
11dc795b-5ad3-4273-acfe-dade5533e2f3,2026-04-19T16:13:22.932547-04:00,node-01,checkout-api,200,True,normal,market_aware_v1,59.69,53.824,158.027,29.529,0.764,80.407,70.336,1.79
210a0fe9-2f40-450f-a6f6-b0e3de4b150f,2026-04-19T16:13:22.951431-04:00,node-01,payments-api,429,True,anomalous,market_aware_v1,58.051,58.72,170.888,28.846,0.985,78.868,55.828,2.083
9a76a696-4752-4782-945c-e390943169aa,2026-04-19T16:13:22.965168-04:00,node-01,orders-api,200,True,normal,market_aware_v1,62.231,48.947,140.55,31.914,0.585,77.327,99.079,1.46
1188b5ef-ea14-469e-b061-ed61e80e036d,2026-04-19T16:13:22.994064-04:00,node-01,checkout-api,429,True,normal,market_aware_v1,61.654,55.934,155.024,32.528,0.665,69.996,71.687,1.456
0dd1f40e-3355-47b3-9d56-0c2070edca25,2026-04-19T16:13:23.007537-04:00,node-01,payments-api,200,True,normal,market_aware_v1,57.166,57.968,165.41,28.603,0.638,78.612,54.065,1.819
877a6398-88d6-43c7-8e5e-69edd4da87ca,2026-04-19T16:13:23.022293-04:00,node-01,orders-api,200,True,normal,market_aware_v1,61.544,49.562,148.554,31.906,0.55,76.272,92.676,1.364
17d73c09-7007-4767-ac1e-945093d75379,2026-04-19T16:13:23.040400-04:00,node-01,checkout-api,200,True,normal,market_aware_v1,59.268,51.727,150.814,27.926,0.678,71.112,73.337,1.637
2096ffc4-fba2-4e55-84de-88f79b2affb8,2026-04-19T16:13:23.057116-04:00,node-01,payments-api,200,True,normal,market_aware_v1,54.031,55.985,174.076,26.805,0.677,76.851,52.532,1.748
b00d974d-aede-4429-91d3-1c106282c120,2026-04-19T16:13:23.085474-04:00,node-01,orders-api,200,True,normal,market_aware_v1,55.445,50.925,138.303,32.981,0.574,78.901,88.95,1.566
ea29f94c-6d8e-4f9c-b030-75c86db6b3c4,2026-04-19T16:13:23.107181-04:00,node-01,checkout-api,200,True,normal,market_aware_v1,59.728,51.038,164.81,27.571,0.826,82.933,71.711,1.975
2d67d026-62a7-4b83-af6d-ab0fc6b9cb95,2026-04-19T16:13:23.122623-04:00,node-01,payments-api,500,True,anomalous,market_aware_v1,54.231,54.314,187.971,28.389,0.988,81.237,50.901,2.169
23a615b7-0aa4-4873-b4c7-5ecf708c7cc9,2026-04-19T16:13:23.152378-04:00,node-01,orders-api,200,True,normal,market_aware_v1,60.745,48.66,140.456,30.057,0.566,75.862,89.334,1.472
8e8bcb58-45b5-4e44-a698-b64aedeeac53,2026-04-19T16:13:23.174627-04:00,node-01,checkout-api,429,True,normal,market_aware_v1,53.876,51.404,164.506,26.564,0.735,76.345,62.908,1.723
5538a274-9c6e-4b6b-9b70-c1b824f124cb,2026-04-19T16:13:23.197123-04:00,node-01,payments-api,200,True,normal,market_aware_v1,50.695,52.704,172.712,23.557,0.64,77.801,52.696,1.826
89ca6b7e-2cfa-48eb-925c-4e237979b9b5,2026-04-19T16:13:23.218603-04:00,node-01,orders-api,200,True,normal,market_aware_v1,55.769,49.113,151.438,28.257,0.72,82.937,79.295,1.865
db117581-8f4b-40ac-b000-05b29bf6d8ac,2026-04-19T16:13:23.232482-04:00,node-01,checkout-api,503,True,anomalous,market_aware_v1,50.075,49.336,173.642,30.155,1.029,77.727,55.209,2.245
dd5fe374-e1e7-4525-8ed0-8559656788c4,2026-04-19T16:13:23.258350-04:00,node-01,payments-api,200,True,normal,market_aware_v1,48.039,49.472,167.442,23.73,0.709,79.136,45.048,1.854
247c0382-dda8-49b9-a5f3-e88d0eb0ab82,2026-04-19T16:13:23.280952-04:00,node-01,orders-api,200,True,normal,market_aware_v1,53.037,45.929,142.006,29.471,0.679,77.549,79.151,1.663
a8e5f9a3-9e98-43e8-9ca4-4fd063151a4a,2026-04-19T16:13:23.308191-04:00,node-01,checkout-api,200,True,normal,market_aware_v1,54.042,47.771,154.735,26.737,0.744,77.289,54.717,1.777
2d2130d6-42ad-488a-9654-32541cf6bbb3,2026-04-19T16:13:23.330993-04:00,node-01,payments-api,200,True,normal,market_aware_v1,47.464,46.548,151.963,23.929,0.675,73.292,41.259,1.67
29f5fbe4-2f1b-4a35-ac22-4ac5aa2b8756,2026-04-19T16:13:23.352701-04:00,node-01,orders-api,200,True,normal,market_aware_v1,53.538,48.103,132.413,28.689,0.46,69.246,81.983,1.279
50618c03-4b44-4c37-b00f-c682765a72b5,2026-04-19T16:13:23.374868-04:00,node-01,checkout-api,200,True,normal,market_aware_v1,49.251,47.629,155.769,25.508,0.71,72.984,58.923,1.691
a0360e75-e810-4397-9535-d05ca63331f9,2026-04-19T16:13:23.397564-04:00,node-01,payments-api,429,True,normal,market_aware_v1,47.868,49.857,166.924,24.585,0.663,79.253,43.892,1.816
42bd7608-8761-4654-9939-507548712f3c,2026-04-19T16:13:23.413968-04:00,node-01,orders-api,200,True,normal,market_aware_v1,52.855,43.03,131.144,29.281,0.502,68.666,79.45,1.285
75de85f0-cced-4291-b54c-da6fd647846b,2026-04-19T16:13:23.429900-04:00,node-01,checkout-api,200,True,normal,market_aware_v1,49.044,50.049,140.666,25.089,0.639,68.029,61.605,1.358
fab55687-080d-4262-b5aa-470b6a1f4789,2026-04-19T16:13:23.444908-04:00,node-01,payments-api,200,True,normal,market_aware_v1,49.56,49.533,171.793,21.543,0.714,79.703,41.432,1.774
b241d54e-fcca-4f66-a635-95eca1bb1e4a,2026-04-19T16:13:23.475019-04:00,node-01,orders-api,200,True,normal,market_aware_v1,51.792,45.729,130.057,29.028,0.543,72.244,84.989,1.442
cdc2a5e1-f0da-4ff9-aced-f698c17f80a9,2026-04-19T16:13:23.496619-04:00,node-01,checkout-api,200,True,normal,market_aware_v1,51.973,48.592,138.228,26.577,0.611,61.854,71.488,1.383
ecc0d445-bfbd-4ebe-8bb1-12e9f851a2f3,2026-04-19T16:13:23.511974-04:00,node-01,payments-api,429,True,normal,market_aware_v1,49.117,50.959,162.703,23.138,0.658,75.635,47.346,1.772
d8b57926-e821-4763-83ab-4d158e1919e8,2026-04-19T16:13:23.541642-04:00,node-01,orders-api,429,True,normal,market_aware_v1,52.89,46.335,145.291,29.511,0.606,79.988,78.598,1.616
a35fd847-52e1-43f1-b535-1f519b528a3e,2026-04-19T16:13:23.563833-04:00,node-01,checkout-api,200,True,normal,market_aware_v1,52.68,51.632,155.96,29.899,0.728,71.769,58.937,1.617
2b992ea9-0cb8-4128-9508-403e092dad09,2026-04-19T16:13:23.586240-04:00,node-01,payments-api,200,True,normal,market_aware_v1,48.004,54.397,162.741,24.493,0.737,79.339,49.3,1.769
5c2a5c67-15c9-4760-b7c0-7d738f61b065,2026-04-19T16:13:23.607786-04:00,node-01,orders-api,429,True,anomalous,market_aware_v1,59.759,49.554,156.32,29.155,0.949,86.051,76.549,2.164
1ddcc6c1-8d45-4b1a-b671-d9a2d1789dad,2026-04-19T16:13:23.622688-04:00,node-01,checkout-api,200,True,normal,market_aware_v1,54.506,49.137,152.024,27.784,0.767,72.204,67.49,1.749
6985e5f9-c3d9-4094-9111-4160a3552aae,2026-04-19T16:13:23.652513-04:00,node-01,payments-api,200,True,normal,market_aware_v1,50.96,49.657,177.958,27.496,0.761,82.702,49.125,1.97
1684b1f8-a8b2-46d0-8f95-8b01a1ca8416,2026-04-19T16:13:23.670314-04:00,node-01,orders-api,429,True,normal,market_aware_v1,57.549,47.481,139.066,31.025,0.503,72.783,91.334,1.335
394082f5-f645-4b2f-af7b-bd1a28152afa,2026-04-19T16:13:23.696881-04:00,node-01,checkout-api,503,True,anomalous,market_aware_v1,60.277,55.389,168.358,29.14,1.055,79.673,53.306,2.158
f1f84f76-2f73-436b-8640-a8e530d136ab,2026-04-19T16:13:23.712319-04:00,node-01,payments-api,200,True,normal,market_aware_v1,50.901,52.411,170.117,26.677,0.655,78.287,54.473,1.745
1d703f76-8494-4696-a765-56806e2087b2,2026-04-19T16:13:23.741966-04:00,node-01,orders-api,200,True,normal,market_aware_v1,60.567,49.943,160.015,32.957,0.608,78.454,84.703,1.649
d614ad00-1565-4f34-a611-ba8cdf3a5f2b,2026-04-19T16:13:23.764277-04:00,node-01,checkout-api,429,True,normal,market_aware_v1,56.448,54.583,163.285,30.584,0.658,79.065,65.364,1.734
7a2cecb4-8be9-482d-8911-046afc0c406f,2026-04-19T16:13:23.786963-04:00,node-01,payments-api,200,True,normal,market_aware_v1,51.23,55.305,165.881,27.084,0.639,77.26,53.615,1.688
76ef35a0-fbb4-4057-aac8-2a02c54f297f,2026-04-19T16:13:23.808296-04:00,node-01,orders-api,429,True,normal,market_aware_v1,60.424,46.876,158.896,31.532,0.62,74.246,86.986,1.476
d11e1fb6-f52e-4679-9417-a2eecb480c29,2026-04-19T16:13:23.826022-04:00,node-01,checkout-api,200,True,normal,market_aware_v1,57.022,52.586,160.719,30.616,0.752,77.331,64.802,1.703
898d024a-a82d-42ff-a7ec-f5451845d987,2026-04-19T16:13:23.852693-04:00,node-01,payments-api,429,True,normal,market_aware_v1,51.38,53.289,168.911,24.94,0.64,77.562,56.104,1.808
58dbc008-d287-4db2-8619-41bd387786bc,2026-04-19T16:13:23.883406-04:00,node-01,orders-api,200,True,normal,market_aware_v1,57.994,48.761,143.297,31.807,0.538,71.271,91.885,1.325
72cc9715-3cec-46cb-8aab-5a7c6b270c8d,2026-04-19T16:13:23.909402-04:00,node-01,checkout-api,503,True,anomalous,market_aware_v1,60.948,52.714,159.218,31.491,0.946,76.182,62.073,2.066
a64f624f-6ff3-4a8f-a305-a28421c6da84,2026-04-19T16:13:23.928629-04:00,node-01,payments-api,200,True,normal,market_aware_v1,52.231,49.577,155.338,27.479,0.658,72.543,57.267,1.542
8b84c2f4-712b-426c-8bca-43647b22c6c7,2026-04-19T16:13:23.944510-04:00,node-01,orders-api,200,True,normal,market_aware_v1,61.836,47.85,145.476,29.743,0.59,74.753,88.02,1.604
3c667bf5-808d-4ba7-9201-f74df491e689,2026-04-19T16:13:23.964221-04:00,node-01,checkout-api,429,True,normal,market_aware_v1,57.555,49.437,179.828,29.219,0.923,80.924,67.233,2.248
2e23f1b9-9b7b-4b62-b99d-6fdf25fee4d8,2026-04-19T16:13:23.993847-04:00,node-01,payments-api,200,True,normal,market_aware_v1,50.333,51.669,163.012,27.569,0.701,75.271,51.803,1.727
de160a35-1e5e-44cb-9fb9-fca65207c106,2026-04-19T16:13:24.015148-04:00,node-01,orders-api,200,True,normal,market_aware_v1,56.403,46.161,135.767,31.176,0.546,71.705,88.635,1.49
89cd6c6f-a72b-4fbb-ae53-144f75cf8793,2026-04-19T16:13:24.041692-04:00,node-01,checkout-api,200,True,normal,market_aware_v1,54.529,49.223,169.263,28.127,0.75,74.423,62.936,1.821
0883926d-18ea-431a-b0a2-371f1a7a4e2a,2026-04-19T16:13:24.055557-04:00,node-01,payments-api,500,True,anomalous,market_aware_v1,54.768,54.967,165.504,26.907,1.063,81.457,44.02,2.191
6211d960-3ebb-4cc1-9634-6a1ba79ed1b7,2026-04-19T16:13:24.086742-04:00,node-01,orders-api,200,True,anomalous,market_aware_v1,55.214,50.937,151.252,33.259,0.775,74.686,78.896,1.791
ae7c6aba-d346-4f99-9b27-0610dfaa1e54,2026-04-19T16:13:24.108658-04:00,node-01,checkout-api,429,True,normal,market_aware_v1,50.772,50.702,167.999,30.443,0.839,83.337,58.828,1.898
a36f18ca-bf04-458c-bd63-e3dc0b3d748d,2026-04-19T16:13:24.122225-04:00,node-01,payments-api,500,True,anomalous,market_aware_v1,52.238,54.717,181.009,26.446,1.061,86.787,41.297,2.422
1fdb01ce-b240-44db-aafa-7143492004f7,2026-04-19T16:13:24.153484-04:00,node-01,orders-api,200,True,normal,market_aware_v1,49.774,45.597,140.024,27.782,0.551,74.9,82.355,1.432
99a0d375-b9cd-4386-9c6e-e9bdc1ffee6d,2026-04-19T16:13:24.175117-04:00,node-01,checkout-api,429,True,normal,market_aware_v1,50.052,48.84,145.063,28.911,0.671,69.198,62.481,1.501
cbc55606-5c04-4765-b934-bafbbd5e910e,2026-04-19T16:13:24.188654-04:00,node-01,payments-api,429,True,normal,market_aware_v1,47.577,52.441,163.13,23.944,0.667,76.002,45.275,1.743
fef35c4a-7ac4-4aeb-9c6e-f827f9923fde,2026-04-19T16:13:24.219694-04:00,node-01,orders-api,200,True,normal,market_aware_v1,52.497,46.093,140.997,31.694,0.56,70.793,83.431,1.435
89334eda-057f-48dc-9dc4-a402bc553876,2026-04-19T16:13:24.233141-04:00,node-01,checkout-api,200,True,normal,market_aware_v1,51.759,50.704,141.707,29.572,0.585,62.166,66.13,1.399
d30f0256-22cc-45a7-954a-32d5c02275d7,2026-04-19T16:13:24.264897-04:00,node-01,payments-api,429,True,normal,market_aware_v1,45.81,50.135,151.729,25.33,0.844,78.987,49.276,1.859
d5e6e3fb-7df1-42a4-a226-7344cd8bf4ca,2026-04-19T16:13:24.287543-04:00,node-01,orders-api,200,True,normal,market_aware_v1,57.599,48.754,143.332,30.926,0.61,76.227,78.952,1.514
a6d767cc-df52-4e9d-bea4-51448c2ce238,2026-04-19T16:13:24.309449-04:00,node-01,checkout-api,503,True,normal,market_aware_v1,52.584,52.125,179.794,28.647,0.972,82.467,66.468,2.328
97852908-2b95-4af3-bbe2-2762fc51a99f,2026-04-19T16:13:24.331164-04:00,node-01,payments-api,502,True,normal,market_aware_v1,50.583,53.699,189.756,24.461,0.852,86.582,41.892,2.056
46e50f47-616f-4c75-8bbe-62c654f82e95,2026-04-19T16:13:24.364460-04:00,node-01,orders-api,200,True,normal,market_aware_v1,54.06,52.462,134.731,30.156,0.522,68.902,87.971,1.285
41136846-dc42-47e2-964d-5d25500a5d75,2026-04-19T16:13:24.379600-04:00,node-01,checkout-api,200,True,normal,market_aware_v1,55.774,49.634,166.37,31.293,0.776,73.092,67.329,1.854
110a1e5c-a6d9-4e55-96b8-ec793838b4e3,2026-04-19T16:13:24.408972-04:00,node-01,payments-api,429,True,normal,market_aware_v1,53.489,55.5,172.421,27.403,0.717,78.926,49.596,1.813
85715f52-5be9-44c3-a499-d9e4aab210b5,2026-04-19T16:13:24.424003-04:00,node-01,orders-api,200,True,normal,market_aware_v1,59.744,49.066,149.879,29.695,0.616,73.135,84.939,1.537
c4faeb88-ee1a-4fac-b679-ba0dbfb8eac5,2026-04-19T16:13:24.442438-04:00,node-01,checkout-api,200,True,normal,market_aware_v1,57.977,52.138,168.269,29.035,0.82,80.769,61.095,1.899
9df05ad6-c4fc-4df6-b6de-f42514286555,2026-04-19T16:13:24.457079-04:00,node-01,payments-api,200,True,normal,market_aware_v1,52.147,54.261,175.373,26.497,0.755,83.785,51.991,1.915
0b92927c-53f7-42ae-b809-b923f99355da,2026-04-19T16:13:24.475811-04:00,node-01,orders-api,503,True,anomalous,market_aware_v1,66.572,52.818,166.679,34.145,0.88,81.193,84.584,2.118
00bdfc56-582c-459f-908e-98c2d2904f99,2026-04-19T16:13:24.518388-04:00,node-01,checkout-api,503,True,anomalous,market_aware_v1,60.693,57.268,183.095,32.315,1.143,78.603,64.067,2.304
abeaa9e6-c8e1-455e-8e9c-a2e1cf8ef0bc,2026-04-19T16:13:24.545414-04:00,node-01,payments-api,200,True,normal,market_aware_v1,56.97,55.97,168.953,27.476,0.652,77.547,59.351,1.77
93ab5419-94ed-4fe7-bc0b-1af91c0ab4a3,2026-04-19T16:13:24.576590-04:00,node-01,orders-api,429,True,normal,market_aware_v1,66.231,53.182,152.8,32.095,0.62,77.793,90.066,1.655
8929fa0a-eb3b-433c-afb3-016a94d152af,2026-04-19T16:13:24.598532-04:00,node-01,checkout-api,429,True,normal,market_aware_v1,61.876,55.795,161.917,32.013,0.773,79.091,76.279,1.864
d938c764-4a60-4373-8d6a-bb3c8ed1e850,2026-04-19T16:13:24.615346-04:00,node-01,payments-api,200,True,normal,market_aware_v1,52.982,58.455,161.757,28.604,0.713,75.812,63.219,1.86
12e751f4-c049-4339-8904-e27906bd4c87,2026-04-19T16:13:24.643317-04:00,node-01,orders-api,429,True,normal,market_aware_v1,66.327,52.4,150.884,32.082,0.577,77.418,91.15,1.454
40661c70-6c13-4d39-a1b7-96cba89f7ea7,2026-04-19T16:13:24.664899-04:00,node-01,checkout-api,200,True,normal,market_aware_v1,57.082,53.057,171.761,31.463,0.59,74.87,70.035,1.611
bfef3e25-cd59-4b6c-b16f-b8268b4bdff2,2026-04-19T16:13:24.680084-04:00,node-01,payments-api,200,True,normal,market_aware_v1,59.275,56.717,169.369,28.162,0.694,79.975,56.003,1.803
3abc02f0-c944-48cb-8520-45ae3cc193b6,2026-04-19T16:13:24.710026-04:00,node-01,orders-api,200,True,normal,market_aware_v1,64.275,52.877,151.906,31.474,0.615,80.367,96.805,1.619
234edfea-1f74-48d5-9a68-64fd2e7281c2,2026-04-19T16:13:24.731868-04:00,node-01,checkout-api,200,True,normal,market_aware_v1,57.439,57.418,163.185,30.234,0.776,77.899,69.0,1.792
2a43a18d-d7a2-429f-855b-4b9090fa5e4e,2026-04-19T16:13:24.747431-04:00,node-01,payments-api,429,True,normal,market_aware_v1,53.124,57.72,168.372,27.669,0.645,78.942,58.671,1.889
bdf72ebd-980d-4c43-8304-fc00f7440da7,2026-04-19T16:13:24.776313-04:00,node-01,orders-api,200,True,normal,market_aware_v1,59.007,54.015,151.241,32.079,0.589,73.744,98.117,1.543
9c6c2dab-5785-42a3-8930-534c6749bd27,2026-04-19T16:13:24.807413-04:00,node-01,checkout-api,429,True,normal,market_aware_v1,57.599,52.815,159.114,29.179,0.729,82.988,62.551,1.974
8ef9efc8-ac9e-49f4-bf4a-9446de2ff550,2026-04-19T16:13:24.832942-04:00,node-01,payments-api,200,True,normal,market_aware_v1,55.133,55.009,177.259,27.465,0.706,81.454,52.016,1.86
56b42714-27e5-4e7b-a4b1-4fe6836de977,2026-04-19T16:13:24.854157-04:00,node-01,orders-api,200,True,normal,market_aware_v1,59.372,48.352,156.52,31.541,0.657,77.034,91.307,1.607
19ea376e-1931-481e-94b9-54be2e870bb3,2026-04-19T16:13:24.883694-04:00,node-01,checkout-api,200,True,normal,market_aware_v1,55.379,50.543,175.231,29.352,0.776,81.389,63.046,1.867
357d70af-d370-4701-8cd7-d89269145b83,2026-04-19T16:13:24.910844-04:00,node-01,payments-api,429,True,normal,market_aware_v1,52.864,51.196,180.026,25.338,0.691,82.865,49.129,1.773
45d597b3-4f0a-4e42-a70d-e83d613ca6e2,2026-04-19T16:13:24.932251-04:00,node-01,orders-api,200,True,normal,market_aware_v1,53.167,51.696,156.965,31.272,0.58,76.654,81.395,1.57
849be9e4-3738-415e-905c-f6ea38bbc62b,2026-04-19T16:13:24.962561-04:00,node-01,checkout-api,200,True,normal,market_aware_v1,54.51,50.424,165.938,28.207,0.687,79.717,58.484,1.795
f83e048b-116b-4d33-951f-3f3812d3a860,2026-04-19T16:13:24.989070-04:00,node-01,payments-api,200,True,normal,market_aware_v1,46.608,52.722,164.358,25.446,0.66,71.71,49.616,1.598
b9d85ab6-b0b9-40ce-b93c-5a39acb8a1aa,2026-04-19T16:13:25.026587-04:00,node-01,orders-api,429,True,normal,market_aware_v1,53.679,45.764,150.494,29.808,0.604,77.752,80.426,1.515
3d59102c-1fef-439b-80ef-ecce162511b0,2026-04-19T16:13:25.054637-04:00,node-01,checkout-api,200,True,normal,market_aware_v1,50.964,50.825,156.075,29.64,0.785,80.855,56.422,1.881
8d5a30b0-90f6-4ea1-9562-da39bf47b017,2026-04-19T16:13:25.074287-04:00,node-01,payments-api,429,True,anomalous,market_aware_v1,48.687,51.835,170.455,26.671,0.995,77.454,46.392,2.182
a06827c2-052c-465a-a08f-add3d10b6491,2026-04-19T16:13:25.099396-04:00,node-01,orders-api,200,True,normal,market_aware_v1,54.199,46.582,147.257,29.296,0.556,70.891,78.406,1.38
5e99b643-47c9-4301-8415-a84b62d9a64c,2026-04-19T16:13:25.115335-04:00,node-01,checkout-api,200,True,normal,market_aware_v1,52.142,48.504,134.477,29.028,0.567,65.056,59.034,1.335
933f478d-4f94-43d4-ba3f-60c8d30da390,2026-04-19T16:13:25.144457-04:00,node-01,payments-api,200,True,normal,market_aware_v1,44.893,45.952,167.031,24.456,0.664,79.213,43.45,1.77
5bfe02e6-833b-4b48-9113-e2cebe8cec41,2026-04-19T16:13:25.166605-04:00,node-01,orders-api,200,True,anomalous,market_aware_v1,56.268,45.49,154.24,33.124,0.894,74.549,70.478,1.926
2b246d40-1b34-4124-8abd-b1885287d8fa,2026-04-19T16:13:25.188510-04:00,node-01,checkout-api,429,True,normal,market_aware_v1,54.057,46.332,146.946,27.778,0.634,68.77,59.05,1.466
7357d95e-bc8d-4d99-8847-f5574985d5b5,2026-04-19T16:13:25.218002-04:00,node-01,payments-api,429,True,normal,market_aware_v1,45.311,50.097,158.409,22.934,0.702,81.81,45.705,1.82
58225eb1-74a8-4f4e-bc81-19899803e1b7,2026-04-19T16:13:25.244788-04:00,node-01,orders-api,200,True,normal,market_aware_v1,55.189,47.666,150.19,31.826,0.608,76.564,78.085,1.568
9f681055-b971-438d-bf0f-367e2f4c7942,2026-04-19T16:13:25.266860-04:00,node-01,checkout-api,503,True,anomalous,market_aware_v1,55.957,50.843,168.674,29.593,1.134,80.627,48.936,2.447
f93145a1-68f9-4dbc-ab8f-84cd7d6dbd0a,2026-04-19T16:13:25.288448-04:00,node-01,payments-api,200,True,normal,market_aware_v1,47.969,49.079,163.803,23.803,0.702,76.32,50.14,1.66
efa2e333-f5b8-4500-8512-c36f694cefea,2026-04-19T16:13:25.318838-04:00,node-01,orders-api,200,True,normal,market_aware_v1,55.457,43.446,153.839,29.637,0.707,76.931,86.816,1.868
8e95d51c-4704-400c-8e2c-62ca396beaf0,2026-04-19T16:13:25.344793-04:00,node-01,checkout-api,200,True,normal,market_aware_v1,55.462,49.463,162.477,26.27,0.785,81.347,59.011,1.873
14837a54-86b3-4318-b2d5-b3237411054a,2026-04-19T16:13:25.366530-04:00,node-01,payments-api,200,True,normal,market_aware_v1,53.337,52.912,173.984,27.964,0.701,78.672,52.088,1.757
60379796-d5fd-43fc-9668-937a5d876546,2026-04-19T16:13:25.381111-04:00,node-01,orders-api,200,True,normal,market_aware_v1,55.615,48.571,141.307,31.894,0.615,78.012,87.768,1.759
b2335e4d-4828-4a53-90ed-a0d8f49cc7e5,2026-04-19T16:13:25.421586-04:00,node-01,checkout-api,200,True,normal,market_aware_v1,54.89,48.84,159.394,27.226,0.693,75.115,69.275,1.696
30c8c0cf-009d-4158-8aa0-4c9d34e60f04,2026-04-19T16:13:25.472861-04:00,node-01,payments-api,429,True,normal,market_aware_v1,49.365,50.813,173.771,25.754,0.667,78.662,45.79,1.664
e48fb52b-64d0-4c9e-b1a9-78480d371d96,2026-04-19T16:13:25.488921-04:00,node-01,orders-api,429,True,normal,market_aware_v1,57.753,46.081,150.234,30.507,0.535,73.138,90.615,1.479
99953dde-0b1d-46b5-8bbc-f0715a62f08d,2026-04-19T16:13:25.523429-04:00,node-01,checkout-api,200,True,normal,market_aware_v1,56.038,50.596,156.153,26.406,0.844,80.576,58.261,1.95
ef45d1c9-7ef6-468a-ae0e-6cb11fced44b,2026-04-19T16:13:25.548995-04:00,node-01,payments-api,200,True,normal,market_aware_v1,53.113,52.193,173.589,26.916,0.682,77.897,57.318,1.744
037150e8-5289-48d7-bb1e-7d48f1cc099b,2026-04-19T16:13:25.601418-04:00,node-01,orders-api,200,True,normal,market_aware_v1,59.907,49.879,152.211,30.998,0.661,75.031,93.71,1.668
793c11b9-3018-4243-86b4-f9d74e325753,2026-04-19T16:13:25.623344-04:00,node-01,checkout-api,502,True,anomalous,market_aware_v1,57.469,50.652,183.243,30.651,1.236,85.637,57.044,2.542
a9727224-3311-430a-820c-f3451fdcbe56,2026-04-19T16:13:25.645893-04:00,node-01,payments-api,502,True,normal,market_aware_v1,58.144,56.664,186.439,28.063,0.805,86.641,54.461,2.172
e668a39b-ae50-49d4-a777-603f675108f4,2026-04-19T16:13:25.662901-04:00,node-01,orders-api,200,True,normal,market_aware_v1,59.161,51.103,143.482,30.775,0.637,73.276,93.03,1.536
4ecc436b-6d52-4b8c-8e41-0179b5e4cb42,2026-04-19T16:13:25.683459-04:00,node-01,checkout-api,200,True,normal,market_aware_v1,55.78,51.655,169.812,32.829,0.803,81.544,66.671,1.876
ce2bf827-d15c-45cc-b1f6-121d41501564,2026-04-19T16:13:25.734478-04:00,node-01,payments-api,200,True,normal,market_aware_v1,53.179,52.419,180.719,24.654,0.616,77.496,54.362,1.58
d5052f92-6326-4ce0-9fb4-974ccb8f03fc,2026-04-19T16:13:25.800777-04:00,node-01,orders-api,200,True,normal,market_aware_v1,62.888,52.24,157.674,33.837,0.687,82.443,90.811,1.95
8b5f81b1-2fb3-47c4-98fc-b20181ff1580,2026-04-19T16:13:25.834698-04:00,node-01,checkout-api,502,True,normal,market_aware_v1,57.827,51.774,165.898,31.771,0.821,82.711,63.08,2.0
0b561738-b6e0-4a6a-92b2-4890646a3d03,2026-04-19T16:13:25.878021-04:00,node-01,payments-api,502,True,normal,market_aware_v1,52.705,54.489,187.669,27.203,0.741,82.139,49.391,2.019
1ffaaabd-d179-42cd-ae5c-44d5e11d4b23,2026-04-19T16:13:25.895311-04:00,node-01,orders-api,200,True,normal,market_aware_v1,58.746,52.707,148.638,30.611,0.535,71.706,90.276,1.326
631e5c7b-232a-4988-9ec9-b94c4121aa8d,2026-04-19T16:13:25.923937-04:00,node-01,checkout-api,200,True,normal,market_aware_v1,53.207,53.222,152.917,30.608,0.723,76.314,65.967,1.749
ac3cb859-a297-4e79-8ac7-9bc90968f3e5,2026-04-19T16:13:25.945909-04:00,node-01,payments-api,200,True,normal,market_aware_v1,48.269,55.597,158.857,27.651,0.686,75.327,52.801,1.741
44db4d26-3270-4701-8e19-d86fe699e9e6,2026-04-19T16:13:25.962380-04:00,node-01,orders-api,200,True,normal,market_aware_v1,59.818,50.974,159.775,31.688,0.713,85.259,76.521,1.784
b3219696-a93c-4404-ac0f-86ed5508ce54,2026-04-19T16:13:25.990680-04:00,node-01,checkout-api,200,True,normal,market_aware_v1,53.934,50.299,171.266,29.663,0.744,79.015,63.184,1.861
80d15593-16a2-427c-b8d2-ef4cae9075d2,2026-04-19T16:13:26.009103-04:00,node-01,payments-api,429,True,normal,market_aware_v1,48.389,50.538,161.258,24.476,0.676,72.679,56.804,1.6
f3a1c0fd-6fab-4b35-a917-732be394dca9,2026-04-19T16:13:26.034731-04:00,node-01,orders-api,429,True,anomalous,market_aware_v1,59.051,51.655,147.574,32.214,0.897,72.898,80.641,1.914
90073e99-f0a2-4714-b426-3440755a1772,2026-04-19T16:13:26.068328-04:00,node-01,checkout-api,500,True,anomalous,market_aware_v1,58.074,50.997,180.111,31.227,1.056,83.49,51.851,2.355
cf32556d-0148-48e3-85da-807139a5a853,2026-04-19T16:13:26.081945-04:00,node-01,payments-api,429,True,normal,market_aware_v1,47.134,49.338,170.915,27.726,0.697,80.673,48.01,1.82
a0782723-5bdb-48c2-8576-b6257645d697,2026-04-19T16:13:26.113852-04:00,node-01,orders-api,503,True,anomalous,market_aware_v1,60.231,49.336,159.69,30.938,0.99,87.255,78.207,2.19
128ec6a0-33ce-4202-9862-10e9a7b1c79d,2026-04-19T16:13:26.134865-04:00,node-01,checkout-api,200,True,normal,market_aware_v1,54.479,48.171,155.191,26.722,0.624,69.427,66.535,1.522
6a0ea577-582d-447a-8e1b-7c159678af23,2026-04-19T16:13:26.149722-04:00,node-01,payments-api,200,True,normal,market_aware_v1,51.599,55.158,173.733,26.98,0.664,79.896,52.69,1.758
d6cf1f43-512a-4da7-8c83-c7dd0ec6fe4c,2026-04-19T16:13:26.179883-04:00,node-01,orders-api,200,True,normal,market_aware_v1,51.103,44.291,139.117,31.883,0.485,73.427,82.855,1.359
ba4cb85e-54c3-4df8-adb1-420e07426001,2026-04-19T16:13:26.194039-04:00,node-01,checkout-api,200,True,normal,market_aware_v1,53.424,49.388,131.564,29.578,0.656,66.384,64.524,1.436
540c3e66-0f00-429d-9efc-d4e841de995e,2026-04-19T16:13:26.224234-04:00,node-01,payments-api,429,True,normal,market_aware_v1,46.752,54.71,165.057,25.642,0.755,81.608,46.686,1.798
85aac465-c086-4067-9da4-7ccd4ff70a5f,2026-04-19T16:13:26.257683-04:00,node-01,orders-api,200,True,normal,market_aware_v1,55.112,43.811,159.553,31.654,0.661,79.53,84.294,1.671
191267b9-2107-4a46-9212-13a4917bc8ed,2026-04-19T16:13:26.271063-04:00,node-01,checkout-api,200,True,normal,market_aware_v1,54.128,48.198,158.607,28.906,0.725,76.36,63.52,1.77
c930ac54-0a0b-4899-b83d-19cd86a38c1f,2026-04-19T16:13:26.291854-04:00,node-01,payments-api,200,True,normal,market_aware_v1,45.67,53.696,159.048,25.757,0.705,76.498,53.768,1.719
e19436e3-e87d-4b7d-9735-1647a6635049,2026-04-19T16:13:26.307175-04:00,node-01,orders-api,200,True,normal,market_aware_v1,56.691,48.16,129.566,29.373,0.579,71.891,85.681,1.378
cb31dadc-8ebc-41bc-9c6c-105d0e42d673,2026-04-19T16:13:26.335380-04:00,node-01,checkout-api,200,True,normal,market_aware_v1,56.026,52.467,163.489,28.065,0.803,80.082,61.517,1.857
7277aeea-71a0-47ed-bc71-27d06d5edfa6,2026-04-19T16:13:26.351108-04:00,node-01,payments-api,200,True,normal,market_aware_v1,51.869,57.629,176.916,24.883,0.611,78.721,55.451,1.712
a4f07366-3437-4047-a78b-abfb4e5aca5d,2026-04-19T16:13:26.381013-04:00,node-01,orders-api,200,True,normal,market_aware_v1,60.835,49.009,170.856,31.918,0.667,85.71,80.762,1.845
ceadc72d-4dd6-47aa-9843-75a7e1801dc8,2026-04-19T16:13:26.402983-04:00,node-01,checkout-api,200,True,normal,market_aware_v1,57.592,53.522,162.284,29.952,0.746,76.44,66.793,1.813
2010a65b-6cba-4add-b875-282771fa3fe1,2026-04-19T16:13:26.434585-04:00,node-01,payments-api,200,True,normal,market_aware_v1,52.892,55.824,168.131,27.554,0.657,82.137,56.136,1.694
38b7dd00-f815-47d9-a798-e187089f5ccb,2026-04-19T16:13:26.458922-04:00,node-01,orders-api,200,True,normal,market_aware_v1,61.597,48.722,148.319,33.632,0.523,78.684,89.338,1.471
77c79d1b-a45c-4621-b753-0ce5edabb92c,2026-04-19T16:13:26.486966-04:00,node-01,checkout-api,200,True,normal,market_aware_v1,58.99,53.253,162.436,31.216,0.709,76.506,63.901,1.837
e327c811-99ca-47c9-998b-d22cb2a5e912,2026-04-19T16:13:26.514298-04:00,node-01,payments-api,200,True,normal,market_aware_v1,52.122,56.172,161.34,25.621,0.684,74.068,62.307,1.734
cdd8c4be-0e79-43e7-9282-a255832dd034,2026-04-19T16:13:26.536604-04:00,node-01,orders-api,429,True,normal,market_aware_v1,63.691,51.857,156.802,32.57,0.706,83.552,93.973,1.888
da558f3a-97e6-413b-92cf-c8d474cf74ed,2026-04-19T16:13:26.558962-04:00,node-01,checkout-api,200,True,normal,market_aware_v1,61.681,56.029,163.026,29.334,0.736,80.594,72.801,1.844
e289595b-4701-4444-bf70-6d68d8bcba6b,2026-04-19T16:13:26.581200-04:00,node-01,payments-api,200,True,normal,market_aware_v1,55.48,55.618,166.795,25.637,0.679,75.684,61.751,1.683
54b9cbb4-c3c0-4d09-b736-5c42eb5d7476,2026-04-19T16:13:26.602979-04:00,node-01,orders-api,429,True,normal,market_aware_v1,57.409,50.02,150.429,31.87,0.519,75.178,85.078,1.503
efd663de-4981-4156-abf1-8f3613cf2130,2026-04-19T16:13:26.636313-04:00,node-01,checkout-api,200,True,normal,market_aware_v1,60.533,57.239,163.654,28.623,0.745,74.309,72.633,1.693
f4582ba9-36fa-427e-b904-30dce5f10068,2026-04-19T16:13:26.650293-04:00,node-01,payments-api,429,True,normal,market_aware_v1,59.151,54.494,186.613,27.595,0.757,87.277,56.105,1.919
fcb10af5-668d-46b1-adc0-c17322f317fe,2026-04-19T16:13:26.681381-04:00,node-01,orders-api,200,True,normal,market_aware_v1,61.974,50.182,148.899,32.068,0.553,74.391,96.819,1.53
9f025f59-98de-4c08-b351-513afa0127df,2026-04-19T16:13:26.703877-04:00,node-01,checkout-api,429,True,normal,market_aware_v1,61.549,52.782,189.099,31.369,0.912,82.704,67.761,2.263
632ccc17-4729-4d95-a3a1-bf764e0e2577,2026-04-19T16:13:26.725689-04:00,node-01,payments-api,502,True,anomalous,market_aware_v1,59.281,63.52,179.229,28.213,1.105,89.835,44.129,2.501
17a7bfdc-4731-4df1-98dc-32f0efd701f5,2026-04-19T16:13:26.740399-04:00,node-01,orders-api,200,True,normal,market_aware_v1,58.355,52.084,154.25,32.806,0.515,75.672,87.613,1.503
cc6df321-0490-4053-98c0-cc85787b9781,2026-04-19T16:13:26.770558-04:00,node-01,checkout-api,200,True,normal,market_aware_v1,59.712,57.098,170.795,31.099,0.799,83.198,66.405,1.983
ed7fb3cc-9a83-4fd6-af41-efc1558beeab,2026-04-19T16:13:26.792225-04:00,node-01,payments-api,502,True,normal,market_aware_v1,51.697,56.804,183.321,25.241,0.711,87.307,54.547,2.041
b9954733-d69c-43af-b0c6-4b3842f242c0,2026-04-19T16:13:26.825529-04:00,node-01,orders-api,500,True,anomalous,market_aware_v1,63.521,49.558,172.552,34.067,0.95,83.663,73.718,2.171
d3fad0d6-a88b-4b9b-9e4a-17c8f6be93b9,2026-04-19T16:13:26.842507-04:00,node-01,checkout-api,200,True,normal,market_aware_v1,56.711,51.034,169.615,28.293,0.761,83.807,57.283,1.985
ccc78060-4a28-482e-b48c-ce705ba17212,2026-04-19T16:13:26.859044-04:00,node-01,payments-api,429,True,normal,market_aware_v1,51.538,53.287,170.207,27.396,0.679,79.861,46.908,1.757
3c609184-f244-44ce-bd6c-3dd01fc094e6,2026-04-19T16:13:26.900486-04:00,node-01,orders-api,429,True,normal,market_aware_v1,53.969,47.094,156.251,32.495,0.623,77.691,89.175,1.625
1a42263e-5a52-4905-aa68-ddc3d927896f,2026-04-19T16:13:26.926519-04:00,node-01,checkout-api,200,True,normal,market_aware_v1,53.734,48.305,159.022,28.655,0.678,79.541,53.701,1.925
3d2b5ec5-d953-4c2d-aa61-61be27e1fc87,2026-04-19T16:13:26.948535-04:00,node-01,payments-api,200,True,normal,market_aware_v1,49.777,53.452,157.541,25.702,0.634,75.737,43.201,1.674
5f87a93e-2f06-4514-a819-e84705cdf524,2026-04-19T16:13:26.971951-04:00,node-01,orders-api,200,True,normal,market_aware_v1,56.441,45.055,151.562,28.765,0.54,76.985,78.97,1.564
5d29980c-eca7-4883-b741-ada08790bc19,2026-04-19T16:13:27.006280-04:00,node-01,checkout-api,200,True,normal,market_aware_v1,56.121,48.224,156.875,27.338,0.732,71.28,60.832,1.609
5293872e-364b-4cac-918c-c7a48c1a4b31,2026-04-19T16:13:27.028997-04:00,node-01,payments-api,200,True,normal,market_aware_v1,49.163,52.813,165.811,22.103,0.587,77.747,46.489,1.549
f98b2266-aa18-463d-bfb0-956eb43f073b,2026-04-19T16:13:27.060780-04:00,node-01,orders-api,200,True,normal,market_aware_v1,54.989,45.808,139.022,29.732,0.531,69.187,78.652,1.382
e2c1da83-7a0a-4d8b-ba38-3a2fc9cd8e3e,2026-04-19T16:13:27.084670-04:00,node-01,checkout-api,200,True,normal,market_aware_v1,50.168,44.181,152.098,27.044,0.708,72.921,56.087,1.635
ba3fcdc4-f5c3-4134-b422-90f5aaf5600a,2026-04-19T16:13:27.116524-04:00,node-01,payments-api,200,True,normal,market_aware_v1,46.234,51.197,184.651,25.65,0.774,81.978,41.734,1.912
94916561-9687-4616-a9bb-15c5ad97c9bb,2026-04-19T16:13:27.141979-04:00,node-01,orders-api,200,True,normal,market_aware_v1,49.809,47.116,140.092,29.437,0.616,73.533,77.048,1.425
f38e2a3e-0153-4346-8ac4-25f1e0603b43,2026-04-19T16:13:27.174938-04:00,node-01,checkout-api,200,True,normal,market_aware_v1,52.274,46.639,149.283,25.743,0.658,67.657,68.29,1.498
6caefff6-a668-4449-bb88-237bbc170ceb,2026-04-19T16:13:27.207491-04:00,node-01,payments-api,200,True,normal,market_aware_v1,46.079,47.227,165.933,25.199,0.641,75.773,45.771,1.597
d897d29c-72dc-4e4a-aaa7-80852b0b015b,2026-04-19T16:13:27.231905-04:00,node-01,orders-api,429,True,normal,market_aware_v1,50.891,45.25,158.524,28.927,0.522,77.967,69.166,1.524
8467d824-ab8e-445e-a1fa-58c23f0b3b1d,2026-04-19T16:13:27.262692-04:00,node-01,checkout-api,200,True,normal,market_aware_v1,52.001,48.176,166.564,26.443,0.744,75.774,54.885,1.782
c328f6cc-37dd-4c1d-acc5-91c4dbcb5305,2026-04-19T16:13:27.294216-04:00,node-01,payments-api,200,True,normal,market_aware_v1,44.404,49.982,165.708,24.259,0.705,77.329,45.131,1.855
7bf11400-457e-460d-b15b-073c67deb8af,2026-04-19T16:13:27.325747-04:00,node-01,orders-api,429,True,normal,market_aware_v1,50.418,47.662,137.766,30.352,0.521,76.642,81.172,1.476
152d78de-9456-456b-8570-0e0b6e2825bc,2026-04-19T16:13:27.350561-04:00,node-01,checkout-api,200,True,normal,market_aware_v1,53.642,52.366,138.955,26.486,0.638,65.031,69.478,1.403
5b40ba2f-320c-4fb5-854e-071617346f70,2026-04-19T16:13:27.383960-04:00,node-01,payments-api,200,True,normal,market_aware_v1,47.844,53.284,174.284,25.771,0.703,75.193,43.473,1.719
a2b1a70a-bfd2-4f8b-8461-978fc736fb8e,2026-04-19T16:13:27.406072-04:00,node-01,orders-api,200,True,normal,market_aware_v1,59.092,47.526,151.482,31.91,0.647,80.766,81.026,1.778
f9562e5b-2cf5-4594-83b5-dfc56e5c1c0a,2026-04-19T16:13:27.428380-04:00,node-01,checkout-api,429,True,normal,market_aware_v1,59.923,50.326,154.366,28.168,0.701,75.851,57.431,1.713
3fd62f16-8192-48a6-bf17-4f0d62729ffd,2026-04-19T16:13:27.451000-04:00,node-01,payments-api,503,True,normal,market_aware_v1,50.788,52.985,179.31,24.053,0.765,84.128,43.982,2.025
a609582a-b08a-433c-94d0-bb108673b772,2026-04-19T16:13:27.467716-04:00,node-01,orders-api,429,True,normal,market_aware_v1,55.737,47.103,157.091,30.93,0.606,77.305,88.349,1.634
955cb523-5b4f-41cf-9b0e-f73f98316876,2026-04-19T16:13:27.486221-04:00,node-01,checkout-api,200,True,normal,market_aware_v1,55.837,53.715,176.684,30.11,0.75,79.755,66.463,1.755
c0096343-bfb0-4bd7-beb1-778a67aa3e3a,2026-04-19T16:13:27.515587-04:00,node-01,payments-api,200,True,normal,market_aware_v1,55.573,56.555,176.756,28.55,0.658,80.71,47.962,1.717
0df19477-85fb-4753-ac0c-1580553962bf,2026-04-19T16:13:27.532935-04:00,node-01,orders-api,200,True,normal,market_aware_v1,56.931,46.601,156.14,31.586,0.452,70.163,94.679,1.292
e41fcc12-729b-42c9-b3e7-de4245cc8b64,2026-04-19T16:13:27.561904-04:00,node-01,checkout-api,200,True,normal,market_aware_v1,60.473,49.923,166.665,30.309,0.797,76.219,67.476,1.797
fa633d7e-b5af-4dca-b051-df6b1a663611,2026-04-19T16:13:27.584176-04:00,node-01,payments-api,200,True,normal,market_aware_v1,52.117,55.55,185.774,24.771,0.754,84.667,53.972,1.922
61c1aec9-0654-44a6-a25e-50c1ec5b37a6,2026-04-19T16:13:27.606230-04:00,node-01,orders-api,429,True,normal,market_aware_v1,62.367,47.576,163.396,31.789,0.595,82.979,87.16,1.685
2aeca72f-4fac-4d3b-b08b-20be31744903,2026-04-19T16:13:27.622764-04:00,node-01,checkout-api,500,True,anomalous,market_aware_v1,60.526,57.255,179.65,32.892,1.078,82.716,61.307,2.232
805632ef-be39-4cfd-8f8f-645823c6f873,2026-04-19T16:13:27.650815-04:00,node-01,payments-api,502,True,normal,market_aware_v1,57.452,58.453,188.126,26.571,0.74,85.675,53.194,2.04
d6cb7a82-a938-4b7c-b093-d088d412b7ed,2026-04-19T16:13:27.673566-04:00,node-01,orders-api,200,True,normal,market_aware_v1,60.579,51.906,165.148,30.779,0.6,82.431,82.34,1.736
f7af3800-20c8-4f97-9183-eb8ec9d04f0c,2026-04-19T16:13:27.695629-04:00,node-01,checkout-api,502,True,anomalous,market_aware_v1,61.106,52.174,174.124,29.137,1.064,80.366,66.068,2.299
eced0176-d488-4097-9a84-5bfda8901b6c,2026-04-19T16:13:27.717327-04:00,node-01,payments-api,429,True,normal,market_aware_v1,54.666,52.806,168.582,30.134,0.796,85.083,52.359,2.004
c0904f33-fd15-45e9-9a2b-7958786d9125,2026-04-19T16:13:27.748910-04:00,node-01,orders-api,200,True,normal,market_aware_v1,58.955,49.166,145.481,31.52,0.546,70.09,86.294,1.387
dd217dc2-a004-4760-9e86-66d0525dc2a3,2026-04-19T16:13:27.773947-04:00,node-01,checkout-api,429,True,normal,market_aware_v1,56.182,52.242,159.944,31.629,0.709,76.956,67.347,1.846
a0b78bf2-bf25-42a0-851e-261137ca25a0,2026-04-19T16:13:27.796263-04:00,node-01,payments-api,502,True,normal,market_aware_v1,51.597,51.937,167.19,26.182,0.789,87.097,51.91,2.025
7b2b514a-dfd4-4941-9819-6e52e7e64368,2026-04-19T16:13:27.818217-04:00,node-01,orders-api,200,True,normal,market_aware_v1,56.016,47.849,154.134,29.593,0.626,81.902,86.928,1.737
ee44943c-860b-4492-8219-1337bb7e8bb7,2026-04-19T16:13:27.840405-04:00,node-01,checkout-api,200,True,normal,market_aware_v1,55.797,55.145,170.021,28.409,0.816,79.973,60.822,1.88
d3a63786-9601-4ae3-a823-3273b59e4043,2026-04-19T16:13:27.871589-04:00,node-01,payments-api,429,True,anomalous,market_aware_v1,53.75,54.465,176.869,27.074,1.063,77.31,46.304,2.12
9028efb4-19ea-4022-94e3-9ded7b481b6d,2026-04-19T16:13:27.896939-04:00,node-01,orders-api,429,True,normal,market_aware_v1,54.863,49.693,153.123,32.97,0.527,79.319,81.054,1.564
556e4e45-9ebb-4843-b8d6-9fef4dfd8d3e,2026-04-19T16:13:27.918965-04:00,node-01,checkout-api,200,True,normal,market_aware_v1,56.718,50.821,180.956,27.143,0.807,75.743,61.018,1.755
cc831cf0-0956-432c-9e80-d4cd7e3bc1b4,2026-04-19T16:13:27.952167-04:00,node-01,payments-api,200,True,normal,market_aware_v1,46.535,52.219,173.392,26.226,0.713,81.438,45.624,1.715
faf60959-2878-493e-b360-699e8804929b,2026-04-19T16:13:27.973816-04:00,node-01,orders-api,200,True,normal,market_aware_v1,55.852,50.778,155.38,31.524,0.589,76.064,90.539,1.571
673b8e5f-16e2-44cb-95b6-7fa3d8d91275,2026-04-19T16:13:28.030324-04:00,node-01,checkout-api,200,True,normal,market_aware_v1,54.992,49.571,166.335,30.027,0.738,78.269,58.118,1.856
6ffcb311-e50d-44fe-9ff4-67ac2cc08789,2026-04-19T16:13:28.067938-04:00,node-01,payments-api,200,True,normal,market_aware_v1,47.973,50.852,163.734,24.955,0.715,81.238,45.768,1.909
124b1470-dafc-4475-9557-0b1ddac5d10d,2026-04-19T16:13:28.084866-04:00,node-01,orders-api,502,True,normal,market_aware_v1,58.02,48.53,169.328,33.466,0.64,83.561,83.127,2.027
2e0cdbb7-c270-4a87-99aa-d9f5b24362e6,2026-04-19T16:13:28.126789-04:00,node-01,checkout-api,200,True,normal,market_aware_v1,51.074,49.395,157.871,28.238,0.694,74.786,66.51,1.643
80aa082d-4da3-492a-a856-6ce78a338245,2026-04-19T16:13:28.152500-04:00,node-01,payments-api,200,True,normal,market_aware_v1,49.24,50.697,169.332,23.687,0.626,79.726,45.813,1.72
519a1cda-11a4-4335-8d1f-9bf70e74b168,2026-04-19T16:13:28.174093-04:00,node-01,orders-api,200,True,normal,market_aware_v1,56.631,46.858,148.045,27.87,0.636,78.5,83.294,1.636
d9a9369a-63fc-4f52-b2b0-7422a6c92f14,2026-04-19T16:13:28.203877-04:00,node-01,checkout-api,200,True,normal,market_aware_v1,59.006,49.602,160.416,27.251,0.747,84.432,59.015,1.948
c7d1b3b6-b829-4e8c-a71c-dbe59180637c,2026-04-19T16:13:28.230070-04:00,node-01,payments-api,503,True,normal,market_aware_v1,54.478,54.033,194.771,28.785,0.962,90.567,48.458,2.676
91e3da82-5df8-4906-9b7b-92065ec8350d,2026-04-19T16:13:28.244820-04:00,node-01,orders-api,200,True,normal,market_aware_v1,58.682,49.446,140.808,33.346,0.603,70.403,89.033,1.324
04738fe5-cfbe-4000-bcb8-9d37a8674ba3,2026-04-19T16:13:28.274582-04:00,node-01,checkout-api,200,True,normal,market_aware_v1,56.277,54.069,172.555,25.486,0.839,78.745,58.176,1.933
5ad24c89-bc4b-4b88-b5e3-19c54d50927f,2026-04-19T16:13:28.289335-04:00,node-01,payments-api,200,True,normal,market_aware_v1,56.246,58.591,170.633,27.162,0.79,81.214,48.977,1.866
c1af4686-34bc-4ba5-85e9-aac6689371f7,2026-04-19T16:13:28.319868-04:00,node-01,orders-api,200,True,normal,market_aware_v1,57.912,48.803,161.252,30.172,0.696,82.901,84.417,1.791
28d1e40e-ab0d-45aa-a390-62314db76657,2026-04-19T16:13:28.342032-04:00,node-01,checkout-api,429,True,anomalous,market_aware_v1,64.059,54.289,190.079,31.406,1.237,91.787,53.951,2.59
541cec94-f7c4-4e88-b60b-0002a4f91cca,2026-04-19T16:13:28.364242-04:00,node-01,payments-api,200,True,normal,market_aware_v1,54.648,57.863,186.793,26.66,0.813,88.881,53.87,1.975
d765d838-4913-41e9-a8ac-67fc8104444a,2026-04-19T16:13:28.378825-04:00,node-01,orders-api,200,True,normal,market_aware_v1,62.106,50.86,167.987,32.676,0.715,83.646,89.027,1.77
453d87fb-4ae6-4b08-ba5a-271d48c66e3c,2026-04-19T16:13:28.408738-04:00,node-01,checkout-api,200,True,normal,market_aware_v1,57.688,53.931,163.291,33.216,0.784,76.064,68.371,1.87
dd7fe753-2bca-48ac-81ed-e000b5c5f893,2026-04-19T16:13:28.439033-04:00,node-01,payments-api,500,True,normal,market_aware_v1,57.55,57.093,192.264,26.045,0.824,83.977,52.058,2.018
13b8b54e-8e62-4b5d-b981-60edb645d4a9,2026-04-19T16:13:28.464301-04:00,node-01,orders-api,429,True,normal,market_aware_v1,64.12,56.545,174.182,34.437,0.786,89.517,92.671,2.063
684ce7a4-e7eb-414a-b3b2-4b4464928b9d,2026-04-19T16:13:28.479433-04:00,node-01,checkout-api,200,True,normal,market_aware_v1,62.096,51.462,165.802,30.4,0.689,81.205,68.978,1.85
76a36efa-9eb0-45af-9524-2b8d28700dcf,2026-04-19T16:13:28.508852-04:00,node-01,payments-api,502,True,anomalous,market_aware_v1,57.567,60.875,178.95,26.247,1.037,85.457,57.265,2.448
ebb4fe9f-0ab2-4b04-9da3-31d34a7716f6,2026-04-19T16:13:28.525597-04:00,node-01,orders-api,200,True,normal,market_aware_v1,65.884,52.621,164.367,36.565,0.654,78.67,95.661,1.692
2097f1bb-925d-4202-a258-883c063fbbb2,2026-04-19T16:13:28.554064-04:00,node-01,checkout-api,200,True,normal,market_aware_v1,64.792,55.326,157.287,31.886,0.826,78.627,76.4,1.96
72509ef6-a4e3-4ed0-a589-b5a442c1efb5,2026-04-19T16:13:28.575561-04:00,node-01,payments-api,200,True,normal,market_aware_v1,57.568,58.135,196.333,28.035,0.812,87.795,58.035,1.968
cedb67a4-b8e4-4108-a3da-0e57a9282908,2026-04-19T16:13:28.591137-04:00,node-01,orders-api,429,True,normal,market_aware_v1,61.7,52.458,152.327,31.641,0.568,75.334,94.626,1.504
212411c6-1c7f-4453-83f5-a10402ff1af1,2026-04-19T16:13:28.653733-04:00,node-01,checkout-api,500,True,anomalous,market_aware_v1,65.48,54.361,182.397,32.241,1.162,90.684,61.458,2.623
0262bf81-2e0c-4e6e-9cd5-d45469b0e716,2026-04-19T16:13:28.668815-04:00,node-01,payments-api,429,True,normal,market_aware_v1,56.554,56.037,179.457,26.813,0.748,89.232,52.596,2.005
acb94815-e252-46e9-b58b-b7f0f586dbd8,2026-04-19T16:13:28.713709-04:00,node-01,orders-api,200,True,normal,market_aware_v1,61.909,49.89,153.928,33.239,0.674,80.66,87.328,1.744
41e414c6-2e65-442e-89c5-d51d845a3991,2026-04-19T16:13:28.754250-04:00,node-01,checkout-api,500,True,normal,market_aware_v1,62.012,53.752,184.877,29.91,0.872,85.899,62.578,2.093
1b09ef06-03f1-48d5-994c-4deae6cf00ed,2026-04-19T16:13:28.768837-04:00,node-01,payments-api,429,True,normal,market_aware_v1,56.107,55.183,181.023,25.068,0.73,80.921,52.27,1.778
d82a1678-5a01-402f-b731-c6906a5260e0,2026-04-19T16:13:28.798673-04:00,node-01,orders-api,429,True,anomalous,market_aware_v1,63.524,50.613,169.87,30.912,0.887,85.959,73.665,2.157
a19c8d1d-1702-43c4-9a4e-124c15e2d217,2026-04-19T16:13:28.828644-04:00,node-01,checkout-api,200,True,normal,market_aware_v1,60.123,51.318,186.528,28.787,0.756,83.344,67.07,1.857
ec4adbc0-cc02-4d23-bad0-878f80f2b016,2026-04-19T16:13:28.854346-04:00,node-01,payments-api,200,True,normal,market_aware_v1,53.215,54.652,174.705,26.637,0.673,80.613,47.733,1.759
75641ccc-bdee-4d47-95a6-21535079bcb4,2026-04-19T16:13:28.870323-04:00,node-01,orders-api,200,True,normal,market_aware_v1,55.423,48.882,151.68,30.32,0.737,82.487,79.147,1.839
09370f67-98e7-4460-b5c4-7e774d689c1f,2026-04-19T16:13:28.899002-04:00,node-01,checkout-api,200,True,normal,market_aware_v1,54.77,50.355,169.483,26.539,0.87,83.117,55.548,1.912
2e975207-1fa1-412f-8b65-f1da6bc4c93e,2026-04-19T16:13:28.917196-04:00,node-01,payments-api,503,True,anomalous,market_aware_v1,52.704,53.503,173.251,27.721,1.058,85.163,43.328,2.322
3ad36c67-6cc0-4322-9248-8b3fbe3a08ba,2026-04-19T16:13:28.944450-04:00,node-01,orders-api,200,True,normal,market_aware_v1,49.918,49.377,141.102,31.547,0.507,69.553,83.981,1.327
a400e3e6-0fbd-483f-98cb-945ff59d5fae,2026-04-19T16:13:28.966518-04:00,node-01,checkout-api,200,True,normal,market_aware_v1,52.217,46.65,158.461,27.315,0.724,73.617,61.105,1.679
55de2102-19a3-46ea-a1c9-8d479493518f,2026-04-19T16:13:28.989096-04:00,node-01,payments-api,429,True,anomalous,market_aware_v1,50.246,49.004,202.563,27.235,1.058,89.151,40.488,2.426
3b55ebdb-0a68-46b3-86ab-a6a679846d58,2026-04-19T16:13:29.011010-04:00,node-01,orders-api,200,True,normal,market_aware_v1,53.853,44.943,152.47,28.436,0.676,78.033,76.441,1.597
760ebf26-a90d-4d1f-9409-19f373bb89a1,2026-04-19T16:13:29.033091-04:00,node-01,checkout-api,200,True,normal,market_aware_v1,51.423,47.591,158.69,28.277,0.856,78.733,55.399,1.827
8ce0c3fd-4f98-4293-91e8-753428a48df7,2026-04-19T16:13:29.045427-04:00,node-01,payments-api,200,True,normal,market_aware_v1,45.261,51.265,172.443,24.31,0.645,80.164,43.247,1.756
d020edbb-21ac-4f80-bc18-8fd196d5cb94,2026-04-19T16:13:29.077155-04:00,node-01,orders-api,200,True,normal,market_aware_v1,50.888,45.206,150.532,28.686,0.627,77.164,78.489,1.605
a85df30e-a7f9-4527-8957-1655126d3c77,2026-04-19T16:13:29.091315-04:00,node-01,checkout-api,500,True,anomalous,market_aware_v1,54.298,47.601,195.549,30.97,1.171,93.336,47.036,2.761
21cbf919-2e1e-4a46-be32-85d3173a5b00,2026-04-19T16:13:29.122338-04:00,node-01,payments-api,429,True,normal,market_aware_v1,45.825,50.288,171.01,24.826,0.665,79.984,42.09,1.799
70349645-66d7-4010-beac-7ec4b0260b3f,2026-04-19T16:13:29.144859-04:00,node-01,orders-api,200,True,normal,market_aware_v1,53.927,46.244,135.603,29.569,0.505,72.416,79.473,1.329
76dc688b-208c-4572-9d27-206567769998,2026-04-19T16:13:29.167317-04:00,node-01,checkout-api,200,True,normal,market_aware_v1,53.311,48.556,173.498,27.375,0.794,83.133,64.974,1.941
bdfe2617-ad0f-4f3d-a498-6799864f6e04,2026-04-19T16:13:29.189760-04:00,node-01,payments-api,200,True,normal,market_aware_v1,48.482,52.2,167.457,22.723,0.604,74.165,45.158,1.642
c16557e0-eee0-4a33-ab48-7d884cc0179d,2026-04-19T16:13:29.205808-04:00,node-01,orders-api,200,True,normal,market_aware_v1,56.612,47.441,142.679,27.341,0.573,71.451,82.795,1.311
f6a820f3-0247-47ae-afb9-261e5d87830b,2026-04-19T16:13:29.222618-04:00,node-01,checkout-api,502,True,normal,market_aware_v1,52.663,52.219,175.197,26.046,0.808,84.22,57.842,2.049
f5680b57-858f-4439-83a0-6a5563b04a87,2026-04-19T16:13:29.272934-04:00,node-01,payments-api,200,True,normal,market_aware_v1,48.247,52.119,180.285,22.999,0.692,82.414,46.964,1.849
045003f8-c868-42e5-89ea-ddf1fd58933f,2026-04-19T16:13:29.312255-04:00,node-01,orders-api,200,True,normal,market_aware_v1,57.459,47.405,169.072,30.511,0.698,88.455,77.478,1.893
f500f37d-cc68-43fb-aa42-396b5b01ae39,2026-04-19T16:13:29.341165-04:00,node-01,checkout-api,429,True,normal,market_aware_v1,56.384,51.851,169.381,29.873,0.572,73.678,62.225,1.541
652aceda-d8fe-41c8-a0eb-bf3433ef214a,2026-04-19T16:13:29.368238-04:00,node-01,payments-api,200,True,normal,market_aware_v1,54.308,52.405,181.855,24.557,0.74,81.238,48.938,1.874
526861c6-0dd8-4471-8142-40c5d07051f4,2026-04-19T16:13:29.400303-04:00,node-01,orders-api,200,True,normal,market_aware_v1,61.285,46.492,141.084,31.51,0.64,77.69,85.593,1.519
1beec23f-f4e1-4bc3-a61b-d6f47344ff3a,2026-04-19T16:13:29.423965-04:00,node-01,checkout-api,503,True,normal,market_aware_v1,59.882,52.078,177.412,31.819,0.798,88.097,61.051,2.12
d6ca0719-94dc-4045-a036-6d2db967c672,2026-04-19T16:13:29.446328-04:00,node-01,payments-api,500,True,normal,market_aware_v1,56.709,52.362,198.612,28.721,0.87,89.381,54.294,2.438
c0ece2cd-0513-4eb0-a23c-846767711fa1,2026-04-19T16:13:29.490106-04:00,node-01,orders-api,200,True,normal,market_aware_v1,61.664,49.16,161.557,31.362,0.603,84.233,84.816,1.798
96ff2f07-c243-410a-a57d-554d048251b5,2026-04-19T16:13:29.513374-04:00,node-01,checkout-api,429,True,normal,market_aware_v1,57.833,56.077,180.127,29.591,0.827,83.265,68.043,2.104
c9344c15-1ce7-4e9a-b91a-57ff4fb43946,2026-04-19T16:13:29.535529-04:00,node-01,payments-api,503,True,normal,market_aware_v1,59.215,53.801,196.705,25.987,0.84,88.834,49.359,2.098
394698d0-71d5-468a-ac6d-9e5678c7cb49,2026-04-19T16:13:29.557363-04:00,node-01,orders-api,429,True,normal,market_aware_v1,60.558,50.105,149.926,32.824,0.615,79.947,89.461,1.608
e1ff851f-1cc8-4e18-b0c0-722dac260f14,2026-04-19T16:13:29.589921-04:00,node-01,checkout-api,200,True,normal,market_aware_v1,58.837,54.952,171.534,28.027,0.871,81.036,65.965,1.947
3f0eb39e-357c-47a9-aa1f-fb7e54ad92f8,2026-04-19T16:13:29.613381-04:00,node-01,payments-api,200,True,normal,market_aware_v1,52.735,53.565,182.623,27.411,0.773,83.626,52.56,1.832
0e770a69-930b-4c52-94cb-79693f0c81db,2026-04-19T16:13:29.636102-04:00,node-01,orders-api,200,True,normal,market_aware_v1,60.332,49.227,151.1,31.076,0.648,80.341,85.505,1.665
421dc09a-90f9-4444-b81e-833a24da50e7,2026-04-19T16:13:29.658559-04:00,node-01,checkout-api,503,True,normal,market_aware_v1,59.842,51.66,180.058,31.006,0.9,91.491,65.971,2.151
97a00be6-9379-42f9-a4ca-601f36a569ae,2026-04-19T16:13:29.680496-04:00,node-01,payments-api,200,True,normal,market_aware_v1,55.156,54.894,169.882,26.364,0.653,77.506,55.333,1.67
62e5c501-1077-4830-aa70-3e967bd97d50,2026-04-19T16:13:29.702050-04:00,node-01,orders-api,200,True,normal,market_aware_v1,58.821,46.107,147.49,30.908,0.64,78.516,89.008,1.688
1da06631-9be3-4728-a8cb-546a398e0305,2026-04-19T16:13:29.733779-04:00,node-01,checkout-api,200,True,normal,market_aware_v1,59.53,52.339,173.326,30.739,0.837,81.891,58.059,1.877
50d4d0c1-8487-48ed-8bf9-6d4fa96ba877,2026-04-19T16:13:29.758923-04:00,node-01,payments-api,500,True,normal,market_aware_v1,54.206,51.422,196.636,26.435,0.935,91.681,46.894,2.463
d120f507-fe78-4d27-a996-c826c19c495a,2026-04-19T16:13:29.780473-04:00,node-01,orders-api,429,True,normal,market_aware_v1,59.17,47.622,168.341,30.555,0.674,84.574,86.468,1.697
7108346b-4083-4ca8-b5ca-94123137f7f6,2026-04-19T16:13:29.812961-04:00,node-01,checkout-api,200,True,normal,market_aware_v1,55.635,51.27,164.956,28.553,0.793,82.421,63.696,1.973
a2dcd5fa-9da3-4ac1-9b36-92ff9f2701ab,2026-04-19T16:13:29.833840-04:00,node-01,payments-api,200,True,normal,market_aware_v1,53.512,52.127,180.055,26.537,0.714,84.284,50.307,1.851
38999ad0-8004-47bd-82d1-a394817e483a,2026-04-19T16:13:29.853677-04:00,node-01,orders-api,429,True,normal,market_aware_v1,54.153,48.941,149.987,31.124,0.599,80.434,85.321,1.639
16f0ad71-8064-4595-b9c2-1355446a971f,2026-04-19T16:13:29.876619-04:00,node-01,checkout-api,429,True,normal,market_aware_v1,52.42,50.621,176.42,29.231,0.781,87.035,57.38,2.121
8521a74c-5a76-4905-95df-d09cd52e3625,2026-04-19T16:13:29.903437-04:00,node-01,payments-api,200,True,normal,market_aware_v1,52.284,53.871,185.438,24.179,0.747,84.542,42.611,1.948
ddb15c72-6a2f-4f6a-a0da-96fba6c14c7c,2026-04-19T16:13:29.925841-04:00,node-01,orders-api,429,True,normal,market_aware_v1,55.755,45.578,153.015,28.63,0.618,77.411,82.445,1.571
156664f1-a570-40cb-aa0a-a004bb365722,2026-04-19T16:13:29.960779-04:00,node-01,checkout-api,503,True,anomalous,market_aware_v1,57.766,53.75,173.609,29.234,1.171,88.954,53.758,2.529
47d197f2-6fcd-41f6-ac2b-2399f2c1b706,2026-04-19T16:13:29.987359-04:00,node-01,payments-api,500,True,anomalous,market_aware_v1,51.32,52.303,184.593,25.177,0.983,77.211,43.915,2.051
8ed350cb-dded-4ce9-927a-4d413bb187c0,2026-04-19T16:13:30.015300-04:00,node-01,orders-api,200,True,normal,market_aware_v1,56.664,49.658,153.171,29.543,0.588,77.857,80.176,1.5
65a571dc-4dcf-4919-a3ea-fe2957d305ba,2026-04-19T16:13:30.038620-04:00,node-01,checkout-api,502,True,normal,market_aware_v1,56.135,51.819,183.031,28.761,0.853,89.323,55.765,2.141
3f477a53-b0f5-4e26-8f32-401d8d896a83,2026-04-19T16:13:30.069452-04:00,node-01,payments-api,502,True,normal,market_aware_v1,50.527,49.93,203.692,23.308,0.853,93.818,42.976,2.303
79b46d20-cdfc-40d4-a693-ffb8111c736c,2026-04-19T16:13:30.093994-04:00,node-01,orders-api,429,True,normal,market_aware_v1,59.46,45.216,150.896,31.426,0.626,83.239,82.787,1.72
79c00e9c-229f-4967-a14d-424bac05288b,2026-04-19T16:13:30.114960-04:00,node-01,checkout-api,503,True,normal,market_aware_v1,54.738,49.007,179.602,26.782,0.913,86.831,55.493,2.195
a0e825e9-b898-4f56-ab84-ea34b2693432,2026-04-19T16:13:30.147580-04:00,node-01,payments-api,200,True,normal,market_aware_v1,51.237,53.144,165.081,25.767,0.67,75.844,49.596,1.634
b0bb7921-47be-4490-9fc9-06029107a622,2026-04-19T16:13:30.170700-04:00,node-01,orders-api,200,True,normal,market_aware_v1,58.906,46.612,147.201,31.307,0.551,76.659,85.72,1.43
a7c49ba3-0905-4025-98d0-b183ba4b3a08,2026-04-19T16:13:30.202235-04:00,node-01,checkout-api,200,True,normal,market_aware_v1,56.028,52.713,169.011,30.926,0.824,81.599,62.546,1.938
49978635-f138-4791-912e-18848f9cd7ae,2026-04-19T16:13:30.226958-04:00,node-01,payments-api,200,True,normal,market_aware_v1,53.074,54.746,169.353,24.484,0.69,79.883,47.2,1.802
e713cf05-bf99-48b7-8f16-2f2f05bcf163,2026-04-19T16:13:30.248958-04:00,node-01,orders-api,200,True,normal,market_aware_v1,60.944,50.694,159.29,32.128,0.633,82.948,87.476,1.85
0a7ea737-b8b3-43bf-8ba6-d9c3799b0f96,2026-04-19T16:13:30.271364-04:00,node-01,checkout-api,200,True,normal,market_aware_v1,56.205,54.307,164.915,30.497,0.768,78.837,66.895,1.642
bfea803c-f2af-4f36-ad31-0b4006989144,2026-04-19T16:13:30.294124-04:00,node-01,payments-api,502,True,normal,market_aware_v1,55.124,54.802,182.874,25.349,0.859,84.558,49.495,2.043
19d2c29d-244b-4bb0-95f8-ab1005fda1b7,2026-04-19T16:13:30.316025-04:00,node-01,orders-api,200,True,normal,market_aware_v1,60.251,51.864,158.492,32.102,0.645,83.666,83.951,1.703
54b97dfa-60a1-4988-a295-02b81a49b998,2026-04-19T16:13:30.337928-04:00,node-01,checkout-api,429,True,normal,market_aware_v1,60.109,54.95,180.176,28.133,0.806,81.554,70.922,1.998
8d7a5bcb-5ca4-4cd3-8ee0-d3637abec5c8,2026-04-19T16:13:30.353871-04:00,node-01,payments-api,200,True,normal,market_aware_v1,52.147,56.736,174.583,28.601,0.642,79.355,61.988,1.783
9b005bce-3dd7-4e7f-ada2-39391ef04560,2026-04-19T16:13:30.383361-04:00,node-01,orders-api,200,True,normal,market_aware_v1,64.231,49.752,159.626,33.028,0.654,84.194,85.869,1.772
66a86463-afbf-4193-831f-5dad049da65d,2026-04-19T16:13:30.400583-04:00,node-01,checkout-api,200,True,normal,market_aware_v1,58.738,53.655,172.762,31.322,0.721,77.867,68.799,1.804
1cae3b5f-f929-45be-935f-51140728ae35,2026-04-19T16:13:30.417005-04:00,node-01,payments-api,200,True,normal,market_aware_v1,57.415,56.237,177.401,28.491,0.61,83.729,58.61,1.745
81d384b2-81a5-4ef1-9ede-1c753fc6999a,2026-04-19T16:13:30.437945-04:00,node-01,orders-api,200,True,normal,market_aware_v1,65.051,51.516,159.447,33.647,0.649,83.978,95.16,1.787
a8a7edb8-3db6-4b73-bf7a-f2303bc49586,2026-04-19T16:13:30.480616-04:00,node-01,checkout-api,502,True,normal,market_aware_v1,62.692,52.311,178.201,32.546,0.805,87.772,70.375,2.074
983e0f97-516e-45e0-9506-9c3c1e207958,2026-04-19T16:13:30.506070-04:00,node-01,payments-api,429,True,normal,market_aware_v1,59.587,56.875,181.159,29.274,0.794,87.815,54.607,2.019
0b654c2c-077a-401c-8215-f92960f3a5d4,2026-04-19T16:13:30.527917-04:00,node-01,orders-api,200,True,normal,market_aware_v1,68.006,53.808,175.816,32.267,0.66,92.561,90.613,1.932
07c56730-5ff3-4b18-a923-0179c5bf2743,2026-04-19T16:13:30.558774-04:00,node-01,checkout-api,429,True,anomalous,market_aware_v1,62.492,56.386,193.149,32.66,1.206,86.801,66.804,2.505
1c9459b8-50b4-43fb-a1c2-8cbb46f94330,2026-04-19T16:13:30.583208-04:00,node-01,payments-api,200,True,normal,market_aware_v1,53.713,57.58,161.987,27.394,0.653,77.65,61.884,1.738
177a9c0c-517a-4460-a451-3e3c6c022fcc,2026-04-19T16:13:30.600055-04:00,node-01,orders-api,200,True,normal,market_aware_v1,61.833,48.435,161.84,32.82,0.644,82.494,90.558,1.629
d9bdfd81-1dd5-4afa-b847-c42e6660c42c,2026-04-19T16:13:30.627994-04:00,node-01,checkout-api,200,True,normal,market_aware_v1,59.751,53.871,175.415,27.591,0.716,80.114,66.316,1.856
69f72543-913a-43a3-9abf-76b4f5f71e7d,2026-04-19T16:13:30.644731-04:00,node-01,payments-api,429,True,anomalous,market_aware_v1,59.89,58.471,194.71,27.932,1.145,92.089,46.55,2.587
76425119-7511-4347-aece-ce070c0cd289,2026-04-19T16:13:30.672487-04:00,node-01,orders-api,200,True,normal,market_aware_v1,57.514,54.037,158.874,32.607,0.636,77.262,88.403,1.581
8be3830d-0961-4627-a344-4631d011af51,2026-04-19T16:13:30.688844-04:00,node-01,checkout-api,429,True,anomalous,market_aware_v1,59.058,55.441,178.624,31.028,1.183,81.778,59.077,2.468
55323241-8ad8-4950-a0a0-01da9829af04,2026-04-19T16:13:30.716987-04:00,node-01,payments-api,200,True,normal,market_aware_v1,53.442,52.309,173.868,25.283,0.618,78.261,50.034,1.749
03d7d237-bdc7-4cac-806b-4571e2103b8a,2026-04-19T16:13:30.733588-04:00,node-01,orders-api,429,True,normal,market_aware_v1,57.984,48.749,155.84,31.09,0.644,80.415,84.281,1.715
813f633c-ece7-4eb4-a38b-9ba4e15b0f35,2026-04-19T16:13:30.762548-04:00,node-01,checkout-api,200,True,normal,market_aware_v1,57.636,49.631,169.449,28.487,0.731,78.902,58.092,1.915
5eb97b0f-2b6d-4a84-8be8-38bfaf749aa5,2026-04-19T16:13:30.784704-04:00,node-01,payments-api,200,True,normal,market_aware_v1,50.129,50.143,178.068,25.452,0.747,85.796,53.683,1.857
cd4f1dd4-0697-4482-8778-2421dc3c83e0,2026-04-19T16:13:30.806747-04:00,node-01,orders-api,502,True,normal,market_aware_v1,57.797,49.123,164.301,32.45,0.895,86.652,83.588,2.231
223a6f8e-e253-43e8-aaae-5ae629657fe6,2026-04-19T16:13:30.829378-04:00,node-01,checkout-api,200,True,normal,market_aware_v1,57.201,48.346,177.815,27.189,0.849,80.883,57.287,1.946
fe84527e-59e5-48bd-b2b5-8d2353b5d708,2026-04-19T16:13:30.851602-04:00,node-01,payments-api,503,True,anomalous,market_aware_v1,52.047,51.922,187.744,25.017,1.043,88.047,40.858,2.39
e69751d2-bfe4-4113-9e69-0aee30392f4a,2026-04-19T16:13:30.873725-04:00,node-01,orders-api,200,True,anomalous,market_aware_v1,56.848,45.956,146.65,30.546,0.847,75.96,73.769,1.918
7ae22138-66d9-4b6f-a16b-cb4473f61ea9,2026-04-19T16:13:30.895496-04:00,node-01,checkout-api,200,True,normal,market_aware_v1,47.198,50.662,156.869,26.847,0.632,73.969,53.228,1.624
713eab0a-6b05-4fcd-b87f-493e8d50ca3a,2026-04-19T16:13:30.912048-04:00,node-01,payments-api,200,True,normal,market_aware_v1,43.749,47.26,179.307,25.465,0.685,78.658,43.4,1.746
d89790ab-ce06-4820-a13e-ffdc485a7385,2026-04-19T16:13:30.929453-04:00,node-01,orders-api,200,True,normal,market_aware_v1,53.688,46.401,149.761,27.64,0.477,71.886,83.298,1.356
1e86cb3b-25b2-418c-a933-38b26fc83fee,2026-04-19T16:13:30.952254-04:00,node-01,checkout-api,429,True,normal,market_aware_v1,52.666,47.335,185.649,26.157,0.797,85.628,48.358,1.984
d084f43e-612b-4f9f-8876-19d7c0b81825,2026-04-19T16:13:30.971608-04:00,node-01,payments-api,200,True,normal,market_aware_v1,46.209,48.806,170.718,22.066,0.733,83.108,50.837,1.686
1d13fe47-7dc8-4421-b568-2a4fcf8a633f,2026-04-19T16:13:30.996853-04:00,node-01,orders-api,429,True,normal,market_aware_v1,49.606,45.142,145.974,30.114,0.601,78.731,76.83,1.542
ffa7e7fd-e199-4b9a-b29a-90be8ccf3db2,2026-04-19T16:13:31.018939-04:00,node-01,checkout-api,429,True,normal,market_aware_v1,49.069,50.374,161.795,30.24,0.755,76.532,59.211,1.708
ac222fbc-a3e1-499e-ad7d-b8dbc1325087,2026-04-19T16:13:31.041008-04:00,node-01,payments-api,500,True,normal,market_aware_v1,52.403,53.454,203.515,22.054,0.926,93.609,39.775,2.4
74e355da-ba58-4cad-8eeb-9e2a6d74fdc9,2026-04-19T16:13:31.063509-04:00,node-01,orders-api,200,True,normal,market_aware_v1,52.104,42.508,145.647,30.331,0.59,74.739,79.437,1.484
61e4cb85-2f60-4eda-87d2-d7df053d178a,2026-04-19T16:13:31.085571-04:00,node-01,checkout-api,200,True,normal,market_aware_v1,55.36,47.611,179.888,27.962,0.76,81.12,51.438,1.917
e72d1887-55da-4623-bd28-8f630ca290cf,2026-04-19T16:13:31.101603-04:00,node-01,payments-api,500,True,normal,market_aware_v1,51.722,49.735,196.563,25.366,0.687,89.752,45.172,2.004
d2e038cf-69fe-46e8-99dc-f6f150597b60,2026-04-19T16:13:31.129575-04:00,node-01,orders-api,429,True,normal,market_aware_v1,57.685,46.452,165.323,30.391,0.57,79.796,82.487,1.549
a24fa746-6ac3-4523-b7bd-e2970125795b,2026-04-19T16:13:31.163672-04:00,node-01,checkout-api,500,True,anomalous,market_aware_v1,58.847,54.143,179.789,31.261,1.169,87.429,55.216,2.477
5ff2a80b-0c7f-407a-ad44-ae0cd1277658,2026-04-19T16:13:31.185647-04:00,node-01,payments-api,502,True,normal,market_aware_v1,56.147,53.358,195.922,25.419,0.932,92.113,44.088,2.331
c48ab57a-a111-471b-8d5f-d5b3e4d3fba5,2026-04-19T16:13:31.200931-04:00,node-01,orders-api,429,True,normal,market_aware_v1,59.012,49.85,164.038,32.05,0.708,84.304,83.24,1.795
6d785dda-5ff0-4094-b6d5-b9faf412a317,2026-04-19T16:13:31.230367-04:00,node-01,checkout-api,429,True,normal,market_aware_v1,55.429,53.186,167.829,30.149,0.793,75.873,67.767,1.673
c884ffe2-2ed4-4762-bd7e-8c10a6323cd4,2026-04-19T16:13:31.260782-04:00,node-01,payments-api,200,True,normal,market_aware_v1,52.014,51.77,181.502,26.9,0.804,82.02,55.583,1.951
51e01710-11b7-410f-a663-29b7aff94a4d,2026-04-19T16:13:31.287012-04:00,node-01,orders-api,200,True,normal,market_aware_v1,58.049,49.176,156.762,31.458,0.696,84.662,85.101,1.898
4ad7c74f-88d8-490b-a565-9c973e242d37,2026-04-19T16:13:31.308792-04:00,node-01,checkout-api,503,True,normal,market_aware_v1,58.065,52.134,194.073,28.592,0.87,89.066,64.159,2.173
950a6399-e1f1-4b41-b922-5d3c3a0c6dc5,2026-04-19T16:13:31.330714-04:00,node-01,payments-api,200,True,normal,market_aware_v1,54.269,53.44,175.886,26.709,0.614,81.011,54.67,1.727
0f93944e-707b-4a5f-9835-d59806f7b09d,2026-04-19T16:13:31.363459-04:00,node-01,orders-api,200,True,normal,market_aware_v1,62.812,49.541,167.81,30.248,0.634,81.122,89.588,1.684
9f755184-8730-4519-aa0a-e70ea254b6fd,2026-04-19T16:13:31.387014-04:00,node-01,checkout-api,503,True,normal,market_aware_v1,57.563,53.752,175.95,28.2,0.874,88.939,59.522,2.154
109c6cda-c985-4c4b-b8fa-ed3292d16bf5,2026-04-19T16:13:31.409562-04:00,node-01,payments-api,200,True,normal,market_aware_v1,55.154,57.892,184.525,26.476,0.821,83.755,56.008,1.994
f5f68db1-d478-4170-a302-9f4ab960123b,2026-04-19T16:13:31.442766-04:00,node-01,orders-api,429,True,normal,market_aware_v1,64.161,51.262,162.58,32.517,0.66,80.274,89.753,1.732
9f3908d9-5309-4781-a365-3c05972489b8,2026-04-19T16:13:31.464602-04:00,node-01,checkout-api,200,True,normal,market_aware_v1,57.97,53.129,156.479,29.565,0.809,74.696,65.739,1.73
707ae3d5-d705-4b89-a451-2868080458f1,2026-04-19T16:13:31.487444-04:00,node-01,payments-api,503,True,anomalous,market_aware_v1,63.955,58.832,213.664,28.347,1.138,97.454,43.78,2.719
a05a644a-9305-403a-a227-5d7e47429c9f,2026-04-19T16:13:31.509778-04:00,node-01,orders-api,200,True,normal,market_aware_v1,60.777,50.012,157.203,30.089,0.65,81.704,86.861,1.682
432920d5-b69c-4c38-ba53-4ec8c00c4683,2026-04-19T16:13:31.532064-04:00,node-01,checkout-api,503,True,anomalous,market_aware_v1,63.679,57.852,193.129,29.965,1.074,85.684,68.339,2.46
b00b19bf-93ac-48b3-bcfe-ddf1e1f9a903,2026-04-19T16:13:31.554109-04:00,node-01,payments-api,500,True,normal,market_aware_v1,58.164,54.696,178.142,26.326,0.824,86.899,45.376,2.163
4a5c48c0-3431-4ec2-896f-13e1bc39defc,2026-04-19T16:13:31.584432-04:00,node-01,orders-api,200,True,normal,market_aware_v1,59.149,49.22,167.849,30.688,0.76,82.326,80.182,1.866
3bca6d04-fd28-43e7-abf9-d836fc8c1532,2026-04-19T16:13:31.610720-04:00,node-01,checkout-api,200,True,normal,market_aware_v1,59.919,51.59,170.766,30.91,0.728,75.294,65.942,1.818
e1acd081-1f6c-42a2-ac79-388958765a21,2026-04-19T16:13:31.643049-04:00,node-01,payments-api,200,True,normal,market_aware_v1,49.751,54.868,184.797,25.676,0.703,86.222,46.506,1.929
b4ec2311-69af-438e-9911-f203f4d744cf,2026-04-19T16:13:31.659201-04:00,node-01,orders-api,200,True,normal,market_aware_v1,56.65,47.801,170.717,30.288,0.563,76.556,83.525,1.63
9b71fe7b-425b-4505-95b3-f6eff6ae4385,2026-04-19T16:13:31.687888-04:00,node-01,checkout-api,502,True,normal,market_aware_v1,53.675,54.781,166.517,29.911,0.814,82.503,57.828,2.064
0150c9d3-6bf7-43d7-bcfc-fb64f083a184,2026-04-19T16:13:31.718920-04:00,node-01,payments-api,200,True,normal,market_aware_v1,47.956,49.336,169.207,24.298,0.654,76.503,44.992,1.687
28b263ec-e61d-4d5e-adaa-1dbecb05e214,2026-04-19T16:13:31.743929-04:00,node-01,orders-api,200,True,normal,market_aware_v1,56.281,46.428,162.465,29.465,0.562,79.475,79.765,1.532
87c8be4c-6de5-43f5-a19b-174b02d549e7,2026-04-19T16:13:31.766173-04:00,node-01,checkout-api,200,True,normal,market_aware_v1,55.246,51.966,175.971,26.7,0.812,84.182,58.631,1.889
43d73714-1d7e-4711-b3ee-99157d640de9,2026-04-19T16:13:31.788449-04:00,node-01,payments-api,429,True,normal,market_aware_v1,48.959,54.845,172.283,25.029,0.78,81.213,43.703,1.812
b62bba70-6076-4faa-88e2-def662f9b263,2026-04-19T16:13:31.805022-04:00,node-01,orders-api,200,True,normal,market_aware_v1,52.31,48.512,155.734,31.563,0.617,83.392,74.47,1.691
c044c17f-7def-4663-8282-8b4b4327b7eb,2026-04-19T16:13:31.832640-04:00,node-01,checkout-api,200,True,normal,market_aware_v1,50.991,51.777,167.909,27.977,0.778,82.773,54.687,1.946
1dae0f1c-8c46-46bb-9159-9f693e054388,2026-04-19T16:13:31.849892-04:00,node-01,payments-api,502,True,normal,market_aware_v1,51.035,52.102,189.727,23.546,0.818,89.988,35.985,2.33
10811409-48a0-4a43-83bf-fd556a3654d4,2026-04-19T16:13:31.877828-04:00,node-01,orders-api,200,True,normal,market_aware_v1,56.855,43.981,156.441,31.592,0.595,79.664,78.512,1.674
c6610971-ae8d-4afd-aece-f1a98d08f161,2026-04-19T16:13:31.900109-04:00,node-01,checkout-api,502,True,normal,market_aware_v1,54.845,48.99,174.156,26.637,0.834,85.926,55.564,2.01
7529f7ff-9214-459e-a4e1-6f581ce2be63,2026-04-19T16:13:31.923031-04:00,node-01,payments-api,200,True,normal,market_aware_v1,56.084,55.461,164.962,28.187,0.658,78.408,49.636,1.65
008b47ec-18f5-48f6-b3f2-2b13572d9dab,2026-04-19T16:13:31.945156-04:00,node-01,orders-api,200,True,normal,market_aware_v1,56.849,49.302,178.24,29.272,0.719,86.387,74.478,1.945
9394806c-1dcd-4736-9e61-1c469cac9cba,2026-04-19T16:13:31.967326-04:00,node-01,checkout-api,502,True,normal,market_aware_v1,55.998,50.848,184.958,29.056,0.892,87.096,60.301,2.141
89383730-36d6-4a1f-8b16-85007fb2515f,2026-04-19T16:13:31.989681-04:00,node-01,payments-api,502,True,normal,market_aware_v1,50.92,54.707,177.528,26.964,0.656,88.534,44.215,2.022
3fbe88e6-3717-43a6-bbee-1f6db9351527,2026-04-19T16:13:32.012467-04:00,node-01,orders-api,200,True,normal,market_aware_v1,59.781,50.48,164.6,30.736,0.589,82.356,82.437,1.649
341079de-3d4b-4cba-a42c-0dbbf00f627e,2026-04-19T16:13:32.030347-04:00,node-01,checkout-api,200,True,normal,market_aware_v1,57.348,49.686,167.88,28.189,0.806,82.876,58.462,1.856
ec557d63-112a-4ad0-be07-2c35e71efe00,2026-04-19T16:13:32.045385-04:00,node-01,payments-api,200,True,normal,market_aware_v1,55.727,58.197,180.018,26.928,0.703,80.529,50.595,1.824
d180fc20-a430-4c4d-bb48-6696d922d522,2026-04-19T16:13:32.068303-04:00,node-01,orders-api,200,True,normal,market_aware_v1,62.247,49.8,165.004,31.094,0.717,86.804,87.169,1.894
f791e04f-6f21-4aae-85ac-ba8244d13978,2026-04-19T16:13:32.086342-04:00,node-01,checkout-api,500,True,normal,market_aware_v1,63.091,54.953,181.407,29.845,0.975,87.778,63.041,2.121
c8533e13-da92-49af-966c-f6b6b263a785,2026-04-19T16:13:32.105521-04:00,node-01,payments-api,500,True,anomalous,market_aware_v1,63.002,60.784,212.676,28.645,1.09,95.405,49.507,2.54
fc4fa80d-f5fc-48ed-b527-488da9c099af,2026-04-19T16:13:32.125007-04:00,node-01,orders-api,200,True,normal,market_aware_v1,65.073,50.214,155.665,33.448,0.558,82.103,92.134,1.719
121aac2e-366b-47e9-8dc6-891affb8acc5,2026-04-19T16:13:32.156983-04:00,node-01,checkout-api,200,True,normal,market_aware_v1,65.175,53.544,171.009,31.569,0.801,84.02,68.224,1.961
5179abb8-764e-4d2c-949b-d36c1b8a57bd,2026-04-19T16:13:32.179137-04:00,node-01,payments-api,502,True,normal,market_aware_v1,61.71,59.903,190.755,27.171,0.875,96.507,58.673,2.368
d7c22741-2f87-4365-8360-2e98ebeece1b,2026-04-19T16:13:32.203385-04:00,node-01,orders-api,200,True,normal,market_aware_v1,61.445,52.174,162.468,34.091,0.611,83.026,91.169,1.659
11ca589a-a3f1-462b-b649-1320fad53907,2026-04-19T16:13:32.236455-04:00,node-01,checkout-api,500,True,normal,market_aware_v1,64.682,50.748,177.595,32.551,0.857,88.453,71.833,2.23
5d9a9c00-0888-4192-b3cb-2bcdd53cd965,2026-04-19T16:13:32.259485-04:00,node-01,payments-api,502,True,normal,market_aware_v1,60.45,62.976,178.133,26.924,0.85,87.913,56.344,2.142
3a4943c2-6ed9-4a7b-a10d-0bcdc3729e66,2026-04-19T16:13:32.291029-04:00,node-01,orders-api,503,True,anomalous,market_aware_v1,70.74,54.004,163.56,35.899,0.98,84.968,89.148,2.233
5677012d-4b7e-4663-9f2b-b908c47e4297,2026-04-19T16:13:32.313347-04:00,node-01,checkout-api,200,True,normal,market_aware_v1,61.774,55.782,186.439,30.329,0.867,84.386,70.904,1.956
e2b979e2-4acc-4bed-81bb-61572ec415fb,2026-04-19T16:13:32.335582-04:00,node-01,payments-api,429,True,normal,market_aware_v1,58.194,58.441,188.896,27.991,0.687,84.873,56.409,1.822
86aa7aaf-ec5b-4c6c-b05f-ae3bee1dabbe,2026-04-19T16:13:32.357477-04:00,node-01,orders-api,502,True,anomalous,market_aware_v1,68.947,53.133,181.706,33.063,1.031,89.536,80.219,2.239
8cbda768-7544-467a-b2ab-b993c057b735,2026-04-19T16:13:32.389435-04:00,node-01,checkout-api,429,True,normal,market_aware_v1,61.475,52.827,184.526,31.63,0.881,86.02,56.985,2.088
96fd1fa4-2558-4517-8b53-a94b9561ac41,2026-04-19T16:13:32.413951-04:00,node-01,payments-api,500,True,normal,market_aware_v1,55.658,56.257,189.908,28.167,0.903,90.576,47.073,2.106
190ed30a-4dd5-4447-91fd-98453c259dd1,2026-04-19T16:13:32.435904-04:00,node-01,orders-api,200,True,normal,market_aware_v1,64.74,50.982,169.248,32.344,0.705,81.75,83.552,1.801
38e70c57-a2c6-471e-8725-ed6aeee59bec,2026-04-19T16:13:32.457695-04:00,node-01,checkout-api,502,True,normal,market_aware_v1,58.787,51.507,177.345,28.467,0.834,85.609,61.675,2.033
13f4c663-255f-48da-bc4a-c55753e17ebc,2026-04-19T16:13:32.492029-04:00,node-01,payments-api,200,True,normal,market_aware_v1,49.522,55.142,176.801,26.411,0.684,82.371,46.563,1.849
388c34e7-229d-4f54-b387-bc2d0511497f,2026-04-19T16:13:32.514316-04:00,node-01,orders-api,200,True,normal,market_aware_v1,56.719,49.863,144.958,29.841,0.504,73.273,85.68,1.378
c2eead1c-4b3f-4b3d-af6e-0b59e8b69223,2026-04-19T16:13:32.536560-04:00,node-01,checkout-api,502,True,normal,market_aware_v1,56.257,52.255,176.564,28.034,0.953,85.961,62.845,2.417
4adaccb8-6519-4b79-9497-660101f904d0,2026-04-19T16:13:32.559672-04:00,node-01,payments-api,502,True,normal,market_aware_v1,52.895,51.35,212.276,27.605,0.921,94.635,40.625,2.571
0e490e44-ab90-40b2-83b5-983088240499,2026-04-19T16:13:32.580005-04:00,node-01,orders-api,429,True,normal,market_aware_v1,58.389,47.582,170.416,30.123,0.717,86.807,76.996,1.913
fd7f1715-0e46-479d-aa24-4d1b98e14f19,2026-04-19T16:13:32.597032-04:00,node-01,checkout-api,429,True,normal,market_aware_v1,53.913,53.277,178.713,26.983,0.785,79.191,56.224,1.873
6f9b42c8-c01a-491f-97ad-6bfea72cbde3,2026-04-19T16:13:32.616202-04:00,node-01,payments-api,429,True,normal,market_aware_v1,50.259,46.424,166.283,26.183,0.713,83.442,45.149,1.821
f26264ff-6505-4b49-8b09-0218b52571d1,2026-04-19T16:13:32.647980-04:00,node-01,orders-api,200,True,normal,market_aware_v1,57.15,44.977,167.419,28.539,0.626,83.397,74.197,1.699
d6dbebbe-e560-45e8-9220-2cc653eb72ad,2026-04-19T16:13:32.670344-04:00,node-01,checkout-api,500,True,normal,market_aware_v1,51.38,49.361,172.755,29.15,0.79,82.884,52.754,2.01
34fe195c-d1a7-4c78-ac38-a3176a07f48a,2026-04-19T16:13:32.692672-04:00,node-01,payments-api,502,True,normal,market_aware_v1,43.124,50.02,173.244,25.165,0.751,87.547,34.437,2.038
39eae24a-0149-4afe-91a0-8d0a8f400576,2026-04-19T16:13:32.715070-04:00,node-01,orders-api,429,True,normal,market_aware_v1,56.073,45.559,180.473,30.748,0.723,88.504,70.67,1.983
2d9cc78a-68cf-4a77-ac1b-8c4f1a405e5f,2026-04-19T16:13:32.737171-04:00,node-01,checkout-api,200,True,normal,market_aware_v1,50.937,48.3,161.619,28.666,0.726,75.433,52.532,1.846
86b01737-b2bc-4012-b519-08d1a34c9ffb,2026-04-19T16:13:32.758851-04:00,node-01,payments-api,502,True,normal,market_aware_v1,51.972,52.294,209.42,26.482,1.003,99.651,37.131,2.627
378e09c6-67a2-4c30-8300-eae1f888ecb2,2026-04-19T16:13:32.774002-04:00,node-01,orders-api,429,True,normal,market_aware_v1,57.291,45.404,163.939,32.979,0.609,81.557,73.115,1.586
955d6d58-0ec8-421e-b85b-4b3956065308,2026-04-19T16:13:32.803516-04:00,node-01,checkout-api,200,True,normal,market_aware_v1,55.702,50.392,179.75,27.364,0.763,79.868,56.419,1.792
1045ccb0-481c-472a-842f-597a8d3e97a8,2026-04-19T16:13:32.818291-04:00,node-01,payments-api,200,True,normal,market_aware_v1,50.796,50.01,180.857,23.279,0.792,80.198,46.573,1.956
fa830186-05d3-48dc-8ce5-314b7db6e1ae,2026-04-19T16:13:32.848902-04:00,node-01,orders-api,502,True,normal,market_aware_v1,56.696,45.512,177.803,30.365,0.908,91.399,74.546,2.417
55c73ab1-06ba-4074-ae02-7377b788b07f,2026-04-19T16:13:32.870953-04:00,node-01,checkout-api,429,True,normal,market_aware_v1,55.963,54.967,194.661,26.216,1.066,96.875,50.314,2.833
2aa22949-b505-480b-901b-bf3e767683a0,2026-04-19T16:13:32.892714-04:00,node-01,payments-api,429,True,normal,market_aware_v1,50.842,53.761,173.007,24.663,0.74,77.87,47.402,1.894
e077bbdd-a029-4b07-b9fa-d9e1057f5b86,2026-04-19T16:13:32.908713-04:00,node-01,orders-api,200,True,normal,market_aware_v1,57.598,46.126,166.381,29.992,0.676,81.177,75.976,1.703
8ac93e4c-9e44-4957-a044-f28fa93b8aa2,2026-04-19T16:13:32.938034-04:00,node-01,checkout-api,200,True,normal,market_aware_v1,53.507,49.489,166.76,27.616,0.676,73.553,62.003,1.553
74faa107-8b5f-411e-b02d-26c2ad39917c,2026-04-19T16:13:32.959725-04:00,node-01,payments-api,200,True,normal,market_aware_v1,52.902,50.373,188.53,24.93,0.721,87.591,45.289,1.91
289f1b8c-f65a-412e-a858-7b55233ac5eb,2026-04-19T16:13:32.974526-04:00,node-01,orders-api,200,True,normal,market_aware_v1,64.412,51.066,164.753,30.789,0.64,80.78,81.949,1.666
488355cf-164b-4392-9971-8647809620d3,2026-04-19T16:13:33.005001-04:00,node-01,checkout-api,200,True,normal,market_aware_v1,55.683,49.965,157.226,30.633,0.711,78.143,67.541,1.735
98464010-6133-413b-a2a1-3779e8f91a99,2026-04-19T16:13:33.027283-04:00,node-01,payments-api,503,True,normal,market_aware_v1,51.993,54.626,182.988,28.24,0.826,86.378,46.558,2.014
aaebe67d-f76d-462e-b12d-f44c27dbb1eb,2026-04-19T16:13:33.049631-04:00,node-01,orders-api,429,True,normal,market_aware_v1,61.468,49.24,165.606,30.702,0.636,85.714,85.584,1.693
e09e7509-8293-4966-b6b2-d0c322e3b3a1,2026-04-19T16:13:33.072272-04:00,node-01,checkout-api,502,True,normal,market_aware_v1,59.941,52.521,192.277,29.127,0.83,89.766,62.606,2.181
b3c1e1fa-dd88-4309-b54a-211a2b9976e3,2026-04-19T16:13:33.088797-04:00,node-01,payments-api,200,True,normal,market_aware_v1,50.668,57.3,174.329,26.007,0.739,85.97,55.915,1.95
68bd4ec6-426b-45bd-8bd8-5a10207a22fd,2026-04-19T16:13:33.105016-04:00,node-01,orders-api,200,True,normal,market_aware_v1,61.409,50.924,177.121,32.258,0.643,85.377,79.838,1.692
8ac43fba-c490-402b-a8f3-63ba94700570,2026-04-19T16:13:33.121520-04:00,node-01,checkout-api,500,True,anomalous,market_aware_v1,60.003,56.27,199.677,31.193,1.155,86.242,57.822,2.486
3e9f50d8-9827-414e-8912-7f91b808ae5f,2026-04-19T16:13:33.149612-04:00,node-01,payments-api,200,True,normal,market_aware_v1,56.106,59.375,183.394,26.809,0.777,84.691,48.966,1.949
b8fc9bb9-c92d-44e6-b7a2-c7dc4fb5c655,2026-04-19T16:13:33.166744-04:00,node-01,orders-api,200,True,normal,market_aware_v1,61.485,51.82,165.403,31.655,0.706,84.852,87.74,1.807
60d48d1e-795f-47f2-89c3-e1ac6970cb1c,2026-04-19T16:13:33.194091-04:00,node-01,checkout-api,429,True,normal,market_aware_v1,59.089,51.404,176.143,29.749,0.711,77.668,67.164,1.755
e16c5af6-a743-4440-8839-d7e725f8a9ec,2026-04-19T16:13:33.210384-04:00,node-01,payments-api,500,True,anomalous,market_aware_v1,59.047,60.627,199.339,29.366,1.112,95.018,47.321,2.532
4c119f31-b03a-4123-be3f-a305e6361161,2026-04-19T16:13:33.239366-04:00,node-01,orders-api,200,True,normal,market_aware_v1,63.632,49.607,165.848,31.476,0.687,81.964,83.75,1.759
153735ea-5529-4fda-a343-57d75ec8fe72,2026-04-19T16:13:33.261740-04:00,node-01,checkout-api,502,True,normal,market_aware_v1,60.287,55.007,202.327,30.881,1.045,97.239,65.411,2.753
5876d3ad-6d65-476b-813e-865a08a37501,2026-04-19T16:13:33.284426-04:00,node-01,payments-api,200,True,normal,market_aware_v1,52.618,52.404,173.454,22.182,0.745,83.763,50.175,1.943
f779cbc2-f18f-49c1-aa5a-fe045f343917,2026-04-19T16:13:33.306371-04:00,node-01,orders-api,502,True,normal,market_aware_v1,61.362,54.499,167.269,30.328,0.802,89.9,82.134,2.065
1688c211-7cf5-4ac1-aaf3-3d25a5ae5216,2026-04-19T16:13:33.328202-04:00,node-01,checkout-api,429,True,normal,market_aware_v1,57.533,52.22,191.902,29.262,0.925,93.377,61.216,2.154
21dca9ed-1443-41e0-8343-f24819795eea,2026-04-19T16:13:33.359838-04:00,node-01,payments-api,503,True,anomalous,market_aware_v1,59.573,57.382,209.662,27.158,1.175,92.623,43.585,2.715
184642e7-9a04-4ca8-9c3f-0144d7abcebe,2026-04-19T16:13:33.384910-04:00,node-01,orders-api,200,True,normal,market_aware_v1,55.17,47.895,164.002,29.601,0.608,85.277,85.29,1.764
ee1d7684-89fe-40bb-af89-194b09221491,2026-04-19T16:13:33.406883-04:00,node-01,checkout-api,502,True,normal,market_aware_v1,57.07,53.535,170.034,29.86,0.879,85.333,59.779,2.135
70543df6-bfff-4d10-bcd9-32a285359801,2026-04-19T16:13:33.429120-04:00,node-01,payments-api,429,True,normal,market_aware_v1,53.794,54.878,182.159,26.155,0.763,82.995,41.942,1.853
1a68fdeb-be58-45a2-9a6a-ff7ccdce5c93,2026-04-19T16:13:33.451703-04:00,node-01,orders-api,200,True,normal,market_aware_v1,56.74,44.226,152.376,27.476,0.781,81.599,83.427,1.735
b1c3b1ec-1258-4e4e-a48f-99924bf69ff7,2026-04-19T16:13:33.473706-04:00,node-01,checkout-api,429,True,anomalous,market_aware_v1,58.786,51.784,201.495,29.243,1.296,94.463,53.779,2.687
35ad70bc-e59e-4ab3-b445-25403e8a90ea,2026-04-19T16:13:33.496050-04:00,node-01,payments-api,503,True,normal,market_aware_v1,51.494,53.155,198.392,22.935,0.919,92.398,39.21,2.238
b2ed3a9d-a4b1-43e7-99f0-30663d3b81b7,2026-04-19T16:13:33.519318-04:00,node-01,orders-api,200,True,normal,market_aware_v1,58.724,49.001,155.769,30.536,0.603,78.803,77.519,1.529
2e91ee10-60cf-4b05-a4b9-c7e4423aded3,2026-04-19T16:13:33.552939-04:00,node-01,checkout-api,500,True,anomalous,market_aware_v1,59.037,53.049,186.617,29.749,1.082,83.758,53.679,2.258
a95e216b-ad83-41a8-a25f-61df42fdfbb9,2026-04-19T16:13:33.574265-04:00,node-01,payments-api,500,True,normal,market_aware_v1,50.38,54.926,190.638,24.113,0.811,94.258,36.077,2.291
54356a28-0384-4af9-8a60-545a64e7bbeb,2026-04-19T16:13:33.608544-04:00,node-01,orders-api,429,True,anomalous,market_aware_v1,60.3,47.654,171.569,29.592,0.902,84.699,74.367,2.222
167424c2-1303-42e1-ab03-4ee3d47ad8a6,2026-04-19T16:13:33.650117-04:00,node-01,checkout-api,200,True,normal,market_aware_v1,51.156,49.154,166.017,29.25,0.847,80.617,58.263,1.868
098dd56f-5d4b-4233-80c1-c7b361e93835,2026-04-19T16:13:33.675872-04:00,node-01,payments-api,503,True,normal,market_aware_v1,53.708,52.79,201.161,25.292,0.702,89.261,44.953,2.097
b65b656d-96fa-462f-aebb-8170d34379cb,2026-04-19T16:13:33.697591-04:00,node-01,orders-api,200,True,normal,market_aware_v1,60.642,50.926,155.991,31.77,0.697,84.903,83.297,1.811
9dab965d-d69d-46e9-b9a8-646eb01db5ad,2026-04-19T16:13:33.723675-04:00,node-01,checkout-api,500,True,normal,market_aware_v1,57.938,49.059,179.66,27.87,0.822,86.748,55.067,2.098
c236727f-1feb-4540-b154-f7d89c762e52,2026-04-19T16:13:33.753111-04:00,node-01,payments-api,503,True,normal,market_aware_v1,54.641,52.67,194.041,26.44,0.817,89.295,43.905,2.036
3a6e7813-8dae-44ac-8f19-0523c381fca1,2026-04-19T16:13:33.775201-04:00,node-01,orders-api,200,True,normal,market_aware_v1,55.353,50.872,154.26,29.583,0.626,81.139,87.839,1.718
c390b12a-c2ec-4153-b055-aaeaa836900a,2026-04-19T16:13:33.797012-04:00,node-01,checkout-api,200,True,normal,market_aware_v1,58.16,51.56,177.694,32.104,0.826,82.102,61.702,1.995
25905c5a-a1ce-4036-bad0-48ca35ff888b,2026-04-19T16:13:33.831090-04:00,node-01,payments-api,429,True,normal,market_aware_v1,58.785,55.366,183.548,27.258,0.805,85.135,46.75,1.971
61ad83eb-2543-4363-8732-b7ee77ded9d4,2026-04-19T16:13:33.853241-04:00,node-01,orders-api,200,True,normal,market_aware_v1,65.616,50.106,155.721,33.91,0.626,82.775,90.67,1.735
62f2194b-73d2-4989-8cca-b62802dd3dfc,2026-04-19T16:13:33.884624-04:00,node-01,checkout-api,503,True,normal,market_aware_v1,63.583,54.36,187.836,28.536,0.968,92.722,65.103,2.291
7004606a-5b5b-4164-835e-3e5ab3c2ef84,2026-04-19T16:13:33.908691-04:00,node-01,payments-api,500,True,normal,market_aware_v1,59.507,56.104,204.057,27.005,0.931,93.032,50.993,2.492
82f93c0e-353e-4d40-93b9-66a2173b2660,2026-04-19T16:13:33.924848-04:00,node-01,orders-api,429,True,normal,market_aware_v1,63.981,53.335,168.011,31.222,0.73,86.2,87.442,1.912
352ecf8d-03c8-4495-a0c5-3ca6fa3ed209,2026-04-19T16:13:33.953396-04:00,node-01,checkout-api,503,True,normal,market_aware_v1,62.569,59.275,178.939,28.466,0.845,86.806,68.71,2.043
e4340d80-16ae-488e-8a71-152b8b1d80f0,2026-04-19T16:13:33.984078-04:00,node-01,payments-api,429,True,normal,market_aware_v1,56.255,56.376,194.394,28.788,0.846,85.2,58.123,2.056
8145dd85-a5fe-41a8-b39a-c65e7f03e000,2026-04-19T16:13:34.009950-04:00,node-01,orders-api,429,True,normal,market_aware_v1,64.873,54.55,174.566,31.993,0.786,92.884,87.693,2.062
2351d4d2-f35d-413a-815c-17b2494326dd,2026-04-19T16:13:34.031910-04:00,node-01,checkout-api,503,True,normal,market_aware_v1,60.581,56.638,171.578,31.806,0.807,83.326,71.062,2.067
b74af3ac-f343-4cd6-b0e6-7a46fe97e017,2026-04-19T16:13:34.051996-04:00,node-01,payments-api,503,True,normal,market_aware_v1,58.398,59.665,193.199,26.539,0.798,87.724,51.804,2.176
19cdb7af-62a7-47d5-a6be-535ce3ad8abb,2026-04-19T16:13:34.076304-04:00,node-01,orders-api,503,True,normal,market_aware_v1,69.497,50.759,186.938,31.354,0.822,95.367,82.883,2.06
1fe2a630-e399-4b4e-87f4-d6246281f6c2,2026-04-19T16:13:34.092697-04:00,node-01,checkout-api,503,True,normal,market_aware_v1,65.383,55.454,194.308,31.629,0.859,86.626,62.249,2.159
39a19373-498c-4159-aa3e-dd4171aa8295,2026-04-19T16:13:34.121217-04:00,node-01,payments-api,502,True,normal,market_aware_v1,63.086,57.589,195.166,25.294,0.809,88.83,52.262,2.172
295b1433-61d8-4330-b0c9-d0d8e74485a5,2026-04-19T16:13:34.166113-04:00,node-01,orders-api,200,True,normal,market_aware_v1,68.778,48.888,176.862,32.023,0.696,89.141,82.333,1.901
03b62a78-c359-4688-ba15-98f4b05460fd,2026-04-19T16:13:34.200312-04:00,node-01,checkout-api,429,True,normal,market_aware_v1,60.678,54.06,186.402,32.525,0.908,87.592,61.997,2.242
3f47ce3d-63b3-4750-8d6d-3ed44e8250d0,2026-04-19T16:13:34.230483-04:00,node-01,payments-api,503,True,normal,market_aware_v1,59.831,54.512,186.876,27.764,0.74,92.085,53.655,2.17
03588306-e60e-453b-8c63-5e9aac9dcea7,2026-04-19T16:13:34.265683-04:00,node-01,orders-api,200,True,normal,market_aware_v1,61.529,49.559,168.08,31.483,0.716,89.911,82.789,1.814
b91a4b09-b551-4f9f-b482-6e167afcdd33,2026-04-19T16:13:34.282637-04:00,node-01,checkout-api,200,True,normal,market_aware_v1,57.468,52.751,179.888,29.776,0.749,83.137,63.529,1.987
e35cf1be-276a-4db0-93b3-c52da2321e6e,2026-04-19T16:13:34.320705-04:00,node-01,payments-api,500,True,normal,market_aware_v1,53.83,53.522,189.315,27.001,0.851,89.91,47.688,2.129
78d8c5ea-92e6-41f4-8195-86949ca81dea,2026-04-19T16:13:34.344578-04:00,node-01,orders-api,429,True,normal,market_aware_v1,60.528,52.657,161.552,30.951,0.642,85.98,88.896,1.816
7f7be900-2ca1-4e38-8cff-7b09edef14d4,2026-04-19T16:13:34.366673-04:00,node-01,checkout-api,500,True,anomalous,market_aware_v1,61.35,53.821,183.641,32.178,1.159,93.072,55.336,2.531
ee36096a-311b-46d6-b034-c010b159aa59,2026-04-19T16:13:34.388460-04:00,node-01,payments-api,503,True,anomalous,market_aware_v1,54.735,54.495,201.479,25.901,1.227,91.596,32.132,2.633
979fbeba-0967-4887-a333-9fdfd0343eb4,2026-04-19T16:13:34.436864-04:00,node-01,orders-api,200,True,normal,market_aware_v1,59.082,47.32,173.012,29.263,0.684,89.38,82.566,1.864
91d6ff6b-8ca0-41c1-85bc-94255652e8b2,2026-04-19T16:13:34.463982-04:00,node-01,checkout-api,200,True,normal,market_aware_v1,53.719,50.317,172.111,27.476,0.808,82.673,53.012,1.992
f955d8b4-6777-4ba7-adf1-86c3f29ff7ad,2026-04-19T16:13:34.500766-04:00,node-01,payments-api,500,True,anomalous,market_aware_v1,51.2,58.072,207.437,26.987,1.162,95.879,37.616,2.687
8f11e91e-7ace-4081-9d2f-a504e7c102a3,2026-04-19T16:13:34.522830-04:00,node-01,orders-api,200,True,normal,market_aware_v1,56.469,50.214,157.003,27.886,0.634,80.92,77.521,1.653
46040a94-d7e6-40eb-b202-40befa5ee924,2026-04-19T16:13:34.568751-04:00,node-01,checkout-api,200,True,normal,market_aware_v1,51.323,49.862,167.788,27.517,0.77,74.482,58.807,1.806
aaead9bf-1cb5-4828-a807-2305b30c8d97,2026-04-19T16:13:34.590074-04:00,node-01,payments-api,429,True,normal,market_aware_v1,49.175,49.973,174.842,27.543,0.725,85.656,41.739,1.991
d816c31b-7946-43eb-ac7a-756a1afedb2a,2026-04-19T16:13:34.612445-04:00,node-01,orders-api,200,True,normal,market_aware_v1,53.8,47.936,162.165,28.641,0.633,86.037,73.102,1.708
c04a358d-2f7f-496a-a94f-f27a9261eb4c,2026-04-19T16:13:34.634748-04:00,node-01,checkout-api,429,True,normal,market_aware_v1,54.238,52.346,163.772,26.761,0.82,80.333,56.316,1.93
c675e7c2-83e3-4e4a-955b-ba6713c4136c,2026-04-19T16:13:34.657009-04:00,node-01,payments-api,200,True,normal,market_aware_v1,48.743,51.575,179.826,24.426,0.771,84.4,40.63,1.902
bec28ec6-1096-49bf-ae81-e3e0591f1fa5,2026-04-19T16:13:34.679475-04:00,node-01,orders-api,200,True,normal,market_aware_v1,53.41,44.131,158.858,27.56,0.763,79.788,77.515,1.707
9f38a577-1e98-4453-9bd1-7e42011356e7,2026-04-19T16:13:34.701084-04:00,node-01,checkout-api,200,True,normal,market_aware_v1,52.7,50.014,167.004,28.683,0.763,75.64,49.397,1.671
84eb4496-36b4-4bda-97f1-701ebd31deb4,2026-04-19T16:13:34.715658-04:00,node-01,payments-api,429,True,anomalous,market_aware_v1,53.219,53.045,203.576,25.682,1.122,98.422,35.194,2.673
b825950d-110f-4255-a1a9-1a9189da181c,2026-04-19T16:13:34.746271-04:00,node-01,orders-api,200,True,normal,market_aware_v1,55.762,43.087,165.736,28.898,0.705,89.431,76.753,1.861
36d46af3-ae2c-456c-9384-e1154b5b7c22,2026-04-19T16:13:34.768533-04:00,node-01,checkout-api,500,True,anomalous,market_aware_v1,55.523,53.852,195.2,27.276,1.275,95.026,50.461,2.887
3f94795e-666b-48e5-a4f9-1170e113d076,2026-04-19T16:13:34.790381-04:00,node-01,payments-api,429,True,normal,market_aware_v1,51.925,52.753,191.36,23.955,0.823,89.33,42.631,2.072
bc03c2bf-bee0-48d3-9ad9-3753219b18f7,2026-04-19T16:13:34.807510-04:00,node-01,orders-api,200,True,normal,market_aware_v1,53.612,47.069,154.285,28.741,0.704,85.5,73.827,1.83
e60317dd-328f-468c-a589-3e2acfdbff39,2026-04-19T16:13:34.835265-04:00,node-01,checkout-api,503,True,normal,market_aware_v1,54.651,51.511,187.454,29.251,0.821,85.866,55.157,2.11
e20bfcf9-b055-4de3-bf49-61c32c193dc2,2026-04-19T16:13:34.848995-04:00,node-01,payments-api,200,True,normal,market_aware_v1,50.256,54.376,172.559,27.442,0.764,88.079,46.149,1.989
db73c6ec-3d5c-4db9-b1c3-64526428dd76,2026-04-19T16:13:34.869612-04:00,node-01,orders-api,200,True,normal,market_aware_v1,63.86,47.73,175.139,31.739,0.711,89.717,77.571,1.941
10d75e4d-e5ee-4a62-9b13-ab8151a57a82,2026-04-19T16:13:34.887921-04:00,node-01,checkout-api,429,True,normal,market_aware_v1,57.131,53.207,179.789,28.18,0.8,86.425,59.961,1.994
74ebb23d-bd07-4182-9e95-3f4db9d77b85,2026-04-19T16:13:34.915000-04:00,node-01,payments-api,503,True,anomalous,market_aware_v1,50.927,55.844,197.572,28.028,1.09,86.793,46.634,2.477
4e25b6f6-ac70-4773-9461-3c0dad99ee58,2026-04-19T16:13:34.940680-04:00,node-01,orders-api,200,True,normal,market_aware_v1,59.475,51.626,176.547,32.142,0.673,85.43,84.071,1.856
676b7229-1844-4fe7-9746-c03f8c85d491,2026-04-19T16:13:34.971092-04:00,node-01,checkout-api,429,True,normal,market_aware_v1,60.218,55.407,188.347,30.927,1.009,96.229,59.588,2.435
34f2f0d1-ef11-4dcf-bfb3-acb1ea74f71d,2026-04-19T16:13:34.991824-04:00,node-01,payments-api,429,True,normal,market_aware_v1,60.656,57.042,194.565,26.988,0.775,92.422,55.437,2.028
56add82a-eaa3-4c5b-9001-222e218a778c,2026-04-19T16:13:35.024191-04:00,node-01,orders-api,429,True,normal,market_aware_v1,61.253,50.96,181.364,34.411,0.857,89.73,86.092,2.314
30b91bef-db0b-45ab-ba74-06e967206d2e,2026-04-19T16:13:35.048308-04:00,node-01,checkout-api,200,True,normal,market_aware_v1,63.262,55.669,173.611,27.961,0.769,85.853,67.271,1.992
002573c3-dd7d-4d7f-b436-cacd37c7cfbd,2026-04-19T16:13:35.070101-04:00,node-01,payments-api,502,True,normal,market_aware_v1,57.99,57.01,200.899,26.501,0.873,95.965,48.995,2.303
f4c740ef-9155-48fb-836a-6959dfe46743,2026-04-19T16:13:35.092425-04:00,node-01,orders-api,200,True,normal,market_aware_v1,64.543,52.311,155.594,31.492,0.728,86.649,85.338,1.829
df934289-8f9f-48f1-9c85-31660b247b1a,2026-04-19T16:13:35.115043-04:00,node-01,checkout-api,502,True,normal,market_aware_v1,59.01,53.643,181.38,29.472,0.879,88.806,62.927,2.144
dbac4487-d107-4bcb-b2e3-d363ab357900,2026-04-19T16:13:35.137016-04:00,node-01,payments-api,502,True,normal,market_aware_v1,57.816,57.901,184.676,27.288,0.888,93.128,45.988,2.188
0792ea96-2faf-4531-b87f-bd2020476b42,2026-04-19T16:13:35.159105-04:00,node-01,orders-api,429,True,normal,market_aware_v1,62.546,49.713,169.895,30.477,0.702,87.276,93.625,1.79
9bec8a7a-c828-4304-b802-281badc93a7d,2026-04-19T16:13:35.177036-04:00,node-01,checkout-api,502,True,anomalous,market_aware_v1,62.592,57.004,204.395,32.484,1.177,98.017,48.896,2.835
9f57cecc-88f6-4c0d-9b33-788d55e42c57,2026-04-19T16:13:35.203591-04:00,node-01,payments-api,500,True,normal,market_aware_v1,54.956,54.276,189.662,28.63,0.76,93.182,50.221,2.161
c145d829-18a6-43df-89f5-48e1bd4c513b,2026-04-19T16:13:35.219218-04:00,node-01,orders-api,200,True,normal,market_aware_v1,62.98,48.193,163.24,31.16,0.677,87.657,84.796,1.782
0a7b5f3f-f2ef-4c6e-8567-43098768cec1,2026-04-19T16:13:35.248509-04:00,node-01,checkout-api,502,True,normal,market_aware_v1,58.099,52.367,194.386,27.916,0.923,87.083,61.324,2.25
77d42917-dca5-4ae7-980c-fe8028bacbaa,2026-04-19T16:13:35.265040-04:00,node-01,payments-api,200,True,normal,market_aware_v1,52.231,53.558,188.227,25.907,0.662,83.656,46.529,1.867
b32a7407-f2f7-44b1-be3e-fbd56e34abf3,2026-04-19T16:13:35.293474-04:00,node-01,orders-api,429,True,normal,market_aware_v1,59.794,48.441,166.994,31.797,0.738,88.037,85.081,1.843
3cd3c98e-ceec-4ffb-bceb-36244cc56bb6,2026-04-19T16:13:35.316003-04:00,node-01,checkout-api,503,True,anomalous,market_aware_v1,65.236,54.227,228.715,29.185,1.47,106.535,50.46,3.453
2fe3d8c6-1db0-4c3f-9415-12abe37b9521,2026-04-19T16:13:35.338434-04:00,node-01,payments-api,500,True,normal,market_aware_v1,50.484,52.77,192.135,27.298,0.823,93.185,35.951,2.037
0d2f2e0d-fad5-4410-bf64-b5ade51113c8,2026-04-19T16:13:35.360789-04:00,node-01,orders-api,200,True,normal,market_aware_v1,58.245,50.065,161.406,30.966,0.631,81.471,83.812,1.698
365f4680-1ee8-412b-855a-b0a8e89bfb6c,2026-04-19T16:13:35.375237-04:00,node-01,checkout-api,200,True,normal,market_aware_v1,54.369,53.445,165.592,28.246,0.864,83.821,61.124,1.968
e83f66a2-ba6b-4c5f-ae6d-81194d7ce648,2026-04-19T16:13:35.393087-04:00,node-01,payments-api,429,True,normal,market_aware_v1,51.758,51.712,187.931,25.564,0.746,84.283,43.889,1.873
cbc8481e-ee3b-4001-aee6-9cd122923949,2026-04-19T16:13:35.410942-04:00,node-01,orders-api,200,True,normal,market_aware_v1,58.326,46.626,162.222,30.256,0.562,81.615,75.761,1.693
90434b7a-d25c-4736-9915-45b8509f830f,2026-04-19T16:13:35.438486-04:00,node-01,checkout-api,503,True,normal,market_aware_v1,53.993,52.799,179.954,26.052,0.899,90.276,52.845,2.161
f4cd1c77-dea8-4552-a603-fbddad24b160,2026-04-19T16:13:35.460440-04:00,node-01,payments-api,503,True,anomalous,market_aware_v1,55.84,54.4,201.837,25.273,0.972,83.424,41.087,2.42
0eca82f2-908e-4c37-b26c-890098be9297,2026-04-19T16:13:35.477107-04:00,node-01,orders-api,200,True,normal,market_aware_v1,56.547,49.2,156.971,31.476,0.601,81.701,82.546,1.704
7fdb3ff7-30ec-4fe3-a310-b31b145f06cb,2026-04-19T16:13:35.505670-04:00,node-01,checkout-api,500,True,normal,market_aware_v1,61.882,48.284,179.154,27.616,0.88,85.005,49.597,2.073
311ec7fd-6c6d-4212-9b51-0930f273659b,2026-04-19T16:13:35.527880-04:00,node-01,payments-api,502,True,normal,market_aware_v1,57.468,51.664,210.573,26.11,0.911,97.496,45.168,2.28
c53192e0-facf-49ab-a4da-c2d29a0658f8,2026-04-19T16:13:35.550136-04:00,node-01,orders-api,429,True,normal,market_aware_v1,60.699,45.538,179.948,30.339,0.682,86.423,82.221,1.807
debfeb37-d0aa-4799-9e44-d466b393cf76,2026-04-19T16:13:35.571995-04:00,node-01,checkout-api,200,True,normal,market_aware_v1,60.666,53.352,191.067,33.071,0.776,86.397,59.006,1.994
d069d1b2-9cc0-4014-9b8c-5e8fd34ffd7a,2026-04-19T16:13:35.588863-04:00,node-01,payments-api,503,True,normal,market_aware_v1,56.114,57.857,198.736,24.786,0.771,92.721,45.9,2.136
cb428e97-e1f7-4397-a1e1-03a6ab9cd11a,2026-04-19T16:13:35.616518-04:00,node-01,orders-api,200,True,normal,market_aware_v1,61.407,49.231,170.244,31.34,0.688,85.131,82.89,1.797
88ad9a97-2e5e-43eb-96c2-b27d251eb0ae,2026-04-19T16:13:35.631529-04:00,node-01,checkout-api,500,True,normal,market_aware_v1,57.037,52.782,184.854,29.049,0.821,90.634,61.31,2.083
667f0ea5-8937-4f44-b6a7-6eaf43be7169,2026-04-19T16:13:35.661291-04:00,node-01,payments-api,429,True,normal,market_aware_v1,57.791,55.996,195.65,26.409,0.954,94.714,51.284,2.363
98ba7b01-9e2d-46e4-8a82-04b7dbf44c80,2026-04-19T16:13:35.676384-04:00,node-01,orders-api,429,True,normal,market_aware_v1,66.616,55.056,186.434,31.46,0.819,92.671,82.973,2.123
636f293d-05e4-4d77-aefb-a71d5dc7cc1c,2026-04-19T16:13:35.705848-04:00,node-01,checkout-api,429,True,anomalous,market_aware_v1,65.789,56.347,209.867,31.455,1.083,93.568,58.804,2.584
92d53f1e-ba25-4378-9883-466e5a190abc,2026-04-19T16:13:35.721660-04:00,node-01,payments-api,429,True,normal,market_aware_v1,59.226,58.232,190.836,25.37,0.725,80.853,54.19,1.887
d32f0a13-9fe1-4aa3-8b81-8867975234b0,2026-04-19T16:13:35.750335-04:00,node-01,orders-api,200,True,normal,market_aware_v1,62.648,53.885,169.514,32.838,0.657,84.532,87.165,1.771
9f414cae-460a-440e-a331-fd52808f3668,2026-04-19T16:13:35.765506-04:00,node-01,checkout-api,500,True,anomalous,market_aware_v1,64.544,58.571,194.822,32.97,1.273,95.411,57.222,2.783
6ef06dd6-1da8-4a18-8c40-faccb835f2ec,2026-04-19T16:13:35.795185-04:00,node-01,payments-api,200,True,normal,market_aware_v1,62.451,55.036,185.878,27.108,0.682,85.178,54.911,1.994
875c5ee9-8ac4-4dfa-9d8c-8b0524de5bb8,2026-04-19T16:13:35.810266-04:00,node-01,orders-api,200,True,normal,market_aware_v1,63.011,52.573,170.754,30.998,0.639,84.961,87.231,1.839
6eb801fb-3f4f-483d-ab87-026cde36b322,2026-04-19T16:13:35.840326-04:00,node-01,checkout-api,503,True,normal,market_aware_v1,63.257,58.656,193.079,29.853,0.861,92.15,68.049,2.148
61c542c3-17fa-4741-87de-db52ad46a8db,2026-04-19T16:13:35.863070-04:00,node-01,payments-api,503,True,anomalous,market_aware_v1,65.216,63.032,206.178,28.696,1.118,96.203,47.532,2.763
f53ee55e-1af4-42ac-9abd-66e9c889a0b2,2026-04-19T16:13:35.879387-04:00,node-01,orders-api,200,True,normal,market_aware_v1,65.183,48.974,176.054,32.363,0.671,86.53,94.293,1.782
0f0af947-60fe-47a9-91fc-6d168a6296a9,2026-04-19T16:13:35.896984-04:00,node-01,checkout-api,200,True,normal,market_aware_v1,69.747,53.946,183.613,30.989,0.847,85.411,70.272,1.955
8cda2c83-d537-4ff5-ba73-7b23b7407efb,2026-04-19T16:13:35.918055-04:00,node-01,payments-api,503,True,normal,market_aware_v1,58.865,57.365,186.911,27.179,0.878,91.584,56.281,2.235
1e8b9060-8f68-40c3-9f79-ef130d93483d,2026-04-19T16:13:35.940350-04:00,node-01,orders-api,502,True,normal,market_aware_v1,61.258,51.561,163.983,30.595,0.673,90.401,86.864,2.065
62327bf3-0ebc-4eee-80d0-6079480a99f5,2026-04-19T16:13:35.956991-04:00,node-01,checkout-api,429,True,normal,market_aware_v1,62.994,53.045,188.277,30.113,0.902,88.576,66.295,2.078
200ce2e0-5517-49ba-8e1d-f8686a63edda,2026-04-19T16:13:35.984885-04:00,node-01,payments-api,500,True,normal,market_aware_v1,63.834,60.3,204.061,29.911,0.988,98.662,48.083,2.711
2950cdb8-9eb6-4aa0-a287-c816716d35ac,2026-04-19T16:13:36.000021-04:00,node-01,orders-api,200,True,normal,market_aware_v1,60.106,52.534,175.08,33.018,0.798,91.871,82.785,1.899
ff359bc4-1c78-4ca8-9901-43ef016394ec,2026-04-19T16:13:36.030290-04:00,node-01,checkout-api,200,True,normal,market_aware_v1,61.983,52.463,179.613,32.117,0.775,82.724,70.711,1.919
2e4c3217-f27f-4533-a995-dabbb57d3a3e,2026-04-19T16:13:36.052036-04:00,node-01,payments-api,500,True,normal,market_aware_v1,59.407,54.543,203.694,25.661,0.882,94.384,48.375,2.299
d3b06d10-796b-4d13-960e-d34714c15c5a,2026-04-19T16:13:36.083251-04:00,node-01,orders-api,429,True,normal,market_aware_v1,62.7,46.241,172.951,31.782,0.716,87.325,91.859,1.98
bf0e0318-b5f6-4bbe-8c13-9dc5a3414143,2026-04-19T16:13:36.108569-04:00,node-01,checkout-api,503,True,normal,market_aware_v1,57.136,48.475,174.879,30.291,0.944,87.866,54.646,2.145
c94768b4-e7c2-4767-9dd7-b4cf28f9f45c,2026-04-19T16:13:36.129989-04:00,node-01,payments-api,500,True,normal,market_aware_v1,54.073,54.453,201.254,26.425,0.794,88.379,42.01,2.118
accc4eb5-380c-4d67-8a40-6ef2d81ade9a,2026-04-19T16:13:36.145540-04:00,node-01,orders-api,503,True,normal,market_aware_v1,63.258,46.763,178.801,30.756,0.755,90.275,77.164,2.021
5ef9e1e8-1c15-4776-9eb9-3e96d1a75c1f,2026-04-19T16:13:36.175426-04:00,node-01,checkout-api,429,True,normal,market_aware_v1,59.184,51.692,202.178,27.425,1.045,98.072,53.44,2.717
711cce0a-63f0-44fa-97ee-2d1033844555,2026-04-19T16:13:36.197874-04:00,node-01,payments-api,429,True,anomalous,market_aware_v1,56.715,58.765,212.786,28.53,1.191,96.82,25.661,2.631
9f75d4b8-caf9-4a97-b312-a09f6281865b,2026-04-19T16:13:36.219370-04:00,node-01,orders-api,200,True,normal,market_aware_v1,56.954,49.295,165.246,30.857,0.696,85.24,78.787,1.911
1ff58ab4-c8b1-41f0-9514-5737546403e9,2026-04-19T16:13:36.233430-04:00,node-01,checkout-api,500,True,normal,market_aware_v1,55.499,51.06,194.64,28.806,0.947,91.629,50.469,2.332
064f8845-ed3c-4009-a6c2-2d404f7daca2,2026-04-19T16:13:36.264610-04:00,node-01,payments-api,429,True,normal,market_aware_v1,51.421,50.431,184.685,23.768,0.73,86.836,43.151,1.828
4bdf25eb-8a33-4bc0-a930-8e24b4a6fd37,2026-04-19T16:13:36.287034-04:00,node-01,orders-api,429,True,normal,market_aware_v1,54.513,45.896,164.258,27.701,0.595,75.172,80.036,1.585
5a9620e8-ce17-4564-8f50-5351fd06b3a2,2026-04-19T16:13:36.309266-04:00,node-01,checkout-api,200,True,normal,market_aware_v1,50.527,47.905,176.004,28.14,0.81,84.154,48.985,1.994
e05c7998-9802-4266-9d86-ae6a124d5f19,2026-04-19T16:13:36.331098-04:00,node-01,payments-api,200,True,normal,market_aware_v1,49.037,48.872,188.085,24.483,0.72,85.446,46.178,1.934
f8555ca1-bf36-4923-8746-4cdbb914617b,2026-04-19T16:13:36.346201-04:00,node-01,orders-api,200,True,normal,market_aware_v1,51.747,45.06,156.537,29.207,0.733,78.544,74.381,1.624
8b561d42-abf8-479f-b7b8-900d41e178b4,2026-04-19T16:13:36.376774-04:00,node-01,checkout-api,502,True,normal,market_aware_v1,54.519,49.209,175.854,26.939,0.896,85.769,47.422,2.132
4148ffd5-38b2-42e9-933c-c679568fe79d,2026-04-19T16:13:36.393239-04:00,node-01,payments-api,200,True,normal,market_aware_v1,47.837,53.626,179.13,25.014,0.675,81.771,44.588,1.776
2b2f1592-99a0-4d36-a88c-976231b340eb,2026-04-19T16:13:36.409168-04:00,node-01,orders-api,502,True,normal,market_aware_v1,58.157,47.678,178.511,28.459,0.768,94.206,68.695,2.194
9a316e25-7041-415d-8f13-d5814557ef9a,2026-04-19T16:13:36.423500-04:00,node-01,checkout-api,429,True,normal,market_aware_v1,54.333,52.001,188.231,27.887,0.856,88.755,54.155,2.176
8c7e3f01-9972-4191-b4a8-8b93a147c0ad,2026-04-19T16:13:36.451884-04:00,node-01,payments-api,429,True,normal,market_aware_v1,50.493,51.537,198.881,24.038,0.886,93.341,40.367,2.254
cd807ad5-6fd2-415a-b62e-e764c1489d89,2026-04-19T16:13:36.470189-04:00,node-01,orders-api,200,True,normal,market_aware_v1,58.519,47.277,178.025,30.011,0.639,90.706,73.957,1.876
808638e6-c73e-4285-9abc-ed1deee47cc0,2026-04-19T16:13:36.499051-04:00,node-01,checkout-api,429,True,normal,market_aware_v1,55.089,52.794,181.069,26.843,0.936,87.096,54.668,2.085
954b4725-34fa-4cf6-a659-f9a8bd2c0218,2026-04-19T16:13:36.531234-04:00,node-01,payments-api,429,True,normal,market_aware_v1,56.368,54.818,216.716,25.306,0.845,97.427,40.935,2.407
303a36e3-0c9f-4d3e-859a-ddaef8febbb3,2026-04-19T16:13:36.554903-04:00,node-01,orders-api,429,True,normal,market_aware_v1,65.431,47.618,165.15,31.831,0.526,79.988,85.517,1.583
f3a5fa56-7e7d-4fcf-9fe8-03c99299bd0f,2026-04-19T16:13:36.577688-04:00,node-01,checkout-api,429,True,normal,market_aware_v1,58.04,51.679,197.669,26.998,0.948,87.781,63.184,2.165
be3a1e1b-1457-4344-b87a-360f4dfdbcfa,2026-04-19T16:13:36.600259-04:00,node-01,payments-api,200,True,normal,market_aware_v1,54.591,52.159,190.497,26.16,0.753,89.807,46.203,1.941
85817e8f-9e1b-4869-8a18-bce05fa12e14,2026-04-19T16:13:36.633379-04:00,node-01,orders-api,200,True,normal,market_aware_v1,60.427,52.133,168.916,32.051,0.699,85.707,82.885,1.807
fd10cfc3-a8b1-439b-a72a-5a3d1c465d13,2026-04-19T16:13:36.656234-04:00,node-01,checkout-api,500,True,normal,market_aware_v1,62.336,52.594,180.122,27.584,0.952,89.779,61.833,2.291
0aab5d1a-b8a7-4c9b-a6c5-64b608478ec4,2026-04-19T16:13:36.678542-04:00,node-01,payments-api,500,True,normal,market_aware_v1,61.329,53.551,193.744,27.616,0.74,86.878,53.25,2.018
e373afaa-8953-484d-ba5c-c3637ce1d02e,2026-04-19T16:13:36.711863-04:00,node-01,orders-api,429,True,normal,market_aware_v1,63.942,51.848,178.234,30.272,0.678,86.542,90.046,1.884
ad5efc13-175f-4c3e-849a-aed63884c05c,2026-04-19T16:13:36.733075-04:00,node-01,checkout-api,502,True,normal,market_aware_v1,60.594,54.998,204.366,28.74,1.087,99.831,55.238,2.7
2ff8fb6c-9d7b-4f6c-b6e4-bd21cfc8fe7d,2026-04-19T16:13:36.766722-04:00,node-01,payments-api,500,True,normal,market_aware_v1,56.282,60.669,175.398,28.175,0.758,77.642,60.114,2.078
0da97af4-d786-47c9-aed6-677847b22c27,2026-04-19T16:13:36.789687-04:00,node-01,orders-api,200,True,normal,market_aware_v1,64.871,50.317,177.332,30.194,0.644,86.392,83.72,1.704
0d5bd325-999e-4807-b540-a62e006b4217,2026-04-19T16:13:36.812503-04:00,node-01,checkout-api,503,True,normal,market_aware_v1,65.042,56.034,192.978,27.78,0.86,92.471,58.941,2.266
12996622-a43c-4c09-a621-dedfb533d609,2026-04-19T16:13:36.834155-04:00,node-01,payments-api,503,True,normal,market_aware_v1,56.344,56.695,204.624,29.073,0.919,97.31,46.531,2.435
e7380309-3e18-4949-ae79-ea71d376693c,2026-04-19T16:13:36.856615-04:00,node-01,orders-api,429,True,normal,market_aware_v1,66.707,53.818,177.998,30.7,0.663,85.657,84.821,1.725
30bb6be8-5179-467b-860c-d6f92bbfd10d,2026-04-19T16:13:36.878522-04:00,node-01,checkout-api,502,True,normal,market_aware_v1,62.693,55.895,182.967,30.372,0.856,88.965,65.838,2.044
0c32491b-68a9-43fe-95ef-83f39b92b55f,2026-04-19T16:13:36.894922-04:00,node-01,payments-api,500,True,normal,market_aware_v1,62.246,52.886,199.853,27.723,0.805,88.859,51.036,2.086
40fc4b5d-13c6-43af-9996-fc088d9c596c,2026-04-19T16:13:36.922759-04:00,node-01,orders-api,200,True,normal,market_aware_v1,60.77,50.227,154.638,29.709,0.618,79.983,90.383,1.557
53e8edc9-9267-4628-92ef-d02b8fd8366b,2026-04-19T16:13:36.937822-04:00,node-01,checkout-api,200,True,normal,market_aware_v1,59.526,53.252,176.205,27.735,0.73,82.957,60.776,1.852
9364d5af-0ee3-4cab-a02c-ec50e07b4188,2026-04-19T16:13:36.956603-04:00,node-01,payments-api,500,True,normal,market_aware_v1,57.431,51.983,205.807,25.727,0.956,100.439,46.436,2.532
274d7869-0744-4d1a-8dd7-b88d13148728,2026-04-19T16:13:36.971529-04:00,node-01,orders-api,429,True,normal,market_aware_v1,61.121,50.213,161.539,29.339,0.673,84.188,80.069,1.707
5f7b9894-d5d9-4ea4-9e32-c3c886ea5a24,2026-04-19T16:13:37.001647-04:00,node-01,checkout-api,500,True,normal,market_aware_v1,57.088,50.614,175.416,26.925,0.893,91.22,55.748,2.19
ce6a1e8c-d2bf-46f2-9423-c3cd00533559,2026-04-19T16:13:37.023877-04:00,node-01,payments-api,503,True,normal,market_aware_v1,51.839,54.745,206.678,25.229,0.852,94.967,43.348,2.241
63c86207-49c8-43d2-a2ba-dc26877d55e6,2026-04-19T16:13:37.046632-04:00,node-01,orders-api,200,True,normal,market_aware_v1,59.731,53.193,177.823,32.122,0.656,85.923,83.979,1.804
fd3f3307-521c-4145-97b0-7568a0c40813,2026-04-19T16:13:37.075391-04:00,node-01,checkout-api,503,True,normal,market_aware_v1,55.447,50.385,179.417,27.422,0.891,84.713,61.322,2.019
e7a8e2fa-9ece-415c-bf02-167702a6b30e,2026-04-19T16:13:37.108651-04:00,node-01,payments-api,200,True,normal,market_aware_v1,52.147,52.357,182.215,25.127,0.658,83.694,45.715,1.812
8b2c3693-4d4f-4e29-a4f5-d381c42043b9,2026-04-19T16:13:37.136333-04:00,node-01,orders-api,429,True,normal,market_aware_v1,54.758,49.975,157.917,26.573,0.658,84.368,84.351,1.72
cbfff0e8-4ec1-4e44-b424-2b60d2f73b96,2026-04-19T16:13:37.163110-04:00,node-01,checkout-api,500,True,anomalous,market_aware_v1,61.163,51.861,194.646,27.652,1.184,93.001,48.167,2.799
594ce65c-c834-46c4-9109-773916f811f9,2026-04-19T16:13:37.193023-04:00,node-01,payments-api,500,True,anomalous,market_aware_v1,58.253,56.059,205.625,25.64,1.14,98.651,29.223,2.734
d1d16630-70fd-42a9-be51-0f380cbf18fd,2026-04-19T16:13:37.221065-04:00,node-01,orders-api,200,True,normal,market_aware_v1,56.471,47.766,175.271,28.207,0.686,84.713,77.134,1.803
c0aee0da-2500-4a76-81f7-89ee118d5324,2026-04-19T16:13:37.252035-04:00,node-01,checkout-api,200,True,normal,market_aware_v1,55.953,50.81,173.713,28.389,0.754,81.813,55.472,1.937
2f7eb57e-6b5b-4c07-9593-573440ee57d6,2026-04-19T16:13:37.285849-04:00,node-01,payments-api,502,True,normal,market_aware_v1,49.278,55.317,202.167,24.374,0.77,90.665,37.401,2.166
8a656b82-bdbe-4973-9188-8a3ec0be0d85,2026-04-19T16:13:37.320757-04:00,node-01,orders-api,200,True,normal,market_aware_v1,61.007,47.277,167.93,30.279,0.672,85.623,77.598,1.7
19bbe5eb-d2bb-4fab-b6c8-13e06d41e76a,2026-04-19T16:13:37.360552-04:00,node-01,checkout-api,503,True,normal,market_aware_v1,55.732,49.274,186.426,27.789,0.858,85.96,59.095,2.149
03d58295-67e3-42e3-8d6e-5c6b8e1873d2,2026-04-19T16:13:37.388374-04:00,node-01,payments-api,502,True,normal,market_aware_v1,53.909,52.433,193.466,27.42,0.771,92.021,48.148,2.175
0c2a8fb9-9c1d-4afe-9513-5bd772761789,2026-04-19T16:13:37.420818-04:00,node-01,orders-api,200,True,normal,market_aware_v1,62.267,49.583,153.686,29.499,0.621,82.0,80.003,1.731
e11c5a19-ee05-491f-9c74-83b4a5172ad1,2026-04-19T16:13:37.466684-04:00,node-01,checkout-api,503,True,normal,market_aware_v1,56.154,51.136,188.749,31.153,0.898,91.743,59.744,2.236
db671f78-5107-4d39-a25c-aea52f816374,2026-04-19T16:13:37.493281-04:00,node-01,payments-api,500,True,normal,market_aware_v1,55.7,53.417,196.623,25.476,0.919,97.768,37.687,2.304
53bac350-bcfe-44c0-80f6-6fbaec3b1744,2026-04-19T16:13:37.515712-04:00,node-01,orders-api,429,True,normal,market_aware_v1,62.427,52.04,169.269,32.376,0.637,85.569,85.577,1.788
3d115a73-9888-4878-9d8c-13aa3601a44f,2026-04-19T16:13:37.537835-04:00,node-01,checkout-api,500,True,normal,market_aware_v1,63.398,52.361,196.909,30.187,0.835,90.523,64.813,2.163
80c951fb-f85a-4023-bd35-07d54f2f5d3c,2026-04-19T16:13:37.560527-04:00,node-01,payments-api,503,True,normal,market_aware_v1,54.687,61.066,197.499,26.346,0.823,95.224,43.95,2.246
d4a49ca0-5769-4e10-8a91-c1e167f38d50,2026-04-19T16:13:37.576927-04:00,node-01,orders-api,200,True,normal,market_aware_v1,64.669,54.916,186.837,31.659,0.708,91.228,86.314,1.938
0e7ef377-5398-476a-88df-0471998d881e,2026-04-19T16:13:37.597585-04:00,node-01,checkout-api,500,True,normal,market_aware_v1,60.298,55.361,182.232,30.235,0.81,86.179,64.525,2.059
f50ae9dd-7160-4b97-8073-bfd0fe4967fe,2026-04-19T16:13:37.615195-04:00,node-01,payments-api,502,True,anomalous,market_aware_v1,63.517,60.363,222.317,28.843,1.233,102.177,41.463,2.919
7a0bb768-f7be-4c42-a563-357a21acceae,2026-04-19T16:13:37.646667-04:00,node-01,orders-api,502,True,normal,market_aware_v1,66.352,52.512,185.779,31.82,0.742,96.485,84.629,2.071
fed9cf6c-999f-43aa-a855-95e520be5be6,2026-04-19T16:13:37.671692-04:00,node-01,checkout-api,503,True,normal,market_aware_v1,67.663,53.741,193.695,30.884,0.971,95.158,68.596,2.439
05ef2e4e-c33a-4be2-956f-0a2357468763,2026-04-19T16:13:37.693992-04:00,node-01,payments-api,503,True,normal,market_aware_v1,62.176,60.888,217.235,28.61,0.878,95.059,48.61,2.23
fb2b54ba-68d7-4438-a3b2-c7928aee8c12,2026-04-19T16:13:37.716318-04:00,node-01,orders-api,429,True,normal,market_aware_v1,67.061,52.702,168.406,35.484,0.718,85.502,85.85,1.843
92a2d50f-4323-495d-9246-54488270c3b2,2026-04-19T16:13:37.738142-04:00,node-01,checkout-api,429,True,normal,market_aware_v1,61.453,58.522,208.081,31.047,0.945,101.52,57.222,2.391
ed87a1f5-1a0f-4f49-9961-dbfdf9825545,2026-04-19T16:13:37.755627-04:00,node-01,payments-api,503,True,normal,market_aware_v1,62.787,62.363,204.463,30.224,0.841,92.44,47.051,2.19
fa94ac6c-35fa-4e27-9207-ebe04e86fdaa,2026-04-19T16:13:37.783261-04:00,node-01,orders-api,502,True,normal,market_aware_v1,64.594,52.26,190.011,34.835,0.876,93.804,86.19,2.198
30c74af4-5417-4f25-ae4e-1e954090dd39,2026-04-19T16:13:37.805699-04:00,node-01,checkout-api,500,True,anomalous,market_aware_v1,67.782,54.858,198.848,31.604,1.253,100.231,51.969,2.952
d7c6eb98-b781-4e2b-a4f7-e65a83386405,2026-04-19T16:13:37.827370-04:00,node-01,payments-api,502,True,anomalous,market_aware_v1,63.38,59.052,210.668,29.731,1.11,96.793,42.72,2.682
8d5fc62d-7dda-469f-99fe-76a1bff881b6,2026-04-19T16:13:37.842278-04:00,node-01,orders-api,200,True,normal,market_aware_v1,62.476,50.823,164.657,32.202,0.647,85.773,87.795,1.773
a19db8b0-3ae9-408e-8fd6-1e0c8e8e2a9c,2026-04-19T16:13:37.872307-04:00,node-01,checkout-api,500,True,normal,market_aware_v1,64.16,52.488,194.095,29.757,0.881,88.238,59.541,2.315
243211e1-4168-4788-b5ea-0df55932d545,2026-04-19T16:13:37.887471-04:00,node-01,payments-api,502,True,anomalous,market_aware_v1,61.267,58.49,208.014,27.535,1.233,103.717,39.341,2.727
87bb1d96-1e25-4b2b-b09e-a5d8fcac786d,2026-04-19T16:13:37.916746-04:00,node-01,orders-api,200,True,normal,market_aware_v1,65.473,52.267,183.504,30.214,0.767,92.955,82.881,1.94
f3966bcb-0c88-4373-b179-518b755ec919,2026-04-19T16:13:37.931064-04:00,node-01,checkout-api,502,True,anomalous,market_aware_v1,66.019,54.064,204.851,28.977,1.219,94.761,51.491,2.931
ad09d690-dbef-4547-bcce-74c7f53736c7,2026-04-19T16:13:37.961940-04:00,node-01,payments-api,500,True,normal,market_aware_v1,54.57,57.75,202.584,23.735,0.784,93.517,41.165,2.179
4d502425-d3b8-4fa7-b3b9-17487a85423e,2026-04-19T16:13:37.984587-04:00,node-01,orders-api,500,True,anomalous,market_aware_v1,63.163,48.515,186.389,32.69,1.048,90.209,70.427,2.345
0a85ed0e-16b8-42b3-9123-55cdbfdb8860,2026-04-19T16:13:38.006233-04:00,node-01,checkout-api,502,True,normal,market_aware_v1,54.838,54.061,182.58,29.774,0.879,86.124,56.806,2.046
6d85ee00-222b-4278-ac5d-920116e3480e,2026-04-19T16:13:38.024311-04:00,node-01,payments-api,429,True,normal,market_aware_v1,50.805,55.67,198.264,25.846,0.815,93.129,42.157,2.125
9a41c0a3-00fe-4312-8e86-7f077737420f,2026-04-19T16:13:38.050805-04:00,node-01,orders-api,200,True,normal,market_aware_v1,58.776,44.752,175.842,30.575,0.698,91.492,71.808,1.938
d651e23a-9a3e-4023-8d38-56a081e635b6,2026-04-19T16:13:38.067363-04:00,node-01,checkout-api,503,True,normal,market_aware_v1,56.321,47.379,180.77,28.998,0.755,85.735,52.238,2.053
b67c6f0e-011b-4c2b-8b32-035f93da36bf,2026-04-19T16:13:38.082023-04:00,node-01,payments-api,502,True,normal,market_aware_v1,50.846,51.004,189.275,23.712,0.817,87.338,40.324,2.078
d7960517-4e3e-459e-89cc-8e7c9c88e2ee,2026-04-19T16:13:38.097368-04:00,node-01,orders-api,200,True,normal,market_aware_v1,55.89,41.479,164.137,28.976,0.625,83.462,75.656,1.804
459157fd-9ae8-4bae-8760-ea52d8e7a363,2026-04-19T16:13:38.151547-04:00,node-01,checkout-api,503,True,normal,market_aware_v1,51.146,49.618,184.651,29.34,0.915,90.511,52.191,2.238
ea3d15b6-80d4-4926-b2f8-535dcd16ecbb,2026-04-19T16:13:38.174392-04:00,node-01,payments-api,429,True,normal,market_aware_v1,48.813,51.881,185.21,24.151,0.765,82.575,40.646,1.938
ba9d64f0-a8eb-4510-95da-7617fc7f462c,2026-04-19T16:13:38.196498-04:00,node-01,orders-api,429,True,normal,market_aware_v1,56.049,45.016,160.621,28.084,0.67,85.919,74.761,1.702
589034ee-97ff-407b-8be6-49106bbe0b03,2026-04-19T16:13:38.218790-04:00,node-01,checkout-api,503,True,normal,market_aware_v1,53.445,49.917,187.036,29.467,0.926,89.045,45.821,2.199
2bd5da06-0b4c-4362-8a30-0b6821276088,2026-04-19T16:13:38.241518-04:00,node-01,payments-api,500,True,normal,market_aware_v1,51.873,51.162,203.813,25.258,0.945,95.6,40.533,2.496
98aac0ae-12d6-4ba2-bb38-4ad993672e1d,2026-04-19T16:13:38.263723-04:00,node-01,orders-api,200,True,normal,market_aware_v1,60.324,48.286,180.75,30.491,0.674,86.6,70.811,1.842
28369092-c2a1-4b75-aa27-549ea1ae046e,2026-04-19T16:13:38.285917-04:00,node-01,checkout-api,503,True,normal,market_aware_v1,55.103,50.537,208.694,30.032,1.104,99.495,51.011,2.883
ed070a42-d966-414f-87f2-49c3ca7ba0bf,2026-04-19T16:13:38.308703-04:00,node-01,payments-api,503,True,normal,market_aware_v1,50.144,51.144,180.112,27.187,0.856,92.585,45.139,2.08
834fb777-10e1-413c-b2af-c13b5a9d9195,2026-04-19T16:13:38.330641-04:00,node-01,orders-api,200,True,normal,market_aware_v1,58.149,45.206,163.444,29.095,0.658,84.835,75.31,1.654
a5a8aa28-182e-4c9f-917c-3888efc6923d,2026-04-19T16:13:38.352926-04:00,node-01,checkout-api,503,True,normal,market_aware_v1,54.535,49.217,188.445,30.432,0.902,88.351,55.576,2.08
629efb5a-4a99-47e2-804b-1095c69d6939,2026-04-19T16:13:38.374528-04:00,node-01,payments-api,503,True,normal,market_aware_v1,53.785,57.502,195.135,23.314,0.827,91.154,42.893,2.062
437e8af2-a2ba-490c-9a05-da928f51c529,2026-04-19T16:13:38.389884-04:00,node-01,orders-api,200,True,normal,market_aware_v1,60.143,47.871,168.42,31.112,0.738,86.394,82.374,1.91
3595cfbf-2669-4d42-bcac-3b8c5932e83f,2026-04-19T16:13:38.419876-04:00,node-01,checkout-api,503,True,normal,market_aware_v1,59.376,53.94,184.799,30.933,0.855,88.539,59.571,2.077
00a210db-16a7-41e2-8258-cd1f1ed5fd8a,2026-04-19T16:13:38.442242-04:00,node-01,payments-api,503,True,normal,market_aware_v1,57.292,57.875,204.499,24.942,0.872,93.37,47.555,2.209
09f87830-9d3d-46c3-acc3-9e0877f0df99,2026-04-19T16:13:38.472151-04:00,node-01,orders-api,200,True,normal,market_aware_v1,61.654,51.089,187.753,30.462,0.66,91.437,84.533,1.962
5c72a8da-b042-4531-b095-a226aa9cc9b4,2026-04-19T16:13:38.498024-04:00,node-01,checkout-api,500,True,normal,market_aware_v1,59.274,55.118,180.517,29.121,0.862,85.962,59.993,2.154
6907a665-d849-4dbf-b03f-e396c376f79f,2026-04-19T16:13:38.520447-04:00,node-01,payments-api,502,True,normal,market_aware_v1,57.511,55.717,198.247,26.234,0.851,91.071,49.989,2.24
e0c3adcd-1c7e-4e33-a9ef-868278a54b33,2026-04-19T16:13:38.542611-04:00,node-01,orders-api,502,True,normal,market_aware_v1,62.135,52.763,190.381,31.341,0.757,99.447,73.747,2.173
8a39ce6e-8786-441a-85e2-ebb7afa10f81,2026-04-19T16:13:38.564646-04:00,node-01,checkout-api,500,True,normal,market_aware_v1,59.913,55.258,189.311,30.719,0.943,95.919,59.68,2.376
c2e0f71e-ef25-4091-a313-2668310f7101,2026-04-19T16:13:38.596114-04:00,node-01,payments-api,503,True,normal,market_aware_v1,61.585,55.124,209.51,29.228,0.95,97.434,54.196,2.371
97d78355-3816-4f07-ba1f-0b25d12a94ec,2026-04-19T16:13:38.620983-04:00,node-01,orders-api,500,True,anomalous,market_aware_v1,67.066,52.123,197.176,30.949,1.009,96.439,76.325,2.412
fafd2391-f1b4-4ebe-82d5-efdcb944143f,2026-04-19T16:13:38.643961-04:00,node-01,checkout-api,500,True,normal,market_aware_v1,61.503,58.936,197.53,31.013,0.917,96.155,62.039,2.417
0f655ebe-8fb9-4de8-9f7f-eae20b6517ee,2026-04-19T16:13:38.659181-04:00,node-01,payments-api,500,True,normal,market_aware_v1,58.127,57.099,201.68,27.072,0.825,93.462,50.517,2.295
de710dad-ee62-4989-ad32-6485e8888304,2026-04-19T16:13:38.708789-04:00,node-01,orders-api,503,True,anomalous,market_aware_v1,69.662,52.587,196.957,35.598,1.18,100.038,72.299,2.654
a39c8153-9875-40d7-adaf-c50b6add7965,2026-04-19T16:13:38.754429-04:00,node-01,checkout-api,429,True,normal,market_aware_v1,60.15,56.439,200.39,30.538,0.865,96.046,57.515,2.15
c56429cb-9180-456f-931c-f542ef9e4fc1,2026-04-19T16:13:38.771192-04:00,node-01,payments-api,503,True,normal,market_aware_v1,61.174,54.306,208.988,27.209,0.897,98.504,42.271,2.463
ef6637f3-4d9f-487c-bd7f-58383dfe67d4,2026-04-19T16:13:38.799092-04:00,node-01,orders-api,500,True,normal,market_aware_v1,61.911,50.714,179.289,34.124,0.835,91.511,82.522,2.063
7f46e901-66f0-463b-92b9-2ba84bfad942,2026-04-19T16:13:38.815264-04:00,node-01,checkout-api,503,True,normal,market_aware_v1,56.231,53.148,184.553,29.333,0.926,88.984,62.898,2.213
30f650fc-de7f-46f4-85ed-67faf75ca16a,2026-04-19T16:13:38.843680-04:00,node-01,payments-api,502,True,normal,market_aware_v1,55.114,55.042,199.488,25.527,0.835,93.906,50.133,2.105
fb0d744d-6807-4c82-a967-adf1ddd6dc8d,2026-04-19T16:13:38.861654-04:00,node-01,orders-api,502,True,anomalous,market_aware_v1,66.655,52.643,174.719,34.402,1.006,92.067,76.902,2.271
2b8baf6a-fae8-4d1b-94b7-3107da96345f,2026-04-19T16:13:38.803758-04:00,node-01,checkout-api,503,True,normal,market_aware_v1,58.047,53.747,187.951,28.942,0.88,89.728,57.389,2.199
de08a484-9e90-49ec-af47-7a9df31e8717,2026-04-19T16:13:38.825487-04:00,node-01,payments-api,502,True,normal,market_aware_v1,55.397,54.823,198.058,26.887,0.854,92.556,49.031,2.23
496a4d8c-023f-44bf-8840-4afcbed09d4c,2026-04-19T16:13:38.880626-04:00,node-01,orders-api,500,True,normal,market_aware_v1,62.381,50.582,173.524,29.4,0.7,88.208,84.584,2.08
5dcd3b68-ff1a-41f0-8f47-a3698f15173e,2026-04-19T16:13:38.903318-04:00,node-01,checkout-api,503,True,normal,market_aware_v1,59.732,47.682,193.645,29.262,0.972,93.923,56.906,2.278
22df32a8-79ce-4617-8f58-df293c2fec0b,2026-04-19T16:13:38.937707-04:00,node-01,payments-api,503,True,anomalous,market_aware_v1,57.42,56.431,202.954,28.075,1.122,92.333,45.134,2.604
7d07c2f2-3777-436d-97b4-1c3cbd36ab3f,2026-04-19T16:13:38.959844-04:00,node-01,orders-api,200,True,normal,market_aware_v1,57.18,44.68,178.989,29.706,0.718,90.356,74.97,1.854
3f662465-f6a4-4dfe-a80e-5468fd17c95d,2026-04-19T16:13:38.982199-04:00,node-01,checkout-api,503,True,normal,market_aware_v1,58.324,50.895,192.768,28.348,0.842,88.694,49.585,2.091
f3fcdccd-567b-41db-9113-010ce9bd93e2,2026-04-19T16:13:39.004537-04:00,node-01,payments-api,503,True,normal,market_aware_v1,49.507,55.709,183.008,24.898,0.727,83.265,49.741,2.062
0a4c370f-dd0e-43ca-824b-095f81e7eb4b,2026-04-19T16:13:39.027016-04:00,node-01,orders-api,429,True,normal,market_aware_v1,56.71,43.251,167.072,32.242,0.697,92.418,81.699,1.989
2c97a497-2f66-43b4-acd2-f215db717fd5,2026-04-19T16:13:39.048398-04:00,node-01,checkout-api,429,True,normal,market_aware_v1,55.721,49.8,185.779,28.245,0.818,89.475,50.371,2.116
a8e56cfe-a5bc-406b-b222-92d3ac1720cb,2026-04-19T16:13:39.064238-04:00,node-01,payments-api,502,True,normal,market_aware_v1,49.424,50.799,196.005,24.764,0.792,93.5,41.059,2.125
6770f656-11c5-46af-aed7-59a7aa5356b4,2026-04-19T16:13:39.093262-04:00,node-01,orders-api,500,True,anomalous,market_aware_v1,69.332,48.901,196.666,30.475,1.025,99.004,66.104,2.386
e6818cde-c7c5-4a27-894f-4867838c229f,2026-04-19T16:13:39.108236-04:00,node-01,checkout-api,500,True,normal,market_aware_v1,55.117,50.666,194.116,28.472,1.008,94.09,51.863,2.455
52c04a9b-82ce-4e80-822e-b85e9bcde54b,2026-04-19T16:13:39.137823-04:00,node-01,payments-api,502,True,normal,market_aware_v1,54.549,53.064,180.404,24.542,0.764,89.05,42.641,2.122
a56ae08d-8212-4dea-93a5-13d7c8cc606f,2026-04-19T16:13:39.152766-04:00,node-01,orders-api,200,True,normal,market_aware_v1,59.96,52.367,168.568,31.908,0.702,90.897,80.953,1.947
ee23b95a-dce9-4d5a-b0bb-3364ffc6820e,2026-04-19T16:13:39.171354-04:00,node-01,checkout-api,502,True,normal,market_aware_v1,60.474,56.276,192.971,28.585,0.896,89.348,60.82,2.22
7ffe5b1d-6a81-4f13-9353-7b5d79810bdd,2026-04-19T16:13:39.186085-04:00,node-01,payments-api,503,True,normal,market_aware_v1,59.582,55.621,194.404,26.079,0.95,95.857,45.333,2.293
0b5ab73a-0f45-4189-a1a0-b0eabc78c7e5,2026-04-19T16:13:39.216687-04:00,node-01,orders-api,200,True,normal,market_aware_v1,63.574,49.998,171.986,30.504,0.689,88.8,76.725,1.85
b45553de-a154-4fc7-8dea-ee4437a56b53,2026-04-19T16:13:39.239211-04:00,node-01,checkout-api,429,True,normal,market_aware_v1,61.36,56.371,179.553,28.703,0.837,87.872,63.044,2.209
ec1896ed-ee8b-445b-9e84-185e6d62c5a5,2026-04-19T16:13:39.273651-04:00,node-01,payments-api,429,True,normal,market_aware_v1,58.428,59.339,204.608,28.58,0.821,97.826,46.754,2.272
b631738a-dd0e-4a6c-a46d-f8dd0a9a3f12,2026-04-19T16:13:39.304143-04:00,node-01,orders-api,200,True,normal,market_aware_v1,67.897,50.18,186.932,29.562,0.783,89.924,85.966,1.988
2b68c79b-6350-496b-813c-7de79868e994,2026-04-19T16:13:39.350675-04:00,node-01,checkout-api,500,True,normal,market_aware_v1,63.755,56.023,203.607,30.165,0.984,96.31,62.634,2.244
22b74a29-738b-46ea-aca3-244e3a417cf8,2026-04-19T16:13:39.387940-04:00,node-01,payments-api,502,True,normal,market_aware_v1,57.155,57.74,194.382,28.027,0.762,87.491,52.777,2.1
2a9f834a-82ef-4c74-8749-cbb399e131fa,2026-04-19T16:13:39.417440-04:00,node-01,orders-api,502,True,anomalous,market_aware_v1,70.002,54.441,178.571,34.344,0.969,91.026,81.809,2.318
4ba71770-7894-4538-b2c9-37cda4455b4b,2026-04-19T16:13:39.462491-04:00,node-01,checkout-api,503,True,normal,market_aware_v1,64.135,57.821,175.225,33.297,0.849,85.948,71.012,2.089
78527126-f5ae-442a-add8-8520f3e361cf,2026-04-19T16:13:39.485023-04:00,node-01,payments-api,429,True,normal,market_aware_v1,58.763,59.423,182.663,27.897,0.835,88.141,54.658,2.107
503dd9fd-ae1c-4832-bb53-3fa8ab97f253,2026-04-19T16:13:39.528927-04:00,node-01,orders-api,503,True,anomalous,market_aware_v1,68.373,53.458,186.218,35.036,1.125,96.828,76.325,2.595
17923f97-dc20-4835-86fb-6f3fc2adab46,2026-04-19T16:13:39.580117-04:00,node-01,checkout-api,429,True,normal,market_aware_v1,65.407,54.676,212.666,31.724,0.889,94.525,60.58,2.3
4acd61cc-b63e-4e10-9912-7d8973e13aed,2026-04-19T16:13:39.637174-04:00,node-01,payments-api,502,True,normal,market_aware_v1,60.235,58.796,202.711,29.239,0.851,95.549,50.267,2.142
cbd4756f-2cf0-46fe-8856-f7414f31e938,2026-04-19T16:13:39.671951-04:00,node-01,orders-api,429,True,normal,market_aware_v1,65.279,52.302,179.534,33.009,0.757,90.713,85.843,2.033
90daf84e-795c-4ae9-ba47-e01c1a49b63d,2026-04-19T16:13:39.692255-04:00,node-01,checkout-api,500,True,normal,market_aware_v1,64.772,56.8,207.977,29.615,0.957,101.12,58.517,2.452
02e5f916-3543-4a45-a6f3-da071c97b50c,2026-04-19T16:13:39.729043-04:00,node-01,payments-api,502,True,anomalous,market_aware_v1,65.262,57.666,224.037,30.252,1.327,108.987,40.507,3.08
381aa3d3-cd09-41ad-8b46-c760b045cdcf,2026-04-19T16:13:39.763367-04:00,node-01,orders-api,503,True,normal,market_aware_v1,65.543,53.524,184.543,31.95,0.79,98.731,81.563,2.217
5c8b1594-5f64-479c-afe9-fb8f9e53fdd1,2026-04-19T16:13:39.787509-04:00,node-01,checkout-api,500,True,normal,market_aware_v1,63.927,52.505,205.478,30.329,0.99,96.214,62.705,2.48
9c1c7f90-7718-4427-a460-9e589b59fdd7,2026-04-19T16:13:39.809400-04:00,node-01,payments-api,429,True,normal,market_aware_v1,55.756,56.894,202.582,27.16,0.82,93.188,39.999,2.148
017f2646-8c4d-43a0-ad4a-4ee9e970e8dc,2026-04-19T16:13:39.831533-04:00,node-01,orders-api,200,True,normal,market_aware_v1,66.923,49.502,184.554,31.716,0.709,89.819,86.099,1.94
ebecb216-1519-4986-bbf0-c489f3e5727a,2026-04-19T16:13:39.853918-04:00,node-01,checkout-api,429,True,normal,market_aware_v1,61.413,51.906,184.746,27.836,0.919,90.121,65.752,2.349
387973e6-b918-459a-9454-0826b844df51,2026-04-19T16:13:39.876588-04:00,node-01,payments-api,200,True,normal,market_aware_v1,54.337,53.981,190.686,27.534,0.828,89.678,41.929,1.966
f587b2ee-dc0f-4b52-81e8-899abdc8ff5e,2026-04-19T16:13:39.897833-04:00,node-01,orders-api,200,True,normal,market_aware_v1,60.139,49.362,173.671,29.663,0.67,84.287,72.94,1.917
065cbfca-7b56-4984-992c-58bb722e0cde,2026-04-19T16:13:39.918076-04:00,node-01,checkout-api,429,True,normal,market_aware_v1,57.318,51.845,194.211,28.983,0.848,93.8,56.829,2.403
c1dbe760-a6e0-4e78-be1b-afd011b3782f,2026-04-19T16:13:39.940690-04:00,node-01,payments-api,502,True,anomalous,market_aware_v1,55.438,53.673,205.412,25.867,1.147,94.055,39.914,2.7
9022b0e8-6128-458a-bdfa-4835f6b9395c,2026-04-19T16:13:39.965967-04:00,node-01,orders-api,200,True,normal,market_aware_v1,60.241,44.734,182.638,28.915,0.687,90.283,75.47,1.878
458315db-bb21-45de-b9a6-a5663f96305c,2026-04-19T16:13:39.987367-04:00,node-01,checkout-api,503,True,normal,market_aware_v1,56.017,48.497,180.698,28.404,0.834,86.516,56.866,2.052
20e57217-e97d-49ac-be4a-3e881b4dd668,2026-04-19T16:13:40.006851-04:00,node-01,payments-api,500,True,normal,market_aware_v1,52.562,50.494,215.259,24.224,0.779,100.684,35.934,2.344
73ad472e-a671-499e-a7f7-e62012645ebb,2026-04-19T16:13:40.033470-04:00,node-01,orders-api,429,True,normal,market_aware_v1,57.015,43.292,172.308,28.483,0.686,85.293,71.197,1.698
e99bc815-871d-4dba-af3e-005f2014cbc1,2026-04-19T16:13:40.051000-04:00,node-01,checkout-api,500,True,normal,market_aware_v1,55.33,49.25,173.101,24.746,0.893,86.481,58.9,2.04
8fe04873-c1ee-4e4c-a288-373b1ece0e12,2026-04-19T16:13:40.075446-04:00,node-01,payments-api,500,True,anomalous,market_aware_v1,54.543,53.263,216.847,27.756,1.116,96.891,34.858,2.618
c7f412e6-93c4-440f-a49a-8734b32c8964,2026-04-19T16:13:40.097209-04:00,node-01,orders-api,200,True,normal,market_aware_v1,56.212,46.372,155.151,30.003,0.484,76.636,78.548,1.558
22cb0b64-a8a3-480a-a034-6201480064d7,2026-04-19T16:13:40.119202-04:00,node-01,checkout-api,429,True,normal,market_aware_v1,57.93,47.237,201.407,29.998,0.964,98.249,46.347,2.625
b0e29fce-39c6-453c-b9a4-f4990a92807f,2026-04-19T16:13:40.141251-04:00,node-01,payments-api,502,True,normal,market_aware_v1,46.927,51.402,186.393,24.968,0.782,88.617,35.861,2.162
a002843d-8788-4e00-a904-21c86f079fb2,2026-04-19T16:13:40.162300-04:00,node-01,orders-api,500,True,normal,market_aware_v1,58.356,46.564,182.646,29.384,0.828,89.486,72.565,2.253
fe4b6c3b-7057-48d5-9c2c-2fedc2682378,2026-04-19T16:13:40.178695-04:00,node-01,checkout-api,503,True,normal,market_aware_v1,55.396,53.388,203.058,26.277,0.972,93.061,49.069,2.35
27a1d0bf-1701-40ec-a933-705c7a46739e,2026-04-19T16:13:40.205805-04:00,node-01,payments-api,500,True,normal,market_aware_v1,55.649,50.535,196.54,23.591,0.873,94.779,34.737,2.209
f123d183-f8be-420e-817b-6eda8979173f,2026-04-19T16:13:40.221334-04:00,node-01,orders-api,200,True,normal,market_aware_v1,56.701,47.041,168.44,31.257,0.644,79.698,79.959,1.716
a8588cfc-ae7c-4f30-8d4a-f544dd6456e0,2026-04-19T16:13:40.249606-04:00,node-01,checkout-api,200,True,normal,market_aware_v1,56.477,50.235,185.86,31.144,0.859,88.107,50.727,1.974
f63ae3f0-2d6d-411b-b52f-28a451c6d91b,2026-04-19T16:13:40.280808-04:00,node-01,payments-api,502,True,normal,market_aware_v1,58.075,56.514,196.388,23.456,0.903,88.131,45.939,2.213
ce45c2e1-49ab-4cc2-9acc-2a2fe1304ffc,2026-04-19T16:13:40.305030-04:00,node-01,orders-api,200,True,normal,market_aware_v1,62.522,49.99,162.725,31.855,0.6,77.997,85.577,1.723
54f5f91c-6f5f-4670-9bfe-3517c99eade1,2026-04-19T16:13:40.326735-04:00,node-01,checkout-api,500,True,normal,market_aware_v1,59.656,53.281,201.984,28.389,0.884,93.952,57.857,2.212
32c825a0-f51f-40e7-befe-f9187e7dff97,2026-04-19T16:13:40.348554-04:00,node-01,payments-api,503,True,normal,market_aware_v1,53.227,53.885,208.169,24.844,0.787,91.603,41.116,2.116
bd2cae27-b781-47db-b663-f02a573bf035,2026-04-19T16:13:40.379693-04:00,node-01,orders-api,200,True,normal,market_aware_v1,62.659,50.408,166.587,30.251,0.75,89.145,79.753,1.937
24d1c267-bdac-4e80-bd60-7c5ee839ce76,2026-04-19T16:13:40.403658-04:00,node-01,checkout-api,503,True,normal,market_aware_v1,62.324,52.033,199.422,29.656,0.876,97.609,58.858,2.384
557b7729-1061-4883-816d-687c661f46d8,2026-04-19T16:13:40.421886-04:00,node-01,payments-api,503,True,normal,market_aware_v1,57.157,56.165,200.688,26.925,0.817,93.143,50.549,2.241
aa3ac6ef-a8f7-448c-9962-1ff5edf116b5,2026-04-19T16:13:40.440758-04:00,node-01,orders-api,503,True,normal,market_aware_v1,64.955,54.635,176.957,31.186,0.775,94.164,80.521,2.138
4056e60c-c363-4359-971d-87c1c7d533e1,2026-04-19T16:13:40.459018-04:00,node-01,checkout-api,503,True,normal,market_aware_v1,62.191,53.424,195.034,28.153,0.892,94.892,68.096,2.315
8abdd6f3-4589-4d8e-8200-82daacd17cce,2026-04-19T16:13:40.490968-04:00,node-01,payments-api,503,True,normal,market_aware_v1,63.912,57.426,206.674,26.597,0.967,103.478,40.399,2.495
9ed01c5a-239a-47fe-bd09-c1681c0e919a,2026-04-19T16:13:40.511926-04:00,node-01,orders-api,503,True,normal,market_aware_v1,63.943,49.601,196.946,31.613,0.837,99.719,79.377,2.453
0f704f94-7467-47e3-b1d6-b747c3f07f9d,2026-04-19T16:13:40.542205-04:00,node-01,checkout-api,500,True,normal,market_aware_v1,61.86,51.289,198.318,31.78,0.897,92.66,61.059,2.294
21847b04-1bf7-4491-b0fe-2dcdaa550f6a,2026-04-19T16:13:40.566339-04:00,node-01,payments-api,503,True,normal,market_aware_v1,56.853,57.693,201.831,26.779,0.83,94.574,50.264,2.303
1da30ad7-27d6-4460-ad04-bd1c730aec37,2026-04-19T16:13:40.581544-04:00,node-01,orders-api,429,True,normal,market_aware_v1,62.223,52.684,187.104,31.985,0.724,94.019,84.475,2.042
885c9526-eb16-46b8-a442-86ecec508b56,2026-04-19T16:13:40.610574-04:00,node-01,checkout-api,429,True,normal,market_aware_v1,61.633,54.32,200.135,29.121,0.992,94.874,58.645,2.451
a2b317d6-5822-4922-86c1-d670f25ca873,2026-04-19T16:13:40.631732-04:00,node-01,payments-api,500,True,normal,market_aware_v1,58.449,57.71,211.106,25.535,0.849,92.923,47.135,2.21
53c7e2e4-5d7e-424e-8a4d-10b260f5d7cb,2026-04-19T16:13:40.649163-04:00,node-01,orders-api,500,True,normal,market_aware_v1,64.84,53.0,184.38,32.219,0.764,98.292,77.425,2.092
0b871f8b-74f9-46a0-a1fe-0bc9b5ca4a1d,2026-04-19T16:13:40.675943-04:00,node-01,checkout-api,503,True,normal,market_aware_v1,58.427,53.588,196.78,29.595,0.914,91.701,63.04,2.278
4d54935e-6c47-4a45-8a0c-5902eb09bda2,2026-04-19T16:13:40.697988-04:00,node-01,payments-api,500,True,normal,market_aware_v1,56.528,56.731,204.397,27.08,0.902,95.486,42.813,2.436
5db6dc1d-8709-43a5-9b67-2527882f41d1,2026-04-19T16:13:40.719263-04:00,node-01,orders-api,200,True,normal,market_aware_v1,59.777,46.203,176.358,30.195,0.673,90.209,80.484,1.817
f1db2a1a-453d-4015-a4e3-b7a9ad1e253a,2026-04-19T16:13:40.734846-04:00,node-01,checkout-api,500,True,normal,market_aware_v1,59.539,53.763,196.696,29.533,0.922,93.046,54.558,2.212
2fe2538f-2f15-4efd-a777-c370cf3708da,2026-04-19T16:13:40.763418-04:00,node-01,payments-api,500,True,normal,market_aware_v1,53.81,53.085,201.585,24.496,0.853,94.155,36.95,2.185
4a203ef4-cf72-4924-b030-26d6186ba475,2026-04-19T16:13:40.784632-04:00,node-01,orders-api,200,True,normal,market_aware_v1,61.22,48.245,170.858,32.626,0.464,79.84,73.911,1.537
74ec0a97-01b6-4d45-9f75-4984a92a17c1,2026-04-19T16:13:40.800660-04:00,node-01,checkout-api,429,True,normal,market_aware_v1,56.92,52.064,186.337,28.194,0.898,90.301,56.757,2.152
89cf556e-ddfd-407b-980f-0815764fe2cd,2026-04-19T16:13:40.829140-04:00,node-01,payments-api,502,True,normal,market_aware_v1,54.267,56.473,209.169,25.261,0.821,96.497,45.172,2.244
8fcc5dcb-49b0-4aa7-9e32-bd796efa8f02,2026-04-19T16:13:40.850808-04:00,node-01,orders-api,200,True,normal,market_aware_v1,58.533,49.278,170.053,30.145,0.698,85.16,81.25,1.918
ee238171-fda8-4818-9c6b-25931c0936a8,2026-04-19T16:13:40.872565-04:00,node-01,checkout-api,503,True,anomalous,market_aware_v1,63.062,50.699,195.693,29.714,1.153,94.659,53.007,2.733
d5b0ab33-a078-41a6-bd0b-93621a9a2354,2026-04-19T16:13:40.894224-04:00,node-01,payments-api,500,True,normal,market_aware_v1,52.734,53.321,205.429,25.558,0.984,98.739,29.185,2.463
e5e3b597-1379-48f4-8f25-ca51b7b8ab3f,2026-04-19T16:13:40.910952-04:00,node-01,orders-api,429,True,normal,market_aware_v1,59.554,46.529,171.806,27.324,0.733,89.591,76.465,2.018
6b34421a-3fb8-446a-bcc6-8d61cc2059d6,2026-04-19T16:13:40.926961-04:00,node-01,checkout-api,502,True,normal,market_aware_v1,59.685,51.615,202.473,26.095,0.948,96.478,53.504,2.385
7b6b2860-f5f7-44e5-87ae-f5b9b0e4873d,2026-04-19T16:13:40.943576-04:00,node-01,payments-api,502,True,normal,market_aware_v1,50.136,52.2,195.372,22.527,0.84,91.2,41.194,2.183
78ca67f0-eff1-4868-bac1-ac2f45078f34,2026-04-19T16:13:40.959896-04:00,node-01,orders-api,502,True,normal,market_aware_v1,60.303,47.162,185.157,28.814,0.829,96.934,71.602,2.253
74c74eb0-d2f9-4918-b94e-32ba3d66baf4,2026-04-19T16:13:40.992952-04:00,node-01,checkout-api,429,True,normal,market_aware_v1,58.268,47.728,188.25,27.987,0.818,87.94,56.662,1.997
c6b48701-7c9e-4725-846d-17e832ee14c2,2026-04-19T16:13:41.012458-04:00,node-01,payments-api,503,True,normal,market_aware_v1,54.374,50.775,186.866,26.17,0.862,89.654,47.62,2.08
fa18bddf-da8e-492f-b403-17cc7d688d46,2026-04-19T16:13:41.036222-04:00,node-01,orders-api,500,True,anomalous,market_aware_v1,65.526,55.901,200.282,29.151,1.141,101.592,72.515,2.717
93463f12-f7f3-449f-8240-58e8fc08045e,2026-04-19T16:13:41.067835-04:00,node-01,checkout-api,503,True,normal,market_aware_v1,59.128,55.027,197.017,29.001,0.885,96.304,54.215,2.356
80b32c6f-bd2b-458a-a76e-51fd0bcadef1,2026-04-19T16:13:41.093264-04:00,node-01,payments-api,502,True,normal,market_aware_v1,57.877,53.69,201.474,28.35,0.815,94.13,52.054,2.191
88e457e3-e11e-406f-9c02-6f9ee074f20a,2026-04-19T16:13:41.113404-04:00,node-01,orders-api,429,True,normal,market_aware_v1,64.174,50.326,176.206,30.358,0.672,87.04,79.69,1.807
76dca9af-acc9-4a35-895c-f1596e9559da,2026-04-19T16:13:41.135887-04:00,node-01,checkout-api,503,True,normal,market_aware_v1,60.519,56.911,196.525,31.201,0.85,91.743,60.363,2.145
5010d6e9-74c3-4f38-bab6-df853aca51b1,2026-04-19T16:13:41.157122-04:00,node-01,payments-api,500,True,normal,market_aware_v1,60.591,59.433,200.151,27.666,0.832,94.375,40.58,2.142
5aeb5468-225c-4f0b-94c8-5e7f05919a60,2026-04-19T16:13:41.173424-04:00,node-01,orders-api,503,True,normal,market_aware_v1,71.608,52.329,186.502,30.521,0.687,97.189,83.401,2.051
d5bd972b-673e-4e06-97b2-3b93170dac6d,2026-04-19T16:13:41.200949-04:00,node-01,checkout-api,503,True,normal,market_aware_v1,67.775,54.524,201.95,30.552,1.052,101.601,52.949,2.573
b87d118c-7679-4e40-88b3-ad30c0373ebe,2026-04-19T16:13:41.222952-04:00,node-01,payments-api,429,True,normal,market_aware_v1,61.935,59.55,225.241,27.561,1.025,102.899,52.71,2.878
f0f534d9-49c5-4b00-8b7c-6283eda5eb6f,2026-04-19T16:13:41.244803-04:00,node-01,orders-api,503,True,normal,market_aware_v1,63.118,52.934,187.397,34.088,0.786,90.162,89.901,2.041
940f3f8d-e4db-425b-8170-358e2cbf7cb3,2026-04-19T16:13:41.266074-04:00,node-01,checkout-api,500,True,normal,market_aware_v1,70.701,55.154,195.544,31.798,0.903,89.17,68.689,2.082
4f570f6d-2abf-49f7-a21b-ac9a74994ba3,2026-04-19T16:13:41.296159-04:00,node-01,payments-api,500,True,normal,market_aware_v1,60.707,59.299,203.387,26.68,0.813,92.383,50.428,2.033
a1d59bcb-6769-4700-adb8-7ac63e9b3618,2026-04-19T16:13:41.321387-04:00,node-01,orders-api,200,True,normal,market_aware_v1,67.053,53.715,167.327,34.557,0.694,89.854,88.523,1.824
08554b7d-0e51-4267-a447-db5847162731,2026-04-19T16:13:41.343528-04:00,node-01,checkout-api,500,True,normal,market_aware_v1,65.932,55.36,196.93,30.933,0.986,98.242,60.671,2.427
226fdfed-0f9b-4aab-8f3a-d7bb3e402233,2026-04-19T16:13:41.359113-04:00,node-01,payments-api,429,True,normal,market_aware_v1,60.793,60.921,204.832,24.551,0.874,96.863,53.921,2.138
bb2e18d8-b9fd-4dd6-9459-0971ad1cf3d2,2026-04-19T16:13:41.387469-04:00,node-01,orders-api,200,True,normal,market_aware_v1,71.826,51.188,179.883,31.208,0.708,93.898,88.872,1.902
238ce5ae-ef14-4ae8-a933-c1e859b618a5,2026-04-19T16:13:41.409184-04:00,node-01,checkout-api,502,True,normal,market_aware_v1,63.44,55.724,196.649,30.475,0.803,88.905,61.643,2.096
535b5657-0003-428f-919b-1a3eb3211076,2026-04-19T16:13:41.431397-04:00,node-01,payments-api,502,True,normal,market_aware_v1,61.046,57.776,206.953,30.113,0.911,96.648,49.248,2.439
16a62e5b-60d8-4783-bcdc-235212538912,2026-04-19T16:13:41.447775-04:00,node-01,orders-api,502,True,anomalous,market_aware_v1,64.894,53.825,193.094,33.439,1.027,97.362,77.176,2.381
7a6089c7-9160-4392-a039-24eef1fa559a,2026-04-19T16:13:41.463366-04:00,node-01,checkout-api,500,True,anomalous,market_aware_v1,65.922,56.864,218.626,29.64,1.44,108.935,49.341,3.241
101cb13b-4630-41a4-8ff8-ad5bcf1724a4,2026-04-19T16:13:41.483299-04:00,node-01,payments-api,503,True,normal,market_aware_v1,59.553,57.485,196.93,26.806,0.757,89.872,51.601,2.009
82afedc2-abb9-4c3e-a006-1a58e8268b37,2026-04-19T16:13:41.507718-04:00,node-01,orders-api,429,True,anomalous,market_aware_v1,68.818,51.451,211.635,32.234,1.088,101.474,76.073,2.677
3e630eb0-4077-49f0-8d58-b00c41a18556,2026-04-19T16:13:41.529291-04:00,node-01,checkout-api,429,True,normal,market_aware_v1,59.539,54.613,187.141,29.9,0.826,88.338,54.596,2.065
9e3ecaac-e8dd-4d22-a075-e2cd7300d424,2026-04-19T16:13:41.550594-04:00,node-01,payments-api,502,True,anomalous,market_aware_v1,60.729,56.848,209.866,26.854,1.158,96.465,44.821,2.612
d01adcc9-c8fd-44f3-aebd-9876aa724b51,2026-04-19T16:13:41.566560-04:00,node-01,orders-api,200,True,normal,market_aware_v1,58.753,49.6,163.258,30.418,0.768,88.145,77.704,1.933
44c1f138-5fa5-4f56-afdd-7f79bde513d3,2026-04-19T16:13:41.595514-04:00,node-01,checkout-api,502,True,normal,market_aware_v1,59.493,52.005,198.883,28.147,0.961,96.584,44.766,2.476
cc1be9d7-771f-481a-a66f-1cc5487434db,2026-04-19T16:13:41.616597-04:00,node-01,payments-api,503,True,normal,market_aware_v1,52.046,52.703,195.351,25.647,0.763,92.081,44.266,2.104
929abbea-8c58-4962-8968-4705d6c86df9,2026-04-19T16:13:41.634149-04:00,node-01,orders-api,500,True,normal,market_aware_v1,57.558,45.906,178.461,29.253,0.772,93.25,76.686,2.048
dda040d0-dc5d-4076-beab-310bd9f00e3c,2026-04-19T16:13:41.660879-04:00,node-01,checkout-api,502,True,normal,market_aware_v1,53.849,52.649,187.243,25.902,0.821,89.522,52.489,2.2
73b9a5c0-82d6-48d5-99d1-38a43aed8560,2026-04-19T16:13:41.682741-04:00,node-01,payments-api,500,True,normal,market_aware_v1,53.166,51.109,203.171,26.045,0.914,101.996,34.248,2.371
f055a1a2-c8bd-4a42-a64a-295dae371a42,2026-04-19T16:13:41.704054-04:00,node-01,orders-api,200,True,normal,market_aware_v1,58.195,46.391,174.456,31.183,0.761,90.823,72.982,1.901
8bb4298a-2ab9-4203-b405-015aea9303e6,2026-04-19T16:13:41.719234-04:00,node-01,checkout-api,503,True,normal,market_aware_v1,56.268,52.312,206.458,25.902,0.957,98.28,44.67,2.425
0aff4f4d-de1d-43b6-b3d7-9351a6b1e703,2026-04-19T16:13:41.747785-04:00,node-01,payments-api,503,True,normal,market_aware_v1,49.018,52.626,201.886,25.0,0.821,95.076,35.138,2.168
8150096e-350b-4f75-9df3-52a52741d618,2026-04-19T16:13:41.778161-04:00,node-01,orders-api,200,True,normal,market_aware_v1,55.199,49.131,161.164,31.975,0.67,86.08,69.65,1.777
8c216ebf-c39a-4299-bdff-10268c813fcc,2026-04-19T16:13:41.803246-04:00,node-01,checkout-api,429,True,normal,market_aware_v1,56.548,50.356,202.951,27.828,0.894,91.951,51.719,2.276
aa3a2ba4-65dd-4e23-bc88-802867e50e46,2026-04-19T16:13:41.824400-04:00,node-01,payments-api,500,True,normal,market_aware_v1,50.639,53.065,210.196,23.374,1.078,105.034,25.485,2.713
776b517b-b5ce-4d31-9079-076ce319e2d7,2026-04-19T16:13:41.838817-04:00,node-01,orders-api,200,True,normal,market_aware_v1,59.633,46.189,178.978,27.989,0.655,87.507,71.29,1.884
f3d9eae8-9800-4915-8b29-b57c88ed37ba,2026-04-19T16:13:41.868963-04:00,node-01,checkout-api,502,True,anomalous,market_aware_v1,61.927,51.253,220.127,27.299,1.401,108.779,40.687,3.185
a00a9ac0-5a9e-4942-b400-33cf19ae5b40,2026-04-19T16:13:41.890332-04:00,node-01,payments-api,500,True,normal,market_aware_v1,55.372,56.048,203.086,23.676,0.862,95.974,37.302,2.21
c7c90a88-469b-4231-8eec-3f41f288f539,2026-04-19T16:13:41.920696-04:00,node-01,orders-api,503,True,normal,market_aware_v1,56.835,47.85,185.896,31.41,0.782,94.613,84.893,2.034
1a314ce6-dabd-453b-b0d0-f3fa9ced8228,2026-04-19T16:13:41.946122-04:00,node-01,checkout-api,503,True,normal,market_aware_v1,55.793,50.275,193.481,28.561,0.994,98.646,52.201,2.342
ac4eab45-68e1-4f5c-bf30-4dcd2390b533,2026-04-19T16:13:41.983668-04:00,node-01,payments-api,500,True,normal,market_aware_v1,55.679,51.448,198.174,26.317,0.809,97.197,45.012,2.371
9b2297a3-1ca2-4c26-9d8f-8754fee1ff19,2026-04-19T16:13:42.000503-04:00,node-01,orders-api,200,True,normal,market_aware_v1,62.253,48.396,193.723,30.912,0.705,93.299,76.051,1.826
fe20703e-5ad2-44fc-83d0-b0b40a173a7a,2026-04-19T16:13:42.016920-04:00,node-01,checkout-api,502,True,normal,market_aware_v1,61.743,49.586,197.812,28.235,0.884,92.916,56.23,2.237
5b9e68d6-87c0-481e-b145-8689b8a212fb,2026-04-19T16:13:42.043996-04:00,node-01,payments-api,502,True,normal,market_aware_v1,55.186,53.52,209.622,25.578,0.886,99.864,35.83,2.398
d2420a8d-0673-48c8-8233-255ca5f6ed41,2026-04-19T16:13:42.074350-04:00,node-01,orders-api,200,True,normal,market_aware_v1,63.823,49.246,165.753,30.925,0.599,82.946,83.849,1.705
c3684b54-8759-4e45-86e9-5b6007017772,2026-04-19T16:13:42.099399-04:00,node-01,checkout-api,500,True,normal,market_aware_v1,62.127,52.624,204.708,27.744,0.963,98.483,56.469,2.448
478006f9-d55f-47e0-8855-7c19faadffc5,2026-04-19T16:13:42.121103-04:00,node-01,payments-api,429,True,normal,market_aware_v1,57.42,56.923,205.541,26.419,0.839,102.12,39.033,2.229
9cca1ff4-0ec7-40bd-b59e-83dece763ee4,2026-04-19T16:13:42.142620-04:00,node-01,orders-api,503,True,normal,market_aware_v1,63.276,52.128,195.322,31.934,0.801,100.847,80.628,2.321
2ebc651d-3bde-45cf-b9e2-11c6eeab79ad,2026-04-19T16:13:42.157731-04:00,node-01,checkout-api,500,True,normal,market_aware_v1,63.681,55.727,201.031,31.938,0.939,97.45,56.774,2.428
90254ca0-8d90-44ff-9a29-1e4a48ef7d5b,2026-04-19T16:13:42.184713-04:00,node-01,payments-api,500,True,normal,market_aware_v1,59.507,57.514,199.582,27.185,0.895,95.497,47.598,2.357
e3134e6f-5e16-4824-80ef-add0c2e70b34,2026-04-19T16:13:42.208373-04:00,node-01,orders-api,200,True,normal,market_aware_v1,63.337,51.992,179.965,31.41,0.672,87.738,84.658,1.762
77ba3245-a505-492a-b387-708fb952a578,2026-04-19T16:13:42.239252-04:00,node-01,checkout-api,500,True,anomalous,market_aware_v1,63.178,58.173,200.007,32.697,1.192,94.016,54.653,2.554
42b4f4ff-2483-4e5f-bb17-4806b4985df6,2026-04-19T16:13:42.263896-04:00,node-01,payments-api,503,True,normal,market_aware_v1,58.228,56.451,204.819,24.06,0.88,94.584,48.32,2.339
76febe8a-4d94-4d5b-b593-824f06d4e878,2026-04-19T16:13:42.285892-04:00,node-01,orders-api,500,True,anomalous,market_aware_v1,70.874,53.668,194.495,32.022,1.069,96.229,80.43,2.413
bdf8ac1e-9fd6-4490-8321-b2fe8cbc53ec,2026-04-19T16:13:42.307914-04:00,node-01,checkout-api,502,True,normal,market_aware_v1,60.456,52.503,203.368,29.171,0.939,95.533,56.938,2.292
3ce60402-ed7f-465f-b3be-9df3c2ac039c,2026-04-19T16:13:42.329856-04:00,node-01,payments-api,502,True,anomalous,market_aware_v1,65.242,57.35,232.363,26.712,1.22,107.775,34.735,2.93
01c19eb5-22b1-4eb9-aedd-ffa4853ddb15,2026-04-19T16:13:42.351956-04:00,node-01,orders-api,429,True,normal,market_aware_v1,61.686,53.409,182.588,31.169,0.805,92.118,77.362,2.131
bdbf6ab6-6297-4908-959a-30f631b80b7d,2026-04-19T16:13:42.371468-04:00,node-01,checkout-api,500,True,normal,market_aware_v1,63.389,55.294,203.223,30.153,0.985,98.46,55.813,2.536
3d2fc1a3-7bfb-4d49-9703-7b9439722561,2026-04-19T16:13:42.395571-04:00,node-01,payments-api,500,True,normal,market_aware_v1,57.189,52.002,196.487,25.599,0.879,96.036,44.45,2.343
61da5b32-e6e8-4a59-962e-8751c290781e,2026-04-19T16:13:42.426487-04:00,node-01,orders-api,500,True,anomalous,market_aware_v1,65.253,51.65,197.92,32.327,1.096,98.413,72.885,2.719
901b8199-4148-49c4-96d4-2064f393a194,2026-04-19T16:13:42.450533-04:00,node-01,checkout-api,429,True,normal,market_aware_v1,60.389,51.61,199.592,26.914,1.056,98.865,52.958,2.499
42a43d7f-62a7-4dd9-9b2b-a1916f77e08a,2026-04-19T16:13:42.471936-04:00,node-01,payments-api,500,True,normal,market_aware_v1,54.241,54.141,193.792,26.925,0.807,93.122,44.609,2.185
92e1f89f-1050-4101-b4b5-cdb492cd8397,2026-04-19T16:13:42.502760-04:00,node-01,orders-api,503,True,normal,market_aware_v1,61.658,47.801,177.657,30.636,0.735,90.668,72.483,2.007
965cf7ca-cf2e-4366-a0c3-98d077253d62,2026-04-19T16:13:42.521361-04:00,node-01,checkout-api,503,True,normal,market_aware_v1,56.855,54.038,190.763,29.355,0.888,91.162,59.155,2.178
77811f44-4058-4367-b4df-0ec033b1f1db,2026-04-19T16:13:42.538075-04:00,node-01,payments-api,502,True,normal,market_aware_v1,53.265,54.5,196.341,25.853,0.826,92.559,40.886,2.172
682b51b8-1718-4dd6-be92-e4ec4a69b387,2026-04-19T16:13:42.560045-04:00,node-01,orders-api,429,True,normal,market_aware_v1,58.383,47.671,173.265,28.069,0.755,92.592,75.323,1.922
29b30849-9c2a-495a-a470-03d6f5d4f9f7,2026-04-19T16:13:42.590983-04:00,node-01,checkout-api,503,True,normal,market_aware_v1,55.386,49.766,200.16,27.747,0.976,99.272,55.499,2.495
c8201f0a-2c1e-4249-82fa-39c244d0fbd7,2026-04-19T16:13:42.615514-04:00,node-01,payments-api,500,True,normal,market_aware_v1,49.015,54.81,182.66,24.745,0.784,88.621,41.324,2.102
b6c72868-1290-4b7c-a4db-dab5b5f8182c,2026-04-19T16:13:42.636538-04:00,node-01,orders-api,502,True,normal,market_aware_v1,60.691,46.084,184.996,32.412,0.722,90.218,73.568,2.03
c8f6d980-5f46-47ed-970e-d3faab565718,2026-04-19T16:13:42.650211-04:00,node-01,checkout-api,500,True,normal,market_aware_v1,58.281,53.011,185.791,28.335,0.855,90.419,53.872,2.208
f531fe13-4e5a-4a94-a3fb-5848dbf0696a,2026-04-19T16:13:42.681052-04:00,node-01,payments-api,429,True,normal,market_aware_v1,54.423,55.393,183.4,23.919,0.642,81.495,51.116,1.808
991f6de7-211c-4706-a1f9-a11263607039,2026-04-19T16:13:42.703088-04:00,node-01,orders-api,502,True,normal,market_aware_v1,58.236,48.54,189.23,30.814,0.731,95.926,72.584,2.147
e13dd68d-6a5a-46a8-8c10-3fadf7e630f2,2026-04-19T16:13:42.724343-04:00,node-01,checkout-api,503,True,anomalous,market_aware_v1,62.228,58.001,206.176,30.074,1.223,97.468,48.36,2.782
3f0f5d82-eef4-4f69-8a81-9ece894eeb6c,2026-04-19T16:13:42.757362-04:00,node-01,payments-api,429,True,normal,market_aware_v1,55.544,53.979,226.535,23.629,0.923,105.815,35.323,2.499
6fae78c5-702d-428b-ba3f-d594abf8dd1d,2026-04-19T16:13:42.774398-04:00,node-01,orders-api,500,True,normal,market_aware_v1,60.723,49.645,183.26,31.288,0.767,94.904,76.979,2.119
38c19877-e700-4eca-acd8-f52026390781,2026-04-19T16:13:42.802061-04:00,node-01,checkout-api,503,True,anomalous,market_aware_v1,64.093,56.891,217.205,31.437,1.243,100.033,56.148,2.981
c6f43569-bceb-4a06-8f82-62660e64dc25,2026-04-19T16:13:42.823979-04:00,node-01,payments-api,429,True,anomalous,market_aware_v1,62.566,63.231,221.547,30.422,1.242,101.374,39.42,2.805
7fd8b968-519d-4d32-8187-918b6920336f,2026-04-19T16:13:42.845853-04:00,node-01,orders-api,500,True,anomalous,market_aware_v1,69.006,55.078,186.469,30.328,1.145,93.288,74.539,2.518
eb5ff379-7717-485d-b1e8-e446ec8d45b5,2026-04-19T16:13:42.867142-04:00,node-01,checkout-api,503,True,normal,market_aware_v1,64.523,53.176,199.17,29.974,0.998,96.509,60.572,2.462
a952902e-de5e-4cde-b2a5-e9451d525dc7,2026-04-19T16:13:42.883129-04:00,node-01,payments-api,500,True,normal,market_aware_v1,59.001,54.135,204.119,26.828,0.872,95.201,45.763,2.271
712976dd-85dd-4420-983e-2a5b0463af34,2026-04-19T16:13:42.911674-04:00,node-01,orders-api,429,True,normal,market_aware_v1,66.668,53.889,167.32,30.12,0.675,88.306,85.555,1.853
2edc185b-a412-469a-bdb4-5ea03a11694d,2026-04-19T16:13:42.944889-04:00,node-01,checkout-api,429,True,normal,market_aware_v1,67.142,55.671,216.339,31.837,0.981,102.243,60.715,2.625
a1afad77-9042-49a1-b9cd-4628eedf9fe1,2026-04-19T16:13:42.971875-04:00,node-01,payments-api,502,True,normal,market_aware_v1,59.595,60.211,204.714,28.343,0.875,94.513,47.322,2.255
6c591a9f-5d34-43c0-ba1b-16366e20ee44,2026-04-19T16:13:42.999791-04:00,node-01,orders-api,200,True,normal,market_aware_v1,67.496,55.68,178.785,31.196,0.736,93.177,89.72,1.865
a2e79de9-2ab4-4412-84ee-c0acc6ec88c3,2026-04-19T16:13:43.022058-04:00,node-01,checkout-api,502,True,normal,market_aware_v1,66.261,57.787,198.263,28.364,0.98,99.321,63.183,2.373
7848d16d-66e5-4b6c-9551-bad7ffc3c1e9,2026-04-19T16:13:43.044546-04:00,node-01,payments-api,500,True,normal,market_aware_v1,65.888,59.78,219.856,30.157,0.808,100.758,48.496,2.273
8f1afb40-0250-4925-9eec-815e6c10b187,2026-04-19T16:13:43.068907-04:00,node-01,orders-api,503,True,anomalous,market_aware_v1,70.65,58.744,200.168,35.353,1.134,100.462,84.511,2.75
9e6350ba-c64d-41b0-8031-f170946dc048,2026-04-19T16:13:43.091314-04:00,node-01,checkout-api,502,True,normal,market_aware_v1,65.879,58.211,201.747,30.368,0.95,96.894,66.118,2.387
87c499fd-2d83-4293-af8d-f33e41c20eb1,2026-04-19T16:13:43.111941-04:00,node-01,payments-api,429,True,normal,market_aware_v1,63.431,62.633,203.783,27.852,0.781,91.375,53.362,2.119
8dde3c6f-0e3e-4929-b89c-e20d8569eabd,2026-04-19T16:13:43.142973-04:00,node-01,orders-api,200,True,normal,market_aware_v1,63.64,53.245,173.295,32.018,0.657,90.458,86.666,1.983
6f565570-7b67-41f2-b1e0-4357aa0eded1,2026-04-19T16:13:43.164964-04:00,node-01,checkout-api,500,True,normal,market_aware_v1,67.288,53.876,202.438,30.644,0.922,92.85,63.553,2.343
5860d18a-29cc-48fa-b7f0-1dde02ebd024,2026-04-19T16:13:43.187629-04:00,node-01,payments-api,502,True,normal,market_aware_v1,64.093,57.58,238.792,28.475,1.101,114.458,52.353,3.122
4bcc5337-4321-49d6-9544-cf92e3d80bba,2026-04-19T16:13:43.210406-04:00,node-01,orders-api,429,True,normal,market_aware_v1,68.879,53.642,184.058,31.883,0.892,99.439,81.784,2.281
38179d07-1c0d-48ab-981d-4d16df4b43ac,2026-04-19T16:13:43.241753-04:00,node-01,checkout-api,503,True,anomalous,market_aware_v1,63.42,55.799,225.026,31.525,1.346,107.995,49.313,3.22
6bb4fd4f-ab27-4f3d-8e56-1ceb6b9e1e2d,2026-04-19T16:13:43.263739-04:00,node-01,payments-api,503,True,normal,market_aware_v1,62.952,55.29,211.183,27.381,0.862,100.879,42.409,2.305
721fe307-ab54-4448-8b1a-b75fd7bd09bf,2026-04-19T16:13:43.286642-04:00,node-01,orders-api,502,True,normal,market_aware_v1,64.601,54.821,181.117,30.002,0.65,89.887,83.554,2.055
a599e661-fbfc-4874-9f42-cc11479bdc1b,2026-04-19T16:13:43.320176-04:00,node-01,checkout-api,503,True,normal,market_aware_v1,63.799,51.443,200.468,28.715,0.969,100.9,61.216,2.35
0b414d42-0683-43b7-9277-8c9a1877f373,2026-04-19T16:13:43.341207-04:00,node-01,payments-api,502,True,normal,market_aware_v1,54.654,57.837,207.798,25.702,0.86,100.106,40.193,2.383
e6b98a48-c790-4990-b991-e71439be3ca2,2026-04-19T16:13:43.374216-04:00,node-01,orders-api,500,True,normal,market_aware_v1,61.679,54.105,185.295,29.485,0.797,91.924,77.328,2.022
d4042676-a4f4-4df7-966c-797be887204e,2026-04-19T16:13:43.395859-04:00,node-01,checkout-api,503,True,normal,market_aware_v1,61.214,52.436,192.433,28.107,1.032,93.05,54.057,2.461
3b4cdb49-70c4-4a3a-b8ba-5dc82bf9e926,2026-04-19T16:13:43.417731-04:00,node-01,payments-api,502,True,normal,market_aware_v1,54.724,54.015,203.037,28.463,0.883,96.815,38.478,2.403
01760464-1a05-44df-85cd-050c03b530a1,2026-04-19T16:13:43.439769-04:00,node-01,orders-api,503,True,normal,market_aware_v1,64.729,48.226,192.821,29.465,0.907,98.368,71.736,2.336
0ce44acf-b44b-44a4-9c25-9cec6282e6e0,2026-04-19T16:13:43.461435-04:00,node-01,checkout-api,429,True,normal,market_aware_v1,55.737,51.033,194.702,27.998,0.925,92.233,53.027,2.316
da0fd85a-d0f6-48ca-9abb-c267b2d493c3,2026-04-19T16:13:43.494792-04:00,node-01,payments-api,500,True,normal,market_aware_v1,48.415,50.036,193.425,25.284,0.817,91.653,43.141,2.184
bbd15ec0-8849-498a-998e-0297f89cc349,2026-04-19T16:13:43.516837-04:00,node-01,orders-api,429,True,normal,market_aware_v1,56.75,49.378,184.442,27.454,0.717,92.54,74.178,2.078
42ac24cc-8820-46c7-b1a6-585b16cfcc75,2026-04-19T16:13:43.539045-04:00,node-01,checkout-api,500,True,normal,market_aware_v1,58.221,49.74,207.156,27.579,0.989,99.536,46.211,2.495
82d84650-ea4e-44a3-85f1-61ef426a0515,2026-04-19T16:13:43.554725-04:00,node-01,payments-api,503,True,normal,market_aware_v1,51.159,55.765,184.704,26.488,0.912,92.334,38.971,2.247
df9afb66-e997-4573-8ec0-2301428df9eb,2026-04-19T16:13:43.582910-04:00,node-01,orders-api,429,True,normal,market_aware_v1,56.717,46.103,182.267,28.74,0.702,92.2,69.856,1.884
e51aa2fc-4f3c-468a-a3b9-b99144aa211b,2026-04-19T16:13:43.605026-04:00,node-01,checkout-api,503,True,normal,market_aware_v1,55.52,49.243,202.9,28.416,1.074,99.316,49.48,2.59
0325838d-6d85-4708-88e2-0803d9748467,2026-04-19T16:13:43.620659-04:00,node-01,payments-api,502,True,normal,market_aware_v1,53.45,51.799,214.582,25.012,0.798,95.109,44.873,2.151
26130cf3-055c-450e-a93d-ed8953ea665e,2026-04-19T16:13:43.637344-04:00,node-01,orders-api,429,True,normal,market_aware_v1,56.977,45.646,169.899,27.752,0.699,86.451,75.925,1.902
45f66a04-f19c-4a7f-bf62-f35103492739,2026-04-19T16:13:43.654444-04:00,node-01,checkout-api,500,True,normal,market_aware_v1,58.505,52.919,200.808,27.29,0.868,96.602,45.576,2.295
c513a8cd-4992-4a1e-9f0f-bc92fb118f30,2026-04-19T16:13:43.681402-04:00,node-01,payments-api,429,True,normal,market_aware_v1,54.293,53.27,205.198,26.498,0.846,93.503,40.046,2.281
fdd256a1-baac-48e1-9084-0259cbc12aa3,2026-04-19T16:13:43.696634-04:00,node-01,orders-api,429,True,normal,market_aware_v1,56.524,48.022,175.875,32.405,0.825,93.999,77.715,2.096
fdba7bdb-7eb8-4d93-8de3-31de843e0cb0,2026-04-19T16:13:43.725969-04:00,node-01,checkout-api,500,True,normal,market_aware_v1,60.483,49.188,208.35,28.59,0.916,101.614,43.723,2.595
0cb8729b-5ff7-4dd5-8672-5418e560580f,2026-04-19T16:13:43.747438-04:00,node-01,payments-api,429,True,normal,market_aware_v1,56.96,52.555,213.271,25.548,0.809,96.755,38.426,2.229
f1b413bf-128b-4269-b29c-bf2d98d5d888,2026-04-19T16:13:43.762283-04:00,node-01,orders-api,429,True,normal,market_aware_v1,60.635,47.983,179.195,31.751,0.749,88.193,77.644,1.987
0d5f7b9d-3d62-4113-91a8-68feb529b517,2026-04-19T16:13:43.791965-04:00,node-01,checkout-api,500,True,normal,market_aware_v1,56.465,54.551,199.626,30.952,0.886,90.418,55.742,2.222
2bc7dce0-2ffc-4dab-9097-a09c4f129559,2026-04-19T16:13:43.813337-04:00,node-01,payments-api,502,True,normal,market_aware_v1,53.245,54.572,202.233,26.614,0.833,98.437,42.095,2.291
93727bf4-e066-4aea-ac47-ffba0f0169e3,2026-04-19T16:13:43.844439-04:00,node-01,orders-api,500,True,normal,market_aware_v1,63.418,49.892,196.78,30.82,0.782,99.663,75.166,2.141
dc8602c0-e39f-48a5-a9c2-c19e6e04ec2d,2026-04-19T16:13:43.869000-04:00,node-01,checkout-api,500,True,normal,market_aware_v1,62.872,53.893,200.437,29.68,0.863,90.94,58.139,2.155
49a9c1f2-6e83-4a51-aa82-d335f8dcb5a8,2026-04-19T16:13:43.891032-04:00,node-01,payments-api,500,True,normal,market_aware_v1,58.856,53.985,218.887,25.693,0.919,107.032,41.228,2.563
8fc46e89-81a2-4125-bca2-91719551abb0,2026-04-19T16:13:43.912825-04:00,node-01,orders-api,429,True,normal,market_aware_v1,64.603,50.636,174.828,29.665,0.699,88.232,83.097,1.798
6ca4663d-40ac-4e83-91a8-abafd4dc8e9c,2026-04-19T16:13:43.935076-04:00,node-01,checkout-api,502,True,normal,market_aware_v1,62.985,57.413,214.345,30.73,0.959,99.882,54.103,2.578
bea2683b-6ba3-4ff0-8886-5a77fe988074,2026-04-19T16:13:43.957079-04:00,node-01,payments-api,500,True,normal,market_aware_v1,58.683,53.16,208.349,28.339,0.748,90.544,46.384,2.134
a6755a06-fcbc-41e2-b18f-8561d7a95feb,2026-04-19T16:13:43.977247-04:00,node-01,orders-api,429,True,normal,market_aware_v1,68.673,53.494,190.944,32.764,0.763,95.942,86.559,2.137
5cd9edba-cb0b-4d88-a0e0-c2b46db55448,2026-04-19T16:13:44.001030-04:00,node-01,checkout-api,503,True,normal,market_aware_v1,64.889,55.422,215.789,29.732,0.966,104.53,57.388,2.681
32bfd35d-321f-4722-a782-2b1401dab170,2026-04-19T16:13:44.022650-04:00,node-01,payments-api,500,True,normal,market_aware_v1,61.116,60.334,229.689,23.365,0.886,102.134,45.528,2.324
8d7c04e9-3c5b-4f9d-9d4a-c3dafb7b1fdb,2026-04-19T16:13:44.056088-04:00,node-01,orders-api,502,True,normal,market_aware_v1,65.161,52.538,190.574,32.347,0.847,96.574,82.776,2.302
3e5f3387-9409-4026-91c0-2914f24bb802,2026-04-19T16:13:44.077504-04:00,node-01,checkout-api,429,True,normal,market_aware_v1,62.891,55.886,202.007,29.292,0.971,95.889,61.231,2.295
e4edf777-f30c-4341-8ab4-97fbb95186eb,2026-04-19T16:13:44.109033-04:00,node-01,payments-api,502,True,normal,market_aware_v1,61.547,55.222,209.715,27.767,0.902,100.912,43.079,2.471
76c4c3bd-9680-413a-91b8-f743dfc573cf,2026-04-19T16:13:44.133822-04:00,node-01,orders-api,200,True,normal,market_aware_v1,69.543,51.007,180.884,30.373,0.675,91.278,82.277,1.746
93329d4b-7191-44d9-9e3d-731cc64db0be,2026-04-19T16:13:44.151349-04:00,node-01,checkout-api,503,True,normal,market_aware_v1,64.972,57.404,223.0,30.673,1.103,107.993,59.206,2.824
229a8589-b768-494c-a9e7-a6063134cfda,2026-04-19T16:13:44.172077-04:00,node-01,payments-api,503,True,normal,market_aware_v1,53.624,56.389,208.373,25.32,0.884,96.914,45.098,2.203
3301e418-2b82-4893-9fc0-1e987b13150b,2026-04-19T16:13:44.195470-04:00,node-01,orders-api,503,True,normal,market_aware_v1,61.692,51.379,183.928,29.927,0.676,93.65,78.051,2.019
30fa54d7-55d9-49d8-a0b8-73062bc2f4e2,2026-04-19T16:13:44.220072-04:00,node-01,checkout-api,502,True,normal,market_aware_v1,57.651,50.948,201.454,26.538,0.873,91.846,48.939,2.267
22d502fa-397e-49f3-a4d4-92d5b222f8d4,2026-04-19T16:13:44.243529-04:00,node-01,payments-api,429,True,normal,market_aware_v1,59.88,56.475,221.406,24.882,0.929,100.973,37.004,2.537
99f3d2ff-e97b-4a9d-b8d6-337670a02310,2026-04-19T16:13:44.266100-04:00,node-01,orders-api,500,True,normal,market_aware_v1,61.185,47.797,180.407,30.29,0.763,90.938,82.352,2.037
e20019af-2252-4b69-b5ff-403a88f8364b,2026-04-19T16:13:44.287586-04:00,node-01,checkout-api,502,True,normal,market_aware_v1,62.562,57.488,204.645,27.801,0.911,101.905,56.62,2.499
41aa67c0-e895-406f-99aa-2b457fec2243,2026-04-19T16:13:44.319171-04:00,node-01,payments-api,503,True,normal,market_aware_v1,55.56,50.363,204.485,24.106,0.909,98.656,38.524,2.424
3e2e9710-a872-47be-b21e-9a4a88f4bd3a,2026-04-19T16:13:44.342834-04:00,node-01,orders-api,503,True,normal,market_aware_v1,60.892,49.836,185.007,31.631,0.751,98.591,76.695,2.095
f9e10f00-e04a-49f1-9e8f-11d11365b5a8,2026-04-19T16:13:44.365192-04:00,node-01,checkout-api,500,True,normal,market_aware_v1,63.314,55.016,207.132,26.364,1.016,96.976,51.838,2.35
28999594-9415-45bc-bead-2e9dfb088a2b,2026-04-19T16:13:44.386620-04:00,node-01,payments-api,502,True,normal,market_aware_v1,55.586,56.563,207.425,25.887,0.848,96.79,39.501,2.407
ae4ec93b-2f61-48e6-bf58-a2ac12dcb885,2026-04-19T16:13:44.403427-04:00,node-01,orders-api,500,True,normal,market_aware_v1,60.106,49.695,186.555,31.266,0.755,94.24,77.149,2.157
1aff70ac-b06c-4963-a7c7-31413d0b14bf,2026-04-19T16:13:44.431153-04:00,node-01,checkout-api,429,True,anomalous,market_aware_v1,61.244,54.583,209.876,28.799,1.246,93.971,51.095,2.754
c2e4e73d-41c8-4a5a-83dc-66ca41187ce8,2026-04-19T16:13:44.453083-04:00,node-01,payments-api,503,True,normal,market_aware_v1,59.792,54.65,207.745,25.491,0.924,102.796,38.457,2.499
46b11d88-820d-4862-a252-e4aaefd583f2,2026-04-19T16:13:44.474435-04:00,node-01,orders-api,429,True,normal,market_aware_v1,62.342,51.613,186.481,30.853,0.755,99.066,69.36,2.211
54a0f93e-284f-42ae-b648-76a60064e155,2026-04-19T16:13:44.506060-04:00,node-01,checkout-api,502,True,normal,market_aware_v1,58.931,53.007,201.737,30.172,0.865,93.164,52.327,2.275
7c65b8e3-b4ea-47dd-bb79-fd9bfc4e3e6f,2026-04-19T16:13:44.530617-04:00,node-01,payments-api,429,True,normal,market_aware_v1,55.915,54.23,213.157,25.633,0.983,102.858,39.411,2.654
f3c7cb17-d20b-41b4-a7d1-5983b3e571e9,2026-04-19T16:13:44.552497-04:00,node-01,orders-api,500,True,normal,market_aware_v1,60.787,52.134,191.939,32.629,0.801,99.091,72.111,2.205
3f3895d8-8075-4bcc-bcd9-091d1e42682b,2026-04-19T16:13:44.573672-04:00,node-01,checkout-api,500,True,normal,market_aware_v1,59.598,52.524,196.932,27.339,0.939,93.507,57.154,2.422
cd319823-6f4e-4e4c-b572-c44c2ea299fd,2026-04-19T16:13:44.589468-04:00,node-01,payments-api,429,True,normal,market_aware_v1,55.67,59.786,204.518,25.071,0.929,95.041,47.418,2.295
b560301c-cb58-4a7d-94c0-1a4f0bc2b4a0,2026-04-19T16:13:44.617812-04:00,node-01,orders-api,500,True,normal,market_aware_v1,66.988,54.869,186.772,33.352,0.828,94.901,80.277,2.176
9566ae69-681e-430e-8d1a-385853b95648,2026-04-19T16:13:44.633073-04:00,node-01,checkout-api,503,True,normal,market_aware_v1,62.362,53.834,197.664,29.446,0.849,93.132,58.693,2.22
e0ebbd45-6091-445a-8bc6-aa8c9de2fbc5,2026-04-19T16:13:44.662961-04:00,node-01,payments-api,503,True,normal,market_aware_v1,58.417,57.262,212.602,26.542,1.04,103.137,45.523,2.522
66123bf0-c147-4506-a370-10dbf53d5cd4,2026-04-19T16:13:44.676506-04:00,node-01,orders-api,502,True,normal,market_aware_v1,67.853,50.764,207.582,30.24,0.889,105.559,75.317,2.266
47962233-b5f8-4076-b899-ac4c8c5c2615,2026-04-19T16:13:44.695798-04:00,node-01,checkout-api,429,True,normal,market_aware_v1,66.831,55.89,206.09,32.596,1.022,98.985,62.04,2.391
9946fbce-e289-4b1b-8f0e-9730d204b36e,2026-04-19T16:13:44.712315-04:00,node-01,payments-api,429,True,normal,market_aware_v1,59.628,58.323,212.353,26.753,0.962,101.951,50.458,2.523
3abab119-6a89-405a-a6f1-c5b0dd709687,2026-04-19T16:13:44.739606-04:00,node-01,orders-api,429,True,normal,market_aware_v1,69.232,53.722,186.512,35.245,0.803,95.801,81.481,2.094
95c2006d-375a-4c91-8a92-37bb4a42bb32,2026-04-19T16:13:44.761109-04:00,node-01,checkout-api,500,True,normal,market_aware_v1,66.957,55.136,222.921,33.118,1.161,111.995,59.443,2.919
a7bf3261-54c6-4a97-82bf-fd5f70b6086c,2026-04-19T16:13:44.793141-04:00,node-01,payments-api,500,True,normal,market_aware_v1,62.138,58.299,216.706,28.572,0.858,99.73,47.082,2.4
a0babdbe-b9d2-4b44-bb40-3c9eaf1a052e,2026-04-19T16:13:44.817131-04:00,node-01,orders-api,502,True,normal,market_aware_v1,68.361,53.624,190.062,33.025,0.791,100.242,83.812,2.191
2bb393b1-e048-452a-ad93-4e6dd5669ff2,2026-04-19T16:13:44.839172-04:00,node-01,checkout-api,503,True,normal,market_aware_v1,65.367,57.946,194.439,34.233,0.902,91.947,68.205,2.138
deed1ad7-d0bb-4478-b0d1-4ef9e4ef5a17,2026-04-19T16:13:44.861198-04:00,node-01,payments-api,503,True,normal,market_aware_v1,64.694,58.405,215.453,26.607,1.012,106.96,47.283,2.679
8c0229ee-59f8-4860-9f7f-49050d496afa,2026-04-19T16:13:44.883780-04:00,node-01,orders-api,200,True,normal,market_aware_v1,70.997,53.703,200.698,31.452,0.714,96.093,87.521,1.901
0988446f-f043-4d89-8d30-2b1de47d66fa,2026-04-19T16:13:44.905052-04:00,node-01,checkout-api,502,True,anomalous,market_aware_v1,69.022,60.642,214.906,32.863,1.229,106.864,54.324,3.028
493cb809-c21f-4191-81c2-e5f1a9abd71c,2026-04-19T16:13:44.927266-04:00,node-01,payments-api,503,True,normal,market_aware_v1,59.644,61.958,219.142,25.914,0.912,103.147,43.692,2.458
b7c50d6c-183c-434b-80b3-85274f927af7,2026-04-19T16:13:44.948789-04:00,node-01,orders-api,502,True,normal,market_aware_v1,68.936,52.754,193.635,33.429,0.867,103.441,75.439,2.155
40c19413-8b81-4b79-ad5f-5cb20aa9203f,2026-04-19T16:13:44.967080-04:00,node-01,checkout-api,503,True,normal,market_aware_v1,66.578,54.136,221.173,28.789,1.081,106.788,60.012,2.776
098b21a3-ee13-45a8-b59e-83fe6ddfbb77,2026-04-19T16:13:44.993578-04:00,node-01,payments-api,500,True,normal,market_aware_v1,62.206,56.066,229.063,28.414,1.091,103.858,46.03,2.979
4b5c49e9-a09d-4ca1-b9e0-c70225df8a8c,2026-04-19T16:13:45.015405-04:00,node-01,orders-api,500,True,normal,market_aware_v1,66.488,52.551,198.911,31.222,0.807,103.547,78.028,2.322
e479093b-090d-4738-bd0f-337effacb67f,2026-04-19T16:13:45.037849-04:00,node-01,checkout-api,502,True,normal,market_aware_v1,62.833,55.789,199.799,28.808,0.837,89.809,60.912,2.076
9b3d1f41-de0c-41e7-b98e-166f70ebe02c,2026-04-19T16:13:45.059576-04:00,node-01,payments-api,429,True,normal,market_aware_v1,57.06,58.805,198.89,27.283,0.825,90.055,42.502,2.193
93fef15d-d80b-4d19-b7d5-9045aeede770,2026-04-19T16:13:45.082147-04:00,node-01,orders-api,500,True,normal,market_aware_v1,64.552,49.508,192.579,31.263,0.749,95.808,80.925,2.194
fab1ebcc-6415-40f2-9192-015dc00ea2c4,2026-04-19T16:13:45.103682-04:00,node-01,checkout-api,429,True,normal,market_aware_v1,59.276,51.94,203.827,28.696,0.887,95.989,52.255,2.274
ae276ae4-068a-4ce7-8fd6-2f2dea7ecf7f,2026-04-19T16:13:45.125826-04:00,node-01,payments-api,503,True,normal,market_aware_v1,57.557,56.239,202.49,24.45,0.914,98.354,33.339,2.446
c56eb2db-6be6-4393-b24f-813f6801e6d4,2026-04-19T16:13:45.147162-04:00,node-01,orders-api,502,True,normal,market_aware_v1,62.847,49.162,183.0,29.856,0.84,96.697,74.221,2.2
c0ed3eaa-d43c-4aca-b5db-2b15526c3ddd,2026-04-19T16:13:45.167628-04:00,node-01,checkout-api,502,True,normal,market_aware_v1,57.194,51.808,200.519,28.448,0.952,98.902,51.673,2.45
f4fa8fbf-0203-4b2f-8562-82467532c991,2026-04-19T16:13:45.184555-04:00,node-01,payments-api,502,True,normal,market_aware_v1,50.756,51.564,218.608,23.489,0.886,107.525,35.164,2.435
6eec108b-a1b9-484f-b7f3-d720eada4bcf,2026-04-19T16:13:45.202736-04:00,node-01,orders-api,429,True,normal,market_aware_v1,62.292,48.433,172.869,30.761,0.698,91.961,69.707,1.944
ab8f10ed-1e9c-4fc9-93b2-5f3eb05c7930,2026-04-19T16:13:45.224829-04:00,node-01,checkout-api,429,True,normal,market_aware_v1,55.264,50.478,196.18,27.311,0.845,88.43,49.676,2.172
7cccc9b6-6d14-4bc9-a76a-dfe51cf2eb32,2026-04-19T16:13:45.245742-04:00,node-01,payments-api,502,True,anomalous,market_aware_v1,54.076,55.72,208.929,24.303,1.176,100.195,29.952,2.737
8359eb33-d246-43dc-b031-ad5b66fab557,2026-04-19T16:13:45.263251-04:00,node-01,orders-api,200,True,normal,market_aware_v1,58.218,49.733,181.443,28.185,0.702,95.003,73.513,1.979
e8608626-1451-4200-b79c-3e122ac5f4ea,2026-04-19T16:13:45.302549-04:00,node-01,checkout-api,502,True,normal,market_aware_v1,58.315,49.55,204.1,26.125,0.919,96.295,50.832,2.488
08c2c129-383a-497c-8369-db967a8c3e90,2026-04-19T16:13:45.321877-04:00,node-01,payments-api,502,True,normal,market_aware_v1,52.156,51.264,209.175,25.662,0.883,101.808,36.873,2.481
c3cfa7cf-0a67-4efa-abd6-452605cc91d4,2026-04-19T16:13:45.344878-04:00,node-01,orders-api,502,True,normal,market_aware_v1,59.511,47.431,179.208,29.405,0.761,98.578,72.609,2.13
03d503aa-3f86-4274-8b0f-408f9f68c237,2026-04-19T16:13:45.369429-04:00,node-01,checkout-api,502,True,normal,market_aware_v1,56.978,49.868,197.417,28.819,0.891,92.351,45.869,2.236
38da89a2-55c6-49b1-b845-8f5bf71d0b4a,2026-04-19T16:13:45.391242-04:00,node-01,payments-api,503,True,normal,market_aware_v1,50.535,53.577,203.552,23.962,0.879,95.512,41.997,2.218
9bcb554b-5161-4f4b-b891-ae86acc267e1,2026-04-19T16:13:45.415072-04:00,node-01,orders-api,500,True,normal,market_aware_v1,60.816,45.198,192.156,29.088,0.838,96.764,70.211,2.254
c3e590ec-7549-4663-9780-da0f2c297061,2026-04-19T16:13:45.446756-04:00,node-01,checkout-api,429,True,anomalous,market_aware_v1,66.253,54.715,217.322,28.125,1.191,98.26,40.593,2.832
af6d34c1-79d5-45bd-ae59-3ae62aaee0aa,2026-04-19T16:13:45.489429-04:00,node-01,payments-api,503,True,normal,market_aware_v1,51.722,55.015,207.83,25.483,0.881,97.684,39.502,2.307
67cdba3c-94d1-444b-817b-09021d998800,2026-04-19T16:13:45.521128-04:00,node-01,orders-api,500,True,normal,market_aware_v1,60.329,49.598,175.854,29.341,0.733,93.877,77.101,2.139
9e28f82f-ea3b-45ff-b5d2-695e83b26813,2026-04-19T16:13:45.546612-04:00,node-01,checkout-api,502,True,normal,market_aware_v1,59.707,52.512,208.045,26.212,0.807,91.04,51.65,2.107
deb31db3-0cad-49c9-99fc-82aa813cee71,2026-04-19T16:13:45.570674-04:00,node-01,payments-api,502,True,normal,market_aware_v1,58.756,54.992,203.368,24.204,0.743,88.835,43.336,2.071
2a0b3aac-5f31-4c99-a1b2-6f4c44335f2f,2026-04-19T16:13:45.601146-04:00,node-01,orders-api,502,True,normal,market_aware_v1,63.858,49.164,190.543,33.297,0.786,97.137,74.64,2.204
ee439c05-9ecd-42e2-9d9e-f290efd8a633,2026-04-19T16:13:45.623025-04:00,node-01,checkout-api,502,True,normal,market_aware_v1,62.669,55.744,201.84,28.429,1.058,98.464,55.107,2.405
2204927b-ed1d-4b88-afa0-c74163b2709c,2026-04-19T16:13:45.645551-04:00,node-01,payments-api,503,True,normal,market_aware_v1,58.133,57.306,219.732,27.187,0.972,102.518,39.051,2.599
b821d7e3-e20a-475e-b68d-e687f7491ca9,2026-04-19T16:13:45.667050-04:00,node-01,orders-api,503,True,anomalous,market_aware_v1,69.432,54.616,204.063,31.412,1.199,107.344,74.538,2.781
3dc85746-ec53-4f81-a83b-22aea0bbbd33,2026-04-19T16:13:45.688579-04:00,node-01,checkout-api,429,True,normal,market_aware_v1,61.249,54.283,211.842,28.042,1.008,99.894,57.133,2.441
f035c6f7-c753-4646-ad50-6b76e5357012,2026-04-19T16:13:45.720946-04:00,node-01,payments-api,500,True,normal,market_aware_v1,60.742,55.259,222.148,28.136,0.859,102.118,42.596,2.335
91ae6682-ab06-4321-8545-a6de13cfc872,2026-04-19T16:13:45.745150-04:00,node-01,orders-api,502,True,normal,market_aware_v1,68.562,56.11,195.703,31.817,0.939,104.096,81.563,2.325
81eb76b2-f523-410b-a6b0-d9c3e50be546,2026-04-19T16:13:45.762383-04:00,node-01,checkout-api,502,True,normal,market_aware_v1,68.981,56.435,208.204,30.259,1.011,96.806,52.974,2.485
33f47d4a-f80a-499a-ae99-c3bc89c2f511,2026-04-19T16:13:45.780564-04:00,node-01,payments-api,503,True,normal,market_aware_v1,58.514,54.635,219.409,28.116,0.885,100.817,40.2,2.411
de098e6a-33e6-4757-902c-439d9dcc1db7,2026-04-19T16:13:45.799416-04:00,node-01,orders-api,429,True,normal,market_aware_v1,63.293,49.368,177.572,32.649,0.61,89.877,82.113,1.741
a245f844-8709-4c4f-addc-994363cc9512,2026-04-19T16:13:45.830817-04:00,node-01,checkout-api,500,True,anomalous,market_aware_v1,65.792,58.45,222.012,31.538,1.294,104.918,50.871,3.005
2c4989f8-c8f8-4e98-a46d-f7cafb4a2e26,2026-04-19T16:13:45.854915-04:00,node-01,payments-api,429,True,normal,market_aware_v1,59.931,55.493,225.409,27.455,0.88,102.847,42.804,2.514
3912fb54-b95a-4d2d-9599-9d3b5450c2f9,2026-04-19T16:13:45.875148-04:00,node-01,orders-api,429,True,anomalous,market_aware_v1,73.556,53.457,207.968,33.971,1.197,107.26,70.588,2.851
2dc43e37-3a48-498c-bf61-745f2c04702b,2026-04-19T16:13:45.896755-04:00,node-01,checkout-api,429,True,normal,market_aware_v1,66.368,56.152,210.683,28.527,1.019,96.854,57.756,2.618
87ba38ff-4c08-4a6c-8f33-d6faf4edce48,2026-04-19T16:13:45.918873-04:00,node-01,payments-api,429,True,normal,market_aware_v1,60.666,57.847,209.858,26.371,0.874,100.81,45.391,2.36
af46daf7-d7af-4fc2-9ae9-14898c8014e3,2026-04-19T16:13:45.943253-04:00,node-01,orders-api,500,True,normal,market_aware_v1,69.54,51.31,204.762,29.504,0.824,100.586,79.214,2.315
b5eb4f3f-78a2-4932-87cd-b9833f6a0eab,2026-04-19T16:13:45.965206-04:00,node-01,checkout-api,502,True,normal,market_aware_v1,63.175,54.707,210.281,27.728,1.048,103.483,56.27,2.846
76621aec-7dde-4f37-8745-6771fb937d7f,2026-04-19T16:13:45.986885-04:00,node-01,payments-api,500,True,normal,market_aware_v1,58.018,54.451,216.268,25.976,0.784,97.928,38.443,2.241
f2937267-255e-4326-a592-d8c160fc9742,2026-04-19T16:13:46.009729-04:00,node-01,orders-api,500,True,normal,market_aware_v1,63.374,53.104,180.972,31.817,0.786,98.131,75.441,2.119
9b99be81-df87-4c13-ada6-222f45d6368c,2026-04-19T16:13:46.031435-04:00,node-01,checkout-api,503,True,normal,market_aware_v1,57.823,50.615,202.404,31.361,0.921,101.688,51.191,2.336
f36a5336-7e7f-4aa2-a94e-d2ae0b34d209,2026-04-19T16:13:46.052998-04:00,node-01,payments-api,502,True,normal,market_aware_v1,56.207,56.704,227.328,26.642,0.942,100.866,35.432,2.372
61756830-a39f-470f-a3f1-37d2838f10f6,2026-04-19T16:13:46.068981-04:00,node-01,orders-api,502,True,normal,market_aware_v1,60.946,46.14,196.988,31.894,0.76,98.805,73.112,2.11
de515c40-cf2d-46aa-b668-2223de72e41a,2026-04-19T16:13:46.095684-04:00,node-01,checkout-api,429,True,anomalous,market_aware_v1,64.104,52.854,220.225,30.427,1.447,111.945,38.783,3.391
bb2abcad-a4bf-4e54-9607-48ce6eda6bd4,2026-04-19T16:13:46.120031-04:00,node-01,payments-api,429,True,normal,market_aware_v1,58.274,52.753,195.81,26.62,0.926,98.074,38.635,2.171
1e38a5f0-020e-4f5a-9328-c1b7a4fd0055,2026-04-19T16:13:46.141982-04:00,node-01,orders-api,200,True,normal,market_aware_v1,60.311,47.275,173.067,28.561,0.728,89.272,75.124,1.996
c2eac7c7-e6fa-4b79-a5fb-b0b211729a14,2026-04-19T16:13:46.164421-04:00,node-01,checkout-api,502,True,normal,market_aware_v1,60.78,52.829,206.551,27.768,0.95,94.158,50.101,2.374
0d1f1733-789c-4f77-a8f9-2a2f15fecdac,2026-04-19T16:13:46.186680-04:00,node-01,payments-api,500,True,normal,market_aware_v1,53.75,53.806,207.985,24.338,0.938,93.64,37.361,2.357
1c71d045-b129-4882-ad5d-3ab5278ffb34,2026-04-19T16:13:46.208070-04:00,node-01,orders-api,429,True,anomalous,market_aware_v1,65.526,50.599,199.818,32.827,1.147,105.598,62.386,2.841
3d833820-06b5-4c76-b6f6-cce3e2f09115,2026-04-19T16:13:46.240170-04:00,node-01,checkout-api,500,True,normal,market_aware_v1,60.797,52.134,203.645,26.888,0.971,90.56,52.272,2.312
282cbab5-6f5d-490d-a35d-ea7161e971a6,2026-04-19T16:13:46.261569-04:00,node-01,payments-api,429,True,normal,market_aware_v1,51.628,55.349,216.596,24.199,0.972,102.699,32.901,2.521
919ad6c5-f7f3-4ba0-9d83-aac15e432401,2026-04-19T16:13:46.281835-04:00,node-01,orders-api,429,True,normal,market_aware_v1,63.093,52.486,190.098,30.327,0.69,90.837,72.673,1.935
eb3c77f8-0bcd-48a3-af7e-7c6cd70484b0,2026-04-19T16:13:46.298177-04:00,node-01,checkout-api,503,True,normal,market_aware_v1,60.121,54.912,218.605,27.92,1.024,102.847,51.758,2.73
71a2b375-70bd-4b3f-b4be-701a8ba1dac9,2026-04-19T16:13:46.319054-04:00,node-01,payments-api,429,True,normal,market_aware_v1,59.261,54.593,212.86,26.247,0.9,98.533,43.845,2.279
d80ff673-6965-4b39-9251-aded153f32b6,2026-04-19T16:13:46.341306-04:00,node-01,orders-api,500,True,normal,market_aware_v1,64.474,52.215,201.422,31.178,0.849,96.721,78.188,2.144
e9373895-fca2-4161-ad75-7e9fc23e3bf2,2026-04-19T16:13:46.363881-04:00,node-01,checkout-api,502,True,normal,market_aware_v1,61.946,55.312,218.659,29.271,1.003,105.202,55.383,2.589
4661b884-38a2-4636-a8d4-95599bf732a6,2026-04-19T16:13:46.385302-04:00,node-01,payments-api,429,True,normal,market_aware_v1,59.68,55.032,224.24,25.244,1.049,105.81,39.195,2.673
38d33bce-4df1-4c03-8cb9-8309f57ece2a,2026-04-19T16:13:46.407480-04:00,node-01,orders-api,503,True,normal,market_aware_v1,66.721,52.709,194.213,33.384,0.75,99.43,81.816,2.161
e4a4c92e-8402-4c10-b6d9-5265b634b03f,2026-04-19T16:13:46.428982-04:00,node-01,checkout-api,429,True,normal,market_aware_v1,70.244,52.907,209.137,31.164,1.021,99.881,64.704,2.407
ce451437-a11d-421c-9633-e912dbb44edc,2026-04-19T16:13:46.444364-04:00,node-01,payments-api,500,True,normal,market_aware_v1,61.717,58.786,224.805,25.8,0.957,103.252,49.395,2.56
694dcfc0-6022-4a32-a4e7-d492bab06036,2026-04-19T16:13:46.472044-04:00,node-01,orders-api,502,True,normal,market_aware_v1,67.512,50.699,184.943,31.203,0.757,92.049,87.147,2.054
1cbefe81-33c1-42d3-8de7-a1adc76f2914,2026-04-19T16:13:46.496504-04:00,node-01,checkout-api,429,True,normal,market_aware_v1,69.365,57.759,204.018,27.434,0.935,96.743,63.68,2.371
aee501fb-59ca-46b4-9f0d-3512f225d9d8,2026-04-19T16:13:46.517942-04:00,node-01,payments-api,503,True,normal,market_aware_v1,68.367,60.166,246.827,29.677,1.141,115.668,46.247,3.193
4145168b-b674-48e0-b164-ff0fdd7fa21a,2026-04-19T16:13:46.551592-04:00,node-01,orders-api,503,True,normal,market_aware_v1,73.387,55.223,199.111,34.266,0.881,103.383,80.898,2.355
ed4f79b4-8c5a-4050-a699-21b97001ebb4,2026-04-19T16:13:46.575068-04:00,node-01,checkout-api,500,True,anomalous,market_aware_v1,72.987,59.91,227.008,32.845,1.369,107.905,53.471,3.028
48673672-47c3-4020-9a62-85b8f889100f,2026-04-19T16:13:46.595649-04:00,node-01,payments-api,502,True,normal,market_aware_v1,64.1,58.493,214.005,28.536,1.104,108.677,45.846,2.754
337e1df1-4bbc-43b0-931b-a5a3a74f4de9,2026-04-19T16:13:46.630267-04:00,node-01,orders-api,502,True,normal,market_aware_v1,68.064,55.26,193.968,32.948,0.889,100.417,87.448,2.293
8acd106b-26d1-471d-a110-ee9aa19dbf08,2026-04-19T16:13:46.656329-04:00,node-01,checkout-api,503,True,normal,market_aware_v1,66.203,58.225,210.49,31.913,0.923,97.138,57.276,2.304
10b0517b-4cbb-4237-96c9-0f2d3047bc4b,2026-04-19T16:13:46.688272-04:00,node-01,payments-api,503,True,normal,market_aware_v1,59.951,60.844,213.61,27.619,0.95,104.747,45.4,2.387
bdd1a40d-ebdd-411a-a09b-464ae43c8b36,2026-04-19T16:13:46.716396-04:00,node-01,orders-api,500,True,normal,market_aware_v1,69.863,55.107,196.015,31.052,0.85,101.457,88.481,2.321
ab2e970f-05ce-457c-b25f-d0f53c3b2e0b,2026-04-19T16:13:46.739590-04:00,node-01,checkout-api,500,True,normal,market_aware_v1,66.837,54.443,214.602,30.051,1.159,105.468,59.597,2.682
cf48aa37-a421-46f6-8cb7-cf0a41e896b5,2026-04-19T16:13:46.761791-04:00,node-01,payments-api,500,True,normal,market_aware_v1,62.216,55.853,230.007,26.536,1.03,110.823,39.804,2.664
5f76b2ca-7edf-4653-b3b7-dd084e9811d0,2026-04-19T16:13:46.783899-04:00,node-01,orders-api,429,True,normal,market_aware_v1,67.997,54.942,201.65,33.529,0.874,96.91,81.127,2.244
c5203806-d137-4bc7-8203-a6a6e3485277,2026-04-19T16:13:46.805758-04:00,node-01,checkout-api,500,True,normal,market_aware_v1,59.925,56.665,197.401,27.127,0.918,97.675,59.237,2.346
844573b0-589c-45f9-8c71-85380fd355d0,2026-04-19T16:13:46.828020-04:00,node-01,payments-api,500,True,normal,market_aware_v1,63.148,55.12,211.452,28.872,0.868,96.84,48.86,2.212
95868ec9-7c0e-498e-b7a5-3f61305a88db,2026-04-19T16:13:46.848531-04:00,node-01,orders-api,503,True,normal,market_aware_v1,66.819,51.928,190.674,32.255,0.729,94.32,83.124,2.072
a372d570-7df6-4c72-a1ae-d50a1b9d627c,2026-04-19T16:13:46.868203-04:00,node-01,checkout-api,503,True,normal,market_aware_v1,56.878,53.085,229.766,29.446,1.128,107.799,53.548,2.849
2db72200-3bc0-4394-8765-fcfeba89922b,2026-04-19T16:13:46.894955-04:00,node-01,payments-api,503,True,normal,market_aware_v1,52.551,55.733,208.163,26.931,0.85,98.212,37.232,2.302
481f73a7-ec83-4cce-9efc-99c9ee07a10c,2026-04-19T16:13:46.916419-04:00,node-01,orders-api,429,True,normal,market_aware_v1,61.686,51.129,181.811,31.587,0.718,90.416,75.059,1.802
254ad557-4dbb-4df7-a821-8fedf48fa555,2026-04-19T16:13:46.938484-04:00,node-01,checkout-api,429,True,normal,market_aware_v1,59.31,55.635,203.788,28.139,1.008,95.331,50.46,2.384
3e371ed4-0144-4097-b05b-abe119546a5b,2026-04-19T16:13:46.964524-04:00,node-01,payments-api,502,True,normal,market_aware_v1,52.173,52.853,214.896,23.435,0.948,102.588,36.067,2.448
6a4552d4-3772-4ade-bd74-7329d093efdf,2026-04-19T16:13:47.002159-04:00,node-01,orders-api,502,True,normal,market_aware_v1,59.251,48.563,193.778,31.497,0.831,100.914,69.732,2.303
7bde2116-ec91-4331-a027-66ec9566bdbd,2026-04-19T16:13:47.031254-04:00,node-01,checkout-api,502,True,normal,market_aware_v1,58.378,50.962,207.793,26.863,1.099,98.544,47.949,2.53
cf654c3b-f6af-4717-bb97-d4f921afa527,2026-04-19T16:13:47.063016-04:00,node-01,payments-api,500,True,normal,market_aware_v1,51.924,49.896,196.517,23.783,0.857,96.489,33.814,2.147
4363c7c3-8d6c-43b2-8cac-bbc689f63046,2026-04-19T16:13:47.096547-04:00,node-01,orders-api,502,True,normal,market_aware_v1,55.296,47.664,183.18,28.726,0.76,89.632,72.61,2.007
d545d209-20e8-4276-88d4-a6690c0027d0,2026-04-19T16:13:47.126645-04:00,node-01,checkout-api,502,True,normal,market_aware_v1,57.538,48.329,203.911,27.14,0.948,95.467,49.155,2.324
a975c17d-c6aa-45c4-8735-e1624209f2d1,2026-04-19T16:13:47.161217-04:00,node-01,payments-api,503,True,normal,market_aware_v1,48.426,53.511,214.432,22.271,0.889,100.807,36.313,2.347
2f934647-4104-405f-82e4-6bf4098285e0,2026-04-19T16:13:47.204073-04:00,node-01,orders-api,200,True,normal,market_aware_v1,60.974,43.89,177.367,27.841,0.676,88.968,75.595,1.822
8f1b049c-8055-492f-a397-12311c0796ba,2026-04-19T16:13:47.251531-04:00,node-01,checkout-api,502,True,normal,market_aware_v1,53.998,49.251,201.075,26.595,0.838,90.458,52.589,2.233
15b2a98c-f575-48d4-8504-a9b96c1aad47,2026-04-19T16:13:47.284429-04:00,node-01,payments-api,503,True,normal,market_aware_v1,51.771,53.454,191.503,22.684,0.879,95.089,40.486,2.344
1a712625-aeb5-48f0-8a5d-c406c72b97f7,2026-04-19T16:13:47.317544-04:00,node-01,orders-api,429,True,normal,market_aware_v1,61.927,47.487,189.187,27.832,0.801,99.765,69.766,2.355
a2d7bcb5-7287-48f8-a4ec-b1176ed8a2d5,2026-04-19T16:13:47.347914-04:00,node-01,checkout-api,429,True,normal,market_aware_v1,54.997,54.909,193.9,28.62,0.912,93.18,53.678,2.327
7a2e1677-64fb-49d4-a800-7f50e05d91dd,2026-04-19T16:13:47.379146-04:00,node-01,payments-api,429,True,normal,market_aware_v1,54.475,52.057,220.139,22.981,0.949,103.532,30.842,2.48
8027e013-f2cc-43d9-88ad-e323dc65eeda,2026-04-19T16:13:47.413959-04:00,node-01,orders-api,200,True,normal,market_aware_v1,58.841,47.2,176.136,30.247,0.741,94.996,78.438,1.96
af51c645-5108-47e6-8474-b115f76905fe,2026-04-19T16:13:47.442414-04:00,node-01,checkout-api,500,True,normal,market_aware_v1,64.605,49.017,214.666,29.339,0.966,99.826,47.913,2.394
caef20e4-d54b-4b32-a416-89705d62c033,2026-04-19T16:13:47.474443-04:00,node-01,payments-api,500,True,normal,market_aware_v1,57.752,52.946,205.285,26.465,0.941,100.635,47.084,2.469
4e7c4a4b-fcc4-4482-9428-a05e562b0336,2026-04-19T16:13:47.498954-04:00,node-01,orders-api,200,True,normal,market_aware_v1,62.459,51.354,175.072,31.562,0.746,86.537,79.03,1.884
2fe382de-9919-40a4-8435-00b772812c5d,2026-04-19T16:13:47.519399-04:00,node-01,checkout-api,429,True,normal,market_aware_v1,63.1,52.076,207.308,31.693,0.98,99.325,53.822,2.508
98683656-c441-422a-8366-dcf51737308a,2026-04-19T16:13:47.542153-04:00,node-01,payments-api,429,True,normal,market_aware_v1,59.512,54.383,210.379,27.069,0.845,96.667,41.234,2.255
14661636-b368-43d1-90e3-ace10a905732,2026-04-19T16:13:47.565350-04:00,node-01,orders-api,503,True,normal,market_aware_v1,65.609,50.483,194.115,32.942,0.747,101.011,76.327,2.222
294c12c9-0cf1-4ce6-ae19-d8d2b33520ae,2026-04-19T16:13:47.591539-04:00,node-01,checkout-api,500,True,normal,market_aware_v1,65.599,54.39,225.18,31.675,1.049,104.068,55.355,2.541
33363a7e-362b-4132-b895-a8b3615064d1,2026-04-19T16:13:47.617475-04:00,node-01,payments-api,500,True,normal,market_aware_v1,59.861,57.419,219.462,24.238,0.859,99.529,41.987,2.372
3c2a7b9a-3a46-41af-bcdd-863493efd7a2,2026-04-19T16:13:47.648797-04:00,node-01,orders-api,503,True,normal,market_aware_v1,66.644,55.395,196.512,31.218,0.888,97.232,82.233,2.176
95b24c2e-39c2-40a4-ad22-5791dc073128,2026-04-19T16:13:47.671524-04:00,node-01,checkout-api,503,True,normal,market_aware_v1,62.799,56.549,215.577,29.608,0.976,103.916,64.538,2.398
b4de1d56-090b-4b80-9d1a-c2497e74322e,2026-04-19T16:13:47.703089-04:00,node-01,payments-api,502,True,normal,market_aware_v1,61.048,53.376,214.102,24.647,0.858,100.613,42.426,2.254
d4858560-2224-48a8-90d3-8ff5b9c005ec,2026-04-19T16:13:47.725050-04:00,node-01,orders-api,500,True,normal,market_aware_v1,68.922,56.618,196.903,30.005,0.834,100.209,80.599,2.243
a624d13e-68ae-48a3-a12c-790a7c95f99f,2026-04-19T16:13:47.759898-04:00,node-01,checkout-api,502,True,normal,market_aware_v1,65.382,54.872,198.215,30.383,0.875,90.623,61.384,2.212
a51070ca-9a47-44cc-a229-461ba14146ae,2026-04-19T16:13:47.783731-04:00,node-01,payments-api,503,True,normal,market_aware_v1,59.096,57.597,214.997,28.798,0.996,101.698,45.122,2.535
67e0c0c0-1ce4-4118-85fe-d2d72d684ab2,2026-04-19T16:13:47.815618-04:00,node-01,orders-api,503,True,normal,market_aware_v1,62.752,54.845,192.306,32.918,0.808,96.585,76.828,2.147
3bc5d6b3-73fa-4117-822f-c9392dc8678a,2026-04-19T16:13:47.838600-04:00,node-01,checkout-api,502,True,normal,market_aware_v1,62.834,54.741,208.815,29.486,1.038,99.514,58.064,2.435
c5071ea9-3dfa-4dc1-a7a1-dd51997ce9e2,2026-04-19T16:13:47.868637-04:00,node-01,payments-api,500,True,normal,market_aware_v1,58.038,57.597,210.257,27.94,0.874,102.141,44.946,2.49
2ddfd685-a246-40f2-9316-6752bc603442,2026-04-19T16:13:47.891089-04:00,node-01,orders-api,502,True,normal,market_aware_v1,66.379,52.745,182.054,29.406,0.815,98.714,81.775,2.247
c02c0ea5-b58a-4cd8-bbca-7e0d23dd2df4,2026-04-19T16:13:47.913207-04:00,node-01,checkout-api,429,True,normal,market_aware_v1,62.135,54.15,215.182,28.698,0.985,99.909,52.562,2.4
9c1c64d9-e975-49bf-a268-349ae862cd8e,2026-04-19T16:13:47.945649-04:00,node-01,payments-api,429,True,normal,market_aware_v1,55.46,55.015,213.776,25.843,0.936,99.834,43.747,2.423
4faacba2-06d2-49da-b4dc-8c11390e5591,2026-04-19T16:13:47.966439-04:00,node-01,orders-api,500,True,normal,market_aware_v1,67.504,50.968,196.418,29.67,0.916,102.073,76.627,2.378
97e363ce-c832-4c65-8d88-4993345166a9,2026-04-19T16:13:47.988137-04:00,node-01,checkout-api,429,True,normal,market_aware_v1,64.425,55.486,223.048,28.62,1.118,107.594,43.034,2.765
7bc91fd8-60f1-43c5-b8be-cc4ea7ca37d9,2026-04-19T16:13:48.017577-04:00,node-01,payments-api,503,True,normal,market_aware_v1,54.415,55.625,205.269,24.342,0.845,98.671,41.425,2.322
1f7f4e7d-3023-4c6b-8ab8-06a598d167db,2026-04-19T16:13:48.041162-04:00,node-01,orders-api,503,True,normal,market_aware_v1,63.379,49.283,193.537,28.408,0.789,104.251,72.911,2.39
14d1f915-bdea-4a18-8307-9bc693b98dae,2026-04-19T16:13:48.079126-04:00,node-01,checkout-api,429,True,normal,market_aware_v1,59.342,54.264,198.675,28.658,0.911,92.145,53.22,2.281
f5d968e1-76b4-400f-b3be-cc61196763b3,2026-04-19T16:13:48.113062-04:00,node-01,payments-api,429,True,normal,market_aware_v1,55.889,52.826,224.666,25.504,0.892,102.929,28.663,2.354
3fd2ee3a-4d0e-46e6-9323-ce5631d337ef,2026-04-19T16:13:48.178467-04:00,node-01,orders-api,429,True,normal,market_aware_v1,57.232,47.046,188.175,30.483,0.797,97.21,77.343,2.134
f5127b68-5beb-4624-869e-1f3d129af2b4,2026-04-19T16:13:48.201045-04:00,node-01,checkout-api,429,True,normal,market_aware_v1,60.451,50.582,204.594,26.963,0.909,98.7,52.961,2.45
c51b829d-b837-455d-bf56-3d7ea2a9d19e,2026-04-19T16:13:48.222998-04:00,node-01,payments-api,429,True,normal,market_aware_v1,58.304,56.294,216.897,25.853,1.012,103.533,35.334,2.613
0c5138d5-9df5-47a8-864b-974fb95a1156,2026-04-19T16:13:48.245412-04:00,node-01,orders-api,500,True,normal,market_aware_v1,67.504,50.883,218.867,31.23,1.116,117.93,67.76,3.074
ce640d67-23ce-40ab-b180-cc666394caa7,2026-04-19T16:13:48.267436-04:00,node-01,checkout-api,429,True,normal,market_aware_v1,59.52,53.246,218.568,28.563,0.957,99.962,54.476,2.456
5b98eb7f-d5d3-4727-a50b-6ba79001036f,2026-04-19T16:13:48.287961-04:00,node-01,payments-api,502,True,normal,market_aware_v1,55.028,54.084,218.866,24.261,0.913,98.001,39.302,2.378
6e0602d2-52bc-4071-bcbb-da25e0512534,2026-04-19T16:13:48.309441-04:00,node-01,orders-api,503,True,normal,market_aware_v1,63.126,49.865,215.264,31.192,0.999,113.04,63.242,2.658
9e713f51-82b0-4dc9-8ff5-2fd780aea8a0,2026-04-19T16:13:48.332775-04:00,node-01,checkout-api,429,True,normal,market_aware_v1,64.096,55.825,252.517,28.468,1.066,106.611,47.297,2.949
397df5a3-6acd-4344-9b3c-92e830890ad2,2026-04-19T16:13:48.354184-04:00,node-01,payments-api,500,True,normal,market_aware_v1,56.64,55.99,225.149,23.695,0.943,105.313,37.387,2.516
28c534d9-68f5-4153-9732-0f3896729f5c,2026-04-19T16:13:48.378838-04:00,node-01,orders-api,429,True,normal,market_aware_v1,64.528,50.522,207.04,32.263,1.006,103.665,83.227,2.709
1549db65-c24a-4b7b-9bdd-a5639a2fed21,2026-04-19T16:13:48.406542-04:00,node-01,checkout-api,502,True,normal,market_aware_v1,64.249,50.641,208.839,30.054,0.879,96.899,55.717,2.293
15470058-9364-48bf-aa78-63561e5996cd,2026-04-19T16:13:48.434190-04:00,node-01,payments-api,429,True,normal,market_aware_v1,60.022,55.911,218.584,26.948,0.894,102.003,42.414,2.42
7294deca-076c-4217-b2af-7a61c4992ac3,2026-04-19T16:13:48.456140-04:00,node-01,orders-api,500,True,normal,market_aware_v1,67.244,52.348,211.008,30.902,0.949,105.312,78.084,2.435
34d2ba9e-bacb-4b79-a5b0-7379f7db0edb,2026-04-19T16:13:48.477619-04:00,node-01,checkout-api,500,True,normal,market_aware_v1,65.224,56.977,212.619,29.369,1.014,101.649,49.892,2.535
26f927c0-2d35-4549-bc35-40bec9b3e13b,2026-04-19T16:13:48.498733-04:00,node-01,payments-api,502,True,anomalous,market_aware_v1,66.889,59.552,238.287,29.42,1.334,105.678,40.657,3.134
9af98160-ff2c-456b-8881-c5cea75dd30f,2026-04-19T16:13:48.521853-04:00,node-01,orders-api,429,True,normal,market_aware_v1,68.337,52.729,194.511,32.271,0.865,97.997,84.764,2.274
02a498f6-5d3d-4a04-8d11-25d30aa3b9fe,2026-04-19T16:13:48.543745-04:00,node-01,checkout-api,500,True,normal,market_aware_v1,67.567,56.586,198.78,29.197,0.924,92.58,64.46,2.207
ade3456a-06c3-4e3b-8114-64e19de52dfa,2026-04-19T16:13:48.566996-04:00,node-01,payments-api,502,True,normal,market_aware_v1,64.879,55.58,216.976,30.122,0.927,99.39,50.416,2.352
0ca19eba-1f3b-40cb-9da1-cf9b05674a0b,2026-04-19T16:13:48.589174-04:00,node-01,orders-api,502,True,normal,market_aware_v1,71.838,57.353,195.691,33.545,0.797,102.517,78.734,2.268
2f746d46-9456-45f7-95e4-3ecfbefe9270,2026-04-19T16:13:48.611863-04:00,node-01,checkout-api,500,True,normal,market_aware_v1,69.392,56.886,204.736,31.414,0.972,103.597,65.652,2.505
a311976b-3416-45a2-8b7c-7d21cd4fe6b3,2026-04-19T16:13:48.633670-04:00,node-01,payments-api,500,True,normal,market_aware_v1,64.324,60.919,225.287,27.535,0.949,106.017,49.177,2.519
0def9370-a7a1-44b0-9513-767d81efc064,2026-04-19T16:13:48.655209-04:00,node-01,orders-api,429,True,normal,market_aware_v1,66.506,56.142,186.778,31.736,0.776,97.124,84.758,2.16
f576799f-e906-4757-853a-321c7554219a,2026-04-19T16:13:48.672303-04:00,node-01,checkout-api,429,True,normal,market_aware_v1,65.227,59.975,229.634,31.68,1.169,110.182,58.995,3.029
122bff1c-89ba-4ecb-8c6f-df53b2c2dfff,2026-04-19T16:13:48.690076-04:00,node-01,payments-api,429,True,normal,market_aware_v1,64.547,59.067,216.729,26.393,0.88,98.23,50.768,2.323
5ab46e4c-d646-4fc8-ba96-3221e117cf81,2026-04-19T16:13:48.708749-04:00,node-01,orders-api,500,True,normal,market_aware_v1,69.028,53.799,197.865,31.143,0.839,102.14,88.305,2.275
044a2149-47e5-4da3-9015-8d8f9480f03a,2026-04-19T16:13:48.725680-04:00,node-01,checkout-api,503,True,normal,market_aware_v1,67.391,56.154,216.775,30.39,0.939,98.607,58.436,2.525
4403dc4d-2cb4-41ab-b7fe-02a06625ad43,2026-04-19T16:13:48.755531-04:00,node-01,payments-api,429,True,normal,market_aware_v1,61.541,56.702,219.135,25.324,0.893,98.915,47.403,2.284
39202316-bace-4ac6-8922-94c276639a93,2026-04-19T16:13:48.779265-04:00,node-01,orders-api,500,True,anomalous,market_aware_v1,67.689,57.32,203.635,32.709,1.16,100.994,77.118,2.649
be7cd209-fbab-4126-beb4-65a50a6d6121,2026-04-19T16:13:48.811347-04:00,node-01,checkout-api,502,True,normal,market_aware_v1,65.217,55.12,233.221,29.199,1.102,113.501,48.27,2.855
4cdea1a1-d23a-48d7-853f-4af28499e067,2026-04-19T16:13:48.833963-04:00,node-01,payments-api,429,True,normal,market_aware_v1,63.775,57.024,233.424,25.07,1.03,107.315,44.632,2.546
b6e6af50-e581-45da-950e-eb94defb167d,2026-04-19T16:13:48.855567-04:00,node-01,orders-api,500,True,normal,market_aware_v1,64.737,54.102,207.597,32.827,0.806,99.279,82.114,2.341
2eb610ce-0780-496a-9dae-c3216aabffa2,2026-04-19T16:13:48.876052-04:00,node-01,checkout-api,429,True,normal,market_aware_v1,60.607,54.11,202.812,28.374,0.991,94.884,54.418,2.4
916762bc-f33f-4cd6-aec9-13f0bdbaa1c7,2026-04-19T16:13:48.899516-04:00,node-01,payments-api,502,True,normal,market_aware_v1,55.684,51.85,213.949,24.038,0.965,102.131,36.191,2.527
d62c9f84-7cfc-410e-a567-41552b0ede5b,2026-04-19T16:13:48.921590-04:00,node-01,orders-api,500,True,normal,market_aware_v1,65.376,48.693,190.904,30.54,0.865,103.937,68.075,2.264
df54e397-1f8a-442d-abe1-785e0d52ca4f,2026-04-19T16:13:48.944130-04:00,node-01,checkout-api,502,True,normal,market_aware_v1,60.465,50.276,210.568,27.207,0.95,96.158,49.793,2.514
6abeb507-255c-4681-96de-1944929df52a,2026-04-19T16:13:48.966490-04:00,node-01,payments-api,429,True,normal,market_aware_v1,55.983,53.66,204.42,25.102,0.897,97.754,44.4,2.248
0e2d98ea-cf1b-48b9-9e56-a449b28a2c75,2026-04-19T16:13:48.988350-04:00,node-01,orders-api,503,True,normal,market_aware_v1,61.948,45.612,197.332,29.409,0.807,104.676,69.64,2.279
71285af0-d13f-4435-81a2-7e3d9570b232,2026-04-19T16:13:49.010919-04:00,node-01,checkout-api,502,True,normal,market_aware_v1,62.889,50.358,211.47,26.564,1.03,104.64,42.236,2.662
7b52a4a8-4d8b-44bf-9538-477660b47c16,2026-04-19T16:13:49.033067-04:00,node-01,payments-api,502,True,normal,market_aware_v1,54.141,54.021,222.112,25.149,0.948,107.11,33.93,2.559
1887d92f-a695-4841-a39a-e855c0099421,2026-04-19T16:13:49.064950-04:00,node-01,orders-api,502,True,normal,market_aware_v1,57.125,48.336,192.467,30.102,0.77,96.801,68.144,2.072
3a6602a1-ee43-4d96-acdd-293aa93817c0,2026-04-19T16:13:49.087184-04:00,node-01,checkout-api,429,True,normal,market_aware_v1,55.816,49.221,206.146,27.604,1.016,94.06,47.077,2.39
d19636b4-a398-4007-a034-03811efd793c,2026-04-19T16:13:49.108056-04:00,node-01,payments-api,500,True,normal,market_aware_v1,56.622,50.48,197.864,26.412,0.86,93.432,38.104,2.307
9360e275-1f71-4cb1-af69-f6a7b02ef47c,2026-04-19T16:13:49.132789-04:00,node-01,orders-api,429,True,normal,market_aware_v1,54.645,49.14,173.967,28.481,0.705,92.173,69.467,2.032
eb77fc35-2577-441f-865e-2a6511962df2,2026-04-19T16:13:49.154889-04:00,node-01,checkout-api,429,True,normal,market_aware_v1,55.073,49.092,209.394,27.382,1.037,101.959,45.462,2.552
c33f61ea-f762-4318-a05d-c87b8a9ea294,2026-04-19T16:13:49.177122-04:00,node-01,payments-api,500,True,normal,market_aware_v1,59.026,49.015,211.552,24.864,0.898,99.955,31.566,2.345
ac5d9848-ab9b-468d-bdd2-50d15e608ed5,2026-04-19T16:13:49.200620-04:00,node-01,orders-api,502,True,normal,market_aware_v1,56.801,49.475,192.879,27.803,0.822,96.949,73.768,2.128
97e5061a-2535-4de3-9eac-2a39006154ab,2026-04-19T16:13:49.220774-04:00,node-01,checkout-api,429,True,normal,market_aware_v1,60.446,53.186,205.797,27.292,0.97,97.797,46.423,2.457
8d07ead3-8bb0-43de-9637-b7468606a0c4,2026-04-19T16:13:49.242143-04:00,node-01,payments-api,502,True,normal,market_aware_v1,53.938,52.224,210.768,22.632,0.949,102.265,34.967,2.519
6b13d551-cb01-48cf-b0dd-2e36aa2ec1de,2026-04-19T16:13:49.261330-04:00,node-01,orders-api,500,True,normal,market_aware_v1,62.278,49.779,195.343,29.271,0.764,102.775,71.436,2.141
9fbfc842-8211-45fd-a8ff-ca357eb99704,2026-04-19T16:13:49.288294-04:00,node-01,checkout-api,503,True,normal,market_aware_v1,57.904,54.235,203.897,27.725,0.988,97.7,54.037,2.385
85066669-6b58-42b7-8ac6-75eed4ed6aa3,2026-04-19T16:13:49.310218-04:00,node-01,payments-api,502,True,anomalous,market_aware_v1,59.274,59.902,218.279,28.385,1.358,110.656,36.194,3.255
5dfc2aaf-8919-4469-a520-4fc9012c51a0,2026-04-19T16:13:49.332358-04:00,node-01,orders-api,502,True,anomalous,market_aware_v1,67.63,51.11,213.55,32.407,1.205,100.667,76.89,2.644
1286c294-991b-46bb-abfc-29aacf549043,2026-04-19T16:13:49.354847-04:00,node-01,checkout-api,500,True,normal,market_aware_v1,60.992,55.67,225.811,27.654,1.032,107.27,49.809,2.841
f37518bd-492f-4fa7-b85a-8590c4e4ae33,2026-04-19T16:13:49.376660-04:00,node-01,payments-api,503,True,normal,market_aware_v1,59.145,53.539,231.17,26.725,1.006,109.889,37.928,2.842
29e004b8-6eb0-4502-be8f-e5a1ea8e925b,2026-04-19T16:13:49.398470-04:00,node-01,orders-api,502,True,normal,market_aware_v1,65.204,51.225,182.134,31.852,0.722,94.966,83.758,2.067
d93fcf12-d393-473b-9851-c00aaf75c969,2026-04-19T16:13:49.434428-04:00,node-01,checkout-api,503,True,anomalous,market_aware_v1,70.56,54.894,227.055,33.119,1.394,106.71,44.606,3.146
839a6274-c3a2-4181-8a55-8259568b5456,2026-04-19T16:13:49.483398-04:00,node-01,payments-api,502,True,normal,market_aware_v1,61.528,55.811,244.994,24.982,1.053,116.704,38.936,2.886
23c59bce-21a5-4076-9759-281522433f5b,2026-04-19T16:13:49.509974-04:00,node-01,orders-api,500,True,normal,market_aware_v1,69.857,49.642,204.168,31.748,0.86,102.137,73.507,2.232
a5869f3b-1839-40e8-b0f4-84ba9e68c036,2026-04-19T16:13:49.532926-04:00,node-01,checkout-api,500,True,anomalous,market_aware_v1,64.52,59.049,234.344,31.405,1.266,114.365,56.663,3.306
d18314a2-4387-432a-b669-21ef0fe24b73,2026-04-19T16:13:49.575081-04:00,node-01,payments-api,429,True,normal,market_aware_v1,60.118,58.186,215.38,27.125,0.928,98.876,49.67,2.396
f8048cb5-05e3-466e-9147-4e5a7edceb4b,2026-04-19T16:13:49.598714-04:00,node-01,orders-api,200,True,normal,market_aware_v1,70.181,53.579,187.482,32.465,0.657,88.414,82.86,1.852
d907d838-7507-449f-b47f-b1bbfd6d5c0c,2026-04-19T16:13:49.621636-04:00,node-01,checkout-api,500,True,normal,market_aware_v1,63.211,57.67,210.034,33.015,0.986,103.835,54.263,2.554
695ba2bc-5fce-4329-aff3-75460d50a017,2026-04-19T16:13:49.642755-04:00,node-01,payments-api,429,True,normal,market_aware_v1,58.58,59.176,230.303,26.508,1.001,115.426,39.008,2.755
82bdce3a-bc5a-4bdb-986b-94166e94c1e8,2026-04-19T16:13:49.665854-04:00,node-01,orders-api,500,True,normal,market_aware_v1,67.635,50.69,185.131,32.355,0.866,100.506,81.316,2.183
79da4829-3340-4ed5-b69a-c93954e8f147,2026-04-19T16:13:49.688589-04:00,node-01,checkout-api,503,True,normal,market_aware_v1,66.388,52.864,219.546,27.488,1.068,106.149,47.094,2.58
3804da49-e968-4bd3-a6ec-d02a202561a4,2026-04-19T16:13:49.710932-04:00,node-01,payments-api,429,True,anomalous,market_aware_v1,64.196,58.345,249.467,26.153,1.331,116.124,38.731,3.266
808ce4fc-5fd6-46fa-8d74-af1807fccff4,2026-04-19T16:13:49.733310-04:00,node-01,orders-api,200,True,normal,market_aware_v1,65.602,52.8,190.294,31.363,0.654,92.305,87.194,1.857
7e44860c-f0f8-427f-8994-64b39cdaaf22,2026-04-19T16:13:49.754593-04:00,node-01,checkout-api,429,True,normal,market_aware_v1,61.527,55.704,212.639,31.142,1.014,98.792,54.306,2.486
0b5c8259-997c-42ce-b1bd-6e96e79bf2ee,2026-04-19T16:13:49.777084-04:00,node-01,payments-api,500,True,normal,market_aware_v1,59.184,55.935,212.227,27.73,0.837,102.265,38.63,2.451
65a5bfbf-b662-4a3f-8563-cefa855f7b48,2026-04-19T16:13:49.799300-04:00,node-01,orders-api,503,True,normal,market_aware_v1,62.407,49.783,198.976,32.718,0.858,101.147,75.226,2.219
e8184779-3c7b-4602-a7e9-ca92895b65b9,2026-04-19T16:13:49.821450-04:00,node-01,checkout-api,500,True,normal,market_aware_v1,60.77,49.824,204.229,29.525,0.936,91.358,54.877,2.315
81637444-43d6-4394-8839-89ad112faefd,2026-04-19T16:13:49.843245-04:00,node-01,payments-api,429,True,normal,market_aware_v1,61.15,56.724,241.168,24.722,1.161,115.274,34.85,3.174
f4a5ab87-e167-448a-9fc6-eeea639ad5ae,2026-04-19T16:13:49.866818-04:00,node-01,orders-api,429,True,normal,market_aware_v1,63.644,50.679,198.822,30.3,0.762,99.222,70.446,2.249
24ebbd8e-66e3-43b2-a37d-c323259b4ba0,2026-04-19T16:13:49.909341-04:00,node-01,checkout-api,429,True,normal,market_aware_v1,63.12,52.755,220.897,27.847,1.069,107.047,50.494,2.913
40eb398c-39fa-47c5-af52-aabcd761ef18,2026-04-19T16:13:49.943496-04:00,node-01,payments-api,500,True,normal,market_aware_v1,54.827,54.203,213.084,22.538,0.82,94.939,39.111,2.203
ee1cb50b-0429-4b9f-977c-d49de7738dcb,2026-04-19T16:13:49.967076-04:00,node-01,orders-api,429,True,normal,market_aware_v1,61.329,48.544,197.596,31.927,0.857,97.981,73.64,2.235
146b5651-b008-4df7-87fa-7349bb2060c8,2026-04-19T16:13:49.999189-04:00,node-01,checkout-api,503,True,normal,market_aware_v1,59.11,53.93,229.633,27.833,1.106,112.359,40.263,2.782
30a95b1a-110d-4ae7-8b8d-7974db2ddab6,2026-04-19T16:13:50.023767-04:00,node-01,payments-api,503,True,normal,market_aware_v1,52.211,52.804,208.98,27.24,0.921,97.256,38.282,2.394
55c9f33a-ebce-4b92-b830-599db43bcd16,2026-04-19T16:13:50.055354-04:00,node-01,orders-api,502,True,normal,market_aware_v1,64.142,47.64,221.367,28.2,0.828,108.354,70.55,2.52
838e2565-d93a-40de-96fb-061d317bf3d6,2026-04-19T16:13:50.084117-04:00,node-01,checkout-api,500,True,normal,market_aware_v1,60.395,53.628,211.141,27.348,1.05,98.663,56.129,2.662
72407b14-d405-4a1a-8e61-8e045444859f,2026-04-19T16:13:50.114953-04:00,node-01,payments-api,500,True,normal,market_aware_v1,57.663,53.28,210.46,23.346,0.944,102.6,37.872,2.494
9af041b5-459e-4bcc-84f7-09ccc74c163a,2026-04-19T16:13:50.145468-04:00,node-01,orders-api,429,True,anomalous,market_aware_v1,65.852,53.867,210.33,31.064,1.091,101.631,72.741,2.676
bba72d8e-8168-4594-92b1-d80ed680b002,2026-04-19T16:13:50.178257-04:00,node-01,checkout-api,503,True,normal,market_aware_v1,66.359,55.732,208.058,29.312,0.925,99.693,51.794,2.388
7787975d-9c16-4655-9685-c7c7fc8a0c1b,2026-04-19T16:13:50.213901-04:00,node-01,payments-api,503,True,normal,market_aware_v1,58.791,60.402,222.686,25.177,0.968,108.73,36.051,2.627
039cbec2-2f89-46d0-90e2-a3c5161c53ae,2026-04-19T16:13:50.244425-04:00,node-01,orders-api,503,True,normal,market_aware_v1,64.304,50.845,205.968,31.167,0.905,103.365,76.656,2.405
ce33fb11-f331-4f16-b86e-defe7adde4dd,2026-04-19T16:13:50.279087-04:00,node-01,checkout-api,502,True,normal,market_aware_v1,61.995,54.588,222.169,29.338,1.083,107.421,54.499,2.69
c748f3f1-814b-4873-a386-96151c0c20a9,2026-04-19T16:13:50.304378-04:00,node-01,payments-api,503,True,normal,market_aware_v1,57.271,55.269,220.707,26.489,0.956,105.996,41.216,2.528
527ac28d-22b2-40b0-aed3-d931d8d7ce8a,2026-04-19T16:13:50.331090-04:00,node-01,orders-api,429,True,normal,market_aware_v1,71.731,53.743,214.306,29.621,0.939,106.819,73.233,2.432
143c99c5-8741-45ae-a233-dfecfdd80069,2026-04-19T16:13:50.365852-04:00,node-01,checkout-api,429,True,normal,market_aware_v1,67.086,59.975,219.229,30.231,1.105,112.855,53.302,2.884
de3cdae1-fac8-4395-9d6f-b8bead7214a2,2026-04-19T16:13:50.385919-04:00,node-01,payments-api,502,True,normal,market_aware_v1,62.038,56.087,220.152,25.668,0.824,104.3,43.317,2.322
d4d50125-ea9f-4ba8-91be-5e79fa7bfbda,2026-04-19T16:13:50.407444-04:00,node-01,orders-api,503,True,normal,market_aware_v1,69.816,52.901,205.928,30.657,0.732,94.592,81.488,2.132
02dc513b-804d-4fce-9ae3-456c54b7153b,2026-04-19T16:13:50.432285-04:00,node-01,checkout-api,502,True,normal,market_aware_v1,70.033,56.416,216.424,28.979,1.018,99.763,65.246,2.565
e339b337-e78f-43b3-88f2-99461e8efc68,2026-04-19T16:13:50.451469-04:00,node-01,payments-api,429,True,normal,market_aware_v1,65.722,58.549,232.695,27.491,0.964,113.086,43.654,2.687
a294af94-ce17-436d-9364-9b852af74d20,2026-04-19T16:13:50.470147-04:00,node-01,orders-api,502,True,normal,market_aware_v1,71.314,55.422,201.876,33.935,0.822,100.876,80.507,2.305
0d5f621b-5cc9-4ab9-a820-42b1d99ac4ea,2026-04-19T16:13:50.489233-04:00,node-01,checkout-api,429,True,normal,market_aware_v1,67.566,59.915,225.886,29.62,1.047,104.699,60.317,2.771
a2215775-bf46-4a91-b1f4-369f62eff0d0,2026-04-19T16:13:50.518730-04:00,node-01,payments-api,500,True,normal,market_aware_v1,65.242,58.98,234.915,25.262,0.844,104.381,52.588,2.544
a480e184-55b2-4d96-b82f-b0351821dd26,2026-04-19T16:13:50.540819-04:00,node-01,orders-api,503,True,normal,market_aware_v1,73.106,57.625,215.153,32.15,0.959,115.158,77.274,2.739
c6f36587-1bf0-47e8-8d1a-75084036eb0a,2026-04-19T16:13:50.562136-04:00,node-01,checkout-api,502,True,normal,market_aware_v1,70.064,59.188,217.568,29.308,1.103,107.474,60.439,2.755
1e3bbf20-cd93-4760-abb7-c576e1a99ec8,2026-04-19T16:13:50.584712-04:00,node-01,payments-api,502,True,normal,market_aware_v1,63.757,61.207,219.791,29.686,0.956,101.864,44.906,2.462
e6835f38-d08f-4178-83a4-731078fb5bd2,2026-04-19T16:13:50.608277-04:00,node-01,orders-api,429,True,normal,market_aware_v1,70.143,51.229,213.368,31.248,0.834,106.236,82.048,2.416
2b9569e3-6dcb-479b-a7e4-f248babac04f,2026-04-19T16:13:50.631509-04:00,node-01,checkout-api,502,True,normal,market_aware_v1,70.227,51.75,246.202,31.243,1.152,116.845,51.65,2.992
4e8d5fe6-8ea6-4ef4-b3c2-6a9f5c3d7292,2026-04-19T16:13:50.653670-04:00,node-01,payments-api,429,True,normal,market_aware_v1,62.878,60.441,230.488,28.469,1.001,107.339,45.109,2.681
a21058f6-8de5-4687-857a-389543f13eaa,2026-04-19T16:13:50.675752-04:00,node-01,orders-api,429,True,normal,market_aware_v1,70.582,52.958,206.619,30.599,0.836,102.75,80.28,2.375
54954871-a8d0-402b-bba8-b0e0cf1061d1,2026-04-19T16:13:50.697575-04:00,node-01,checkout-api,500,True,normal,market_aware_v1,63.345,56.248,208.695,27.987,0.968,101.764,55.876,2.517
2ec80407-5611-4fff-a87a-34f3e9e30a2b,2026-04-19T16:13:50.713737-04:00,node-01,payments-api,502,True,normal,market_aware_v1,59.192,54.878,209.265,23.505,0.898,96.793,46.503,2.331
9fe08547-53d2-4a47-bfb8-a2938ba62c2c,2026-04-19T16:13:50.741140-04:00,node-01,orders-api,429,True,normal,market_aware_v1,64.68,50.639,203.646,32.165,0.764,98.649,73.684,2.233
9e72f98a-e4d2-46c7-a1db-0c87137d88fe,2026-04-19T16:13:50.763429-04:00,node-01,checkout-api,500,True,normal,market_aware_v1,64.711,56.089,222.259,28.714,1.028,108.324,55.499,2.64
22d4e588-fe81-4489-a6e2-fa5ea8e7a859,2026-04-19T16:13:50.784857-04:00,node-01,payments-api,429,True,normal,market_aware_v1,58.333,56.468,226.164,25.946,1.025,112.636,26.925,2.837
c711f130-b47d-4d67-b1ce-5af76122f91d,2026-04-19T16:13:50.820927-04:00,node-01,orders-api,502,True,normal,market_aware_v1,60.767,48.824,193.564,30.054,0.8,99.965,69.18,2.237
c08818e2-66a1-454e-ab05-8b376ee1827a,2026-04-19T16:13:50.842408-04:00,node-01,checkout-api,500,True,normal,market_aware_v1,59.16,50.768,206.273,27.895,0.953,101.485,48.29,2.592
9afafd0b-ad68-446f-85af-574574e49d53,2026-04-19T16:13:50.886805-04:00,node-01,payments-api,503,True,normal,market_aware_v1,53.023,58.279,214.253,22.542,0.911,100.001,37.682,2.386
bf8308b7-1b6e-4aa6-a869-40e68330c878,2026-04-19T16:13:50.901959-04:00,node-01,orders-api,429,True,normal,market_aware_v1,59.431,46.815,174.783,29.818,0.646,87.789,74.226,1.803
a2d81bcf-2fac-4132-9344-6ca77443d348,2026-04-19T16:13:50.953404-04:00,node-01,checkout-api,503,True,normal,market_aware_v1,61.263,51.99,211.92,27.429,0.963,97.77,50.83,2.514
0a8cfc26-b97c-4a79-8e66-bc3c5dc55edc,2026-04-19T16:13:50.997961-04:00,node-01,payments-api,502,True,normal,market_aware_v1,54.909,54.256,216.324,24.198,0.991,105.388,34.834,2.608
4f8d4eb9-9e77-4aaf-9e81-03ee9254c143,2026-04-19T16:13:51.020391-04:00,node-01,orders-api,500,True,normal,market_aware_v1,62.172,47.936,208.631,27.424,0.856,104.624,68.598,2.229
b0b46071-d8c1-41b6-ba1f-a4491ee77b8a,2026-04-19T16:13:51.036666-04:00,node-01,checkout-api,502,True,normal,market_aware_v1,62.569,53.323,217.772,24.193,1.081,107.492,38.141,2.731
0fae9256-2719-4f9b-b575-7338a7b3a336,2026-04-19T16:13:51.052937-04:00,node-01,payments-api,502,True,anomalous,market_aware_v1,56.257,56.129,232.751,23.423,1.286,112.987,31.269,3.188
272b73ad-8a76-4526-bb47-4af521a21886,2026-04-19T16:13:51.069572-04:00,node-01,orders-api,429,True,normal,market_aware_v1,58.208,47.961,189.049,27.717,0.682,95.434,73.122,1.986
04fa2f95-2ddc-4f58-a545-4b3ce38ec265,2026-04-19T16:13:51.103829-04:00,node-01,checkout-api,503,True,normal,market_aware_v1,55.496,51.82,219.468,24.985,0.972,97.974,53.202,2.515
4759c98b-3400-4442-ba2c-768ccb24da82,2026-04-19T16:13:51.130880-04:00,node-01,payments-api,429,True,normal,market_aware_v1,48.949,50.95,201.362,23.151,0.938,100.731,33.826,2.528
dd554696-0903-4085-b930-134cb56b199c,2026-04-19T16:13:51.186885-04:00,node-01,orders-api,503,True,normal,market_aware_v1,57.352,48.689,181.527,27.474,0.746,92.882,72.294,2.017
b39a1b70-b4d0-4f17-a406-e8becdfa466a,2026-04-19T16:13:51.231490-04:00,node-01,checkout-api,500,True,normal,market_aware_v1,57.867,48.768,211.532,27.907,0.944,103.663,47.517,2.543
608da574-29e5-4237-b78f-d60ed3d8418b,2026-04-19T16:13:51.263040-04:00,node-01,payments-api,502,True,normal,market_aware_v1,53.625,57.02,212.932,25.675,0.869,98.513,42.598,2.372
37cf7ab3-511c-4828-bada-250fe01cc57d,2026-04-19T16:13:51.278551-04:00,node-01,orders-api,502,True,normal,market_aware_v1,67.03,51.492,197.006,28.288,0.784,96.07,69.083,2.099
bf85f2b1-76f5-4441-ab39-cfd444dc0333,2026-04-19T16:13:51.308001-04:00,node-01,checkout-api,429,True,normal,market_aware_v1,59.807,53.439,209.65,26.764,1.062,105.198,44.675,2.599
4b503929-6108-464a-b227-1f305ef7cfb1,2026-04-19T16:13:51.331088-04:00,node-01,payments-api,502,True,anomalous,market_aware_v1,59.931,55.453,236.599,25.788,1.376,110.304,35.716,3.194
0cacc234-dd51-415d-80cb-5381752f8e8a,2026-04-19T16:13:51.351882-04:00,node-01,orders-api,500,True,normal,market_aware_v1,62.832,47.604,189.308,29.574,0.855,101.83,73.657,2.165
9c0a3159-7cfc-49af-b96f-ab5c274576f2,2026-04-19T16:13:51.376180-04:00,node-01,checkout-api,503,True,normal,market_aware_v1,62.997,52.288,220.904,28.466,1.061,106.111,54.568,2.674
bcddc86b-615a-4c13-9f49-5c769337e292,2026-04-19T16:13:51.399028-04:00,node-01,payments-api,429,True,normal,market_aware_v1,62.588,57.315,224.473,28.141,0.916,103.087,42.357,2.508
8132ea20-74d3-4085-af8f-a7a9e2f06f4c,2026-04-19T16:13:51.420596-04:00,node-01,orders-api,429,True,normal,market_aware_v1,67.628,50.818,195.626,29.857,0.756,101.514,74.826,2.075
d8156c5a-9972-4551-90ad-f67aae2d3f8c,2026-04-19T16:13:51.441885-04:00,node-01,checkout-api,503,True,normal,market_aware_v1,60.35,57.689,211.782,30.811,0.902,97.99,57.32,2.441
d1fe3698-3cf0-4759-a018-727baab4ff85,2026-04-19T16:13:51.459684-04:00,node-01,payments-api,502,True,normal,market_aware_v1,61.099,57.175,225.855,26.032,1.007,112.385,41.256,2.79
e75305d0-c181-4360-81ff-2437f6cc5d00,2026-04-19T16:13:51.487935-04:00,node-01,orders-api,500,True,normal,market_aware_v1,65.908,52.324,199.957,34.144,0.885,107.35,74.309,2.4
7f611c9f-be46-4f0e-8412-54e94c36f4f9,2026-04-19T16:13:51.514243-04:00,node-01,checkout-api,502,True,normal,market_aware_v1,64.799,56.639,217.686,29.764,1.091,108.315,56.028,2.711
7fbddd40-0244-4e6c-ac5a-03384555283f,2026-04-19T16:13:51.544109-04:00,node-01,payments-api,502,True,normal,market_aware_v1,61.309,58.22,218.584,28.184,0.987,102.865,49.214,2.655
5527b411-b27e-4068-ac03-9bfe12f4d4ac,2026-04-19T16:13:51.565399-04:00,node-01,orders-api,502,True,normal,market_aware_v1,69.605,51.307,204.342,31.812,0.891,100.707,83.366,2.237
9f16a1a4-aa93-45ad-9826-27801e42cb84,2026-04-19T16:13:51.588190-04:00,node-01,checkout-api,429,True,normal,market_aware_v1,69.538,57.845,225.418,30.853,1.02,113.062,55.67,2.718
854fa4e9-d367-40f8-93f7-a7164c30e983,2026-04-19T16:13:51.621511-04:00,node-01,payments-api,502,True,normal,market_aware_v1,61.152,54.486,222.749,28.061,0.959,106.328,44.138,2.462
5ff36488-11ee-4a7e-b719-ef1b2feecffe,2026-04-19T16:13:51.647632-04:00,node-01,orders-api,502,True,normal,market_aware_v1,68.313,52.012,220.806,32.507,0.881,113.815,75.304,2.537
9eb778e1-7a33-4375-91c5-52b5831086e0,2026-04-19T16:13:51.671869-04:00,node-01,checkout-api,502,True,normal,market_aware_v1,63.838,56.43,229.467,31.357,1.106,105.834,54.327,2.762
d99ca6f3-e09c-460e-87e4-76a4c5efc763,2026-04-19T16:13:51.692212-04:00,node-01,payments-api,429,True,normal,market_aware_v1,64.612,57.494,224.801,27.106,1.056,110.354,39.305,2.747
1cead7f1-3642-43ee-aedf-d24e699a9a43,2026-04-19T16:13:51.721470-04:00,node-01,orders-api,503,True,normal,market_aware_v1,66.251,52.474,208.297,31.055,0.913,107.117,73.143,2.406
899a0262-81c3-420c-a730-29da846bd4f6,2026-04-19T16:13:51.745268-04:00,node-01,checkout-api,500,True,anomalous,market_aware_v1,72.242,58.215,235.945,30.294,1.297,112.316,45.659,3.14
5e47dc6b-ab7a-4ff6-8aec-6ab88be23524,2026-04-19T16:13:51.777065-04:00,node-01,payments-api,500,True,normal,market_aware_v1,59.915,56.938,224.299,25.759,0.945,102.656,41.155,2.529
9861ede2-e17f-40d4-8ead-576f402c2978,2026-04-19T16:13:51.799458-04:00,node-01,orders-api,503,True,normal,market_aware_v1,62.776,51.139,186.892,31.232,0.783,93.602,78.984,2.02
1552726e-9bfd-40c2-9004-b53432dc2bc3,2026-04-19T16:13:51.832786-04:00,node-01,checkout-api,429,True,normal,market_aware_v1,63.271,53.964,223.693,28.264,1.083,107.94,50.452,2.678
26f6884d-c3f8-4c0d-9d39-749a1caafdfe,2026-04-19T16:13:51.859021-04:00,node-01,payments-api,500,True,normal,market_aware_v1,59.67,54.427,237.856,23.642,1.01,114.708,38.027,2.886
8f20360b-bd4f-42da-a6f4-f0f0e5e98e9a,2026-04-19T16:13:51.888231-04:00,node-01,orders-api,502,True,normal,market_aware_v1,64.001,50.764,201.908,26.443,0.864,103.034,67.304,2.333
44e901b4-df86-4c00-9b46-b5651b6f0de6,2026-04-19T16:13:51.910272-04:00,node-01,checkout-api,429,True,normal,market_aware_v1,63.603,53.64,229.955,29.239,1.014,103.135,48.322,2.543
233edc35-3062-4fc4-a2cd-ac060a4913de,2026-04-19T16:13:51.933903-04:00,node-01,payments-api,429,True,normal,market_aware_v1,54.685,53.574,219.593,26.042,0.969,106.777,36.214,2.551
36213442-5692-4de7-bb49-88a78d4ae58e,2026-04-19T16:13:51.965542-04:00,node-01,orders-api,500,True,normal,market_aware_v1,60.337,47.17,208.765,29.737,0.892,108.42,71.955,2.519
7ef0fdcd-0919-4d37-a59b-913dc60ad8fc,2026-04-19T16:13:51.987735-04:00,node-01,checkout-api,429,True,anomalous,market_aware_v1,61.588,50.994,238.853,27.66,1.424,114.625,42.238,3.259
442e3148-0376-4846-b148-d3d9ec0fcfe5,2026-04-19T16:13:52.010317-04:00,node-01,payments-api,429,True,normal,market_aware_v1,54.674,55.776,204.725,25.19,0.849,99.726,34.852,2.436
e1c29757-860a-4515-94ce-dc49cff7dd41,2026-04-19T16:13:52.044280-04:00,node-01,orders-api,503,True,normal,market_aware_v1,60.58,50.287,219.706,27.433,0.854,104.462,69.553,2.423
8f2298e8-bdca-4a35-a5c1-9e7012f03c37,2026-04-19T16:13:52.067147-04:00,node-01,checkout-api,502,True,anomalous,market_aware_v1,67.071,56.126,240.029,32.394,1.415,107.938,44.21,3.116
cdc62daf-060d-4359-bd56-72c8e2a28b8b,2026-04-19T16:13:52.089082-04:00,node-01,payments-api,500,True,normal,market_aware_v1,57.596,55.667,225.132,26.504,0.942,109.325,30.924,2.651
d39a436e-6c90-4f7d-97c9-4346ebbf6cd1,2026-04-19T16:13:52.113787-04:00,node-01,orders-api,429,True,anomalous,market_aware_v1,65.347,53.384,206.978,33.115,1.143,106.909,67.5,2.635
e8fa3181-fcc9-4583-868b-d06201535bc6,2026-04-19T16:13:52.145561-04:00,node-01,checkout-api,429,True,normal,market_aware_v1,64.0,52.723,215.991,29.223,0.976,100.312,56.569,2.534
0e51b057-56b0-422f-b940-c6b86f1691ab,2026-04-19T16:13:52.171039-04:00,node-01,payments-api,429,True,normal,market_aware_v1,62.313,58.296,215.269,27.944,0.922,95.351,40.806,2.438
4e15850a-2eeb-4c3d-9b10-da430ae4bbaa,2026-04-19T16:13:52.200679-04:00,node-01,orders-api,503,True,normal,market_aware_v1,62.773,54.005,192.979,31.879,0.797,102.818,70.965,2.203
f9c9c1a4-075d-4077-a2d2-3b7e75beea1b,2026-04-19T16:13:52.244511-04:00,node-01,checkout-api,500,True,normal,market_aware_v1,59.305,53.909,221.764,30.239,0.931,101.309,59.298,2.512
7ac09d24-5e3d-4877-9ecc-ec7e1703714e,2026-04-19T16:13:52.274414-04:00,node-01,payments-api,502,True,normal,market_aware_v1,58.252,54.306,226.818,26.103,0.997,106.06,38.979,2.645
e7d33fdc-398d-4b43-a16a-5dc9a264bb7a,2026-04-19T16:13:52.304604-04:00,node-01,orders-api,429,True,normal,market_aware_v1,66.645,50.785,221.336,32.248,0.872,108.421,73.886,2.422
ac4a015c-2a6c-46bb-aafc-f6b22d3ae8e9,2026-04-19T16:13:52.345001-04:00,node-01,checkout-api,502,True,normal,market_aware_v1,68.466,57.033,212.623,29.058,1.076,103.85,59.008,2.568
bc355d33-417d-4ebc-a86d-9c12742131d3,2026-04-19T16:13:52.384283-04:00,node-01,payments-api,500,True,normal,market_aware_v1,63.549,57.228,233.822,29.026,1.114,109.437,40.312,2.972
25891d9e-35ba-4bf7-91c1-f54700b9f0fa,2026-04-19T16:13:52.415376-04:00,node-01,orders-api,429,True,normal,market_aware_v1,71.111,53.552,214.333,31.611,0.847,103.022,81.236,2.349
30470a9c-a099-4301-b2a4-a8d0c9f7d730,2026-04-19T16:13:52.445160-04:00,node-01,checkout-api,502,True,normal,market_aware_v1,66.861,57.038,228.332,30.747,1.025,104.623,61.691,2.586
50f7190f-480c-4ea0-972f-fcdac2562fe0,2026-04-19T16:13:52.466885-04:00,node-01,payments-api,502,True,normal,market_aware_v1,65.206,62.161,237.323,29.413,0.97,106.139,51.849,2.575
8cde1679-479d-461f-87f5-e49fc3c32d71,2026-04-19T16:13:52.500007-04:00,node-01,orders-api,429,True,normal,market_aware_v1,72.177,53.926,201.841,32.061,0.91,102.074,81.144,2.341
ee18340a-8a89-4fe8-8918-009e6f223dcd,2026-04-19T16:13:52.527609-04:00,node-01,checkout-api,429,True,normal,market_aware_v1,70.544,55.99,211.918,31.668,1.022,106.738,54.473,2.531
e39bfa12-6d96-4681-8946-c4e3db5f1d95,2026-04-19T16:13:52.554794-04:00,node-01,payments-api,503,True,normal,market_aware_v1,66.899,57.862,223.385,28.065,1.062,107.169,45.487,2.689
1366e0b6-61ad-4946-ad59-876c95a486cf,2026-04-19T16:13:52.579123-04:00,node-01,orders-api,502,True,anomalous,market_aware_v1,74.778,56.14,227.433,32.456,1.194,108.497,78.806,2.799
ed00c941-1359-4deb-83ea-583893bbc150,2026-04-19T16:13:52.617591-04:00,node-01,checkout-api,503,True,normal,market_aware_v1,69.819,57.277,220.389,31.749,1.133,111.726,56.764,2.872
5e94ae21-a213-41b9-8bf4-8e11951df267,2026-04-19T16:13:52.645548-04:00,node-01,payments-api,500,True,normal,market_aware_v1,60.87,59.585,219.614,27.248,0.96,98.839,50.675,2.409
01dd3bcd-d89b-4fc7-bf8f-e9a417512853,2026-04-19T16:13:52.675490-04:00,node-01,orders-api,429,True,normal,market_aware_v1,72.813,52.057,202.149,33.184,0.921,104.475,83.76,2.335
ecae4107-81f1-41f8-8d3f-9349d7a04f55,2026-04-19T16:13:52.700318-04:00,node-01,checkout-api,500,True,normal,market_aware_v1,67.817,55.408,222.393,32.92,1.068,103.654,60.509,2.617
2962fdb5-654a-43d6-b460-c6abfddeeb0b,2026-04-19T16:13:52.722943-04:00,node-01,payments-api,502,True,normal,market_aware_v1,63.05,57.747,217.252,28.996,0.874,101.352,46.513,2.479
d05ff1fa-5852-4dae-9fdb-67d3c4cd2ab0,2026-04-19T16:13:52.756769-04:00,node-01,orders-api,502,True,normal,market_aware_v1,73.565,52.918,213.894,32.127,0.742,101.512,70.56,2.206
0b0d58a5-b04c-4f7b-a28e-5073e3e92a7e,2026-04-19T16:13:52.790405-04:00,node-01,checkout-api,502,True,normal,market_aware_v1,65.876,54.357,229.922,27.978,0.97,108.176,51.389,2.702
b2ac4d3c-6eae-45d0-9e27-4adf5ba64e10,2026-04-19T16:13:52.812536-04:00,node-01,payments-api,503,True,normal,market_aware_v1,62.375,56.467,216.689,27.432,0.945,100.784,46.779,2.487
0fca52c2-b89e-4220-a58a-9fdd106d59a0,2026-04-19T16:13:52.843729-04:00,node-01,orders-api,502,True,normal,market_aware_v1,65.942,52.96,197.721,30.866,0.835,104.564,73.549,2.399
f880e640-eb24-4d21-9fc0-9e38197a90ce,2026-04-19T16:13:52.867006-04:00,node-01,checkout-api,502,True,anomalous,market_aware_v1,63.732,58.447,226.082,30.538,1.374,106.075,46.263,3.03
200d0c3e-8d97-4533-9047-c1e579168eb9,2026-04-19T16:13:52.889261-04:00,node-01,payments-api,500,True,normal,market_aware_v1,60.052,55.363,229.762,25.521,0.946,104.415,36.807,2.461
09866091-11fb-4e48-9e2f-8ac575913e0b,2026-04-19T16:13:52.912341-04:00,node-01,orders-api,500,True,normal,market_aware_v1,64.358,52.11,206.98,31.102,0.968,106.791,62.399,2.403
b65380ef-56ac-4ffc-89d8-17435b2bf24a,2026-04-19T16:13:52.934433-04:00,node-01,checkout-api,502,True,normal,market_aware_v1,60.822,51.777,209.133,28.564,0.984,95.98,50.78,2.372
d214ef21-ee97-44bf-a3f4-3432b5246c3e,2026-04-19T16:13:52.955562-04:00,node-01,payments-api,500,True,normal,market_aware_v1,56.437,57.923,225.11,23.906,0.92,105.929,34.724,2.537
90048f5f-059c-4bea-b9fa-a25fe4407f03,2026-04-19T16:13:52.988265-04:00,node-01,orders-api,503,True,normal,market_aware_v1,62.361,50.058,209.253,27.174,0.893,101.383,71.444,2.296
6b6de056-3250-4297-8bc6-f94489beb003,2026-04-19T16:13:53.012827-04:00,node-01,checkout-api,500,True,normal,market_aware_v1,61.897,52.21,212.519,26.604,1.044,104.416,45.203,2.615
5dc9e37e-d45d-42bc-afca-34447f3bf424,2026-04-19T16:13:53.045398-04:00,node-01,payments-api,503,True,normal,market_aware_v1,54.392,56.844,219.451,25.788,0.887,105.389,35.73,2.415
d2dd8e4b-c924-482c-94c7-09bac24c0d24,2026-04-19T16:13:53.072335-04:00,node-01,orders-api,500,True,normal,market_aware_v1,64.72,48.772,202.437,25.747,0.794,101.682,64.613,2.206
e93eef66-135f-4279-958d-042dd2aa2cbf,2026-04-19T16:13:53.099843-04:00,node-01,checkout-api,502,True,normal,market_aware_v1,55.816,52.825,213.008,27.213,0.973,105.088,39.939,2.674
c500f47f-5ee6-4b1e-9d6a-cfd3d1e26693,2026-04-19T16:13:53.122320-04:00,node-01,payments-api,500,True,anomalous,market_aware_v1,56.761,54.484,240.837,24.679,1.307,108.922,23.253,3.116
171752ee-9bf0-4d1b-9a22-29de4bae376d,2026-04-19T16:13:53.155656-04:00,node-01,orders-api,502,True,anomalous,market_aware_v1,61.254,45.642,209.993,29.009,1.202,107.638,60.092,2.994
be4e2147-8349-4021-b140-dfc96cf24802,2026-04-19T16:13:53.176023-04:00,node-01,checkout-api,500,True,normal,market_aware_v1,58.229,49.891,209.327,28.378,0.969,100.122,44.679,2.498
6bda74a4-2e71-4746-ad60-f0f270db48de,2026-04-19T16:13:53.200039-04:00,node-01,payments-api,503,True,normal,market_aware_v1,55.019,52.976,224.684,24.198,0.963,103.626,33.336,2.496
c6c86127-ac6b-4524-ba6d-85600659d404,2026-04-19T16:13:53.220901-04:00,node-01,orders-api,500,True,normal,market_aware_v1,62.471,49.256,213.33,29.148,0.906,109.009,64.117,2.538
116afedb-0765-45c3-a9ed-be4b00df1bb4,2026-04-19T16:13:53.243359-04:00,node-01,checkout-api,502,True,anomalous,market_aware_v1,60.372,56.106,227.182,28.943,1.32,108.481,43.646,3.193
0dff29d1-e2fb-4039-844e-cad629ae6f3e,2026-04-19T16:13:53.266736-04:00,node-01,payments-api,500,True,normal,market_aware_v1,58.151,57.38,234.742,25.016,0.963,104.261,33.188,2.582
0d494626-2aa0-4b31-8646-5a39297fc300,2026-04-19T16:13:53.289057-04:00,node-01,orders-api,500,True,normal,market_aware_v1,63.725,50.518,204.236,31.017,0.772,101.913,71.625,2.168
a99309df-c6bb-4b8a-abc3-318e3efc425a,2026-04-19T16:13:53.311157-04:00,node-01,checkout-api,503,True,normal,market_aware_v1,60.095,52.237,228.217,25.447,1.041,110.149,43.014,2.786
d37c1aac-b3c6-46bd-a653-f03f9729b340,2026-04-19T16:13:53.343817-04:00,node-01,payments-api,429,True,normal,market_aware_v1,59.329,55.311,214.285,26.862,0.939,100.692,41.715,2.487
c9297971-bcd4-4171-9a96-22182f6015c3,2026-04-19T16:13:53.366963-04:00,node-01,orders-api,503,True,normal,market_aware_v1,66.645,51.221,199.615,27.931,0.914,110.373,71.656,2.371
74cc71b5-5b6c-44bd-9749-26ec16fbb76f,2026-04-19T16:13:53.387522-04:00,node-01,checkout-api,500,True,normal,market_aware_v1,60.997,54.876,220.757,31.168,1.017,104.945,53.355,2.513
6257520e-bfe3-4218-a853-b953538c8e21,2026-04-19T16:13:53.409902-04:00,node-01,payments-api,502,True,normal,market_aware_v1,64.207,53.767,229.761,28.01,0.99,113.67,40.078,2.774
33f64f8f-2b0c-4224-ae4e-bc58ae3c88ea,2026-04-19T16:13:53.432041-04:00,node-01,orders-api,502,True,normal,market_aware_v1,68.666,50.026,212.956,35.435,0.932,105.9,74.673,2.411
5349b569-1e72-4d02-9cc7-ccf5fb54fe4b,2026-04-19T16:13:53.456165-04:00,node-01,checkout-api,502,True,normal,market_aware_v1,60.042,54.505,206.82,27.489,0.982,98.848,53.756,2.451
702385ed-00c9-4281-b28b-7b8ec470460d,2026-04-19T16:13:53.494643-04:00,node-01,payments-api,429,True,normal,market_aware_v1,63.354,59.097,240.302,26.167,0.971,112.004,37.967,2.713
3178a04d-feda-426f-93cd-557a356f9aee,2026-04-19T16:13:53.515090-04:00,node-01,orders-api,503,True,normal,market_aware_v1,67.448,50.686,212.457,32.933,0.877,105.519,79.829,2.394
22dedb80-aab1-4d88-a787-66a30343d94a,2026-04-19T16:13:53.533832-04:00,node-01,checkout-api,503,True,normal,market_aware_v1,63.79,56.258,223.691,30.336,1.048,105.267,55.432,2.611
58ce2bfa-92f7-46b3-8a18-50ad50a81d34,2026-04-19T16:13:53.554979-04:00,node-01,payments-api,429,True,normal,market_aware_v1,62.186,55.333,232.608,28.203,1.077,114.644,43.318,2.786
ec972af7-71ce-46ac-8e06-d06b7fedec55,2026-04-19T16:13:53.577981-04:00,node-01,orders-api,503,True,normal,market_aware_v1,71.173,52.257,200.664,33.743,0.767,103.05,78.574,2.171
47d2fda0-4b87-48c7-a4d4-f0291a8ed387,2026-04-19T16:13:53.599927-04:00,node-01,checkout-api,429,True,normal,market_aware_v1,69.365,55.428,232.437,29.315,1.035,107.047,51.062,2.782
05c211ef-a06c-4c2c-8bb8-c408d9e2d7f7,2026-04-19T16:13:53.622147-04:00,node-01,payments-api,502,True,normal,market_aware_v1,61.646,58.534,228.198,25.878,1.044,110.252,38.752,2.786
f0617da4-e659-4d8c-ab1d-af9b6c0d6560,2026-04-19T16:13:53.646155-04:00,node-01,orders-api,429,True,normal,market_aware_v1,67.397,52.386,199.465,33.117,0.915,103.706,78.208,2.391
ad624bd5-2a84-4730-829b-f1f06a3bb3d6,2026-04-19T16:13:53.667559-04:00,node-01,checkout-api,503,True,normal,market_aware_v1,63.657,59.221,225.895,28.247,1.074,107.298,48.176,2.672
111b6a5e-9ee8-4527-b456-43050d9ba4f7,2026-04-19T16:13:53.687368-04:00,node-01,payments-api,500,True,normal,market_aware_v1,62.21,58.562,230.815,28.233,0.94,108.032,37.34,2.651
b0296486-a1ef-43f2-8616-2624bf953a73,2026-04-19T16:13:53.709783-04:00,node-01,orders-api,500,True,normal,market_aware_v1,67.29,54.561,195.673,28.46,0.85,95.993,80.761,2.181
86292f57-1c8a-41aa-96e2-c276557e383f,2026-04-19T16:13:53.731796-04:00,node-01,checkout-api,429,True,normal,market_aware_v1,66.65,54.915,224.615,28.292,1.103,107.363,56.762,2.746
9bea9469-3cfa-449f-9144-516450c633f0,2026-04-19T16:13:53.755716-04:00,node-01,payments-api,429,True,normal,market_aware_v1,61.01,56.973,231.903,26.46,0.93,110.731,39.94,2.613
fa38ce1c-f2c9-4517-827d-298fea1aece7,2026-04-19T16:13:53.775781-04:00,node-01,orders-api,503,True,normal,market_aware_v1,66.873,55.837,204.61,31.19,0.837,105.802,72.762,2.312
ddbccc9d-4735-4ba1-a111-a317c63b28bd,2026-04-19T16:13:53.801895-04:00,node-01,checkout-api,500,True,normal,market_aware_v1,66.631,53.831,212.224,28.297,0.977,105.118,51.732,2.507
86c596ad-bdfb-4b4d-9c90-0052a3c705a5,2026-04-19T16:13:53.823301-04:00,node-01,payments-api,429,True,anomalous,market_aware_v1,62.731,57.119,250.713,26.685,1.269,119.357,40.016,3.363
b7129fe7-69f8-44bd-a010-138ab843dc16,2026-04-19T16:13:53.845559-04:00,node-01,orders-api,502,True,normal,market_aware_v1,64.072,51.363,202.901,33.002,0.864,102.773,75.785,2.316
0d293b69-3d19-4c42-9953-f3038e15554b,2026-04-19T16:13:53.867832-04:00,node-01,checkout-api,500,True,normal,market_aware_v1,60.02,51.354,236.856,28.849,1.114,117.446,45.963,2.971
5d7e46e3-ec97-4ace-83a6-57871abb6b9b,2026-04-19T16:13:53.901115-04:00,node-01,payments-api,503,True,normal,market_aware_v1,59.9,55.055,226.576,25.175,0.97,107.167,36.332,2.591
f19a94c1-8839-4733-ab75-511a1dd191d7,2026-04-19T16:13:53.922272-04:00,node-01,orders-api,503,True,normal,market_aware_v1,60.319,49.969,206.616,29.789,0.819,97.289,73.351,2.113
71b23393-f980-4ec2-8ca6-ed18b2962bcf,2026-04-19T16:13:53.945250-04:00,node-01,checkout-api,503,True,normal,market_aware_v1,65.081,53.493,214.28,26.37,1.008,106.46,43.224,2.526
a217417b-8b60-44cf-9962-fcfdfd8b7738,2026-04-19T16:13:53.966898-04:00,node-01,payments-api,500,True,normal,market_aware_v1,56.388,52.04,233.978,23.805,0.961,106.612,35.474,2.739
0c173dd4-e5e6-4f2c-ad7e-7fc081541bfa,2026-04-19T16:13:53.988611-04:00,node-01,orders-api,502,True,normal,market_aware_v1,63.8,51.564,211.39,30.679,0.856,107.332,68.846,2.441
df4662bf-904c-4f95-9268-e3fb136f1a62,2026-04-19T16:13:54.008056-04:00,node-01,checkout-api,429,True,normal,market_aware_v1,59.332,53.045,241.155,26.88,1.099,113.835,47.625,2.941
637e3832-e53f-4dd3-87f0-a0ced7e768ad,2026-04-19T16:13:54.029003-04:00,node-01,payments-api,502,True,normal,market_aware_v1,60.461,55.395,236.758,24.047,1.061,117.021,30.582,2.91
dd01d8ab-53d5-4528-9d0a-cce28c572a3e,2026-04-19T16:13:54.050184-04:00,node-01,orders-api,503,True,normal,market_aware_v1,63.157,50.135,195.498,31.488,0.768,101.887,70.515,2.244
7be12fd4-7f2b-4e12-be39-b5bf99324c73,2026-04-19T16:13:54.079771-04:00,node-01,checkout-api,503,True,normal,market_aware_v1,62.767,53.983,227.63,26.891,1.168,117.712,48.353,2.967
3f2cbd5d-f23b-4981-922b-2d34c5301f9c,2026-04-19T16:13:54.111750-04:00,node-01,payments-api,502,True,normal,market_aware_v1,58.435,57.182,217.152,26.533,0.869,100.896,43.877,2.203
321b860a-5c70-46cd-8632-bee2c8761b79,2026-04-19T16:13:54.133952-04:00,node-01,orders-api,500,True,normal,market_aware_v1,64.29,51.287,188.478,32.104,0.851,96.935,77.163,2.211
9c72db6f-b1c4-4f75-9a60-9053a0915e19,2026-04-19T16:13:54.156285-04:00,node-01,checkout-api,503,True,normal,market_aware_v1,65.055,55.887,239.302,30.783,1.157,112.551,46.41,3.143
48aa4f51-52db-4226-b8d9-8ae5bc693f10,2026-04-19T16:13:54.178783-04:00,node-01,payments-api,502,True,normal,market_aware_v1,64.368,56.605,222.026,26.032,0.978,107.886,42.026,2.632
521193e0-2dd5-4200-8405-cb0bf22122d2,2026-04-19T16:13:54.201802-04:00,node-01,orders-api,502,True,anomalous,market_aware_v1,67.482,57.564,214.007,33.873,1.223,110.794,70.477,3.038
29f64a51-4584-462d-95eb-b62459c2832e,2026-04-19T16:13:54.223788-04:00,node-01,checkout-api,500,True,normal,market_aware_v1,67.731,54.233,227.382,30.891,1.042,109.921,52.806,2.805
80f70f85-affc-4d36-9a17-5bffe5cbb4a1,2026-04-19T16:13:54.245658-04:00,node-01,payments-api,500,True,normal,market_aware_v1,60.597,55.429,215.349,27.811,0.936,102.106,41.588,2.536
bfa435bc-2748-46de-9da4-7fb8af1a608c,2026-04-19T16:13:54.262675-04:00,node-01,orders-api,500,True,normal,market_aware_v1,69.262,52.882,217.084,32.006,0.913,113.278,73.378,2.418
f652d7d8-69b9-4c0e-8509-9a3bd7dd6821,2026-04-19T16:13:54.290115-04:00,node-01,checkout-api,500,True,normal,market_aware_v1,71.151,59.104,222.473,30.826,1.082,108.912,50.279,2.748
f1526e68-a75b-45a9-96e6-e2438a01eae7,2026-04-19T16:13:54.311459-04:00,node-01,payments-api,502,True,normal,market_aware_v1,63.627,60.567,229.13,27.067,1.048,113.93,44.079,2.856
b9968b22-f102-4a5b-91c2-7c19443723f7,2026-04-19T16:13:54.333801-04:00,node-01,orders-api,429,True,normal,market_aware_v1,69.853,54.664,195.64,31.884,0.829,102.892,76.386,2.286
26f49350-c560-44be-9726-5813cfc12344,2026-04-19T16:13:54.357541-04:00,node-01,checkout-api,503,True,normal,market_aware_v1,71.166,57.144,222.26,30.404,1.07,108.208,57.185,2.802
35b3100e-ef82-4924-8786-33a1354d0426,2026-04-19T16:13:54.379988-04:00,node-01,payments-api,502,True,normal,market_aware_v1,66.776,58.514,247.141,29.191,1.115,117.078,40.037,2.965
cf3060eb-dde3-4176-9d00-6fb83f2429f3,2026-04-19T16:13:54.402792-04:00,node-01,orders-api,502,True,normal,market_aware_v1,70.112,57.728,209.66,32.886,0.867,107.675,79.093,2.46
360fb2c2-ba2b-4fc2-92a3-3c00349e6f71,2026-04-19T16:13:54.426229-04:00,node-01,checkout-api,502,True,normal,market_aware_v1,70.507,56.418,223.207,29.819,1.003,106.545,58.689,2.692
bc0e6c6c-a39f-4a65-8af8-4d52f4c0387e,2026-04-19T16:13:54.458728-04:00,node-01,payments-api,502,True,anomalous,market_aware_v1,67.61,62.903,253.903,29.28,1.371,117.231,38.753,3.325
38249259-cb2a-478e-8ce0-8c4630254c83,2026-04-19T16:13:54.481333-04:00,node-01,orders-api,502,True,normal,market_aware_v1,71.181,55.596,205.914,31.527,0.793,103.048,84.03,2.26
d9129ea1-8a8f-4e11-808e-bbdd3834e00e,2026-04-19T16:13:54.512974-04:00,node-01,checkout-api,502,True,normal,market_aware_v1,68.569,59.501,240.43,32.815,1.13,117.86,51.302,3.082
e48889dd-d18c-4fd6-94b4-0f620ecd5a09,2026-04-19T16:13:54.538830-04:00,node-01,payments-api,500,True,normal,market_aware_v1,64.885,59.435,247.602,27.759,1.069,119.565,42.89,2.86
f9700961-bb69-49bd-b01a-c08d1cc6ba37,2026-04-19T16:13:54.561531-04:00,node-01,orders-api,429,True,normal,market_aware_v1,70.478,53.764,206.935,32.5,0.829,101.546,80.595,2.254
85864e2b-d19e-48cf-8fac-325a54a21082,2026-04-19T16:13:54.586429-04:00,node-01,checkout-api,502,True,anomalous,market_aware_v1,72.873,55.382,252.085,32.034,1.271,113.218,63.098,3.237
054ee674-9904-4970-9569-a6705874c411,2026-04-19T16:13:54.610448-04:00,node-01,payments-api,429,True,anomalous,market_aware_v1,64.268,58.292,242.855,29.033,1.38,117.137,33.276,3.336
cd4b2bb8-6221-4967-afe7-d4b816a9a405,2026-04-19T16:13:54.638131-04:00,node-01,orders-api,500,True,normal,market_aware_v1,65.512,49.883,219.605,32.116,0.827,107.439,70.326,2.349
1792aee7-c91f-4f3f-b368-86c1218ec9f6,2026-04-19T16:13:54.658929-04:00,node-01,checkout-api,500,True,normal,market_aware_v1,64.294,54.737,228.234,30.084,1.138,111.967,46.218,2.976
1ff979f9-e87b-43bb-b1a5-0dd4f8a365f1,2026-04-19T16:13:54.680101-04:00,node-01,payments-api,500,True,normal,market_aware_v1,57.986,55.861,231.354,25.611,0.991,111.441,38.327,2.639
40ea4e66-38fc-4b0d-a712-323a4a3f9e85,2026-04-19T16:13:54.713803-04:00,node-01,orders-api,503,True,normal,market_aware_v1,66.315,48.762,217.16,30.864,0.884,110.694,72.833,2.556
f88cf35d-1c3f-42b2-82bb-8535a5a2fe49,2026-04-19T16:13:54.735084-04:00,node-01,checkout-api,500,True,normal,market_aware_v1,63.994,54.598,222.068,29.027,1.003,104.472,51.689,2.579
f6105bfd-f75b-4a85-b0d3-f6df98b90915,2026-04-19T16:13:54.756685-04:00,node-01,payments-api,429,True,normal,market_aware_v1,58.024,57.038,233.439,24.348,0.983,108.335,29.873,2.685
7b9c89d8-4190-48b7-a503-c69f01d350d4,2026-04-19T16:13:54.780688-04:00,node-01,orders-api,503,True,normal,market_aware_v1,60.067,47.795,216.176,30.024,0.964,109.506,63.393,2.598
f313a036-d074-476e-98e9-699655fb638a,2026-04-19T16:13:54.802300-04:00,node-01,checkout-api,429,True,normal,market_aware_v1,61.745,52.362,212.495,27.072,1.039,105.135,41.936,2.587
b80ad1e0-37ca-4bc7-b690-cb35ed1999f6,2026-04-19T16:13:54.836042-04:00,node-01,payments-api,500,True,normal,market_aware_v1,55.355,54.062,215.223,25.237,0.953,104.009,33.737,2.508
d6a2e025-13e4-4f17-b928-81f3cf240c86,2026-04-19T16:13:54.859146-04:00,node-01,orders-api,429,True,normal,market_aware_v1,64.906,48.75,196.831,28.517,0.85,100.347,70.257,2.224
33cb59d5-c539-49fd-8011-8a172e4885e8,2026-04-19T16:13:54.881031-04:00,node-01,checkout-api,502,True,normal,market_aware_v1,57.347,52.027,225.844,27.054,1.177,107.222,50.444,2.945
bf7a5e14-5ced-4654-a075-5b3f53bf4738,2026-04-19T16:13:54.901984-04:00,node-01,payments-api,502,True,normal,market_aware_v1,55.772,53.541,233.72,25.841,1.017,111.183,31.035,2.61
a79e3b25-baf3-493f-aba6-c9be1af1d319,2026-04-19T16:13:54.925029-04:00,node-01,orders-api,502,True,anomalous,market_aware_v1,66.813,48.841,219.226,29.438,1.239,110.18,64.658,2.753
66d4937d-4b58-4244-bd59-7f561c9ea0d6,2026-04-19T16:13:54.947364-04:00,node-01,checkout-api,429,True,normal,market_aware_v1,63.858,53.736,231.817,26.551,1.027,109.778,38.181,2.721
42ab4ba8-62fa-40d1-b33c-6d99bd19ad72,2026-04-19T16:13:54.969343-04:00,node-01,payments-api,429,True,anomalous,market_aware_v1,56.38,59.325,244.309,27.576,1.394,121.646,21.12,3.304
1656e0a8-9cd8-4a2c-b628-063a5bb790f4,2026-04-19T16:13:55.003274-04:00,node-01,orders-api,500,True,normal,market_aware_v1,58.64,44.721,207.233,29.841,0.845,102.167,67.601,2.358
a702de03-ae91-456c-8624-9b7b76e8764f,2026-04-19T16:13:55.024492-04:00,node-01,checkout-api,429,True,normal,market_aware_v1,61.308,50.51,204.601,27.995,0.98,99.088,47.733,2.328
e01b13a3-17ac-494e-8ad9-8a739121cd3e,2026-04-19T16:13:55.046145-04:00,node-01,payments-api,503,True,normal,market_aware_v1,54.007,53.705,213.604,23.892,1.066,109.028,33.448,2.765
1c5fc3a0-9af4-4a84-89cc-bd07815757ff,2026-04-19T16:13:55.069575-04:00,node-01,orders-api,502,True,normal,market_aware_v1,63.461,49.057,204.224,27.859,0.86,103.256,68.698,2.281
ee6672d0-0bfb-4bdf-be3b-d356ffdb22a1,2026-04-19T16:13:55.091279-04:00,node-01,checkout-api,500,True,normal,market_aware_v1,61.945,56.529,222.405,27.513,1.027,107.076,42.858,2.759
1278e148-ff05-4967-ab6e-032a37ebd9f8,2026-04-19T16:13:55.109972-04:00,node-01,payments-api,500,True,normal,market_aware_v1,57.741,55.715,217.548,26.2,1.045,110.858,30.885,2.744
15baa2b9-a569-4d9f-a16b-d68cfb699d56,2026-04-19T16:13:55.127632-04:00,node-01,orders-api,503,True,normal,market_aware_v1,63.588,46.302,214.848,30.185,0.936,106.481,74.874,2.524
12ef9ee9-e1ee-458a-a04c-2354c480f674,2026-04-19T16:13:55.148097-04:00,node-01,checkout-api,503,True,normal,market_aware_v1,61.422,52.416,233.666,28.277,1.11,113.742,47.004,2.91
ce79a423-20b1-4586-b343-41ed4123173e,2026-04-19T16:13:55.169869-04:00,node-01,payments-api,503,True,normal,market_aware_v1,64.741,54.791,252.836,22.088,1.006,116.927,34.685,2.877
448d0869-be5f-4726-9843-b435208ec118,2026-04-19T16:13:55.202125-04:00,node-01,orders-api,500,True,normal,market_aware_v1,66.655,54.426,214.143,29.803,0.913,111.356,71.391,2.563
ac43dddb-c9d4-4383-af9e-ca0199dc681d,2026-04-19T16:13:55.226245-04:00,node-01,checkout-api,502,True,normal,market_aware_v1,65.918,57.632,215.785,30.002,1.086,110.031,44.654,2.761
ce000d18-b4b6-452c-beed-97013ad9e954,2026-04-19T16:13:55.247062-04:00,node-01,payments-api,502,True,normal,market_aware_v1,61.879,60.524,239.181,27.803,1.038,113.599,35.235,2.879
def5a922-3184-42a0-bfc3-f787b503486d,2026-04-19T16:13:55.269964-04:00,node-01,orders-api,500,True,normal,market_aware_v1,69.385,57.369,210.123,30.613,0.825,103.947,77.804,2.369
b8f079d5-c9a1-42fe-9813-4efba62520ce,2026-04-19T16:13:55.291964-04:00,node-01,checkout-api,500,True,normal,market_aware_v1,69.014,55.764,238.443,30.336,1.093,109.224,46.777,2.774
4f7fe8c7-8900-410f-bcc7-b2028804ef88,2026-04-19T16:13:55.315157-04:00,node-01,payments-api,500,True,normal,market_aware_v1,64.892,57.409,236.174,27.354,1.046,112.498,38.379,2.815
eaafed15-3b62-40eb-8894-b7f9644f244a,2026-04-19T16:13:55.337830-04:00,node-01,orders-api,429,True,normal,market_aware_v1,69.217,51.211,217.435,32.206,0.928,108.449,73.649,2.464
c24ab99c-d4a8-4516-a8d2-bfd5b5879f1a,2026-04-19T16:13:55.362192-04:00,node-01,checkout-api,503,True,normal,market_aware_v1,63.324,59.163,225.172,30.021,1.009,102.836,54.944,2.652
72d0f881-0054-4511-80c7-1eff53b6046e,2026-04-19T16:13:55.393502-04:00,node-01,payments-api,503,True,normal,market_aware_v1,67.06,56.986,234.12,28.651,0.99,113.548,40.049,2.817
53d42f60-f667-4d53-9ace-205f1a808aff,2026-04-19T16:13:55.415705-04:00,node-01,orders-api,503,True,normal,market_aware_v1,66.364,57.365,216.427,32.081,0.879,109.533,73.958,2.48
c7dd72ec-aea8-45d6-a0bb-8f236024828b,2026-04-19T16:13:55.437865-04:00,node-01,checkout-api,429,True,normal,market_aware_v1,62.125,56.646,218.825,31.733,1.027,107.635,53.969,2.696
bc46ef1d-a055-40a9-a783-2009b1177a16,2026-04-19T16:13:55.458902-04:00,node-01,payments-api,503,True,normal,market_aware_v1,63.918,57.575,233.967,25.066,1.047,111.741,30.628,2.828
83c2e2d1-6e5a-41da-9f36-3a69fe81310b,2026-04-19T16:13:55.482777-04:00,node-01,orders-api,503,True,normal,market_aware_v1,64.575,52.933,201.544,29.28,0.878,104.339,78.312,2.263
3ffad954-d220-4f2c-96e2-4f105916c434,2026-04-19T16:13:55.504440-04:00,node-01,checkout-api,503,True,normal,market_aware_v1,67.915,58.278,226.255,30.846,1.086,111.389,49.999,2.813
d63ca70e-1958-498f-8de8-997766e4be53,2026-04-19T16:13:55.528919-04:00,node-01,payments-api,500,True,anomalous,market_aware_v1,64.715,56.769,252.946,28.099,1.432,122.298,35.025,3.586
7fe8586b-9a9f-4651-ab16-f0e1bf93ebbf,2026-04-19T16:13:55.551591-04:00,node-01,orders-api,500,True,normal,market_aware_v1,63.235,47.277,197.914,31.992,0.809,98.055,76.569,2.165
e46ba7f2-c519-44ff-888f-3e00598e0ca1,2026-04-19T16:13:55.584120-04:00,node-01,checkout-api,502,True,normal,market_aware_v1,60.63,55.42,218.151,26.805,1.039,107.15,47.363,2.703
3fb9f4a4-92a3-49e1-b268-fc23b60ae2db,2026-04-19T16:13:55.607531-04:00,node-01,payments-api,502,True,normal,market_aware_v1,58.908,54.897,230.469,25.598,1.048,110.973,37.083,2.684
9b398bba-e3ba-4e62-9427-6b84ae502578,2026-04-19T16:13:55.629804-04:00,node-01,orders-api,502,True,normal,market_aware_v1,63.725,50.812,221.505,29.652,0.967,115.591,67.509,2.702
6cab7388-e4cd-4c50-9916-922c6e246f26,2026-04-19T16:13:55.660312-04:00,node-01,checkout-api,502,True,normal,market_aware_v1,63.002,54.169,232.233,28.119,1.107,109.326,46.93,2.971
e7a0ad3d-e966-42f7-8917-5bd149daa688,2026-04-19T16:13:55.684596-04:00,node-01,payments-api,429,True,normal,market_aware_v1,58.086,56.08,232.794,24.661,1.009,108.569,39.325,2.747
b3f7a83a-a0c8-4efa-9f34-c87036301308,2026-04-19T16:13:55.708167-04:00,node-01,orders-api,503,True,anomalous,market_aware_v1,68.659,54.386,214.51,31.417,1.159,107.225,64.787,2.73
6c3cd0ec-bbb9-41fb-a62a-2bce6068527b,2026-04-19T16:13:55.732739-04:00,node-01,checkout-api,500,True,normal,market_aware_v1,64.039,54.449,233.009,28.303,1.059,107.061,46.03,2.705
933e43b7-f1ef-4c46-b459-5b613281bbf3,2026-04-19T16:13:55.762875-04:00,node-01,payments-api,503,True,normal,market_aware_v1,57.941,55.722,237.387,22.001,1.086,111.94,35.73,2.773
eefbb47f-4b93-4a5b-9f07-50c2bf1566a6,2026-04-19T16:13:55.787327-04:00,node-01,orders-api,500,True,normal,market_aware_v1,65.501,51.143,203.994,32.002,0.864,103.899,68.481,2.374
b0e1b3c7-8fcf-435d-8d06-8e5694900944,2026-04-19T16:13:55.819112-04:00,node-01,checkout-api,502,True,normal,market_aware_v1,61.247,53.531,226.804,28.384,0.976,103.899,49.618,2.429
90b47713-b839-4bac-9615-412aaa931297,2026-04-19T16:13:55.842462-04:00,node-01,payments-api,429,True,normal,market_aware_v1,58.715,57.434,231.542,24.351,1.014,108.646,35.398,2.667
12a3bef7-5d16-4045-90cf-446c8a4a4b01,2026-04-19T16:13:55.873065-04:00,node-01,orders-api,503,True,normal,market_aware_v1,65.857,53.724,213.257,30.7,0.898,110.954,67.424,2.575
a701f736-b2a4-4814-ae04-8bbfde92bcac,2026-04-19T16:13:55.897492-04:00,node-01,checkout-api,503,True,normal,market_aware_v1,64.902,56.374,214.143,28.348,0.99,101.199,53.079,2.453
5e3b713b-7d2d-4e20-9f7e-32cdc24951ca,2026-04-19T16:13:55.920024-04:00,node-01,payments-api,429,True,normal,market_aware_v1,62.361,55.058,241.762,26.347,1.104,115.222,34.698,2.939
1fe90971-7364-486d-9656-b1768b8b606d,2026-04-19T16:13:55.951370-04:00,node-01,orders-api,502,True,normal,market_aware_v1,67.773,51.91,217.063,30.209,0.915,108.404,72.132,2.525
6580ce8a-fa1c-46b0-ba1d-cfa6c17191fd,2026-04-19T16:13:55.973261-04:00,node-01,checkout-api,500,True,normal,market_aware_v1,66.528,55.286,233.957,28.835,1.127,114.813,48.475,2.966
ac3261c2-38c8-4ee6-a936-e94af28257f4,2026-04-19T16:13:55.998482-04:00,node-01,payments-api,500,True,normal,market_aware_v1,59.118,56.054,231.399,26.588,0.973,111.804,35.849,2.697
e487ee70-189c-4751-8738-a3086104019a,2026-04-19T16:13:56.046538-04:00,node-01,orders-api,500,True,normal,market_aware_v1,71.231,50.816,214.733,32.314,0.888,104.883,76.968,2.459
51de361a-e960-4a9b-beea-2f9d5393b96d,2026-04-19T16:13:56.106981-04:00,node-01,checkout-api,503,True,anomalous,market_aware_v1,71.37,56.493,229.858,31.267,1.363,111.843,49.175,3.09
7dbdbd77-2681-40d2-8077-0484ab1cd777,2026-04-19T16:13:56.141460-04:00,node-01,payments-api,500,True,anomalous,market_aware_v1,68.55,60.219,268.681,27.631,1.52,125.679,35.094,3.674
8503d286-44f6-4e59-bd9d-64bdc3a3ad75,2026-04-19T16:13:56.173412-04:00,node-01,orders-api,503,True,normal,market_aware_v1,70.162,53.19,215.507,31.969,0.933,106.935,85.181,2.442
0dafeec8-b98b-4d03-92f3-a08cf9300d39,2026-04-19T16:13:56.216180-04:00,node-01,checkout-api,502,True,normal,market_aware_v1,68.534,60.442,241.305,28.938,1.175,117.449,47.822,2.979
b71e5878-4ffa-47ad-bc78-3116a25af0bd,2026-04-19T16:13:56.239203-04:00,node-01,payments-api,502,True,normal,market_aware_v1,66.515,57.821,236.1,27.827,1.022,109.773,44.038,2.657
02b1f295-537b-44fd-92f4-755ffd09886f,2026-04-19T16:13:56.261092-04:00,node-01,orders-api,502,True,normal,market_aware_v1,69.365,53.967,212.606,32.271,0.912,102.006,82.224,2.364
70fc7cb4-5232-4098-83ae-124fabc2528c,2026-04-19T16:13:56.284688-04:00,node-01,checkout-api,502,True,normal,market_aware_v1,70.873,55.033,230.439,29.937,0.95,110.153,58.847,2.571
e58d2b69-3595-492f-aa79-695c2a62b5d8,2026-04-19T16:13:56.322355-04:00,node-01,payments-api,429,True,anomalous,market_aware_v1,62.037,62.788,260.437,30.217,1.225,122.26,41.342,3.297
fd6a3e76-dec3-4a33-81c1-dbade45992c5,2026-04-19T16:13:56.340335-04:00,node-01,orders-api,500,True,normal,market_aware_v1,70.51,55.972,214.748,31.646,0.885,113.019,79.086,2.481
e51a5639-ce8e-4425-98a0-e368282f342e,2026-04-19T16:13:56.379138-04:00,node-01,checkout-api,500,True,normal,market_aware_v1,73.221,58.672,245.392,32.283,1.165,116.989,51.226,2.909
2a407c7c-6f30-441f-91b6-c25dee1d92d4,2026-04-19T16:13:56.396352-04:00,node-01,payments-api,502,True,normal,market_aware_v1,65.026,60.086,232.133,26.705,1.003,106.635,47.274,2.604
ec411d20-968c-478c-bb9f-1b0ad143384e,2026-04-19T16:13:56.435793-04:00,node-01,orders-api,502,True,normal,market_aware_v1,72.947,57.834,211.977,34.505,0.893,105.576,78.933,2.427
ae2ef414-7a92-4f21-85be-d34a67bff628,2026-04-19T16:13:56.465299-04:00,node-01,checkout-api,502,True,anomalous,market_aware_v1,71.984,59.902,253.17,30.192,1.369,121.453,51.728,3.638
298dc102-d4db-49fb-8f97-fccc999dde6a,2026-04-19T16:13:56.494752-04:00,node-01,payments-api,502,True,normal,market_aware_v1,63.301,59.839,229.82,28.863,1.042,107.956,45.202,2.766
1d6b8551-cb5b-425e-a002-80c5fbf32ee0,2026-04-19T16:13:56.517541-04:00,node-01,orders-api,429,True,normal,market_aware_v1,72.334,51.765,207.529,31.58,0.892,106.177,79.304,2.551
ef52d5cd-14ca-42c3-8726-6844c6d8d7d6,2026-04-19T16:13:56.540752-04:00,node-01,checkout-api,503,True,normal,market_aware_v1,68.706,58.805,225.333,31.175,1.119,112.547,52.868,2.752
a442425d-bfa7-442d-bcf6-bd4cad55a64a,2026-04-19T16:13:56.561393-04:00,node-01,payments-api,502,True,anomalous,market_aware_v1,64.699,58.254,246.512,25.773,1.124,121.42,37.019,2.937
c053868d-0e8f-4595-a40c-e6caf6984640,2026-04-19T16:13:56.586189-04:00,node-01,orders-api,502,True,normal,market_aware_v1,64.49,53.228,216.621,28.56,0.875,111.518,74.695,2.554
64ed791c-9be0-4992-9a95-a047ee5f7cb4,2026-04-19T16:13:56.605590-04:00,node-01,checkout-api,429,True,normal,market_aware_v1,66.315,54.414,221.737,27.651,1.073,108.534,53.397,2.594
e2084626-636d-405d-8457-3b26d3ab1df4,2026-04-19T16:13:56.628315-04:00,node-01,payments-api,500,True,normal,market_aware_v1,60.724,56.987,228.252,28.019,1.077,111.044,40.629,2.789
f7a93e34-09cb-4973-ba68-c18e52ca3cdb,2026-04-19T16:13:56.652772-04:00,node-01,orders-api,502,True,anomalous,market_aware_v1,68.195,53.368,223.154,32.802,1.113,108.971,66.634,2.863
a87b9cb8-e749-4a39-b5c1-abb74acde769,2026-04-19T16:13:56.674263-04:00,node-01,checkout-api,502,True,normal,market_aware_v1,60.999,54.071,221.362,28.966,1.001,107.94,43.748,2.613
76ae17ba-a864-4db5-ad8a-38d5c3e5254a,2026-04-19T16:13:56.710641-04:00,node-01,payments-api,503,True,normal,market_aware_v1,61.313,55.376,220.472,25.585,0.971,103.114,37.93,2.618
974da785-a730-433e-a700-3fdea4a95686,2026-04-19T16:13:56.738573-04:00,node-01,orders-api,429,True,anomalous,market_aware_v1,68.54,50.362,216.351,31.843,1.216,111.028,66.552,2.915
c58d4368-e2f4-40ef-bbc7-f942cf15fc02,2026-04-19T16:13:56.766808-04:00,node-01,checkout-api,429,True,normal,market_aware_v1,60.654,48.287,214.229,25.616,1.019,105.775,47.413,2.684
3901284d-fe26-421d-9269-23c116390749,2026-04-19T16:13:56.796939-04:00,node-01,payments-api,429,True,anomalous,market_aware_v1,57.762,55.077,247.787,26.393,1.36,112.623,31.53,3.188
9f09f847-2637-4e93-b905-4a192628a136,2026-04-19T16:13:56.827498-04:00,node-01,orders-api,429,True,normal,market_aware_v1,61.626,49.259,209.864,31.03,0.88,106.946,65.793,2.382
cc9390b4-87a9-4066-8b45-b29fa9f92471,2026-04-19T16:13:56.853493-04:00,node-01,checkout-api,429,True,normal,market_aware_v1,60.432,52.838,199.066,26.648,0.842,93.563,54.608,2.198
60dd4849-90c0-40fc-b579-a1e46eee6052,2026-04-19T16:13:56.875941-04:00,node-01,payments-api,429,True,normal,market_aware_v1,55.254,55.816,214.383,23.231,0.925,102.635,31.965,2.37
bb3eb2e1-f27f-4c51-a88e-587c34822a08,2026-04-19T16:13:56.899131-04:00,node-01,orders-api,503,True,anomalous,market_aware_v1,65.947,53.248,220.323,28.889,1.243,114.064,56.331,2.987
a9c2a76e-79f8-4860-9b82-2dac38ca20af,2026-04-19T16:13:56.921903-04:00,node-01,checkout-api,500,True,normal,market_aware_v1,56.213,51.986,210.467,28.234,0.971,102.59,46.628,2.573
f3f0d1a3-aa21-476b-8237-91e61d01a2e4,2026-04-19T16:13:56.941126-04:00,node-01,payments-api,503,True,anomalous,market_aware_v1,60.257,57.594,266.648,23.448,1.248,125.487,22.991,3.473
8c3c82e8-0aaf-4c1b-a4cc-2fcf3ae5c2b3,2026-04-19T16:13:56.961904-04:00,node-01,orders-api,503,True,normal,market_aware_v1,61.267,48.116,196.786,28.163,0.85,100.309,75.521,2.213
9601158e-8650-4a1c-a82b-e7a6db4181ef,2026-04-19T16:13:56.980402-04:00,node-01,checkout-api,503,True,normal,market_aware_v1,62.936,52.985,242.553,27.387,1.137,115.121,44.369,2.951
f7a12600-95e5-4756-9a5f-83b8ad3cab15,2026-04-19T16:13:57.011352-04:00,node-01,payments-api,503,True,normal,market_aware_v1,57.945,53.195,240.027,24.354,1.011,112.126,22.579,2.741
b71d73bd-bd3a-4d80-ae34-8c28a316a381,2026-04-19T16:13:57.063003-04:00,node-01,orders-api,500,True,normal,market_aware_v1,61.603,50.075,211.083,29.154,0.78,105.151,62.475,2.265
d1de918e-9977-426d-a824-31463f2d4431,2026-04-19T16:13:57.091060-04:00,node-01,checkout-api,500,True,normal,market_aware_v1,69.139,50.997,246.25,27.032,1.125,114.373,37.496,2.873
e010049f-91f3-4657-8cc2-064226e42110,2026-04-19T16:13:57.123445-04:00,node-01,payments-api,500,True,normal,market_aware_v1,56.641,55.108,237.389,23.772,1.116,112.559,31.2,2.88
f5b55c33-a547-446a-8499-2788c5725fff,2026-04-19T16:13:57.158485-04:00,node-01,orders-api,502,True,normal,market_aware_v1,63.884,54.826,201.001,30.739,0.811,106.049,67.688,2.442
18d6a27f-ede6-499e-a0dc-e6d82b2d7aea,2026-04-19T16:13:57.184241-04:00,node-01,checkout-api,502,True,normal,market_aware_v1,64.819,51.859,234.131,29.109,1.159,110.803,45.506,2.827
c529910b-2393-4088-aa5f-cb94332d7fec,2026-04-19T16:13:57.221509-04:00,node-01,payments-api,503,True,normal,market_aware_v1,59.567,57.361,225.168,24.88,0.949,110.068,36.451,2.643
726bd84e-f3d9-4cfd-8122-374cfa0b492c,2026-04-19T16:13:57.263219-04:00,node-01,orders-api,429,True,normal,market_aware_v1,65.374,52.862,211.539,33.094,0.958,106.693,72.669,2.551
5803d555-1992-4bce-a0f6-a8b7db0104ca,2026-04-19T16:13:57.293896-04:00,node-01,checkout-api,503,True,normal,market_aware_v1,62.772,53.412,227.86,28.826,1.18,117.218,47.336,3.002
9bdb58dd-2157-4ef0-b229-ee7487bd1708,2026-04-19T16:13:57.327927-04:00,node-01,payments-api,503,True,normal,market_aware_v1,59.796,58.413,238.43,27.9,1.013,115.567,32.667,2.826
3be4e5aa-b504-4262-8c55-321f57037fa4,2026-04-19T16:13:57.356374-04:00,node-01,orders-api,500,True,anomalous,market_aware_v1,72.095,52.996,232.203,32.201,1.29,116.146,65.654,3.21
214e5574-3566-4ebc-8ec1-43af01b94d09,2026-04-19T16:13:57.386483-04:00,node-01,checkout-api,429,True,normal,market_aware_v1,67.047,55.357,233.671,29.731,1.121,109.954,53.89,2.794
91e4b9cb-981a-4136-8970-aa6ba2ce411e,2026-04-19T16:13:57.422673-04:00,node-01,payments-api,502,True,normal,market_aware_v1,62.6,57.838,229.187,28.642,0.887,103.608,38.534,2.5
851e18ee-d87a-4d85-8c31-f3637239dc5d,2026-04-19T16:13:57.462323-04:00,node-01,orders-api,500,True,normal,market_aware_v1,71.144,54.081,210.931,32.636,0.959,106.516,74.9,2.534
7ccc47db-7de6-4efc-ab2f-dd4532beafd3,2026-04-19T16:13:57.489447-04:00,node-01,checkout-api,502,True,normal,market_aware_v1,66.033,55.496,232.656,27.203,1.002,105.221,48.634,2.655
837c6f33-d1a1-4b82-ae93-2b2019071ea6,2026-04-19T16:13:57.514501-04:00,node-01,payments-api,500,True,normal,market_aware_v1,61.948,58.821,243.685,25.576,1.086,110.19,40.424,2.899
16648ae5-1b66-465f-bed5-b1a7f3c00a8c,2026-04-19T16:13:57.544235-04:00,node-01,orders-api,502,True,normal,market_aware_v1,70.661,54.473,229.955,30.323,0.96,114.608,72.679,2.535
3b962662-65d9-4f8b-afb6-2de1a093f463,2026-04-19T16:13:57.567640-04:00,node-01,checkout-api,500,True,anomalous,market_aware_v1,76.302,61.559,246.881,31.956,1.458,118.167,46.91,3.413
af270566-8036-40e9-b050-16cee6d21ae7,2026-04-19T16:13:57.590077-04:00,node-01,payments-api,503,True,normal,market_aware_v1,61.496,61.213,229.955,26.395,1.049,103.485,41.925,2.705
1d0b2a89-c7f2-4d24-b42b-efb5ef723b1d,2026-04-19T16:13:57.610706-04:00,node-01,orders-api,503,True,normal,market_aware_v1,69.405,53.037,213.249,30.51,0.91,110.347,71.675,2.585
545b85b7-2188-43ec-b7a6-4251d6c25740,2026-04-19T16:13:57.628392-04:00,node-01,checkout-api,503,True,normal,market_aware_v1,63.443,56.456,228.59,29.953,1.064,108.03,50.301,2.753
64228e6e-f58f-49af-ae2c-c70703687a50,2026-04-19T16:13:57.646014-04:00,node-01,payments-api,502,True,normal,market_aware_v1,62.648,55.324,243.561,25.498,1.05,111.307,36.014,2.771
faf389f5-a301-4e6a-923b-086c0c6b39e5,2026-04-19T16:13:57.666794-04:00,node-01,orders-api,503,True,normal,market_aware_v1,67.36,52.119,212.139,30.814,0.893,103.572,75.053,2.438
a97ee226-b8b6-471b-8f42-1495628788e8,2026-04-19T16:13:57.698902-04:00,node-01,checkout-api,429,True,normal,market_aware_v1,67.602,55.847,216.057,28.848,0.988,99.582,51.31,2.527
6816f331-6fc0-41e5-b9e7-922f85db6b20,2026-04-19T16:13:57.721307-04:00,node-01,payments-api,500,True,normal,market_aware_v1,59.008,55.881,244.476,27.492,1.091,113.37,36.477,2.857
5a4446b0-e42a-4f85-a368-9e9f306236a3,2026-04-19T16:13:57.744805-04:00,node-01,orders-api,429,True,normal,market_aware_v1,68.894,50.835,220.329,27.975,0.948,114.415,62.557,2.646
6bb98a24-411f-4700-9549-e198f4825211,2026-04-19T16:13:57.765748-04:00,node-01,checkout-api,500,True,normal,market_aware_v1,65.946,51.674,221.756,28.659,1.029,105.119,44.682,2.769
28e44c96-45bc-498a-b8df-0190e8360a63,2026-04-19T16:13:57.791486-04:00,node-01,payments-api,502,True,normal,market_aware_v1,59.13,55.508,226.039,25.722,0.945,111.325,39.128,2.651
1ecb65ca-ab6e-442c-a519-bd2a34e373de,2026-04-19T16:13:57.820658-04:00,node-01,orders-api,502,True,normal,market_aware_v1,66.5,52.45,216.364,30.597,1.009,116.072,72.415,2.713
7fdf1699-da60-4cc6-b033-f689e002dcbe,2026-04-19T16:13:57.867409-04:00,node-01,checkout-api,503,True,normal,market_aware_v1,64.962,52.984,233.39,29.368,1.128,110.953,43.931,2.834
6c5876a0-0970-4f08-94f0-4740968b0f84,2026-04-19T16:13:57.901607-04:00,node-01,payments-api,500,True,normal,market_aware_v1,57.452,54.09,237.814,25.591,1.02,112.292,37.83,2.745
9f89bf6c-f86b-4fbe-94b0-89b2e058e992,2026-04-19T16:13:57.969400-04:00,node-01,orders-api,429,True,normal,market_aware_v1,65.265,53.643,230.904,30.907,1.087,115.794,69.505,3.061
e78d9900-c61e-4aab-9cd7-0ae0350a3efa,2026-04-19T16:13:57.989140-04:00,node-01,checkout-api,502,True,normal,market_aware_v1,64.339,50.971,229.524,29.398,1.11,107.692,48.431,2.832
602418df-13f5-4497-9b85-fc3b5209b293,2026-04-19T16:13:58.011628-04:00,node-01,payments-api,502,True,normal,market_aware_v1,59.788,54.527,232.893,24.25,1.099,118.685,29.939,2.879
b7b163c5-0413-4537-a896-4c6db4068c5a,2026-04-19T16:13:58.034662-04:00,node-01,orders-api,503,True,normal,market_aware_v1,64.312,52.71,216.711,29.018,0.919,100.664,72.622,2.434
34da86f0-831f-44b5-93d4-0800155feb74,2026-04-19T16:13:58.070937-04:00,node-01,checkout-api,500,True,normal,market_aware_v1,62.186,55.507,220.311,26.701,1.017,105.283,51.25,2.663
79b36c9a-4dac-40fe-81da-f5dccd1ef5b1,2026-04-19T16:13:58.099418-04:00,node-01,payments-api,503,True,normal,market_aware_v1,64.522,54.242,246.322,24.318,1.098,112.359,37.81,2.892
3df04dc9-c3b3-4a4f-b1d2-57f664149030,2026-04-19T16:13:58.184758-04:00,node-01,orders-api,503,True,normal,market_aware_v1,68.088,51.813,208.35,31.341,0.924,109.841,72.327,2.594
562e9e1a-b3ba-4ee3-b79f-68eb2454b3a4,2026-04-19T16:13:58.212374-04:00,node-01,checkout-api,500,True,normal,market_aware_v1,64.299,53.823,236.217,26.288,1.127,115.868,47.524,2.961
d9f7e907-71b2-4b01-9296-414bb46c4ff4,2026-04-19T16:13:58.252913-04:00,node-01,payments-api,502,True,normal,market_aware_v1,63.939,59.544,240.645,28.494,1.11,115.172,38.391,2.88
08bec8bf-1d8e-414e-854b-90fcbba49ae0,2026-04-19T16:13:58.279592-04:00,node-01,orders-api,503,True,normal,market_aware_v1,68.72,49.995,219.357,32.958,0.969,114.158,72.112,2.694
e6aab290-96a7-45a9-9724-03dcc90e4d60,2026-04-19T16:13:58.311562-04:00,node-01,checkout-api,503,True,normal,market_aware_v1,62.682,58.4,223.609,30.701,1.152,112.258,47.599,2.818
dcb562bf-37e2-4759-aecb-9d25f904914c,2026-04-19T16:13:58.334588-04:00,node-01,payments-api,500,True,normal,market_aware_v1,65.369,56.145,230.303,25.431,1.098,113.834,34.738,2.912
dcf85436-dcd2-476f-9258-8f8de9d1032a,2026-04-19T16:13:58.399017-04:00,node-01,orders-api,500,True,normal,market_aware_v1,67.542,55.495,210.421,31.373,0.972,114.13,76.777,2.532
c4c45995-da8a-4b10-8015-b4be944a1e32,2026-04-19T16:13:58.433694-04:00,node-01,checkout-api,429,True,normal,market_aware_v1,66.918,57.87,230.428,31.753,1.031,108.883,56.6,2.645
72618f90-30e9-4bc8-b321-57e9dfac91fa,2026-04-19T16:13:58.458887-04:00,node-01,payments-api,429,True,normal,market_aware_v1,64.966,58.861,250.237,28.516,0.952,115.924,44.977,2.736
93b00285-f587-439b-be30-7c2a22cb0af3,2026-04-19T16:13:58.490637-04:00,node-01,orders-api,429,True,normal,market_aware_v1,71.94,51.794,215.657,33.773,0.98,111.334,77.323,2.625
e1797580-dc44-4f60-b889-83a51af6894f,2026-04-19T16:13:58.508009-04:00,node-01,checkout-api,503,True,anomalous,market_aware_v1,73.111,60.199,232.576,29.876,1.157,120.147,49.602,3.056
bf2511b2-7282-4dd3-90c9-a15f8751be71,2026-04-19T16:13:58.547748-04:00,node-01,payments-api,429,True,normal,market_aware_v1,64.571,61.118,233.027,28.041,0.989,112.812,43.418,2.77
98cad8ce-2da1-4fd2-89fa-68541ecf724c,2026-04-19T16:13:58.565186-04:00,node-01,orders-api,503,True,anomalous,market_aware_v1,76.683,58.457,223.57,35.72,1.27,119.465,74.133,3.16
e917a24b-7edb-47a4-947d-90af8ad9a96d,2026-04-19T16:13:58.590947-04:00,node-01,checkout-api,500,True,normal,market_aware_v1,69.241,59.882,232.934,31.21,1.059,109.424,59.066,2.676
45419304-edb0-4e28-ab8c-699eab301907,2026-04-19T16:13:58.612586-04:00,node-01,payments-api,502,True,normal,market_aware_v1,65.056,60.74,238.048,28.235,1.062,112.587,42.643,2.81
2c9ba843-bf1d-4c35-b72a-409054662edc,2026-04-19T16:13:58.636049-04:00,node-01,orders-api,429,True,normal,market_aware_v1,70.486,53.096,213.695,33.786,0.995,114.329,74.454,2.629
c913018a-d017-4721-b609-7c8276aeca53,2026-04-19T16:13:58.666718-04:00,node-01,checkout-api,503,True,normal,market_aware_v1,68.277,58.86,217.015,30.965,1.023,109.134,62.182,2.593
e89195de-0bd9-4d6e-a982-8f063f99d35f,2026-04-19T16:13:58.691926-04:00,node-01,payments-api,429,True,normal,market_aware_v1,66.447,58.935,243.193,28.96,0.965,108.709,42.65,2.772
adaff179-3f0b-4026-88df-8c371d4ebc88,2026-04-19T16:13:58.707782-04:00,node-01,orders-api,503,True,normal,market_aware_v1,70.752,53.491,219.109,29.595,0.99,110.099,81.528,2.585
d1793a91-de06-436a-a0ae-1ab296b5cabb,2026-04-19T16:13:58.759539-04:00,node-01,checkout-api,500,True,normal,market_aware_v1,68.843,56.401,230.707,32.286,1.094,115.292,54.151,2.845
e431b050-84fa-421e-b913-aeef94151f7c,2026-04-19T16:13:58.791942-04:00,node-01,payments-api,502,True,normal,market_aware_v1,65.515,54.321,246.247,28.217,1.066,119.946,40.281,3.003
8cccdd78-e8ea-448c-a246-6411276063da,2026-04-19T16:13:58.809129-04:00,node-01,orders-api,500,True,normal,market_aware_v1,71.904,53.748,217.227,30.893,0.825,103.991,77.317,2.237
b457a51d-a653-4162-ace7-0bd7d0eeb357,2026-04-19T16:13:58.848811-04:00,node-01,checkout-api,503,True,normal,market_aware_v1,65.794,55.287,232.38,29.08,1.019,109.485,56.641,2.656
4c09a943-1d2a-41b8-8bbf-3bb5c3721ec7,2026-04-19T16:13:58.880827-04:00,node-01,payments-api,503,True,normal,market_aware_v1,61.947,58.116,245.713,25.056,1.186,119.408,32.739,2.929
36172811-f83e-43ea-9163-98af1e624362,2026-04-19T16:13:58.903955-04:00,node-01,orders-api,500,True,normal,market_aware_v1,66.113,49.293,212.874,30.892,0.871,112.247,67.414,2.476
216d2ea8-66b1-4a83-b937-1eb5b059bde9,2026-04-19T16:13:58.927907-04:00,node-01,checkout-api,503,True,normal,market_aware_v1,64.725,53.627,232.169,29.788,1.127,110.489,47.284,2.684
35e1669d-cb22-4dde-ac84-a3fb4865f6af,2026-04-19T16:13:58.981438-04:00,node-01,payments-api,429,True,normal,market_aware_v1,57.618,53.523,220.607,24.309,0.949,106.962,40.454,2.485
104fa2b2-d17c-41f0-9729-98d11d6bdef2,2026-04-19T16:13:59.018277-04:00,node-01,orders-api,500,True,normal,market_aware_v1,62.601,51.488,229.72,26.727,0.966,113.837,61.992,2.64
ca8a913d-a8b7-4bf3-9fe8-ec31ae8a5745,2026-04-19T16:13:59.051752-04:00,node-01,checkout-api,500,True,normal,market_aware_v1,61.957,52.411,237.988,27.972,1.101,113.24,45.978,2.796
65949dd0-e0df-4c34-994a-c24318a3d889,2026-04-19T16:13:59.079047-04:00,node-01,payments-api,503,True,normal,market_aware_v1,59.661,50.623,232.132,27.141,0.996,113.042,33.295,2.672
0cfd2237-3d95-4360-bc02-8b01e118a0a3,2026-04-19T16:13:59.106816-04:00,node-01,orders-api,502,True,normal,market_aware_v1,63.381,51.638,196.573,30.397,0.858,106.543,66.789,2.421
09e63c6a-b46f-44eb-bfca-45df4f21cbe3,2026-04-19T16:13:59.133687-04:00,node-01,checkout-api,502,True,normal,market_aware_v1,60.718,52.551,232.736,27.814,1.048,112.389,38.053,2.807
8365bfc5-2762-4b84-98ae-fef67c8e28ec,2026-04-19T16:13:59.162463-04:00,node-01,payments-api,502,True,normal,market_aware_v1,60.5,51.712,232.312,24.986,0.947,110.427,28.002,2.634
73892dd2-3f0e-41c8-ac22-6c84197d040e,2026-04-19T16:13:59.189314-04:00,node-01,orders-api,503,True,anomalous,market_aware_v1,67.181,51.084,223.728,32.085,1.228,111.061,57.015,2.808
34ff6f6e-d15e-46a8-b1e9-02fcc60d0e8f,2026-04-19T16:13:59.217272-04:00,node-01,checkout-api,500,True,normal,market_aware_v1,56.602,54.127,217.32,28.66,1.093,103.354,44.065,2.545
42e25f01-8006-40df-a27f-d9bd870865dd,2026-04-19T16:13:59.243816-04:00,node-01,payments-api,500,True,normal,market_aware_v1,52.425,52.861,224.474,21.45,0.961,106.958,36.925,2.564
509385e1-0e14-4749-bda7-0d3fb481cc54,2026-04-19T16:13:59.264175-04:00,node-01,orders-api,502,True,normal,market_aware_v1,61.123,49.01,217.062,28.798,0.84,109.351,65.271,2.594
0a31ac10-0032-4316-a2a1-0b1558d40da9,2026-04-19T16:13:59.295853-04:00,node-01,checkout-api,503,True,normal,market_aware_v1,61.213,50.95,233.65,29.334,1.168,118.593,38.079,2.976
c147e309-007c-4ff1-981e-ad9ff8cd1267,2026-04-19T16:13:59.329387-04:00,node-01,payments-api,502,True,normal,market_aware_v1,54.351,56.865,235.008,24.747,1.018,114.513,30.321,2.846
f744f713-4168-4fed-8958-9a86b9a70903,2026-04-19T16:13:59.352813-04:00,node-01,orders-api,429,True,normal,market_aware_v1,61.393,50.664,224.619,28.894,0.913,109.555,64.804,2.556
7bbca576-f3b5-4e88-808e-bdad97984f11,2026-04-19T16:13:59.371442-04:00,node-01,checkout-api,500,True,normal,market_aware_v1,57.443,54.221,238.229,27.653,1.22,119.178,40.786,3.117
cdd8c059-0326-47f5-9599-8ab9cc814478,2026-04-19T16:13:59.394114-04:00,node-01,payments-api,500,True,anomalous,market_aware_v1,58.997,56.637,248.805,23.453,1.091,122.359,29.489,3.11
054d297c-20c4-4453-bae5-7a3f598fc8d2,2026-04-19T16:13:59.416852-04:00,node-01,orders-api,503,True,normal,market_aware_v1,67.965,50.611,217.577,31.438,0.903,107.213,66.353,2.504
9f1deb86-b0dd-49ef-beb5-64734d3c7ec6,2026-04-19T16:13:59.438788-04:00,node-01,checkout-api,502,True,normal,market_aware_v1,65.475,55.506,230.529,27.706,1.141,115.17,49.468,2.944
bf5ffe59-0973-45e3-9e42-fcda76ad82ba,2026-04-19T16:13:59.460882-04:00,node-01,payments-api,500,True,anomalous,market_aware_v1,61.219,56.699,256.153,29.253,1.309,124.476,30.126,3.497
d060fb9d-20f0-410f-9f1a-2bec19bbde03,2026-04-19T16:13:59.499500-04:00,node-01,orders-api,429,True,normal,market_aware_v1,67.576,52.136,218.492,31.28,0.946,111.169,68.649,2.674
805fbb82-ad9a-4e12-ada8-f441f120b760,2026-04-19T16:13:59.520260-04:00,node-01,checkout-api,429,True,anomalous,market_aware_v1,71.26,60.032,236.114,31.898,1.398,112.81,39.984,3.22
25fd92f6-1f73-4fbc-bf2e-2af6d3ea654f,2026-04-19T16:13:59.551221-04:00,node-01,payments-api,429,True,normal,market_aware_v1,60.797,58.298,239.918,27.653,1.056,117.15,32.001,2.861
a210816c-1266-4d8a-9cf0-fc02edd06af9,2026-04-19T16:13:59.573144-04:00,node-01,orders-api,503,True,normal,market_aware_v1,69.369,52.257,221.411,32.376,0.989,113.351,72.484,2.707
92dadc66-c314-4c8f-9f63-d156f6c5fca8,2026-04-19T16:13:59.594762-04:00,node-01,checkout-api,500,True,anomalous,market_aware_v1,70.575,57.666,238.888,31.501,1.395,116.61,48.862,3.285
2a63d912-eed0-4d8c-8062-a62d1e1552ff,2026-04-19T16:13:59.635294-04:00,node-01,payments-api,500,True,anomalous,market_aware_v1,64.928,59.841,251.884,26.594,1.129,123.894,39.105,3.133
ee830172-e595-4a2f-b25f-d96e67fb63d9,2026-04-19T16:13:59.658976-04:00,node-01,orders-api,429,True,normal,market_aware_v1,71.953,52.495,204.67,31.189,0.854,107.18,77.713,2.478
38f75777-80e6-42e0-80bb-7b6782a64293,2026-04-19T16:13:59.682301-04:00,node-01,checkout-api,500,True,normal,market_aware_v1,65.682,55.467,236.138,32.113,1.171,119.984,48.339,3.063
c80233c4-1b2e-4cf6-9cea-6eac0871b624,2026-04-19T16:13:59.707515-04:00,node-01,payments-api,429,True,anomalous,market_aware_v1,65.661,58.557,241.179,27.717,1.081,121.538,37.683,2.882
60497e35-5fad-4c68-bf80-01d5ab0eecaf,2026-04-19T16:13:59.743713-04:00,node-01,orders-api,500,True,normal,market_aware_v1,68.967,56.741,227.297,31.603,0.975,117.017,69.642,2.77
01dc9756-7ad5-4986-bea6-771364d3bcdf,2026-04-19T16:13:59.785417-04:00,node-01,checkout-api,502,True,normal,market_aware_v1,64.495,56.831,224.203,26.724,1.085,108.847,53.83,2.76
b2205bd7-f883-489d-8559-d73ee4f42a00,2026-04-19T16:13:59.819522-04:00,node-01,payments-api,502,True,normal,market_aware_v1,63.809,57.963,234.01,29.241,1.02,114.224,38.751,2.754
dcf47d6a-b9d3-4688-9949-79360be4fb99,2026-04-19T16:13:59.842354-04:00,node-01,orders-api,503,True,normal,market_aware_v1,70.984,53.699,209.753,31.595,0.784,106.333,75.41,2.294
bc730755-471b-4118-ba0c-940f7cd9e5f0,2026-04-19T16:13:59.865378-04:00,node-01,checkout-api,500,True,anomalous,market_aware_v1,71.413,56.947,253.771,28.551,1.517,126.77,47.716,3.61
84530456-1f1a-4152-8e63-989a1b2e3e0c,2026-04-19T16:13:59.887179-04:00,node-01,payments-api,503,True,normal,market_aware_v1,63.323,59.542,232.517,27.108,0.937,111.695,41.249,2.624
91734a4a-8ab9-42b1-a5b3-e8b0a4be9735,2026-04-19T16:13:59.909842-04:00,node-01,orders-api,502,True,normal,market_aware_v1,69.62,52.741,221.176,32.679,0.898,106.86,70.913,2.357
476e2848-b1b2-491a-ac54-e71ce71d8d04,2026-04-19T16:13:59.931744-04:00,node-01,checkout-api,500,True,normal,market_aware_v1,67.348,52.919,233.914,28.646,1.085,110.253,44.721,2.702
cfc03c91-8aa4-4e2f-979c-4ca3109ec5dd,2026-04-19T16:13:59.958842-04:00,node-01,payments-api,429,True,normal,market_aware_v1,61.291,53.707,243.639,27.275,1.117,117.534,37.801,3.027
55bcc592-0ebc-4745-b4c6-141e84302b96,2026-04-19T16:13:59.988560-04:00,node-01,orders-api,429,True,normal,market_aware_v1,66.561,49.903,218.125,31.346,1.002,114.425,73.953,2.758
b70cbb14-37ac-4c76-aed6-222c7e112276,2026-04-19T16:14:00.011436-04:00,node-01,checkout-api,503,True,normal,market_aware_v1,67.925,52.006,229.632,31.448,1.139,110.22,44.579,2.883
f08cfdbb-e202-453f-a52b-ef9282ae2467,2026-04-19T16:14:00.033705-04:00,node-01,payments-api,503,True,normal,market_aware_v1,57.812,58.029,233.855,22.148,0.999,107.315,33.206,2.75
52a9a20b-3c3c-4a27-96aa-7f36c4b1f9e6,2026-04-19T16:14:00.064326-04:00,node-01,orders-api,502,True,normal,market_aware_v1,61.455,47.24,215.312,29.933,0.841,105.274,70.611,2.362
6bf7126f-15f1-4681-b66f-7854526ba4a1,2026-04-19T16:14:00.100689-04:00,node-01,checkout-api,503,True,normal,market_aware_v1,60.997,52.51,240.779,28.087,1.135,109.766,50.202,2.826
5c3809de-592c-48e0-820e-c8752fbd293c,2026-04-19T16:14:00.123600-04:00,node-01,payments-api,429,True,normal,market_aware_v1,63.869,59.164,240.086,25.035,0.989,111.652,36.45,2.714
d842cc81-e6f1-46b9-b733-c5cd074da922,2026-04-19T16:14:00.155421-04:00,node-01,orders-api,429,True,normal,market_aware_v1,65.268,51.802,212.63,33.293,0.947,109.518,64.151,2.644
343ca12a-aa68-464f-8f12-b5018eae4c37,2026-04-19T16:14:00.178064-04:00,node-01,checkout-api,429,True,normal,market_aware_v1,65.261,49.456,241.806,26.971,1.14,115.451,46.446,3.026
87a51846-41fe-40d0-8ba1-99515302b380,2026-04-19T16:14:00.209758-04:00,node-01,payments-api,502,True,normal,market_aware_v1,57.99,55.853,252.348,25.775,1.162,115.532,28.839,2.922
587221d8-2537-442f-8999-a468e794e4b2,2026-04-19T16:14:00.231339-04:00,node-01,orders-api,503,True,normal,market_aware_v1,65.636,51.321,206.856,29.051,0.89,108.748,69.94,2.479
6ee2a943-72ad-4978-8331-f03b3ac38c3d,2026-04-19T16:14:00.263974-04:00,node-01,checkout-api,502,True,normal,market_aware_v1,64.482,52.572,233.177,25.38,1.162,113.807,44.642,2.838
228e753a-2cb6-4383-8069-e073f5859e9a,2026-04-19T16:14:00.287125-04:00,node-01,payments-api,502,True,normal,market_aware_v1,56.949,56.261,246.466,23.928,1.08,117.762,33.84,2.901
457335df-8751-44cc-b279-c3f3b285a0ad,2026-04-19T16:14:00.308017-04:00,node-01,orders-api,429,True,normal,market_aware_v1,67.678,52.004,208.402,30.801,0.839,106.654,67.195,2.346
e1d95e99-cb31-4458-8913-9a65eb3053c5,2026-04-19T16:14:00.331877-04:00,node-01,checkout-api,500,True,normal,market_aware_v1,71.077,52.7,234.452,26.949,1.142,114.72,45.74,2.878
c66be483-2993-4ad3-9a6c-def965f19d29,2026-04-19T16:14:00.376069-04:00,node-01,payments-api,503,True,anomalous,market_aware_v1,65.283,57.501,254.456,23.608,1.049,120.244,33.596,3.023
4afb0d7c-1592-415c-bb32-4d2b8da34122,2026-04-19T16:14:00.399974-04:00,node-01,orders-api,500,True,normal,market_aware_v1,64.953,52.963,213.61,32.079,0.903,110.732,72.234,2.75
d27da73a-d2e3-48ac-8d44-acad68771c73,2026-04-19T16:14:00.421097-04:00,node-01,checkout-api,500,True,normal,market_aware_v1,65.8,58.14,222.259,26.822,1.08,107.691,54.306,2.686
c57ee44d-06d0-44b5-93e7-d4fa7c633899,2026-04-19T16:14:00.444560-04:00,node-01,payments-api,429,True,normal,market_aware_v1,62.961,59.83,250.892,26.543,1.105,118.672,37.132,2.947
bea86ec4-1a77-45dc-b5cf-832788e18f15,2026-04-19T16:14:00.466193-04:00,node-01,orders-api,500,True,normal,market_aware_v1,68.647,51.433,216.94,32.264,1.012,116.628,81.121,2.768
2ad3bd04-4a93-4dcd-bb3d-804ad8a748c8,2026-04-19T16:14:00.487294-04:00,node-01,checkout-api,503,True,normal,market_aware_v1,67.127,56.458,237.309,30.256,1.077,114.892,56.25,2.858
5da5560d-4ee4-40fc-9a77-498af1091664,2026-04-19T16:14:00.510140-04:00,node-01,payments-api,503,True,normal,market_aware_v1,64.17,62.496,240.166,26.743,0.942,113.802,36.546,2.704
c6e5bbe7-bf86-4d90-b2e9-1ab82d9f7d23,2026-04-19T16:14:00.532561-04:00,node-01,orders-api,500,True,normal,market_aware_v1,70.146,50.615,211.61,32.351,1.018,114.651,78.076,2.789
f0e6793b-edcd-4aff-ba27-fb68893b5709,2026-04-19T16:14:00.556585-04:00,node-01,checkout-api,429,True,anomalous,market_aware_v1,73.156,64.012,244.471,32.285,1.439,117.739,52.893,3.42
17af89b3-f9bb-4164-bcd3-0e8ad33968a2,2026-04-19T16:14:00.588551-04:00,node-01,payments-api,503,True,normal,market_aware_v1,67.612,58.733,248.102,26.953,1.062,119.297,42.457,3.06
90f7b5dd-91d8-4344-8d59-2a6a00eb4114,2026-04-19T16:14:00.623226-04:00,node-01,orders-api,500,True,normal,market_aware_v1,70.833,55.735,214.733,32.271,0.881,109.228,77.875,2.525
3d7805af-f79e-434f-9e4a-a5f52a7c7835,2026-04-19T16:14:00.645487-04:00,node-01,checkout-api,429,True,normal,market_aware_v1,74.238,56.318,248.35,30.882,1.205,116.463,57.369,3.09
101006c1-5e17-4cb6-8436-bfbadcc64d05,2026-04-19T16:14:00.666727-04:00,node-01,payments-api,500,True,anomalous,market_aware_v1,71.013,62.183,267.236,26.813,1.251,123.593,39.805,3.243
760fd43c-03d4-45db-b9e1-10e68fc5d2a3,2026-04-19T16:14:00.688936-04:00,node-01,orders-api,502,True,anomalous,market_aware_v1,78.97,55.147,233.255,34.075,1.021,122.151,74.405,2.929
29e5f8f7-41fb-47a2-b47b-6f8ad7b61b88,2026-04-19T16:14:00.711086-04:00,node-01,checkout-api,500,True,anomalous,market_aware_v1,72.911,59.856,251.548,31.302,1.428,115.651,51.015,3.408
76dc858a-38bd-4b86-b429-6d2d72024e27,2026-04-19T16:14:00.733327-04:00,node-01,payments-api,429,True,anomalous,market_aware_v1,62.078,60.478,244.042,30.769,1.126,120.854,47.584,2.96
31f70940-dce4-48f1-89aa-bb4b2c7cc78a,2026-04-19T16:14:00.756502-04:00,node-01,orders-api,500,True,anomalous,market_aware_v1,71.723,57.646,226.003,34.334,1.331,113.877,75.179,3.17
565b13ad-676b-4860-9278-2b8c8f5a03eb,2026-04-19T16:14:00.779037-04:00,node-01,checkout-api,503,True,anomalous,market_aware_v1,68.677,54.936,257.962,32.911,1.213,123.144,49.803,3.14
85c4ee11-74ac-4fad-8fea-9cbcafabe4bf,2026-04-19T16:14:00.800961-04:00,node-01,payments-api,429,True,normal,market_aware_v1,64.237,57.508,251.843,28.399,1.13,116.743,37.455,3.039
d91645c6-dc34-4b36-a6fe-7b65252da118,2026-04-19T16:14:00.822720-04:00,node-01,orders-api,502,True,normal,market_aware_v1,71.935,54.682,235.593,32.06,0.937,113.124,67.586,2.583
516514f8-e334-4912-91b3-9f600d4ec3a8,2026-04-19T16:14:00.846547-04:00,node-01,checkout-api,500,True,normal,market_aware_v1,68.548,56.549,244.851,29.388,1.072,114.713,42.642,2.843
332c65f4-a94f-4333-a713-2294a077b335,2026-04-19T16:14:00.867609-04:00,node-01,payments-api,500,True,normal,market_aware_v1,63.503,58.127,253.507,25.466,1.098,116.845,39.312,2.974
71c5359b-1d05-4228-9126-1c56ec21e40d,2026-04-19T16:14:00.889751-04:00,node-01,orders-api,502,True,normal,market_aware_v1,69.513,50.423,225.782,29.887,0.916,109.107,70.84,2.365
2872e0ef-ebca-46e2-be92-e460eb4339cf,2026-04-19T16:14:00.924823-04:00,node-01,checkout-api,503,True,normal,market_aware_v1,63.233,58.303,223.534,26.881,1.036,110.15,49.444,2.665
5a0189fa-e6e3-45ea-b980-3d646f02eb1b,2026-04-19T16:14:00.956584-04:00,node-01,payments-api,502,True,normal,market_aware_v1,62.199,53.751,246.478,23.765,1.044,114.103,38.567,2.948
29de152e-7d7e-4785-a5a7-676a26979568,2026-04-19T16:14:00.971728-04:00,node-01,orders-api,500,True,normal,market_aware_v1,64.386,51.689,223.449,32.809,0.955,114.238,67.671,2.818
746ea535-9480-4c95-96b4-c8b116c457f8,2026-04-19T16:14:01.002438-04:00,node-01,checkout-api,502,True,normal,market_aware_v1,63.501,53.299,234.737,27.457,1.001,111.42,43.567,2.61
0edaf14b-a926-4bf8-aacf-dd1a3f6bc1ed,2026-04-19T16:14:01.023115-04:00,node-01,payments-api,502,True,normal,market_aware_v1,62.394,54.002,250.901,26.023,1.147,116.459,28.647,2.97
51734e4c-4bbf-412c-848d-67db1ef09f3d,2026-04-19T16:14:01.045335-04:00,node-01,orders-api,503,True,anomalous,market_aware_v1,67.382,57.124,237.775,30.637,1.297,121.666,56.771,3.224
ba5b1dd7-3eea-47db-a496-5856bb45bbab,2026-04-19T16:14:01.068952-04:00,node-01,checkout-api,500,True,normal,market_aware_v1,53.04,53.77,198.337,26.246,0.96,100.663,48.769,2.377
52dab855-953b-4c08-a350-db7a4f7af957,2026-04-19T16:14:01.091176-04:00,node-01,payments-api,500,True,normal,market_aware_v1,59.183,52.567,224.972,25.769,1.011,109.907,29.336,2.661
3df72e5b-f447-4fd0-94d7-884d6e6cb73f,2026-04-19T16:14:01.113139-04:00,node-01,orders-api,503,True,normal,market_aware_v1,57.607,47.657,194.934,28.87,0.854,102.88,66.068,2.281
8fde0429-1e1a-488a-8cba-e155ff34db24,2026-04-19T16:14:01.146369-04:00,node-01,checkout-api,503,True,normal,market_aware_v1,59.654,52.759,214.382,28.438,0.997,101.132,46.339,2.557
fb94858e-015e-4aa5-828a-e7d05902cb76,2026-04-19T16:14:01.180211-04:00,node-01,payments-api,429,True,normal,market_aware_v1,58.4,53.158,237.208,25.779,1.043,113.56,34.077,2.756
e680cb46-6804-4807-bc9c-e5392ba510b0,2026-04-19T16:14:01.202595-04:00,node-01,orders-api,503,True,normal,market_aware_v1,63.33,50.644,201.024,28.402,0.875,108.914,65.119,2.483
a8129562-451c-45f3-803f-92809e0ca06f,2026-04-19T16:14:01.226741-04:00,node-01,checkout-api,502,True,normal,market_aware_v1,58.447,51.519,207.997,26.988,1.01,102.783,43.571,2.502
16ea1ba4-747a-42c1-82f1-0cce3f7e735e,2026-04-19T16:14:01.249587-04:00,node-01,payments-api,502,True,normal,market_aware_v1,59.56,54.998,226.048,25.349,1.13,113.436,25.845,2.867
00ae23b7-d557-4ae1-9c09-4d761bd33842,2026-04-19T16:14:01.280587-04:00,node-01,orders-api,503,True,normal,market_aware_v1,65.425,50.181,218.756,30.158,0.942,114.182,64.262,2.753
e7800e66-6c4c-47c9-9ab1-406a7bedcfb1,2026-04-19T16:14:01.316706-04:00,node-01,checkout-api,500,True,normal,market_aware_v1,59.189,52.135,227.1,26.594,1.09,112.601,45.094,2.707
b3a916bf-93ac-4a44-8dac-b92acb5a6890,2026-04-19T16:14:01.337339-04:00,node-01,payments-api,500,True,normal,market_aware_v1,58.156,56.477,236.077,24.484,0.985,110.052,27.58,2.631
1f538ab6-91b6-47f5-86d6-7221400af215,2026-04-19T16:14:01.360527-04:00,node-01,orders-api,500,True,anomalous,market_aware_v1,69.613,48.772,236.822,31.597,1.31,115.822,60.691,3.168
4beb5cdd-3ba8-483d-9dc8-d769c8f729fa,2026-04-19T16:14:01.383480-04:00,node-01,checkout-api,503,True,normal,market_aware_v1,64.854,54.026,226.545,28.953,1.014,105.897,54.629,2.694
a7c64296-a8d8-41a5-b432-d89a112a5dcd,2026-04-19T16:14:01.414827-04:00,node-01,payments-api,429,True,normal,market_aware_v1,59.573,58.955,243.763,27.307,1.021,113.286,32.255,2.718
d176fcec-b900-46d0-a0b6-e1698c4698c4,2026-04-19T16:14:01.466414-04:00,node-01,orders-api,429,True,normal,market_aware_v1,71.098,52.049,231.15,31.629,1.039,119.766,68.158,2.819
fa29d0b5-3c8c-40b3-a83d-c58837980307,2026-04-19T16:14:01.492370-04:00,node-01,checkout-api,429,True,normal,market_aware_v1,65.512,55.695,227.897,26.813,1.043,107.07,50.776,2.7
a521b011-1583-45ec-8239-3958978d7c73,2026-04-19T16:14:01.509523-04:00,node-01,payments-api,502,True,normal,market_aware_v1,64.177,57.3,253.307,25.504,0.949,113.359,34.582,2.66
455dce33-95bc-4920-a799-b020c5dc51d2,2026-04-19T16:14:01.537886-04:00,node-01,orders-api,502,True,normal,market_aware_v1,67.672,53.498,209.853,31.631,0.874,100.002,79.151,2.275
285b8c49-c5e4-4919-8ea3-775a303cc7a7,2026-04-19T16:14:01.560279-04:00,node-01,checkout-api,503,True,normal,market_aware_v1,73.28,57.921,255.093,31.25,1.187,119.467,48.548,3.044
496c1221-2927-4abf-b720-8f34f2d1a255,2026-04-19T16:14:01.582263-04:00,node-01,payments-api,500,True,normal,market_aware_v1,60.419,59.211,245.243,28.386,1.132,119.326,40.247,3.062
1f02e55a-b13d-4a23-8c57-81cbbe07b041,2026-04-19T16:14:01.603686-04:00,node-01,orders-api,500,True,normal,market_aware_v1,71.028,53.988,225.166,31.626,0.99,117.216,71.904,2.649
507eb8ac-6a89-4267-92d5-229b391edce4,2026-04-19T16:14:01.627500-04:00,node-01,checkout-api,502,True,anomalous,market_aware_v1,70.229,59.123,247.613,30.363,1.518,121.753,44.0,3.433
ec3f3f8a-a24b-4026-8a33-1cadb83f153c,2026-04-19T16:14:01.648866-04:00,node-01,payments-api,503,True,normal,market_aware_v1,64.405,59.568,244.618,27.672,1.078,115.318,37.413,2.845
eca6add7-f775-4d91-8ed0-edd87ac64b50,2026-04-19T16:14:01.672040-04:00,node-01,orders-api,429,True,normal,market_aware_v1,70.906,52.825,225.952,32.044,0.908,114.344,72.859,2.631
aacd2053-e7bf-4278-ba8c-9a4d3f7c6452,2026-04-19T16:14:01.704422-04:00,node-01,checkout-api,503,True,anomalous,market_aware_v1,68.245,55.137,253.162,30.094,1.184,123.127,44.366,3.232
71ed85db-699d-4c37-838d-d573d76ef10a,2026-04-19T16:14:01.722072-04:00,node-01,payments-api,503,True,normal,market_aware_v1,63.865,54.476,244.833,25.209,1.055,111.399,43.359,2.734
2b208164-1e6f-4058-8a72-016681c66ba7,2026-04-19T16:14:01.749850-04:00,node-01,orders-api,503,True,normal,market_aware_v1,67.425,52.863,228.268,30.846,0.935,109.289,81.504,2.463
11b82edc-a55d-4c0e-b4d2-e48e40f61763,2026-04-19T16:14:01.772307-04:00,node-01,checkout-api,500,True,anomalous,market_aware_v1,72.982,56.452,258.261,32.216,1.507,126.051,38.356,3.642
17210958-45ff-4ad6-96d7-3aada3582caa,2026-04-19T16:14:01.795993-04:00,node-01,payments-api,502,True,normal,market_aware_v1,62.5,58.89,249.63,24.233,1.059,115.63,33.213,2.954
c3e505c6-98f7-4cbb-a2ee-730247ad9704,2026-04-19T16:14:01.816649-04:00,node-01,orders-api,500,True,anomalous,market_aware_v1,69.512,54.066,233.272,34.058,1.259,120.333,62.45,3.23
89a12684-caf2-41b2-88d9-3485a7a67d91,2026-04-19T16:14:01.839658-04:00,node-01,checkout-api,502,True,normal,market_aware_v1,65.951,55.606,224.301,27.997,1.025,109.173,48.388,2.775
faa33749-713a-4d88-8272-e1d29163c33e,2026-04-19T16:14:01.860684-04:00,node-01,payments-api,502,True,normal,market_aware_v1,62.811,58.387,243.446,24.643,1.081,115.603,32.052,2.965
cfeb118d-dd21-4ee5-acc1-7b549cee6d9f,2026-04-19T16:14:01.894149-04:00,node-01,orders-api,503,True,normal,market_aware_v1,69.661,54.005,220.419,28.364,0.855,107.081,73.707,2.465
062b494a-5b73-4e29-aea8-ba9794f2d8d8,2026-04-19T16:14:01.910754-04:00,node-01,checkout-api,503,True,normal,market_aware_v1,67.987,53.082,246.476,28.749,1.134,114.65,41.401,2.833
59b58384-e205-4580-9e8d-330bd7b50890,2026-04-19T16:14:01.939316-04:00,node-01,payments-api,502,True,normal,market_aware_v1,63.819,54.903,245.714,26.459,0.997,112.77,27.145,2.693
9e01cc02-d771-45b2-8f6c-eb992536239c,2026-04-19T16:14:01.961339-04:00,node-01,orders-api,503,True,normal,market_aware_v1,66.121,51.5,232.396,31.565,0.914,114.93,66.06,2.689
b77418db-4750-42d0-bee9-accd5dbaf67e,2026-04-19T16:14:01.983666-04:00,node-01,checkout-api,502,True,anomalous,market_aware_v1,65.455,55.961,246.107,26.738,1.225,123.287,35.967,3.215
6a94ea4d-499e-407f-9a8b-8f413f092a3a,2026-04-19T16:14:02.005932-04:00,node-01,payments-api,502,True,anomalous,market_aware_v1,62.784,55.547,252.66,23.688,1.173,122.492,26.413,3.088
9f57b15d-d5d7-4813-a36c-8ac741948aa1,2026-04-19T16:14:02.021087-04:00,node-01,orders-api,500,True,normal,market_aware_v1,67.318,52.406,227.683,30.508,1.002,119.329,68.079,2.837
89638c71-436a-466f-a3a1-d45dae195d50,2026-04-19T16:14:02.039247-04:00,node-01,checkout-api,429,True,normal,market_aware_v1,62.322,52.496,217.779,29.371,1.034,111.202,45.002,2.732
4c019805-b43a-4ae0-8707-df97ef156cd5,2026-04-19T16:14:02.061289-04:00,node-01,payments-api,503,True,normal,market_aware_v1,62.524,54.095,244.81,23.99,1.065,115.909,38.624,2.801
10a7f457-eff3-45a1-8b93-ce1abf641271,2026-04-19T16:14:02.096419-04:00,node-01,orders-api,500,True,normal,market_aware_v1,66.956,50.31,219.046,30.987,0.931,110.201,66.378,2.527
4c95c937-6dad-435c-b211-135f1b9ad2e9,2026-04-19T16:14:02.117451-04:00,node-01,checkout-api,429,True,normal,market_aware_v1,62.766,52.528,233.397,29.132,1.13,113.283,43.889,2.856
c49d4d36-43d6-401d-8fba-db20556dcd25,2026-04-19T16:14:02.140793-04:00,node-01,payments-api,429,True,normal,market_aware_v1,63.023,56.213,233.3,25.913,1.046,114.482,35.084,2.754
df22571a-6ce8-4690-8478-28e7c748f4ad,2026-04-19T16:14:02.161672-04:00,node-01,orders-api,502,True,normal,market_aware_v1,65.842,49.118,208.719,31.447,0.906,115.047,65.817,2.67
50057ff5-d50c-458a-94d8-27b5773f4d78,2026-04-19T16:14:02.183785-04:00,node-01,checkout-api,502,True,anomalous,market_aware_v1,70.096,56.231,245.786,31.113,1.486,122.957,40.222,3.394
c6e3327c-171e-4e34-80dc-e21e306d65b8,2026-04-19T16:14:02.206056-04:00,node-01,payments-api,502,True,anomalous,market_aware_v1,64.58,57.393,244.357,28.586,1.088,120.392,34.851,3.04
145548be-9f53-4b73-b393-4418dbd4c9c7,2026-04-19T16:14:02.230201-04:00,node-01,orders-api,500,True,normal,market_aware_v1,70.016,52.083,214.57,30.982,0.873,110.611,76.376,2.53
7bf98169-2132-4b23-b70e-0051c9bff537,2026-04-19T16:14:02.263136-04:00,node-01,checkout-api,500,True,normal,market_aware_v1,67.636,55.64,222.913,29.038,1.07,111.627,51.392,2.762
e4a86a1a-2ae4-433a-b922-57ba92adf6b8,2026-04-19T16:14:02.295343-04:00,node-01,payments-api,503,True,anomalous,market_aware_v1,62.698,57.982,252.91,25.485,1.156,124.026,35.492,3.143
357dcada-ec85-49fd-ade9-e66776bbf6e5,2026-04-19T16:14:02.318521-04:00,node-01,orders-api,503,True,normal,market_aware_v1,68.924,56.582,213.704,31.986,0.915,111.294,75.732,2.484
8866843c-bbad-4aa1-937f-ac457add8fa0,2026-04-19T16:14:02.341533-04:00,node-01,checkout-api,503,True,normal,market_aware_v1,67.528,60.131,240.099,28.483,1.029,114.084,51.68,2.751
b2f1d09b-69df-4811-913b-4c0eee4e0077,2026-04-19T16:14:02.363823-04:00,node-01,payments-api,429,True,anomalous,market_aware_v1,64.419,59.615,259.7,25.584,1.199,124.625,35.848,3.079
c8d0c9e3-d257-422d-ae43-0f161626a673,2026-04-19T16:14:02.387979-04:00,node-01,orders-api,429,True,normal,market_aware_v1,71.736,51.339,206.893,32.729,0.866,111.158,77.982,2.488
c48dd9bb-86d4-4395-bd50-6b7d455cc578,2026-04-19T16:14:02.407169-04:00,node-01,checkout-api,502,True,normal,market_aware_v1,72.696,57.781,245.189,31.398,1.122,116.268,54.589,2.904
fdffe67c-9cd0-44fd-b202-6fa3cf906b4b,2026-04-19T16:14:02.431364-04:00,node-01,payments-api,502,True,anomalous,market_aware_v1,70.53,59.783,259.349,26.661,1.162,125.344,41.509,3.126
26e24e75-e9eb-4af8-9a95-359025c45b20,2026-04-19T16:14:02.451974-04:00,node-01,orders-api,429,True,normal,market_aware_v1,72.699,54.706,234.377,33.621,1.04,116.999,78.733,2.791
ce2c9ada-ae78-44d3-9e64-f8ac8c57d420,2026-04-19T16:14:02.475974-04:00,node-01,checkout-api,429,True,anomalous,market_aware_v1,74.944,63.498,260.247,33.927,1.521,123.417,43.256,3.446
3723bbe8-3353-45f7-9e0e-c4e9d40cc388,2026-04-19T16:14:02.498410-04:00,node-01,payments-api,429,True,normal,market_aware_v1,66.683,61.299,245.511,26.532,1.114,119.215,42.216,3.096
304a4eb7-2e93-436e-9629-81a4f0d0ec3a,2026-04-19T16:14:02.519372-04:00,node-01,orders-api,429,True,normal,market_aware_v1,73.933,54.292,227.283,32.385,1.033,117.927,73.698,2.768
68823d45-cebe-494e-ac06-207b22888946,2026-04-19T16:14:02.541431-04:00,node-01,checkout-api,502,True,normal,market_aware_v1,70.813,62.292,238.896,30.118,1.19,118.508,54.226,3.013
70925e37-ef54-4990-8572-529c1af31465,2026-04-19T16:14:02.558391-04:00,node-01,payments-api,503,True,anomalous,market_aware_v1,72.383,64.564,266.64,28.109,1.247,126.349,37.551,3.34
f2dc5381-0ed3-4981-b8a1-8d991c0545b7,2026-04-19T16:14:02.586217-04:00,node-01,orders-api,502,True,normal,market_aware_v1,72.915,54.832,238.549,32.475,1.045,118.699,79.71,2.806
e7bf0cd5-98bf-4183-a5c0-6a0c3e3a8fc8,2026-04-19T16:14:02.620769-04:00,node-01,checkout-api,503,True,anomalous,market_aware_v1,74.814,56.075,248.424,34.566,1.503,124.786,42.179,3.534
2e9f6042-f988-4d7c-899b-a3b94b13e3ba,2026-04-19T16:14:02.641755-04:00,node-01,payments-api,502,True,anomalous,market_aware_v1,64.156,60.361,257.128,28.759,1.105,121.337,38.188,3.022
3f889e2f-6725-47af-91a1-12b409f45099,2026-04-19T16:14:02.664219-04:00,node-01,orders-api,503,True,normal,market_aware_v1,69.004,54.114,232.053,33.023,1.051,117.369,71.323,2.772
91f6ecfe-dd07-45a0-9323-81d2b63d8773,2026-04-19T16:14:02.687611-04:00,node-01,checkout-api,429,True,normal,market_aware_v1,71.261,56.857,251.709,30.432,1.253,116.428,47.862,3.144
de494f38-4771-4eba-ae23-24f7175ad75a,2026-04-19T16:14:02.708718-04:00,node-01,payments-api,500,True,normal,market_aware_v1,65.471,58.823,240.443,26.518,1.007,115.501,40.475,2.661
caeae3f8-1a98-4f8d-83ca-fdd7e9c5bd42,2026-04-19T16:14:02.731812-04:00,node-01,orders-api,503,True,normal,market_aware_v1,67.393,53.18,222.505,32.707,0.885,111.136,71.984,2.576
d9aa841c-f05d-4dce-a045-4de7eafa03c9,2026-04-19T16:14:02.754895-04:00,node-01,checkout-api,429,True,normal,market_aware_v1,63.547,58.127,236.42,27.957,1.065,107.991,51.792,2.658
b62534d9-9f2c-4691-8aef-7fb0bb2e5bd2,2026-04-19T16:14:02.779338-04:00,node-01,payments-api,429,True,anomalous,market_aware_v1,64.944,60.955,263.991,27.005,1.458,125.042,25.384,3.495
b9285aa4-5ea4-4146-9af6-20175d6caaaf,2026-04-19T16:14:02.799750-04:00,node-01,orders-api,500,True,anomalous,market_aware_v1,69.296,53.445,230.971,28.137,1.052,122.547,64.486,2.892
43ae1731-ca42-4ecc-9ff9-5c0bffd779cc,2026-04-19T16:14:02.831528-04:00,node-01,checkout-api,502,True,anomalous,market_aware_v1,65.744,54.228,238.734,27.563,1.181,121.494,36.416,3.186
df74819f-5c32-4311-ac64-f67fd8086471,2026-04-19T16:14:02.865363-04:00,node-01,payments-api,503,True,normal,market_aware_v1,57.642,54.743,256.112,23.878,1.079,115.636,32.968,2.883
0f2fa160-4be9-4c08-b577-3ca00dc928e8,2026-04-19T16:14:02.888619-04:00,node-01,orders-api,503,True,anomalous,market_aware_v1,64.116,49.131,231.198,29.556,1.03,120.091,56.993,2.881
26be4b49-e36c-4966-83ad-5364d0b3bf92,2026-04-19T16:14:02.909030-04:00,node-01,checkout-api,429,True,anomalous,market_aware_v1,61.071,51.545,246.309,26.889,1.216,113.707,45.71,3.277
4aaf83d2-0873-424d-8995-7941537f92c7,2026-04-19T16:14:02.932224-04:00,node-01,payments-api,429,True,anomalous,market_aware_v1,59.465,54.829,255.136,25.715,1.514,125.827,21.653,3.748
72d98e76-f96b-42b7-818d-c629f3594fbd,2026-04-19T16:14:02.953696-04:00,node-01,orders-api,503,True,normal,market_aware_v1,66.205,48.875,222.14,28.532,0.91,109.497,63.638,2.517
d1bff435-717c-4261-94ab-9cbb23c8efe7,2026-04-19T16:14:02.976270-04:00,node-01,checkout-api,502,True,normal,market_aware_v1,59.007,54.79,226.224,26.207,1.057,109.698,40.183,2.761
bd178a36-3729-44a5-a396-8306ca3a9047,2026-04-19T16:14:03.010163-04:00,node-01,payments-api,429,True,normal,market_aware_v1,60.382,54.131,247.635,25.513,1.041,117.782,20.638,3.061
33b047b2-51dc-4869-beae-a8b59900982d,2026-04-19T16:14:03.025358-04:00,node-01,orders-api,503,True,normal,market_aware_v1,64.681,51.956,227.72,30.182,0.964,111.295,61.335,2.68
6f2bd1cb-8791-45ff-81bf-d6afc31570cd,2026-04-19T16:14:03.054572-04:00,node-01,checkout-api,500,True,normal,market_aware_v1,61.686,54.74,237.265,25.839,1.122,115.988,37.267,2.969
925baafc-07b6-449a-982a-8c1fbd7f76aa,2026-04-19T16:14:03.078144-04:00,node-01,payments-api,503,True,normal,market_aware_v1,56.903,57.009,243.292,24.164,1.1,118.247,24.904,2.922
bf8ad132-5068-474a-8ce0-49f9d8f76515,2026-04-19T16:14:03.099510-04:00,node-01,orders-api,502,True,normal,market_aware_v1,66.062,50.182,232.259,30.821,1.042,117.648,60.751,2.737
130cd074-2120-4746-b870-40b5679432ac,2026-04-19T16:14:03.122120-04:00,node-01,checkout-api,429,True,normal,market_aware_v1,58.6,56.788,226.482,27.576,1.015,105.663,48.084,2.631
2d38d272-afec-4aee-a61b-2b9964c62c79,2026-04-19T16:14:03.144517-04:00,node-01,payments-api,429,True,normal,market_aware_v1,56.764,57.722,254.025,23.682,1.01,116.658,34.173,2.774
0a97ba65-0a82-4e31-8bd3-646fa4c52c1d,2026-04-19T16:14:03.177472-04:00,node-01,orders-api,503,True,normal,market_aware_v1,65.887,51.576,224.19,31.379,0.903,116.501,66.847,2.674
013f049b-b40b-4845-a7f0-0661e32ed96b,2026-04-19T16:14:03.200728-04:00,node-01,checkout-api,429,True,normal,market_aware_v1,63.65,54.969,232.21,28.608,1.124,102.728,51.392,2.69
ec318a28-8879-4c2e-81d8-16ff72b9ddc6,2026-04-19T16:14:03.222515-04:00,node-01,payments-api,503,True,normal,market_aware_v1,62.608,56.427,238.895,24.669,1.011,116.396,34.839,2.868
3b4c3d3d-4801-49a9-80f3-bc6c11a94fd3,2026-04-19T16:14:03.245353-04:00,node-01,orders-api,500,True,normal,market_aware_v1,70.129,53.831,219.274,31.463,0.947,109.509,70.871,2.501
8fe12260-864a-4978-a7bc-fbbf47cb7263,2026-04-19T16:14:03.268355-04:00,node-01,checkout-api,429,True,anomalous,market_aware_v1,66.337,58.006,251.662,29.81,1.257,121.162,43.592,3.188
b6963505-beed-473a-8360-5ac56ebca2b6,2026-04-19T16:14:03.290338-04:00,node-01,payments-api,429,True,normal,market_aware_v1,64.376,56.518,243.105,24.038,1.135,119.523,34.144,3.098
ec879f21-afcd-4ce6-905d-3a0052409f88,2026-04-19T16:14:03.312814-04:00,node-01,orders-api,429,True,anomalous,market_aware_v1,74.357,54.645,247.628,32.017,1.24,126.063,69.482,3.451
45c7637e-0262-431a-b500-d15a3200ca05,2026-04-19T16:14:03.335395-04:00,node-01,checkout-api,500,True,normal,market_aware_v1,63.74,55.94,234.629,29.462,1.206,113.836,53.371,2.868
4b7c97a9-d8ca-4b7f-a542-b9a688040ebb,2026-04-19T16:14:03.356295-04:00,node-01,payments-api,502,True,normal,market_aware_v1,62.495,59.603,244.575,28.15,1.048,116.539,34.918,2.892
04366228-9f3c-4f35-b927-22b87b73a792,2026-04-19T16:14:03.389793-04:00,node-01,orders-api,429,True,anomalous,market_aware_v1,73.148,55.22,228.21,30.844,0.996,121.944,76.128,2.827
175bc476-1f54-41a0-b565-311fbee2b817,2026-04-19T16:14:03.423392-04:00,node-01,checkout-api,500,True,normal,market_aware_v1,69.284,53.876,238.851,31.069,1.179,115.689,51.994,2.949
352a2954-378c-4e10-9790-3a0324c6eb78,2026-04-19T16:14:03.445252-04:00,node-01,payments-api,429,True,normal,market_aware_v1,67.54,60.47,249.75,26.542,1.066,116.066,40.504,2.868
5040894f-f349-42f5-93f8-4c83ba95457b,2026-04-19T16:14:03.469780-04:00,node-01,orders-api,429,True,anomalous,market_aware_v1,73.693,55.28,243.43,32.81,1.406,120.417,66.786,3.357
0a7cc57e-aef9-4e14-84f2-3f8ebd22b040,2026-04-19T16:14:03.492675-04:00,node-01,checkout-api,429,True,normal,market_aware_v1,72.336,57.81,253.914,28.986,1.151,117.743,45.622,2.953
67e78514-1461-494c-85b1-13117659ef71,2026-04-19T16:14:03.524182-04:00,node-01,payments-api,503,True,anomalous,market_aware_v1,64.554,61.1,244.998,26.663,1.108,121.527,42.459,2.969
94218736-cb71-481d-99a1-9c33b9382b06,2026-04-19T16:14:03.559757-04:00,node-01,orders-api,503,True,normal,market_aware_v1,72.145,53.978,230.235,33.504,0.928,114.219,75.979,2.706
7b871d1e-c946-40ef-88e2-e0b9b609bdc8,2026-04-19T16:14:03.580916-04:00,node-01,checkout-api,429,True,normal,market_aware_v1,68.633,57.078,239.533,28.59,1.114,115.353,53.675,2.899
cb3e5006-5e4d-4037-9e41-1422c338348a,2026-04-19T16:14:03.602995-04:00,node-01,payments-api,500,True,normal,market_aware_v1,64.865,52.936,252.985,25.967,1.064,117.627,40.205,3.011
a915833f-5887-4526-86fd-3d690731290f,2026-04-19T16:14:03.626297-04:00,node-01,orders-api,502,True,normal,market_aware_v1,70.382,51.798,231.754,30.521,1.135,119.073,70.76,3.022
4c74b6b3-c16b-4a3c-8d8f-da1ff40aba9c,2026-04-19T16:14:03.650629-04:00,node-01,checkout-api,503,True,anomalous,market_aware_v1,68.57,53.67,248.478,25.626,1.13,124.935,42.696,3.104
749344f4-6ae0-42bf-9573-40c05f20ec1c,2026-04-19T16:14:03.672522-04:00,node-01,payments-api,500,True,anomalous,market_aware_v1,64.698,57.433,239.521,25.319,1.113,121.775,29.786,3.034
5cd99266-5868-430d-babf-afb3fb3320fc,2026-04-19T16:14:03.693130-04:00,node-01,orders-api,500,True,normal,market_aware_v1,73.611,51.244,227.559,31.127,1.027,118.196,65.547,2.897
b0d65d0e-79fb-4a5f-89b7-ae8c57588ba3,2026-04-19T16:14:03.715027-04:00,node-01,checkout-api,502,True,normal,market_aware_v1,65.193,53.029,222.569,28.954,1.101,109.686,49.237,2.882
55ed9789-bdf0-4925-8e38-45ae81dc1bf8,2026-04-19T16:14:03.737357-04:00,node-01,payments-api,502,True,normal,market_aware_v1,58.313,59.099,232.735,26.154,0.977,110.747,33.681,2.7
5bf711f0-3af9-4838-a503-b2e063f4340d,2026-04-19T16:14:03.759491-04:00,node-01,orders-api,502,True,normal,market_aware_v1,67.559,47.036,222.204,31.305,0.873,107.979,70.272,2.418
c9bccf23-981e-430a-b3b6-04aab1b2a3f3,2026-04-19T16:14:03.780893-04:00,node-01,checkout-api,503,True,normal,market_aware_v1,66.794,55.901,243.674,29.375,1.19,114.725,50.422,3.137
748e55b0-0633-45e1-aeb3-95799d41c81f,2026-04-19T16:14:03.804615-04:00,node-01,payments-api,500,True,normal,market_aware_v1,60.315,52.789,240.96,26.4,1.038,114.465,33.863,2.844
54b42212-f07e-4d5d-a7b4-5f194272a76b,2026-04-19T16:14:03.826597-04:00,node-01,orders-api,503,True,anomalous,market_aware_v1,68.666,48.629,241.39,32.717,1.202,119.642,69.583,3.209
2b78c098-9eb7-4049-861a-464454ee13b3,2026-04-19T16:14:03.847153-04:00,node-01,checkout-api,500,True,normal,market_aware_v1,63.816,53.965,234.322,28.739,1.013,109.553,46.539,2.73
2cc0c852-6096-438c-80d5-3caa046f44d1,2026-04-19T16:14:03.871484-04:00,node-01,payments-api,503,True,normal,market_aware_v1,59.42,54.974,249.912,25.803,1.072,116.923,28.207,2.936
13987324-3c5a-48cc-9dc4-d1a5b71f2524,2026-04-19T16:14:03.892426-04:00,node-01,orders-api,503,True,normal,market_aware_v1,63.706,52.407,214.25,30.653,0.989,111.006,72.841,2.724
214892f2-df90-4274-81c1-26a61dae82af,2026-04-19T16:14:03.914077-04:00,node-01,checkout-api,500,True,normal,market_aware_v1,63.873,54.295,240.677,27.592,1.132,113.016,45.428,2.876
53bc5089-06fc-4ae5-a6a4-03c29efbc2b6,2026-04-19T16:14:03.947947-04:00,node-01,payments-api,500,True,anomalous,market_aware_v1,64.512,58.402,259.346,24.436,1.134,120.889,29.055,3.155
26efb266-87ca-4321-8d1c-cc1151ca99b8,2026-04-19T16:14:03.966238-04:00,node-01,orders-api,500,True,normal,market_aware_v1,65.4,50.919,226.422,29.791,0.889,110.957,70.179,2.546
2e8ec953-14c1-461e-8233-7a329a8ec8c6,2026-04-19T16:14:03.994292-04:00,node-01,checkout-api,502,True,normal,market_aware_v1,62.568,55.947,225.617,28.331,0.975,109.809,51.281,2.773
78f10dd1-136b-416b-99e1-87d4b2ed8de6,2026-04-19T16:14:04.015342-04:00,node-01,payments-api,429,True,normal,market_aware_v1,63.637,59.609,254.42,25.532,1.008,118.674,33.012,3.033
b832a6c6-ce4f-4fbc-8eed-b2fd26c73d5b,2026-04-19T16:14:04.037496-04:00,node-01,orders-api,502,True,normal,market_aware_v1,73.027,54.458,220.687,30.754,0.923,116.524,66.788,2.665
3cf5348c-0e52-4968-893e-9ebe5b47f38b,2026-04-19T16:14:04.059410-04:00,node-01,checkout-api,500,True,anomalous,market_aware_v1,70.13,56.758,241.924,30.565,1.177,122.626,41.76,3.036
52dd0b9f-161d-4a06-86a5-f04b26655915,2026-04-19T16:14:04.083321-04:00,node-01,payments-api,429,True,normal,market_aware_v1,63.669,57.201,237.992,26.123,1.133,114.268,35.786,2.986
d6ad5b66-e69c-4c06-ba89-5d646f9ede69,2026-04-19T16:14:04.105039-04:00,node-01,orders-api,502,True,normal,market_aware_v1,70.858,55.229,217.0,33.738,0.922,111.127,71.867,2.477
20772366-d479-4a95-bacb-77cb384e8eb1,2026-04-19T16:14:04.137860-04:00,node-01,checkout-api,502,True,normal,market_aware_v1,71.329,59.111,246.441,29.11,1.138,118.709,48.279,3.12
00b75b35-e7e3-4b96-b455-8c5cd677741c,2026-04-19T16:14:04.171968-04:00,node-01,payments-api,500,True,normal,market_aware_v1,65.266,59.556,246.846,29.713,1.024,119.807,38.621,2.982
bbdbee96-f803-483d-bce1-75ea1ef509db,2026-04-19T16:14:04.194729-04:00,node-01,orders-api,500,True,normal,market_aware_v1,70.425,57.565,233.853,30.094,1.014,119.813,68.84,2.736
3313ed9f-130c-4360-9163-d7da0d01d654,2026-04-19T16:14:04.216104-04:00,node-01,checkout-api,500,True,anomalous,market_aware_v1,74.47,56.34,244.357,31.954,1.16,121.606,50.744,3.115
8eec9208-a705-47f0-82e2-4bdde04863a8,2026-04-19T16:14:04.233791-04:00,node-01,payments-api,500,True,anomalous,market_aware_v1,70.507,60.623,266.816,27.237,1.171,123.161,43.13,3.204
d40cbe1b-da30-42ac-827b-07d29ddc8425,2026-04-19T16:14:04.251371-04:00,node-01,orders-api,503,True,normal,market_aware_v1,70.966,58.208,219.488,32.212,0.929,110.486,76.541,2.443
36126605-a907-410d-9e3e-163d99a26533,2026-04-19T16:14:04.282772-04:00,node-01,checkout-api,502,True,normal,market_aware_v1,73.968,59.402,246.701,33.351,1.163,118.263,54.713,3.007
2f55205e-d23b-4262-87bf-23133ae69503,2026-04-19T16:14:04.316343-04:00,node-01,payments-api,429,True,normal,market_aware_v1,71.81,60.051,252.858,29.115,1.058,116.194,37.533,2.813
1a037e7e-6d95-4c55-b3c9-15921db343b6,2026-04-19T16:14:04.339811-04:00,node-01,orders-api,429,True,normal,market_aware_v1,75.751,55.947,235.171,32.048,0.91,114.176,81.819,2.514
c02886dd-be4f-4253-8dfb-c80f8aaf240a,2026-04-19T16:14:04.362480-04:00,node-01,checkout-api,502,True,anomalous,market_aware_v1,77.194,59.779,266.563,33.179,1.395,122.184,50.516,3.458
1de7273f-04c4-4440-b59c-2715cb05bba2,2026-04-19T16:14:04.384446-04:00,node-01,payments-api,500,True,normal,market_aware_v1,71.057,61.561,249.519,27.161,1.065,117.381,39.607,2.886
ba40200c-4d9e-4ac0-b1a9-7fee448de7a4,2026-04-19T16:14:04.406502-04:00,node-01,orders-api,500,True,normal,market_aware_v1,69.806,52.979,231.198,33.168,1.026,119.282,79.583,2.832
b6961700-f06d-4880-90b8-3c3c27d36d0e,2026-04-19T16:14:04.428107-04:00,node-01,checkout-api,503,True,anomalous,market_aware_v1,74.707,62.399,250.837,29.52,1.549,123.726,40.812,3.556
1bf707a6-a1b8-4489-8f10-9ff52ed3c12e,2026-04-19T16:14:04.450386-04:00,node-01,payments-api,500,True,anomalous,market_aware_v1,65.689,62.438,247.881,26.062,1.137,121.244,36.089,3.064
5e849a04-54c0-40b6-b42a-8e60c8ce6024,2026-04-19T16:14:04.472455-04:00,node-01,orders-api,503,True,anomalous,market_aware_v1,72.045,57.157,232.145,32.586,1.155,124.958,66.032,2.989
406c0fd1-c5d2-45de-b403-4a1140c7e0ad,2026-04-19T16:14:04.506231-04:00,node-01,checkout-api,502,True,anomalous,market_aware_v1,71.889,57.836,251.111,30.067,1.191,122.499,49.608,3.167
74462c9d-e3cf-45ac-bed7-71b35f12f2f2,2026-04-19T16:14:04.523373-04:00,node-01,payments-api,502,True,normal,market_aware_v1,64.34,60.747,256.315,26.371,1.121,117.701,33.595,2.949
0b779b6d-cbe4-4de5-9d2a-8707c0e31b1e,2026-04-19T16:14:04.551690-04:00,node-01,orders-api,429,True,anomalous,market_aware_v1,71.391,53.33,240.682,29.446,1.028,120.74,66.226,2.861
e4ff30e5-162b-4683-b0e7-e4f5902e0844,2026-04-19T16:14:04.575824-04:00,node-01,checkout-api,429,True,anomalous,market_aware_v1,71.99,59.376,275.136,30.387,1.778,129.09,40.592,4.271
d4389464-f31a-4d94-9d9d-8a92dec9e4b4,2026-04-19T16:14:04.596622-04:00,node-01,payments-api,429,True,anomalous,market_aware_v1,62.541,57.884,255.755,25.341,1.145,124.557,33.886,3.115
2c38b14a-94ab-45cd-9d73-7ac07bab7217,2026-04-19T16:14:04.617101-04:00,node-01,orders-api,502,True,anomalous,market_aware_v1,65.505,55.94,236.761,30.287,1.07,121.005,70.955,3.069
2bd99c71-d915-4cef-a6a6-d228a2b5756b,2026-04-19T16:14:04.641187-04:00,node-01,checkout-api,500,True,anomalous,market_aware_v1,62.227,57.791,253.584,27.997,1.347,123.742,43.594,3.49
9f6aeaa8-67d2-433e-804b-d1f474769020,2026-04-19T16:14:04.662965-04:00,node-01,payments-api,429,True,normal,market_aware_v1,55.936,57.386,239.265,24.94,1.114,117.029,33.376,2.891
933d608f-3640-4931-8df0-bc667bb17705,2026-04-19T16:14:04.695977-04:00,node-01,orders-api,429,True,normal,market_aware_v1,66.621,52.655,230.855,33.043,0.913,113.114,65.13,2.568
0158b68e-a314-45cf-9c65-5c33a4adaa10,2026-04-19T16:14:04.712444-04:00,node-01,checkout-api,500,True,normal,market_aware_v1,61.183,55.642,245.685,28.467,1.179,112.604,42.385,2.927
d06e2352-e33e-42c0-8ee0-70876cf483bf,2026-04-19T16:14:04.729653-04:00,node-01,payments-api,500,True,anomalous,market_aware_v1,62.189,55.838,239.16,25.492,1.122,120.518,23.55,3.026
0850ebef-80f9-46bd-ab52-55bfa6c9bb10,2026-04-19T16:14:04.751526-04:00,node-01,orders-api,429,True,normal,market_aware_v1,61.401,47.941,218.748,29.054,0.869,108.129,65.022,2.452
927048d1-c2d0-427c-859c-8c9aeb4608f2,2026-04-19T16:14:04.774370-04:00,node-01,checkout-api,429,True,normal,market_aware_v1,58.146,54.402,234.213,27.985,1.212,110.454,44.438,2.879
1b3da867-5464-44f3-84ca-cd7dab289687,2026-04-19T16:14:04.796377-04:00,node-01,payments-api,500,True,normal,market_aware_v1,59.454,54.013,245.99,24.71,1.038,115.36,27.556,2.832
d317d2ed-2a8c-4bcb-9508-16a267af1884,2026-04-19T16:14:04.819246-04:00,node-01,orders-api,429,True,normal,market_aware_v1,68.457,49.657,233.243,31.237,1.1,119.896,66.465,3.164
bd23e3d0-1794-4bf8-a25a-6d80f7bb6c04,2026-04-19T16:14:04.841072-04:00,node-01,checkout-api,503,True,normal,market_aware_v1,61.733,53.202,235.183,25.664,1.197,112.431,39.688,2.95
e5b1a35a-527c-43d4-9f13-f875a3eeac0b,2026-04-19T16:14:04.874759-04:00,node-01,payments-api,503,True,normal,market_aware_v1,60.004,57.598,231.737,24.528,0.932,106.622,35.047,2.614
f5a24e39-e160-4664-bbbd-d8178752154c,2026-04-19T16:14:04.909896-04:00,node-01,orders-api,429,True,normal,market_aware_v1,67.587,49.054,222.506,29.405,0.96,114.118,70.519,2.599
0d959b33-bb21-4dd5-92ef-7e8e16575564,2026-04-19T16:14:04.932236-04:00,node-01,checkout-api,502,True,anomalous,market_aware_v1,66.254,57.014,258.196,27.759,1.482,123.327,30.224,3.393
0ab3545b-5986-46d0-b24c-1620c5c652be,2026-04-19T16:14:04.953297-04:00,node-01,payments-api,503,True,normal,market_aware_v1,58.438,55.436,256.692,25.753,1.035,118.947,26.287,2.94
61a8fa41-1560-4d72-9fd4-b74380610fec,2026-04-19T16:14:04.975288-04:00,node-01,orders-api,503,True,normal,market_aware_v1,67.196,52.778,217.511,31.464,0.882,104.289,65.478,2.294
91922b73-5d30-4c6d-a2ad-6c11040ea990,2026-04-19T16:14:04.997439-04:00,node-01,checkout-api,500,True,anomalous,market_aware_v1,68.982,55.239,266.261,30.645,1.624,130.408,35.88,3.87
43216d10-7e58-4e1f-a47b-7f792cd83d30,2026-04-19T16:14:05.022859-04:00,node-01,payments-api,502,True,normal,market_aware_v1,60.831,54.307,248.134,25.653,1.02,113.564,35.024,2.878
76366005-0ed7-4dbb-a848-0ad52947828e,2026-04-19T16:14:05.064603-04:00,node-01,orders-api,502,True,anomalous,market_aware_v1,68.819,50.453,245.988,29.711,1.003,123.727,65.739,2.936
19ee0021-532a-40a6-a829-330f2d0544af,2026-04-19T16:14:05.108564-04:00,node-01,checkout-api,429,True,anomalous,market_aware_v1,63.767,54.789,253.048,28.536,1.373,122.122,52.551,3.627
a8d1f3d9-fee7-46b8-bb5b-eba1e41da861,2026-04-19T16:14:05.124807-04:00,node-01,payments-api,502,True,normal,market_aware_v1,63.815,57.332,241.657,28.122,0.963,112.872,38.419,2.846
32b2a8d2-96ab-4a67-addd-57c4af822c89,2026-04-19T16:14:05.165659-04:00,node-01,orders-api,503,True,anomalous,market_aware_v1,71.684,54.509,236.949,31.853,1.018,121.577,65.378,2.786
95b638d4-0e68-487b-bb06-4a307f3287c1,2026-04-19T16:14:05.199624-04:00,node-01,checkout-api,503,True,normal,market_aware_v1,70.658,58.447,239.294,28.939,1.16,113.349,51.221,2.857
ca10a9ce-355d-4fc5-924f-d3f2e129aeb3,2026-04-19T16:14:05.243666-04:00,node-01,payments-api,500,True,anomalous,market_aware_v1,63.249,58.948,260.655,28.278,1.097,129.32,30.48,3.212
68dca27d-550f-4427-8ad0-39265c587ccc,2026-04-19T16:14:05.264755-04:00,node-01,orders-api,503,True,anomalous,market_aware_v1,72.719,55.178,233.572,30.618,0.976,120.336,69.513,2.835
79f2d0f1-2878-4b92-977a-a0dc7ff822f1,2026-04-19T16:14:05.299656-04:00,node-01,checkout-api,429,True,anomalous,market_aware_v1,70.695,58.42,254.913,27.973,1.248,126.478,49.337,3.314
9c25c172-dd38-4a72-881b-a26c4a259832,2026-04-19T16:14:05.322241-04:00,node-01,payments-api,503,True,anomalous,market_aware_v1,61.578,59.838,258.653,27.252,1.196,128.916,33.63,3.312
ed41fc8a-77b0-415a-aeb4-c877838c5bc2,2026-04-19T16:14:05.367244-04:00,node-01,orders-api,503,True,anomalous,market_aware_v1,72.176,56.759,241.315,30.223,1.135,125.047,69.181,3.075
db5c25ee-9d50-4cc1-a505-7531ea81780d,2026-04-19T16:14:05.402209-04:00,node-01,checkout-api,429,True,anomalous,market_aware_v1,66.573,59.99,266.599,29.997,1.267,120.474,46.004,3.135
3e2b673b-1844-464e-a4a3-1e563f2b3bd2,2026-04-19T16:14:05.422900-04:00,node-01,payments-api,503,True,anomalous,market_aware_v1,66.631,57.621,263.27,27.09,1.077,130.459,35.667,3.137
168a4007-52b9-4b98-8b48-f92a52d85a42,2026-04-19T16:14:05.459049-04:00,node-01,orders-api,500,True,normal,market_aware_v1,70.975,54.087,215.689,28.209,0.935,109.003,77.821,2.481
8adfed40-6e5f-4df3-807e-5f174c8d4586,2026-04-19T16:14:05.504836-04:00,node-01,checkout-api,502,True,normal,market_aware_v1,65.692,57.132,242.53,31.578,1.059,115.385,48.41,2.945
ac2e7db7-234d-40d0-806b-8150f0730217,2026-04-19T16:14:05.536217-04:00,node-01,payments-api,429,True,anomalous,market_aware_v1,66.3,58.058,265.387,28.397,1.134,127.634,36.158,3.255
878c8636-c136-4b46-8926-99883baafc18,2026-04-19T16:14:05.556669-04:00,node-01,orders-api,503,True,normal,market_aware_v1,69.58,51.694,230.48,31.411,1.023,117.749,75.867,2.772
ad28ee1e-c5fb-4d6e-a58e-a9c1a5bfa2cb,2026-04-19T16:14:05.578961-04:00,node-01,checkout-api,503,True,normal,market_aware_v1,67.922,54.758,236.881,31.152,1.118,114.79,48.984,2.968
74b6a84d-8d16-4688-a0df-4daa43fb9dd5,2026-04-19T16:14:05.601260-04:00,node-01,payments-api,503,True,anomalous,market_aware_v1,64.063,59.835,267.462,26.906,1.194,123.594,26.936,3.18
b8560ea7-1807-493f-9e1b-3eda3b30f2af,2026-04-19T16:14:05.646322-04:00,node-01,orders-api,500,True,normal,market_aware_v1,69.055,56.279,243.691,29.284,0.988,117.266,63.112,2.79
c0f71aec-827b-4e4a-9247-95622962fee3,2026-04-19T16:14:05.675037-04:00,node-01,checkout-api,500,True,normal,market_aware_v1,64.837,52.851,249.195,27.158,1.133,118.52,47.066,2.999
3443b35a-51b5-453e-b2f4-3c72724580a6,2026-04-19T16:14:05.703709-04:00,node-01,payments-api,500,True,anomalous,market_aware_v1,62.188,55.869,266.294,25.703,1.238,125.659,31.967,3.146
64427155-95ef-4351-8c36-f657f008d664,2026-04-19T16:14:05.749730-04:00,node-01,orders-api,429,True,anomalous,market_aware_v1,68.551,54.423,237.458,32.8,1.109,126.7,65.432,3.051
aa371364-e2a9-4a9d-9ce7-4af8e8b1c31a,2026-04-19T16:14:05.800333-04:00,node-01,checkout-api,500,True,normal,market_aware_v1,69.767,56.561,246.167,30.122,1.146,114.552,44.851,2.856
22027ea8-d3c5-48e6-aba7-61fc67d94fbb,2026-04-19T16:14:05.838924-04:00,node-01,payments-api,502,True,anomalous,market_aware_v1,63.871,53.864,268.837,23.956,1.179,125.368,28.862,3.241
7f19a8c4-d6ce-482d-8afa-319e6072b27b,2026-04-19T16:14:05.861868-04:00,node-01,orders-api,502,True,anomalous,market_aware_v1,66.318,50.051,241.585,32.286,0.992,123.442,64.375,2.935
5f6d6c11-8edc-4cb7-a305-14938b4c1d3f,2026-04-19T16:14:05.890840-04:00,node-01,checkout-api,429,True,anomalous,market_aware_v1,66.921,58.405,248.075,26.906,1.146,124.791,35.488,3.152
94284f43-3577-4cb4-a201-79e9f5767011,2026-04-19T16:14:05.926219-04:00,node-01,payments-api,429,True,normal,market_aware_v1,62.947,54.123,241.232,24.174,1.04,118.691,32.859,2.845
925ba708-53b3-4dd8-849d-790136740a57,2026-04-19T16:14:05.948464-04:00,node-01,orders-api,502,True,normal,market_aware_v1,67.477,51.417,219.345,29.528,0.918,116.583,66.134,2.596
5bedaf7c-f22f-4b84-8a26-aacfefa67d78,2026-04-19T16:14:05.969243-04:00,node-01,checkout-api,502,True,normal,market_aware_v1,67.506,54.807,247.083,28.564,1.117,118.978,39.017,3.0
1b47bc47-8e59-4f01-b642-73597a9c86f2,2026-04-19T16:14:05.993440-04:00,node-01,payments-api,503,True,normal,market_aware_v1,62.261,57.545,250.802,26.028,1.082,119.233,34.854,2.985
a6e69880-40ef-4588-8986-2cc0d2b22db6,2026-04-19T16:14:06.016173-04:00,node-01,orders-api,429,True,normal,market_aware_v1,68.433,48.95,222.007,29.173,0.882,111.373,70.163,2.547
7e5014a8-384f-410b-924e-c93fb02cdada,2026-04-19T16:14:06.038264-04:00,node-01,checkout-api,502,True,normal,market_aware_v1,63.443,54.46,231.64,27.154,1.151,110.443,52.999,2.891
2bb3ae4e-d548-43dd-be9a-37edd8237566,2026-04-19T16:14:06.060763-04:00,node-01,payments-api,500,True,anomalous,market_aware_v1,62.285,57.772,254.441,24.857,1.116,122.53,37.142,2.948
e6141f93-6820-46eb-9f3c-ffee0d8ca348,2026-04-19T16:14:06.088897-04:00,node-01,orders-api,500,True,normal,market_aware_v1,72.26,53.572,224.47,32.935,1.004,115.2,64.88,2.709
4fea073d-486c-49c5-b52f-8eaf26ca243c,2026-04-19T16:14:06.132462-04:00,node-01,checkout-api,429,True,normal,market_aware_v1,71.594,58.663,241.517,28.892,1.095,117.631,52.648,2.876
97b69133-11e9-40af-9650-d8fb0b54ccb8,2026-04-19T16:14:06.159174-04:00,node-01,payments-api,429,True,anomalous,market_aware_v1,66.354,60.512,254.755,25.977,1.188,127.184,26.508,3.26
f456513e-3c01-4b9e-8d33-f6c3f98836d4,2026-04-19T16:14:06.192470-04:00,node-01,orders-api,503,True,normal,market_aware_v1,73.246,56.675,217.167,33.45,0.874,109.688,70.907,2.522
cd8f93b6-784b-43a8-999c-9323a7e299b9,2026-04-19T16:14:06.228387-04:00,node-01,checkout-api,500,True,anomalous,market_aware_v1,74.047,60.577,248.62,32.095,1.522,123.665,47.178,3.55
772862a1-3556-4d50-852a-6dc7075bc201,2026-04-19T16:14:06.250322-04:00,node-01,payments-api,500,True,anomalous,market_aware_v1,66.02,60.458,277.976,29.361,1.256,128.984,34.995,3.593
1881cb61-70ce-4c68-a188-aba5e70637cc,2026-04-19T16:14:06.272805-04:00,node-01,orders-api,500,True,anomalous,market_aware_v1,68.783,55.503,235.254,30.113,1.051,122.287,73.627,2.788
4ee5b851-33a7-45c3-a12d-6dcb8fff9c88,2026-04-19T16:14:06.295440-04:00,node-01,checkout-api,503,True,anomalous,market_aware_v1,68.428,58.681,251.672,29.438,1.19,127.817,51.792,3.338
141bc0c3-b3b6-48b2-a280-3b59aa92b536,2026-04-19T16:14:06.316590-04:00,node-01,payments-api,503,True,normal,market_aware_v1,66.698,59.808,257.936,28.933,1.093,119.116,43.049,2.927
933428d2-642a-4f6f-9ec1-e7faf9d9fe23,2026-04-19T16:14:06.340417-04:00,node-01,orders-api,429,True,normal,market_aware_v1,69.952,56.107,225.516,33.603,0.918,112.087,80.615,2.615
d43e30fa-2782-47b1-8b84-279ee50c3cd5,2026-04-19T16:14:06.361961-04:00,node-01,checkout-api,503,True,normal,market_aware_v1,73.248,62.511,253.981,33.267,1.212,117.694,53.206,3.074
32b630a2-3bc5-4dd5-879b-45d2c98e9fd9,2026-04-19T16:14:06.384838-04:00,node-01,payments-api,429,True,anomalous,market_aware_v1,72.133,61.112,272.948,26.538,1.256,128.544,38.006,3.595
5f52833d-3f9e-40a1-9d1d-e77e19fc3e47,2026-04-19T16:14:06.407212-04:00,node-01,orders-api,429,True,normal,market_aware_v1,71.508,55.221,239.648,32.245,0.966,117.338,78.66,2.756
af42351b-3fbe-42fc-99e8-b32d7a904345,2026-04-19T16:14:06.429140-04:00,node-01,checkout-api,503,True,anomalous,market_aware_v1,74.538,58.264,250.354,30.816,1.217,124.352,52.095,3.255
4be3e59e-188c-412c-a0c6-c9a72d33dcb8,2026-04-19T16:14:06.460735-04:00,node-01,payments-api,500,True,normal,market_aware_v1,68.125,64.116,256.615,27.983,1.113,118.155,44.607,3.078
4e7ab1a3-21ab-45d7-8989-1ecacd2f6226,2026-04-19T16:14:06.495975-04:00,node-01,orders-api,503,True,normal,market_aware_v1,75.562,57.29,231.733,35.019,1.047,113.4,78.231,2.68
67c18e43-0b38-431f-96b1-74ea497061c6,2026-04-19T16:14:06.519035-04:00,node-01,checkout-api,502,True,anomalous,market_aware_v1,73.375,59.4,257.566,31.232,1.211,123.375,58.262,3.152
81780f70-f115-47bf-8aaa-7443a915fd05,2026-04-19T16:14:06.539934-04:00,node-01,payments-api,503,True,normal,market_aware_v1,71.086,62.102,262.89,26.17,0.992,116.207,42.415,2.736
46d8ec7d-78b8-428f-86d6-701f04dd907e,2026-04-19T16:14:06.572229-04:00,node-01,orders-api,502,True,normal,market_aware_v1,79.566,54.153,239.342,32.792,0.942,118.286,66.491,2.714
25155d4c-8df2-4079-b8e1-943f403427d3,2026-04-19T16:14:06.608061-04:00,node-01,checkout-api,502,True,anomalous,market_aware_v1,68.496,55.077,253.988,27.989,1.223,129.679,40.384,3.345
4b59b31c-0ce6-4874-a6ea-844f6ca8e514,2026-04-19T16:14:06.630846-04:00,node-01,payments-api,429,True,normal,market_aware_v1,64.673,54.225,237.925,25.77,1.037,116.168,37.52,2.826
3319e246-fbb2-42dc-a2a0-d21e238a3784,2026-04-19T16:14:06.651937-04:00,node-01,orders-api,502,True,normal,market_aware_v1,72.967,53.495,223.79,32.411,0.974,118.944,67.848,2.667
439134cc-9e50-413d-9162-77628c6cfcfe,2026-04-19T16:14:06.675159-04:00,node-01,checkout-api,500,True,normal,market_aware_v1,66.453,56.867,249.643,28.761,1.213,119.812,43.742,3.103
95cddcb4-0d0b-4465-80ca-6800785f70bc,2026-04-19T16:14:06.696243-04:00,node-01,payments-api,500,True,anomalous,market_aware_v1,61.445,55.421,246.139,28.273,1.171,120.672,35.152,3.149
95dd5b16-a5ae-4d12-9713-d728e41a7225,2026-04-19T16:14:06.719956-04:00,node-01,orders-api,503,True,normal,market_aware_v1,69.268,49.093,227.516,30.051,0.899,109.833,62.9,2.601
6f03115d-7101-445a-a5f8-e2ce70a7aaea,2026-04-19T16:14:06.742140-04:00,node-01,checkout-api,500,True,anomalous,market_aware_v1,64.203,54.513,265.848,26.169,1.294,125.847,37.627,3.264
ce614636-750e-4fe5-b980-ba916e980234,2026-04-19T16:14:06.764765-04:00,node-01,payments-api,502,True,anomalous,market_aware_v1,62.257,55.577,254.812,24.534,1.492,123.924,23.189,3.488
0e965450-7530-4c24-aaa9-b42eaeda5821,2026-04-19T16:14:06.787075-04:00,node-01,orders-api,500,True,anomalous,market_aware_v1,67.763,50.931,241.452,30.412,1.025,121.743,62.62,2.725
7ad04911-57bf-40ea-b807-9b488374b86d,2026-04-19T16:14:06.808763-04:00,node-01,checkout-api,500,True,anomalous,market_aware_v1,63.956,52.5,244.503,26.628,1.162,120.951,35.883,3.046
5bd554ea-3304-4642-9b2e-6cf96da86974,2026-04-19T16:14:06.832052-04:00,node-01,payments-api,500,True,anomalous,market_aware_v1,58.721,54.419,241.702,25.069,1.116,120.778,26.746,2.985
ec227a75-1316-4106-8cff-31972a487d48,2026-04-19T16:14:06.862724-04:00,node-01,orders-api,502,True,anomalous,market_aware_v1,67.448,49.652,234.663,27.345,0.97,122.676,58.518,2.814
1ba9828f-35e5-4b8c-94b0-a47235cf00ea,2026-04-19T16:14:06.900288-04:00,node-01,checkout-api,429,True,normal,market_aware_v1,59.746,54.928,241.703,26.221,1.109,112.592,34.163,2.979
880e3ef3-7880-4fd9-bccf-18ee42ce152c,2026-04-19T16:14:06.922683-04:00,node-01,payments-api,429,True,anomalous,market_aware_v1,59.434,52.301,258.303,21.447,1.159,122.591,23.137,3.075
68bac4ad-dce9-45ca-8f1f-96f5f7f14710,2026-04-19T16:14:06.951665-04:00,node-01,orders-api,500,True,normal,market_aware_v1,68.878,50.531,230.498,28.604,0.971,113.111,63.077,2.726
d7024058-3a7d-425e-bb41-74fb5d6b8441,2026-04-19T16:14:06.988062-04:00,node-01,checkout-api,503,True,normal,market_aware_v1,60.022,51.595,223.907,27.719,1.15,106.875,46.656,2.778
ae76d56f-517c-4275-99d6-f27923df0db3,2026-04-19T16:14:07.010995-04:00,node-01,payments-api,503,True,anomalous,market_aware_v1,58.627,54.321,266.022,23.164,1.136,122.594,26.863,3.136
e5788335-9fa9-4cc0-a0d3-1f4ebc07f62b,2026-04-19T16:14:07.040908-04:00,node-01,orders-api,429,True,normal,market_aware_v1,63.358,53.764,216.643,30.463,0.894,109.75,65.914,2.609
ab768a9e-a276-4e58-b8af-5710ea5f1dd1,2026-04-19T16:14:07.076531-04:00,node-01,checkout-api,503,True,anomalous,market_aware_v1,62.441,53.377,264.533,26.438,1.307,129.667,32.018,3.311
c1d81bd0-e796-4c4c-b1bf-72167461955f,2026-04-19T16:14:07.108381-04:00,node-01,payments-api,429,True,anomalous,market_aware_v1,65.678,60.733,269.326,26.245,1.506,126.322,23.329,3.663
5a013dbc-972f-4ae4-be56-3ea7e90284d1,2026-04-19T16:14:07.148601-04:00,node-01,orders-api,429,True,normal,market_aware_v1,65.979,52.302,229.916,31.337,0.869,113.968,68.501,2.569
a0daf64b-9ee1-4f35-abae-6495d642bf90,2026-04-19T16:14:07.174951-04:00,node-01,checkout-api,429,True,normal,market_aware_v1,67.139,53.249,238.316,25.466,1.158,113.6,38.794,2.852
e521a48f-5df0-4671-8862-3201f8ad74ae,2026-04-19T16:14:07.211647-04:00,node-01,payments-api,502,True,anomalous,market_aware_v1,66.162,58.348,271.483,25.566,1.162,121.102,31.851,3.082
360ccad0-dd78-4f76-8247-ed079701a2c2,2026-04-19T16:14:07.243361-04:00,node-01,orders-api,503,True,normal,market_aware_v1,67.563,55.145,210.783,31.331,0.895,109.139,73.201,2.442
82d8c918-fc2f-4ee0-b395-4a4de68c8fe2,2026-04-19T16:14:07.284440-04:00,node-01,checkout-api,500,True,anomalous,market_aware_v1,66.623,58.028,248.554,28.324,1.202,123.946,43.706,3.235
2d688274-9195-46ad-8ab6-1d3347c18d75,2026-04-19T16:14:07.327584-04:00,node-01,payments-api,503,True,normal,market_aware_v1,65.0,57.589,256.806,26.246,1.085,117.154,34.559,2.899
bed14ff4-2343-4c75-8b1a-793713031da3,2026-04-19T16:14:07.363348-04:00,node-01,orders-api,429,True,anomalous,market_aware_v1,68.502,51.791,232.834,31.401,1.007,123.457,71.528,2.817
6dc413a4-a3e5-4380-980c-66dcdff80fbf,2026-04-19T16:14:07.403295-04:00,node-01,checkout-api,502,True,anomalous,market_aware_v1,67.819,61.886,250.694,29.076,1.233,129.487,47.383,3.336
32ceaf0d-6bc1-441f-8cba-d9779df43316,2026-04-19T16:14:07.434571-04:00,node-01,payments-api,429,True,anomalous,market_aware_v1,64.527,59.038,257.215,25.846,1.121,121.337,41.948,3.049
4837511f-fae2-4e1b-ae92-f715c7287acd,2026-04-19T16:14:07.474376-04:00,node-01,orders-api,502,True,normal,market_aware_v1,69.928,54.402,222.798,32.32,0.851,114.503,71.64,2.444
1c8f3528-fa86-43f5-b67c-ead5708686e8,2026-04-19T16:14:07.512414-04:00,node-01,checkout-api,503,True,anomalous,market_aware_v1,72.213,57.118,261.651,30.721,1.274,123.462,43.489,3.181
d70355e9-3bfe-4aca-b6f7-6c58d2370bae,2026-04-19T16:14:07.543897-04:00,node-01,payments-api,500,True,anomalous,market_aware_v1,66.183,61.293,256.213,27.305,1.025,120.283,35.742,2.995
2cd5e9fb-bcea-49be-a486-ff8199914be0,2026-04-19T16:14:07.579542-04:00,node-01,orders-api,502,True,anomalous,market_aware_v1,76.157,54.631,252.345,32.407,1.151,128.67,62.467,3.256
209f9d3e-46a1-4e75-9cc3-518a69335587,2026-04-19T16:14:07.600115-04:00,node-01,checkout-api,503,True,anomalous,market_aware_v1,70.349,57.118,246.857,30.843,1.3,120.629,51.342,3.151
7cabb006-2d70-49cb-93c2-f5417e13d494,2026-04-19T16:14:07.623612-04:00,node-01,payments-api,502,True,normal,market_aware_v1,63.889,59.015,251.131,26.086,1.172,115.085,46.875,2.963
ec0e049d-beb3-413b-a5ee-79346720ba22,2026-04-19T16:14:07.645064-04:00,node-01,orders-api,500,True,anomalous,market_aware_v1,73.28,55.62,234.141,29.952,1.013,124.282,69.867,2.866
30d59f59-fe7f-4471-ad45-824a07484519,2026-04-19T16:14:07.669058-04:00,node-01,checkout-api,500,True,anomalous,market_aware_v1,70.554,53.228,261.099,30.117,1.252,121.798,44.817,3.031
11efed76-f403-4d98-aa5a-eda048938e51,2026-04-19T16:14:07.699766-04:00,node-01,payments-api,429,True,anomalous,market_aware_v1,67.001,61.914,275.407,28.565,1.364,130.76,33.982,3.663
7844cc84-df72-4d62-8ea1-bc8e7de89588,2026-04-19T16:14:07.735372-04:00,node-01,orders-api,500,True,anomalous,market_aware_v1,71.024,53.062,247.306,31.175,0.993,123.166,71.571,2.952
efa31e83-5d3c-448b-a7c9-a34b4887284b,2026-04-19T16:14:07.767062-04:00,node-01,checkout-api,500,True,normal,market_aware_v1,68.745,54.464,253.491,28.416,1.193,119.368,45.468,3.076
eb7e5c6d-a393-4b21-b383-a35920f3a642,2026-04-19T16:14:07.802982-04:00,node-01,payments-api,429,True,anomalous,market_aware_v1,62.28,58.706,256.351,23.911,1.082,125.096,29.294,3.046
156e82d8-6120-48cd-a38e-f916a3a66f05,2026-04-19T16:14:07.823960-04:00,node-01,orders-api,500,True,normal,market_aware_v1,66.198,54.245,214.829,30.366,0.9,110.671,64.977,2.468
9f7df43a-46c5-43ff-842a-96d2dac3b3b6,2026-04-19T16:14:07.846533-04:00,node-01,checkout-api,503,True,normal,market_aware_v1,59.589,57.938,236.934,28.429,1.165,118.932,40.325,3.011
c5557804-343e-4960-a6b9-f46fe289dccb,2026-04-19T16:14:07.878523-04:00,node-01,payments-api,502,True,anomalous,market_aware_v1,64.708,55.795,270.37,26.908,1.3,129.067,33.807,3.615
6ce86536-be12-4c76-bfcf-7099151e6ae6,2026-04-19T16:14:07.912321-04:00,node-01,orders-api,503,True,anomalous,market_aware_v1,65.546,51.816,231.755,30.329,1.06,121.537,64.421,2.781
58b72b61-1df7-484b-9faf-4e9a3004cd2f,2026-04-19T16:14:07.936164-04:00,node-01,checkout-api,502,True,anomalous,market_aware_v1,63.436,51.329,258.169,29.774,1.201,122.333,43.5,3.142
bad05e6b-b644-4596-aa75-0777914becfb,2026-04-19T16:14:07.959948-04:00,node-01,payments-api,502,True,anomalous,market_aware_v1,59.584,55.801,236.147,25.88,1.171,122.459,32.559,3.112
8d31132c-2a58-48b3-82c5-acd70e19b237,2026-04-19T16:14:07.983722-04:00,node-01,orders-api,502,True,normal,market_aware_v1,64.512,46.042,221.005,27.968,0.958,114.478,69.725,2.735
3a313a94-8fcd-4312-8d89-9da303fa6fc5,2026-04-19T16:14:08.012715-04:00,node-01,checkout-api,502,True,anomalous,market_aware_v1,68.068,56.75,257.267,28.721,1.226,128.118,36.572,3.299
87cc0ee9-e1f5-410d-97f9-8bb27402e9d3,2026-04-19T16:14:08.036278-04:00,node-01,payments-api,502,True,anomalous,market_aware_v1,66.801,53.976,262.172,22.903,1.083,122.252,30.51,3.054
79c94101-cc4d-40ee-88f4-8568c7f418ba,2026-04-19T16:14:08.057887-04:00,node-01,orders-api,500,True,normal,market_aware_v1,65.451,53.714,228.494,32.253,0.901,113.651,67.129,2.555
1858a78f-e86d-4ea6-a1e6-15121a9c1956,2026-04-19T16:14:08.081948-04:00,node-01,checkout-api,502,True,normal,market_aware_v1,66.465,57.058,245.692,26.837,1.084,115.389,42.965,2.824
c270c988-66e7-4539-8080-b1c98d4f8626,2026-04-19T16:14:08.105213-04:00,node-01,payments-api,429,True,anomalous,market_aware_v1,59.721,54.876,260.159,23.783,1.064,123.99,27.215,3.058
abf4bf15-bc67-477d-a4f6-d135326c78ac,2026-04-19T16:14:08.129656-04:00,node-01,orders-api,429,True,normal,market_aware_v1,66.721,54.135,215.12,29.012,0.961,113.067,66.894,2.609
28764b6f-210e-4e93-ae0e-22712929b477,2026-04-19T16:14:08.160271-04:00,node-01,checkout-api,503,True,normal,market_aware_v1,63.959,56.913,241.763,25.388,1.03,117.917,42.319,2.957
0bb87091-ff41-4b77-b016-1a13da70a0f2,2026-04-19T16:14:08.182524-04:00,node-01,payments-api,502,True,anomalous,market_aware_v1,67.336,58.629,245.845,25.199,1.174,121.04,35.451,3.164
10cbdf25-67c2-416d-80f0-9d76de281d77,2026-04-19T16:14:08.203271-04:00,node-01,orders-api,500,True,normal,market_aware_v1,70.802,51.957,230.988,30.232,0.975,116.499,66.906,2.725
958a4bc3-87f6-4f67-9dfe-d47df25aa0c4,2026-04-19T16:14:08.228123-04:00,node-01,checkout-api,429,True,normal,market_aware_v1,66.89,57.262,235.82,29.351,1.09,113.294,50.131,2.827
660169af-eb6f-441c-b044-efc63a31eeba,2026-04-19T16:14:08.249765-04:00,node-01,payments-api,429,True,normal,market_aware_v1,65.209,59.701,248.688,24.57,1.087,114.716,33.694,2.834
51992d3d-7eea-4131-80ad-7cf37e26520e,2026-04-19T16:14:08.268527-04:00,node-01,orders-api,502,True,anomalous,market_aware_v1,71.913,54.182,250.694,32.035,1.091,126.173,68.979,3.025
1960fd66-c58c-4eec-ba5c-1d01505e370f,2026-04-19T16:14:08.291852-04:00,node-01,checkout-api,503,True,normal,market_aware_v1,69.462,56.859,245.974,28.231,1.208,118.782,48.613,3.03
b6551bae-d6ac-4fa7-85e4-4a1bdb1178fa,2026-04-19T16:14:08.308161-04:00,node-01,payments-api,502,True,anomalous,market_aware_v1,66.485,60.115,258.608,30.315,1.053,124.939,34.283,3.067
8f14903b-7fba-4ac5-97fc-f6e54376550d,2026-04-19T16:14:08.336856-04:00,node-01,orders-api,502,True,normal,market_aware_v1,74.399,56.578,232.326,34.331,0.911,117.469,75.119,2.753
fc9c9258-0e78-4fd4-bfbd-47b2e21a5d16,2026-04-19T16:14:08.360885-04:00,node-01,checkout-api,503,True,anomalous,market_aware_v1,74.593,60.966,273.49,32.79,1.359,129.928,48.837,3.65
45b0a8ed-f410-4108-9dad-bda26349688e,2026-04-19T16:14:08.384393-04:00,node-01,payments-api,500,True,anomalous,market_aware_v1,66.067,63.797,265.133,27.429,1.186,122.729,41.866,3.194
f4f5fb21-0fbf-457e-8394-8e92518fade2,2026-04-19T16:14:08.405420-04:00,node-01,orders-api,500,True,normal,market_aware_v1,75.14,55.781,234.433,30.667,1.0,119.933,77.746,2.785
4b0ef27d-f55b-476f-bcdf-43c7bd7eb78b,2026-04-19T16:14:08.427048-04:00,node-01,checkout-api,429,True,anomalous,market_aware_v1,76.23,62.305,266.426,30.453,1.36,123.64,51.264,3.598
1055172c-d9e5-46d3-b5c7-f150ba64ad0b,2026-04-19T16:14:08.450469-04:00,node-01,payments-api,429,True,anomalous,market_aware_v1,69.432,61.887,263.045,26.154,1.248,126.849,37.168,3.369
eb584999-59d0-40f6-8cfc-0983ef46dca6,2026-04-19T16:14:08.471199-04:00,node-01,orders-api,503,True,anomalous,market_aware_v1,73.417,54.601,252.307,31.53,1.081,127.834,75.958,2.969
b0d9a031-2a53-4418-8991-1660afe2da31,2026-04-19T16:14:08.494410-04:00,node-01,checkout-api,429,True,anomalous,market_aware_v1,74.214,56.882,257.266,31.914,1.195,122.976,53.867,3.241
29ff3568-3e1b-41f1-800f-856fc6bc73cc,2026-04-19T16:14:08.527215-04:00,node-01,payments-api,503,True,anomalous,market_aware_v1,67.234,61.5,255.509,29.492,1.162,125.362,43.907,3.064
e28a7c21-bc21-4acc-b3a3-d3271b9c6cbf,2026-04-19T16:14:08.562932-04:00,node-01,orders-api,503,True,anomalous,market_aware_v1,74.258,55.904,245.676,32.973,1.029,123.428,69.047,2.898
27909e16-2457-46a5-9f5b-a00cef7922a3,2026-04-19T16:14:08.581962-04:00,node-01,checkout-api,429,True,normal,market_aware_v1,72.097,60.731,234.228,30.365,1.1,114.725,57.298,2.873
5827e556-ce40-4a20-a38e-1314f4cd939b,2026-04-19T16:14:08.605169-04:00,node-01,payments-api,502,True,anomalous,market_aware_v1,65.889,60.437,271.264,27.141,1.206,126.757,30.431,3.208
0dc2c708-dc44-41d9-ab48-e70b38e427c0,2026-04-19T16:14:08.626518-04:00,node-01,orders-api,500,True,anomalous,market_aware_v1,71.706,56.018,232.131,30.12,0.96,120.185,77.531,2.795
3748efef-3286-42d7-801b-463920f29201,2026-04-19T16:14:08.662701-04:00,node-01,checkout-api,500,True,normal,market_aware_v1,71.079,56.095,240.148,31.033,1.228,114.813,47.476,3.077
4642b2ba-8229-4701-961a-e58739764cc3,2026-04-19T16:14:08.689325-04:00,node-01,payments-api,429,True,normal,market_aware_v1,68.613,56.793,254.913,26.706,1.027,118.741,40.414,2.881
e1b7cd54-ae02-41e4-b2b6-7252c3d32c25,2026-04-19T16:14:08.716086-04:00,node-01,orders-api,503,True,anomalous,market_aware_v1,73.918,56.344,243.418,31.543,0.962,120.6,65.713,2.795
44796484-c508-4d80-9282-b82640008634,2026-04-19T16:14:08.732576-04:00,node-01,checkout-api,429,True,anomalous,market_aware_v1,73.981,60.079,255.805,31.163,1.597,124.31,39.621,3.698
9c8eb0d9-4689-45ac-a471-5e7f105a0226,2026-04-19T16:14:08.760806-04:00,node-01,payments-api,500,True,normal,market_aware_v1,63.157,55.479,256.559,25.201,1.072,117.33,35.819,2.853
a5d31032-0ce3-4881-b94e-7e81774aec8c,2026-04-19T16:14:08.784598-04:00,node-01,orders-api,502,True,normal,market_aware_v1,66.719,52.86,218.3,29.848,0.938,115.33,73.419,2.573
91e504e7-b13f-4e4b-a528-dcc66679560b,2026-04-19T16:14:08.717586-04:00,node-01,checkout-api,502,True,normal,market_aware_v1,67.157,56.587,250.297,28.142,1.2,119.122,46.034,3.003
98b2438a-e5b5-47df-9cdb-ecbb4cf51bb2,2026-04-19T16:14:08.753813-04:00,node-01,payments-api,503,True,normal,market_aware_v1,59.735,57.541,245.011,24.4,1.071,112.307,36.23,2.796
1cb88e49-12dc-4a42-bd74-a6665b148361,2026-04-19T16:14:08.784466-04:00,node-01,orders-api,500,True,normal,market_aware_v1,64.315,49.524,214.362,30.205,0.844,104.573,63.823,2.398
44e2218b-d164-4628-a864-5e28d6ae51b6,2026-04-19T16:14:08.820591-04:00,node-01,checkout-api,503,True,normal,market_aware_v1,64.796,53.228,238.89,26.152,1.113,115.132,42.061,2.925
02f2f8fe-f671-41e3-b8cc-eb2a86ce2344,2026-04-19T16:14:08.841106-04:00,node-01,payments-api,500,True,normal,market_aware_v1,59.633,57.305,252.639,25.251,1.174,119.405,23.356,3.195
40e55c2c-74b8-4764-b07b-555a411e40ec,2026-04-19T16:14:08.864110-04:00,node-01,orders-api,502,True,normal,market_aware_v1,65.331,52.012,231.112,30.146,0.984,115.438,63.577,2.638
5364d0a7-82b9-463d-8086-da85f453efd6,2026-04-19T16:14:08.886997-04:00,node-01,checkout-api,500,True,normal,market_aware_v1,62.472,52.574,249.868,27.852,1.106,118.39,37.115,2.953
7abca044-e9f6-43f5-9a1b-0403a4c05bb9,2026-04-19T16:14:08.908113-04:00,node-01,payments-api,502,True,anomalous,market_aware_v1,55.538,56.186,251.207,23.239,1.122,122.446,24.235,3.129
a1f93240-42b7-427e-bb53-975973da16b9,2026-04-19T16:14:08.930806-04:00,node-01,orders-api,429,True,normal,market_aware_v1,64.934,51.227,244.092,29.995,0.96,114.495,55.185,2.727
b1c3864d-f1de-483e-b356-a75d492e45b1,2026-04-19T16:14:08.954572-04:00,node-01,checkout-api,502,True,normal,market_aware_v1,65.197,53.025,247.342,27.112,1.069,119.785,37.741,2.965
701ab9ab-c9f2-485e-b8bf-052ead130211,2026-04-19T16:14:08.975778-04:00,node-01,payments-api,500,True,anomalous,market_aware_v1,58.888,55.222,264.592,24.334,1.142,125.413,27.499,3.251
d326f0c3-b927-464d-9070-93f148bfb905,2026-04-19T16:14:08.999798-04:00,node-01,orders-api,500,True,anomalous,market_aware_v1,66.472,55.008,230.309,32.204,1.322,118.093,59.923,3.09
b54be287-aad8-4300-b728-eed17bb54be0,2026-04-19T16:14:09.020148-04:00,node-01,checkout-api,502,True,anomalous,market_aware_v1,63.127,53.565,251.272,30.171,1.159,122.194,37.298,3.106
d5fe963c-dfcd-44ca-ab2c-8c10c7e4584f,2026-04-19T16:14:09.044260-04:00,node-01,payments-api,500,True,anomalous,market_aware_v1,60.952,56.604,259.51,24.414,1.172,129.851,22.201,3.24
28e1f8d5-4f76-4f56-8793-9c3b4457d20e,2026-04-19T16:14:09.063496-04:00,node-01,orders-api,502,True,anomalous,market_aware_v1,71.109,52.984,259.226,31.328,1.448,126.697,54.973,3.463
5f6683b4-2cca-45fe-b1a4-1ca074570e97,2026-04-19T16:14:09.094967-04:00,node-01,checkout-api,503,True,anomalous,market_aware_v1,70.147,58.324,272.087,30.657,1.584,129.417,34.148,3.831
aa235de7-917c-4263-975a-8416550d0466,2026-04-19T16:14:09.131890-04:00,node-01,payments-api,502,True,anomalous,market_aware_v1,63.724,55.543,252.785,24.669,1.09,121.702,30.603,2.996
5b4b8433-1a0e-4378-aae9-76a73cc05c14,2026-04-19T16:14:09.151138-04:00,node-01,orders-api,503,True,anomalous,market_aware_v1,68.772,52.266,237.883,31.93,1.079,125.107,65.391,3.008
beee472c-9ba6-43d9-9d2e-cb16a25e89a9,2026-04-19T16:14:09.182832-04:00,node-01,checkout-api,500,True,anomalous,market_aware_v1,65.304,55.411,259.27,28.012,1.342,129.164,37.273,3.492
e025eb75-5934-4491-a455-136e5553c1d4,2026-04-19T16:14:09.206120-04:00,node-01,payments-api,502,True,normal,market_aware_v1,62.684,55.065,242.554,26.975,1.092,115.206,38.538,2.931
dd294f74-0607-4fb3-a50c-c726755171aa,2026-04-19T16:14:09.228052-04:00,node-01,orders-api,429,True,anomalous,market_aware_v1,70.956,53.927,242.242,30.895,1.094,125.559,65.764,2.934
10ceaa16-5458-48e9-9ca1-e3507879b645,2026-04-19T16:14:09.248785-04:00,node-01,checkout-api,503,True,anomalous,market_aware_v1,70.234,58.842,257.266,30.361,1.235,120.732,42.757,3.201
9600bd9f-786a-43d5-973c-b466f099cf4a,2026-04-19T16:14:09.270718-04:00,node-01,payments-api,500,True,anomalous,market_aware_v1,64.362,56.984,267.19,27.929,1.118,124.362,33.097,3.134
15365c76-18af-4cc7-bfac-c32f63afc5b6,2026-04-19T16:14:09.293411-04:00,node-01,orders-api,429,True,anomalous,market_aware_v1,75.291,54.5,251.116,32.406,1.355,127.257,58.107,3.349
5599cdef-6a61-422b-9034-c5ed2af536c5,2026-04-19T16:14:09.315030-04:00,node-01,checkout-api,503,True,anomalous,market_aware_v1,71.976,56.779,262.491,30.529,1.212,122.63,47.642,3.138
69426592-6d83-4bff-947b-cbeb4eef1b6b,2026-04-19T16:14:09.336137-04:00,node-01,payments-api,503,True,anomalous,market_aware_v1,67.73,60.439,258.131,26.553,1.165,120.051,43.739,3.085
1bdd5302-c7bd-4602-8e66-70e6b91bb1a5,2026-04-19T16:14:09.357717-04:00,node-01,orders-api,502,True,anomalous,market_aware_v1,71.932,55.682,242.726,30.978,1.007,121.177,69.712,2.802
a9ebbc48-a0ba-4675-883b-aa96ec17e7cd,2026-04-19T16:14:09.380682-04:00,node-01,checkout-api,503,True,anomalous,market_aware_v1,70.968,57.201,267.083,29.625,1.313,131.196,46.534,3.429
a875586f-da4c-4255-9433-ef7059b80da2,2026-04-19T16:14:09.401497-04:00,node-01,payments-api,502,True,anomalous,market_aware_v1,67.032,59.855,265.379,26.107,1.145,126.344,35.443,3.165
1895dd2b-8aff-4222-8883-a5355827b0c7,2026-04-19T16:14:09.422651-04:00,node-01,orders-api,500,True,anomalous,market_aware_v1,72.718,57.394,237.762,31.785,1.058,125.482,69.091,2.883
62ae5d49-67e0-448f-9cae-3477f250d2b3,2026-04-19T16:14:09.457730-04:00,node-01,checkout-api,429,True,anomalous,market_aware_v1,73.655,59.644,256.276,33.453,1.138,120.644,52.758,3.126
93c9464d-02d8-484e-bdc1-f303d4907e90,2026-04-19T16:14:09.490060-04:00,node-01,payments-api,500,True,anomalous,market_aware_v1,64.486,63.563,266.075,25.319,1.193,123.963,34.182,3.074
2ed15213-9f6e-4122-8178-7a1c86e02053,2026-04-19T16:14:09.519966-04:00,node-01,orders-api,502,True,anomalous,market_aware_v1,73.933,54.883,226.297,32.123,0.933,120.336,65.503,2.722
2119d249-c7c1-489f-bfcb-68405fabd3bc,2026-04-19T16:14:09.555118-04:00,node-01,checkout-api,503,True,anomalous,market_aware_v1,66.904,57.815,251.327,28.669,1.248,123.324,52.463,3.206
5b105c19-f403-482f-9cbd-5995367db789,2026-04-19T16:14:09.596829-04:00,node-01,payments-api,503,True,anomalous,market_aware_v1,67.148,59.166,252.313,25.813,1.166,126.286,32.559,3.263
25a34d12-aa2d-4348-b5a8-f16998a03e6c,2026-04-19T16:14:09.636574-04:00,node-01,orders-api,500,True,anomalous,market_aware_v1,70.178,54.445,236.189,31.805,1.071,125.225,64.632,3.103
64148145-81ac-4f86-b4d7-11d3087d0b27,2026-04-19T16:14:09.661783-04:00,node-01,checkout-api,500,True,anomalous,market_aware_v1,69.007,56.956,261.642,28.399,1.525,129.075,39.017,3.699
c09ab2eb-a815-4142-a263-c976dbbcbba0,2026-04-19T16:14:09.687253-04:00,node-01,payments-api,500,True,normal,market_aware_v1,64.93,62.226,259.882,24.359,1.145,117.288,36.711,3.028
19e3f172-c00f-44b8-b85a-30a5c8882995,2026-04-19T16:14:09.711692-04:00,node-01,orders-api,502,True,anomalous,market_aware_v1,69.466,51.773,237.87,31.773,1.072,124.914,65.423,2.986
f48bf329-3d90-4f65-8f87-c0b5252b4407,2026-04-19T16:14:09.740971-04:00,node-01,checkout-api,429,True,anomalous,market_aware_v1,68.859,55.533,266.929,26.497,1.396,128.974,41.461,3.686
4073641f-30d1-4991-a426-94ad3a8b2b10,2026-04-19T16:14:09.770795-04:00,node-01,payments-api,502,True,anomalous,market_aware_v1,63.864,54.572,264.619,26.015,1.081,124.109,30.602,3.065
84a88a9d-ffa8-47ee-92aa-fd72144d94ad,2026-04-19T16:14:09.834811-04:00,node-01,orders-api,500,True,anomalous,market_aware_v1,71.893,51.85,252.984,29.481,1.122,124.585,59.523,3.053
dbc87609-eaa8-4029-8318-3519f48c4b9d,2026-04-19T16:14:09.875280-04:00,node-01,checkout-api,429,True,normal,market_aware_v1,67.476,56.944,248.235,28.534,1.12,119.095,40.496,3.003
09ad0123-f488-4a98-9cc0-50f93a9d7157,2026-04-19T16:14:10.067780-04:00,node-01,payments-api,429,True,anomalous,market_aware_v1,65.685,58.308,259.555,27.881,1.438,120.807,27.536,3.458
bd7ae9c6-ece4-4fbf-b8f2-5e8471812ea1,2026-04-19T16:14:10.108552-04:00,node-01,orders-api,429,True,normal,market_aware_v1,66.85,54.272,232.58,31.958,0.991,116.077,67.371,2.79
fd7b3e7d-d158-45b8-9948-04784f84b23f,2026-04-19T16:14:10.147494-04:00,node-01,checkout-api,502,True,normal,market_aware_v1,67.634,56.386,254.575,27.115,1.119,119.284,40.002,3.0
6c1df7cf-09cc-4634-b3c7-649d50caa18b,2026-04-19T16:14:10.194324-04:00,node-01,payments-api,502,True,anomalous,market_aware_v1,61.387,55.398,263.407,25.697,1.157,121.492,31.031,3.083
2f6834cd-7d36-49d3-aecb-879cd36d8d75,2026-04-19T16:14:10.240181-04:00,node-01,orders-api,429,True,normal,market_aware_v1,70.351,52.479,243.742,30.356,0.962,118.057,64.628,2.834
cba6c85f-0803-4dbb-90bc-b59819ccf6e9,2026-04-19T16:14:10.291551-04:00,node-01,checkout-api,429,True,normal,market_aware_v1,69.358,52.009,250.518,28.856,1.149,118.691,43.42,3.056
cccce3f5-4ce5-4599-ae6e-f9674c9827e4,2026-04-19T16:14:10.331276-04:00,node-01,payments-api,500,True,anomalous,market_aware_v1,62.898,56.33,257.596,27.087,1.094,121.48,28.711,3.055
a48ae746-a8b6-49f8-85f1-d0d73f0de57a,2026-04-19T16:14:10.367838-04:00,node-01,orders-api,429,True,normal,market_aware_v1,73.333,54.874,218.574,30.511,0.981,113.972,71.438,2.598
cf5b47c6-f113-4fbf-ad14-47756c367c58,2026-04-19T16:14:10.406221-04:00,node-01,checkout-api,429,True,anomalous,market_aware_v1,70.52,54.977,257.237,29.68,1.192,121.521,47.909,3.178
624e8196-cf14-417d-846b-51495e631315,2026-04-19T16:14:10.446382-04:00,node-01,payments-api,429,True,anomalous,market_aware_v1,64.399,59.405,258.165,24.922,1.133,123.328,31.535,3.075
f972eaa6-a4c0-4aa5-85d3-098d2806bfd1,2026-04-19T16:14:10.484683-04:00,node-01,orders-api,502,True,anomalous,market_aware_v1,72.553,53.65,246.571,32.194,0.991,123.904,69.917,2.931
36698b57-75c5-49bc-95bb-ddcb8ae05479,2026-04-19T16:14:10.526546-04:00,node-01,checkout-api,429,True,anomalous,market_aware_v1,74.091,61.254,280.227,30.701,1.759,134.305,40.372,4.264
ef223a80-ab80-480e-8cd9-fb98b914b54b,2026-04-19T16:14:10.561482-04:00,node-01,payments-api,500,True,anomalous,market_aware_v1,67.053,57.53,282.061,27.989,1.161,124.071,37.447,3.254
38db34cb-6478-4297-a739-565afec4976c,2026-04-19T16:14:10.597658-04:00,node-01,orders-api,503,True,anomalous,market_aware_v1,75.248,56.314,243.338,34.312,1.002,124.007,66.494,2.91
fbddad95-b82e-45ac-97fe-285bde37740a,2026-04-19T16:14:10.632164-04:00,node-01,checkout-api,502,True,anomalous,market_aware_v1,77.153,58.953,261.702,29.288,1.23,128.239,44.726,3.296
67487d56-3a4b-4de5-ba1a-1b1dac0ba967,2026-04-19T16:14:10.666290-04:00,node-01,payments-api,503,True,anomalous,market_aware_v1,73.442,59.65,271.262,29.899,1.212,127.147,38.308,3.214
5395799d-1e59-4399-b713-6659aa84e0db,2026-04-19T16:14:10.763290-04:00,node-01,orders-api,429,True,anomalous,market_aware_v1,78.731,56.335,247.939,31.91,1.043,123.977,69.976,2.954
a76ea242-0e8e-480f-b8aa-74c7c85e3090,2026-04-19T16:14:10.808749-04:00,node-01,checkout-api,503,True,anomalous,market_aware_v1,75.89,61.027,261.689,28.468,1.176,123.004,48.493,3.167
f7441ce1-bc58-4614-842a-860ccf4c5347,2026-04-19T16:14:10.841395-04:00,node-01,payments-api,500,True,anomalous,market_aware_v1,67.79,63.766,263.518,27.822,1.096,120.646,41.219,2.895
814607fa-5019-4736-bd06-bb820e5207b8,2026-04-19T16:14:10.873480-04:00,node-01,orders-api,503,True,anomalous,market_aware_v1,79.335,54.172,250.112,31.457,1.101,126.368,75.83,3.092
bba65236-4247-4d24-ba85-b373f1f8b216,2026-04-19T16:14:10.910008-04:00,node-01,checkout-api,503,True,anomalous,market_aware_v1,74.751,59.754,275.601,28.683,1.257,132.236,50.266,3.381
fd24ae28-7ee7-4f9f-87bb-c004c4c4cabd,2026-04-19T16:14:10.943594-04:00,node-01,payments-api,429,True,anomalous,market_aware_v1,70.474,60.403,280.499,24.253,1.18,126.676,35.391,3.286
5be9be7c-2811-49b5-b38b-a53f2312de67,2026-04-19T16:14:10.977323-04:00,node-01,orders-api,500,True,anomalous,market_aware_v1,76.328,58.278,240.412,33.308,1.031,123.703,65.027,2.956
de74587d-b560-476d-9388-ab918f72d95f,2026-04-19T16:14:11.007560-04:00,node-01,checkout-api,500,True,anomalous,market_aware_v1,72.861,58.112,261.094,28.981,1.25,126.476,44.601,3.19
26836382-f87d-49da-9964-7ee6e703e552,2026-04-19T16:14:11.029936-04:00,node-01,payments-api,502,True,anomalous,market_aware_v1,65.619,61.964,263.396,29.001,1.145,124.68,40.294,3.11
6b80e456-0784-44af-956e-e6d5d168ec36,2026-04-19T16:14:11.050681-04:00,node-01,orders-api,502,True,anomalous,market_aware_v1,75.073,54.326,244.285,30.635,1.158,132.472,66.223,3.098
eb45fbba-8fbe-48f2-8142-2a3a83157a97,2026-04-19T16:14:11.072231-04:00,node-01,checkout-api,500,True,anomalous,market_aware_v1,75.617,57.566,259.157,30.415,1.171,122.249,44.015,3.05
390d2943-abb4-4c1d-86a9-704d61574dfe,2026-04-19T16:14:11.103254-04:00,node-01,payments-api,503,True,anomalous,market_aware_v1,65.719,59.458,256.346,27.296,1.075,120.402,41.337,3.054
c97624d4-812a-4bdf-892c-ac30877bcb6b,2026-04-19T16:14:11.142677-04:00,node-01,orders-api,503,True,anomalous,market_aware_v1,74.673,53.694,246.711,30.675,1.076,124.114,69.702,2.937
23362f92-ea6c-4515-8a6d-22a28b743ef8,2026-04-19T16:14:11.169169-04:00,node-01,checkout-api,500,True,normal,market_aware_v1,69.577,57.37,244.366,30.929,1.114,117.853,49.458,2.946
eb7f1bec-a3d5-49ed-9090-713a69a8d3e9,2026-04-19T16:14:11.202447-04:00,node-01,payments-api,502,True,anomalous,market_aware_v1,67.855,59.965,285.943,26.277,1.536,137.775,15.008,3.949
e74e06c7-d2b3-431f-b68d-499ca4729d46,2026-04-19T16:14:11.225568-04:00,node-01,orders-api,429,True,anomalous,market_aware_v1,70.601,55.4,228.588,33.765,0.971,120.73,66.435,2.817
976a62d4-940e-4117-9fca-63b443bd951d,2026-04-19T16:14:11.247706-04:00,node-01,checkout-api,429,True,anomalous,market_aware_v1,66.533,54.83,265.318,26.777,1.277,129.705,38.654,3.305
d7c505cf-066e-46ce-a25d-c958ef7eae4d,2026-04-19T16:14:11.268163-04:00,node-01,payments-api,500,True,anomalous,market_aware_v1,63.096,58.047,261.543,23.709,1.069,121.361,31.106,2.952
7c340486-890e-4d32-b835-3f51be920d00,2026-04-19T16:14:11.289813-04:00,node-01,orders-api,502,True,normal,market_aware_v1,68.184,52.972,230.907,30.821,1.017,117.985,61.691,2.842
cdf1592c-818d-4da0-916a-eb6e3dc25393,2026-04-19T16:14:11.312957-04:00,node-01,checkout-api,500,True,anomalous,market_aware_v1,69.22,55.927,259.028,27.721,1.238,128.91,35.972,3.388
c37afecd-2234-4837-8619-80a5014d1631,2026-04-19T16:14:11.333453-04:00,node-01,payments-api,429,True,normal,market_aware_v1,59.552,56.692,254.069,23.634,1.086,116.957,29.554,2.875
144bfe28-b9ad-4303-a842-fd84e3e01d77,2026-04-19T16:14:11.356948-04:00,node-01,orders-api,500,True,anomalous,market_aware_v1,63.94,46.882,241.554,29.62,0.973,120.64,63.053,2.845
65280428-105c-404a-8114-a4ef0488d1d8,2026-04-19T16:14:11.376806-04:00,node-01,checkout-api,502,True,anomalous,market_aware_v1,65.314,52.58,257.186,26.39,1.131,123.608,31.951,3.022
db743cdb-6c9b-4690-9d26-cdcd0e326447,2026-04-19T16:14:11.393420-04:00,node-01,payments-api,429,True,anomalous,market_aware_v1,61.81,56.377,276.647,24.518,1.136,133.777,20.01,3.366
ac59ff1d-2734-4df9-a61e-24d60b48609f,2026-04-19T16:14:11.411009-04:00,node-01,orders-api,429,True,normal,market_aware_v1,62.306,50.379,218.691,26.901,1.013,111.873,61.693,2.663
c4ccd66d-4bfa-4eb7-82f9-101640eecb6c,2026-04-19T16:14:11.432462-04:00,node-01,checkout-api,429,True,normal,market_aware_v1,64.286,55.852,251.238,27.104,1.182,115.954,41.915,2.89
0f55985f-5822-4d43-928c-9a606f5f3b82,2026-04-19T16:14:11.456747-04:00,node-01,payments-api,500,True,anomalous,market_aware_v1,60.148,53.625,266.4,21.917,1.093,121.786,23.174,3.093
6a4ab3e3-5744-40e0-95c5-452e6751013d,2026-04-19T16:14:11.476862-04:00,node-01,orders-api,503,True,normal,market_aware_v1,67.223,52.782,237.63,29.788,1.049,119.233,53.601,2.78
5ca95a1d-9512-4088-b7c8-429a14f9936d,2026-04-19T16:14:11.500252-04:00,node-01,checkout-api,500,True,normal,market_aware_v1,63.807,52.781,246.39,29.243,1.198,119.294,40.461,3.068
8eedccfc-b4c5-4169-b82b-7d8c05dcacb2,2026-04-19T16:14:11.530283-04:00,node-01,payments-api,429,True,normal,market_aware_v1,58.054,58.35,252.872,24.358,1.011,116.513,26.487,2.858
3789d187-00a7-46b3-80a6-26bf825d418d,2026-04-19T16:14:11.568431-04:00,node-01,orders-api,502,True,anomalous,market_aware_v1,67.759,51.939,249.583,28.898,1.144,125.787,60.25,3.084
5c2c817b-6857-4af0-9049-1dc075b092c0,2026-04-19T16:14:11.596499-04:00,node-01,checkout-api,502,True,anomalous,market_aware_v1,66.683,54.824,251.755,28.136,1.209,120.205,45.267,3.141
aa1bfa3d-26be-4f16-85ab-9ab4f9be1c0a,2026-04-19T16:14:11.621135-04:00,node-01,payments-api,429,True,anomalous,market_aware_v1,63.095,54.179,268.45,24.003,1.156,125.327,27.078,3.188
e0f903fa-487a-4241-8b5e-19d36408ed1f,2026-04-19T16:14:11.643419-04:00,node-01,orders-api,503,True,anomalous,market_aware_v1,72.42,54.701,238.521,31.703,1.321,119.082,65.394,3.182
26c10a3c-2bcf-49f2-abd1-cd8327a0d102,2026-04-19T16:14:11.663506-04:00,node-01,checkout-api,500,True,normal,market_aware_v1,66.96,56.465,245.351,30.217,1.128,119.756,45.914,3.095
17b96c65-0944-4044-b673-dc7d15e6344a,2026-04-19T16:14:11.686339-04:00,node-01,payments-api,502,True,anomalous,market_aware_v1,65.235,57.863,254.827,26.493,1.128,121.781,26.833,3.054
6c5ae09b-369a-48fc-833b-81060223b505,2026-04-19T16:14:11.708050-04:00,node-01,orders-api,503,True,anomalous,market_aware_v1,73.263,52.514,256.08,30.885,1.084,124.726,72.871,3.036
87c40108-7640-4d54-8b8f-3b793918407d,2026-04-19T16:14:11.732104-04:00,node-01,checkout-api,429,True,anomalous,market_aware_v1,67.123,55.328,258.297,29.762,1.218,128.961,43.358,3.28
45abd0d8-44ee-44d8-9049-f9ddd6acf9df,2026-04-19T16:14:11.754322-04:00,node-01,payments-api,429,True,anomalous,market_aware_v1,66.859,59.977,277.026,26.816,1.221,131.348,32.16,3.512
01fa0339-d920-4afc-bc56-cfa090901aa8,2026-04-19T16:14:11.773082-04:00,node-01,orders-api,429,True,normal,market_aware_v1,71.259,53.606,239.158,31.935,0.989,118.935,76.94,2.834
b54b4991-9963-4e4c-920b-997d6cab6516,2026-04-19T16:14:11.794908-04:00,node-01,checkout-api,500,True,anomalous,market_aware_v1,72.94,58.746,262.418,30.921,1.271,127.596,52.842,3.402
002fffab-d649-4df0-a0a3-a630a7618f2f,2026-04-19T16:14:11.818495-04:00,node-01,payments-api,500,True,normal,market_aware_v1,70.319,58.684,258.555,24.334,1.097,117.849,44.514,2.938
46f48e1e-419d-4610-a17a-a14e1ef9c937,2026-04-19T16:14:11.848356-04:00,node-01,orders-api,429,True,anomalous,market_aware_v1,74.445,53.089,233.292,29.709,1.068,124.995,71.241,3.122
2823751e-71b0-4261-8aea-e9847fed34e7,2026-04-19T16:14:11.865406-04:00,node-01,checkout-api,500,True,anomalous,market_aware_v1,71.32,61.575,263.854,29.832,1.142,129.12,43.341,3.162
4b76104b-67c9-4ac0-822c-4c8385bc67f3,2026-04-19T16:14:11.893991-04:00,node-01,payments-api,500,True,anomalous,market_aware_v1,67.474,61.697,265.239,24.554,1.209,131.753,31.605,3.252
d7d9b9a4-30eb-4c10-a513-bc9604272ed7,2026-04-19T16:14:11.913908-04:00,node-01,orders-api,503,True,anomalous,market_aware_v1,74.046,55.232,253.854,30.696,1.038,124.735,70.043,2.93
37b67c84-0c7a-46d3-a7f3-013c9c061874,2026-04-19T16:14:11.937440-04:00,node-01,checkout-api,502,True,anomalous,market_aware_v1,72.148,58.67,262.603,31.206,1.645,133.049,35.153,3.761
c69dd053-b325-4a5f-a2ab-45babf3f44fb,2026-04-19T16:14:11.957810-04:00,node-01,payments-api,429,True,anomalous,market_aware_v1,69.175,60.223,275.09,25.623,1.153,128.675,25.12,3.208
22ae8bdd-f57e-4147-b2c0-4843b4e6e86d,2026-04-19T16:14:11.992792-04:00,node-01,orders-api,502,True,normal,market_aware_v1,67.485,52.158,231.795,30.213,0.96,119.585,70.44,2.838
08387473-5ef4-41d5-aa1d-63d2450b4a31,2026-04-19T16:14:12.023661-04:00,node-01,checkout-api,502,True,anomalous,market_aware_v1,73.851,58.124,269.908,31.845,1.438,131.704,42.071,3.793
8522625a-34a5-4b57-bc33-0f152b284d9d,2026-04-19T16:14:12.040574-04:00,node-01,payments-api,500,True,anomalous,market_aware_v1,65.077,60.855,249.082,27.529,1.038,121.248,34.755,2.852
7a615df3-27cb-40cf-858e-3b392844c63a,2026-04-19T16:14:12.069141-04:00,node-01,orders-api,500,True,anomalous,market_aware_v1,74.452,52.632,250.357,30.556,1.101,126.01,61.722,2.992
07355a1c-2ded-4d27-aaa4-878c8094349d,2026-04-19T16:14:12.089927-04:00,node-01,checkout-api,429,True,anomalous,market_aware_v1,66.914,55.697,244.919,27.264,1.186,123.708,43.439,3.036
22caac58-cbad-4622-8d5e-e01200480ce7,2026-04-19T16:14:12.111620-04:00,node-01,payments-api,429,True,anomalous,market_aware_v1,65.029,58.797,266.087,26.304,1.217,127.298,32.585,3.185
47ca9ec8-d032-4aeb-a51d-00ca5e07585c,2026-04-19T16:14:12.133890-04:00,node-01,orders-api,503,True,anomalous,market_aware_v1,68.38,52.551,248.807,29.642,1.064,123.546,64.578,2.932
7bd95dbe-be48-4fec-80a2-9aabfc6c9bf4,2026-04-19T16:14:12.156490-04:00,node-01,checkout-api,500,True,anomalous,market_aware_v1,67.544,56.023,249.086,28.783,1.285,128.117,41.965,3.358
9fbfea16-9bf6-4037-b7df-a3b5328437c4,2026-04-19T16:14:12.178461-04:00,node-01,payments-api,503,True,anomalous,market_aware_v1,63.506,58.335,267.56,27.038,1.193,125.225,23.211,3.082
0b78ea26-ce55-4d4b-aa07-d081433a8940,2026-04-19T16:14:12.211189-04:00,node-01,orders-api,429,True,anomalous,market_aware_v1,69.246,54.687,236.601,30.374,1.066,124.176,59.615,3.096
b4a2715b-5abc-4bf8-980c-16fb0816a650,2026-04-19T16:14:12.243823-04:00,node-01,checkout-api,500,True,normal,market_aware_v1,67.222,55.264,246.242,27.956,1.123,118.259,46.863,2.953
b1a0672b-2ec3-4679-930f-3f896ee67244,2026-04-19T16:14:12.267388-04:00,node-01,payments-api,503,True,normal,market_aware_v1,62.973,60.143,250.02,24.184,1.036,116.458,35.146,2.886
a1c242c4-b80d-4274-8eff-d77c92ac1740,2026-04-19T16:14:12.288404-04:00,node-01,orders-api,503,True,normal,market_aware_v1,63.262,49.428,227.435,29.298,1.029,117.993,70.326,2.902
64939f57-cb95-4868-b964-55dd23b8dec0,2026-04-19T16:14:12.310736-04:00,node-01,checkout-api,503,True,anomalous,market_aware_v1,69.29,56.555,256.588,27.205,1.227,123.733,38.625,3.133
defc0cb5-305a-4956-8697-270ddd6ab8be,2026-04-19T16:14:12.332760-04:00,node-01,payments-api,503,True,normal,market_aware_v1,60.542,58.529,255.563,24.129,1.105,119.313,32.832,3.007
0b284b6a-dd18-4108-8edb-0d4bc66efc63,2026-04-19T16:14:12.354351-04:00,node-01,orders-api,503,True,anomalous,market_aware_v1,68.866,50.25,225.058,30.011,1.035,120.048,64.372,2.853
1733efe2-dcfb-45aa-8acf-aa39b0f9a875,2026-04-19T16:14:12.376063-04:00,node-01,checkout-api,429,True,anomalous,market_aware_v1,67.856,56.312,271.736,27.567,1.186,119.877,39.433,3.126
d005e5ed-017a-4d75-b120-7941fe96eb23,2026-04-19T16:14:12.408694-04:00,node-01,payments-api,500,True,normal,market_aware_v1,59.32,57.944,253.138,25.828,1.12,118.353,31.501,3.003
78eb018e-26b9-4a7b-8005-edab05faf435,2026-04-19T16:14:12.443806-04:00,node-01,orders-api,502,True,anomalous,market_aware_v1,71.523,55.621,240.2,27.757,0.997,122.01,63.277,2.948
46549746-5553-4ade-af85-7da36fc3db8c,2026-04-19T16:14:12.474496-04:00,node-01,checkout-api,429,True,anomalous,market_aware_v1,74.252,62.122,294.979,30.69,1.786,141.858,32.257,4.422
9fd16dae-ef3e-4069-8f06-e4beb6340254,2026-04-19T16:14:12.500665-04:00,node-01,payments-api,500,True,anomalous,market_aware_v1,65.413,54.8,269.435,27.021,1.145,124.832,31.95,3.211
8ae63236-9d59-4f76-9860-db95b831d6b2,2026-04-19T16:14:12.524902-04:00,node-01,orders-api,503,True,anomalous,market_aware_v1,74.546,54.517,253.258,30.81,1.035,126.597,65.801,3.051
c4eaa849-10f1-4719-874e-74244aec0fba,2026-04-19T16:14:12.555155-04:00,node-01,checkout-api,502,True,anomalous,market_aware_v1,74.713,57.073,265.611,30.912,1.242,125.865,48.922,3.323
9c681c38-2966-4ff4-b09b-c46d09739ca8,2026-04-19T16:14:12.588403-04:00,node-01,payments-api,500,True,anomalous,market_aware_v1,69.976,59.552,276.12,26.176,1.106,127.004,31.707,3.019
cdad8ffc-b58a-4ce3-b2c0-f642fef839e3,2026-04-19T16:14:12.617092-04:00,node-01,orders-api,500,True,anomalous,market_aware_v1,72.465,57.039,248.829,30.125,1.09,126.302,72.408,2.99
743f1e18-a81c-42dd-b563-db7183ff1217,2026-04-19T16:14:12.654424-04:00,node-01,checkout-api,429,True,anomalous,market_aware_v1,76.269,57.931,257.286,28.796,1.231,124.318,50.552,3.21
6a16567e-2bcd-43f8-a17d-cc014c88ee74,2026-04-19T16:14:12.683258-04:00,node-01,payments-api,503,True,anomalous,market_aware_v1,72.156,62.863,278.165,30.322,1.2,134.869,33.714,3.444
f455b469-b624-48a4-a663-cea059c3258f,2026-04-19T16:14:12.719939-04:00,node-01,orders-api,429,True,anomalous,market_aware_v1,78.144,57.409,264.038,32.388,1.041,130.791,68.366,3.288
3bca452a-82b2-4098-9735-d3d3f742917c,2026-04-19T16:14:12.752424-04:00,node-01,checkout-api,502,True,normal,market_aware_v1,74.896,63.86,248.129,30.589,1.099,119.708,52.921,2.928
62a2b150-fdad-45dc-b028-9e7cae628a1b,2026-04-19T16:14:12.783873-04:00,node-01,payments-api,500,True,anomalous,market_aware_v1,70.088,62.744,279.181,27.082,1.213,133.813,35.092,3.329
f0499069-0132-424d-b852-b11e800a271f,2026-04-19T16:14:12.805805-04:00,node-01,orders-api,503,True,anomalous,market_aware_v1,78.89,61.809,248.762,33.012,1.025,124.924,69.449,2.857
97089fc4-2619-40c1-bbe8-01fd48cc0275,2026-04-19T16:14:12.829551-04:00,node-01,checkout-api,502,True,anomalous,market_aware_v1,75.743,60.171,254.779,31.963,1.209,123.594,55.139,3.28
2cb248cd-c9fb-464d-a108-f9512d19da54,2026-04-19T16:14:12.858710-04:00,node-01,payments-api,500,True,anomalous,market_aware_v1,71.963,63.438,280.063,26.958,1.598,133.639,27.448,3.845
5ff8364a-39e5-4d1e-bdb7-fd5cf00849e9,2026-04-19T16:14:12.893707-04:00,node-01,orders-api,429,True,anomalous,market_aware_v1,74.955,57.396,244.411,33.701,1.058,121.728,68.005,2.766
d8cacdb2-d09d-4945-a217-f32a64747887,2026-04-19T16:14:12.915793-04:00,node-01,checkout-api,503,True,anomalous,market_aware_v1,73.327,60.553,260.862,30.021,1.261,124.87,51.36,3.238
09c05cdf-c360-4c56-b671-246980faaa1b,2026-04-19T16:14:12.946257-04:00,node-01,payments-api,502,True,anomalous,market_aware_v1,69.314,61.434,264.58,26.453,1.172,128.006,42.451,3.241
6ab36e4d-b2f4-43a4-bde6-bdf98bf1a7b7,2026-04-19T16:14:12.981251-04:00,node-01,orders-api,503,True,anomalous,market_aware_v1,75.715,58.38,250.818,32.366,1.057,125.946,75.054,2.968
10f6933b-99ac-465b-8674-3497950ffdd2,2026-04-19T16:14:13.003832-04:00,node-01,checkout-api,502,True,anomalous,market_aware_v1,73.281,57.304,258.239,28.64,1.339,131.934,47.689,3.473
07385359-2a12-4493-a9a2-27e7038e3724,2026-04-19T16:14:13.026912-04:00,node-01,payments-api,502,True,anomalous,market_aware_v1,72.618,60.376,276.509,26.863,1.187,130.538,33.805,3.257
d0cfc578-fb8c-4ea5-beb2-a971bb6f5d94,2026-04-19T16:14:13.046624-04:00,node-01,orders-api,500,True,normal,market_aware_v1,70.03,50.928,227.079,31.322,1.005,117.481,71.801,2.806
88a1f479-b69c-494b-a48e-69adcfd25ea4,2026-04-19T16:14:13.068797-04:00,node-01,checkout-api,503,True,anomalous,market_aware_v1,70.801,54.884,258.426,28.451,1.193,124.953,41.58,3.14
0ba7f12f-5883-4a98-8a39-59ab65069156,2026-04-19T16:14:13.091703-04:00,node-01,payments-api,503,True,anomalous,market_aware_v1,69.868,61.756,274.487,25.243,1.232,127.561,30.692,3.329
80bc1497-c22f-44c6-9a47-78d3897ff057,2026-04-19T16:14:13.111680-04:00,node-01,orders-api,503,True,anomalous,market_aware_v1,72.652,55.416,254.418,30.881,1.205,133.829,62.052,3.335
522b40a0-3a0c-46f8-bee4-dd73c1eea545,2026-04-19T16:14:13.134791-04:00,node-01,checkout-api,503,True,anomalous,market_aware_v1,67.957,54.257,242.59,27.327,1.123,120.675,46.677,3.009
ac1aad84-1929-4702-8bbf-dc4d151bed1d,2026-04-19T16:14:13.156838-04:00,node-01,payments-api,500,True,anomalous,market_aware_v1,61.778,59.494,260.253,26.211,1.121,123.264,25.738,3.026
80a9940b-26d3-43d3-beef-8cf5fd70ede6,2026-04-19T16:14:13.180585-04:00,node-01,orders-api,502,True,normal,market_aware_v1,66.04,54.534,222.4,28.749,0.981,114.926,57.843,2.6
73b938b0-5964-4950-a7cb-fa0ecfcafd9b,2026-04-19T16:14:13.199913-04:00,node-01,checkout-api,429,True,anomalous,market_aware_v1,63.31,55.15,248.553,28.052,1.202,121.097,44.3,3.17
911dde67-26d0-4782-8af1-f767e2722923,2026-04-19T16:14:13.223916-04:00,node-01,payments-api,502,True,anomalous,market_aware_v1,59.1,54.617,245.65,24.207,1.178,121.378,26.577,3.104
39463785-1329-4c9f-954f-b894d09645bf,2026-04-19T16:14:13.248260-04:00,node-01,orders-api,429,True,anomalous,market_aware_v1,65.951,49.766,243.439,29.614,1.064,122.852,64.211,2.947
90578fb3-0857-4fcc-bc89-9394a92335c9,2026-04-19T16:14:13.276933-04:00,node-01,checkout-api,500,True,anomalous,market_aware_v1,63.331,51.91,257.678,25.994,1.218,126.61,33.195,3.21
9ad88bcd-ac71-47f2-9094-3b4d78f4fcec,2026-04-19T16:14:13.302420-04:00,node-01,payments-api,502,True,anomalous,market_aware_v1,60.222,53.483,260.507,22.207,1.023,125.279,24.963,3.135
c042018a-0140-492b-8106-8719b78fbded,2026-04-19T16:14:13.331642-04:00,node-01,orders-api,500,True,normal,market_aware_v1,65.894,51.466,231.437,31.076,0.971,118.581,60.738,2.874
62c4c231-8ca7-487e-ab30-a6284fb49a75,2026-04-19T16:14:13.366090-04:00,node-01,checkout-api,429,True,normal,market_aware_v1,63.742,55.642,250.995,27.087,1.213,119.886,35.488,3.078
86ce1166-86c4-4671-82df-17dc8a63c143,2026-04-19T16:14:13.388799-04:00,node-01,payments-api,429,True,anomalous,market_aware_v1,58.357,55.895,273.067,22.117,1.143,122.275,24.066,3.056
923dde71-1202-4486-82a0-bb382edbaa27,2026-04-19T16:14:13.411415-04:00,node-01,orders-api,429,True,anomalous,market_aware_v1,69.4,49.77,231.939,27.175,1.046,120.702,64.143,2.909
8f5a0bfc-ec98-4b2b-9cc8-aa428f3972f6,2026-04-19T16:14:13.432611-04:00,node-01,checkout-api,500,True,anomalous,market_aware_v1,68.059,52.267,255.614,27.249,1.174,121.143,36.157,3.042
c7fdf348-48f5-4cf9-af8d-bc5df95e73ec,2026-04-19T16:14:13.455321-04:00,node-01,payments-api,500,True,anomalous,market_aware_v1,63.555,55.433,277.124,22.367,1.237,133.034,27.672,3.536
9ef6359d-a0c0-4c26-a040-c66b289923d3,2026-04-19T16:14:13.475862-04:00,node-01,orders-api,429,True,normal,market_aware_v1,66.629,48.786,227.598,27.705,0.979,118.479,65.335,2.786
a5e891de-c9de-43c7-a077-31174234003d,2026-04-19T16:14:13.507717-04:00,node-01,checkout-api,502,True,anomalous,market_aware_v1,67.563,54.013,257.582,29.376,1.256,122.064,43.326,3.312
b7004427-9289-4919-b939-41980d1dd7c7,2026-04-19T16:14:13.541836-04:00,node-01,payments-api,503,True,anomalous,market_aware_v1,60.153,57.3,269.113,26.325,1.1,125.729,26.621,3.135
7f0787de-620b-4cb8-9adc-5fb50f7c0967,2026-04-19T16:14:13.566070-04:00,node-01,orders-api,500,True,normal,market_aware_v1,70.135,52.049,237.992,31.387,1.009,119.885,67.871,2.836
3779dd5e-e7dd-4e94-ab0f-a15f82e3364a,2026-04-19T16:14:13.586051-04:00,node-01,checkout-api,500,True,anomalous,market_aware_v1,69.593,56.643,266.904,30.438,1.275,130.122,36.679,3.339
77468843-bc46-4258-bb1d-6523ecb0bfc7,2026-04-19T16:14:13.608035-04:00,node-01,payments-api,502,True,anomalous,market_aware_v1,66.367,60.791,288.782,26.79,1.355,135.397,32.64,3.666
70081dfe-6f33-4d3b-a760-eaff1f674280,2026-04-19T16:14:13.632052-04:00,node-01,orders-api,502,True,normal,market_aware_v1,71.468,51.043,237.472,28.623,1.015,119.271,70.915,2.938
558cfbb7-9e66-4229-8599-442269dde514,2026-04-19T16:14:13.662215-04:00,node-01,checkout-api,429,True,anomalous,market_aware_v1,73.569,58.632,271.174,28.142,1.249,122.205,48.468,3.058
2a46a384-98e4-4c43-b3bb-35b3d58267df,2026-04-19T16:14:13.705440-04:00,node-01,payments-api,502,True,anomalous,market_aware_v1,66.909,58.539,275.678,26.156,1.151,127.741,28.51,3.178
e3b3935d-493f-4f44-b317-d43bd6658c91,2026-04-19T16:14:13.734614-04:00,node-01,orders-api,429,True,anomalous,market_aware_v1,76.712,55.316,249.311,31.828,1.389,124.555,67.141,3.468
6b1104b2-ee25-4580-9211-847cfa95c623,2026-04-19T16:14:13.765208-04:00,node-01,checkout-api,429,True,anomalous,market_aware_v1,75.224,61.818,281.206,29.375,1.386,137.766,40.034,3.849
ada3dba4-66c3-4c8c-ad06-b35fd4418dad,2026-04-19T16:14:13.800053-04:00,node-01,payments-api,429,True,normal,market_aware_v1,66.992,61.046,242.561,25.759,0.965,115.025,42.196,2.652
f56b268d-bad6-48eb-9278-164dfe6bc724,2026-04-19T16:14:13.827320-04:00,node-01,orders-api,503,True,anomalous,market_aware_v1,72.11,53.914,247.186,31.028,1.134,128.557,67.498,3.058
6aee6e59-9176-410e-8325-c3d3de8ec6d8,2026-04-19T16:14:13.852844-04:00,node-01,checkout-api,503,True,anomalous,market_aware_v1,72.885,60.33,270.296,31.41,1.311,130.362,41.554,3.463
9331aad6-4116-4305-86ec-c31616097ee0,2026-04-19T16:14:13.881940-04:00,node-01,payments-api,502,True,anomalous,market_aware_v1,67.962,61.733,263.822,25.969,1.297,131.58,31.535,3.329
7acbc67f-9057-49e5-a331-fb1098400516,2026-04-19T16:14:13.918794-04:00,node-01,orders-api,502,True,anomalous,market_aware_v1,76.201,54.26,240.741,29.907,1.108,126.064,69.835,3.01
4fc40ff8-efc7-49fe-b939-7d9e1ec42d36,2026-04-19T16:14:13.939494-04:00,node-01,checkout-api,429,True,anomalous,market_aware_v1,74.087,59.194,269.862,30.884,1.342,132.825,40.912,3.463
24fef1be-8e64-4078-8418-4b31b4046399,2026-04-19T16:14:13.961532-04:00,node-01,payments-api,500,True,anomalous,market_aware_v1,68.565,63.362,274.513,28.489,1.336,132.906,36.532,3.653
7e5d2773-5b81-4aab-86a0-8cdc5744855e,2026-04-19T16:14:13.984679-04:00,node-01,orders-api,429,True,anomalous,market_aware_v1,72.549,56.521,254.989,30.278,1.066,129.046,64.153,3.082
15b1ded9-444c-4241-81de-064698fedb32,2026-04-19T16:14:14.005333-04:00,node-01,checkout-api,500,True,anomalous,market_aware_v1,70.147,55.957,275.266,28.603,1.183,127.359,43.234,3.33
3a0ab0d1-5791-493d-ac2c-09f4146be449,2026-04-19T16:14:14.026752-04:00,node-01,payments-api,503,True,anomalous,market_aware_v1,68.07,59.295,276.914,26.521,1.182,132.782,26.098,3.364
c07ce807-99c9-4901-a417-6acabf236997,2026-04-19T16:14:14.058171-04:00,node-01,orders-api,429,True,normal,market_aware_v1,76.733,52.786,242.385,30.943,1.0,118.586,71.304,2.816
ad9ba9ab-c240-4449-a695-3f3f5d695bee,2026-04-19T16:14:14.094221-04:00,node-01,checkout-api,429,True,anomalous,market_aware_v1,70.915,53.797,254.512,28.389,1.189,122.051,42.319,3.1
a067159e-5178-477f-b0b3-d5d395e8b47d,2026-04-19T16:14:14.116468-04:00,node-01,payments-api,500,True,anomalous,market_aware_v1,63.89,61.204,274.942,23.374,1.268,130.791,29.873,3.325
ec5a4c3c-f7c3-4d64-8ea1-aeb2e5f50c15,2026-04-19T16:14:14.137580-04:00,node-01,orders-api,429,True,normal,market_aware_v1,70.068,55.428,223.822,30.9,0.94,115.764,70.524,2.662
08997bd2-6c35-4939-8cba-68d1f794d338,2026-04-19T16:14:14.160409-04:00,node-01,checkout-api,500,True,anomalous,market_aware_v1,69.594,58.08,266.009,28.617,1.253,130.856,34.769,3.24
9210f034-b714-44da-bab5-6449ac386a7c,2026-04-19T16:14:14.181218-04:00,node-01,payments-api,500,True,anomalous,market_aware_v1,65.093,57.471,267.279,24.926,1.267,131.296,19.676,3.33
04a80d64-e617-4501-bade-dc1d8486fcf2,2026-04-19T16:14:14.203676-04:00,node-01,orders-api,502,True,anomalous,market_aware_v1,67.991,53.335,236.046,29.221,1.026,121.136,67.687,2.834
d8a63db3-2a6e-4c36-8672-248bc517d88f,2026-04-19T16:14:14.225662-04:00,node-01,checkout-api,503,True,anomalous,market_aware_v1,71.512,53.599,267.264,28.225,1.224,128.218,40.912,3.229
985dc522-9cc5-4711-8772-959a6006787e,2026-04-19T16:14:14.247771-04:00,node-01,payments-api,500,True,anomalous,market_aware_v1,60.409,55.255,273.157,25.715,1.18,128.79,25.467,3.348
b67eba06-fe9a-473d-be8e-2b8967cb74f5,2026-04-19T16:14:14.269500-04:00,node-01,orders-api,502,True,anomalous,market_aware_v1,68.536,51.001,244.865,29.205,1.004,124.513,70.992,2.875
98cf78f9-8286-4ebf-ab25-0ce2e5a5cc18,2026-04-19T16:14:14.289902-04:00,node-01,checkout-api,500,True,normal,market_aware_v1,65.281,55.249,252.168,30.09,1.184,119.374,34.775,2.986
6a5fa9eb-e21b-4488-b450-e9bd9a981f16,2026-04-19T16:14:14.314029-04:00,node-01,payments-api,502,True,anomalous,market_aware_v1,60.796,57.905,258.348,22.556,1.133,121.806,30.817,3.035
9880a356-b26a-4603-b3a6-c087da574d40,2026-04-19T16:14:14.334044-04:00,node-01,orders-api,429,True,anomalous,market_aware_v1,71.866,53.971,250.398,27.377,1.102,126.949,63.268,3.096
0af981ec-2794-4157-9154-e3e1816e11f2,2026-04-19T16:14:14.368700-04:00,node-01,checkout-api,503,True,anomalous,market_aware_v1,72.394,56.918,279.006,29.77,1.634,133.702,31.83,3.986
ce00c5f6-a244-4448-9cdb-13acf81dcd02,2026-04-19T16:14:14.392138-04:00,node-01,payments-api,500,True,anomalous,market_aware_v1,67.088,57.313,258.746,26.895,1.166,123.583,29.146,3.176
9ae2507e-8208-47d2-af70-401b3a10dadd,2026-04-19T16:14:14.409329-04:00,node-01,orders-api,429,True,anomalous,market_aware_v1,73.599,54.244,238.374,29.529,1.032,121.627,68.4,2.782
e85929a1-b611-4da5-b615-16a386434c9b,2026-04-19T16:14:14.429624-04:00,node-01,checkout-api,429,True,anomalous,market_aware_v1,72.432,54.656,290.91,30.55,1.47,139.641,39.312,4.026
47c13e73-83e8-4f88-9543-a20c856c330e,2026-04-19T16:14:14.457480-04:00,node-01,payments-api,429,True,anomalous,market_aware_v1,65.402,57.314,265.429,24.029,1.106,125.007,34.805,3.091
ee9c228a-c873-4fe4-abcd-414254b9411a,2026-04-19T16:14:14.477578-04:00,node-01,orders-api,500,True,anomalous,market_aware_v1,71.332,53.634,243.85,30.817,1.068,128.058,67.324,3.088
19b89908-4d10-4000-9a2f-4efc97f1f93e,2026-04-19T16:14:14.502462-04:00,node-01,checkout-api,502,True,anomalous,market_aware_v1,70.369,59.785,258.471,28.187,1.216,129.351,43.004,3.38
ed4ce5d7-dc18-4518-99f8-9cb28fb04c55,2026-04-19T16:14:14.522734-04:00,node-01,payments-api,503,True,anomalous,market_aware_v1,68.387,58.96,253.144,25.765,1.208,125.182,34.758,3.156
9e59c233-d879-4971-bdc6-a8203e6483b5,2026-04-19T16:14:14.544356-04:00,node-01,orders-api,503,True,normal,market_aware_v1,76.252,55.762,232.198,30.646,1.072,118.8,75.288,2.751
aa9497a8-4640-4d16-bce2-8c3e47c8cd7c,2026-04-19T16:14:14.566052-04:00,node-01,checkout-api,500,True,anomalous,market_aware_v1,73.104,59.302,261.438,29.483,1.235,130.895,46.877,3.411
1f00803e-8be3-4bf2-8a58-808a2ad4372b,2026-04-19T16:14:14.591013-04:00,node-01,payments-api,503,True,anomalous,market_aware_v1,70.43,59.17,279.383,28.191,1.253,134.237,33.873,3.447
3a89a7c4-959e-44d6-9e27-a0fd55eb4ff5,2026-04-19T16:14:14.611464-04:00,node-01,orders-api,500,True,anomalous,market_aware_v1,72.157,56.304,249.741,32.002,1.167,132.67,68.832,3.154
0e48c6a2-91e7-4634-901e-2802f0c83302,2026-04-19T16:14:14.634174-04:00,node-01,checkout-api,503,True,anomalous,market_aware_v1,73.874,58.674,261.214,30.005,1.166,124.263,53.758,3.159
19205949-2de4-485c-ab13-d59c52cf3104,2026-04-19T16:14:14.656151-04:00,node-01,payments-api,502,True,anomalous,market_aware_v1,69.872,65.871,285.756,26.558,1.303,141.349,30.366,3.572
a6b4c74d-7eda-4b16-b36c-c7b9376943ec,2026-04-19T16:14:14.677807-04:00,node-01,orders-api,500,True,anomalous,market_aware_v1,77.031,56.387,254.019,33.714,1.195,133.667,73.407,3.325
9b1c9dbd-3108-4885-a06d-60873006217a,2026-04-19T16:14:14.699757-04:00,node-01,checkout-api,500,True,anomalous,market_aware_v1,73.551,59.465,260.566,30.07,1.301,128.478,54.484,3.301
f173a8d8-09fe-4d05-bb38-251a0c424140,2026-04-19T16:14:14.721471-04:00,node-01,payments-api,503,True,anomalous,market_aware_v1,73.208,60.52,260.395,28.315,1.162,128.5,36.975,3.142
c5b273ca-00ff-46e9-89ef-1529397304ec,2026-04-19T16:14:14.744029-04:00,node-01,orders-api,502,True,anomalous,market_aware_v1,81.247,59.267,262.336,31.068,1.216,138.092,66.971,3.373
7224b1f0-9b00-476a-8ff1-f969b37c6059,2026-04-19T16:14:14.768360-04:00,node-01,checkout-api,429,True,anomalous,market_aware_v1,74.484,59.162,269.854,30.426,1.215,128.205,49.287,3.263
caa4a2dc-b3eb-4982-9bea-8a0302f716b7,2026-04-19T16:14:14.790522-04:00,node-01,payments-api,502,True,anomalous,market_aware_v1,71.829,62.13,275.639,26.277,1.187,130.241,43.317,3.331
d7758955-2b13-47a9-ac36-d9f4a6ce4d3a,2026-04-19T16:14:14.819586-04:00,node-01,orders-api,502,True,anomalous,market_aware_v1,74.589,56.552,259.203,34.118,1.079,130.367,72.844,3.145
eb5055d4-4d6c-4272-be6b-e63456ea74df,2026-04-19T16:14:14.844937-04:00,node-01,checkout-api,500,True,anomalous,market_aware_v1,67.966,57.268,255.28,30.225,1.266,127.972,49.113,3.392
6670461d-006f-4160-86cf-9c2041d1650d,2026-04-19T16:14:14.868346-04:00,node-01,payments-api,500,True,anomalous,market_aware_v1,69.25,56.746,279.257,27.421,1.27,135.328,33.741,3.652
d15f9aae-b99e-4da8-9866-29dc93b387c7,2026-04-19T16:14:14.896687-04:00,node-01,orders-api,429,True,anomalous,market_aware_v1,73.462,54.526,256.746,30.01,1.158,132.174,63.021,3.156
1d7103ea-fab9-422e-9bf8-499c88fd9830,2026-04-19T16:14:14.934301-04:00,node-01,checkout-api,502,True,anomalous,market_aware_v1,72.078,57.154,269.509,31.06,1.211,127.467,42.677,3.171
650e6dbd-732c-448f-b9d6-afaed19c29dc,2026-04-19T16:14:14.962865-04:00,node-01,payments-api,500,True,anomalous,market_aware_v1,66.797,59.274,257.632,26.284,1.178,126.915,28.628,3.102
54537175-7a44-4122-b4f7-98c0366be337,2026-04-19T16:14:14.998796-04:00,node-01,orders-api,503,True,anomalous,market_aware_v1,67.197,55.513,233.258,31.654,0.985,120.875,64.3,2.892
c723caf8-99cb-4ac7-accf-65a7c11bd8eb,2026-04-19T16:14:15.021291-04:00,node-01,checkout-api,500,True,anomalous,market_aware_v1,66.287,56.408,259.077,31.013,1.174,124.703,37.469,3.135
ab0958ba-d8ff-4187-9a3e-889c6bfc7bb2,2026-04-19T16:14:15.042918-04:00,node-01,payments-api,503,True,anomalous,market_aware_v1,69.528,59.826,282.269,27.85,1.542,137.058,16.94,3.881
13215268-cbe2-4f4d-bc9c-7c209dcd9ab6,2026-04-19T16:14:15.063656-04:00,node-01,orders-api,429,True,anomalous,market_aware_v1,71.16,52.072,242.893,30.533,1.01,127.348,60.499,3.045
92098198-1c74-48bd-ad9f-45281d11cff2,2026-04-19T16:14:15.087292-04:00,node-01,checkout-api,502,True,normal,market_aware_v1,67.338,53.449,249.687,28.838,1.035,118.484,41.103,2.821
dbfb5e26-a382-48a8-bd89-527a4f0c1458,2026-04-19T16:14:15.117179-04:00,node-01,payments-api,500,True,anomalous,market_aware_v1,60.35,58.773,261.173,23.285,1.178,124.88,32.55,3.204
0159a9b6-46c3-4d31-9acd-5cd33bb27000,2026-04-19T16:14:15.152288-04:00,node-01,orders-api,429,True,anomalous,market_aware_v1,69.22,52.754,239.43,31.216,1.135,128.56,57.195,3.105
5e11c21c-d9ca-41a4-bd78-334908f0c6de,2026-04-19T16:14:15.172990-04:00,node-01,checkout-api,502,True,anomalous,market_aware_v1,66.629,54.082,262.602,26.717,1.29,128.8,30.374,3.335
55ed7833-76a2-4cfa-abb0-7b0eef16c1b6,2026-04-19T16:14:15.196670-04:00,node-01,payments-api,429,True,anomalous,market_aware_v1,64.779,55.866,279.083,28.011,1.529,131.619,19.651,3.697
7c42365a-08a7-4d10-9c8f-da1504f57a41,2026-04-19T16:14:15.218941-04:00,node-01,orders-api,500,True,anomalous,market_aware_v1,62.682,49.769,236.359,28.514,1.047,123.025,62.637,2.964
4e94bacd-f888-4bc3-ab6f-2b71f9e3d25b,2026-04-19T16:14:15.240678-04:00,node-01,checkout-api,429,True,anomalous,market_aware_v1,62.026,54.898,266.916,28.378,1.401,134.019,28.748,3.461
3d2bab61-9f4c-4e30-8bce-86a0e838bbeb,2026-04-19T16:14:15.263004-04:00,node-01,payments-api,500,True,anomalous,market_aware_v1,61.593,56.256,265.722,23.878,1.088,125.991,27.04,3.073
d926e5a3-2b4c-46c1-9c4a-07999d3cbb3b,2026-04-19T16:14:15.284619-04:00,node-01,orders-api,500,True,anomalous,market_aware_v1,64.523,48.809,250.204,28.705,1.07,124.699,60.279,2.948
74e8b9b3-5b38-4c6f-beb7-59e8d8c09735,2026-04-19T16:14:15.305872-04:00,node-01,checkout-api,502,True,normal,market_aware_v1,69.047,52.414,253.507,27.296,1.139,118.493,33.848,3.08
80c5e642-61c1-4ec8-bdc1-18dfee545faf,2026-04-19T16:14:15.328776-04:00,node-01,payments-api,503,True,anomalous,market_aware_v1,58.031,56.191,250.085,21.06,1.124,123.877,21.57,2.924
490f62ce-a046-4627-ac4e-d1071045e7f9,2026-04-19T16:14:15.350436-04:00,node-01,orders-api,429,True,anomalous,market_aware_v1,70.833,47.272,230.696,28.873,0.976,120.213,62.349,2.87
5ffc5a1b-d0be-4e5d-9926-1c43ffe61cf7,2026-04-19T16:14:15.371284-04:00,node-01,checkout-api,502,True,anomalous,market_aware_v1,66.6,55.448,267.38,30.524,1.307,128.218,37.685,3.289
9c4767bb-5c4f-4e07-824c-a23c09345bd2,2026-04-19T16:14:15.398082-04:00,node-01,payments-api,500,True,anomalous,market_aware_v1,64.501,58.084,269.939,25.538,1.535,130.747,21.09,3.676
dd65d7a5-e38c-483c-8b49-b39cec4af75b,2026-04-19T16:14:15.418087-04:00,node-01,orders-api,500,True,anomalous,market_aware_v1,66.668,53.41,257.504,29.86,1.155,127.188,65.045,3.07
c8c879b8-8190-4e4c-a8bc-6dcd148fe1dd,2026-04-19T16:14:15.450825-04:00,node-01,checkout-api,502,True,anomalous,market_aware_v1,63.53,54.063,258.174,29.256,1.138,122.508,36.866,3.042
edc0e3ec-8c4b-4dc0-9ef6-13a2e21b561f,2026-04-19T16:14:15.473120-04:00,node-01,payments-api,503,True,anomalous,market_aware_v1,64.274,58.916,274.017,26.425,1.254,132.82,30.718,3.471
f239e075-0d58-42df-b745-4bb334fbbb96,2026-04-19T16:14:15.496121-04:00,node-01,orders-api,503,True,anomalous,market_aware_v1,71.515,53.874,242.913,29.719,1.13,123.565,66.841,3.04
21ce553c-24ee-4980-bb74-510dce0d5e95,2026-04-19T16:14:15.519625-04:00,node-01,checkout-api,429,True,anomalous,market_aware_v1,66.783,55.485,265.846,30.625,1.304,126.246,44.859,3.197
3b8b655b-8f62-4a43-a73a-7d4464aa7bbc,2026-04-19T16:14:15.540327-04:00,node-01,payments-api,502,True,anomalous,market_aware_v1,68.954,57.559,287.113,26.87,1.306,138.277,25.783,3.637
035efaaa-51c7-480d-aaf1-e80850658971,2026-04-19T16:14:15.560744-04:00,node-01,orders-api,502,True,anomalous,market_aware_v1,74.729,51.897,256.043,32.361,1.18,136.306,62.859,3.249
dc029fda-1d38-429b-b953-6245b4798d9a,2026-04-19T16:14:15.584365-04:00,node-01,checkout-api,502,True,anomalous,market_aware_v1,67.349,57.819,252.005,29.233,1.182,122.343,43.121,3.065
1d11f99e-d029-4c9c-ba7d-625ac3d62707,2026-04-19T16:14:15.606877-04:00,node-01,payments-api,503,True,anomalous,market_aware_v1,65.696,60.955,276.375,28.922,1.252,130.026,33.131,3.355
3ac8e202-3212-4178-bf94-df7056a7a374,2026-04-19T16:14:15.628986-04:00,node-01,orders-api,502,True,anomalous,market_aware_v1,77.358,57.933,263.859,33.688,1.449,132.143,61.989,3.671
b91ca97c-1b22-4a76-8811-e4499d67d1b3,2026-04-19T16:14:15.651099-04:00,node-01,checkout-api,429,True,anomalous,market_aware_v1,72.166,52.554,271.656,29.636,1.29,130.374,42.017,3.379
315e3cbc-9a0a-4b4a-b9be-7e222d715241,2026-04-19T16:14:15.672060-04:00,node-01,payments-api,502,True,anomalous,market_aware_v1,68.692,62.167,279.302,27.297,1.189,125.004,36.786,3.288
9f916a71-20d8-4936-b0d0-ecf1d1d98df5,2026-04-19T16:14:15.694694-04:00,node-01,orders-api,502,True,anomalous,market_aware_v1,71.717,57.219,246.169,34.143,1.121,127.051,69.227,3.116
4f4117ff-a50b-4a89-ba52-f88a9ef2f60c,2026-04-19T16:14:15.724899-04:00,node-01,checkout-api,500,True,anomalous,market_aware_v1,74.8,57.158,265.784,30.266,1.326,128.78,46.582,3.381
0ebae56d-e085-4ea5-84bd-068705d5e4ee,2026-04-19T16:14:15.759710-04:00,node-01,payments-api,500,True,anomalous,market_aware_v1,72.341,61.768,276.616,27.509,1.448,127.043,34.2,3.58
de113fa5-e0db-44b7-b1ae-e26a033af2b5,2026-04-19T16:14:15.783212-04:00,node-01,orders-api,502,True,anomalous,market_aware_v1,73.497,56.575,275.848,31.696,1.3,137.974,68.21,3.707
783009c6-6d86-45bb-a5c5-569c8782826d,2026-04-19T16:14:15.802499-04:00,node-01,checkout-api,503,True,anomalous,market_aware_v1,71.592,57.58,268.924,30.455,1.246,126.246,43.375,3.239
42c17a6c-733f-4114-939b-7bd40e857011,2026-04-19T16:14:15.825507-04:00,node-01,payments-api,503,True,anomalous,market_aware_v1,65.439,59.909,281.41,25.123,1.223,135.984,27.803,3.271
23c9f79b-a51f-46fc-93a6-ff8893e78378,2026-04-19T16:14:15.848090-04:00,node-01,orders-api,500,True,anomalous,market_aware_v1,74.339,55.302,261.885,30.371,1.146,128.322,62.043,3.209
634956b0-109b-486d-8bf5-acecbc8f48dc,2026-04-19T16:14:15.869482-04:00,node-01,checkout-api,502,True,anomalous,market_aware_v1,68.5,56.848,258.978,27.72,1.167,122.294,45.975,3.055
c0aeac34-1dde-4bb2-b1a6-5277381a8f5b,2026-04-19T16:14:15.901434-04:00,node-01,payments-api,503,True,anomalous,market_aware_v1,70.694,57.786,280.204,26.322,1.161,133.748,26.112,3.222
169a01e8-83da-47ea-9b8d-e619d8ab1e83,2026-04-19T16:14:15.919324-04:00,node-01,orders-api,502,True,anomalous,market_aware_v1,73.46,57.181,265.024,32.215,1.457,129.36,53.733,3.637
1be1b350-026f-4291-9b3b-00373ed139c0,2026-04-19T16:14:15.936771-04:00,node-01,checkout-api,429,True,normal,market_aware_v1,66.991,57.314,247.045,29.905,1.094,116.247,41.069,2.998
7f28a00a-570c-4223-b672-407d92a2305d,2026-04-19T16:14:15.957149-04:00,node-01,payments-api,503,True,anomalous,market_aware_v1,61.44,57.5,273.021,25.413,1.233,132.358,19.885,3.352
0d1da652-2e42-4e4d-b981-ff66c1244a3a,2026-04-19T16:14:15.980010-04:00,node-01,orders-api,500,True,normal,market_aware_v1,66.89,50.419,231.83,30.766,0.967,116.9,68.067,2.682
1b592071-1987-4790-aa67-1c454192fe4c,2026-04-19T16:14:16.004817-04:00,node-01,checkout-api,502,True,anomalous,market_aware_v1,71.632,56.431,265.077,27.865,1.28,130.606,40.732,3.36
9f1a8210-5b76-47f6-bb04-e57404d5435a,2026-04-19T16:14:16.034061-04:00,node-01,payments-api,429,True,anomalous,market_aware_v1,65.076,58.818,269.378,25.124,1.104,122.546,28.47,3.015
a7e189eb-0939-4c4c-80a7-44bd620685e7,2026-04-19T16:14:16.052375-04:00,node-01,orders-api,503,True,anomalous,market_aware_v1,70.114,48.7,242.442,30.123,1.019,126.498,59.833,2.956
64eb898b-3dd8-46c1-b1b4-b24c3735c45b,2026-04-19T16:14:16.078369-04:00,node-01,checkout-api,500,True,anomalous,market_aware_v1,65.89,56.571,267.349,28.71,1.302,128.247,36.588,3.253
5c686b29-b845-4832-b20d-c61b7931d7f1,2026-04-19T16:14:16.102905-04:00,node-01,payments-api,503,True,anomalous,market_aware_v1,62.296,58.847,260.57,23.174,1.067,120.371,34.245,3.011
50553ab7-e0dd-431a-a2d3-9ee653d8545a,2026-04-19T16:14:16.124546-04:00,node-01,orders-api,429,True,anomalous,market_aware_v1,75.63,49.817,254.254,31.279,1.034,123.287,66.706,2.96
b5b270c9-50b0-47b9-9e5f-6d1e8a74c914,2026-04-19T16:14:16.148730-04:00,node-01,checkout-api,503,True,anomalous,market_aware_v1,66.961,56.273,262.045,26.442,1.189,123.13,42.737,3.201
040f19cd-73e4-40d0-958d-76561d549b4d,2026-04-19T16:14:16.168614-04:00,node-01,payments-api,429,True,anomalous,market_aware_v1,63.908,58.509,272.585,24.27,1.155,131.267,30.15,3.309
18b5203f-f755-4306-a594-7fa9b1977c69,2026-04-19T16:14:16.190145-04:00,node-01,orders-api,429,True,anomalous,market_aware_v1,71.397,51.787,265.809,31.104,1.177,133.575,66.132,3.362
6bf2af73-76e8-40da-b23a-34c09267cc9c,2026-04-19T16:14:16.211858-04:00,node-01,checkout-api,503,True,anomalous,market_aware_v1,68.244,55.259,253.471,29.557,1.239,127.148,39.149,3.318
d8aba714-7eaa-4ed0-a515-d5dc1be5cb6a,2026-04-19T16:14:16.234804-04:00,node-01,payments-api,503,True,anomalous,market_aware_v1,66.09,56.993,288.533,23.887,1.298,137.29,30.604,3.597
d45eef5d-5727-44b5-9b1d-ecda8ea6f71d,2026-04-19T16:14:16.257081-04:00,node-01,orders-api,500,True,anomalous,market_aware_v1,73.922,55.469,249.501,31.902,1.038,126.733,62.933,2.911
85244790-cd37-473f-988d-f4919f359fc3,2026-04-19T16:14:16.278580-04:00,node-01,checkout-api,503,True,anomalous,market_aware_v1,76.158,61.071,291.794,28.51,1.589,142.825,31.901,4.009
5945546c-e996-4d59-be94-5055ed7f7d4c,2026-04-19T16:14:16.301635-04:00,node-01,payments-api,500,True,anomalous,market_aware_v1,67.735,60.485,266.565,26.281,1.232,127.435,35.799,3.242
bd7b7de9-d688-4335-960c-6672e512c076,2026-04-19T16:14:16.323621-04:00,node-01,orders-api,502,True,anomalous,market_aware_v1,73.707,54.08,252.464,34.209,1.113,133.235,64.658,3.227
46d85046-4cc9-4200-86d9-c168decdd325,2026-04-19T16:14:16.345833-04:00,node-01,checkout-api,429,True,anomalous,market_aware_v1,71.217,58.257,259.561,30.938,1.208,127.148,50.001,3.175
700ab144-4493-4f41-aaa4-34eb85301b15,2026-04-19T16:14:16.367507-04:00,node-01,payments-api,503,True,anomalous,market_aware_v1,71.707,60.153,286.957,26.327,1.22,132.322,32.497,3.372
1c9b2f0a-0847-4d48-85cd-bf185d94cb15,2026-04-19T16:14:16.388609-04:00,node-01,orders-api,502,True,anomalous,market_aware_v1,79.164,59.862,265.517,33.171,1.414,131.534,63.036,3.491
1e62eb1d-9aba-43c3-8684-d76ba6cc02e2,2026-04-19T16:14:16.410368-04:00,node-01,checkout-api,429,True,anomalous,market_aware_v1,75.048,61.13,260.413,31.435,1.253,130.695,43.806,3.452
fbab316c-0027-4978-bf18-3540e5913e8c,2026-04-19T16:14:16.428327-04:00,node-01,payments-api,503,True,anomalous,market_aware_v1,67.82,62.558,269.217,27.46,1.31,134.853,37.812,3.498
b8e8294b-ee73-4eff-9dec-23c5cca24b50,2026-04-19T16:14:16.445022-04:00,node-01,orders-api,429,True,anomalous,market_aware_v1,78.628,56.038,257.389,33.606,1.148,130.087,75.242,3.28
f53c50e5-d08c-4fbd-ac4c-c69fc67f1ce5,2026-04-19T16:14:16.466746-04:00,node-01,checkout-api,502,True,anomalous,market_aware_v1,75.268,58.404,262.503,30.369,1.268,127.557,50.712,3.263
d9616343-352e-4828-ac4d-3161ba17e835,2026-04-19T16:14:16.488465-04:00,node-01,payments-api,503,True,anomalous,market_aware_v1,80.453,66.278,307.047,28.406,1.584,140.697,33.589,4.073
356c162a-c857-4d5c-84db-5361abcb801e,2026-04-19T16:14:16.510542-04:00,node-01,orders-api,429,True,anomalous,market_aware_v1,78.395,57.42,263.228,31.759,1.088,134.401,74.488,3.171
48fcc25d-5bf9-425b-a960-9607c0b22448,2026-04-19T16:14:16.534233-04:00,node-01,checkout-api,503,True,anomalous,market_aware_v1,76.679,56.947,256.141,29.267,1.312,131.424,49.207,3.353
a5aa3779-4bc0-4192-b594-737276c17136,2026-04-19T16:14:16.556072-04:00,node-01,payments-api,429,True,anomalous,market_aware_v1,69.365,61.211,260.188,26.793,1.038,124.418,41.384,3.115
738ef70b-7d77-4609-b9fe-b84cdba79927,2026-04-19T16:14:16.576873-04:00,node-01,orders-api,429,True,anomalous,market_aware_v1,77.368,59.173,262.964,31.076,1.196,139.269,68.298,3.361
178d971c-4f3d-4001-9c2f-3f75e8a88fa4,2026-04-19T16:14:16.599923-04:00,node-01,checkout-api,500,True,anomalous,market_aware_v1,72.759,57.289,255.354,30.64,1.222,128.63,49.479,3.259
ae5a04c9-ebec-46a2-a5c6-9c872dc0034a,2026-04-19T16:14:16.622355-04:00,node-01,payments-api,500,True,anomalous,market_aware_v1,69.842,62.152,262.604,26.834,1.221,135.597,27.594,3.332
6944d4ff-202b-419c-9393-e6574f654c1e,2026-04-19T16:14:16.653658-04:00,node-01,orders-api,503,True,anomalous,market_aware_v1,72.285,59.315,241.698,31.849,1.054,126.149,65.748,3.024
f240243b-f0b5-4a27-9146-c2dd6ca53b74,2026-04-19T16:14:16.671442-04:00,node-01,checkout-api,503,True,anomalous,market_aware_v1,68.074,57.852,261.427,28.411,1.202,123.38,48.44,3.182
efe19b36-f418-42e4-920b-4090a2681c71,2026-04-19T16:14:16.700395-04:00,node-01,payments-api,502,True,anomalous,market_aware_v1,61.904,59.83,270.723,29.519,1.202,126.856,34.728,3.205
56c316f9-dd2f-4640-b69c-62cff1dab77a,2026-04-19T16:14:16.722486-04:00,node-01,orders-api,502,True,anomalous,market_aware_v1,68.285,55.183,243.687,33.88,1.044,123.117,67.704,2.943
b748d7f4-ad09-4ca5-8dbf-3b333ed294fb,2026-04-19T16:14:16.742829-04:00,node-01,checkout-api,502,True,anomalous,market_aware_v1,69.147,56.826,274.006,29.931,1.202,126.583,45.152,3.11
2aab7f9a-e525-4d49-877a-b4d96ffcfac9,2026-04-19T16:14:16.766075-04:00,node-01,payments-api,502,True,anomalous,market_aware_v1,62.371,54.265,275.777,24.193,1.129,127.126,29.343,3.191
5824dae6-b427-46bf-9974-d826bf8cf49d,2026-04-19T16:14:16.787677-04:00,node-01,orders-api,429,True,anomalous,market_aware_v1,69.869,52.477,247.181,29.639,1.054,123.217,58.488,2.981
7d002e80-6103-4e6f-9625-e318855b6be5,2026-04-19T16:14:16.810528-04:00,node-01,checkout-api,500,True,anomalous,market_aware_v1,64.259,53.623,255.442,27.088,1.241,126.463,39.811,3.21
6e0e3a60-422f-445c-b52b-e575bfd48454,2026-04-19T16:14:16.841768-04:00,node-01,payments-api,500,True,anomalous,market_aware_v1,61.694,57.853,281.107,24.76,1.499,131.798,17.62,3.748
b689fa0a-73f8-4bbf-b1f9-870fa2428a53,2026-04-19T16:14:16.859385-04:00,node-01,orders-api,502,True,anomalous,market_aware_v1,69.477,52.064,261.907,27.253,1.131,130.285,52.354,3.169
f9c03574-fa93-443d-8316-868905b4f792,2026-04-19T16:14:16.887502-04:00,node-01,checkout-api,429,True,anomalous,market_aware_v1,65.971,56.003,262.904,27.538,1.284,129.513,34.537,3.346
2c4055bc-0911-4b96-9a23-6c1d9677f78a,2026-04-19T16:14:16.919240-04:00,node-01,payments-api,429,True,anomalous,market_aware_v1,63.513,56.047,272.985,26.429,1.419,130.386,13.415,3.635
5f06a37c-76c0-46ea-81d8-d7cc4b675b8e,2026-04-19T16:14:16.938861-04:00,node-01,orders-api,500,True,anomalous,market_aware_v1,64.764,53.369,239.869,28.841,1.132,122.038,57.69,2.909
5ee9636b-a57c-4c73-bdac-5dd997ac90c3,2026-04-19T16:14:16.970338-04:00,node-01,checkout-api,500,True,anomalous,market_aware_v1,67.893,53.225,264.743,28.575,1.119,122.152,42.04,3.122
e7ceb315-a6bc-4829-b2ad-55c468d6f8a9,2026-04-19T16:14:17.027612-04:00,node-01,payments-api,429,True,anomalous,market_aware_v1,64.293,58.237,294.448,25.656,1.666,137.611,17.905,4.069
e5040a93-5aa2-45ac-89bb-2fd3e8d7e6b8,2026-04-19T16:14:17.073777-04:00,node-01,orders-api,503,True,anomalous,market_aware_v1,62.713,52.348,239.616,28.677,1.026,125.546,53.915,3.046
3b99c23d-5aab-4bee-8b5c-8920f2d2bf58,2026-04-19T16:14:17.134072-04:00,node-01,checkout-api,429,True,anomalous,market_aware_v1,66.84,53.296,250.12,27.709,1.248,126.851,32.464,3.252
28159ee9-4c30-4cb2-a27d-1ff599dd3996,2026-04-19T16:14:17.168831-04:00,node-01,payments-api,429,True,anomalous,market_aware_v1,64.341,56.923,275.116,26.515,1.135,130.572,18.003,3.214
86aca097-8601-452b-a8c3-80f84c3154e8,2026-04-19T16:14:17.199242-04:00,node-01,orders-api,500,True,anomalous,market_aware_v1,70.273,51.955,251.983,28.104,1.045,120.414,61.856,2.919
7f0b562c-d5ae-4976-ac10-34ce3cd295dd,2026-04-19T16:14:17.238509-04:00,node-01,checkout-api,503,True,anomalous,market_aware_v1,69.827,53.712,278.866,26.486,1.325,136.407,28.291,3.447
71a62e78-d2ec-4b3e-a287-53bea412ca57,2026-04-19T16:14:17.285285-04:00,node-01,payments-api,502,True,anomalous,market_aware_v1,64.541,59.206,297.605,24.009,1.325,139.169,18.8,3.809
40c5a948-4a08-4631-8a0e-ba518113ac89,2026-04-19T16:14:17.327570-04:00,node-01,orders-api,502,True,anomalous,market_aware_v1,69.298,52.742,250.5,30.216,1.061,125.792,65.508,2.998
96097357-9226-4aee-9fb6-cabc46639d87,2026-04-19T16:14:17.385170-04:00,node-01,checkout-api,503,True,anomalous,market_aware_v1,68.947,53.307,263.936,29.049,1.195,128.119,40.214,3.263
2b463d6b-95ae-421f-ad0b-b7f71433ee23,2026-04-19T16:14:17.414695-04:00,node-01,payments-api,429,True,anomalous,market_aware_v1,64.042,59.644,281.878,26.879,1.165,133.256,30.469,3.39
7c2f4eb6-38f9-4556-a79a-bc3db4049b8a,2026-04-19T16:14:17.448582-04:00,node-01,orders-api,500,True,anomalous,market_aware_v1,71.465,52.07,255.952,31.372,1.116,127.639,59.308,3.035
9d44e30c-b2a4-489d-8e10-948e23b143b2,2026-04-19T16:14:17.484979-04:00,node-01,checkout-api,429,True,anomalous,market_aware_v1,74.106,56.845,263.819,29.153,1.27,132.142,42.444,3.448
e8edc7ac-c7c2-49d0-8139-016ba91c1356,2026-04-19T16:14:17.522941-04:00,node-01,payments-api,500,True,anomalous,market_aware_v1,71.683,61.702,267.309,26.769,1.073,127.139,31.134,3.138
980827c3-28b3-4982-ab01-dc516d1fb1ef,2026-04-19T16:14:17.550839-04:00,node-01,orders-api,502,True,anomalous,market_aware_v1,77.528,60.258,253.171,33.818,1.393,128.351,59.61,3.468
b92563ce-1b0c-4b45-a19c-5d3f652d2f44,2026-04-19T16:14:17.586263-04:00,node-01,checkout-api,500,True,anomalous,market_aware_v1,75.813,62.269,281.434,31.72,1.749,137.851,31.557,4.141
038a408b-97ca-4302-9f5e-783754d45e98,2026-04-19T16:14:17.609315-04:00,node-01,payments-api,500,True,anomalous,market_aware_v1,66.275,61.097,272.051,25.77,1.212,132.483,31.938,3.333
64e2cc04-73d3-46c4-be06-c8b0040e7bf0,2026-04-19T16:14:17.631532-04:00,node-01,orders-api,429,True,anomalous,market_aware_v1,72.798,56.105,249.471,32.306,1.129,132.793,62.131,3.234
a3f954bb-2c19-4df4-98d1-bdba3d51a8f1,2026-04-19T16:14:17.653668-04:00,node-01,checkout-api,429,True,anomalous,market_aware_v1,73.352,59.782,276.561,30.152,1.362,139.476,43.079,3.665
5b66d382-53a1-4a00-8b01-96198c1c4cca,2026-04-19T16:14:17.680231-04:00,node-01,payments-api,500,True,anomalous,market_aware_v1,68.623,60.348,270.811,27.168,1.229,129.389,33.652,3.329
33b84dbe-9975-4f1e-b584-3bb345a627dd,2026-04-19T16:14:17.706193-04:00,node-01,orders-api,503,True,anomalous,market_aware_v1,78.221,57.848,253.522,31.878,1.141,129.904,67.57,3.164
7efeecdf-8d65-4c14-a275-de079efb0362,2026-04-19T16:14:17.734884-04:00,node-01,checkout-api,503,True,anomalous,market_aware_v1,78.184,61.113,267.081,29.997,1.14,126.036,48.298,3.216
9642bb2d-cd50-4002-87b2-cda8441c7230,2026-04-19T16:14:17.761310-04:00,node-01,payments-api,502,True,anomalous,market_aware_v1,74.328,57.228,285.552,26.438,1.343,134.393,34.571,3.45
b8be6278-6ff7-45b3-abb4-47865e6f52ee,2026-04-19T16:14:17.788624-04:00,node-01,orders-api,502,True,anomalous,market_aware_v1,74.23,54.916,259.749,31.2,1.146,134.187,68.643,3.246
3f420e90-96df-4525-9013-6b5d1a96d87c,2026-04-19T16:14:17.822219-04:00,node-01,checkout-api,500,True,anomalous,market_aware_v1,74.194,57.328,278.125,29.744,1.305,132.376,40.11,3.465
596e677f-50fb-4ac5-991e-5ff7d4e9c954,2026-04-19T16:14:17.850020-04:00,node-01,payments-api,429,True,anomalous,market_aware_v1,69.338,57.484,264.006,25.656,1.155,127.225,34.776,3.258
f2419a25-c0d0-442e-a5dd-a3694b85de23,2026-04-19T16:14:17.886137-04:00,node-01,orders-api,503,True,anomalous,market_aware_v1,68.928,54.231,246.44,33.632,1.143,131.932,64.469,3.179
4f8ee8f8-2dcb-417a-b2c0-dc3c1c83f48e,2026-04-19T16:14:17.916491-04:00,node-01,checkout-api,429,True,anomalous,market_aware_v1,70.406,56.783,275.72,29.852,1.328,134.893,35.003,3.489
cdc0aebb-c3f3-46c5-8c2f-be533dd2e451,2026-04-19T16:14:17.952964-04:00,node-01,payments-api,503,True,anomalous,market_aware_v1,70.904,61.729,297.117,26.402,1.563,138.284,21.604,3.936
82f484e4-dd3a-4e12-8a42-b9b7f95bab64,2026-04-19T16:14:17.980215-04:00,node-01,orders-api,503,True,anomalous,market_aware_v1,70.411,56.632,245.206,31.208,1.076,129.674,61.859,2.995
0dd96619-d9c6-495d-8d5e-331221bf5381,2026-04-19T16:14:18.000078-04:00,node-01,checkout-api,503,True,anomalous,market_aware_v1,66.421,58.946,259.751,30.527,1.298,129.652,36.686,3.234
dca497fb-8065-4084-ac4b-c028d03c8b56,2026-04-19T16:14:18.030687-04:00,node-01,payments-api,500,True,anomalous,market_aware_v1,63.035,58.226,277.697,27.505,1.196,135.638,20.151,3.374
ea04156d-fae3-4643-b628-273d6c6928cf,2026-04-19T16:14:18.056601-04:00,node-01,orders-api,503,True,anomalous,market_aware_v1,72.348,54.963,252.996,30.868,1.111,129.924,60.55,3.047
22839b4f-16dc-425c-8066-909054bf6735,2026-04-19T16:14:18.082501-04:00,node-01,checkout-api,502,True,anomalous,market_aware_v1,69.113,56.87,258.711,27.965,1.232,126.474,37.75,3.342
5211adbe-5e60-4af6-aad5-616024c97936,2026-04-19T16:14:18.118249-04:00,node-01,payments-api,503,True,anomalous,market_aware_v1,67.969,58.15,273.479,24.841,1.179,128.532,26.571,3.236
281e5f30-7438-4211-93ec-0313534cf05e,2026-04-19T16:14:18.144478-04:00,node-01,orders-api,502,True,anomalous,market_aware_v1,70.615,53.314,250.581,28.973,1.215,139.039,51.857,3.318
f597afe4-6437-4b90-8ca2-d47733bd863c,2026-04-19T16:14:18.166480-04:00,node-01,checkout-api,502,True,anomalous,market_aware_v1,67.824,54.701,259.97,26.815,1.307,125.368,43.618,3.327
7588063a-d86e-4b4d-9ed0-60cd839cfac4,2026-04-19T16:14:18.207167-04:00,node-01,payments-api,502,True,anomalous,market_aware_v1,66.455,54.899,292.749,27.298,1.363,137.705,23.571,3.665
54dfb69f-53dc-4917-b5c2-ac094696f4f3,2026-04-19T16:14:18.234286-04:00,node-01,orders-api,429,True,anomalous,market_aware_v1,69.785,52.66,243.88,30.042,1.029,122.783,59.083,2.904
5eb4ba40-e11e-4d44-8543-cd4a02488fb2,2026-04-19T16:14:18.259924-04:00,node-01,checkout-api,500,True,anomalous,market_aware_v1,68.229,54.698,249.941,27.798,1.185,125.408,41.808,3.145
49eb95c3-a787-469b-b46b-135e9ceab6c3,2026-04-19T16:14:18.295261-04:00,node-01,payments-api,502,True,anomalous,market_aware_v1,66.806,56.638,276.753,25.593,1.301,135.742,29.424,3.602
f2de55a7-4a47-4e90-bbd9-6dae2feae433,2026-04-19T16:14:18.326352-04:00,node-01,orders-api,429,True,anomalous,market_aware_v1,67.403,53.611,256.06,27.996,1.132,128.023,63.171,3.003
787fc994-d8d9-4629-835b-2577d29ae481,2026-04-19T16:14:18.351011-04:00,node-01,checkout-api,503,True,anomalous,market_aware_v1,67.77,57.389,274.955,28.142,1.289,130.779,40.361,3.333
12c4a9ce-8a9b-4da4-9f35-522bb0922309,2026-04-19T16:14:18.372339-04:00,node-01,payments-api,503,True,anomalous,market_aware_v1,65.635,57.969,274.593,27.971,1.241,133.748,34.004,3.511
503e31d4-c82c-40a2-8c07-b4fe2eeb6e23,2026-04-19T16:14:18.393308-04:00,node-01,orders-api,500,True,anomalous,market_aware_v1,76.041,54.484,256.668,32.149,1.105,124.248,63.769,3.128
70cf4ebf-295a-4016-a32a-da41083547ab,2026-04-19T16:14:18.417021-04:00,node-01,checkout-api,500,True,anomalous,market_aware_v1,74.143,58.425,273.143,29.67,1.31,131.698,47.816,3.412
496485a1-196d-47aa-bf89-81adc1a0c172,2026-04-19T16:14:18.437033-04:00,node-01,payments-api,429,True,anomalous,market_aware_v1,68.778,61.179,273.648,29.407,1.168,129.454,36.261,3.354
b0e4d1b3-0c24-4234-8041-0446a25539a3,2026-04-19T16:14:18.473492-04:00,node-01,orders-api,503,True,anomalous,market_aware_v1,76.508,58.312,251.009,33.011,1.144,130.814,69.947,3.179
ec231c93-3b66-4fd9-a06d-3914fc44b4bb,2026-04-19T16:14:18.513392-04:00,node-01,checkout-api,503,True,anomalous,market_aware_v1,70.826,59.569,272.486,29.653,1.326,129.242,48.78,3.379
2680882d-a990-42ff-9db2-edee23992d1a,2026-04-19T16:14:18.547780-04:00,node-01,payments-api,502,True,anomalous,market_aware_v1,72.059,63.279,267.402,26.723,1.064,124.701,38.736,3.081
12bf902a-2dcf-4407-8c9d-de88ea2cb10e,2026-04-19T16:14:18.589180-04:00,node-01,orders-api,503,True,anomalous,market_aware_v1,79.263,57.779,274.603,32.531,1.203,136.535,70.579,3.519
fc4183f6-3485-4d57-b815-20902ae0810c,2026-04-19T16:14:18.627623-04:00,node-01,checkout-api,429,True,anomalous,market_aware_v1,73.639,61.924,274.598,28.919,1.334,127.247,47.227,3.352
41eb309e-d3a7-41e1-97e3-b73d47c266f4,2026-04-19T16:14:18.665858-04:00,node-01,payments-api,429,True,anomalous,market_aware_v1,72.193,63.871,289.063,27.58,1.309,135.655,40.374,3.619
a0ddda36-0d5d-477b-8f64-216b3c15134d,2026-04-19T16:14:18.692885-04:00,node-01,orders-api,429,True,anomalous,market_aware_v1,78.806,60.233,260.882,33.166,1.077,132.889,69.02,3.112
51ec0e41-4367-4a68-813e-da83da13d79e,2026-04-19T16:14:18.720314-04:00,node-01,checkout-api,503,True,anomalous,market_aware_v1,77.472,60.57,265.32,29.672,1.164,122.353,56.419,3.033
591fa049-fa35-489c-b943-491c62e13573,2026-04-19T16:14:18.748357-04:00,node-01,payments-api,502,True,anomalous,market_aware_v1,76.579,62.983,290.828,26.239,1.26,133.401,35.117,3.372
a68f64c2-692a-4440-9db8-5978f8bb2428,2026-04-19T16:14:18.785565-04:00,node-01,orders-api,429,True,anomalous,market_aware_v1,76.765,58.634,251.084,31.521,1.122,131.189,68.516,3.114
c993d91a-fe95-49dd-b90b-b90aff122d64,2026-04-19T16:14:18.814343-04:00,node-01,checkout-api,429,True,anomalous,market_aware_v1,76.363,61.268,264.144,30.364,1.329,133.064,48.305,3.432
8ec03f0e-08b8-4b0e-9fa6-3b057ce26da9,2026-04-19T16:14:18.851633-04:00,node-01,payments-api,503,True,anomalous,market_aware_v1,75.722,65.682,302.073,29.291,1.71,146.522,23.382,4.215
a357a338-6ceb-466b-8cc8-b32c73511b76,2026-04-19T16:14:18.880975-04:00,node-01,orders-api,429,True,anomalous,market_aware_v1,79.195,58.111,257.536,32.522,1.202,135.632,63.469,3.321
6d0bebed-0d5c-4d84-81ff-2a6037cdca39,2026-04-19T16:14:18.917469-04:00,node-01,checkout-api,502,True,anomalous,market_aware_v1,71.902,58.528,273.63,30.916,1.33,136.234,44.546,3.608
8f9cbe4c-b84d-40c2-adbf-992d78991fef,2026-04-19T16:14:18.940641-04:00,node-01,payments-api,502,True,anomalous,market_aware_v1,71.237,60.46,272.717,26.936,1.296,136.471,34.961,3.526
06c15ed4-dd24-40f6-aab5-a5707e96abce,2026-04-19T16:14:18.969618-04:00,node-01,orders-api,500,True,anomalous,market_aware_v1,73.745,58.221,256.856,30.47,1.078,126.605,67.182,3.022
7c38dee9-b7ed-4d87-aebc-8d1f06b8ab3b,2026-04-19T16:14:19.007800-04:00,node-01,checkout-api,503,True,anomalous,market_aware_v1,74.871,59.449,270.098,28.64,1.146,132.248,44.055,3.237
4506845f-ec60-4427-9ce4-3890058128fa,2026-04-19T16:14:19.036178-04:00,node-01,payments-api,429,True,anomalous,market_aware_v1,65.315,61.569,292.578,28.734,1.299,135.123,35.381,3.561
49dcc932-030d-4e01-b7d6-681860aa9b57,2026-04-19T16:14:19.072864-04:00,node-01,orders-api,502,True,anomalous,market_aware_v1,73.897,52.289,249.226,30.508,1.113,130.043,57.342,3.174
42876253-2338-420f-a0ae-aba1b14f227a,2026-04-19T16:14:19.094316-04:00,node-01,checkout-api,500,True,anomalous,market_aware_v1,69.764,55.915,256.489,27.16,1.161,123.509,38.586,3.015
3188658d-04b4-4afa-b5b9-d37493d9a2ee,2026-04-19T16:14:19.116758-04:00,node-01,payments-api,503,True,anomalous,market_aware_v1,70.495,62.157,296.885,26.858,1.611,142.325,19.164,4.107
56ae4799-0b85-4807-9e44-0d88ba4b8e8c,2026-04-19T16:14:19.140667-04:00,node-01,orders-api,502,True,anomalous,market_aware_v1,73.557,55.002,264.494,31.06,1.205,135.724,57.109,3.287
589a19a1-9da4-4111-8637-42959b07f2c4,2026-04-19T16:14:19.173161-04:00,node-01,checkout-api,429,True,anomalous,market_aware_v1,67.769,52.988,268.073,30.399,1.241,134.38,37.006,3.417
e69ce7a1-fd44-47d6-b0e1-57df0cd884d2,2026-04-19T16:14:19.198390-04:00,node-01,payments-api,503,True,anomalous,market_aware_v1,65.503,55.66,279.128,24.753,1.226,130.424,23.648,3.227
55513528-5da2-4e1b-9b22-b12f0501f2a2,2026-04-19T16:14:19.240668-04:00,node-01,orders-api,429,True,anomalous,market_aware_v1,71.152,49.428,249.365,29.672,1.111,127.443,56.411,3.183
a29fd120-4de0-47d2-8834-a24ce2180d8f,2026-04-19T16:14:19.262131-04:00,node-01,checkout-api,502,True,anomalous,market_aware_v1,66.65,54.185,278.344,26.88,1.364,136.178,33.268,3.57
c157d215-b5a3-4b7e-9d72-962b7c635865,2026-04-19T16:14:19.282553-04:00,node-01,payments-api,502,True,anomalous,market_aware_v1,62.159,57.503,281.101,24.606,1.217,138.025,15.612,3.425
65a966dc-ca86-48ef-a52f-fb16096268e5,2026-04-19T16:14:19.304482-04:00,node-01,orders-api,503,True,anomalous,market_aware_v1,63.396,52.625,244.737,29.305,1.042,123.323,56.706,2.837
b6cd68c7-4513-4c71-aa3f-9a3fb077b4c7,2026-04-19T16:14:19.325333-04:00,node-01,checkout-api,429,True,anomalous,market_aware_v1,66.798,54.931,263.32,28.897,1.319,125.476,35.721,3.312
781bca5b-5a6f-4072-9c7d-3d6e14433b67,2026-04-19T16:14:19.350049-04:00,node-01,payments-api,500,True,anomalous,market_aware_v1,61.181,54.332,283.821,23.407,1.252,135.163,11.178,3.54
85982188-b72d-4bbc-916a-dc9af0143034,2026-04-19T16:14:19.371490-04:00,node-01,orders-api,502,True,anomalous,market_aware_v1,66.383,52.594,252.289,29.969,1.11,132.646,56.275,3.215
6fdfeaf1-cd1d-4699-b040-fe0d152fac50,2026-04-19T16:14:19.395933-04:00,node-01,checkout-api,429,True,anomalous,market_aware_v1,66.415,55.551,262.178,26.958,1.309,126.139,39.677,3.437
04b234c0-eb5c-410b-bfe3-d69220cca476,2026-04-19T16:14:19.426658-04:00,node-01,payments-api,500,True,anomalous,market_aware_v1,61.751,56.603,269.177,23.631,1.092,128.402,16.473,3.039
9ee0c466-ee58-41af-89be-e64928c56bc5,2026-04-19T16:14:19.461474-04:00,node-01,orders-api,502,True,anomalous,market_aware_v1,73.962,50.751,266.086,30.543,1.292,135.425,56.113,3.752
b58af669-1e3a-4fb2-b702-3cf166bfd97b,2026-04-19T16:14:19.491418-04:00,node-01,checkout-api,502,True,normal,market_aware_v1,66.494,57.321,258.908,27.312,1.183,119.91,40.319,3.086
f5adbf1b-3699-46cc-a761-a38d24fa8f1a,2026-04-19T16:14:19.527661-04:00,node-01,payments-api,502,True,anomalous,market_aware_v1,64.357,56.991,288.72,24.05,1.285,136.316,21.638,3.513
600df12d-f10f-4f0e-9c52-bbe3fb56b7bb,2026-04-19T16:14:19.567751-04:00,node-01,orders-api,500,True,anomalous,market_aware_v1,70.949,50.034,255.784,32.041,1.126,134.686,54.002,3.178
a4ee4898-5d0b-4ea6-bfd7-03579fe230e2,2026-04-19T16:14:19.621138-04:00,node-01,checkout-api,500,True,anomalous,market_aware_v1,68.19,54.333,278.176,27.474,1.253,133.984,40.373,3.485
569e22ca-316c-4f40-af90-81d86f35e9ba,2026-04-19T16:14:19.650783-04:00,node-01,payments-api,502,True,anomalous,market_aware_v1,63.808,58.404,273.024,27.562,1.244,132.004,28.494,3.416
2a3c3ba5-21f1-4b41-9cab-12bba7acf30e,2026-04-19T16:14:19.680143-04:00,node-01,orders-api,500,True,anomalous,market_aware_v1,68.749,53.738,232.068,29.634,0.991,120.53,73.698,2.93
5eba5c4a-a4ae-486e-a9aa-9ddf017346aa,2026-04-19T16:14:19.728216-04:00,node-01,checkout-api,429,True,anomalous,market_aware_v1,73.545,57.521,277.931,30.608,1.376,138.1,37.461,3.644
c0893cd6-e799-4000-a3d2-387a68fe2e1e,2026-04-19T16:14:19.778606-04:00,node-01,payments-api,503,True,anomalous,market_aware_v1,69.228,58.573,278.493,23.933,1.223,131.341,22.597,3.394
ca0139d7-4f41-4fe8-9716-f222d8368ff7,2026-04-19T16:14:19.802639-04:00,node-01,orders-api,503,True,anomalous,market_aware_v1,75.322,54.788,257.307,33.127,1.079,129.37,67.785,2.997
c49a9beb-6183-4b1e-86bc-e661a87b1666,2026-04-19T16:14:19.829182-04:00,node-01,checkout-api,429,True,anomalous,market_aware_v1,70.613,59.648,267.771,28.249,1.389,131.831,43.94,3.553
4a5ed3c5-8519-4cf0-827f-304d99c2c96b,2026-04-19T16:14:19.857005-04:00,node-01,payments-api,502,True,anomalous,market_aware_v1,74.973,59.849,283.954,24.367,1.165,131.396,37.79,3.311
8378a8d5-5e6f-4d57-90c9-26297ac05e51,2026-04-19T16:14:19.885736-04:00,node-01,orders-api,429,True,anomalous,market_aware_v1,74.288,55.853,259.678,30.801,1.118,134.784,63.857,3.237
115c8e01-1168-41d6-a508-b6ae2bd41e44,2026-04-19T16:14:19.913255-04:00,node-01,checkout-api,500,True,anomalous,market_aware_v1,73.66,59.327,272.202,31.735,1.301,129.272,44.374,3.482
16327f0c-7390-4b4e-b82f-da87b05c403a,2026-04-19T16:14:19.951761-04:00,node-01,payments-api,429,True,anomalous,market_aware_v1,68.97,62.481,290.138,26.044,1.245,140.513,32.721,3.531
3bf07c80-0746-42dd-88a0-cb839ce9b26a,2026-04-19T16:14:19.977367-04:00,node-01,orders-api,429,True,anomalous,market_aware_v1,79.959,57.414,265.742,31.812,1.488,134.927,66.501,3.605
70265363-91f8-4d3c-8f71-d613955da6dd,2026-04-19T16:14:20.007889-04:00,node-01,checkout-api,429,True,anomalous,market_aware_v1,76.436,59.44,270.006,29.265,1.17,132.58,50.327,3.354
99805fb8-39a1-4380-9b59-43393b990f87,2026-04-19T16:14:20.036090-04:00,node-01,payments-api,500,True,anomalous,market_aware_v1,69.386,63.391,284.725,28.589,1.293,137.521,25.462,3.682
c1a4dba6-023f-4ac4-a601-45696fe55213,2026-04-19T16:14:20.073442-04:00,node-01,orders-api,502,True,anomalous,market_aware_v1,77.124,60.574,266.994,30.226,1.154,132.678,68.82,3.255
b9b0f0f6-ec52-451e-a502-c8862c544c2a,2026-04-19T16:14:20.102103-04:00,node-01,checkout-api,503,True,anomalous,market_aware_v1,77.791,60.071,276.71,27.999,1.309,136.951,42.827,3.508
a64577ad-af99-477a-9890-dbd6e68dee82,2026-04-19T16:14:20.140825-04:00,node-01,payments-api,500,True,anomalous,market_aware_v1,69.076,59.593,286.458,23.938,1.282,137.628,25.101,3.546
4df307f9-e0ed-4bae-98c1-daaee494dfb0,2026-04-19T16:14:20.168848-04:00,node-01,orders-api,503,True,anomalous,market_aware_v1,75.145,54.374,277.042,31.707,1.205,140.072,61.42,3.572
e7b9fb47-aa4a-4916-b937-a62f05b0476c,2026-04-19T16:14:20.204767-04:00,node-01,checkout-api,429,True,anomalous,market_aware_v1,67.899,59.563,276.77,28.142,1.336,134.724,41.077,3.52
62084816-7d94-419d-8121-75038265345f,2026-04-19T16:14:20.231761-04:00,node-01,payments-api,429,True,anomalous,market_aware_v1,72.456,62.768,285.874,25.844,1.329,135.346,24.194,3.519
d412eb95-2897-4cc6-8174-78aeac4ee09b,2026-04-19T16:14:20.257759-04:00,node-01,orders-api,429,True,anomalous,market_aware_v1,72.152,52.1,257.325,30.808,1.148,131.3,55.667,3.116
2c032c9b-f974-425e-9053-a708424224f9,2026-04-19T16:14:20.294019-04:00,node-01,checkout-api,502,True,anomalous,market_aware_v1,68.25,52.905,254.819,30.838,1.332,131.246,40.621,3.392
6bc5dc21-fa74-43ba-bc62-94348c20b653,2026-04-19T16:14:20.320195-04:00,node-01,payments-api,500,True,anomalous,market_aware_v1,64.136,62.036,276.351,25.638,1.18,132.553,31.366,3.283
4e7d6f70-7d11-424b-b7d6-787529ca9a98,2026-04-19T16:14:20.345963-04:00,node-01,orders-api,503,True,anomalous,market_aware_v1,69.023,51.531,254.499,30.556,1.052,127.883,66.15,3.072
e715c86e-2627-464e-b27f-6be886a2764c,2026-04-19T16:14:20.385541-04:00,node-01,checkout-api,503,True,anomalous,market_aware_v1,70.851,54.428,276.287,28.719,1.327,137.006,34.929,3.479
3f06d1df-10d8-4b56-a797-3fb90a13ffe4,2026-04-19T16:14:20.404865-04:00,node-01,payments-api,429,True,anomalous,market_aware_v1,62.919,60.827,277.144,24.628,1.201,129.939,25.936,3.29
cd9b76bd-2f7d-4c61-befc-16902bc52b69,2026-04-19T16:14:20.426599-04:00,node-01,orders-api,502,True,anomalous,market_aware_v1,67.71,52.718,265.446,31.525,1.091,137.544,59.307,3.372
986578c0-bba8-43f0-9b59-da09281d6349,2026-04-19T16:14:20.450292-04:00,node-01,checkout-api,502,True,anomalous,market_aware_v1,66.057,55.394,270.734,27.729,1.284,129.538,38.728,3.354
2dc27333-a921-4899-8771-e1c0081ec6c2,2026-04-19T16:14:20.471016-04:00,node-01,payments-api,502,True,anomalous,market_aware_v1,61.176,56.334,263.105,27.118,1.22,135.813,23.33,3.395
e18a34ed-8d57-4f9c-b7ef-584cb6664e3f,2026-04-19T16:14:20.493850-04:00,node-01,orders-api,500,True,anomalous,market_aware_v1,70.589,51.961,246.873,30.109,1.086,123.726,62.827,2.978
e1c265b5-229b-4815-b6a3-1746d4a6473d,2026-04-19T16:14:20.516629-04:00,node-01,checkout-api,502,True,anomalous,market_aware_v1,65.232,56.687,258.493,26.758,1.21,121.376,42.849,3.14
83d90195-0f46-4871-9eb3-7da52a9f45ab,2026-04-19T16:14:20.538593-04:00,node-01,payments-api,503,True,anomalous,market_aware_v1,63.865,59.658,269.232,27.267,1.261,130.495,26.855,3.383
27293bca-fce8-4e21-93db-21d1961725fc,2026-04-19T16:14:20.558812-04:00,node-01,orders-api,429,True,anomalous,market_aware_v1,73.729,52.155,276.093,31.251,1.18,135.072,57.673,3.211
44ab84a4-6ced-4eb7-8a58-4491bc17d4e0,2026-04-19T16:14:20.581709-04:00,node-01,checkout-api,500,True,anomalous,market_aware_v1,74.436,56.115,277.481,28.559,1.387,134.176,38.245,3.511
fed5c07f-a196-4be4-a2c5-562db5787c62,2026-04-19T16:14:20.602862-04:00,node-01,payments-api,503,True,anomalous,market_aware_v1,67.232,58.428,270.079,25.502,1.228,131.113,27.591,3.344
39dea12e-c7df-4040-8153-c42be8cc03ca,2026-04-19T16:14:20.627202-04:00,node-01,orders-api,502,True,anomalous,market_aware_v1,75.458,54.079,253.522,28.814,1.073,137.656,63.915,3.274
4fe7939f-74a4-4c51-81c3-2a9414f3c595,2026-04-19T16:14:20.648403-04:00,node-01,checkout-api,503,True,anomalous,market_aware_v1,69.028,57.05,283.969,28.973,1.308,136.012,41.908,3.564
046fac12-691f-41bd-a73e-386fdc990f4d,2026-04-19T16:14:20.671506-04:00,node-01,payments-api,503,True,anomalous,market_aware_v1,67.684,59.085,287.819,25.442,1.307,139.404,31.702,3.521
8eb252c5-b5df-40e9-95be-f9ffa24d9abf,2026-04-19T16:14:20.693576-04:00,node-01,orders-api,429,True,anomalous,market_aware_v1,75.018,57.93,253.987,30.398,1.17,126.669,67.317,3.057
f9248bfa-1eca-4330-b57d-214291041528,2026-04-19T16:14:20.714845-04:00,node-01,checkout-api,500,True,anomalous,market_aware_v1,77.102,59.031,269.234,28.928,1.224,129.488,52.947,3.37
c57b6493-686a-487e-add9-1ca20931d52e,2026-04-19T16:14:20.745837-04:00,node-01,payments-api,503,True,anomalous,market_aware_v1,71.921,59.936,290.092,25.929,1.282,132.894,30.686,3.476
73906262-cd81-436b-91e6-afc2e8c1ba99,2026-04-19T16:14:20.762859-04:00,node-01,orders-api,500,True,anomalous,market_aware_v1,81.024,56.272,260.075,35.036,1.435,136.51,62.136,3.678
85a8e012-d898-410c-b1fc-a36e2e6cdb48,2026-04-19T16:14:20.780972-04:00,node-01,checkout-api,502,True,anomalous,market_aware_v1,73.643,60.753,274.891,30.57,1.407,138.923,47.201,3.691
8979892c-1455-4128-abd9-33a76101097c,2026-04-19T16:14:20.802995-04:00,node-01,payments-api,503,True,anomalous,market_aware_v1,74.746,59.963,276.555,28.191,1.195,131.442,33.111,3.316
f0e48e17-5978-42a3-9418-c81977fc14d1,2026-04-19T16:14:20.826265-04:00,node-01,orders-api,503,True,anomalous,market_aware_v1,78.028,60.931,273.824,34.149,1.475,140.707,61.88,3.871
04111b12-9c73-4002-a8f4-91a4084f43c3,2026-04-19T16:14:20.847850-04:00,node-01,checkout-api,500,True,anomalous,market_aware_v1,80.042,64.036,284.621,29.948,1.336,136.682,52.168,3.534
fdd0047a-d635-44b0-8b2a-d7d1f5ca62bd,2026-04-19T16:14:20.871501-04:00,node-01,payments-api,429,True,anomalous,market_aware_v1,72.918,65.029,285.718,28.813,1.218,133.291,35.097,3.393
a1e4d5d1-1326-410a-8d50-69fcf66cbaaa,2026-04-19T16:14:20.893062-04:00,node-01,orders-api,429,True,anomalous,market_aware_v1,80.453,60.384,246.823,33.155,1.028,128.32,80.456,3.013
94feac91-b30d-4262-82ae-fa8fb4428605,2026-04-19T16:14:20.924262-04:00,node-01,checkout-api,429,True,anomalous,market_aware_v1,78.926,61.962,271.6,30.694,1.317,135.471,43.224,3.579
f4587f61-93a1-4158-be5f-9d3dbee78a24,2026-04-19T16:14:20.958615-04:00,node-01,payments-api,502,True,anomalous,market_aware_v1,71.407,62.078,302.969,27.103,1.227,135.173,37.262,3.641
aeaeafdc-a71f-4c08-afcd-66b786a35b50,2026-04-19T16:14:20.979213-04:00,node-01,orders-api,502,True,anomalous,market_aware_v1,78.1,55.974,236.199,32.78,1.083,123.629,74.1,2.956
cfd82ef2-1ee8-4ae4-9b9e-8c714298bee5,2026-04-19T16:14:20.996248-04:00,node-01,checkout-api,502,True,anomalous,market_aware_v1,80.192,62.042,276.791,30.471,1.318,139.047,45.039,3.566
acae8356-ec1f-4df1-a403-ade167ea45a6,2026-04-19T16:14:21.014259-04:00,node-01,payments-api,429,True,anomalous,market_aware_v1,74.109,62.557,282.759,25.522,1.226,133.108,37.688,3.439
8192632c-e2d6-4c2e-a9cb-7d1b3411300c,2026-04-19T16:14:21.038340-04:00,node-01,orders-api,502,True,anomalous,market_aware_v1,77.801,57.147,247.158,32.456,1.088,127.046,64.334,3.101
acea9761-ee3a-4176-ad81-844afba6aa6e,2026-04-19T16:14:21.058821-04:00,node-01,checkout-api,500,True,anomalous,market_aware_v1,77.414,59.454,290.855,30.186,1.531,140.824,40.327,4.124
052ae843-6aa8-4461-a37f-c575fedf36ed,2026-04-19T16:14:21.080518-04:00,node-01,payments-api,500,True,anomalous,market_aware_v1,63.705,58.711,286.35,27.423,1.257,136.365,28.655,3.493
cf9d44b7-6927-4484-b29c-fa94a05134b7,2026-04-19T16:14:21.112520-04:00,node-01,orders-api,503,True,anomalous,market_aware_v1,71.845,57.67,246.72,31.547,1.015,121.119,68.308,2.91
12107ff2-7240-45af-a743-b7f688312614,2026-04-19T16:14:21.128499-04:00,node-01,checkout-api,429,True,anomalous,market_aware_v1,68.277,59.448,263.79,29.07,1.24,127.619,38.621,3.363
eafe313f-658c-483d-ad66-5c31e410eb37,2026-04-19T16:14:21.147468-04:00,node-01,payments-api,429,True,anomalous,market_aware_v1,65.85,63.731,273.068,26.951,1.416,132.885,23.201,3.754
3c1327c2-33e2-4af8-a567-2a6333cf5465,2026-04-19T16:14:21.169580-04:00,node-01,orders-api,429,True,anomalous,market_aware_v1,71.982,52.676,257.246,31.317,1.194,130.861,64.523,3.301
7b1ddf72-3fa5-4092-8904-b7262ac27b45,2026-04-19T16:14:21.192084-04:00,node-01,checkout-api,503,True,anomalous,market_aware_v1,70.349,55.13,265.96,26.915,1.165,125.674,41.911,3.278
95089192-e5d2-40ed-9733-0d2d4a998be8,2026-04-19T16:14:21.213117-04:00,node-01,payments-api,500,True,anomalous,market_aware_v1,65.242,57.553,278.705,27.885,1.203,134.117,24.392,3.328
02fd9817-1622-46b2-a434-f3f2ebc686f0,2026-04-19T16:14:21.236892-04:00,node-01,orders-api,503,True,anomalous,market_aware_v1,69.805,51.188,270.018,30.944,1.186,137.109,51.881,3.481
ca0dd132-ac50-4eb2-9548-a9a8dbcaaeb6,2026-04-19T16:14:21.258965-04:00,node-01,checkout-api,502,True,anomalous,market_aware_v1,68.091,52.76,275.482,26.632,1.234,131.46,29.388,3.306
cd26ea08-ba3c-4091-8b70-3bba98585b37,2026-04-19T16:14:21.281007-04:00,node-01,payments-api,429,True,anomalous,market_aware_v1,61.045,54.666,291.856,22.789,1.271,138.934,19.977,3.49
ace44be4-24ef-4bfa-a1d7-dc4969548711,2026-04-19T16:14:21.303402-04:00,node-01,orders-api,500,True,anomalous,market_aware_v1,71.918,52.061,267.768,30.05,1.258,137.625,47.852,3.602
cc159233-8ac6-43cb-bf51-d5d449a5e3c6,2026-04-19T16:14:21.325913-04:00,node-01,checkout-api,502,True,anomalous,market_aware_v1,70.585,53.353,267.248,26.294,1.174,127.179,35.501,3.259
3dd624b0-db84-4815-b831-2a40e12d3921,2026-04-19T16:14:21.347487-04:00,node-01,payments-api,429,True,anomalous,market_aware_v1,63.987,54.934,275.839,23.009,1.231,134.73,18.112,3.529
9109be62-a482-4275-8ac8-a978d2ae69c3,2026-04-19T16:14:21.371596-04:00,node-01,orders-api,429,True,anomalous,market_aware_v1,68.919,52.431,257.094,29.826,1.232,131.133,55.843,3.262
8bf09e72-a88e-4e76-afb1-96047e8e57a5,2026-04-19T16:14:21.392734-04:00,node-01,checkout-api,503,True,anomalous,market_aware_v1,70.574,54.339,277.637,29.012,1.308,130.723,28.254,3.37
b48b8cab-5b92-446f-bbcb-890731359faa,2026-04-19T16:14:21.414597-04:00,node-01,payments-api,503,True,anomalous,market_aware_v1,59.722,54.798,271.177,24.798,1.2,130.696,22.254,3.372
cd83e891-0944-4ce7-8df5-e5a86e71338a,2026-04-19T16:14:21.436606-04:00,node-01,orders-api,500,True,anomalous,market_aware_v1,69.161,48.777,242.177,29.036,1.03,127.016,60.505,3.109
906b27d7-6e71-4ca2-bbff-f00f83f1ea04,2026-04-19T16:14:21.459972-04:00,node-01,checkout-api,502,True,anomalous,market_aware_v1,68.615,56.791,281.728,30.345,1.395,139.301,28.208,3.747
cfccd88f-1911-4dae-a576-6aca5182ea1b,2026-04-19T16:14:21.479471-04:00,node-01,payments-api,503,True,anomalous,market_aware_v1,65.344,57.693,279.478,24.571,1.26,134.552,15.881,3.393
1ce94d53-4357-46cf-bce1-25a747e6db1f,2026-04-19T16:14:21.503859-04:00,node-01,orders-api,500,True,anomalous,market_aware_v1,67.28,51.629,250.211,30.059,1.132,131.549,62.155,3.189
1b17f8d1-13aa-48ec-9eed-1cc552ef6bf2,2026-04-19T16:14:21.523877-04:00,node-01,checkout-api,500,True,anomalous,market_aware_v1,67.189,57.462,276.888,25.065,1.257,129.382,38.695,3.25
b267d05b-1ef6-4d17-bc7d-b1eb02e49492,2026-04-19T16:14:21.563728-04:00,node-01,payments-api,503,True,anomalous,market_aware_v1,66.185,60.037,261.579,25.659,1.255,128.677,25.053,3.222
77e471c9-9d35-415f-b5dd-fd59e0b4d82a,2026-04-19T16:14:21.591755-04:00,node-01,orders-api,500,True,anomalous,market_aware_v1,73.956,56.889,257.764,32.501,1.078,130.384,59.47,3.099
a6f25173-20d4-4e48-a3b5-d8236cc142a4,2026-04-19T16:14:21.629139-04:00,node-01,checkout-api,502,True,anomalous,market_aware_v1,73.136,55.464,289.748,29.474,1.319,134.311,36.865,3.5
c3fdc89e-5485-4e8a-bc9c-4fc170cd04c5,2026-04-19T16:14:21.661189-04:00,node-01,payments-api,429,True,anomalous,market_aware_v1,71.055,61.184,287.159,25.245,1.309,136.188,26.797,3.498
b35c460c-d95d-4e4b-87c1-7ee482f6d62f,2026-04-19T16:14:21.712242-04:00,node-01,orders-api,503,True,anomalous,market_aware_v1,78.163,55.538,251.821,32.273,1.077,131.624,62.593,3.17
58b6c05f-079f-41a7-8b70-5ce073966797,2026-04-19T16:14:21.739330-04:00,node-01,checkout-api,429,True,anomalous,market_aware_v1,74.796,59.482,275.658,27.509,1.336,134.344,41.986,3.5
c50b196b-164d-426c-bc5e-1d2eab2a0713,2026-04-19T16:14:21.762477-04:00,node-01,payments-api,500,True,anomalous,market_aware_v1,68.497,63.0,309.724,28.418,1.387,147.234,25.208,3.831
76a04065-c40b-433c-acf5-81de56c60314,2026-04-19T16:14:21.783748-04:00,node-01,orders-api,500,True,anomalous,market_aware_v1,77.53,59.399,280.552,33.664,1.235,143.028,59.732,3.586
2d3420cd-4ecb-4375-83fc-db48cc21e49c,2026-04-19T16:14:21.805679-04:00,node-01,checkout-api,429,True,anomalous,market_aware_v1,73.05,56.437,269.97,29.576,1.302,132.028,47.397,3.478
573fd57e-feb4-40ba-b8f9-0f253b2a589d,2026-04-19T16:14:21.830468-04:00,node-01,payments-api,500,True,anomalous,market_aware_v1,73.43,58.984,283.693,25.972,1.228,135.349,33.652,3.425
f1dd4b0e-19d0-4a20-9ee5-88016ae335f9,2026-04-19T16:14:21.859907-04:00,node-01,orders-api,500,True,anomalous,market_aware_v1,75.217,57.245,250.526,34.034,1.09,133.106,70.427,3.104
bf30e337-961c-44e2-b07b-1695c6f9f132,2026-04-19T16:14:21.884322-04:00,node-01,checkout-api,500,True,anomalous,market_aware_v1,73.236,58.154,282.44,28.104,1.244,132.773,42.074,3.402
79f95af5-c6ec-4f59-aa24-58e3cff088c0,2026-04-19T16:14:21.904960-04:00,node-01,payments-api,502,True,anomalous,market_aware_v1,71.18,60.786,296.418,27.355,1.372,142.318,26.967,3.748
8091ead0-2651-42b3-92ea-7577ea6c2fb1,2026-04-19T16:14:21.927797-04:00,node-01,orders-api,429,True,anomalous,market_aware_v1,74.854,53.161,249.963,32.731,1.154,124.77,64.191,3.216
ce83029e-b430-4679-a473-5c322b702077,2026-04-19T16:14:21.948803-04:00,node-01,checkout-api,500,True,anomalous,market_aware_v1,73.73,58.659,272.432,29.393,1.375,139.195,35.735,3.68
336276aa-57ca-4a18-bfa8-257f9e45f7a9,2026-04-19T16:14:21.971239-04:00,node-01,payments-api,503,True,anomalous,market_aware_v1,69.968,60.784,293.526,26.452,1.343,141.236,31.385,3.6
07bcb619-7d13-465d-98cb-8f79e4ec4d96,2026-04-19T16:14:21.994689-04:00,node-01,orders-api,429,True,anomalous,market_aware_v1,76.488,57.635,263.376,32.141,1.213,138.123,61.014,3.278
6fc6508c-ca68-4bdd-bce3-cd308564e7f4,2026-04-19T16:14:22.017097-04:00,node-01,checkout-api,502,True,anomalous,market_aware_v1,68.386,58.2,281.838,28.123,1.272,136.106,44.368,3.636
bc2be214-8bd7-4928-8a8e-6ba96a78d7d6,2026-04-19T16:14:22.046463-04:00,node-01,payments-api,502,True,anomalous,market_aware_v1,68.918,57.656,298.425,25.634,1.419,142.715,26.914,3.916
1ed37b93-df6b-4616-889a-b8a30c06b57f,2026-04-19T16:14:22.070666-04:00,node-01,orders-api,503,True,anomalous,market_aware_v1,76.349,53.593,283.517,33.145,1.2,143.966,56.325,3.53
1731e8c5-aada-442b-80a0-9b4d4269464b,2026-04-19T16:14:22.091072-04:00,node-01,checkout-api,503,True,anomalous,market_aware_v1,70.102,55.425,276.123,27.13,1.342,137.644,40.357,3.506
b2f7890e-aef0-410f-972f-ca97f0ae75e6,2026-04-19T16:14:22.115817-04:00,node-01,payments-api,429,True,anomalous,market_aware_v1,66.091,57.109,290.313,23.628,1.325,135.654,24.376,3.544
cee917a3-8aff-42f9-a818-61370af49562,2026-04-19T16:14:22.138054-04:00,node-01,orders-api,500,True,anomalous,market_aware_v1,75.393,57.928,270.602,32.138,1.394,132.069,52.405,3.658
5baec1a1-1d7f-45e5-ad80-5936bf944874,2026-04-19T16:14:22.159122-04:00,node-01,checkout-api,429,True,anomalous,market_aware_v1,72.228,54.708,278.965,30.817,1.364,136.384,37.736,3.664
f7717545-ae0f-4829-b650-632ffedbb817,2026-04-19T16:14:22.181679-04:00,node-01,payments-api,503,True,anomalous,market_aware_v1,68.302,58.427,293.083,24.801,1.243,137.545,25.252,3.496
ba026839-ea0c-4f2e-a090-58a7fa390849,2026-04-19T16:14:22.204586-04:00,node-01,orders-api,503,True,anomalous,market_aware_v1,73.724,51.816,265.249,31.544,1.169,133.229,60.021,3.233
4bca3d3c-d097-4ee5-80a7-f409985b9417,2026-04-19T16:14:22.236476-04:00,node-01,checkout-api,429,True,anomalous,market_aware_v1,71.0,54.283,275.911,28.413,1.255,130.858,31.857,3.301
c32afcae-5356-478f-9b5d-778621eaac1a,2026-04-19T16:14:22.270799-04:00,node-01,payments-api,503,True,anomalous,market_aware_v1,66.828,59.678,292.138,27.667,1.681,137.459,17.202,4.044
6b792b7a-aac1-41c8-8eea-992c3370cd4d,2026-04-19T16:14:22.292679-04:00,node-01,orders-api,503,True,anomalous,market_aware_v1,76.807,49.315,291.599,28.863,1.366,151.268,51.497,4.033
916248bc-e96e-4a60-8836-0582bcfa4c66,2026-04-19T16:14:22.316607-04:00,node-01,checkout-api,502,True,anomalous,market_aware_v1,72.707,55.683,283.109,28.229,1.348,137.388,34.998,3.584
a823a660-d8c6-4327-b538-6f83b2b1fc42,2026-04-19T16:14:22.337150-04:00,node-01,payments-api,502,True,anomalous,market_aware_v1,67.654,61.286,275.651,23.618,1.182,131.778,29.129,3.329
1418d560-33d5-42cc-be7c-79a0bddab7fa,2026-04-19T16:14:22.369257-04:00,node-01,orders-api,502,True,anomalous,market_aware_v1,75.623,50.442,255.998,29.831,1.09,129.59,62.812,3.145
c7dc1036-b9d1-48dd-8841-2741a05a5243,2026-04-19T16:14:22.405979-04:00,node-01,checkout-api,500,True,anomalous,market_aware_v1,69.638,58.8,288.95,27.732,1.641,142.53,32.113,4.131
8a23e5de-0216-4260-b179-a1338d84cbed,2026-04-19T16:14:22.428559-04:00,node-01,payments-api,429,True,anomalous,market_aware_v1,69.85,59.628,295.084,25.628,1.336,139.35,24.477,3.665
82e294a7-276f-4b3a-b02e-316fa4c26299,2026-04-19T16:14:22.449675-04:00,node-01,orders-api,503,True,anomalous,market_aware_v1,77.39,56.026,262.834,30.449,1.231,133.643,61.22,3.126
8b591a8e-9257-42be-9e9b-88a85264aa81,2026-04-19T16:14:22.474069-04:00,node-01,checkout-api,503,True,anomalous,market_aware_v1,74.044,57.407,275.949,27.9,1.289,132.477,37.517,3.484
9e991fb9-9005-4307-831a-a6cb00d4c759,2026-04-19T16:14:22.502762-04:00,node-01,payments-api,500,True,anomalous,market_aware_v1,65.251,64.593,275.251,25.974,1.202,136.968,25.398,3.447
25c7fc96-1526-4e9e-9052-4625ab1f14ec,2026-04-19T16:14:22.539843-04:00,node-01,orders-api,500,True,anomalous,market_aware_v1,75.512,52.561,252.949,32.197,1.202,130.7,65.014,3.327
867ba6e0-98a6-4b77-ab62-1e83659ce655,2026-04-19T16:14:22.561166-04:00,node-01,checkout-api,502,True,anomalous,market_aware_v1,77.785,65.381,276.257,31.009,1.589,135.097,42.973,3.946
9429bca5-0c7f-40ca-887d-6d7b5d0f4dff,2026-04-19T16:14:22.582934-04:00,node-01,payments-api,502,True,anomalous,market_aware_v1,68.521,59.405,284.344,28.063,1.341,134.851,32.333,3.509
423b4afb-cff7-448e-8911-b016d8009019,2026-04-19T16:14:22.613896-04:00,node-01,orders-api,502,True,anomalous,market_aware_v1,77.144,57.66,266.339,31.553,1.135,130.82,66.85,3.21
1afdc1e2-405e-4845-9fc0-cab5b0d4252a,2026-04-19T16:14:22.648941-04:00,node-01,checkout-api,500,True,anomalous,market_aware_v1,79.889,60.07,289.077,29.721,1.307,141.431,40.276,3.692
0834761f-cac0-4704-8ef3-e1dc3d621e36,2026-04-19T16:14:22.669631-04:00,node-01,payments-api,502,True,anomalous,market_aware_v1,73.181,64.863,293.456,27.564,1.472,144.334,34.412,4.025
66e53d42-113b-4344-9850-617d7a06b0b7,2026-04-19T16:14:22.693722-04:00,node-01,orders-api,503,True,anomalous,market_aware_v1,79.948,58.805,255.127,31.852,1.07,130.675,70.301,2.98
4dcaf7bd-8bbf-4f99-9552-effa9c8770ab,2026-04-19T16:14:22.713885-04:00,node-01,checkout-api,503,True,anomalous,market_aware_v1,79.117,63.317,288.881,30.004,1.352,143.649,46.873,3.73
7bc3dab3-3b0c-4064-80a2-9f8223639afb,2026-04-19T16:14:22.750101-04:00,node-01,payments-api,503,True,anomalous,market_aware_v1,74.044,60.228,323.625,27.966,1.393,148.834,29.767,3.778
bd911fa6-fa56-40b8-a45f-9445c03ba351,2026-04-19T16:14:22.771887-04:00,node-01,orders-api,503,True,anomalous,market_aware_v1,79.636,55.208,265.654,33.703,1.122,135.276,66.435,3.267
76940aa9-0cd8-4970-90b3-dda99235414d,2026-04-19T16:14:22.794238-04:00,node-01,checkout-api,502,True,anomalous,market_aware_v1,78.966,62.846,278.983,30.49,1.327,137.438,47.683,3.568
e0e8caf8-7622-46ef-8e44-20d5b9ba760f,2026-04-19T16:14:22.815369-04:00,node-01,payments-api,500,True,anomalous,market_aware_v1,71.027,62.992,286.419,27.255,1.34,139.63,35.305,3.675
fa7c0a2a-1bd1-414b-9f48-8ba496f72033,2026-04-19T16:14:22.838461-04:00,node-01,orders-api,502,True,anomalous,market_aware_v1,80.918,56.794,261.739,33.091,1.061,136.369,70.093,3.271
c8bc2f67-b06c-41a1-95d6-fa69f21bab28,2026-04-19T16:14:22.859963-04:00,node-01,checkout-api,503,True,anomalous,market_aware_v1,75.422,60.274,289.797,28.263,1.371,139.643,43.993,3.657
dbd9d601-0990-46f7-b092-163831d945ee,2026-04-19T16:14:22.883583-04:00,node-01,payments-api,429,True,anomalous,market_aware_v1,71.351,61.53,290.997,28.601,1.329,143.4,29.406,3.694
368d9e0c-791b-4213-aebf-b8404ae5bec2,2026-04-19T16:14:22.904527-04:00,node-01,orders-api,429,True,anomalous,market_aware_v1,77.33,57.119,280.097,31.127,1.237,141.169,63.828,3.564
9828c198-b352-4eb7-9ee4-78d4677bf881,2026-04-19T16:14:22.927523-04:00,node-01,checkout-api,500,True,anomalous,market_aware_v1,73.321,61.568,272.524,28.797,1.293,134.585,43.41,3.53
450fe4de-e015-490a-aad6-74c85abce694,2026-04-19T16:14:22.949609-04:00,node-01,payments-api,503,True,anomalous,market_aware_v1,69.561,64.949,285.187,25.748,1.218,136.304,28.288,3.372
9dfc3b57-695f-40d1-b8d0-7a704e185833,2026-04-19T16:14:22.981164-04:00,node-01,orders-api,500,True,anomalous,market_aware_v1,74.11,57.077,263.671,28.285,1.125,137.403,62.924,3.305
9c6465ee-7bd4-40d2-b612-71739be7fbe9,2026-04-19T16:14:23.019768-04:00,node-01,checkout-api,500,True,anomalous,market_aware_v1,70.183,57.683,280.001,29.966,1.399,135.521,36.017,3.62
623c1c4a-3183-4f19-9bdb-7f048ac8cfda,2026-04-19T16:14:23.052070-04:00,node-01,payments-api,500,True,anomalous,market_aware_v1,66.429,57.612,289.179,25.348,1.257,137.556,22.269,3.541
c26aca3b-6aa7-4adf-94fd-bd2aa91bccaa,2026-04-19T16:14:23.085420-04:00,node-01,orders-api,502,True,anomalous,market_aware_v1,74.966,54.08,266.092,30.191,1.132,134.023,58.29,3.211
516f0871-a5ab-44ab-9cf2-dfd20585d326,2026-04-19T16:14:23.107180-04:00,node-01,checkout-api,500,True,anomalous,market_aware_v1,69.75,58.921,293.367,29.068,1.758,140.033,31.131,4.271
2998dfae-e14b-42cb-86a0-8d6e51b83859,2026-04-19T16:14:23.131740-04:00,node-01,payments-api,500,True,anomalous,market_aware_v1,64.442,56.89,298.65,26.494,1.373,137.468,22.452,3.727
c57fad6e-2c6c-40bf-8db0-be62406c06c3,2026-04-19T16:14:23.159031-04:00,node-01,orders-api,500,True,anomalous,market_aware_v1,73.225,53.095,267.523,28.245,1.177,134.954,52.775,3.461
3fa52090-e263-431e-b127-8409bf669439,2026-04-19T16:14:23.196183-04:00,node-01,checkout-api,502,True,anomalous,market_aware_v1,69.918,57.438,282.602,29.977,1.668,137.736,24.069,4.047
06a0cb0c-ebb9-488a-96b1-262b575224ae,2026-04-19T16:14:23.218448-04:00,node-01,payments-api,503,True,anomalous,market_aware_v1,62.399,55.017,268.678,23.849,1.184,129.714,23.28,3.227
0f054079-859a-4ca6-9a2e-a689d0a96c8b,2026-04-19T16:14:23.238778-04:00,node-01,orders-api,500,True,anomalous,market_aware_v1,70.002,56.567,270.22,30.871,1.484,138.835,41.629,3.806
66e731a2-8d3a-4c77-9a93-4d519cb3fc42,2026-04-19T16:14:23.259164-04:00,node-01,checkout-api,500,True,anomalous,market_aware_v1,68.393,54.427,286.435,25.312,1.298,133.611,30.955,3.521
683ebb27-5ccf-43d0-919e-b690f9e91252,2026-04-19T16:14:23.286001-04:00,node-01,payments-api,429,True,anomalous,market_aware_v1,61.742,56.745,291.322,24.308,1.305,138.488,18.686,3.621
bcf42aba-a0b3-4404-8a6b-68746cc93a0f,2026-04-19T16:14:23.315537-04:00,node-01,orders-api,502,True,anomalous,market_aware_v1,68.282,49.923,253.23,30.211,1.147,131.018,59.051,3.16
f4f3d2fe-505d-4aac-baf9-bd657b76f980,2026-04-19T16:14:23.351265-04:00,node-01,checkout-api,502,True,anomalous,market_aware_v1,68.957,48.968,286.296,25.101,1.412,140.305,28.714,3.692
199a8614-d7e4-4495-ae47-19c94b4b3ce5,2026-04-19T16:14:23.373874-04:00,node-01,payments-api,502,True,anomalous,market_aware_v1,60.586,53.45,275.245,24.505,1.196,131.179,20.536,3.369
db421616-2783-40c2-8614-5d8686277b21,2026-04-19T16:14:23.393934-04:00,node-01,orders-api,500,True,anomalous,market_aware_v1,69.426,53.257,250.951,28.11,1.099,132.462,56.585,3.207
417bf569-75c7-4793-bed6-7c1c0f062190,2026-04-19T16:14:23.418334-04:00,node-01,checkout-api,503,True,anomalous,market_aware_v1,70.63,52.043,272.188,25.41,1.269,130.97,32.02,3.18
ca6be05c-0689-4377-8596-12b7a7f3cb6e,2026-04-19T16:14:23.439627-04:00,node-01,payments-api,429,True,anomalous,market_aware_v1,66.108,57.883,288.626,24.359,1.297,134.709,20.72,3.466
4a6f670c-c75f-4df9-9be2-b1f92fe33075,2026-04-19T16:14:23.461970-04:00,node-01,orders-api,500,True,anomalous,market_aware_v1,70.955,52.028,266.098,27.345,1.244,135.645,54.229,3.319
ba23e8c2-680b-41d4-9546-6cb63428ee10,2026-04-19T16:14:23.484319-04:00,node-01,checkout-api,429,True,anomalous,market_aware_v1,70.595,55.24,288.781,29.611,1.384,136.27,33.406,3.575
cf6f020a-e640-4b24-906b-dedc66fab9ea,2026-04-19T16:14:23.505955-04:00,node-01,payments-api,502,True,anomalous,market_aware_v1,64.676,59.095,287.523,23.147,1.331,138.056,23.027,3.541
1b0f729d-566c-4337-970c-4c4e42bd73db,2026-04-19T16:14:23.537558-04:00,node-01,orders-api,500,True,anomalous,market_aware_v1,74.336,54.188,258.358,31.53,1.077,129.831,63.465,3.093
5b8a4eeb-0a21-49e8-a715-cbf6f5596b79,2026-04-19T16:14:23.572806-04:00,node-01,checkout-api,503,True,anomalous,market_aware_v1,70.244,57.567,270.4,29.492,1.293,128.08,42.148,3.353
21240cfe-6b32-4e4d-8490-44626cf2126a,2026-04-19T16:14:23.595593-04:00,node-01,payments-api,502,True,anomalous,market_aware_v1,65.112,60.09,274.044,28.502,1.242,130.714,30.339,3.246
f096070e-baf3-4786-9b64-50f5c576ed42,2026-04-19T16:14:23.617458-04:00,node-01,orders-api,429,True,anomalous,market_aware_v1,75.812,57.595,278.48,33.386,1.177,141.717,60.362,3.5
dd984eae-a227-4fd8-8fe8-ac670cada035,2026-04-19T16:14:23.639828-04:00,node-01,checkout-api,502,True,anomalous,market_aware_v1,73.499,58.537,258.671,29.442,1.197,125.606,39.053,3.138
8f967711-5dd3-4cb1-92c4-2df0672ec91c,2026-04-19T16:14:23.661635-04:00,node-01,payments-api,429,True,anomalous,market_aware_v1,71.508,60.669,279.646,26.608,1.121,130.305,29.542,3.24
cf482050-6893-4e81-bb66-2bf89cbc1f5c,2026-04-19T16:14:23.684347-04:00,node-01,orders-api,503,True,anomalous,market_aware_v1,79.418,56.167,270.658,33.036,1.49,146.843,64.369,4.157
98aeb54c-bfec-4750-81f4-f4a631d049cc,2026-04-19T16:14:23.706624-04:00,node-01,checkout-api,500,True,anomalous,market_aware_v1,74.472,60.441,281.156,31.092,1.225,131.292,47.443,3.402
cd6bdfc2-4b0d-4630-9104-1b03eac4f1cb,2026-04-19T16:14:23.728801-04:00,node-01,payments-api,503,True,anomalous,market_aware_v1,73.835,65.404,289.079,26.288,1.202,138.04,25.953,3.38
bb4413dd-ec54-4242-8143-31f1f1b58d42,2026-04-19T16:14:23.751587-04:00,node-01,orders-api,502,True,anomalous,market_aware_v1,77.784,56.961,261.998,29.429,1.142,134.273,66.853,3.274
a4997e9c-c393-48f6-83ff-ea7171355b53,2026-04-19T16:14:23.774638-04:00,node-01,checkout-api,503,True,anomalous,market_aware_v1,77.121,59.509,294.952,27.957,1.375,141.126,47.356,3.696
a5c59669-fbfc-49e7-8739-92023478c768,2026-04-19T16:14:23.794709-04:00,node-01,payments-api,429,True,anomalous,market_aware_v1,71.388,59.903,282.613,26.571,1.355,139.998,22.123,3.621
80d5150c-b6dd-496f-bef9-f5db8824399e,2026-04-19T16:14:23.815985-04:00,node-01,orders-api,503,True,anomalous,market_aware_v1,80.489,54.364,268.178,33.544,1.254,136.566,67.724,3.355
76755f47-978b-4e60-9ee5-8fb327599f22,2026-04-19T16:14:23.841585-04:00,node-01,checkout-api,429,True,anomalous,market_aware_v1,75.909,57.65,285.069,30.339,1.421,139.542,36.315,3.782
cff8a18a-0cd6-41cf-8dce-8da81f4ba89f,2026-04-19T16:14:23.866385-04:00,node-01,payments-api,429,True,anomalous,market_aware_v1,73.296,59.187,297.333,30.272,1.586,144.355,26.824,4.048
418fc0f8-8691-4a5a-8926-51d0b753f7cb,2026-04-19T16:14:23.905292-04:00,node-01,orders-api,500,True,anomalous,market_aware_v1,78.089,52.672,259.71,31.87,1.127,132.475,63.103,3.182
9651495e-eb53-4464-a16c-3e4cb7ef1868,2026-04-19T16:14:23.943880-04:00,node-01,checkout-api,500,True,anomalous,market_aware_v1,73.83,59.709,270.929,29.931,1.229,130.166,43.589,3.257
d27f3536-f45d-466e-a8c7-298cfeb89569,2026-04-19T16:14:23.972046-04:00,node-01,payments-api,502,True,anomalous,market_aware_v1,64.131,62.06,275.463,22.882,1.137,130.136,23.776,3.223
44a3d606-615f-4bfb-a173-2a7b42f68108,2026-04-19T16:14:23.997688-04:00,node-01,orders-api,429,True,anomalous,market_aware_v1,75.965,55.33,265.163,31.923,1.134,134.576,61.315,3.135
17186686-e85d-44b7-8234-58dedf824cdb,2026-04-19T16:14:24.045361-04:00,node-01,checkout-api,500,True,anomalous,market_aware_v1,74.105,53.378,288.582,29.188,1.433,139.212,36.449,3.795
573bb971-93c5-4f6c-9401-a5536727d7da,2026-04-19T16:14:24.077654-04:00,node-01,payments-api,503,True,anomalous,market_aware_v1,74.161,61.417,300.879,25.926,1.615,140.278,15.821,4.04
93b194d8-1e2b-4491-9c91-2cdff142269f,2026-04-19T16:14:24.099874-04:00,node-01,orders-api,502,True,anomalous,market_aware_v1,72.54,51.677,250.945,30.902,1.053,132.207,64.406,3.055
db2c6d27-a40b-42a6-8d9c-baed0ae30894,2026-04-19T16:14:24.127406-04:00,node-01,checkout-api,429,True,anomalous,market_aware_v1,74.471,55.071,289.54,28.431,1.312,135.07,35.713,3.472
c1e6d645-e74b-45d7-82cb-860ef6268b46,2026-04-19T16:14:24.144436-04:00,node-01,payments-api,429,True,anomalous,market_aware_v1,64.899,54.972,300.313,25.232,1.339,145.922,23.044,3.765
3a4ff2cb-c781-4a48-9106-0af81adc197f,2026-04-19T16:14:24.172143-04:00,node-01,orders-api,503,True,anomalous,market_aware_v1,74.244,53.572,263.258,30.085,1.149,133.514,56.908,3.466
81195a58-0086-4608-933c-5f12d6ae5b13,2026-04-19T16:14:24.208025-04:00,node-01,checkout-api,429,True,anomalous,market_aware_v1,66.12,57.313,279.466,31.019,1.313,136.041,31.561,3.516
475bd84a-d715-4584-a967-a495bdbaa9fe,2026-04-19T16:14:24.230647-04:00,node-01,payments-api,500,True,anomalous,market_aware_v1,65.262,58.477,281.685,25.105,1.242,136.299,24.342,3.367
6b892268-4871-49a6-af06-c4a42b9491a7,2026-04-19T16:14:24.253015-04:00,node-01,orders-api,429,True,anomalous,market_aware_v1,74.625,53.652,266.488,29.666,1.2,136.794,60.462,3.362
95ef23ff-c4cc-4dff-8ab0-f05fc2e9f8ce,2026-04-19T16:14:24.283662-04:00,node-01,checkout-api,503,True,anomalous,market_aware_v1,67.458,55.501,289.345,26.848,1.339,138.938,37.137,3.668
a52d2308-0061-47e7-9794-3ced8224861c,2026-04-19T16:14:24.317876-04:00,node-01,payments-api,429,True,anomalous,market_aware_v1,66.05,59.245,280.927,24.055,1.17,134.314,27.872,3.244
1a4139f4-6298-407c-898f-421207fc2109,2026-04-19T16:14:24.340886-04:00,node-01,orders-api,429,True,anomalous,market_aware_v1,72.982,53.07,246.998,28.914,1.081,129.924,59.744,3.095
2a91af7e-f802-4a6c-9601-edb1088784fa,2026-04-19T16:14:24.363264-04:00,node-01,checkout-api,429,True,anomalous,market_aware_v1,69.904,57.954,273.007,29.119,1.274,132.954,34.622,3.475
ebee2d37-b6f8-40ea-8552-71552cbc3a96,2026-04-19T16:14:24.386882-04:00,node-01,payments-api,502,True,anomalous,market_aware_v1,69.174,59.448,313.669,28.449,1.785,150.972,10.159,4.367
555e3bd7-5298-4f91-a952-b21819252ab4,2026-04-19T16:14:24.407707-04:00,node-01,orders-api,503,True,anomalous,market_aware_v1,73.783,52.96,268.824,32.0,1.2,139.785,59.254,3.387
54bbc1cf-fe7f-4d5a-9dc1-46b578492066,2026-04-19T16:14:24.427994-04:00,node-01,checkout-api,503,True,anomalous,market_aware_v1,70.688,56.217,284.205,27.012,1.285,138.32,39.439,3.546
dc4aceae-e62d-45fa-b6bd-0156eedecabd,2026-04-19T16:14:24.445608-04:00,node-01,payments-api,503,True,anomalous,market_aware_v1,70.117,60.638,281.4,26.936,1.228,129.264,27.695,3.302
cd201c52-857c-48c5-b2c6-6cbcbceec672,2026-04-19T16:14:24.472790-04:00,node-01,orders-api,500,True,anomalous,market_aware_v1,73.698,55.788,257.599,30.602,1.115,131.288,62.758,3.184
d54d24aa-1274-4db8-8715-79fe3f2c21c3,2026-04-19T16:14:24.508252-04:00,node-01,checkout-api,500,True,anomalous,market_aware_v1,74.925,59.185,289.353,29.861,1.305,136.951,47.904,3.466
2f208c75-d01d-47b7-8058-072b0d3f6543,2026-04-19T16:14:24.529893-04:00,node-01,payments-api,503,True,anomalous,market_aware_v1,72.873,59.407,288.175,27.228,1.297,133.735,34.415,3.381
645096ea-9b8c-48e4-9f8c-4a0ed9f86c4b,2026-04-19T16:14:24.553423-04:00,node-01,orders-api,429,True,anomalous,market_aware_v1,84.027,59.854,286.9,32.975,1.462,139.749,61.881,3.842
8bf756a0-d336-470f-b738-015e83ede19f,2026-04-19T16:14:24.575271-04:00,node-01,checkout-api,502,True,anomalous,market_aware_v1,77.007,63.488,285.001,31.76,1.323,144.194,44.898,3.79
48104d74-2847-49ec-8442-0e90abe55581,2026-04-19T16:14:24.596669-04:00,node-01,payments-api,500,True,anomalous,market_aware_v1,73.919,59.621,293.747,29.599,1.285,140.113,38.231,3.584
214dad2b-ee68-455f-9ae7-857ebbfb1d73,2026-04-19T16:14:24.620176-04:00,node-01,orders-api,502,True,anomalous,market_aware_v1,79.518,60.024,285.289,34.904,1.27,145.102,61.67,3.5
7cc38376-6134-40d0-8c65-aaa22d7f42b4,2026-04-19T16:14:24.641787-04:00,node-01,checkout-api,503,True,anomalous,market_aware_v1,79.638,63.638,278.319,29.238,1.326,131.218,48.909,3.529
27a98b8b-70cc-43c3-b06e-695b488bb2ae,2026-04-19T16:14:24.664116-04:00,node-01,payments-api,503,True,anomalous,market_aware_v1,76.187,63.759,302.97,28.798,1.466,148.657,35.064,4.098
b94d0046-ba2f-4650-a1b9-e09d37dbc06f,2026-04-19T16:14:24.686715-04:00,node-01,orders-api,502,True,anomalous,market_aware_v1,79.332,57.93,271.319,32.387,1.149,135.201,65.729,3.28
c176ecbf-ebf6-4a76-9488-e78038bac393,2026-04-19T16:14:24.707587-04:00,node-01,checkout-api,429,True,anomalous,market_aware_v1,76.577,62.328,298.593,31.24,1.449,144.94,39.694,3.927
b7cd5b64-b758-4e56-999c-e0b644aaaa78,2026-04-19T16:14:24.729734-04:00,node-01,payments-api,500,True,anomalous,market_aware_v1,74.183,65.824,308.529,23.897,1.367,141.109,32.161,3.65
19c67ffa-4336-4a64-a0b2-384f8dfadb93,2026-04-19T16:14:24.753270-04:00,node-01,orders-api,500,True,anomalous,market_aware_v1,81.692,55.689,261.732,33.831,1.161,137.632,70.337,3.272
dd532171-d7ad-4201-ace3-2c0b2187d022,2026-04-19T16:14:24.775768-04:00,node-01,checkout-api,429,True,anomalous,market_aware_v1,79.005,62.466,305.476,32.127,1.617,151.718,44.336,4.348
1e07fc83-2afa-4c50-bab9-8d3631c32908,2026-04-19T16:14:24.799036-04:00,node-01,payments-api,429,True,anomalous,market_aware_v1,71.81,67.129,289.922,27.203,1.343,138.16,35.539,3.632
a41393aa-7e40-4338-8e33-e22c0e0b6a5e,2026-04-19T16:14:24.821500-04:00,node-01,orders-api,429,True,anomalous,market_aware_v1,80.857,60.673,292.388,32.634,1.509,148.251,69.363,4.136
66fe6d4b-fbc5-45e5-821b-994e18443dda,2026-04-19T16:14:24.851331-04:00,node-01,checkout-api,503,True,anomalous,market_aware_v1,74.301,61.161,274.848,30.169,1.376,132.587,51.346,3.519
241dc550-e0f1-4f8b-be9b-8cf0dffd5ac4,2026-04-19T16:14:24.867527-04:00,node-01,payments-api,502,True,anomalous,market_aware_v1,75.831,60.267,327.827,29.446,1.923,157.265,15.697,4.895
e7971588-39fd-47f2-89de-cf0424f1790d,2026-04-19T16:14:24.886646-04:00,node-01,orders-api,502,True,anomalous,market_aware_v1,73.401,60.856,262.703,32.285,1.13,129.912,64.174,3.134
97d3e3a8-bbb6-4ddd-8f47-eead74297fce,2026-04-19T16:14:24.908309-04:00,node-01,checkout-api,502,True,anomalous,market_aware_v1,77.157,58.733,281.583,27.811,1.389,139.546,38.511,3.632
5feee916-0c48-4474-b64f-1e4e18044011,2026-04-19T16:14:24.929236-04:00,node-01,payments-api,500,True,anomalous,market_aware_v1,67.427,58.438,313.033,25.985,1.513,151.567,21.236,4.305
2abbc8e7-bb80-47b6-8f51-a5c3e0d2b244,2026-04-19T16:14:24.946504-04:00,node-01,orders-api,429,True,anomalous,market_aware_v1,79.219,57.836,272.629,32.955,1.546,142.289,48.119,3.828
48bb3bbf-27de-4d47-84d6-f179ebae9dbd,2026-04-19T16:14:24.965005-04:00,node-01,checkout-api,502,True,anomalous,market_aware_v1,71.785,54.961,274.021,27.44,1.347,127.546,42.022,3.331
becf56e4-f036-4430-b2da-1d6eb16eaeb1,2026-04-19T16:14:24.987684-04:00,node-01,payments-api,502,True,anomalous,market_aware_v1,68.018,58.008,293.208,26.207,1.353,140.262,23.073,3.665
6e8cc01e-4cd5-4d9d-9f50-930bd38e0dc2,2026-04-19T16:14:25.010392-04:00,node-01,orders-api,502,True,anomalous,market_aware_v1,67.87,54.841,265.709,30.277,1.162,133.81,59.13,3.219
dde5b732-066c-49db-bbb8-d602e4d61316,2026-04-19T16:14:25.031850-04:00,node-01,checkout-api,503,True,anomalous,market_aware_v1,69.421,53.604,276.665,27.518,1.389,131.74,35.598,3.434
4baa0804-8bd6-461d-9e33-c6c822b6ef2f,2026-04-19T16:14:25.054179-04:00,node-01,payments-api,502,True,anomalous,market_aware_v1,70.291,57.897,313.209,23.048,1.375,142.44,21.107,3.715
79be8479-6216-4f78-a152-3ecc4c49b8cc,2026-04-19T16:14:25.076788-04:00,node-01,orders-api,503,True,anomalous,market_aware_v1,67.14,52.281,253.049,27.328,1.189,135.293,60.8,3.228
fbd6f459-ccf1-48a9-8979-8c96cb8537f0,2026-04-19T16:14:25.100209-04:00,node-01,checkout-api,503,True,anomalous,market_aware_v1,65.68,54.115,271.399,25.906,1.296,129.19,33.957,3.452
9b721699-3c03-463c-8cf3-5596ae6c69e1,2026-04-19T16:14:25.121400-04:00,node-01,payments-api,429,True,anomalous,market_aware_v1,65.398,57.166,277.045,23.915,1.247,135.909,22.33,3.489
6e73e0ae-9501-4444-a4dc-e288dbd2eef8,2026-04-19T16:14:25.143133-04:00,node-01,orders-api,429,True,anomalous,market_aware_v1,73.148,52.303,279.039,28.322,1.213,137.226,52.639,3.389
54244331-b83f-4d80-9e09-2757912bae15,2026-04-19T16:14:25.165494-04:00,node-01,checkout-api,502,True,anomalous,market_aware_v1,66.772,54.251,272.787,26.92,1.287,132.075,28.02,3.355
43dd3f3a-2a92-4d2f-895d-059f4042a113,2026-04-19T16:14:25.187923-04:00,node-01,payments-api,503,True,anomalous,market_aware_v1,63.538,57.947,289.915,23.689,1.345,142.359,10.044,3.626
a2716961-003f-4744-8d39-f92954e649ca,2026-04-19T16:14:25.218913-04:00,node-01,orders-api,503,True,anomalous,market_aware_v1,71.324,51.247,262.6,30.607,1.175,133.857,55.227,3.144
92f98eda-c41a-409d-81ca-9da9e74d3b5b,2026-04-19T16:14:25.254313-04:00,node-01,checkout-api,502,True,anomalous,market_aware_v1,67.188,53.564,278.11,26.678,1.379,135.496,29.397,3.526
10ca1719-7225-4aab-923c-a6239a872db4,2026-04-19T16:14:25.276822-04:00,node-01,payments-api,502,True,anomalous,market_aware_v1,69.145,54.8,284.389,23.438,1.31,136.491,22.707,3.59
023fba96-4ce3-433c-8d2b-f48449068e12,2026-04-19T16:14:25.298956-04:00,node-01,orders-api,503,True,anomalous,market_aware_v1,67.236,57.232,250.658,30.33,1.107,134.732,57.29,3.319
e31617f7-175b-44df-98f8-c0641ff83752,2026-04-19T16:14:25.320445-04:00,node-01,checkout-api,502,True,anomalous,market_aware_v1,68.725,55.274,287.279,28.719,1.333,141.636,34.95,3.638
147feeab-9b5a-44c8-839e-d350d46fefcf,2026-04-19T16:14:25.342826-04:00,node-01,payments-api,500,True,anomalous,market_aware_v1,65.041,62.582,288.227,25.719,1.332,139.58,17.57,3.587
6eb6b7a2-b5fa-49aa-a983-aae60b9f021e,2026-04-19T16:14:25.364308-04:00,node-01,orders-api,500,True,anomalous,market_aware_v1,73.611,55.535,271.154,31.299,1.161,136.706,61.306,3.347
b978b251-8bb4-4c25-82c4-b6999c7ec52c,2026-04-19T16:14:25.389042-04:00,node-01,checkout-api,500,True,anomalous,market_aware_v1,73.152,56.488,285.545,31.203,1.355,132.893,39.378,3.483
b219c7b8-a408-450f-88c8-c20493131619,2026-04-19T16:14:25.411088-04:00,node-01,payments-api,502,True,anomalous,market_aware_v1,68.204,62.183,293.764,23.555,1.203,137.129,26.958,3.478
8ac5aaef-56d7-43de-91a2-9b31e1526d36,2026-04-19T16:14:25.433255-04:00,node-01,orders-api,429,True,anomalous,market_aware_v1,80.44,54.495,272.708,27.796,1.245,137.139,60.562,3.367
607fd255-12b8-4923-8100-699fa8c6cdaf,2026-04-19T16:14:25.453016-04:00,node-01,checkout-api,503,True,anomalous,market_aware_v1,71.645,57.432,282.796,29.516,1.286,134.411,38.791,3.414
1d694bfe-f917-42d6-9849-1fa13a52b5b1,2026-04-19T16:14:25.470501-04:00,node-01,payments-api,502,True,anomalous,market_aware_v1,73.01,61.488,294.913,26.166,1.327,137.943,24.733,3.628
65f64120-8c78-444e-973b-a463b974662e,2026-04-19T16:14:25.488611-04:00,node-01,orders-api,429,True,anomalous,market_aware_v1,82.648,57.175,303.441,33.524,1.572,149.142,54.236,4.074
4984e129-f9d9-4e0f-bb1e-300fb6640280,2026-04-19T16:14:25.521864-04:00,node-01,checkout-api,429,True,anomalous,market_aware_v1,76.599,60.576,287.894,30.01,1.312,136.629,43.353,3.526
0c9f0c2c-867f-4ae1-9fdb-b09b33a77d34,2026-04-19T16:14:25.544649-04:00,node-01,payments-api,502,True,anomalous,market_aware_v1,77.627,69.189,311.653,29.567,1.74,147.852,18.795,4.28
d63d9bf8-20fb-4829-967c-089e2620e8c5,2026-04-19T16:14:25.566677-04:00,node-01,orders-api,429,True,anomalous,market_aware_v1,74.476,56.206,262.226,32.57,1.147,129.027,65.253,3.172
eb2ed605-a244-42b5-becd-8056c2191a93,2026-04-19T16:14:25.588638-04:00,node-01,checkout-api,503,True,anomalous,market_aware_v1,72.779,55.825,268.157,32.078,1.168,132.234,46.065,3.228
9dceab68-da57-452f-8f93-5cae496defd7,2026-04-19T16:14:25.612362-04:00,node-01,payments-api,503,True,anomalous,market_aware_v1,69.774,60.388,296.236,27.702,1.259,137.807,34.293,3.482
087060b6-6657-4063-a2eb-3e70180e6702,2026-04-19T16:14:25.632940-04:00,node-01,orders-api,502,True,anomalous,market_aware_v1,77.608,59.466,265.99,30.859,1.061,133.542,64.728,3.237
fb141ea8-ecc9-43ef-aaea-6a86419cf9c4,2026-04-19T16:14:25.655782-04:00,node-01,checkout-api,502,True,anomalous,market_aware_v1,75.938,63.314,283.217,31.68,1.659,140.176,37.19,4.087
09d90323-532b-4365-82e7-e646db69bfd8,2026-04-19T16:14:25.678238-04:00,node-01,payments-api,500,True,anomalous,market_aware_v1,69.189,60.745,295.487,28.563,1.325,143.691,30.519,3.701
3a19283d-a435-4a3e-98ea-d14fe2beddad,2026-04-19T16:14:25.700277-04:00,node-01,orders-api,502,True,anomalous,market_aware_v1,76.708,55.347,257.968,31.987,1.168,131.686,61.071,3.21
4b1d9efe-5ef8-432a-97ee-825b9e401176,2026-04-19T16:14:25.721008-04:00,node-01,checkout-api,503,True,anomalous,market_aware_v1,73.732,57.713,286.524,27.95,1.373,136.882,41.375,3.615
84d15161-8b9d-48b0-b096-2e4cea4f0e3f,2026-04-19T16:14:25.745139-04:00,node-01,payments-api,502,True,anomalous,market_aware_v1,71.278,61.469,290.822,25.466,1.219,132.901,25.334,3.337
a424be5f-bc11-498f-989d-6f7bc9688ac9,2026-04-19T16:14:25.776538-04:00,node-01,orders-api,503,True,anomalous,market_aware_v1,76.308,56.151,273.684,30.092,1.161,134.563,60.987,3.333
15e6485c-c079-4e83-94c9-d0cf48b21a3c,2026-04-19T16:14:25.811715-04:00,node-01,checkout-api,429,True,anomalous,market_aware_v1,68.55,58.718,281.245,29.385,1.364,136.164,34.413,3.591
dfc7c313-e9b2-40a4-a602-e69d43202a89,2026-04-19T16:14:25.833904-04:00,node-01,payments-api,502,True,anomalous,market_aware_v1,68.28,59.543,288.716,25.589,1.195,138.173,25.531,3.525
a6970b57-6fee-4ea1-8afe-ab8d4043f119,2026-04-19T16:14:25.856218-04:00,node-01,orders-api,500,True,anomalous,market_aware_v1,73.608,55.119,265.748,28.44,1.191,134.979,55.749,3.408
afdec0a1-9997-4d1f-be41-b30e1b551c9f,2026-04-19T16:14:25.878597-04:00,node-01,checkout-api,500,True,anomalous,market_aware_v1,74.922,57.498,286.983,28.83,1.37,144.043,27.661,3.684
9bb8f357-f020-41c8-a253-03229f954469,2026-04-19T16:14:25.900752-04:00,node-01,payments-api,500,True,anomalous,market_aware_v1,66.152,54.072,282.429,27.899,1.239,133.957,25.577,3.354
75cd2d07-5b12-4093-892e-07a41a3738bb,2026-04-19T16:14:25.922993-04:00,node-01,orders-api,500,True,anomalous,market_aware_v1,68.475,53.528,265.561,31.036,1.179,139.39,52.486,3.355
b64a5af3-aff1-45e9-8845-a6f7d039aca9,2026-04-19T16:14:25.945430-04:00,node-01,checkout-api,503,True,anomalous,market_aware_v1,68.177,53.375,279.801,27.693,1.36,137.516,33.915,3.466
4d784722-c5e3-4c66-8181-7bf19a023020,2026-04-19T16:14:25.965400-04:00,node-01,payments-api,500,True,anomalous,market_aware_v1,64.949,57.433,294.195,25.06,1.358,136.374,20.451,3.619
6d096dfd-2b1d-47b4-831a-346c724e9163,2026-04-19T16:14:25.982991-04:00,node-01,orders-api,429,True,anomalous,market_aware_v1,73.275,55.915,271.283,30.079,1.184,141.35,57.197,3.392
5218394d-7724-4af7-9fee-cf4e2140661b,2026-04-19T16:14:26.000953-04:00,node-01,checkout-api,503,True,anomalous,market_aware_v1,70.655,56.442,297.319,28.397,1.372,140.126,33.284,3.675
42767a4d-1390-4117-aae8-2bc40ada2e1f,2026-04-19T16:14:26.025194-04:00,node-01,payments-api,429,True,anomalous,market_aware_v1,67.426,58.455,291.329,26.549,1.308,135.322,18.442,3.619
ef16c679-d30b-4928-a735-1ef3dfc47c5f,2026-04-19T16:14:26.045937-04:00,node-01,orders-api,502,True,anomalous,market_aware_v1,77.592,55.692,305.655,34.148,1.697,157.053,38.629,4.461
3e9f2aa7-acab-453b-a3e1-b40b2620f0e0,2026-04-19T16:14:26.068579-04:00,node-01,checkout-api,503,True,anomalous,market_aware_v1,68.665,55.351,264.141,29.925,1.339,130.977,41.061,3.471
3c348a7a-930e-434a-8885-4c842b81cf1b,2026-04-19T16:14:26.090296-04:00,node-01,payments-api,502,True,anomalous,market_aware_v1,69.225,59.964,277.254,24.695,1.195,137.759,27.816,3.431
d03969f4-755d-4076-9d85-bad19d402260,2026-04-19T16:14:26.112456-04:00,node-01,orders-api,502,True,anomalous,market_aware_v1,75.682,52.994,273.987,31.614,1.182,132.744,64.777,3.15
6648f879-3744-47ab-9c6d-b1f597c2c951,2026-04-19T16:14:26.143782-04:00,node-01,checkout-api,502,True,anomalous,market_aware_v1,69.048,58.539,288.054,28.084,1.392,134.139,37.714,3.511
5fdd9273-8113-43e5-85c4-f7b35f372ad7,2026-04-19T16:14:26.181720-04:00,node-01,payments-api,503,True,anomalous,market_aware_v1,72.784,62.095,301.333,27.338,1.31,140.448,28.154,3.703
ca44f552-27d5-4eb7-a12f-e16282b5bfe2,2026-04-19T16:14:26.210509-04:00,node-01,orders-api,500,True,anomalous,market_aware_v1,78.081,58.632,275.96,32.568,1.226,140.68,64.663,3.528
452a9131-f3eb-4077-b2c2-9a68edc1b562,2026-04-19T16:14:26.248854-04:00,node-01,checkout-api,502,True,anomalous,market_aware_v1,75.566,57.009,285.103,32.798,1.327,136.514,40.966,3.466
b2ca9489-df57-4f64-bf2d-fc28a4fa5768,2026-04-19T16:14:26.271474-04:00,node-01,payments-api,429,True,anomalous,market_aware_v1,72.275,61.154,290.643,27.512,1.58,143.162,23.194,4.093
3261ffa1-facf-435d-87cf-3c975affcc23,2026-04-19T16:14:26.300268-04:00,node-01,orders-api,503,True,anomalous,market_aware_v1,77.966,56.928,276.916,32.047,1.282,140.444,66.515,3.364
dd2612a5-ad65-4072-bb0f-ff440a706351,2026-04-19T16:14:26.337495-04:00,node-01,checkout-api,503,True,anomalous,market_aware_v1,78.884,61.501,293.04,28.362,1.317,138.775,43.955,3.598
22cca515-2588-405a-9f43-579b00fdb879,2026-04-19T16:14:26.366415-04:00,node-01,payments-api,500,True,anomalous,market_aware_v1,76.509,62.362,316.523,26.927,1.596,159.383,19.689,4.513
6f40cb2d-b66b-4451-94f4-c77004086761,2026-04-19T16:14:26.382952-04:00,node-01,orders-api,429,True,anomalous,market_aware_v1,81.191,56.739,258.505,32.83,1.226,136.805,64.286,3.415
d2cd9ac3-dbd7-44aa-a291-1dc3cbadea6f,2026-04-19T16:14:26.403698-04:00,node-01,checkout-api,500,True,anomalous,market_aware_v1,80.889,65.153,293.687,30.859,1.279,132.772,50.244,3.556
49c94dee-4169-4d17-8443-ff921d61ebcf,2026-04-19T16:14:26.425941-04:00,node-01,payments-api,429,True,anomalous,market_aware_v1,75.934,61.854,292.919,26.554,1.331,142.637,35.843,3.712
1c1fb371-0979-4dbe-945a-f4de69d750c1,2026-04-19T16:14:26.448903-04:00,node-01,orders-api,502,True,anomalous,market_aware_v1,83.441,56.866,273.334,32.984,1.244,137.054,72.784,3.553
81582714-14a5-44ea-9c0a-63cad01739a4,2026-04-19T16:14:26.470130-04:00,node-01,checkout-api,500,True,anomalous,market_aware_v1,79.978,58.36,280.059,31.629,1.355,138.097,49.091,3.613
193d7822-65ca-4bd5-98ec-1a34151b344b,2026-04-19T16:14:26.491575-04:00,node-01,payments-api,500,True,anomalous,market_aware_v1,75.115,63.72,300.265,27.517,1.332,142.102,36.423,3.658
052ab86a-dae8-4071-a32a-14fd535a9291,2026-04-19T16:14:26.522674-04:00,node-01,orders-api,502,True,anomalous,market_aware_v1,79.369,59.653,278.058,34.084,1.187,139.315,63.982,3.413
f6ad8f3d-9f6d-4aa0-906e-9365c2ac8374,2026-04-19T16:14:26.547752-04:00,node-01,checkout-api,502,True,anomalous,market_aware_v1,78.7,60.827,297.21,32.198,1.438,139.576,44.35,3.732
abc38270-0bca-4b68-bb46-7a6a2a7f3a2b,2026-04-19T16:14:26.567751-04:00,node-01,payments-api,429,True,anomalous,market_aware_v1,74.106,65.098,294.756,26.04,1.339,141.879,32.805,3.571
9cb0d303-ba3e-4f81-90b9-7759c7e64139,2026-04-19T16:14:26.606664-04:00,node-01,orders-api,503,True,anomalous,market_aware_v1,82.142,58.334,280.989,31.678,1.236,135.946,68.908,3.468
b3ddf6a5-edf3-46af-83d1-d82889419950,2026-04-19T16:14:26.636450-04:00,node-01,checkout-api,503,True,anomalous,market_aware_v1,76.56,62.774,286.232,31.099,1.417,138.617,42.118,3.691
43d37992-dcdf-46a5-8962-9138c9a751bf,2026-04-19T16:14:26.659096-04:00,node-01,payments-api,502,True,anomalous,market_aware_v1,76.05,65.138,312.848,27.081,1.68,145.947,22.366,4.254
46565ca8-6b60-414e-b83d-fc64fb09d785,2026-04-19T16:14:26.681237-04:00,node-01,orders-api,429,True,anomalous,market_aware_v1,78.572,53.284,257.924,29.338,1.069,130.359,67.57,3.124
871499ee-f3db-419a-8e0c-8042d6a010b4,2026-04-19T16:14:26.712038-04:00,node-01,checkout-api,503,True,anomalous,market_aware_v1,72.893,59.065,279.979,30.183,1.404,138.82,36.81,3.665
c1c28fb1-ccfb-4543-b3cc-4769ca487e32,2026-04-19T16:14:26.728569-04:00,node-01,payments-api,503,True,anomalous,market_aware_v1,70.049,60.68,292.802,27.174,1.39,146.005,22.751,3.72
e185b067-63ae-468e-afa3-237bb17677db,2026-04-19T16:14:26.746469-04:00,node-01,orders-api,502,True,anomalous,market_aware_v1,75.006,56.57,274.049,33.167,1.167,135.947,57.3,3.297
ab14165f-e3a1-419e-8ae7-059bd790404f,2026-04-19T16:14:26.770301-04:00,node-01,checkout-api,429,True,anomalous,market_aware_v1,74.814,54.115,290.317,27.47,1.424,144.493,32.896,3.756
1a2488dd-5a63-423a-ba60-4031b8b34619,2026-04-19T16:14:26.792441-04:00,node-01,payments-api,429,True,anomalous,market_aware_v1,68.144,56.251,289.518,24.218,1.36,143.39,17.345,3.72
f4098499-75e6-420d-b522-0f8b05688c9e,2026-04-19T16:14:26.813737-04:00,node-01,orders-api,500,True,anomalous,market_aware_v1,71.551,53.884,271.632,31.78,1.255,143.747,52.926,3.506
a76dd759-c93b-4349-ae89-de2e8b76644b,2026-04-19T16:14:26.836596-04:00,node-01,checkout-api,429,True,anomalous,market_aware_v1,70.459,53.86,286.412,29.112,1.329,139.484,34.813,3.579
68c5b1e3-52cf-433c-8c7e-3d5c65218ce1,2026-04-19T16:14:26.859954-04:00,node-01,payments-api,502,True,anomalous,market_aware_v1,63.356,51.914,283.547,25.374,1.185,135.606,23.644,3.436
97d4ca39-d159-498f-9eaf-d5b2648e89f9,2026-04-19T16:14:26.890378-04:00,node-01,orders-api,503,True,anomalous,market_aware_v1,68.689,51.331,249.563,29.507,1.116,128.079,54.451,3.098
e4ea25af-2fb3-48e0-8942-bb05214cc4a8,2026-04-19T16:14:26.925845-04:00,node-01,checkout-api,502,True,anomalous,market_aware_v1,67.863,56.477,270.863,26.832,1.353,130.25,34.871,3.458
a31e0d78-a433-4469-b5cb-6fb37546c57d,2026-04-19T16:14:26.951210-04:00,node-01,payments-api,503,True,anomalous,market_aware_v1,61.53,57.691,282.853,23.431,1.248,134.989,24.575,3.311
d53bf22c-580a-4ad2-bcfa-eb77293e00b8,2026-04-19T16:14:26.970864-04:00,node-01,orders-api,503,True,anomalous,market_aware_v1,69.24,50.033,272.742,29.717,1.129,137.779,55.619,3.263
71cb8f65-296c-4584-9ed6-3e71c7029808,2026-04-19T16:14:26.992210-04:00,node-01,checkout-api,503,True,anomalous,market_aware_v1,67.705,55.228,285.434,24.795,1.346,138.673,25.096,3.598
93602026-dec9-41e0-a30c-2caea8178ce6,2026-04-19T16:14:27.020200-04:00,node-01,payments-api,429,True,anomalous,market_aware_v1,71.922,60.964,316.599,23.222,1.66,152.329,9.501,4.1
8ee61d3a-dd73-4805-a8fb-8557e8716133,2026-04-19T16:14:27.051263-04:00,node-01,orders-api,503,True,anomalous,market_aware_v1,68.34,50.652,247.938,30.625,1.089,125.112,60.394,3.064
ea70cb57-45ca-4ca5-a834-8cbb82cfd044,2026-04-19T16:14:27.080347-04:00,node-01,checkout-api,503,True,anomalous,market_aware_v1,70.547,54.992,295.838,28.247,1.341,138.778,28.392,3.738
db6755c1-b2d1-45a3-af12-1488ff4035ed,2026-04-19T16:14:27.119027-04:00,node-01,payments-api,503,True,anomalous,market_aware_v1,70.422,59.55,310.127,25.235,1.677,143.52,16.464,4.156
8c0e7b86-c790-41e5-80ce-1f775a1469b9,2026-04-19T16:14:27.154823-04:00,node-01,orders-api,503,True,anomalous,market_aware_v1,71.313,50.961,261.226,27.732,1.167,135.152,59.187,3.226
6bab0208-1cf9-4997-9848-15672071f98c,2026-04-19T16:14:27.187129-04:00,node-01,checkout-api,503,True,anomalous,market_aware_v1,66.535,54.514,281.924,26.688,1.22,135.891,31.327,3.479
150ae187-e913-4da2-a09a-729f7088d165,2026-04-19T16:14:27.219623-04:00,node-01,payments-api,503,True,anomalous,market_aware_v1,70.381,57.973,309.384,25.403,1.335,145.961,13.866,3.818
d64c6fc1-b806-4744-ad12-5e22f8235160,2026-04-19T16:14:27.265582-04:00,node-01,orders-api,500,True,anomalous,market_aware_v1,73.358,54.695,268.304,28.043,1.077,133.07,61.346,3.075
c1815e78-c9a3-4520-92c7-bb171edd12e4,2026-04-19T16:14:27.308046-04:00,node-01,checkout-api,502,True,anomalous,market_aware_v1,72.313,56.713,287.87,26.328,1.443,141.537,35.034,3.697
790ba601-f225-406c-bbb0-f183a638d2cd,2026-04-19T16:14:27.342890-04:00,node-01,payments-api,429,True,anomalous,market_aware_v1,72.194,59.45,305.597,26.358,1.43,147.171,26.577,3.787
9d2e565c-9aba-4993-a0c7-2d5c28337924,2026-04-19T16:14:27.373814-04:00,node-01,orders-api,500,True,anomalous,market_aware_v1,79.152,57.155,283.959,34.137,1.491,141.516,51.793,3.917
1c333802-314a-493e-aa94-95814f3a44f4,2026-04-19T16:14:27.408342-04:00,node-01,checkout-api,429,True,anomalous,market_aware_v1,74.597,62.404,293.021,27.596,1.357,139.131,36.28,3.714
2d4f22e9-7c14-4de5-a4bf-1a50ea02d709,2026-04-19T16:14:27.448922-04:00,node-01,payments-api,502,True,anomalous,market_aware_v1,71.512,62.446,296.483,26.283,1.331,142.548,25.675,3.681
c1c08f7a-eacf-4ddf-81f1-73b4844361ce,2026-04-19T16:14:27.482081-04:00,node-01,orders-api,503,True,anomalous,market_aware_v1,76.801,57.158,273.844,30.991,1.223,137.691,64.588,3.393
2619fc78-13fc-49c1-977b-1c534f05fcc6,2026-04-19T16:14:27.520710-04:00,node-01,checkout-api,502,True,anomalous,market_aware_v1,73.237,60.306,288.799,29.525,1.388,141.408,38.629,3.725
9f64fb43-2776-4a2d-89ca-6175f575e548,2026-04-19T16:14:27.548677-04:00,node-01,payments-api,500,True,anomalous,market_aware_v1,74.408,63.464,296.191,26.862,1.268,139.751,31.951,3.71
dffa5898-16f2-444f-8fd5-5a250b267ec1,2026-04-19T16:14:27.585921-04:00,node-01,orders-api,503,True,anomalous,market_aware_v1,77.797,58.805,259.211,32.31,1.094,131.773,66.347,3.058
aebb755c-b06e-4fbf-a614-f77ded98af88,2026-04-19T16:14:27.608202-04:00,node-01,checkout-api,503,True,anomalous,market_aware_v1,75.147,61.265,281.796,30.068,1.296,139.578,40.738,3.625
0e23e7e8-54d9-485d-87df-25487a58df15,2026-04-19T16:14:27.629547-04:00,node-01,payments-api,429,True,anomalous,market_aware_v1,74.754,58.537,309.771,25.607,1.341,143.054,29.519,3.786
a73caf8c-85a6-475e-900f-28dc0640725c,2026-04-19T16:14:27.651471-04:00,node-01,orders-api,429,True,anomalous,market_aware_v1,80.58,59.385,285.698,34.62,1.56,140.097,62.863,3.926
a15a309b-a220-454c-8ad9-2737292f9f46,2026-04-19T16:14:27.673759-04:00,node-01,checkout-api,502,True,anomalous,market_aware_v1,77.206,60.948,295.86,27.976,1.457,143.067,39.703,3.861
06d8c3a4-f7b4-4f68-861b-58704f762b60,2026-04-19T16:14:27.695924-04:00,node-01,payments-api,503,True,anomalous,market_aware_v1,66.785,60.951,290.016,27.268,1.298,138.139,31.532,3.514
21af386b-6298-4539-bcdb-b5edab44cffe,2026-04-19T16:14:27.717611-04:00,node-01,orders-api,502,True,anomalous,market_aware_v1,79.337,55.59,271.701,31.435,1.269,140.849,62.747,3.558
112f1d9f-8a2f-4486-a513-730a2bc25e41,2026-04-19T16:14:27.740546-04:00,node-01,checkout-api,429,True,anomalous,market_aware_v1,74.837,60.183,286.652,29.298,1.341,135.419,42.487,3.473
99cfd7e5-25cd-4788-96bd-b8fef5d45be0,2026-04-19T16:14:27.763014-04:00,node-01,payments-api,500,True,anomalous,market_aware_v1,71.274,61.124,287.212,25.876,1.312,135.417,30.512,3.578
1ea40ee1-5d8e-4b61-87fc-ba2c1cfbec1a,2026-04-19T16:14:27.784257-04:00,node-01,orders-api,429,True,anomalous,market_aware_v1,76.91,54.396,274.551,31.179,1.247,134.924,63.156,3.344
9ca7ad19-a38d-45a6-96be-9bd227d1e227,2026-04-19T16:14:27.804615-04:00,node-01,checkout-api,502,True,anomalous,market_aware_v1,71.541,58.287,280.581,29.649,1.236,129.516,42.252,3.472
ba4dff11-86ff-447f-8de4-ddf702074b0a,2026-04-19T16:14:27.821918-04:00,node-01,payments-api,500,True,anomalous,market_aware_v1,64.292,57.989,286.791,24.493,1.325,136.86,21.766,3.524
777016b5-a16b-455f-93d2-cf5c5e7d7707,2026-04-19T16:14:27.849173-04:00,node-01,orders-api,503,True,anomalous,market_aware_v1,75.512,52.092,273.105,29.607,1.248,143.097,52.654,3.52
afeb9f8f-e29a-4c73-83b1-ec78faeba785,2026-04-19T16:14:27.884816-04:00,node-01,checkout-api,429,True,anomalous,market_aware_v1,74.602,55.047,291.33,27.202,1.544,145.024,30.539,3.936
db74c925-f0d8-431c-9a9f-7b1e84c589f0,2026-04-19T16:14:27.907424-04:00,node-01,payments-api,429,True,anomalous,market_aware_v1,71.891,57.177,300.553,25.531,1.207,141.69,21.553,3.648
a165b894-c384-4840-b0a9-cdb72ecebac4,2026-04-19T16:14:27.929417-04:00,node-01,orders-api,502,True,anomalous,market_aware_v1,74.149,54.925,265.626,32.463,1.257,137.312,54.546,3.413
403c92a3-0ba2-4542-b96f-2d3445a5e644,2026-04-19T16:14:27.952078-04:00,node-01,checkout-api,503,True,anomalous,market_aware_v1,70.441,57.72,273.22,26.334,1.277,137.448,34.155,3.546
2423e548-3de3-4a92-b6c3-3d3f1ae900b3,2026-04-19T16:14:27.972584-04:00,node-01,payments-api,503,True,anomalous,market_aware_v1,65.583,61.765,302.101,24.172,1.369,144.303,20.556,3.7
0c381adf-c5f6-435a-aeeb-23a2cfe3798c,2026-04-19T16:14:27.996686-04:00,node-01,orders-api,503,True,anomalous,market_aware_v1,69.236,53.897,264.856,26.756,1.085,126.002,56.17,2.896
3407bdbf-715b-427c-ac63-10eb288f0ea8,2026-04-19T16:14:28.018586-04:00,node-01,checkout-api,500,True,anomalous,market_aware_v1,72.019,57.814,289.66,27.376,1.521,140.192,33.292,3.739
1c74d2fe-62b4-4ef3-976c-80f9b76cc322,2026-04-19T16:14:28.044031-04:00,node-01,payments-api,502,True,anomalous,market_aware_v1,67.678,60.745,300.831,25.35,1.373,145.284,22.411,3.732
760af6b3-d420-45b6-a45d-27914c3d018a,2026-04-19T16:14:28.074819-04:00,node-01,orders-api,502,True,anomalous,market_aware_v1,72.318,55.86,251.256,29.492,0.944,124.125,62.55,2.891
c23cf346-28e7-4543-a722-f2520c15ba06,2026-04-19T16:14:28.096222-04:00,node-01,checkout-api,500,True,anomalous,market_aware_v1,70.494,58.966,299.652,28.4,1.436,138.492,34.13,3.685
fc732aa5-ccee-4a8b-84ae-d90060ab3d57,2026-04-19T16:14:28.119243-04:00,node-01,payments-api,503,True,anomalous,market_aware_v1,68.571,57.861,311.653,26.258,1.506,150.647,18.566,4.042
dec0b68c-4009-4fba-a868-8fe2ce941a65,2026-04-19T16:14:28.141207-04:00,node-01,orders-api,500,True,anomalous,market_aware_v1,75.09,54.906,267.953,31.791,1.179,139.99,62.162,3.432
1d29e5ef-1b08-426f-a9e7-555107928000,2026-04-19T16:14:28.163252-04:00,node-01,checkout-api,503,True,anomalous,market_aware_v1,77.156,57.777,299.741,28.184,1.413,142.136,36.339,3.667
6951d4e6-557b-4233-9784-efb2f1ec46fa,2026-04-19T16:14:28.185922-04:00,node-01,payments-api,502,True,anomalous,market_aware_v1,70.282,60.416,279.194,25.024,1.203,134.796,31.787,3.328
abb4f1f1-5382-461d-a2d8-5a54ec9d44fd,2026-04-19T16:14:28.208163-04:00,node-01,orders-api,503,True,anomalous,market_aware_v1,83.864,58.456,291.717,35.514,1.507,143.023,55.306,3.885
6c5a9ddc-a727-41cd-b388-a4c5d52bed00,2026-04-19T16:14:28.232400-04:00,node-01,checkout-api,429,True,anomalous,market_aware_v1,76.626,60.041,294.179,30.605,1.372,147.946,43.474,3.787
ae349380-31b8-49ad-952f-b4e9a5fdbbda,2026-04-19T16:14:28.250905-04:00,node-01,payments-api,500,True,anomalous,market_aware_v1,75.207,61.286,309.897,26.748,1.439,151.907,28.821,3.893
d5f9f70a-6aef-4a08-8637-583b34cf1483,2026-04-19T16:14:28.273094-04:00,node-01,orders-api,429,True,anomalous,market_aware_v1,78.443,61.121,254.166,29.169,1.173,132.168,67.48,3.24
eeb3937b-7d66-4dd3-9b9f-f919fefd5d2d,2026-04-19T16:14:28.308521-04:00,node-01,checkout-api,502,True,anomalous,market_aware_v1,78.597,60.769,291.917,32.602,1.425,144.255,47.371,3.854
37f3d209-dfd6-4f55-9633-a00f71b30f06,2026-04-19T16:14:28.330979-04:00,node-01,payments-api,502,True,anomalous,market_aware_v1,76.771,62.453,303.918,27.949,1.36,142.845,30.276,3.83
e346a187-a81e-4d51-8bbd-5a8c79609cbc,2026-04-19T16:14:28.350748-04:00,node-01,orders-api,500,True,anomalous,market_aware_v1,83.908,57.834,309.171,34.854,1.372,148.103,61.518,3.915
6c5ed05f-7e50-4c7f-ab51-d51b1abd3c75,2026-04-19T16:14:28.366772-04:00,node-01,checkout-api,502,True,anomalous,market_aware_v1,81.82,59.25,317.713,30.622,1.634,155.408,45.604,4.631
ff8f7d7f-0703-40a6-957a-0cac002da3d4,2026-04-19T16:14:28.388491-04:00,node-01,payments-api,503,True,anomalous,market_aware_v1,75.476,63.047,297.844,28.343,1.469,148.608,30.884,4.024
b1be4b8a-18b3-4f85-8af1-5c37c61b3c93,2026-04-19T16:14:28.412635-04:00,node-01,orders-api,503,True,anomalous,market_aware_v1,81.533,62.372,278.112,32.778,1.278,144.924,69.579,3.518
a5a0b0ab-75bb-46bd-8737-20ffeffde0c0,2026-04-19T16:14:28.442167-04:00,node-01,checkout-api,500,True,anomalous,market_aware_v1,79.683,61.101,308.845,30.192,1.46,152.691,39.261,4.071
8c491dba-1b47-4bed-99ef-dee506ac6c4d,2026-04-19T16:14:28.475694-04:00,node-01,payments-api,502,True,anomalous,market_aware_v1,74.127,64.98,284.634,27.91,1.253,134.66,35.757,3.423
a2aa0279-618c-47a7-820f-fdbdbc33c751,2026-04-19T16:14:28.504180-04:00,node-01,orders-api,429,True,anomalous,market_aware_v1,87.085,63.309,304.801,35.229,1.571,149.442,60.696,4.101
bbb93ce8-b3ad-411b-9603-79c1217e742e,2026-04-19T16:14:28.529982-04:00,node-01,checkout-api,503,True,anomalous,market_aware_v1,81.263,62.019,296.094,31.363,1.359,139.808,44.262,3.634
555fe945-628d-4c7c-8197-f740f1aede01,2026-04-19T16:14:28.596314-04:00,node-01,payments-api,500,True,anomalous,market_aware_v1,71.518,60.729,283.354,28.65,1.232,137.475,31.222,3.548
04f1c69d-a493-42e5-aa11-b3f62e9a9226,2026-04-19T16:14:28.635229-04:00,node-01,orders-api,500,True,anomalous,market_aware_v1,79.873,53.46,275.005,31.97,1.139,139.092,65.772,3.335
1ca1105f-b6a0-4ded-8f0e-cc2b343074e8,2026-04-19T16:14:28.663449-04:00,node-01,checkout-api,502,True,anomalous,market_aware_v1,79.091,61.096,301.485,29.759,1.467,149.463,35.052,4.034
edb7ccb3-de02-44b9-8b04-03043d56e55b,2026-04-19T16:14:28.680347-04:00,node-01,payments-api,502,True,anomalous,market_aware_v1,70.273,63.573,300.305,24.566,1.291,143.639,23.496,3.709
4d3b4ec8-041a-45f9-8d5b-d3c4ce901c08,2026-04-19T16:14:28.700196-04:00,node-01,orders-api,503,True,anomalous,market_aware_v1,78.383,59.557,269.281,34.211,1.433,134.237,62.746,3.56
a5dfa3cd-05d0-4b51-98aa-552c17fc13d2,2026-04-19T16:14:28.722759-04:00,node-01,checkout-api,503,True,anomalous,market_aware_v1,72.483,61.233,284.958,29.894,1.339,133.947,37.749,3.458
3c7a475e-21bf-4ff7-a9e7-6afb6e67cec3,2026-04-19T16:14:28.745567-04:00,node-01,payments-api,500,True,anomalous,market_aware_v1,74.404,59.777,298.657,27.293,1.419,152.501,20.2,3.992
7f7b1938-0b01-4ef2-893e-ec7d6f604782,2026-04-19T16:14:28.775106-04:00,node-01,orders-api,502,True,anomalous,market_aware_v1,77.9,53.158,262.676,29.464,1.14,134.613,64.208,3.237
570a958e-4ae5-4d08-8f0d-0cda810823fe,2026-04-19T16:14:28.811976-04:00,node-01,checkout-api,503,True,anomalous,market_aware_v1,74.736,57.62,285.208,30.365,1.365,145.189,27.653,3.628
3f648866-359f-42c9-a2ee-2cbf6b1403e5,2026-04-19T16:14:28.834776-04:00,node-01,payments-api,429,True,anomalous,market_aware_v1,71.996,61.903,305.45,25.431,1.326,144.161,24.508,3.627
528291ad-51fe-4f08-a8b2-186a98f73d73,2026-04-19T16:14:28.856483-04:00,node-01,orders-api,429,True,anomalous,market_aware_v1,73.897,54.421,285.153,33.645,1.619,140.547,49.633,3.987
26ce6e85-4c34-4f85-be78-dbf9602bee42,2026-04-19T16:14:28.876959-04:00,node-01,checkout-api,429,True,anomalous,market_aware_v1,73.079,56.458,283.547,29.757,1.658,135.34,25.976,3.992
d16011ee-a50f-4315-a47c-7d1d00c4d21c,2026-04-19T16:14:28.900359-04:00,node-01,payments-api,502,True,anomalous,market_aware_v1,62.455,55.665,298.435,22.74,1.319,144.542,18.38,3.725
fa73271b-4707-44af-a0f5-0dfc76ee16f4,2026-04-19T16:14:28.922147-04:00,node-01,orders-api,429,True,anomalous,market_aware_v1,73.303,54.742,283.262,28.312,1.26,138.78,47.283,3.435
15061f66-70d6-4da6-8c47-18a8c3c2f15c,2026-04-19T16:14:28.942618-04:00,node-01,checkout-api,503,True,anomalous,market_aware_v1,69.616,56.442,288.913,26.81,1.336,140.942,34.302,3.573
8aec090c-b9ee-4ced-8406-0dd15d3c62ca,2026-04-19T16:14:28.967197-04:00,node-01,payments-api,429,True,anomalous,market_aware_v1,64.692,55.481,268.195,26.374,1.203,125.894,15.706,3.328
240e7850-ca17-4bd8-9424-78cf950a9f50,2026-04-19T16:14:28.986698-04:00,node-01,orders-api,502,True,anomalous,market_aware_v1,72.393,51.45,278.819,27.481,1.242,141.084,47.428,3.512
0f319600-c24f-4538-8c1c-d3a0fdcffe2f,2026-04-19T16:14:29.023401-04:00,node-01,checkout-api,503,True,anomalous,market_aware_v1,67.087,53.399,302.114,28.358,1.468,148.513,29.508,3.88
a15a0b14-c356-4298-a7cf-cc26d66a2ca8,2026-04-19T16:14:29.045601-04:00,node-01,payments-api,503,True,anomalous,market_aware_v1,66.621,56.954,294.741,25.776,1.302,145.079,9.746,3.729
2c0987f6-e352-4b7c-a6ab-46baa5d05431,2026-04-19T16:14:29.067280-04:00,node-01,orders-api,502,True,anomalous,market_aware_v1,68.728,54.876,256.483,30.007,1.119,129.107,54.925,3.255
49da8908-a14f-42d2-a719-c62deb1a5857,2026-04-19T16:14:29.089929-04:00,node-01,checkout-api,503,True,anomalous,market_aware_v1,67.82,54.457,261.748,28.299,1.13,127.487,38.286,3.061
8c69b997-8261-4364-ac05-fb6da3abe8b7,2026-04-19T16:14:29.111740-04:00,node-01,payments-api,500,True,anomalous,market_aware_v1,66.752,56.374,301.606,23.624,1.307,140.786,19.41,3.607
e957fead-3590-4b4f-b410-b848d94d881d,2026-04-19T16:14:29.143271-04:00,node-01,orders-api,503,True,anomalous,market_aware_v1,68.052,54.319,273.512,29.942,1.177,138.166,53.338,3.36
e0682786-3286-40f5-abb6-ca97bf9f602c,2026-04-19T16:14:29.160415-04:00,node-01,checkout-api,500,True,anomalous,market_aware_v1,71.015,54.188,288.095,28.779,1.388,138.804,34.315,3.64
e85c9f6d-2b1a-40e3-85f7-86db37dfe7ef,2026-04-19T16:14:29.178637-04:00,node-01,payments-api,502,True,anomalous,market_aware_v1,72.03,64.457,307.303,28.515,1.645,148.438,12.814,4.23
81c99f5e-abc5-4ffb-90ee-5a26f55ca102,2026-04-19T16:14:29.201871-04:00,node-01,orders-api,429,True,anomalous,market_aware_v1,72.769,55.936,275.251,30.826,1.126,142.379,58.014,3.495
85ba28aa-0e2b-4ae6-989a-e9519e816fc5,2026-04-19T16:14:29.223705-04:00,node-01,checkout-api,503,True,anomalous,market_aware_v1,75.542,59.401,304.189,26.744,1.458,147.391,36.479,3.936
5b4271d4-8693-49d5-8c7c-3fd228e82d16,2026-04-19T16:14:29.245606-04:00,node-01,payments-api,502,True,anomalous,market_aware_v1,69.635,62.156,295.897,23.464,1.365,143.56,25.313,3.793
92e8e2e6-b18e-492a-819b-8d39e2903076,2026-04-19T16:14:29.270014-04:00,node-01,orders-api,503,True,anomalous,market_aware_v1,74.3,52.16,290.058,33.266,1.396,145.116,57.831,3.856
7b68e8e0-502c-4159-848a-f0296e0ed7a6,2026-04-19T16:14:29.290166-04:00,node-01,checkout-api,503,True,anomalous,market_aware_v1,74.001,61.286,291.456,28.789,1.454,144.545,40.215,3.806
41144ed4-085e-4bd4-abde-498a527081f7,2026-04-19T16:14:29.312633-04:00,node-01,payments-api,502,True,anomalous,market_aware_v1,70.353,62.661,294.915,26.833,1.31,140.921,30.436,3.642
14b5e5f3-eeaf-4fb7-a1e8-13d73ef458ed,2026-04-19T16:14:29.334867-04:00,node-01,orders-api,502,True,anomalous,market_aware_v1,77.188,52.01,276.348,29.953,1.122,141.657,61.722,3.203
2fc7ce33-a013-4955-9fa4-163d9fd9b16a,2026-04-19T16:14:29.357169-04:00,node-01,checkout-api,429,True,anomalous,market_aware_v1,73.165,60.24,289.94,30.202,1.71,145.809,41.201,4.208
a876a9e2-6489-4dc1-82b6-9c912395f3e1,2026-04-19T16:14:29.379516-04:00,node-01,payments-api,429,True,anomalous,market_aware_v1,72.382,59.899,305.25,26.968,1.385,146.646,23.382,3.964
c8e85304-fef2-4fb4-b669-fdfe80d1b107,2026-04-19T16:14:29.401863-04:00,node-01,orders-api,429,True,anomalous,market_aware_v1,78.772,56.677,277.573,32.095,1.141,135.111,66.616,3.267
d078cb78-07bf-4f93-824c-6cc8863d8eb4,2026-04-19T16:14:29.424320-04:00,node-01,checkout-api,503,True,anomalous,market_aware_v1,84.907,63.377,324.552,33.471,1.735,149.61,29.512,4.363
898fc8e3-d0a4-4f22-8be0-13be0989c49a,2026-04-19T16:14:29.445639-04:00,node-01,payments-api,500,True,anomalous,market_aware_v1,72.218,64.431,303.911,27.671,1.31,139.326,31.851,3.636
c0fd914d-c901-4472-9b8f-4d4528903400,2026-04-19T16:14:29.466371-04:00,node-01,orders-api,429,True,anomalous,market_aware_v1,80.624,58.223,281.287,35.233,1.562,148.324,60.788,3.984
ab760830-5b1e-42c3-9357-5eab330d16e4,2026-04-19T16:14:29.521448-04:00,node-01,checkout-api,429,True,anomalous,market_aware_v1,79.409,60.262,306.029,29.94,1.461,145.841,42.593,3.806
0d455b7e-7f0e-4d7b-a3fc-a0e1a261d3a2,2026-04-19T16:14:29.544416-04:00,node-01,payments-api,502,True,anomalous,market_aware_v1,71.016,59.733,299.123,26.425,1.375,144.636,24.554,3.79
30932f17-5d5c-4042-b56e-7ee7bdc0f883,2026-04-19T16:14:29.581300-04:00,node-01,orders-api,502,True,anomalous,market_aware_v1,85.303,58.017,296.142,34.136,1.609,150.933,51.804,4.133
2a723c48-e146-4489-9744-114ac24294fa,2026-04-19T16:14:29.602167-04:00,node-01,checkout-api,502,True,anomalous,market_aware_v1,74.922,56.923,300.009,31.08,1.39,143.224,34.498,3.828
644518d1-b04a-42a7-889f-bd7b77361c66,2026-04-19T16:14:29.662502-04:00,node-01,payments-api,429,True,anomalous,market_aware_v1,68.575,64.793,307.254,26.061,1.428,146.909,20.504,3.883
65c59ea0-fcb8-4945-a95b-574374e4cdaf,2026-04-19T16:14:29.700775-04:00,node-01,orders-api,502,True,anomalous,market_aware_v1,75.66,53.383,279.14,31.063,1.21,143.835,56.692,3.41
10196299-490d-4af3-8de2-765e64d51277,2026-04-19T16:14:29.737478-04:00,node-01,checkout-api,502,True,anomalous,market_aware_v1,75.118,60.064,312.946,32.288,1.742,146.551,33.431,4.335
fcc3ff06-a35f-499b-8247-cf29eb921395,2026-04-19T16:14:29.761526-04:00,node-01,payments-api,503,True,anomalous,market_aware_v1,69.509,58.987,298.644,27.689,1.315,139.852,26.76,3.597
376a0f37-9ccd-4370-8b89-9456af321156,2026-04-19T16:14:29.781344-04:00,node-01,orders-api,500,True,anomalous,market_aware_v1,76.454,51.248,293.909,31.846,1.324,149.421,51.984,3.651
2e8ba750-7e14-4a8a-a88f-4e7ed091e57e,2026-04-19T16:14:29.805780-04:00,node-01,checkout-api,503,True,anomalous,market_aware_v1,74.039,56.741,291.521,31.054,1.39,138.924,37.313,3.585
c913698f-ceab-45ec-9f3b-16391f49f711,2026-04-19T16:14:29.827573-04:00,node-01,payments-api,502,True,anomalous,market_aware_v1,70.081,58.801,285.516,27.332,1.208,137.168,30.273,3.47
2686739f-85f9-40fa-ae2e-28349af11c4a,2026-04-19T16:14:29.852262-04:00,node-01,orders-api,502,True,anomalous,market_aware_v1,72.403,52.997,266.032,27.983,1.169,135.836,63.328,3.258
581821a1-b74d-46e6-89b0-dc53ddc2f0ea,2026-04-19T16:14:29.879351-04:00,node-01,checkout-api,503,True,anomalous,market_aware_v1,73.24,58.227,281.854,29.985,1.299,133.707,30.277,3.524
ca10afa4-14f8-454e-af0a-814d62d1b3d9,2026-04-19T16:14:29.916599-04:00,node-01,payments-api,500,True,anomalous,market_aware_v1,64.237,57.588,284.419,25.059,1.27,137.692,28.738,3.517
1cb61a1f-31c6-401b-bbcd-5420cbcb4613,2026-04-19T16:14:29.940353-04:00,node-01,orders-api,500,True,anomalous,market_aware_v1,74.078,52.346,281.764,29.094,1.206,134.362,63.986,3.293
590a15ca-de25-4870-890b-7ecf0c69bd73,2026-04-19T16:14:29.963517-04:00,node-01,checkout-api,500,True,anomalous,market_aware_v1,75.688,57.117,321.978,30.458,1.577,154.628,23.146,4.248
9e576425-2098-42da-8054-7287d8153118,2026-04-19T16:14:29.991151-04:00,node-01,payments-api,503,True,anomalous,market_aware_v1,68.812,61.51,310.043,24.017,1.38,147.658,14.625,3.781
e0cfee9e-35dc-426e-8089-181d583beda2,2026-04-19T16:14:30.027526-04:00,node-01,orders-api,500,True,anomalous,market_aware_v1,72.482,52.87,267.291,32.136,1.127,133.251,56.346,3.285
a8f0acc7-b008-4e39-975e-233052fcf93b,2026-04-19T16:14:30.051315-04:00,node-01,checkout-api,500,True,anomalous,market_aware_v1,72.403,56.881,287.506,26.323,1.386,140.04,30.892,3.688
ee3975b1-0ec4-4b4f-b0b5-fa1843d9fd1a,2026-04-19T16:14:30.080130-04:00,node-01,payments-api,429,True,anomalous,market_aware_v1,71.825,56.763,310.916,25.859,1.517,148.625,23.478,3.951
e341d1ff-b10a-42a5-a41c-63d5c6ca82be,2026-04-19T16:14:30.119534-04:00,node-01,orders-api,502,True,anomalous,market_aware_v1,74.17,51.656,263.665,29.571,1.282,136.054,60.562,3.376
6e0c6f14-92a9-417d-9eb3-846d4c0da57c,2026-04-19T16:14:30.147345-04:00,node-01,checkout-api,503,True,anomalous,market_aware_v1,72.874,58.911,282.928,27.701,1.346,134.586,37.875,3.479
ecd496d9-3cf3-4a7c-bf25-d6caf93ba108,2026-04-19T16:14:30.176535-04:00,node-01,payments-api,429,True,anomalous,market_aware_v1,69.595,62.369,294.199,26.5,1.303,140.176,25.389,3.538
aa77ec09-afff-4cea-8b77-d4f2c97f16ae,2026-04-19T16:14:30.200731-04:00,node-01,orders-api,503,True,anomalous,market_aware_v1,77.897,60.008,261.645,31.475,1.09,131.08,64.387,3.138
cb8e8edc-00ae-42ac-9728-bfe34f68da63,2026-04-19T16:14:30.231023-04:00,node-01,checkout-api,500,True,anomalous,market_aware_v1,79.133,60.222,305.204,29.817,1.577,150.022,33.783,4.211
546d1fde-5f12-44a0-a534-ed786342ea12,2026-04-19T16:14:30.259000-04:00,node-01,payments-api,502,True,anomalous,market_aware_v1,71.506,64.91,297.244,27.524,1.305,139.514,28.458,3.476
b8f88905-4738-47cb-9f5b-eaf72fbe9cfa,2026-04-19T16:14:30.296485-04:00,node-01,orders-api,429,True,anomalous,market_aware_v1,82.482,59.936,269.327,30.899,1.284,141.643,67.139,3.408
a6feb9bc-e093-4792-8cd8-eee78d9292dc,2026-04-19T16:14:30.318425-04:00,node-01,checkout-api,429,True,anomalous,market_aware_v1,80.346,61.577,313.512,29.2,1.48,149.435,40.474,3.973
c24fa5fb-5103-484e-b553-2371c68b2595,2026-04-19T16:14:30.340808-04:00,node-01,payments-api,429,True,anomalous,market_aware_v1,72.638,62.581,306.201,27.74,1.339,144.536,29.142,3.866
cb458c21-5ade-47f3-a881-cfe3e45f6a63,2026-04-19T16:14:30.364062-04:00,node-01,orders-api,503,True,anomalous,market_aware_v1,81.79,56.922,271.063,32.4,1.147,139.811,67.282,3.311
a4026b3c-aa31-4d0e-bea3-9a3a0187cc7c,2026-04-19T16:14:30.384431-04:00,node-01,checkout-api,503,True,anomalous,market_aware_v1,79.525,58.552,288.349,30.477,1.334,136.772,44.573,3.552
f6f64d41-766e-43de-a05f-9397b824d73e,2026-04-19T16:14:30.410433-04:00,node-01,payments-api,429,True,anomalous,market_aware_v1,73.615,67.034,309.702,26.53,1.359,146.825,31.6,3.953
0c04434e-a69b-4d9d-86e1-dd62b9eaea26,2026-04-19T16:14:30.437211-04:00,node-01,orders-api,503,True,anomalous,market_aware_v1,81.85,59.696,303.383,37.126,1.62,154.134,53.481,4.328
a69e1b86-107b-4222-b326-c3ec77d6282b,2026-04-19T16:14:30.474802-04:00,node-01,checkout-api,502,True,anomalous,market_aware_v1,79.368,60.831,283.532,28.586,1.381,141.751,48.41,3.633
d35b3e0b-1061-470e-9066-7d6c335e115b,2026-04-19T16:14:30.495457-04:00,node-01,payments-api,500,True,anomalous,market_aware_v1,73.325,65.319,310.074,26.031,1.416,148.598,33.292,3.898
36afa777-474d-47bf-9c71-ca43af0f1a78,2026-04-19T16:14:30.521556-04:00,node-01,orders-api,503,True,anomalous,market_aware_v1,82.86,57.389,261.847,36.193,1.199,137.739,73.725,3.335
0e34bb77-79d6-4197-b4e2-557f92996021,2026-04-19T16:14:30.548864-04:00,node-01,checkout-api,429,True,anomalous,market_aware_v1,81.424,62.769,300.978,31.022,1.398,144.53,38.408,3.832
7e3efc53-a928-423d-adab-ff08e9eccf91,2026-04-19T16:14:30.586125-04:00,node-01,payments-api,503,True,anomalous,market_aware_v1,75.235,65.379,303.481,27.464,1.345,143.438,30.91,3.682
30ad69ca-b327-46e3-83d1-97cb45933e29,2026-04-19T16:14:30.607570-04:00,node-01,orders-api,502,True,anomalous,market_aware_v1,80.868,57.847,281.827,29.939,1.185,142.463,62.822,3.502
0fcc276b-dd89-41c4-8945-8318cc6bb4e7,2026-04-19T16:14:30.638055-04:00,node-01,checkout-api,503,True,anomalous,market_aware_v1,75.02,61.027,292.562,28.457,1.461,149.377,41.017,3.957
d050b786-e2b0-4a58-9d40-15df09e72c64,2026-04-19T16:14:30.677208-04:00,node-01,payments-api,429,True,anomalous,market_aware_v1,71.799,63.368,298.647,27.309,1.306,145.184,23.809,3.761
3d19f6ac-d467-41b5-9964-07af1657a45b,2026-04-19T16:14:30.704932-04:00,node-01,orders-api,503,True,anomalous,market_aware_v1,76.911,59.455,296.532,30.654,1.303,150.119,55.304,3.608
680235bb-e629-4b83-9202-c0ca736f2927,2026-04-19T16:14:30.745486-04:00,node-01,checkout-api,502,True,anomalous,market_aware_v1,79.096,59.106,303.065,30.123,1.378,145.579,34.046,3.776
6cb492ae-074a-47ea-8169-0ef237ba44a8,2026-04-19T16:14:30.771983-04:00,node-01,payments-api,429,True,anomalous,market_aware_v1,72.212,61.202,301.905,26.816,1.26,143.523,30.146,3.672
6c2d7518-0b72-4f84-827f-ab3716c52db1,2026-04-19T16:14:30.800587-04:00,node-01,orders-api,503,True,anomalous,market_aware_v1,77.165,55.125,271.249,29.879,1.187,145.389,57.95,3.524
1a6583f8-4997-4456-9722-65556f0e7711,2026-04-19T16:14:30.828537-04:00,node-01,checkout-api,502,True,anomalous,market_aware_v1,72.026,63.238,293.188,28.062,1.349,141.756,33.694,3.637
268bdbe7-6ba6-41f8-ad02-d5f5bca393f9,2026-04-19T16:14:30.858310-04:00,node-01,payments-api,503,True,anomalous,market_aware_v1,70.178,59.82,295.105,27.16,1.306,145.784,20.767,3.797
9a32bdab-3050-40e3-945b-a4bb121764ec,2026-04-19T16:14:30.885660-04:00,node-01,orders-api,500,True,anomalous,market_aware_v1,72.463,52.886,277.936,28.465,1.137,136.775,53.236,3.341
6ecb9efa-0d13-4ceb-b8c6-42564c2d5cb6,2026-04-19T16:14:30.909887-04:00,node-01,checkout-api,500,True,anomalous,market_aware_v1,69.888,56.707,284.93,28.496,1.37,140.115,31.159,3.708
df86f1ff-5746-4dae-a7a2-9d197ffbdf03,2026-04-19T16:14:30.939563-04:00,node-01,payments-api,429,True,anomalous,market_aware_v1,69.651,57.171,302.902,25.141,1.366,143.767,16.361,3.585
6686bb5b-720f-4d2c-87cc-142554e87490,2026-04-19T16:14:30.976831-04:00,node-01,orders-api,500,True,anomalous,market_aware_v1,75.474,54.383,270.561,28.811,1.18,134.165,53.37,3.364
201d77bc-3df6-41dc-bb37-598609de2878,2026-04-19T16:14:31.005917-04:00,node-01,checkout-api,503,True,anomalous,market_aware_v1,69.824,51.192,291.378,28.192,1.364,142.127,33.835,3.664
1712cbea-fcd4-4c7c-9659-f0c020374890,2026-04-19T16:14:31.026718-04:00,node-01,payments-api,429,True,anomalous,market_aware_v1,71.218,59.841,304.424,23.717,1.314,145.489,13.53,3.639
68ff09b0-7b0d-4dc5-85bc-be51db517e2c,2026-04-19T16:14:31.050854-04:00,node-01,orders-api,503,True,anomalous,market_aware_v1,70.496,54.905,282.391,27.612,1.276,145.712,44.979,3.579
ab5d9964-9cef-4542-80dc-33eb2f5cedab,2026-04-19T16:14:31.090009-04:00,node-01,checkout-api,500,True,anomalous,market_aware_v1,67.357,56.878,288.224,27.227,1.345,135.522,29.616,3.577
a2f1b0d8-c14e-4024-b1ed-7aff13e3b12d,2026-04-19T16:14:31.117886-04:00,node-01,payments-api,429,True,anomalous,market_aware_v1,66.613,57.916,292.742,24.732,1.304,140.312,14.789,3.595
a88b6f70-b7b3-4941-89d5-2f1af683b30f,2026-04-19T16:14:31.155264-04:00,node-01,orders-api,429,True,anomalous,market_aware_v1,71.248,51.796,267.95,28.195,1.225,132.764,55.02,3.346
dbb32e59-e360-462a-82d9-0005a181fadc,2026-04-19T16:14:31.176086-04:00,node-01,checkout-api,503,True,anomalous,market_aware_v1,70.622,57.063,283.688,27.46,1.277,136.673,30.246,3.536
1232404a-954b-4dd8-b19d-182c858dfed0,2026-04-19T16:14:31.199660-04:00,node-01,payments-api,503,True,anomalous,market_aware_v1,64.048,61.575,301.832,25.686,1.399,149.444,15.466,3.926
11f14012-f0b4-4906-a873-fbf49901f5e3,2026-04-19T16:14:31.222276-04:00,node-01,orders-api,500,True,anomalous,market_aware_v1,71.737,54.162,276.118,30.328,1.237,141.295,56.104,3.448
dcbfa9a9-e50d-41cb-997e-b91d483f6763,2026-04-19T16:14:31.243373-04:00,node-01,checkout-api,503,True,anomalous,market_aware_v1,72.457,56.474,305.817,29.364,1.326,140.589,32.199,3.812
e7e518c8-6f2b-475e-a05d-f07cc833ded2,2026-04-19T16:14:31.266841-04:00,node-01,payments-api,502,True,anomalous,market_aware_v1,66.252,58.282,300.218,26.519,1.33,138.331,19.783,3.617
4fa8fe13-c837-449a-94ba-8037bd87ce6f,2026-04-19T16:14:31.287262-04:00,node-01,orders-api,429,True,anomalous,market_aware_v1,76.147,57.182,281.838,31.031,1.269,147.756,51.951,3.607
7e941d6b-0ae2-4102-aab4-88110dafab8e,2026-04-19T16:14:31.310162-04:00,node-01,checkout-api,502,True,anomalous,market_aware_v1,70.274,58.544,275.74,28.36,1.232,131.494,37.242,3.292
66c06962-076d-4b27-ab47-17dda8d4505a,2026-04-19T16:14:31.331791-04:00,node-01,payments-api,500,True,anomalous,market_aware_v1,71.573,58.951,301.611,25.532,1.239,135.806,31.187,3.446
01616ec1-7aba-49ec-bdbc-83935a23db41,2026-04-19T16:14:31.354864-04:00,node-01,orders-api,429,True,anomalous,market_aware_v1,80.06,56.854,294.23,30.58,1.284,146.381,51.764,3.495
887453af-f295-4456-a02d-a4e2e70917db,2026-04-19T16:14:31.385507-04:00,node-01,checkout-api,429,True,anomalous,market_aware_v1,75.854,57.878,281.43,28.637,1.303,139.853,35.576,3.564
d6cb0349-30d2-442f-853a-2c9cb793a295,2026-04-19T16:14:31.402415-04:00,node-01,payments-api,500,True,anomalous,market_aware_v1,70.492,59.838,289.424,27.227,1.312,135.373,32.638,3.519
d3c84be5-75d5-41dc-8208-9d86f7f4070e,2026-04-19T16:14:31.421645-04:00,node-01,orders-api,429,True,anomalous,market_aware_v1,77.541,54.953,283.067,31.328,1.188,141.892,62.005,3.541
6337434c-deaf-42fa-8dcd-e4d2a7e9da49,2026-04-19T16:14:31.445723-04:00,node-01,checkout-api,503,True,anomalous,market_aware_v1,76.553,61.867,305.227,29.17,1.432,148.261,42.472,3.933
565fbf80-c0e7-4c43-aa3e-fed101155ad9,2026-04-19T16:14:31.465326-04:00,node-01,payments-api,503,True,anomalous,market_aware_v1,74.877,61.158,299.413,26.234,1.228,142.257,29.099,3.548
ceba904e-22d3-48ea-a4f6-2f62d14e5fec,2026-04-19T16:14:31.488944-04:00,node-01,orders-api,503,True,anomalous,market_aware_v1,80.405,56.538,291.57,33.586,1.462,151.02,64.624,4.096
71a35d6d-f600-4d03-9190-0c790b6f74c8,2026-04-19T16:14:31.511000-04:00,node-01,checkout-api,429,True,anomalous,market_aware_v1,74.238,62.138,287.044,31.267,1.275,134.441,41.239,3.485
ac4df1e3-d434-47a2-8f8c-96abfdf7606a,2026-04-19T16:14:31.533112-04:00,node-01,payments-api,429,True,anomalous,market_aware_v1,75.21,64.888,328.218,31.481,1.766,152.207,16.522,4.374
a7f4f4b9-14ab-4f1f-a054-c36abe153b26,2026-04-19T16:14:31.564363-04:00,node-01,orders-api,503,True,anomalous,market_aware_v1,77.868,54.13,288.075,32.305,1.211,141.655,69.402,3.383
eddba5fa-93b7-45e3-b4aa-f61041e57385,2026-04-19T16:14:31.599318-04:00,node-01,checkout-api,503,True,anomalous,market_aware_v1,79.276,61.33,298.497,33.181,1.777,147.18,37.761,4.334
050e3f77-93da-4bae-ba7c-585bf968ca90,2026-04-19T16:14:31.622393-04:00,node-01,payments-api,503,True,anomalous,market_aware_v1,71.239,59.929,298.972,26.347,1.33,144.461,26.83,3.732
ce854ca2-003b-40e6-8934-24d24df54f74,2026-04-19T16:14:31.645191-04:00,node-01,orders-api,500,True,anomalous,market_aware_v1,79.01,55.593,280.0,31.113,1.266,145.837,59.13,3.522
06fff55e-bbdb-4949-b2ad-f828b48dcdd4,2026-04-19T16:14:31.667634-04:00,node-01,checkout-api,502,True,anomalous,market_aware_v1,78.703,61.01,296.721,26.455,1.26,139.05,35.71,3.533
0a921eae-1055-4d52-b181-61fc101f5abd,2026-04-19T16:14:31.687901-04:00,node-01,payments-api,500,True,anomalous,market_aware_v1,73.857,57.937,283.126,27.809,1.233,135.508,25.946,3.462
a5b3e698-727b-42f9-a0be-5a1ed021a4ef,2026-04-19T16:14:31.711303-04:00,node-01,orders-api,500,True,anomalous,market_aware_v1,77.93,58.625,279.197,33.655,1.273,144.202,53.439,3.582
0c088189-1fd4-4098-8da1-cd6aad2f8605,2026-04-19T16:14:31.733534-04:00,node-01,checkout-api,502,True,anomalous,market_aware_v1,75.37,60.486,288.157,29.141,1.358,131.615,43.958,3.464
1b8ae1ac-f644-47eb-9881-d7ee7c8eb67c,2026-04-19T16:14:31.764744-04:00,node-01,payments-api,500,True,anomalous,market_aware_v1,68.976,61.475,311.475,27.224,1.407,142.684,21.418,3.833
09255dd8-e694-4add-8b1f-2b17ad4f1ff5,2026-04-19T16:14:31.780520-04:00,node-01,orders-api,429,True,anomalous,market_aware_v1,76.033,54.827,263.077,31.525,1.106,133.436,62.579,3.219
d725d246-9860-4c77-9d5c-e57ab240f97e,2026-04-19T16:14:31.801437-04:00,node-01,checkout-api,503,True,anomalous,market_aware_v1,70.789,58.631,278.492,28.535,1.433,140.551,35.666,3.824
446bc307-440a-4110-a3ee-9afbeefdacbb,2026-04-19T16:14:31.822440-04:00,node-01,payments-api,503,True,anomalous,market_aware_v1,70.798,61.421,288.764,25.815,1.253,139.87,21.149,3.516
29584854-cb78-4d59-913f-101569c8fdc3,2026-04-19T16:14:31.845596-04:00,node-01,orders-api,502,True,anomalous,market_aware_v1,71.021,58.321,279.585,27.788,1.251,140.445,57.331,3.421
b6cd9e6b-4c1d-4a86-9b5f-7ecc53ff62ff,2026-04-19T16:14:31.867832-04:00,node-01,checkout-api,500,True,anomalous,market_aware_v1,70.755,57.228,294.522,30.652,1.438,142.261,30.228,3.729
329f69d0-22c5-4b6f-b5bf-07f2e9517a99,2026-04-19T16:14:31.891213-04:00,node-01,payments-api,429,True,anomalous,market_aware_v1,70.599,62.336,323.027,26.35,1.713,149.899,5.827,4.33
131ec09f-d709-4444-82de-a5b82be1db58,2026-04-19T16:14:31.909963-04:00,node-01,orders-api,500,True,anomalous,market_aware_v1,71.204,56.178,276.254,29.766,1.246,138.876,55.359,3.351
e822ac95-1295-462d-bec7-29ef047c8909,2026-04-19T16:14:31.932570-04:00,node-01,checkout-api,502,True,anomalous,market_aware_v1,73.731,56.111,305.878,27.111,1.457,148.553,27.448,3.782
ce3b109b-263e-4d75-a1be-7305cf63bcd3,2026-04-19T16:14:31.958215-04:00,node-01,payments-api,500,True,anomalous,market_aware_v1,70.632,58.305,302.186,26.611,1.322,141.685,24.556,3.671
1e8dba39-322f-432d-98c9-e8c9efcf6edd,2026-04-19T16:14:31.979570-04:00,node-01,orders-api,502,True,anomalous,market_aware_v1,75.595,53.578,282.677,27.729,1.248,148.207,57.581,3.651
0be34a9b-c81a-4085-99f0-f86feb1be2d3,2026-04-19T16:14:32.021699-04:00,node-01,checkout-api,502,True,anomalous,market_aware_v1,76.808,58.651,304.448,31.074,1.429,144.978,29.274,3.696
d7b3b549-f075-483f-9e83-3697fa6a9f30,2026-04-19T16:14:32.046366-04:00,node-01,payments-api,429,True,anomalous,market_aware_v1,71.6,59.581,306.286,26.626,1.336,141.848,22.201,3.697
81485495-8c8d-43e6-a259-40c23fc8e947,2026-04-19T16:14:32.067456-04:00,node-01,orders-api,500,True,anomalous,market_aware_v1,74.314,56.815,266.576,31.914,1.074,134.325,60.895,3.185
d23d07ae-9819-43d0-b920-e550e80587f3,2026-04-19T16:14:32.091499-04:00,node-01,checkout-api,429,True,anomalous,market_aware_v1,77.94,60.713,308.442,27.588,1.514,151.01,31.158,4.085
a1c99e60-1191-4629-a4a3-3e7efcd81660,2026-04-19T16:14:32.129449-04:00,node-01,payments-api,500,True,anomalous,market_aware_v1,72.433,57.444,298.05,25.618,1.387,144.563,20.406,3.739
5504800e-628b-4ed7-a455-b90b3147053c,2026-04-19T16:14:32.174703-04:00,node-01,orders-api,503,True,anomalous,market_aware_v1,74.907,52.262,265.849,30.784,1.088,137.681,60.912,3.36
65bc0ca5-ea92-48d6-bce2-d8681b6d1c9d,2026-04-19T16:14:32.203165-04:00,node-01,checkout-api,502,True,anomalous,market_aware_v1,76.155,60.35,310.821,29.351,1.555,151.699,35.373,4.021
4d141e3d-e810-4322-9196-6e0c9c105a2c,2026-04-19T16:14:32.226734-04:00,node-01,payments-api,500,True,anomalous,market_aware_v1,73.83,58.791,305.973,27.86,1.33,143.515,29.117,3.84
ccaf3d1d-daeb-4d53-92ac-ef1cac3c6a6e,2026-04-19T16:14:32.246719-04:00,node-01,orders-api,500,True,anomalous,market_aware_v1,83.036,55.84,277.664,30.568,1.123,137.592,61.56,3.265
03daadef-2910-40f0-ab22-5b87802bb4d3,2026-04-19T16:14:32.270572-04:00,node-01,checkout-api,503,True,anomalous,market_aware_v1,83.393,62.613,297.581,33.195,1.385,146.351,40.898,3.805
43350f46-ee29-434c-9a9f-0f2f37053c1b,2026-04-19T16:14:32.312338-04:00,node-01,payments-api,503,True,anomalous,market_aware_v1,75.848,63.46,316.738,27.941,1.401,152.627,22.744,4.009
a9a317af-a987-4063-90f6-366a3b3a9343,2026-04-19T16:14:32.348188-04:00,node-01,orders-api,429,True,anomalous,market_aware_v1,83.451,59.694,288.668,31.883,1.316,145.236,63.303,3.66
56ee7ba6-cc5d-405e-b418-76bab7668336,2026-04-19T16:14:32.381093-04:00,node-01,checkout-api,429,True,anomalous,market_aware_v1,80.838,61.418,299.575,30.25,1.446,143.58,52.815,3.867
1d094dc2-b2e5-4f13-b2d6-f34ccfd0cb1e,2026-04-19T16:14:32.422809-04:00,node-01,payments-api,429,True,anomalous,market_aware_v1,72.509,61.289,321.604,28.979,1.365,152.855,23.118,3.856
321c4005-b48d-4a43-8a4b-76cea0ca4002,2026-04-19T16:14:32.462163-04:00,node-01,orders-api,500,True,anomalous,market_aware_v1,81.507,60.152,283.393,32.492,1.319,145.236,65.343,3.654
44e9ceb7-7e0e-44a5-b460-6334e8cdefe2,2026-04-19T16:14:32.501489-04:00,node-01,checkout-api,429,True,anomalous,market_aware_v1,80.866,61.605,292.379,30.426,1.361,143.583,46.881,3.787
3b48541b-5e65-4ca8-8490-637d248080ec,2026-04-19T16:14:32.517235-04:00,node-01,payments-api,503,True,anomalous,market_aware_v1,77.899,65.947,306.525,28.9,1.347,146.281,25.634,3.839
21981652-686c-4b46-8469-4b178bb9f49b,2026-04-19T16:14:32.536339-04:00,node-01,orders-api,500,True,anomalous,market_aware_v1,86.327,59.443,278.107,33.129,1.261,140.877,68.342,3.446
d87058ae-fcbd-4c87-9248-a6f05adc5996,2026-04-19T16:14:32.558948-04:00,node-01,checkout-api,502,True,anomalous,market_aware_v1,78.001,60.208,295.636,29.638,1.414,146.434,39.208,3.779
85af60d1-8dff-46a4-aae1-1db9bfff0c0a,2026-04-19T16:14:32.591801-04:00,node-01,payments-api,429,True,anomalous,market_aware_v1,73.144,64.263,298.871,27.401,1.379,142.128,35.611,3.603
688b1278-2807-42b1-85d4-b0a60fa8fce1,2026-04-19T16:14:32.613059-04:00,node-01,orders-api,500,True,anomalous,market_aware_v1,82.435,57.678,282.234,31.295,1.3,144.894,63.427,3.562
ac731b03-cc3d-47f0-b2e9-f98b61206890,2026-04-19T16:14:32.660301-04:00,node-01,checkout-api,429,True,anomalous,market_aware_v1,78.204,60.556,293.088,33.559,1.428,147.985,37.378,3.955
cce4029d-ab44-4b94-8f66-da35adf48390,2026-04-19T16:14:32.699954-04:00,node-01,payments-api,503,True,anomalous,market_aware_v1,71.162,63.098,309.467,27.015,1.381,144.161,31.031,3.827
a54bff89-6ab0-4213-9994-a0ab07818409,2026-04-19T16:14:32.745757-04:00,node-01,orders-api,503,True,anomalous,market_aware_v1,85.026,57.046,307.822,34.57,1.356,152.79,54.487,3.812
3a211d09-b0e7-4643-9294-b218a314e75e,2026-04-19T16:14:32.772176-04:00,node-01,checkout-api,500,True,anomalous,market_aware_v1,79.27,60.768,304.324,30.68,1.805,155.477,31.75,4.568
8509bbd9-b09c-4ff2-bf44-70d10415dc5c,2026-04-19T16:14:32.794243-04:00,node-01,payments-api,502,True,anomalous,market_aware_v1,71.389,63.115,303.423,28.993,1.416,144.26,20.601,3.757
8a5a3946-786c-416e-8071-c8d4d6a46ee7,2026-04-19T16:14:32.817196-04:00,node-01,orders-api,502,True,anomalous,market_aware_v1,81.558,53.232,303.252,30.576,1.318,151.04,46.913,3.785
ea810f3f-f025-46a7-85d6-383a18848737,2026-04-19T16:14:32.838612-04:00,node-01,checkout-api,503,True,anomalous,market_aware_v1,77.389,57.724,297.289,28.74,1.465,145.051,29.668,3.905
8d411900-08b9-423e-955a-fbbe701cade2,2026-04-19T16:14:32.861004-04:00,node-01,payments-api,429,True,anomalous,market_aware_v1,71.401,58.912,320.292,26.17,1.408,148.548,21.598,3.805
f830d6e5-6b70-4c59-86e7-ae5b022e4aec,2026-04-19T16:14:32.892564-04:00,node-01,orders-api,429,True,anomalous,market_aware_v1,75.683,61.127,298.653,30.581,1.63,150.222,48.26,4.188
dca91482-ba89-47f0-9d06-b2d331d69ba3,2026-04-19T16:14:32.929422-04:00,node-01,checkout-api,500,True,anomalous,market_aware_v1,73.59,52.458,295.452,28.762,1.348,145.172,23.389,3.749
79dd5c58-849c-4fff-a9c2-85ef470694c9,2026-04-19T16:14:32.951281-04:00,node-01,payments-api,429,True,anomalous,market_aware_v1,73.594,59.995,326.007,25.817,1.757,151.809,8.803,4.322
fccb7c3e-ee22-4d95-8be9-346d55e38c28,2026-04-19T16:14:32.974014-04:00,node-01,orders-api,500,True,anomalous,market_aware_v1,76.178,55.8,296.85,32.573,1.576,146.657,48.5,4.14
19c7a319-2046-4d38-828f-c60fca2b08a9,2026-04-19T16:14:32.995707-04:00,node-01,checkout-api,429,True,anomalous,market_aware_v1,76.014,54.828,312.713,27.277,1.435,147.901,20.641,3.979
461ba108-e2de-4929-b06f-ff0cc264bc06,2026-04-19T16:14:33.018104-04:00,node-01,payments-api,503,True,anomalous,market_aware_v1,65.302,54.807,311.239,25.703,1.397,148.703,12.355,3.857
ea912eda-9bc8-48ea-92fc-35697c25c0c6,2026-04-19T16:14:33.041284-04:00,node-01,orders-api,429,True,anomalous,market_aware_v1,71.817,50.248,273.362,28.689,1.246,135.33,54.073,3.298
de0a4f7e-86b4-42ca-902e-2276fc2d3626,2026-04-19T16:14:33.072610-04:00,node-01,checkout-api,500,True,anomalous,market_aware_v1,66.877,56.838,288.516,28.282,1.483,148.434,22.613,3.888
e68295c6-a88f-4ff9-b388-3f4cb43e67d0,2026-04-19T16:14:33.107236-04:00,node-01,payments-api,502,True,anomalous,market_aware_v1,66.925,58.746,284.783,21.863,1.283,138.55,13.071,3.492
c24b43ea-5b22-40c5-ab39-827a57a1bec1,2026-04-19T16:14:33.131749-04:00,node-01,orders-api,502,True,anomalous,market_aware_v1,74.165,55.916,292.419,30.437,1.631,148.255,40.812,4.111
0b09124a-e8cf-4328-a62e-08942abd7741,2026-04-19T16:14:33.154141-04:00,node-01,checkout-api,502,True,anomalous,market_aware_v1,71.814,57.051,299.527,27.69,1.363,142.881,28.214,3.672
1fbabb80-924f-4dd7-a630-7b5181c23d15,2026-04-19T16:14:33.175537-04:00,node-01,payments-api,429,True,anomalous,market_aware_v1,63.009,57.569,299.642,25.777,1.33,146.086,14.396,3.79
6c588922-1ad1-4b6a-8716-2f5bcbc58068,2026-04-19T16:14:33.200332-04:00,node-01,orders-api,500,True,anomalous,market_aware_v1,72.221,53.625,269.413,29.994,1.19,137.395,55.369,3.354
e5c13796-0456-470e-8754-4cd91e0c7722,2026-04-19T16:14:33.222752-04:00,node-01,checkout-api,503,True,anomalous,market_aware_v1,75.465,59.67,305.356,25.884,1.459,145.545,28.054,3.913
31902428-019c-4b61-a83f-263cfefdf60c,2026-04-19T16:14:33.244406-04:00,node-01,payments-api,503,True,anomalous,market_aware_v1,71.146,59.167,328.753,27.817,1.729,153.962,7.34,4.456
8d021e33-0174-4392-997c-1d850574efeb,2026-04-19T16:14:33.266117-04:00,node-01,orders-api,500,True,anomalous,market_aware_v1,75.63,53.679,284.56,31.033,1.23,146.605,57.742,3.639
863b9bb2-b974-4f30-a16c-c8a9bf5053ce,2026-04-19T16:14:33.283139-04:00,node-01,checkout-api,502,True,anomalous,market_aware_v1,75.146,61.909,302.398,30.116,1.704,149.383,30.006,4.269
85390985-24f7-4ea8-81c2-dda26dab35ce,2026-04-19T16:14:33.299948-04:00,node-01,payments-api,503,True,anomalous,market_aware_v1,72.513,56.113,298.291,23.625,1.386,146.444,24.143,3.954
f1b7bbdd-6a1a-4ddf-a27f-d19eca7b939c,2026-04-19T16:14:33.331254-04:00,node-01,orders-api,429,True,anomalous,market_aware_v1,77.463,54.069,289.783,29.917,1.239,143.443,58.416,3.514
58b5b829-1d7d-490c-aea5-95a6b2d27f99,2026-04-19T16:14:33.354899-04:00,node-01,checkout-api,503,True,anomalous,market_aware_v1,81.509,61.814,304.447,31.656,1.721,148.937,29.167,4.223
8c73a3ee-1a59-476c-ad9e-115af20e317f,2026-04-19T16:14:33.375868-04:00,node-01,payments-api,429,True,anomalous,market_aware_v1,72.648,60.417,305.809,27.083,1.363,151.082,19.878,3.829
c2b5ffe7-6ffe-4bf2-8cf3-af98748b074b,2026-04-19T16:14:33.397557-04:00,node-01,orders-api,502,True,anomalous,market_aware_v1,77.884,53.992,277.062,32.216,1.171,139.716,63.262,3.307
38d6e839-60f3-4a51-8711-7925813e2aab,2026-04-19T16:14:33.420905-04:00,node-01,checkout-api,503,True,anomalous,market_aware_v1,76.168,59.486,304.526,28.096,1.478,150.222,31.82,3.915
afb8db5a-625e-4e18-8ad8-446646651196,2026-04-19T16:14:33.450435-04:00,node-01,payments-api,429,True,anomalous,market_aware_v1,74.446,62.851,292.937,28.186,1.307,132.658,27.852,3.48
27efdce0-b306-4276-b788-d164cc16cdd5,2026-04-19T16:14:33.469639-04:00,node-01,orders-api,502,True,anomalous,market_aware_v1,82.436,60.453,295.031,30.384,1.625,148.693,51.911,4.107
3a735e10-56f6-4db4-8945-35c35da3c96f,2026-04-19T16:14:33.487209-04:00,node-01,checkout-api,503,True,anomalous,market_aware_v1,77.343,58.971,310.066,28.881,1.452,149.347,37.272,4.006
aec85335-20a0-4f2c-9d6c-c0b4a4ebc69c,2026-04-19T16:14:33.507792-04:00,node-01,payments-api,502,True,anomalous,market_aware_v1,72.573,62.913,313.541,27.521,1.225,143.7,29.191,3.676
9f65e712-2fe3-43b6-981d-5f2d5cc6346e,2026-04-19T16:14:33.535527-04:00,node-01,orders-api,500,True,anomalous,market_aware_v1,77.209,59.868,270.969,32.026,1.209,137.274,59.173,3.276
30964f14-e7fa-4eb7-9107-f47329fb603e,2026-04-19T16:14:33.562904-04:00,node-01,checkout-api,503,True,anomalous,market_aware_v1,78.994,60.104,301.894,28.85,1.448,146.891,43.323,3.924
aa5dedc6-fbeb-43a4-8d8f-c5aee5564411,2026-04-19T16:14:33.602026-04:00,node-01,payments-api,429,True,anomalous,market_aware_v1,70.386,61.876,316.15,26.411,1.245,144.871,24.378,3.677
13b1c2b1-2e34-4cb6-a2d3-5aacd381e5cb,2026-04-19T16:14:33.634769-04:00,node-01,orders-api,500,True,anomalous,market_aware_v1,85.157,59.518,303.7,31.3,1.312,149.243,59.848,3.708
3f85acbe-e966-4805-b927-ac520cd40e18,2026-04-19T16:14:33.682037-04:00,node-01,checkout-api,503,True,anomalous,market_aware_v1,77.589,61.908,300.05,29.64,1.472,146.442,36.836,3.841
e3907567-c777-4320-ae02-d4788275a74b,2026-04-19T16:14:33.714510-04:00,node-01,payments-api,500,True,anomalous,market_aware_v1,71.537,62.553,302.0,24.803,1.24,142.653,26.822,3.603
694680d1-3746-4abd-a4a8-afe6b8ddc374,2026-04-19T16:14:33.741829-04:00,node-01,orders-api,503,True,anomalous,market_aware_v1,81.006,55.219,294.253,34.319,1.633,151.628,52.086,4.222
202c571d-9597-4736-8c0a-c00222212137,2026-04-19T16:14:33.780616-04:00,node-01,checkout-api,503,True,anomalous,market_aware_v1,74.174,60.168,298.974,29.258,1.526,148.899,33.725,4.028
b7295b2c-98eb-4bc1-b4c5-98bf65245497,2026-04-19T16:14:33.800598-04:00,node-01,payments-api,503,True,anomalous,market_aware_v1,73.741,62.266,317.113,24.485,1.353,149.45,15.24,3.907
6fa6d531-b395-4275-a333-d4c5b2c40495,2026-04-19T16:14:33.825366-04:00,node-01,orders-api,502,True,anomalous,market_aware_v1,80.367,55.693,274.663,30.064,1.268,144.784,51.89,3.454
f90a0bf1-cc62-490f-9253-d395cad9e1b4,2026-04-19T16:14:33.852480-04:00,node-01,checkout-api,503,True,anomalous,market_aware_v1,72.754,56.523,300.264,30.251,1.451,143.565,33.446,3.727
8696534c-f1b6-4ac8-b89e-0f331d6d7604,2026-04-19T16:14:33.889960-04:00,node-01,payments-api,502,True,anomalous,market_aware_v1,74.454,63.009,340.85,26.321,1.621,161.89,23.474,4.601
89737d08-d454-48b8-b82e-64bad6c7adb6,2026-04-19T16:14:33.911213-04:00,node-01,orders-api,503,True,anomalous,market_aware_v1,76.66,53.401,295.448,29.022,1.294,146.418,54.334,3.685
6d526c70-db89-44b4-ace0-a18a4cd36c1c,2026-04-19T16:14:33.933573-04:00,node-01,checkout-api,500,True,anomalous,market_aware_v1,74.652,56.273,292.848,27.556,1.409,141.52,30.696,3.672
e1df9db0-5963-499b-820f-b195897b5db8,2026-04-19T16:14:33.956559-04:00,node-01,payments-api,502,True,anomalous,market_aware_v1,71.879,59.957,302.227,26.012,1.331,144.078,18.835,3.662
27014d71-7e36-42b3-a0f9-e67422c5cc25,2026-04-19T16:14:33.978841-04:00,node-01,orders-api,502,True,anomalous,market_aware_v1,76.276,53.299,295.235,28.16,1.277,149.429,49.187,3.749
3c3f768a-0755-4826-82ec-b66c657d0967,2026-04-19T16:14:34.008686-04:00,node-01,checkout-api,429,True,anomalous,market_aware_v1,70.326,60.774,299.813,28.367,1.313,137.46,31.277,3.508
8e5f8243-7e1c-4d02-9151-6803b79a340e,2026-04-19T16:14:34.044763-04:00,node-01,payments-api,500,True,anomalous,market_aware_v1,67.846,58.216,288.392,24.41,1.268,139.562,22.507,3.524
a10016b1-06e6-4926-b57e-b234f1766548,2026-04-19T16:14:34.067632-04:00,node-01,orders-api,429,True,anomalous,market_aware_v1,76.582,55.891,276.842,30.596,1.253,137.585,60.244,3.459
6ee20396-fdce-4234-abcb-c973641fb327,2026-04-19T16:14:34.090730-04:00,node-01,checkout-api,503,True,anomalous,market_aware_v1,74.01,55.682,294.74,29.761,1.414,147.679,34.144,3.93
1355e76d-f4bc-46ed-a528-21a7635ff911,2026-04-19T16:14:34.112141-04:00,node-01,payments-api,503,True,anomalous,market_aware_v1,71.762,58.835,302.65,24.939,1.33,148.069,12.82,3.811
d61bf234-4f50-45e0-a7ca-15bc43c5945b,2026-04-19T16:14:34.135758-04:00,node-01,orders-api,429,True,anomalous,market_aware_v1,77.626,51.361,292.37,29.458,1.241,144.895,47.212,3.611
a1823baa-6a48-47ba-84bf-0c6d7d6da826,2026-04-19T16:14:34.159761-04:00,node-01,checkout-api,500,True,anomalous,market_aware_v1,74.011,59.731,292.069,29.39,1.419,147.638,35.047,3.856
b016bd67-f893-4b2f-9a60-a4c45b413c84,2026-04-19T16:14:34.178623-04:00,node-01,payments-api,429,True,anomalous,market_aware_v1,69.776,60.877,300.632,25.989,1.417,141.19,24.754,3.676
5fb14d74-e4b9-4c02-b131-629db20f12ad,2026-04-19T16:14:34.202292-04:00,node-01,orders-api,503,True,anomalous,market_aware_v1,77.515,55.283,279.134,29.833,1.198,142.053,64.192,3.501
e1561689-1548-44aa-b94e-a6d1b88bccb6,2026-04-19T16:14:34.224054-04:00,node-01,checkout-api,503,True,anomalous,market_aware_v1,75.086,57.38,294.73,29.483,1.356,142.141,29.57,3.699
326411bd-1d94-44eb-9348-dca86c65183e,2026-04-19T16:14:34.246468-04:00,node-01,payments-api,502,True,anomalous,market_aware_v1,70.015,61.967,305.849,27.079,1.44,150.876,21.021,3.97
abdae1d8-ebc5-4426-b7ed-7278dd51a276,2026-04-19T16:14:34.267602-04:00,node-01,orders-api,503,True,anomalous,market_aware_v1,75.879,55.333,287.858,31.676,1.328,152.23,62.018,3.776
5b10dd89-1448-47c6-9c89-1fbafafb0813,2026-04-19T16:14:34.291204-04:00,node-01,checkout-api,429,True,anomalous,market_aware_v1,80.323,61.819,306.641,29.493,1.422,149.558,32.39,3.929
fcfe40d4-4b59-44bc-961e-827339350468,2026-04-19T16:14:34.313703-04:00,node-01,payments-api,502,True,anomalous,market_aware_v1,77.035,64.55,321.034,25.592,1.483,156.469,22.502,4.208
6faae9a1-423b-4635-a5a0-7ddd03eef266,2026-04-19T16:14:34.335304-04:00,node-01,orders-api,500,True,anomalous,market_aware_v1,81.181,59.333,288.522,31.809,1.303,148.961,63.409,3.763
cfcc72da-99b8-473b-adc1-b40326f52f84,2026-04-19T16:14:34.354588-04:00,node-01,checkout-api,502,True,anomalous,market_aware_v1,82.407,59.473,314.884,31.678,1.491,150.764,39.176,4.011
202068ea-3479-44ec-a542-f79267bed79e,2026-04-19T16:14:34.373997-04:00,node-01,payments-api,429,True,anomalous,market_aware_v1,78.44,65.759,327.798,26.81,1.436,157.156,28.148,3.949
dba0d302-f3ad-49f1-8e57-ea4c66c0b510,2026-04-19T16:14:34.402347-04:00,node-01,orders-api,503,True,anomalous,market_aware_v1,81.803,57.295,293.715,33.66,1.401,149.911,63.329,3.823
1f25dee7-5e51-4783-a1a5-68f96ba0df7d,2026-04-19T16:14:34.425558-04:00,node-01,checkout-api,502,True,anomalous,market_aware_v1,78.78,60.882,294.096,30.038,1.336,141.423,48.648,3.612
95e019b7-751f-4513-8782-d241afe029bf,2026-04-19T16:14:34.448287-04:00,node-01,payments-api,500,True,anomalous,market_aware_v1,80.71,64.096,312.213,27.81,1.314,144.338,36.262,3.791
508d17be-75b0-4937-b6af-99c29db7db81,2026-04-19T16:14:34.469471-04:00,node-01,orders-api,502,True,anomalous,market_aware_v1,89.373,61.35,314.853,34.99,1.347,154.813,60.041,3.856
a38185b1-43ee-42b7-bc6b-c83614d9fe22,2026-04-19T16:14:34.491888-04:00,node-01,checkout-api,500,True,anomalous,market_aware_v1,79.379,62.175,309.973,29.076,1.36,145.087,36.705,3.733
b13cf138-ae37-4060-8cbe-188d320c435c,2026-04-19T16:14:34.514010-04:00,node-01,payments-api,503,True,anomalous,market_aware_v1,80.365,63.952,312.096,26.618,1.364,148.133,32.927,3.718
f57634ed-8bd3-4e4c-86e7-8f0c84d5980f,2026-04-19T16:14:34.536498-04:00,node-01,orders-api,500,True,anomalous,market_aware_v1,83.912,58.769,280.584,35.875,1.237,143.626,61.629,3.56
be3391b0-583a-4ab9-8a85-d35eef65403f,2026-04-19T16:14:34.566833-04:00,node-01,checkout-api,500,True,anomalous,market_aware_v1,81.148,61.837,328.564,30.63,1.536,154.376,34.696,4.025
03858107-47f2-48fa-a511-5e0e5427a96a,2026-04-19T16:14:34.602769-04:00,node-01,payments-api,429,True,anomalous,market_aware_v1,73.461,63.95,313.703,25.577,1.414,145.06,26.084,3.873
29a23fa5-f133-42fc-860c-16dfd65126b6,2026-04-19T16:14:34.624616-04:00,node-01,orders-api,502,True,anomalous,market_aware_v1,79.9,60.841,284.393,31.663,1.234,143.38,67.219,3.471
f24cf43d-de44-4095-919c-cf8599a37428,2026-04-19T16:14:34.648117-04:00,node-01,checkout-api,500,True,anomalous,market_aware_v1,77.228,60.007,292.519,30.183,1.466,145.747,38.001,3.916
0ebe2240-66e9-4001-9c61-44f7621b9094,2026-04-19T16:14:34.668411-04:00,node-01,payments-api,500,True,anomalous,market_aware_v1,73.582,61.468,310.125,24.886,1.389,148.06,23.34,3.786
18862dbb-dd90-450e-a0bc-60882aacdccc,2026-04-19T16:14:34.692467-04:00,node-01,orders-api,429,True,anomalous,market_aware_v1,76.173,53.402,299.731,32.789,1.248,151.165,54.365,3.75
9ef70dd9-43e7-4d25-8eb2-46b98a5a9403,2026-04-19T16:14:34.714673-04:00,node-01,checkout-api,500,True,anomalous,market_aware_v1,75.345,57.965,305.884,28.586,1.506,147.495,37.657,3.911
d6064a17-ffc3-4aab-b5a5-054de22de143,2026-04-19T16:14:34.737163-04:00,node-01,payments-api,503,True,anomalous,market_aware_v1,71.781,60.363,303.943,24.762,1.344,147.447,26.137,3.817
679d1f84-f6b3-4149-8d54-d735cb61da47,2026-04-19T16:14:34.759450-04:00,node-01,orders-api,502,True,anomalous,market_aware_v1,77.004,53.919,289.302,28.861,1.341,147.995,53.763,3.692
1abb4ccd-a948-4f6d-a61a-f343f292ae14,2026-04-19T16:14:34.780952-04:00,node-01,checkout-api,429,True,anomalous,market_aware_v1,74.03,58.956,299.17,28.411,1.449,150.223,29.91,3.928
e4b4da7d-8ae5-4969-afa9-cce2984ba51b,2026-04-19T16:14:34.804350-04:00,node-01,payments-api,503,True,anomalous,market_aware_v1,70.993,61.352,306.47,25.086,1.383,149.908,13.425,3.985
799a9657-1f9e-4293-9215-f7a99358bb60,2026-04-19T16:14:34.825107-04:00,node-01,orders-api,503,True,anomalous,market_aware_v1,77.907,56.353,286.584,32.783,1.64,146.849,52.14,3.975
527fa133-75f7-4aa4-bdb4-ec1f7aa25c59,2026-04-19T16:14:34.848671-04:00,node-01,checkout-api,502,True,anomalous,market_aware_v1,73.254,58.164,313.826,29.838,1.774,147.288,22.82,4.369
784adbdc-e071-488f-a2e0-3402a27fba2e,2026-04-19T16:14:34.870898-04:00,node-01,payments-api,503,True,anomalous,market_aware_v1,63.744,56.183,300.416,24.387,1.275,139.971,11.695,3.621
cc4fd65e-733f-42bd-a014-09529821c9e3,2026-04-19T16:14:34.892051-04:00,node-01,orders-api,503,True,anomalous,market_aware_v1,72.979,54.078,277.924,29.188,1.125,137.66,53.017,3.361
1746d2d1-ca60-4399-866a-99b25f858702,2026-04-19T16:14:34.919160-04:00,node-01,checkout-api,502,True,anomalous,market_aware_v1,69.843,55.62,292.435,27.946,1.398,146.26,25.605,3.885
ece2a4e5-2762-44d4-89b2-c4b85b31223e,2026-04-19T16:14:34.948773-04:00,node-01,payments-api,429,True,anomalous,market_aware_v1,64.784,56.754,302.393,24.685,1.405,145.347,14.136,3.875
f840d8b4-bb1d-4b76-828f-97dcab698693,2026-04-19T16:14:34.986188-04:00,node-01,orders-api,502,True,anomalous,market_aware_v1,71.71,52.476,260.356,27.984,1.123,136.096,53.721,3.324
c1670725-5159-4d14-ab55-0b5af1a22e82,2026-04-19T16:14:35.014506-04:00,node-01,checkout-api,502,True,anomalous,market_aware_v1,67.452,54.928,279.906,29.922,1.39,138.569,31.285,3.628
eb01cecd-bc63-473b-99f6-fb9869ecbe7e,2026-04-19T16:14:35.040722-04:00,node-01,payments-api,500,True,anomalous,market_aware_v1,70.876,56.115,317.569,26.659,1.679,147.893,12.885,4.203
3edf049b-af2d-4641-a1ca-2874c42cd6e6,2026-04-19T16:14:35.061312-04:00,node-01,orders-api,500,True,anomalous,market_aware_v1,72.078,56.987,276.841,26.941,1.227,140.975,54.069,3.509
ffb102f1-6c50-40c9-ae65-86092cbb33e5,2026-04-19T16:14:35.085091-04:00,node-01,checkout-api,429,True,anomalous,market_aware_v1,76.333,54.272,310.996,27.673,1.482,146.482,25.68,3.924
41601889-5594-4b29-abf3-17873c5cd349,2026-04-19T16:14:35.106627-04:00,node-01,payments-api,500,True,anomalous,market_aware_v1,73.327,59.321,322.67,25.062,1.666,151.783,13.58,4.278
d5064373-cac6-4379-bc87-6ef3bb6f5721,2026-04-19T16:14:35.128720-04:00,node-01,orders-api,502,True,anomalous,market_aware_v1,73.205,57.443,287.651,28.781,1.252,148.312,56.448,3.653
3278a261-f8e0-46f5-a39c-7a9d4e43f65f,2026-04-19T16:14:35.153159-04:00,node-01,checkout-api,500,True,anomalous,market_aware_v1,74.58,55.975,301.406,29.263,1.422,146.428,26.762,3.863
1b270693-66a9-4a9f-a2db-1a9eef4caeba,2026-04-19T16:14:35.181128-04:00,node-01,payments-api,503,True,anomalous,market_aware_v1,71.191,60.724,320.414,27.76,1.59,158.823,18.704,4.502
8e649cad-10bf-4f32-8dde-b1fca5f89e63,2026-04-19T16:14:35.219280-04:00,node-01,orders-api,503,True,anomalous,market_aware_v1,74.35,55.936,283.81,32.385,1.317,145.808,57.925,3.617
ccc34653-3d75-41bb-87a9-009aa34b8923,2026-04-19T16:14:35.241795-04:00,node-01,checkout-api,429,True,anomalous,market_aware_v1,73.595,58.235,296.052,28.808,1.454,144.391,37.863,3.875
2710b28a-18ab-4e91-bb8f-f435e2ac3f4c,2026-04-19T16:14:35.262600-04:00,node-01,payments-api,429,True,anomalous,market_aware_v1,68.814,61.696,302.829,23.364,1.39,143.49,25.384,3.759
e2d373e1-aecd-4576-99ed-e38c5aff76d4,2026-04-19T16:14:35.284581-04:00,node-01,orders-api,503,True,anomalous,market_aware_v1,81.506,55.673,297.634,33.512,1.218,146.818,58.277,3.548
dd7f5387-5c72-475a-9524-0e6a7db172f5,2026-04-19T16:14:35.314915-04:00,node-01,checkout-api,503,True,anomalous,market_aware_v1,75.823,60.587,316.271,29.779,1.536,153.668,31.664,4.053
d6d03397-e559-4307-853f-ab6e3a4a254c,2026-04-19T16:14:35.341265-04:00,node-01,payments-api,500,True,anomalous,market_aware_v1,74.706,64.12,310.76,26.067,1.461,153.342,21.294,4.052
6d33c3cf-29a0-4db3-b2bf-b74e4860ddda,2026-04-19T16:14:35.362948-04:00,node-01,orders-api,503,True,anomalous,market_aware_v1,82.616,60.367,309.995,36.127,1.742,153.546,53.453,4.534
26ba59cb-09fc-49c1-8efe-f21e1b89ec86,2026-04-19T16:14:35.386848-04:00,node-01,checkout-api,503,True,anomalous,market_aware_v1,79.153,62.705,299.518,31.068,1.73,144.822,31.255,4.193
993478d6-e89b-47e4-8b5d-758bb724b458,2026-04-19T16:14:35.416218-04:00,node-01,payments-api,503,True,anomalous,market_aware_v1,73.6,64.353,313.948,26.428,1.397,150.149,21.144,3.967
a2032811-d79d-4205-9d74-33ec7151d3af,2026-04-19T16:14:35.453431-04:00,node-01,orders-api,500,True,anomalous,market_aware_v1,80.365,58.893,287.095,31.545,1.216,141.306,61.566,3.474
fc332f06-c94f-4524-886d-7bd52e17fce0,2026-04-19T16:14:35.473913-04:00,node-01,checkout-api,502,True,anomalous,market_aware_v1,78.364,59.742,301.701,29.598,1.507,148.211,37.507,3.834
51c1bcc5-cc52-4f8f-bf76-58944ea7ff2b,2026-04-19T16:14:35.495871-04:00,node-01,payments-api,500,True,anomalous,market_aware_v1,72.06,63.909,317.524,29.007,1.378,150.293,25.016,3.898
fd915211-66f7-4213-a006-222c0c792379,2026-04-19T16:14:35.519952-04:00,node-01,orders-api,502,True,anomalous,market_aware_v1,81.021,56.14,289.584,30.945,1.27,151.572,52.073,3.826
99728ce4-4ef4-4f95-b013-873a49dea1d1,2026-04-19T16:14:35.554311-04:00,node-01,checkout-api,502,True,anomalous,market_aware_v1,77.697,60.429,309.002,28.2,1.579,149.666,36.299,3.986
91f71a30-942d-4ce2-ba72-45233c9a08cc,2026-04-19T16:14:35.576188-04:00,node-01,payments-api,500,True,anomalous,market_aware_v1,75.879,60.501,319.147,26.418,1.346,152.12,21.879,3.938
2e9fa269-61f5-4bc1-a828-f87c86dd65b3,2026-04-19T16:14:35.598296-04:00,node-01,orders-api,429,True,anomalous,market_aware_v1,80.54,56.866,277.774,29.811,1.313,142.05,57.504,3.612
379ae6a0-fd33-4feb-8e40-43acc6d45dfe,2026-04-19T16:14:35.620543-04:00,node-01,checkout-api,503,True,anomalous,market_aware_v1,75.625,58.392,311.848,30.282,1.441,153.691,32.368,4.182
c72bcfd1-6c84-4409-9e81-43ac4db401c6,2026-04-19T16:14:35.642956-04:00,node-01,payments-api,502,True,anomalous,market_aware_v1,73.964,60.662,328.216,27.992,1.719,154.114,11.694,4.402
b066e6a3-27c8-4bf5-b1b7-b8d7c111b5a9,2026-04-19T16:14:35.672680-04:00,node-01,orders-api,429,True,anomalous,market_aware_v1,79.046,59.608,303.176,33.394,1.742,154.978,51.786,4.573
34ade7e8-3338-4f19-bf08-5ea01309d426,2026-04-19T16:14:35.698404-04:00,node-01,checkout-api,429,True,anomalous,market_aware_v1,78.357,55.642,301.87,28.891,1.351,142.137,30.977,3.762
4270e239-b5c8-4b3e-adbc-17fcdee446a0,2026-04-19T16:14:35.720570-04:00,node-01,payments-api,429,True,anomalous,market_aware_v1,69.405,60.949,302.697,23.492,1.316,147.472,21.985,3.74
612a7e20-ec61-4f9c-90d5-256399bd6505,2026-04-19T16:14:35.743286-04:00,node-01,orders-api,503,True,anomalous,market_aware_v1,76.595,58.326,295.825,27.395,1.265,151.022,48.041,3.609
c3f970d7-059e-4562-8ea7-e9cc70b469ff,2026-04-19T16:14:35.763868-04:00,node-01,checkout-api,500,True,anomalous,market_aware_v1,75.57,56.53,313.67,31.665,1.488,147.684,28.405,3.998
8366561f-0e2a-4f3b-9241-aeb8513b5429,2026-04-19T16:14:35.787644-04:00,node-01,payments-api,503,True,anomalous,market_aware_v1,69.485,59.42,319.145,25.697,1.442,153.262,15.968,4.015
874c0686-7514-48c5-a95e-9481326f9e29,2026-04-19T16:14:35.810919-04:00,node-01,orders-api,502,True,anomalous,market_aware_v1,77.117,58.409,281.564,30.085,1.568,149.153,47.776,4.012
0faaa403-4a8d-4556-9a80-3ecad359b514,2026-04-19T16:14:35.830303-04:00,node-01,checkout-api,503,True,anomalous,market_aware_v1,71.657,60.365,295.462,28.483,1.361,146.555,33.493,3.81
36accfca-d408-428f-b51b-764b7efcd244,2026-04-19T16:14:35.855016-04:00,node-01,payments-api,429,True,anomalous,market_aware_v1,73.263,57.823,311.669,24.929,1.397,150.856,16.532,3.935
65c2319f-b932-4b12-975b-42883cf58c97,2026-04-19T16:14:35.884520-04:00,node-01,orders-api,429,True,anomalous,market_aware_v1,75.804,55.28,299.421,29.486,1.295,150.384,46.262,3.764
797769bb-72bd-426d-b698-99188e9fa395,2026-04-19T16:14:35.909624-04:00,node-01,checkout-api,502,True,anomalous,market_aware_v1,76.797,60.756,305.602,29.981,1.693,143.942,25.033,4.13
423bd200-0679-47a0-9389-2ac0cff52518,2026-04-19T16:14:35.932627-04:00,node-01,payments-api,429,True,anomalous,market_aware_v1,72.643,57.041,318.152,24.607,1.452,149.929,20.408,4.056
bde2791b-6d1e-4dae-85bb-3e41985aaf9f,2026-04-19T16:14:35.955293-04:00,node-01,orders-api,429,True,anomalous,market_aware_v1,75.441,54.173,297.194,33.468,1.271,154.333,56.175,3.873
c07daae9-9751-45c4-89df-e7af151a8161,2026-04-19T16:14:35.976630-04:00,node-01,checkout-api,429,True,anomalous,market_aware_v1,77.215,61.245,306.736,29.148,1.442,152.034,29.957,4.062
2a516fc0-7667-4830-9805-7884c48a68d2,2026-04-19T16:14:35.996055-04:00,node-01,payments-api,502,True,anomalous,market_aware_v1,70.816,59.135,304.838,27.046,1.291,145.08,17.591,3.747
4e82982e-0fe2-4175-a7ff-b407b2526a2d,2026-04-19T16:14:36.012583-04:00,node-01,orders-api,502,True,anomalous,market_aware_v1,80.521,57.676,297.736,30.442,1.323,147.779,53.415,3.71
5335ac14-3f92-465d-9005-ea6e1536b671,2026-04-19T16:14:36.029354-04:00,node-01,checkout-api,502,True,anomalous,market_aware_v1,73.541,60.186,305.81,30.585,1.515,151.966,30.029,4.008
f85b4e95-ca72-47ad-a8a9-b8714e994c0d,2026-04-19T16:14:36.056001-04:00,node-01,payments-api,500,True,anomalous,market_aware_v1,73.177,61.153,300.815,27.079,1.286,136.345,24.425,3.522
11a5350b-93f9-4f3c-8ee1-909cea64a6ab,2026-04-19T16:14:36.078249-04:00,node-01,orders-api,503,True,anomalous,market_aware_v1,80.358,59.364,286.963,33.279,1.344,148.597,58.032,3.826
fe98a50f-cad9-4d45-838e-b72ac7593f91,2026-04-19T16:14:36.100477-04:00,node-01,checkout-api,500,True,anomalous,market_aware_v1,78.529,60.857,307.736,31.548,1.505,151.35,33.767,4.005
0c4210d5-cc0d-4bb2-b7db-46b578070003,2026-04-19T16:14:36.121736-04:00,node-01,payments-api,502,True,anomalous,market_aware_v1,75.97,64.642,322.031,27.461,1.505,153.208,24.002,4.142
58197380-f455-40cb-8aa6-aec67661a9e1,2026-04-19T16:14:36.144622-04:00,node-01,orders-api,429,True,anomalous,market_aware_v1,81.021,58.547,305.607,29.234,1.357,154.22,62.422,3.85
216924ca-4cd8-4c48-927a-72e85d6538ac,2026-04-19T16:14:36.166561-04:00,node-01,checkout-api,429,True,anomalous,market_aware_v1,78.57,61.115,302.574,29.51,1.388,144.055,41.901,3.84
c82b8142-d4f3-43af-b5f4-3dc8d6383c29,2026-04-19T16:14:36.189185-04:00,node-01,payments-api,503,True,anomalous,market_aware_v1,73.744,63.609,304.092,27.242,1.523,155.353,25.96,3.992
2536e817-7b69-4069-96c3-72e5642aaefd,2026-04-19T16:14:36.211873-04:00,node-01,orders-api,502,True,anomalous,market_aware_v1,79.914,60.367,295.597,34.017,1.4,149.308,57.87,3.851
d279c295-fcf5-40b8-bb97-a30dd273ffe6,2026-04-19T16:14:36.233731-04:00,node-01,checkout-api,502,True,anomalous,market_aware_v1,80.596,61.576,310.816,29.62,1.484,151.207,42.678,3.979
d95488a0-2f8b-4e3e-adbc-93563b6a0d72,2026-04-19T16:14:36.255730-04:00,node-01,payments-api,502,True,anomalous,market_aware_v1,79.927,61.831,321.982,26.334,1.401,152.127,27.447,3.988
767c5d9c-d405-4b58-a321-df7c74868896,2026-04-19T16:14:36.277981-04:00,node-01,orders-api,429,True,anomalous,market_aware_v1,83.954,59.685,298.026,33.79,1.314,150.169,61.003,3.767
ba17e60f-e2b0-4950-a7c9-d145ea9669c6,2026-04-19T16:14:36.299335-04:00,node-01,checkout-api,502,True,anomalous,market_aware_v1,81.69,62.86,308.281,31.487,1.508,148.298,37.895,3.921
52a6dd63-8fe8-48b2-98ed-aff0506e20a4,2026-04-19T16:14:36.322534-04:00,node-01,payments-api,503,True,anomalous,market_aware_v1,75.635,62.529,336.622,28.97,1.607,161.395,27.844,4.479
a3ecddf7-1142-4a7e-abc3-9603199c8455,2026-04-19T16:14:36.345275-04:00,node-01,orders-api,500,True,anomalous,market_aware_v1,82.395,63.815,285.515,32.877,1.201,145.184,68.65,3.464
7abb7856-f061-463f-aba4-8e88a9f5b9b1,2026-04-19T16:14:36.366279-04:00,node-01,checkout-api,500,True,anomalous,market_aware_v1,75.007,61.191,300.799,31.706,1.505,148.494,40.845,3.901
7447ee42-b520-4332-9cc0-5f7fdacc3fe4,2026-04-19T16:14:36.389969-04:00,node-01,payments-api,500,True,anomalous,market_aware_v1,79.332,63.0,329.162,27.172,1.802,154.476,13.093,4.461
bd586d0a-4e8c-49c8-9ba0-701652552deb,2026-04-19T16:14:36.412195-04:00,node-01,orders-api,503,True,anomalous,market_aware_v1,84.143,58.99,308.136,30.992,1.406,152.586,58.66,4.055
b050612d-854a-4ee7-b498-8252313fa3b5,2026-04-19T16:14:36.443246-04:00,node-01,checkout-api,503,True,anomalous,market_aware_v1,79.381,61.139,314.636,30.699,1.405,151.395,36.798,4.084
839181f5-e09e-4eb7-ab3c-757550e2468b,2026-04-19T16:14:36.468733-04:00,node-01,payments-api,502,True,anomalous,market_aware_v1,75.292,63.995,325.058,24.455,1.423,155.178,26.338,3.892
f44dac3b-923d-49dc-845d-c429840bebf4,2026-04-19T16:14:36.490083-04:00,node-01,orders-api,500,True,anomalous,market_aware_v1,76.733,55.774,300.086,30.118,1.286,152.319,57.443,3.822
686ecb72-daa7-4d7e-9a3f-a74783f0e434,2026-04-19T16:14:36.509942-04:00,node-01,checkout-api,500,True,anomalous,market_aware_v1,79.83,59.918,319.074,28.659,1.539,158.172,30.075,4.205
a54a19b4-6df5-4a33-9662-2b5408815ae2,2026-04-19T16:14:36.527917-04:00,node-01,payments-api,429,True,anomalous,market_aware_v1,69.273,59.604,312.83,23.615,1.346,144.636,22.369,3.717
b88c4fdc-2487-4069-b49f-3e6c0492feec,2026-04-19T16:14:36.550585-04:00,node-01,orders-api,429,True,anomalous,market_aware_v1,76.745,57.215,300.348,30.887,1.285,152.024,48.402,3.744
0691f811-d006-46de-93ff-b489af5e3307,2026-04-19T16:14:36.579619-04:00,node-01,checkout-api,503,True,anomalous,market_aware_v1,69.444,56.093,287.492,27.238,1.476,140.181,36.196,3.749
41dd3ba4-3f14-4afa-93ec-1cecd94aceaf,2026-04-19T16:14:36.602018-04:00,node-01,payments-api,429,True,anomalous,market_aware_v1,70.246,57.878,309.101,25.284,1.36,150.796,22.223,3.838
e7ec64e8-50e3-4474-8cb1-709e0da87fe1,2026-04-19T16:14:36.624291-04:00,node-01,orders-api,502,True,anomalous,market_aware_v1,74.01,52.305,291.517,30.061,1.185,142.941,49.259,3.495
1a394325-5147-4640-8af0-632b7f54fca0,2026-04-19T16:14:36.646585-04:00,node-01,checkout-api,502,True,anomalous,market_aware_v1,68.832,54.342,300.58,27.401,1.474,149.739,28.565,3.901
83a3e920-3148-4582-af8d-467fd724470d,2026-04-19T16:14:36.669223-04:00,node-01,payments-api,500,True,anomalous,market_aware_v1,65.72,56.419,296.616,25.976,1.327,144.611,16.206,3.777
7148847c-12c1-4fa7-b2ad-2e0dea4fc479,2026-04-19T16:14:36.691336-04:00,node-01,orders-api,502,True,anomalous,market_aware_v1,73.811,55.896,291.476,31.229,1.266,148.359,52.336,3.817
17ae953d-27d2-4315-93b4-e7655c3b96d1,2026-04-19T16:14:36.714005-04:00,node-01,checkout-api,500,True,anomalous,market_aware_v1,69.597,56.417,302.066,25.817,1.354,149.619,19.732,3.905
00d9d13a-8df0-45f0-bc95-a9e355dfde51,2026-04-19T16:14:36.735922-04:00,node-01,payments-api,502,True,anomalous,market_aware_v1,66.275,58.695,314.508,24.75,1.392,147.877,11.144,3.878
35033a23-ce3c-4bb8-9b11-eb4fa6808de5,2026-04-19T16:14:36.758200-04:00,node-01,orders-api,502,True,anomalous,market_aware_v1,79.287,57.251,308.664,33.36,1.682,155.131,42.746,4.565
a451fc68-11d5-4b58-a968-5b6be150a93a,2026-04-19T16:14:36.780716-04:00,node-01,checkout-api,429,True,anomalous,market_aware_v1,70.042,58.131,285.136,24.838,1.317,142.784,27.397,3.751
b56fb13f-3616-46de-94f1-abd425f2fbca,2026-04-19T16:14:36.811217-04:00,node-01,payments-api,502,True,anomalous,market_aware_v1,67.356,58.637,296.034,25.134,1.356,146.68,17.132,3.813
c5d82511-5a46-4d6b-ac3a-926aab12f5cf,2026-04-19T16:14:36.838250-04:00,node-01,orders-api,500,True,anomalous,market_aware_v1,72.47,54.2,287.235,31.16,1.24,143.78,48.575,3.573
c1536555-e36a-4a58-aa15-21b7f9cb40e4,2026-04-19T16:14:36.862520-04:00,node-01,checkout-api,500,True,anomalous,market_aware_v1,75.354,59.941,307.011,27.694,1.45,149.341,28.724,3.999
bfad2105-26d5-4209-a926-9b9be499badb,2026-04-19T16:14:36.881468-04:00,node-01,payments-api,502,True,anomalous,market_aware_v1,69.293,56.922,320.254,23.118,1.403,153.619,11.784,4.032
6cbe76b0-545e-41c5-b5f3-3e06ece154d7,2026-04-19T16:14:36.903663-04:00,node-01,orders-api,502,True,anomalous,market_aware_v1,77.145,56.44,283.982,30.654,1.269,147.097,57.696,3.532
1d71ce66-2ff8-4da2-b4ec-7cab0ce3496f,2026-04-19T16:14:36.925969-04:00,node-01,checkout-api,500,True,anomalous,market_aware_v1,75.213,55.765,315.296,26.414,1.502,153.755,24.077,4.016
b458e856-663e-4a54-a192-6b4bb2aef611,2026-04-19T16:14:36.948225-04:00,node-01,payments-api,502,True,anomalous,market_aware_v1,72.397,60.516,323.108,25.552,1.738,150.581,7.764,4.385
4835cf6a-73ac-4a65-82cf-afe366b2f401,2026-04-19T16:14:36.970281-04:00,node-01,orders-api,429,True,anomalous,market_aware_v1,80.519,58.857,292.396,29.418,1.242,148.389,55.83,3.566
3e71a02d-d069-440d-8015-0b1acf6149fc,2026-04-19T16:14:37.001064-04:00,node-01,checkout-api,503,True,anomalous,market_aware_v1,78.082,58.854,310.966,28.498,1.491,147.961,27.106,3.985
7c91b792-2953-49c8-b520-b2190f24cad3,2026-04-19T16:14:37.027297-04:00,node-01,payments-api,502,True,anomalous,market_aware_v1,71.228,64.537,306.929,29.09,1.452,147.012,18.924,3.885
db2fe046-bcd1-488a-a3b8-91dc22c0fc36,2026-04-19T16:14:37.063796-04:00,node-01,orders-api,502,True,anomalous,market_aware_v1,78.494,57.579,291.133,28.746,1.304,148.104,58.852,3.823
f9032e5b-3eea-423f-80fb-b9e91e6ec62e,2026-04-19T16:14:37.090873-04:00,node-01,checkout-api,503,True,anomalous,market_aware_v1,79.294,61.071,315.011,32.041,1.45,151.347,29.261,3.92
a1cb9e71-63ad-49ef-bbcb-2e9cc901ec70,2026-04-19T16:14:37.133049-04:00,node-01,payments-api,429,True,anomalous,market_aware_v1,74.229,63.123,333.865,24.307,1.472,162.097,15.697,4.11
98aca898-ee0c-4ad5-aba9-bdb26c885733,2026-04-19T16:14:37.158774-04:00,node-01,orders-api,503,True,anomalous,market_aware_v1,84.564,55.838,299.815,31.54,1.334,152.836,60.095,3.676
f0200931-0f57-41dd-aa26-815b421f77f4,2026-04-19T16:14:37.185277-04:00,node-01,checkout-api,503,True,anomalous,market_aware_v1,78.345,62.56,312.23,28.567,1.552,152.324,32.081,4.223
aed4d623-0ac5-4a09-a4a7-7f60a3798ffe,2026-04-19T16:14:37.213925-04:00,node-01,payments-api,500,True,anomalous,market_aware_v1,77.865,62.657,340.482,29.894,1.657,159.184,25.335,4.539
ad691409-43b3-4250-9ae1-6f05fca9a5fa,2026-04-19T16:14:37.252226-04:00,node-01,orders-api,502,True,anomalous,market_aware_v1,82.167,57.37,292.163,32.118,1.244,147.284,56.534,3.651
456771c5-b091-4a06-bf69-218074cb1d06,2026-04-19T16:14:37.284737-04:00,node-01,checkout-api,503,True,anomalous,market_aware_v1,79.639,60.492,304.524,30.535,1.472,149.818,40.39,3.904
e9f6c7c6-d49b-42e2-b78e-796b9c5db50f,2026-04-19T16:14:37.320035-04:00,node-01,payments-api,503,True,anomalous,market_aware_v1,74.985,62.854,314.566,26.365,1.393,152.54,19.618,3.9
30946d4c-7f92-4b7f-a20e-be0123fae610,2026-04-19T16:14:37.356604-04:00,node-01,orders-api,503,True,anomalous,market_aware_v1,79.242,58.691,304.337,30.961,1.325,156.648,50.161,3.855
97bc2c95-13e0-413e-9bbc-cfa0f6ae4843,2026-04-19T16:14:37.398654-04:00,node-01,checkout-api,502,True,anomalous,market_aware_v1,76.812,61.416,332.421,31.034,1.623,159.071,34.699,4.632
2a1214c3-c3b7-4ddc-b854-3adbe877d635,2026-04-19T16:14:37.446876-04:00,node-01,payments-api,502,True,anomalous,market_aware_v1,74.55,62.073,318.469,25.271,1.396,149.643,23.719,3.88
36697a75-a425-4f68-9a0b-7e360f704842,2026-04-19T16:14:37.509349-04:00,node-01,orders-api,502,True,anomalous,market_aware_v1,82.992,56.983,295.921,31.726,1.337,142.779,64.612,3.563
7df85a1a-fdc4-4707-b6de-e4f01256af17,2026-04-19T16:14:37.543455-04:00,node-01,checkout-api,429,True,anomalous,market_aware_v1,74.158,58.799,310.75,30.311,1.501,150.718,31.696,4.031
90d79ef8-64c0-4f19-94de-780eb3775191,2026-04-19T16:14:37.595218-04:00,node-01,payments-api,502,True,anomalous,market_aware_v1,73.867,59.749,341.556,26.256,1.65,162.058,18.687,4.621
c1a83a18-4df3-4328-aa08-ed8adda26b73,2026-04-19T16:14:37.624240-04:00,node-01,orders-api,503,True,anomalous,market_aware_v1,78.215,59.17,289.39,31.706,1.399,148.804,55.172,3.821
be929be0-97af-40b2-b22f-229384a05fcb,2026-04-19T16:14:37.649352-04:00,node-01,checkout-api,500,True,anomalous,market_aware_v1,76.445,56.503,315.062,29.138,1.49,152.648,33.71,3.923
74c9ad6d-c840-4cca-98a7-3150a46d25c6,2026-04-19T16:14:37.687868-04:00,node-01,payments-api,429,True,anomalous,market_aware_v1,73.138,57.826,310.726,24.167,1.308,147.795,19.755,3.721
f1b4f0c3-b36f-4df2-a301-4d3984a5e36e,2026-04-19T16:14:37.716198-04:00,node-01,orders-api,500,True,anomalous,market_aware_v1,78.647,54.95,303.511,32.02,1.334,153.174,53.607,3.876
d9bf6b98-467f-4af5-b021-34742414f740,2026-04-19T16:14:37.745299-04:00,node-01,checkout-api,500,True,anomalous,market_aware_v1,73.302,57.9,306.719,28.288,1.522,151.862,35.155,4.084
236ea18a-b0b7-41c2-8cfc-7dabab359276,2026-04-19T16:14:37.771944-04:00,node-01,payments-api,503,True,anomalous,market_aware_v1,70.366,58.255,307.917,25.584,1.337,154.359,18.816,4.001
405b60ba-4877-43ad-a674-975b989fe01e,2026-04-19T16:14:37.798009-04:00,node-01,orders-api,429,True,anomalous,market_aware_v1,76.052,52.074,305.454,28.942,1.434,155.186,49.765,4.018
69533877-fc32-4ea1-8aeb-539ea76823f8,2026-04-19T16:14:37.820653-04:00,node-01,checkout-api,502,True,anomalous,market_aware_v1,73.103,56.444,310.707,28.068,1.476,152.15,33.225,4.096
a05392a8-50c7-450f-a1cd-5c7556830cda,2026-04-19T16:14:37.841919-04:00,node-01,payments-api,503,True,anomalous,market_aware_v1,68.24,57.508,308.648,27.53,1.442,149.495,15.377,3.964
06afe032-3cba-4833-b725-c9aff2f3379d,2026-04-19T16:14:37.862502-04:00,node-01,orders-api,503,True,anomalous,market_aware_v1,73.491,54.983,292.79,30.224,1.384,145.59,54.441,3.743
65e39488-9e11-4df3-bad5-195d7c81d413,2026-04-19T16:14:37.880990-04:00,node-01,checkout-api,429,True,anomalous,market_aware_v1,73.501,58.842,310.834,29.662,1.423,148.141,29.874,3.859
0d05523d-bbcd-43c8-b880-874387c51ce4,2026-04-19T16:14:37.899749-04:00,node-01,payments-api,503,True,anomalous,market_aware_v1,73.186,63.504,341.832,26.756,1.666,161.742,17.202,4.541
5cb8ed82-1bd2-401a-831d-9badc68cb226,2026-04-19T16:14:37.939305-04:00,node-01,orders-api,503,True,anomalous,market_aware_v1,76.271,55.775,298.64,31.94,1.326,145.909,50.561,3.7
27492703-4a2d-49be-8bfb-4d7eec0aff32,2026-04-19T16:14:37.967224-04:00,node-01,checkout-api,429,True,anomalous,market_aware_v1,76.652,58.38,322.892,26.755,1.471,151.693,32.371,4.041
f4189161-99a6-4569-8cee-bed232e661ef,2026-04-19T16:14:37.988682-04:00,node-01,payments-api,429,True,anomalous,market_aware_v1,69.175,60.73,316.287,27.604,1.423,147.739,24.439,3.869
9b50a729-a93d-41be-961e-786f4f8c6f6e,2026-04-19T16:14:38.011360-04:00,node-01,orders-api,503,True,anomalous,market_aware_v1,80.604,58.313,287.826,30.171,1.306,149.512,56.082,3.639
9b66494b-0fbb-4313-8429-17e1c991c78a,2026-04-19T16:14:38.033539-04:00,node-01,checkout-api,429,True,anomalous,market_aware_v1,79.924,58.606,304.464,29.244,1.443,150.733,36.614,3.906
db9d9405-a0aa-4c63-b5ee-b386a59fdad8,2026-04-19T16:14:38.055329-04:00,node-01,payments-api,503,True,anomalous,market_aware_v1,73.808,62.508,327.76,25.939,1.451,160.19,24.963,4.063
16808e55-6a4b-4144-9a33-6106427de992,2026-04-19T16:14:38.076824-04:00,node-01,orders-api,502,True,anomalous,market_aware_v1,75.895,60.577,284.31,30.529,1.26,147.121,57.958,3.638
cd6f4563-4284-4c9e-b061-e2132f30ecbc,2026-04-19T16:14:38.100083-04:00,node-01,checkout-api,500,True,anomalous,market_aware_v1,79.74,63.54,313.55,28.053,1.572,153.998,32.567,4.159
eaeb3933-9880-47f4-bb49-011b1f8d7366,2026-04-19T16:14:38.129261-04:00,node-01,payments-api,500,True,anomalous,market_aware_v1,77.429,62.07,328.575,25.619,1.439,153.817,21.12,4.139
2b3eba62-d71f-419a-a180-7dc3bf25a7c5,2026-04-19T16:14:38.155666-04:00,node-01,orders-api,502,True,anomalous,market_aware_v1,84.874,60.099,302.27,32.873,1.349,150.192,55.663,3.719
655f177f-ae80-4a0d-9298-78a0ce396e69,2026-04-19T16:14:38.175866-04:00,node-01,checkout-api,500,True,anomalous,market_aware_v1,81.136,60.02,303.493,29.368,1.501,149.95,39.831,3.829
e682e75e-67e1-4667-8391-b64dafebbc57,2026-04-19T16:14:38.199754-04:00,node-01,payments-api,503,True,anomalous,market_aware_v1,76.792,64.568,339.446,28.043,1.534,164.436,16.321,4.369
6e01728c-de9e-451e-b5cf-6057c0793399,2026-04-19T16:14:38.221611-04:00,node-01,orders-api,500,True,anomalous,market_aware_v1,86.349,60.334,315.751,30.748,1.413,157.741,63.087,4.075
a9b8bb25-c2ae-4ce4-b70b-e7aafd8e73dc,2026-04-19T16:14:38.245391-04:00,node-01,checkout-api,429,True,anomalous,market_aware_v1,85.18,66.071,325.33,30.377,1.548,155.395,34.677,4.195
06c77f14-f3ef-4057-94f6-642b11c52142,2026-04-19T16:14:38.265320-04:00,node-01,payments-api,429,True,anomalous,market_aware_v1,80.209,64.683,320.6,27.576,1.406,154.239,25.293,3.93
9dc2c053-3dfb-4501-a706-c754f2949eaf,2026-04-19T16:14:38.288461-04:00,node-01,orders-api,500,True,anomalous,market_aware_v1,80.881,61.254,288.473,31.499,1.303,152.545,63.612,3.818
b1e3ea1a-5001-4647-8511-6101c39bb1f8,2026-04-19T16:14:38.318918-04:00,node-01,checkout-api,502,True,anomalous,market_aware_v1,83.685,62.554,310.417,30.584,1.544,152.275,40.448,4.195
6a990261-0385-482e-bb39-c544635e0dc0,2026-04-19T16:14:38.347757-04:00,node-01,payments-api,503,True,anomalous,market_aware_v1,76.932,65.393,320.299,27.485,1.463,150.215,30.211,3.913
84b594e3-3a6a-49c9-9860-c2a67eaa1e02,2026-04-19T16:14:38.388629-04:00,node-01,orders-api,503,True,anomalous,market_aware_v1,83.554,59.932,296.325,32.728,1.323,150.911,63.205,3.744
c1697a59-1661-44c0-8e7f-7565ee1d1571,2026-04-19T16:14:38.408221-04:00,node-01,checkout-api,503,True,anomalous,market_aware_v1,78.821,63.26,300.473,29.874,1.425,143.307,41.499,3.801
f865d923-c88a-4516-92e1-eb73b466234f,2026-04-19T16:14:38.426063-04:00,node-01,payments-api,429,True,anomalous,market_aware_v1,78.584,61.733,314.791,27.517,1.44,149.811,26.479,3.858
09d09870-c00e-43dc-a6c1-1cb64334b15c,2026-04-19T16:14:38.455973-04:00,node-01,orders-api,503,True,anomalous,market_aware_v1,80.392,57.918,305.924,32.628,1.353,156.335,59.025,3.73
14140889-581f-484c-89fd-3855d33382fc,2026-04-19T16:14:38.478283-04:00,node-01,checkout-api,503,True,anomalous,market_aware_v1,83.382,60.616,320.699,30.773,1.633,154.987,43.277,4.29
4fcae5df-4c2e-445a-8d80-1a2e8b301a5a,2026-04-19T16:14:38.500459-04:00,node-01,payments-api,502,True,anomalous,market_aware_v1,72.446,60.418,314.568,26.036,1.426,152.97,21.299,4.068
4225a88f-d916-40ce-b9b8-36b3701b4cf3,2026-04-19T16:14:38.521723-04:00,node-01,orders-api,500,True,anomalous,market_aware_v1,76.957,56.918,280.694,28.43,1.241,139.376,64.878,3.501
a21e76e6-b1f8-4032-887c-5882407894f3,2026-04-19T16:14:38.544519-04:00,node-01,checkout-api,429,True,anomalous,market_aware_v1,75.482,58.86,328.748,29.107,1.637,156.775,27.599,4.249
934d2eaa-5597-4df9-8490-50e9c54b5c45,2026-04-19T16:14:38.566992-04:00,node-01,payments-api,500,True,anomalous,market_aware_v1,74.329,62.092,313.649,25.746,1.396,146.794,23.509,3.828
dca06fcc-da95-4b2f-b438-cc893a963029,2026-04-19T16:14:38.598734-04:00,node-01,orders-api,429,True,anomalous,market_aware_v1,78.674,53.361,296.173,28.787,1.363,150.895,55.723,3.728
df6f95c7-3306-44b4-8b03-b98c5b575111,2026-04-19T16:14:38.634903-04:00,node-01,checkout-api,500,True,anomalous,market_aware_v1,74.311,59.923,317.708,27.434,1.476,152.461,31.266,3.943
34202f17-084a-48e8-bc9c-594a76068dad,2026-04-19T16:14:38.657156-04:00,node-01,payments-api,429,True,anomalous,market_aware_v1,70.685,61.392,305.743,24.713,1.424,149.295,14.255,3.976
b55adb1d-e72a-4e5e-be9d-558f02868fc7,2026-04-19T16:14:38.687645-04:00,node-01,orders-api,500,True,anomalous,market_aware_v1,75.313,53.941,276.609,29.581,1.107,135.208,51.411,3.199
d7ceb88b-c205-49c9-950c-8b049595dbf3,2026-04-19T16:14:38.638056-04:00,node-01,checkout-api,502,True,anomalous,market_aware_v1,75.989,59.927,323.362,27.322,1.761,150.55,19.262,4.406
abcf377a-4f03-487f-89c0-f4a919533d82,2026-04-19T16:14:38.662589-04:00,node-01,payments-api,503,True,anomalous,market_aware_v1,70.454,57.362,312.922,26.564,1.372,147.406,15.002,3.881
b68ade01-e1bd-48ab-89f7-745524eb2398,2026-04-19T16:14:38.679800-04:00,node-01,orders-api,502,True,anomalous,market_aware_v1,72.42,56.552,286.837,28.563,1.309,149.989,46.242,3.741
bd63e218-013a-444c-95bd-367628bc912b,2026-04-19T16:14:38.699240-04:00,node-01,checkout-api,429,True,anomalous,market_aware_v1,70.062,57.606,302.502,26.872,1.524,154.361,29.232,4.123
d51337c3-c5e8-4ad7-baff-1bbed8601639,2026-04-19T16:14:38.720436-04:00,node-01,payments-api,429,True,anomalous,market_aware_v1,70.066,59.658,312.107,23.006,1.461,148.654,12.78,3.881
c06d7cdf-2ee4-41cb-b3cb-5a80ff6dc4cc,2026-04-19T16:14:38.743868-04:00,node-01,orders-api,500,True,anomalous,market_aware_v1,73.492,52.349,289.553,30.768,1.308,145.394,44.245,3.604
ed27eb39-74a3-40b3-8b85-7ad7ed3fe508,2026-04-19T16:14:38.766952-04:00,node-01,checkout-api,429,True,anomalous,market_aware_v1,69.956,54.33,294.702,25.714,1.455,151.938,28.396,3.975
100907e7-6c4e-4fad-98f0-179d68f2fb0e,2026-04-19T16:14:38.796630-04:00,node-01,payments-api,429,True,anomalous,market_aware_v1,68.683,59.76,312.573,25.596,1.335,149.083,12.568,3.879
a8334e79-57f1-4a1f-b7ba-ff319dfded82,2026-04-19T16:14:38.821589-04:00,node-01,orders-api,500,True,anomalous,market_aware_v1,75.588,51.002,290.234,26.736,1.3,144.716,53.025,3.636
086c1e5d-91e7-4748-ba7f-c4b28802d00f,2026-04-19T16:14:38.874878-04:00,node-01,checkout-api,500,True,anomalous,market_aware_v1,72.426,55.858,313.272,28.566,1.525,153.68,20.825,4.202
115baab0-4fd6-48b0-9d63-af1e56aa454f,2026-04-19T16:14:38.900446-04:00,node-01,payments-api,503,True,anomalous,market_aware_v1,70.088,59.573,322.019,25.227,1.525,157.395,12.563,4.063
7feee1e4-9f4a-4775-ab42-d6516b9e9586,2026-04-19T16:14:38.919904-04:00,node-01,orders-api,500,True,anomalous,market_aware_v1,74.918,54.907,304.132,33.203,1.297,148.63,52.001,3.537
e01bb602-38e1-4c65-a7e8-261db655e92e,2026-04-19T16:14:38.956745-04:00,node-01,checkout-api,500,True,anomalous,market_aware_v1,73.858,55.788,316.439,28.469,1.472,149.221,29.347,3.969
4ce1f42a-c790-4d82-a3a8-87cd4803e006,2026-04-19T16:14:38.978180-04:00,node-01,payments-api,502,True,anomalous,market_aware_v1,70.718,60.042,305.974,24.493,1.379,144.893,20.353,3.79
d308fa62-fcd7-4924-99d3-713170063acf,2026-04-19T16:14:38.999824-04:00,node-01,orders-api,502,True,anomalous,market_aware_v1,78.158,57.411,282.05,30.66,1.145,142.815,55.52,3.43
5710d499-2e9c-441e-b4bb-295db73f9d13,2026-04-19T16:14:39.021348-04:00,node-01,checkout-api,502,True,anomalous,market_aware_v1,76.144,58.812,304.697,26.84,1.444,154.571,31.335,4.068
a800a4d5-f7dd-446e-873e-ce14653cc04d,2026-04-19T16:14:39.044294-04:00,node-01,payments-api,503,True,anomalous,market_aware_v1,70.923,60.866,329.106,27.375,1.522,155.609,26.451,4.11
dd3fe39b-9d07-4eb5-a657-e259b2e82587,2026-04-19T16:14:39.065763-04:00,node-01,orders-api,502,True,anomalous,market_aware_v1,81.61,56.81,298.406,30.98,1.4,154.438,57.846,3.922
bbdd99a3-4a39-4a47-884a-bac934fe21be,2026-04-19T16:14:39.088073-04:00,node-01,checkout-api,502,True,anomalous,market_aware_v1,75.808,62.959,305.647,28.373,1.451,145.419,37.19,3.896
1beb8896-da55-47b4-b668-711618f58d1f,2026-04-19T16:14:39.109712-04:00,node-01,payments-api,503,True,anomalous,market_aware_v1,72.09,60.78,317.107,26.256,1.465,155.309,19.861,4.054
4980bdda-44c8-4252-9cae-c5e37d511d83,2026-04-19T16:14:39.131480-04:00,node-01,orders-api,503,True,anomalous,market_aware_v1,82.564,58.909,296.45,30.862,1.289,152.832,61.039,3.832
59e5bdb9-ed16-4a26-a934-5ddc3d21178c,2026-04-19T16:14:39.161397-04:00,node-01,checkout-api,429,True,anomalous,market_aware_v1,79.434,62.377,319.742,27.864,1.525,154.352,35.664,4.033
f8141b23-7909-44c8-acad-8888b1b42e48,2026-04-19T16:14:39.187077-04:00,node-01,payments-api,502,True,anomalous,market_aware_v1,76.478,63.089,306.558,25.795,1.389,146.381,26.376,3.782
ea1c69ee-21df-488a-9c67-c1b38a69f2b1,2026-04-19T16:14:39.207878-04:00,node-01,orders-api,503,True,anomalous,market_aware_v1,81.307,59.631,291.83,32.922,1.302,144.557,62.412,3.648
fa102bea-f771-440b-a299-ad1911cb88f8,2026-04-19T16:14:39.228820-04:00,node-01,checkout-api,500,True,anomalous,market_aware_v1,78.884,60.644,313.839,31.845,1.512,152.09,33.93,4.087
c2e82e4f-eba0-4e77-93f0-b06c50603306,2026-04-19T16:14:39.250366-04:00,node-01,payments-api,429,True,anomalous,market_aware_v1,78.099,64.903,303.283,27.593,1.39,144.346,24.252,3.671
b1dc7885-6c3c-4af8-ba9e-a2afce9d9d5a,2026-04-19T16:14:39.272982-04:00,node-01,orders-api,500,True,anomalous,market_aware_v1,82.204,58.454,313.68,34.136,1.699,164.136,50.068,4.485
f1996d11-cd4b-4eb2-826d-b70bd5a93157,2026-04-19T16:14:39.295140-04:00,node-01,checkout-api,429,True,anomalous,market_aware_v1,80.547,58.686,322.476,28.968,1.503,157.059,30.454,4.154
438b0664-9cea-4610-b8f0-4bfeb4451c41,2026-04-19T16:14:39.315610-04:00,node-01,payments-api,429,True,anomalous,market_aware_v1,73.06,65.985,314.093,30.606,1.3,145.576,27.81,3.721
5fcb2765-86bc-46ee-9972-1860ab815373,2026-04-19T16:14:39.347096-04:00,node-01,orders-api,500,True,anomalous,market_aware_v1,78.55,58.945,307.998,30.666,1.384,152.761,52.653,3.737
50026f86-9920-49ee-911a-b0c1e9b79929,2026-04-19T16:14:39.372142-04:00,node-01,checkout-api,429,True,anomalous,market_aware_v1,80.231,59.512,317.357,26.917,1.469,150.264,33.315,3.971
6934492a-6c5a-4fd9-9c4d-af4803af2fe6,2026-04-19T16:14:39.393391-04:00,node-01,payments-api,500,True,anomalous,market_aware_v1,74.773,64.003,315.217,27.532,1.466,157.949,15.192,4.091
0c0f1f68-56f6-4b77-85ae-34e4bb2d8ab1,2026-04-19T16:14:39.412002-04:00,node-01,orders-api,500,True,anomalous,market_aware_v1,79.235,58.175,286.92,30.326,1.292,146.117,56.528,3.535
46aafb05-3ac3-4d3b-ae92-d3c4ea84e392,2026-04-19T16:14:39.428689-04:00,node-01,checkout-api,503,True,anomalous,market_aware_v1,77.452,62.479,300.033,28.891,1.356,144.058,37.127,3.704
6ba76301-52c9-47b2-b082-80db75710ece,2026-04-19T16:14:39.445155-04:00,node-01,payments-api,429,True,anomalous,market_aware_v1,73.453,62.143,314.775,26.266,1.395,149.657,24.32,3.825
8d053f02-4948-4b15-9d08-b6b5bd4bab7b,2026-04-19T16:14:39.480766-04:00,node-01,orders-api,500,True,anomalous,market_aware_v1,75.563,55.756,299.453,30.395,1.316,151.549,58.136,3.919
feb88531-2d7f-42e8-a9e4-66d555dd80e8,2026-04-19T16:14:39.502067-04:00,node-01,checkout-api,502,True,anomalous,market_aware_v1,76.59,60.774,324.558,30.367,1.833,154.54,22.906,4.47
55c3f9fe-4c50-44b5-a0a5-01bbddba6694,2026-04-19T16:14:39.532409-04:00,node-01,payments-api,429,True,anomalous,market_aware_v1,72.679,61.772,308.609,25.588,1.416,146.283,19.581,3.782
ca31f16c-1448-47d4-b4b8-5e2241239720,2026-04-19T16:14:39.582832-04:00,node-01,orders-api,502,True,anomalous,market_aware_v1,73.593,56.115,299.845,30.391,1.315,146.604,53.598,3.737
940c2d97-cb16-4755-8834-0c4314bfb2a6,2026-04-19T16:14:39.612912-04:00,node-01,checkout-api,500,True,anomalous,market_aware_v1,77.865,60.126,317.389,28.269,1.787,157.374,19.592,4.52
953b6007-678e-4b7e-884c-bd800fdfeec8,2026-04-19T16:14:39.633176-04:00,node-01,payments-api,502,True,anomalous,market_aware_v1,65.803,63.201,318.338,26.582,1.461,153.756,14.032,3.939
2dc11adf-d04d-445d-a861-3ea430f72d0b,2026-04-19T16:14:39.668068-04:00,node-01,orders-api,500,True,anomalous,market_aware_v1,74.297,56.603,286.454,28.781,1.291,143.951,52.641,3.588
b2fe049b-2395-450a-93a7-fbec6234a839,2026-04-19T16:14:39.707165-04:00,node-01,checkout-api,429,True,anomalous,market_aware_v1,73.44,60.089,297.749,27.201,1.409,146.87,25.608,3.798
0502392c-3396-47b9-81e8-17f101b26255,2026-04-19T16:14:39.733272-04:00,node-01,payments-api,429,True,anomalous,market_aware_v1,72.199,61.168,322.509,25.549,1.435,157.278,7.207,4.072
3d19c744-0163-4277-b74f-9b780c3571a7,2026-04-19T16:14:39.761192-04:00,node-01,orders-api,502,True,anomalous,market_aware_v1,76.938,60.221,289.931,32.083,1.586,147.524,50.924,4.211
a59728fd-36b4-4cd7-9368-18bb507351c3,2026-04-19T16:14:39.788429-04:00,node-01,checkout-api,503,True,anomalous,market_aware_v1,77.949,56.876,315.237,28.536,1.481,154.353,22.541,4.113
75fb207a-cd46-470f-beec-300e5e39dfa7,2026-04-19T16:14:39.815585-04:00,node-01,payments-api,503,True,anomalous,market_aware_v1,73.151,64.318,314.616,25.027,1.512,152.394,21.262,3.909
615a6336-6fbe-457c-8f5b-e8d58e48c8ba,2026-04-19T16:14:39.853884-04:00,node-01,orders-api,429,True,anomalous,market_aware_v1,79.05,55.081,294.012,28.144,1.306,151.381,50.747,3.78
0a538ac7-933f-4a3f-b878-5fa0349f6cfa,2026-04-19T16:14:39.880610-04:00,node-01,checkout-api,502,True,anomalous,market_aware_v1,80.009,62.215,329.65,26.862,1.499,155.265,38.055,4.292
5dd179f5-c076-4feb-ad89-0bfa48e27a30,2026-04-19T16:14:39.908457-04:00,node-01,payments-api,502,True,anomalous,market_aware_v1,72.306,61.23,324.309,25.591,1.54,158.603,18.771,4.35
b14cf9b8-5849-4d57-8113-97aa8807d85e,2026-04-19T16:14:39.935180-04:00,node-01,orders-api,502,True,anomalous,market_aware_v1,80.206,56.035,291.71,30.131,1.377,151.48,53.107,3.804
adf579f1-32ee-4a36-a645-72a064902d9e,2026-04-19T16:14:39.961794-04:00,node-01,checkout-api,503,True,anomalous,market_aware_v1,80.044,60.787,308.572,31.213,1.569,151.918,31.451,4.248
324b8b99-28cf-4ebe-890e-b97c4a338d81,2026-04-19T16:14:39.989280-04:00,node-01,payments-api,429,True,anomalous,market_aware_v1,77.801,62.729,334.803,26.802,1.509,157.128,18.729,4.159
84d729de-9355-4a2c-8026-e388d00ca1d5,2026-04-19T16:14:40.027425-04:00,node-01,orders-api,500,True,anomalous,market_aware_v1,80.809,60.859,299.709,32.334,1.283,148.333,64.216,3.703
75d1c984-d216-4018-aa63-4d0a149076ba,2026-04-19T16:14:40.049639-04:00,node-01,checkout-api,500,True,anomalous,market_aware_v1,79.206,65.033,314.021,31.787,1.461,150.863,40.11,3.916
7573bafd-6bbd-40ee-90cd-30bbd11fef78,2026-04-19T16:14:40.074050-04:00,node-01,payments-api,503,True,anomalous,market_aware_v1,77.526,63.4,319.556,28.089,1.412,152.663,28.88,3.963
8d1fe968-730b-4b76-9921-fda709d269b6,2026-04-19T16:14:40.098443-04:00,node-01,orders-api,502,True,anomalous,market_aware_v1,87.512,64.561,317.011,36.846,1.793,160.553,52.762,4.448
d7042829-34db-43c8-a7ff-6a6d9719a8d6,2026-04-19T16:14:40.126012-04:00,node-01,checkout-api,429,True,anomalous,market_aware_v1,83.55,61.248,332.643,31.922,1.465,159.312,33.032,4.309
e7de39c4-f8f3-417e-9363-dabda96d424a,2026-04-19T16:14:40.145779-04:00,node-01,payments-api,502,True,anomalous,market_aware_v1,81.851,61.647,336.007,28.453,1.561,165.748,21.313,4.388
2ec682e6-4c68-4a2e-92c4-b7237657055e,2026-04-19T16:14:40.176297-04:00,node-01,orders-api,502,True,anomalous,market_aware_v1,90.074,58.844,311.274,34.239,1.323,156.65,58.1,3.836
7c9fd5c0-ad79-426a-a010-34dea12bdf2b,2026-04-19T16:14:40.205748-04:00,node-01,checkout-api,500,True,anomalous,market_aware_v1,85.368,62.558,312.73,29.935,1.535,157.791,39.226,4.194
7f9885f3-3510-4718-9e6c-8d4a7bb72684,2026-04-19T16:14:40.229703-04:00,node-01,payments-api,429,True,anomalous,market_aware_v1,79.083,67.175,328.972,27.657,1.775,157.417,22.734,4.547
f239572f-31be-4c5d-a087-b561ae697643,2026-04-19T16:14:40.259133-04:00,node-01,orders-api,503,True,anomalous,market_aware_v1,83.822,59.831,285.876,31.991,1.303,148.836,69.705,3.623
1a1cc611-bd53-4aa9-ac86-e40a60305f9d,2026-04-19T16:14:40.285066-04:00,node-01,checkout-api,502,True,anomalous,market_aware_v1,82.048,62.708,306.253,28.032,1.562,151.389,36.692,4.091
eb81330e-55b5-4222-bfeb-8fa0806786d6,2026-04-19T16:14:40.313294-04:00,node-01,payments-api,503,True,anomalous,market_aware_v1,76.89,62.213,321.157,24.356,1.482,157.76,21.78,4.243
d33575de-0bf6-42d8-bc72-769c6420eaec,2026-04-19T16:14:40.339319-04:00,node-01,orders-api,500,True,anomalous,market_aware_v1,82.906,58.174,282.255,31.577,1.298,142.687,63.55,3.465
b240572c-e487-4d52-a652-d47513063a2a,2026-04-19T16:14:40.379169-04:00,node-01,checkout-api,502,True,anomalous,market_aware_v1,82.393,60.182,322.589,30.571,1.506,153.726,39.629,4.2
bfe001e7-051f-46fa-85cf-80852b7565a5,2026-04-19T16:14:40.404726-04:00,node-01,payments-api,500,True,anomalous,market_aware_v1,78.415,61.943,340.747,30.696,1.772,158.893,19.557,4.596
27abe476-5887-4e84-956c-e1ffc95be7f0,2026-04-19T16:14:40.431834-04:00,node-01,orders-api,429,True,anomalous,market_aware_v1,81.277,58.416,311.476,32.394,1.45,156.665,51.882,3.989
c0534b85-f542-4dc4-986a-0a99b6c90241,2026-04-19T16:14:40.452706-04:00,node-01,checkout-api,503,True,anomalous,market_aware_v1,76.278,60.688,316.463,28.228,1.551,156.409,29.834,4.288
734bed2d-b22d-401b-a465-e574d21cd0c4,2026-04-19T16:14:40.473076-04:00,node-01,payments-api,429,True,anomalous,market_aware_v1,73.563,64.05,324.012,24.818,1.472,155.126,16.507,4.054
d9244f11-a035-4d4e-994e-98865c06beae,2026-04-19T16:14:40.495957-04:00,node-01,orders-api,502,True,anomalous,market_aware_v1,78.749,56.311,288.082,30.761,1.383,147.428,48.826,3.718
7fbf59c7-b743-4b13-bedb-b531d9eba1da,2026-04-19T16:14:40.520097-04:00,node-01,checkout-api,503,True,anomalous,market_aware_v1,71.507,61.684,310.827,29.784,1.441,145.622,31.481,3.801
534db43c-e6fa-43e9-b881-516bcef381ad,2026-04-19T16:14:40.540469-04:00,node-01,payments-api,503,True,anomalous,market_aware_v1,72.537,60.431,314.071,20.73,1.375,150.428,20.129,3.922
75b992bf-9ad9-4b78-9f9b-d81076624ad0,2026-04-19T16:14:40.562875-04:00,node-01,orders-api,500,True,anomalous,market_aware_v1,75.978,56.914,296.54,30.137,1.347,151.04,50.035,3.804
5cf39895-997e-4af8-860a-ea4b666a39d9,2026-04-19T16:14:40.584135-04:00,node-01,checkout-api,500,True,anomalous,market_aware_v1,74.961,56.176,298.07,29.086,1.43,148.521,31.071,3.771
d926aafa-d159-46b7-ab3a-3fd63c809391,2026-04-19T16:14:40.612419-04:00,node-01,payments-api,500,True,anomalous,market_aware_v1,73.699,57.992,309.658,23.207,1.378,149.997,16.172,3.859
6e59db07-7650-448a-b925-519ecd4981c6,2026-04-19T16:14:40.632609-04:00,node-01,orders-api,429,True,anomalous,market_aware_v1,73.869,55.52,291.151,31.554,1.254,151.324,49.648,3.723
2ea86118-664c-46b8-b1bc-dcf16a4dde0f,2026-04-19T16:14:40.656354-04:00,node-01,checkout-api,503,True,anomalous,market_aware_v1,74.378,57.979,331.44,28.591,1.708,159.557,25.83,4.606
51f66012-2233-4ee2-b2d1-207e9cdbddae,2026-04-19T16:14:40.678388-04:00,node-01,payments-api,429,True,anomalous,market_aware_v1,68.12,59.025,330.949,24.758,1.523,159.231,9.516,4.211
18e8895c-c225-439f-a98f-6e084ce11c38,2026-04-19T16:14:40.702075-04:00,node-01,orders-api,429,True,anomalous,market_aware_v1,73.434,52.619,296.848,27.927,1.347,150.904,44.234,3.79
79346c76-6b8d-406b-a951-6adb5d26198c,2026-04-19T16:14:40.728580-04:00,node-01,checkout-api,502,True,anomalous,market_aware_v1,72.554,55.517,331.929,26.662,1.747,163.272,25.252,4.691
256e89c9-65e2-460b-ba3a-a0bb7b427369,2026-04-19T16:14:40.754063-04:00,node-01,payments-api,503,True,anomalous,market_aware_v1,64.057,61.226,302.086,21.309,1.299,145.161,16.167,3.529
1b2a6411-5d38-484c-9f31-90471efbcfc9,2026-04-19T16:14:40.791036-04:00,node-01,orders-api,429,True,anomalous,market_aware_v1,71.104,55.823,290.963,30.436,1.306,151.102,45.028,3.761
710b97ae-c8ac-448d-961b-04d50a4912fa,2026-04-19T16:14:40.812388-04:00,node-01,checkout-api,500,True,anomalous,market_aware_v1,71.947,60.873,311.107,30.695,1.497,151.436,24.924,4.061
bc0af27e-6639-46c8-8dda-699313dba957,2026-04-19T16:14:40.833446-04:00,node-01,payments-api,502,True,anomalous,market_aware_v1,65.591,59.801,308.244,24.709,1.287,146.018,15.755,3.693
1c2330a7-e895-46be-8e4d-acefb28c0c90,2026-04-19T16:14:40.855467-04:00,node-01,orders-api,503,True,anomalous,market_aware_v1,84.865,56.033,318.423,32.428,1.569,153.184,41.623,4.242
4a4c9700-710a-413d-ba34-8160579ff4f5,2026-04-19T16:14:40.877011-04:00,node-01,checkout-api,503,True,anomalous,market_aware_v1,74.305,60.134,313.588,27.266,1.46,149.017,28.577,3.997
8df25a18-4b47-4d9f-b4f4-4d6805f4594c,2026-04-19T16:14:40.899027-04:00,node-01,payments-api,500,True,anomalous,market_aware_v1,72.457,61.521,311.164,23.003,1.464,157.844,11.667,4.075
d4704dd0-e51f-4ce2-9dfa-5960b6efe149,2026-04-19T16:14:40.919855-04:00,node-01,orders-api,503,True,anomalous,market_aware_v1,79.17,56.872,291.443,31.934,1.276,152.067,51.903,3.652
67c28cc0-9923-4c14-ab08-4c4eb8909bfe,2026-04-19T16:14:40.943285-04:00,node-01,checkout-api,500,True,anomalous,market_aware_v1,75.998,59.114,321.403,29.815,1.476,153.618,32.205,4.069
79273f96-6c90-40de-9a18-a48a851f84b0,2026-04-19T16:14:40.964899-04:00,node-01,payments-api,429,True,anomalous,market_aware_v1,71.677,60.794,324.408,26.875,1.447,157.497,17.164,3.983
984b890d-f9d9-4c79-8ac5-a0ef29425122,2026-04-19T16:14:40.994754-04:00,node-01,orders-api,429,True,anomalous,market_aware_v1,78.347,54.652,298.925,29.862,1.258,153.707,54.124,3.75
75df1a3e-5717-4e70-a7f7-dd75f8083189,2026-04-19T16:14:41.020372-04:00,node-01,checkout-api,500,True,anomalous,market_aware_v1,73.605,62.197,300.14,29.653,1.465,147.578,37.432,3.917
a6b53bad-051a-4130-a995-e289205c5461,2026-04-19T16:14:41.040123-04:00,node-01,payments-api,503,True,anomalous,market_aware_v1,73.547,63.973,329.553,25.796,1.467,160.414,15.952,4.218
9620aa89-2960-4da2-858c-358aa9f32a34,2026-04-19T16:14:41.063200-04:00,node-01,orders-api,502,True,anomalous,market_aware_v1,81.592,58.111,318.321,32.789,1.463,159.4,52.226,4.02
fb739645-beae-4ee7-b2ff-61ca08e380b2,2026-04-19T16:14:41.085235-04:00,node-01,checkout-api,429,True,anomalous,market_aware_v1,79.742,62.304,325.803,30.972,1.527,162.554,26.746,4.256
6903ada8-98b4-4864-8de2-d148081d625b,2026-04-19T16:14:41.107099-04:00,node-01,payments-api,500,True,anomalous,market_aware_v1,75.989,64.177,339.05,28.893,1.618,160.349,20.577,4.48
20674a00-4569-4f0f-93a4-fb47b4b8585d,2026-04-19T16:14:41.128607-04:00,node-01,orders-api,500,True,anomalous,market_aware_v1,81.555,60.583,315.993,33.338,1.31,158.494,50.47,3.97
944257b9-3b8c-440d-985b-9ae39b513871,2026-04-19T16:14:41.150996-04:00,node-01,checkout-api,500,True,anomalous,market_aware_v1,88.589,61.991,328.43,32.254,1.904,160.954,28.992,4.742
fab4f269-c8ee-4615-b93a-d14d67c2a274,2026-04-19T16:14:41.169766-04:00,node-01,payments-api,500,True,anomalous,market_aware_v1,77.517,63.789,317.311,26.418,1.363,157.005,19.011,4.067
e38b1419-ef3d-4a4c-9bfe-6d188f393823,2026-04-19T16:14:41.208565-04:00,node-01,orders-api,500,True,anomalous,market_aware_v1,82.56,57.346,312.106,33.554,1.529,160.081,52.974,4.162
40d18396-2b11-4f64-8fd2-bacfc7886a59,2026-04-19T16:14:41.249145-04:00,node-01,checkout-api,429,True,anomalous,market_aware_v1,81.255,64.107,318.526,28.47,1.551,155.959,38.722,4.071
c5f4db8f-218e-40d8-bc36-b4a376a9cbda,2026-04-19T16:14:41.270054-04:00,node-01,payments-api,500,True,anomalous,market_aware_v1,79.999,66.604,337.473,27.197,1.762,155.552,18.151,4.437
e9058ab8-2168-4a71-a0f1-c78ff67f61fe,2026-04-19T16:14:41.292926-04:00,node-01,orders-api,500,True,anomalous,market_aware_v1,80.894,59.487,302.989,31.641,1.475,153.049,56.741,3.857
92fd7744-86d3-4f37-9b3e-5ff7936e1780,2026-04-19T16:14:41.315485-04:00,node-01,checkout-api,500,True,anomalous,market_aware_v1,84.192,62.081,336.582,30.771,1.843,161.48,27.635,4.691
73f2c7f4-18ff-490d-9b26-b66afe37e531,2026-04-19T16:14:41.337261-04:00,node-01,payments-api,503,True,anomalous,market_aware_v1,73.407,62.913,321.157,26.519,1.48,155.078,17.764,3.976
050d85af-6382-409a-88fc-1e4827bb2f86,2026-04-19T16:14:41.359113-04:00,node-01,orders-api,500,True,anomalous,market_aware_v1,83.604,58.48,288.177,29.689,1.295,148.435,58.116,3.757
2c348b52-30a7-4590-9c13-94948913cea3,2026-04-19T16:14:41.380852-04:00,node-01,checkout-api,502,True,anomalous,market_aware_v1,76.342,57.294,307.433,27.947,1.484,151.319,32.037,4.09
3c2d6b03-2dad-48a9-a444-68f510fc9f11,2026-04-19T16:14:41.403133-04:00,node-01,payments-api,500,True,anomalous,market_aware_v1,71.72,60.912,328.486,26.389,1.419,157.94,13.68,4.147
27a6a97a-8ca4-4911-abaa-9e3bd7d64638,2026-04-19T16:14:41.426153-04:00,node-01,orders-api,500,True,anomalous,market_aware_v1,75.867,55.534,289.405,31.694,1.287,141.615,53.404,3.504
1e40c44a-7a62-42a0-a3c0-5b49f024732f,2026-04-19T16:14:41.446178-04:00,node-01,checkout-api,502,True,anomalous,market_aware_v1,74.414,58.949,302.09,31.735,1.458,144.167,30.845,3.836
802b83af-772f-4534-aa5c-ea549dec1b03,2026-04-19T16:14:41.469094-04:00,node-01,payments-api,500,True,anomalous,market_aware_v1,72.375,65.081,327.723,23.017,1.412,158.919,10.519,4.011
70c95d2d-7a92-475d-b39a-4279724f265d,2026-04-19T16:14:41.490845-04:00,node-01,orders-api,503,True,anomalous,market_aware_v1,76.873,52.595,287.096,31.772,1.344,150.266,50.03,3.739
276b8408-b7b0-4464-94c5-3804096ce1d4,2026-04-19T16:14:41.511417-04:00,node-01,checkout-api,503,True,anomalous,market_aware_v1,74.272,57.733,306.198,29.077,1.549,152.324,25.812,4.054
22ad77d4-8d1f-4297-b705-ae63e6743c9f,2026-04-19T16:14:41.542739-04:00,node-01,payments-api,503,True,anomalous,market_aware_v1,72.806,63.682,336.71,25.754,1.885,160.975,12.31,4.629
67c9f5c6-f5c5-421e-9d3a-50fd26874761,2026-04-19T16:14:41.569297-04:00,node-01,orders-api,502,True,anomalous,market_aware_v1,77.699,55.843,292.675,29.859,1.355,151.099,47.871,3.759
068e3928-b772-44fd-97fc-a15f34bb06f3,2026-04-19T16:14:41.588221-04:00,node-01,checkout-api,503,True,anomalous,market_aware_v1,75.955,56.986,284.611,28.678,1.434,139.945,32.434,3.726
a01c7539-a7b8-4424-888e-b08a6de83821,2026-04-19T16:14:41.610791-04:00,node-01,payments-api,429,True,anomalous,market_aware_v1,72.136,60.923,330.307,25.975,1.476,155.926,18.705,4.126
1b32f50b-2c98-419a-b0eb-6148ba32f49d,2026-04-19T16:14:41.633448-04:00,node-01,orders-api,503,True,anomalous,market_aware_v1,79.535,57.355,300.544,30.622,1.29,150.709,55.431,3.703
dbb760d5-08c7-4646-ac23-4529a4e8a96d,2026-04-19T16:14:41.654278-04:00,node-01,checkout-api,503,True,anomalous,market_aware_v1,79.692,59.79,342.181,30.747,1.944,165.638,19.298,4.98
d84d09f9-9fe1-4691-8c93-3b8a80c73c87,2026-04-19T16:14:41.677123-04:00,node-01,payments-api,500,True,anomalous,market_aware_v1,68.193,61.785,305.332,26.833,1.463,153.911,25.229,4.033
9deed1b1-9959-4c3b-81c6-d0a691c97693,2026-04-19T16:14:41.695768-04:00,node-01,orders-api,429,True,anomalous,market_aware_v1,80.748,56.128,299.35,31.633,1.345,154.851,51.539,3.772
9923e411-3c10-4854-945d-78f995aeab78,2026-04-19T16:14:41.712311-04:00,node-01,checkout-api,502,True,anomalous,market_aware_v1,81.823,59.877,301.72,29.876,1.312,144.697,38.322,3.672
42aeffdc-e5b4-47b2-abbf-762187dcfb71,2026-04-19T16:14:41.728721-04:00,node-01,payments-api,429,True,anomalous,market_aware_v1,77.328,63.337,335.431,27.728,1.503,156.986,21.984,4.125
a148fe64-2131-448e-8c5d-1404c2bd2ef8,2026-04-19T16:14:41.753631-04:00,node-01,orders-api,500,True,anomalous,market_aware_v1,79.436,56.775,290.043,29.49,1.231,149.702,60.458,3.556
4ba3e56b-a931-49d9-8df6-8c9d4356b601,2026-04-19T16:14:41.775492-04:00,node-01,checkout-api,503,True,anomalous,market_aware_v1,82.523,61.44,319.204,30.011,1.669,161.419,31.891,4.44
a4d45810-0a46-4b49-8e12-60df316e2886,2026-04-19T16:14:41.798008-04:00,node-01,payments-api,503,True,anomalous,market_aware_v1,75.416,65.566,318.278,28.927,1.485,158.829,25.382,4.15
0dd71a25-0449-4739-ace3-e3bec4e015a4,2026-04-19T16:14:41.819407-04:00,node-01,orders-api,500,True,anomalous,market_aware_v1,83.266,59.597,300.547,31.353,1.355,153.125,60.671,3.67
f26db912-8491-4f7c-8434-ac631776d543,2026-04-19T16:14:41.842627-04:00,node-01,checkout-api,429,True,anomalous,market_aware_v1,81.234,62.119,333.886,31.698,1.53,159.026,36.597,4.135
0e078edc-9a0d-4bde-abb2-7c517961be5b,2026-04-19T16:14:41.864629-04:00,node-01,payments-api,429,True,anomalous,market_aware_v1,75.812,63.629,333.245,27.646,1.49,152.588,28.527,3.977
c139bc45-c79f-4e92-8ef1-6e38d281250d,2026-04-19T16:14:41.887854-04:00,node-01,orders-api,503,True,anomalous,market_aware_v1,77.98,61.254,298.907,31.266,1.264,148.47,61.809,3.68
88955d24-1a42-41b5-bea1-4f9062518898,2026-04-19T16:14:41.915301-04:00,node-01,checkout-api,503,True,anomalous,market_aware_v1,82.44,63.138,310.89,29.963,1.443,150.955,38.96,3.888
2dd9d48f-4c79-4031-8d60-3318af588e70,2026-04-19T16:14:41.943103-04:00,node-01,payments-api,502,True,anomalous,market_aware_v1,80.52,66.923,332.111,26.152,1.487,157.188,25.491,4.153
f7d2549b-1c0a-44ec-9705-63fc31b3f83c,2026-04-19T16:14:41.963438-04:00,node-01,orders-api,503,True,anomalous,market_aware_v1,83.145,61.108,306.584,34.382,1.338,152.574,62.543,3.748
bedd9e55-faab-4723-a695-0fc1bf1fdf81,2026-04-19T16:14:41.984116-04:00,node-01,checkout-api,429,True,anomalous,market_aware_v1,83.488,65.274,335.438,30.738,1.56,157.61,36.804,4.327
a5d3d81d-f472-44bf-a168-e3152484ebcb,2026-04-19T16:14:42.008555-04:00,node-01,payments-api,502,True,anomalous,market_aware_v1,79.337,64.921,341.597,27.762,1.571,164.239,20.628,4.361
bd1fb5d8-0b0d-41b5-9305-25f65a1b8f56,2026-04-19T16:14:42.033780-04:00,node-01,orders-api,502,True,anomalous,market_aware_v1,82.222,59.96,308.164,30.955,1.509,159.185,60.56,4.133
a8ed8376-f92b-41e0-a0fa-a1d6b3ebd27c,2026-04-19T16:14:42.057716-04:00,node-01,checkout-api,503,True,anomalous,market_aware_v1,84.876,65.582,338.44,30.895,1.605,164.328,35.313,4.5
afde728e-439c-48b5-aee9-2f799025aab0,2026-04-19T16:14:42.084868-04:00,node-01,payments-api,502,True,anomalous,market_aware_v1,76.035,66.439,324.616,25.941,1.512,158.707,27.339,4.185
b4f05541-3a99-459c-befc-9fb8285dfbb1,2026-04-19T16:14:42.105702-04:00,node-01,orders-api,503,True,anomalous,market_aware_v1,83.231,55.934,302.121,33.558,1.294,154.573,57.031,3.792
57c38291-7cdc-4cdb-9286-f3ee12b54b3b,2026-04-19T16:14:42.128300-04:00,node-01,checkout-api,500,True,anomalous,market_aware_v1,79.378,65.214,313.174,30.057,1.475,148.607,38.49,4.036
0e3a6fee-6274-4426-be45-c229a20fda9f,2026-04-19T16:14:42.149873-04:00,node-01,payments-api,429,True,anomalous,market_aware_v1,75.087,64.736,321.36,25.71,1.461,154.102,23.099,4.104
ad87073f-280d-455e-b7eb-7ae6f094fe87,2026-04-19T16:14:42.170126-04:00,node-01,orders-api,502,True,anomalous,market_aware_v1,83.464,59.583,305.888,32.059,1.308,154.495,59.135,3.813
b319c062-3002-4275-b770-7cc7697c0395,2026-04-19T16:14:42.191628-04:00,node-01,checkout-api,500,True,anomalous,market_aware_v1,82.709,57.561,318.379,30.193,1.462,153.196,38.524,3.967
500ccfa4-7f56-42e5-9878-098f26b34c8e,2026-04-19T16:14:42.212401-04:00,node-01,payments-api,502,True,anomalous,market_aware_v1,76.829,60.756,331.281,25.595,1.54,156.305,19.107,4.204
9a1d388e-01b3-4f3f-a18a-4bfdeab7da57,2026-04-19T16:14:42.237936-04:00,node-01,orders-api,429,True,anomalous,market_aware_v1,79.501,60.315,300.065,27.855,1.307,149.664,56.021,3.637
6f0d64ce-d6a1-47e0-97bb-77e088e9e575,2026-04-19T16:14:42.259112-04:00,node-01,checkout-api,503,True,anomalous,market_aware_v1,73.723,57.171,300.712,28.871,1.461,150.656,27.553,3.916
043bbbdb-3cae-4efb-aa47-da9c07a27e9d,2026-04-19T16:14:42.281971-04:00,node-01,payments-api,502,True,anomalous,market_aware_v1,72.29,60.946,308.346,25.745,1.314,150.365,19.279,3.897
7fe896b6-38ab-4b5b-ab71-5852aea521c8,2026-04-19T16:14:42.301785-04:00,node-01,orders-api,503,True,anomalous,market_aware_v1,77.254,57.123,284.362,31.176,1.287,145.578,49.719,3.506
969efb5d-f8bd-46c6-a209-7b0f0c0f4c7c,2026-04-19T16:14:42.332267-04:00,node-01,checkout-api,502,True,anomalous,market_aware_v1,76.105,58.785,312.509,27.645,1.545,152.184,30.837,4.006
2ea1d6ce-ff24-49be-b03c-1e165d609108,2026-04-19T16:14:42.359129-04:00,node-01,payments-api,500,True,anomalous,market_aware_v1,72.247,62.785,316.585,26.468,1.73,158.506,14.479,4.442
824cdd4b-4491-44a5-bbc7-b4cbc292ab99,2026-04-19T16:14:42.381335-04:00,node-01,orders-api,502,True,anomalous,market_aware_v1,73.885,55.462,302.754,29.188,1.354,154.048,43.17,4.017
fbf122c7-fe40-4184-9622-d554bd48aa0b,2026-04-19T16:14:42.403049-04:00,node-01,checkout-api,502,True,anomalous,market_aware_v1,75.082,54.707,331.252,28.476,1.508,158.028,27.203,4.292
076dcf5e-6526-4234-9693-f1285d824206,2026-04-19T16:14:42.431400-04:00,node-01,payments-api,500,True,anomalous,market_aware_v1,69.137,55.868,329.713,22.485,1.501,159.888,3.864,4.152
7696a848-25fb-4554-a8b5-df98eaa5208d,2026-04-19T16:14:42.457221-04:00,node-01,orders-api,502,True,anomalous,market_aware_v1,74.775,52.045,289.781,30.539,1.285,144.364,50.09,3.628
d6e0eede-6b73-4542-8754-3541fdc1eb9b,2026-04-19T16:14:42.478941-04:00,node-01,checkout-api,503,True,anomalous,market_aware_v1,73.538,56.249,310.773,24.88,1.471,151.845,22.434,3.97
fa8fd314-685d-4f5f-a5bd-5c9ff2429621,2026-04-19T16:14:42.501032-04:00,node-01,payments-api,429,True,anomalous,market_aware_v1,62.131,61.876,331.723,27.673,1.396,152.054,14.901,3.993
e434786e-cbcb-4630-adcb-da7083d40e92,2026-04-19T16:14:42.521833-04:00,node-01,orders-api,500,True,anomalous,market_aware_v1,74.91,53.431,302.319,31.184,1.415,153.794,49.852,3.895
bfe96e7b-c932-4812-baaf-86fb0588024d,2026-04-19T16:14:42.545666-04:00,node-01,checkout-api,503,True,anomalous,market_aware_v1,76.869,59.309,315.514,29.127,1.468,157.486,20.913,4.154
4566636c-b7d1-4d75-a9f9-5715bdbd7d9f,2026-04-19T16:14:42.567717-04:00,node-01,payments-api,429,True,anomalous,market_aware_v1,69.849,59.596,321.271,23.541,1.598,160.473,6.155,4.384
3177d54c-e63a-453e-b63a-5005022a86db,2026-04-19T16:14:42.589247-04:00,node-01,orders-api,500,True,anomalous,market_aware_v1,76.473,57.019,298.742,30.013,1.42,160.604,39.214,4.16
099aeaf8-38d8-49d8-aa4b-0a372a009119,2026-04-19T16:14:42.610707-04:00,node-01,checkout-api,502,True,anomalous,market_aware_v1,71.437,56.386,307.196,27.554,1.498,149.326,29.761,4.074
ccf06135-9b7c-4c8d-9cd1-6a8582ed8cc2,2026-04-19T16:14:42.639780-04:00,node-01,payments-api,503,True,anomalous,market_aware_v1,70.909,58.685,321.502,25.429,1.491,157.076,12.421,4.099
0b540096-ba24-4eb9-a3d4-cad4ecb6dd09,2026-04-19T16:14:42.665494-04:00,node-01,orders-api,429,True,anomalous,market_aware_v1,78.59,54.338,310.13,32.624,1.356,153.807,48.435,4.001
85de30af-e8e6-40e8-b362-2a618ad27669,2026-04-19T16:14:42.686283-04:00,node-01,checkout-api,503,True,anomalous,market_aware_v1,77.107,59.765,312.752,28.809,1.363,152.992,33.002,3.94
1a4fe0c3-ced6-4419-8a8e-40e909a6c70e,2026-04-19T16:14:42.709889-04:00,node-01,payments-api,500,True,anomalous,market_aware_v1,74.08,63.148,314.576,25.797,1.469,156.099,18.342,4.171
45c191e5-d668-47c8-9146-b14d8ece82fe,2026-04-19T16:14:42.727836-04:00,node-01,orders-api,503,True,anomalous,market_aware_v1,79.957,58.438,302.591,31.023,1.355,152.539,52.398,3.829
bbd115ef-abc0-4f4f-8fb6-194d1ceb54fb,2026-04-19T16:14:42.749694-04:00,node-01,checkout-api,503,True,anomalous,market_aware_v1,78.082,62.157,326.657,32.009,1.659,160.071,33.819,4.529
60656941-1571-4793-9ce0-6e0f75957420,2026-04-19T16:14:42.766641-04:00,node-01,payments-api,500,True,anomalous,market_aware_v1,73.978,66.151,324.647,28.427,1.428,150.664,20.216,4.025
0aef3834-ac00-4a3b-94a6-45d074d926d7,2026-04-19T16:14:42.785508-04:00,node-01,orders-api,500,True,anomalous,market_aware_v1,81.737,57.616,283.127,32.325,1.254,148.762,60.348,3.713
baf5b12c-8599-4cbf-b947-c0077a767aa3,2026-04-19T16:14:42.807468-04:00,node-01,checkout-api,429,True,anomalous,market_aware_v1,82.521,62.814,324.626,29.936,1.456,152.144,37.61,4.081
2ca56894-640b-4fa3-8117-aba20f2a6a0b,2026-04-19T16:14:42.829620-04:00,node-01,payments-api,502,True,anomalous,market_aware_v1,76.575,65.459,334.283,27.189,1.464,160.096,20.778,4.17
3285f59e-fb8c-4462-ab5e-a371d8f8162d,2026-04-19T16:14:42.850778-04:00,node-01,orders-api,429,True,anomalous,market_aware_v1,83.036,60.033,297.564,32.293,1.32,152.693,54.937,3.913
dfcf0c5a-1bb2-4343-bc58-d2225983d34f,2026-04-19T16:14:42.873882-04:00,node-01,checkout-api,429,True,anomalous,market_aware_v1,79.236,63.437,334.87,30.32,1.536,159.571,37.598,4.158
d2b8ed9f-8062-455e-b011-98af3149d63f,2026-04-19T16:14:42.894444-04:00,node-01,payments-api,500,True,anomalous,market_aware_v1,78.14,62.741,339.707,26.525,1.48,157.984,20.993,4.128
6a558be0-c997-4fb0-8796-519041b6824b,2026-04-19T16:14:42.916953-04:00,node-01,orders-api,500,True,anomalous,market_aware_v1,90.531,60.212,317.287,29.457,1.641,163.141,49.928,4.369
755ddb78-557a-4f84-b11c-63c0f9eda50c,2026-04-19T16:14:42.939904-04:00,node-01,checkout-api,429,True,anomalous,market_aware_v1,81.261,63.842,319.584,30.1,1.428,150.362,37.48,3.9
2408c933-4234-4e82-8d22-b21a1d025158,2026-04-19T16:14:42.960941-04:00,node-01,payments-api,503,True,anomalous,market_aware_v1,81.579,65.248,348.261,28.15,1.897,170.433,12.508,4.916
f52a7711-d608-4ab2-bc0f-47a25de1266f,2026-04-19T16:14:42.983436-04:00,node-01,orders-api,429,True,anomalous,market_aware_v1,80.901,58.257,313.927,27.914,1.425,165.518,52.218,4.131
e6c24bc0-655c-4e32-b429-4fa263db1fd2,2026-04-19T16:14:43.013375-04:00,node-01,checkout-api,503,True,anomalous,market_aware_v1,80.154,59.795,334.822,28.116,1.492,155.631,32.51,4.103
029af154-f80e-4a54-a82e-c2a4ffc7140f,2026-04-19T16:14:43.039519-04:00,node-01,payments-api,500,True,anomalous,market_aware_v1,78.226,63.849,332.498,23.728,1.511,156.547,18.373,4.072
b3f4a9b0-aada-4f36-8da6-c3b9478314a4,2026-04-19T16:14:43.059366-04:00,node-01,orders-api,502,True,anomalous,market_aware_v1,81.223,59.002,298.636,31.355,1.426,154.281,59.542,3.863
2b7e1939-9756-49e0-a838-436e7ec0ecba,2026-04-19T16:14:43.083232-04:00,node-01,checkout-api,429,True,anomalous,market_aware_v1,81.484,58.74,320.106,30.46,1.536,155.213,31.913,4.055
6fba87f8-d087-4118-9d87-da69520fa14d,2026-04-19T16:14:43.104538-04:00,node-01,payments-api,502,True,anomalous,market_aware_v1,76.933,64.008,339.033,28.092,1.896,160.334,11.131,4.804
3eb594f7-5407-4ed9-bd32-9cf1fdbad971,2026-04-19T16:14:43.127002-04:00,node-01,orders-api,429,True,anomalous,market_aware_v1,80.71,55.271,301.251,30.503,1.295,152.188,55.812,3.768
1d8f5f1e-6282-4c01-a879-e19d8463dc98,2026-04-19T16:14:43.147916-04:00,node-01,checkout-api,429,True,anomalous,market_aware_v1,76.503,61.616,321.927,28.348,1.539,161.72,22.163,4.355
20943f4d-b5f8-46fb-96a9-a8f0a72e40ce,2026-04-19T16:14:43.170912-04:00,node-01,payments-api,502,True,anomalous,market_aware_v1,71.344,61.78,340.449,24.023,1.627,164.294,12.645,4.419
8c93bce5-ac7c-48e7-9d24-bf07f2118428,2026-04-19T16:14:43.200342-04:00,node-01,orders-api,429,True,anomalous,market_aware_v1,79.86,56.545,303.639,30.044,1.364,153.069,52.833,3.803
3a5b2b90-059c-4500-813d-f83dcf2f789d,2026-04-19T16:14:43.226790-04:00,node-01,checkout-api,503,True,anomalous,market_aware_v1,76.184,58.781,315.18,27.739,1.465,150.93,32.147,3.888
bbadccd4-71f6-40d8-9010-fc113662e310,2026-04-19T16:14:43.244807-04:00,node-01,payments-api,429,True,anomalous,market_aware_v1,74.045,57.647,333.866,22.564,1.368,162.006,11.21,4.112
9f13b9e6-6746-490c-9462-70a8e0160f9c,2026-04-19T16:14:43.266726-04:00,node-01,orders-api,500,True,anomalous,market_aware_v1,77.937,50.024,303.28,29.958,1.255,152.058,48.456,3.587
c8af89c6-f7b4-43ce-b6d6-d731efe164ea,2026-04-19T16:14:43.283409-04:00,node-01,checkout-api,502,True,anomalous,market_aware_v1,73.369,59.635,314.545,26.28,1.481,153.5,26.044,4.073
bac9933e-a439-49f8-baea-fac23b393af2,2026-04-19T16:14:43.303140-04:00,node-01,payments-api,429,True,anomalous,market_aware_v1,69.483,58.92,331.372,25.071,1.513,159.737,16.535,4.236
e2a933a1-baf7-4c65-a66c-af72814e1175,2026-04-19T16:14:43.324897-04:00,node-01,orders-api,429,True,anomalous,market_aware_v1,79.476,59.238,309.463,30.921,1.418,161.377,42.658,4.017
b2320496-1cfd-4be1-a61b-29e3314a69b4,2026-04-19T16:14:43.348222-04:00,node-01,checkout-api,429,True,anomalous,market_aware_v1,82.931,59.847,331.198,31.378,1.919,160.583,24.781,4.572
579cb312-3e9b-4bc3-93dc-43b63550a40e,2026-04-19T16:14:43.376613-04:00,node-01,payments-api,429,True,anomalous,market_aware_v1,71.211,62.011,338.622,26.57,1.516,161.588,14.281,4.338
84bce550-9c43-4b7f-8083-30a22018cbae,2026-04-19T16:14:43.401575-04:00,node-01,orders-api,500,True,anomalous,market_aware_v1,79.848,53.818,307.315,31.235,1.446,160.799,50.993,4.09
757e46fd-149d-46ee-9b4c-ebc3afde2e9b,2026-04-19T16:14:43.423852-04:00,node-01,checkout-api,502,True,anomalous,market_aware_v1,74.576,58.89,306.265,28.539,1.498,146.278,31.587,3.882
65874b47-bdf5-44e7-96e8-d6583b794b76,2026-04-19T16:14:43.444690-04:00,node-01,payments-api,503,True,anomalous,market_aware_v1,77.009,63.124,325.957,28.088,1.47,163.532,14.536,4.222
70a57d62-695e-4f8e-b07d-35fb1721e8d9,2026-04-19T16:14:43.467862-04:00,node-01,orders-api,502,True,anomalous,market_aware_v1,80.554,55.032,287.527,30.607,1.3,151.336,58.629,3.712
106be684-cf9e-43d9-a992-abf7f8b6abcc,2026-04-19T16:14:43.490383-04:00,node-01,checkout-api,503,True,anomalous,market_aware_v1,78.602,57.619,303.899,30.4,1.444,151.177,40.906,3.892
f1304b6f-f9dc-4843-993b-51aeb89ee194,2026-04-19T16:14:43.512098-04:00,node-01,payments-api,500,True,anomalous,market_aware_v1,75.702,63.565,336.966,28.614,1.467,162.154,18.04,4.319
8ea4c6a4-0afe-4d38-8af0-7f4f9e9821c7,2026-04-19T16:14:43.534012-04:00,node-01,orders-api,429,True,anomalous,market_aware_v1,84.045,60.738,320.908,30.423,1.451,161.741,52.873,4.128
6cce458d-6018-46e7-8727-bac44dd2fbe7,2026-04-19T16:14:43.564215-04:00,node-01,checkout-api,500,True,anomalous,market_aware_v1,78.225,64.055,324.591,30.658,1.514,151.422,36.583,4.133
3bbc1faa-e336-4232-a77d-192b5a57f8bf,2026-04-19T16:14:43.589333-04:00,node-01,payments-api,503,True,anomalous,market_aware_v1,78.194,66.043,335.562,27.891,1.604,163.373,24.327,4.412
74b31cca-f095-4999-8146-9c0f280e50f9,2026-04-19T16:14:43.611112-04:00,node-01,orders-api,429,True,anomalous,market_aware_v1,82.842,60.878,308.565,33.48,1.432,157.693,56.77,4.014
c2feca04-0d4d-4fb3-8672-5242f127e5ab,2026-04-19T16:14:43.632951-04:00,node-01,checkout-api,429,True,anomalous,market_aware_v1,83.006,64.081,314.22,30.827,1.466,153.439,40.171,4.11
43f16803-02d0-4220-a5ea-60a586e32dc6,2026-04-19T16:14:43.655093-04:00,node-01,payments-api,500,True,anomalous,market_aware_v1,80.491,67.188,337.369,26.23,1.507,153.748,25.83,4.079
b672caad-616b-490d-92b6-35740a435278,2026-04-19T16:14:43.676447-04:00,node-01,orders-api,500,True,anomalous,market_aware_v1,83.885,60.114,307.661,33.11,1.288,157.593,57.688,3.897
96b48511-0068-4160-96bc-20a30a02c7c0,2026-04-19T16:14:43.699057-04:00,node-01,checkout-api,503,True,anomalous,market_aware_v1,85.991,64.446,338.331,31.435,1.573,164.746,34.489,4.394
b05ef065-8498-41e9-af6a-638b82758d2a,2026-04-19T16:14:43.721274-04:00,node-01,payments-api,500,True,anomalous,market_aware_v1,77.822,70.229,320.075,31.064,1.462,153.246,25.226,3.953
d891c929-5d9e-4807-a626-f7369a0c36b5,2026-04-19T16:14:43.750996-04:00,node-01,orders-api,502,True,anomalous,market_aware_v1,84.244,58.952,305.086,32.415,1.34,154.474,58.856,3.979
39e2237b-4d0f-494f-abc7-30260c785274,2026-04-19T16:14:43.768930-04:00,node-01,checkout-api,500,True,anomalous,market_aware_v1,84.033,61.671,329.071,31.708,1.541,152.452,34.654,4.088
e3973822-3e4b-4a90-a81f-2c4652c53739,2026-04-19T16:14:43.795131-04:00,node-01,payments-api,502,True,anomalous,market_aware_v1,78.764,66.043,339.296,28.745,1.776,166.521,17.873,4.639
89668ebd-f771-4766-a098-b90dd2edfaf2,2026-04-19T16:14:43.819881-04:00,node-01,orders-api,503,True,anomalous,market_aware_v1,84.264,56.632,305.813,32.122,1.352,155.039,56.948,3.806
e12698dc-ae48-4f14-86ed-1ff027dc5196,2026-04-19T16:14:43.843329-04:00,node-01,checkout-api,503,True,anomalous,market_aware_v1,80.181,60.79,322.041,30.561,1.637,164.019,31.597,4.542
c1f11c19-42ee-43ed-9233-e6d330927336,2026-04-19T16:14:43.864358-04:00,node-01,payments-api,500,True,anomalous,market_aware_v1,73.66,61.719,335.507,26.15,1.528,162.693,20.989,4.265
dba336ed-8ff7-4901-b34c-1d0318653baf,2026-04-19T16:14:43.886928-04:00,node-01,orders-api,502,True,anomalous,market_aware_v1,80.644,57.351,309.55,32.313,1.348,159.526,52.168,3.849
56fbbe3e-6234-48e1-86d3-422d32c48ea5,2026-04-19T16:14:43.908489-04:00,node-01,checkout-api,503,True,anomalous,market_aware_v1,81.446,61.311,322.292,29.34,1.523,151.555,44.14,4.087
f1afbd5c-114d-48a5-9e36-4fd4a639fd1b,2026-04-19T16:14:43.938149-04:00,node-01,payments-api,502,True,anomalous,market_aware_v1,76.938,68.117,328.589,29.218,1.832,158.683,12.762,4.527
f6d7c276-4516-4819-9c8a-fe8afbb37621,2026-04-19T16:14:43.963097-04:00,node-01,orders-api,429,True,anomalous,market_aware_v1,81.419,57.777,305.236,32.797,1.242,148.571,49.879,3.629
b2203128-9c29-4656-ac20-d14c37e25c11,2026-04-19T16:14:43.984759-04:00,node-01,checkout-api,429,True,anomalous,market_aware_v1,75.547,62.533,320.365,28.124,1.462,154.91,29.5,3.947
f571b28b-9013-4d63-94f0-ade5328047eb,2026-04-19T16:14:44.007102-04:00,node-01,payments-api,429,True,anomalous,market_aware_v1,73.907,59.45,323.295,25.465,1.489,159.146,10.423,4.179
565ae06c-7800-4f99-93f1-56a5718868d3,2026-04-19T16:14:44.031076-04:00,node-01,orders-api,502,True,anomalous,market_aware_v1,79.822,57.931,318.726,30.905,1.507,157.296,49.98,4.316
1e70771c-bb68-4705-89b1-aba6ffe4f895,2026-04-19T16:14:44.053094-04:00,node-01,checkout-api,429,True,anomalous,market_aware_v1,69.29,59.703,300.201,27.022,1.494,148.809,23.617,3.994
ee0d05ba-c453-4e7f-b766-b0437aaf2854,2026-04-19T16:14:44.076235-04:00,node-01,payments-api,503,True,anomalous,market_aware_v1,71.237,57.944,326.689,26.344,1.43,158.016,8.014,3.97
63e3644f-f3dd-4ead-a7af-e494f1fe5ae8,2026-04-19T16:14:44.104453-04:00,node-01,orders-api,502,True,anomalous,market_aware_v1,79.782,53.14,315.561,27.478,1.452,160.166,51.41,4.161
bb7230d5-5d1f-4b28-a366-58ba99d244db,2026-04-19T16:14:44.131363-04:00,node-01,checkout-api,429,True,anomalous,market_aware_v1,72.336,55.277,316.932,29.303,1.519,152.697,22.823,4.047
458a35e6-a9ec-4af3-bcd2-b1230a8e8916,2026-04-19T16:14:44.159013-04:00,node-01,payments-api,503,True,anomalous,market_aware_v1,69.315,57.288,322.712,26.081,1.381,153.183,14.786,3.878
d9696b2d-b1a9-453a-a5f6-ec2c072bbe21,2026-04-19T16:14:44.187150-04:00,node-01,orders-api,429,True,anomalous,market_aware_v1,75.769,53.321,310.087,30.4,1.361,156.952,42.266,3.915
d0a105fd-b46c-4c8f-b5c1-1c31443d3045,2026-04-19T16:14:44.208618-04:00,node-01,checkout-api,429,True,anomalous,market_aware_v1,68.717,60.617,304.751,28.619,1.43,148.99,26.014,3.948
eed4942c-3ac9-4c41-9f35-bc1f7bc4ff14,2026-04-19T16:14:44.230234-04:00,node-01,payments-api,429,True,anomalous,market_aware_v1,71.894,60.334,340.104,24.607,1.703,163.327,14.626,4.775
f99edd7d-9599-4dde-bfc4-d40c5326c4a3,2026-04-19T16:14:44.258128-04:00,node-01,orders-api,502,True,anomalous,market_aware_v1,75.398,57.536,296.003,27.715,1.348,151.339,51.521,3.708
7b4f72b2-e840-4d5c-917e-5fef69f93453,2026-04-19T16:14:44.285939-04:00,node-01,checkout-api,502,True,anomalous,market_aware_v1,69.228,57.025,315.686,27.962,1.481,155.771,26.401,4.065
5ac77f54-ae05-4d5f-b269-ee62d66424b1,2026-04-19T16:14:44.307729-04:00,node-01,payments-api,429,True,anomalous,market_aware_v1,69.14,57.601,318.553,24.902,1.356,151.33,16.423,3.871
ba3c9ff8-fc9f-49db-8d37-98dd77f21a4a,2026-04-19T16:14:44.326137-04:00,node-01,orders-api,503,True,anomalous,market_aware_v1,75.468,55.435,297.129,27.854,1.334,146.439,52.541,3.706
918b35e3-2d5a-4e38-80b3-1b8bfd29fa3b,2026-04-19T16:14:44.379387-04:00,node-01,checkout-api,503,True,anomalous,market_aware_v1,78.306,62.269,315.474,28.483,1.56,159.551,27.88,4.264
c7f23b54-8e50-4609-b173-0dbe1d224593,2026-04-19T16:14:44.405973-04:00,node-01,payments-api,500,True,anomalous,market_aware_v1,71.326,60.403,320.794,26.525,1.467,155.455,19.327,4.131
d6d2a624-ef1f-4ad9-9d30-e54893307cc2,2026-04-19T16:14:44.425970-04:00,node-01,orders-api,500,True,anomalous,market_aware_v1,83.095,56.474,320.313,30.983,1.835,170.255,39.19,4.82
0a2b995c-17b9-4693-a9ee-390705e0e08c,2026-04-19T16:14:44.447433-04:00,node-01,checkout-api,429,True,anomalous,market_aware_v1,76.101,57.333,327.662,29.68,1.636,160.954,22.718,4.336
e99ea442-32be-488a-93ed-79f36df754ae,2026-04-19T16:14:44.472490-04:00,node-01,payments-api,502,True,anomalous,market_aware_v1,74.365,61.214,340.137,25.756,1.492,163.31,15.413,4.152
dea43040-018c-4cf4-bc64-bfb476d90538,2026-04-19T16:14:44.495524-04:00,node-01,orders-api,429,True,anomalous,market_aware_v1,84.1,58.839,302.059,33.0,1.536,147.094,53.052,4.131
9fb9376e-72c6-4869-8110-804c8cf96663,2026-04-19T16:14:44.523740-04:00,node-01,checkout-api,429,True,anomalous,market_aware_v1,81.212,62.915,319.428,30.76,1.427,151.878,30.361,4.001
ae9a089d-6f04-4e70-b43f-856126e89c26,2026-04-19T16:14:44.549671-04:00,node-01,payments-api,503,True,anomalous,market_aware_v1,77.204,65.255,339.341,25.488,1.538,165.044,21.136,4.376
bfe42540-b496-4384-b9bf-564e8c7a982e,2026-04-19T16:14:44.569601-04:00,node-01,orders-api,503,True,anomalous,market_aware_v1,85.865,56.109,316.648,32.399,1.344,164.0,57.805,4.069
cb5e4dc6-01bf-4e06-b051-164884466c5e,2026-04-19T16:14:44.600828-04:00,node-01,checkout-api,429,True,anomalous,market_aware_v1,83.52,61.44,331.015,31.25,1.476,159.146,31.178,4.24
2c8dd178-faa8-4f80-bd27-2d41f30e263d,2026-04-19T16:14:44.639193-04:00,node-01,payments-api,502,True,anomalous,market_aware_v1,75.474,63.408,332.396,27.744,1.495,158.523,17.547,4.248
fdb3ae5b-9987-458e-b2a0-fd494e09a14e,2026-04-19T16:14:44.666944-04:00,node-01,orders-api,429,True,anomalous,market_aware_v1,82.92,58.588,307.925,30.706,1.373,155.276,54.439,3.934
9030329e-5063-4578-ba19-08ec0e6cbaee,2026-04-19T16:14:44.695752-04:00,node-01,checkout-api,500,True,anomalous,market_aware_v1,84.177,62.518,328.309,30.624,1.679,166.023,32.384,4.511
ba71e7b0-0b7b-4eec-a904-1dbf1435057b,2026-04-19T16:14:44.721827-04:00,node-01,payments-api,502,True,anomalous,market_aware_v1,77.124,63.535,349.069,27.666,1.68,165.296,18.975,4.591
c6e1d8d9-addd-417e-ae1c-0e793bd31b42,2026-04-19T16:14:44.749715-04:00,node-01,orders-api,502,True,anomalous,market_aware_v1,82.001,55.51,295.186,31.285,1.248,146.795,55.789,3.58
bb65f464-e153-49a6-8dd2-42025a5faf0c,2026-04-19T16:14:44.780934-04:00,node-01,checkout-api,500,True,anomalous,market_aware_v1,76.631,60.506,312.298,31.274,1.504,151.929,33.465,4.069
ec894c50-ae36-47dc-a135-87473d4c74db,2026-04-19T16:14:44.810173-04:00,node-01,payments-api,500,True,anomalous,market_aware_v1,76.883,61.341,330.727,25.979,1.401,157.291,24.206,4.213
7d4d249f-b6f8-4e15-a8c9-1a4ecf53c30d,2026-04-19T16:14:44.848963-04:00,node-01,orders-api,502,True,anomalous,market_aware_v1,82.537,56.472,301.894,33.385,1.387,155.873,56.06,3.868
b9f41ddb-50ef-49ab-a751-7eca28ae46d3,2026-04-19T16:14:44.871020-04:00,node-01,checkout-api,429,True,anomalous,market_aware_v1,83.501,61.773,328.527,28.863,1.569,156.002,33.284,4.165
963f017b-a181-453c-9bae-3ebc0c58ce5e,2026-04-19T16:14:44.895590-04:00,node-01,payments-api,502,True,anomalous,market_aware_v1,78.154,64.309,327.345,24.349,1.539,160.388,18.282,4.154
3990a52b-8211-497f-beaa-bb5d502a01c3,2026-04-19T16:14:44.919682-04:00,node-01,orders-api,500,True,anomalous,market_aware_v1,77.414,59.347,296.443,30.533,1.278,153.379,55.944,3.744
4349a5f1-e40a-4fc7-b69e-a5a58a1594d8,2026-04-19T16:14:44.942114-04:00,node-01,checkout-api,502,True,anomalous,market_aware_v1,79.243,60.599,323.106,29.593,1.525,155.287,28.793,4.168
5ef8a66c-3257-4bf2-bc44-80c57d0b9ebd,2026-04-19T16:14:44.969405-04:00,node-01,payments-api,503,True,anomalous,market_aware_v1,69.126,63.351,331.431,25.699,1.464,156.126,22.841,4.103
0e56baed-caba-4fe6-8e73-725a7301649c,2026-04-19T16:14:44.997324-04:00,node-01,orders-api,429,True,anomalous,market_aware_v1,82.028,53.208,313.171,27.665,1.286,155.459,55.627,3.792
c3878dfa-67b8-4e5c-b082-c292b692cc0c,2026-04-19T16:14:45.024796-04:00,node-01,checkout-api,503,True,anomalous,market_aware_v1,77.392,57.015,319.01,26.817,1.59,158.025,30.827,4.343
c1dde338-a68f-4bd7-86ed-82ac0cb49fb3,2026-04-19T16:14:45.045532-04:00,node-01,payments-api,502,True,anomalous,market_aware_v1,69.282,61.234,331.989,23.964,1.519,160.558,16.407,4.237
a5cc6742-3cd7-45e1-b414-01353a62b59d,2026-04-19T16:14:45.068020-04:00,node-01,orders-api,503,True,anomalous,market_aware_v1,80.287,54.985,301.413,33.854,1.274,150.627,51.221,3.767
5bd340e1-97c2-48cd-bcbd-fd7893c6ae36,2026-04-19T16:14:45.090145-04:00,node-01,checkout-api,500,True,anomalous,market_aware_v1,78.939,62.153,333.534,27.233,1.593,162.113,27.206,4.499
f346f41b-74c6-4e9f-aac6-e29c71850ac6,2026-04-19T16:14:45.113362-04:00,node-01,payments-api,429,True,anomalous,market_aware_v1,72.528,59.222,359.053,25.755,1.83,176.307,5.338,5.198
1172ecff-9db2-436b-864f-434ec93ecbc9,2026-04-19T16:14:45.132240-04:00,node-01,orders-api,429,True,anomalous,market_aware_v1,79.356,51.934,303.289,29.598,1.358,152.891,50.414,3.798
d9e2ec9f-437d-49e1-9c2c-8d5db0ba4034,2026-04-19T16:14:45.156187-04:00,node-01,checkout-api,429,True,anomalous,market_aware_v1,75.596,61.58,309.528,28.102,1.457,150.189,30.84,3.914
4623faeb-7571-44af-b32f-ff5e050ecabd,2026-04-19T16:14:45.178532-04:00,node-01,payments-api,503,True,anomalous,market_aware_v1,75.31,61.67,327.905,27.216,1.78,159.155,10.131,4.56
ccc41aff-19e5-46f5-8f88-ec6e3e3a8475,2026-04-19T16:14:45.199595-04:00,node-01,orders-api,500,True,anomalous,market_aware_v1,78.576,59.235,310.625,28.836,1.398,159.749,52.256,3.986
dcc21acf-18d2-4c07-9da0-cad54034866a,2026-04-19T16:14:45.228773-04:00,node-01,checkout-api,500,True,anomalous,market_aware_v1,80.052,60.005,331.747,27.816,1.542,158.895,23.272,4.273
945fa27d-1462-498e-a7c8-0c895b7f7c1f,2026-04-19T16:14:45.256359-04:00,node-01,payments-api,500,True,anomalous,market_aware_v1,74.935,63.477,320.625,23.497,1.577,161.249,11.161,4.332
76ab9b06-2730-48c7-af23-5c0a49233969,2026-04-19T16:14:45.275279-04:00,node-01,orders-api,429,True,anomalous,market_aware_v1,82.51,58.016,296.184,30.034,1.386,151.617,52.661,3.728
3d874e83-b30c-421a-9bdb-57a1971f800c,2026-04-19T16:14:45.298747-04:00,node-01,checkout-api,500,True,anomalous,market_aware_v1,79.884,59.973,318.22,29.454,1.541,153.108,31.4,4.192
816e67db-1b70-4371-b82a-4f3755fdf929,2026-04-19T16:14:45.321048-04:00,node-01,payments-api,502,True,anomalous,market_aware_v1,72.457,61.093,329.02,26.262,1.444,152.562,18.626,4.027
2082d3ee-c10e-4fd8-b9fb-923578069b95,2026-04-19T16:14:45.342705-04:00,node-01,orders-api,500,True,anomalous,market_aware_v1,82.068,58.455,297.985,29.079,1.386,158.082,48.375,3.927
c82cd03c-a2f8-4f18-9875-2877a724e71f,2026-04-19T16:14:45.364727-04:00,node-01,checkout-api,503,True,anomalous,market_aware_v1,85.005,62.122,344.621,29.259,1.904,159.513,26.451,4.667
f5737ff1-af53-4c3b-b54d-82fa4466512a,2026-04-19T16:14:45.387507-04:00,node-01,payments-api,429,True,anomalous,market_aware_v1,73.604,65.842,329.945,24.216,1.52,159.653,24.204,4.292
b3621221-4f32-4cbd-b89b-8037cc65e247,2026-04-19T16:14:45.416730-04:00,node-01,orders-api,429,True,anomalous,market_aware_v1,87.015,58.258,339.126,31.809,1.491,166.947,53.136,4.41
d7b59d90-bd98-4e21-99f2-4de02732af6b,2026-04-19T16:14:45.442819-04:00,node-01,checkout-api,502,True,anomalous,market_aware_v1,80.088,59.181,328.698,30.681,1.506,155.51,31.46,4.172
f51f1a48-0b14-40b8-95bd-017870d10799,2026-04-19T16:14:45.461045-04:00,node-01,payments-api,503,True,anomalous,market_aware_v1,75.187,64.178,342.018,27.801,1.572,162.206,21.358,4.336
535428cd-201f-4896-a284-a5fbac31f419,2026-04-19T16:14:45.478964-04:00,node-01,orders-api,502,True,anomalous,market_aware_v1,90.195,60.646,328.124,31.935,1.637,165.051,59.459,4.665
0280abed-0474-40e6-828a-e3f6367e4015,2026-04-19T16:14:45.497758-04:00,node-01,checkout-api,500,True,anomalous,market_aware_v1,82.327,60.48,325.359,30.039,1.527,156.032,35.504,4.206
032863a3-e516-4b88-b2cd-26c37df103af,2026-04-19T16:14:45.520552-04:00,node-01,payments-api,429,True,anomalous,market_aware_v1,79.121,63.187,343.083,29.249,1.61,167.539,21.858,4.36
b73195e3-27e2-421c-889d-d0158e371207,2026-04-19T16:14:45.544373-04:00,node-01,orders-api,500,True,anomalous,market_aware_v1,85.723,63.162,306.121,34.084,1.377,157.933,55.261,3.88
e15e9a13-374d-4a17-9275-095b1f5ff63f,2026-04-19T16:14:45.566341-04:00,node-01,checkout-api,429,True,anomalous,market_aware_v1,86.034,61.101,336.852,32.498,1.602,162.497,29.14,4.389
98373661-481c-48ad-9a1a-2a1c8ba33c0d,2026-04-19T16:14:45.593522-04:00,node-01,payments-api,500,True,anomalous,market_aware_v1,81.476,67.061,347.181,27.002,1.528,164.931,20.204,4.335
20f1d7ab-949e-48c0-94bc-05d25520fafc,2026-04-19T16:14:45.619886-04:00,node-01,orders-api,429,True,anomalous,market_aware_v1,88.271,61.48,314.702,32.814,1.437,158.461,65.617,4.085
a2cb9cab-4e9b-4fd5-9815-d648ce1305fa,2026-04-19T16:14:45.641925-04:00,node-01,checkout-api,503,True,anomalous,market_aware_v1,82.609,61.381,318.482,32.03,1.458,154.666,36.62,4.057
84808770-dfc7-4a54-97dd-1c246a90218a,2026-04-19T16:14:45.663036-04:00,node-01,payments-api,500,True,anomalous,market_aware_v1,80.939,68.993,339.895,27.004,1.473,160.81,23.898,4.215
97a0158a-8a21-4dff-bf47-444daf71c2e9,2026-04-19T16:14:45.685996-04:00,node-01,orders-api,429,True,anomalous,market_aware_v1,82.805,61.111,311.089,32.126,1.377,155.278,58.243,3.999
299ec6d1-0df0-43c3-b684-7b3a9a577e9a,2026-04-19T16:14:45.709162-04:00,node-01,checkout-api,500,True,anomalous,market_aware_v1,84.151,61.365,329.245,30.676,1.529,156.662,32.209,4.151
bc51c84c-d971-4bfd-8f32-0b04d50b5c58,2026-04-19T16:14:45.730923-04:00,node-01,payments-api,502,True,anomalous,market_aware_v1,84.219,67.839,349.587,29.705,1.884,167.767,8.576,4.866
7d3c502e-8328-43ea-8b25-7b20bd0c174a,2026-04-19T16:14:45.759480-04:00,node-01,orders-api,502,True,anomalous,market_aware_v1,80.884,61.484,302.227,32.559,1.339,152.508,56.063,3.88
a075e839-fd10-47c2-a28d-4ad85b25a4b6,2026-04-19T16:14:45.788119-04:00,node-01,checkout-api,429,True,anomalous,market_aware_v1,81.998,60.03,345.568,26.568,1.71,167.355,31.007,4.555
3dd35dde-d6d5-4bd0-a0ed-7cfb8bf0e26e,2026-04-19T16:14:45.814833-04:00,node-01,payments-api,503,True,anomalous,market_aware_v1,76.297,65.345,340.749,26.453,1.57,167.554,13.499,4.417
1a992d82-64ea-42f0-a8cd-e0543d6bf687,2026-04-19T16:14:45.843696-04:00,node-01,orders-api,429,True,anomalous,market_aware_v1,81.726,59.193,311.615,29.169,1.346,155.945,49.462,3.84
aeb4f20d-73f0-4720-9fc3-6b224adb33b8,2026-04-19T16:14:45.869855-04:00,node-01,checkout-api,429,True,anomalous,market_aware_v1,85.317,64.197,370.056,29.496,1.858,167.505,19.639,5.028
89e84482-794e-4b89-8ffd-7cf55444f659,2026-04-19T16:14:45.896707-04:00,node-01,payments-api,500,True,anomalous,market_aware_v1,74.368,65.073,330.136,26.652,1.495,162.981,10.505,4.162
758ac38e-0da2-4c65-9db5-1426cbbfe430,2026-04-19T16:14:45.920641-04:00,node-01,orders-api,502,True,anomalous,market_aware_v1,72.693,54.495,303.033,29.587,1.349,155.413,45.57,3.921
4a8e1a11-ebba-4005-bf31-9857cd253545,2026-04-19T16:14:45.941283-04:00,node-01,checkout-api,429,True,anomalous,market_aware_v1,80.425,58.317,329.374,26.894,1.619,163.188,26.738,4.42
c5d98260-08cb-47af-97dd-fef6d87ffa0d,2026-04-19T16:14:45.964571-04:00,node-01,payments-api,429,True,anomalous,market_aware_v1,69.595,62.599,338.87,23.885,1.524,161.849,12.213,4.091
c1e2264e-17d0-495e-9d04-8ccb519d0777,2026-04-19T16:14:45.996964-04:00,node-01,orders-api,500,True,anomalous,market_aware_v1,78.631,54.538,304.746,30.617,1.676,159.846,41.158,4.392
cb180584-df7e-4aed-8940-b5eac035aff3,2026-04-19T16:14:46.019390-04:00,node-01,checkout-api,503,True,anomalous,market_aware_v1,73.879,60.344,308.432,26.812,1.456,150.608,27.639,3.914
fe8f8865-0888-4e0f-9f04-91d28e06eb62,2026-04-19T16:14:46.038532-04:00,node-01,payments-api,502,True,anomalous,market_aware_v1,70.847,56.963,316.482,24.263,1.537,157.159,10.579,4.192
d930452e-d106-4651-80a5-8ab39bb2d45a,2026-04-19T16:14:46.060647-04:00,node-01,orders-api,429,True,anomalous,market_aware_v1,76.624,53.989,315.343,31.722,1.641,158.945,42.257,4.323
776dbc43-7e6e-44e5-885a-d09ae760cb0c,2026-04-19T16:14:46.087138-04:00,node-01,checkout-api,500,True,anomalous,market_aware_v1,82.361,55.006,344.156,29.097,1.939,168.994,8.185,4.953
40bc8753-c083-4ace-a333-52bca9c7eb39,2026-04-19T16:14:46.113019-04:00,node-01,payments-api,502,True,anomalous,market_aware_v1,71.731,56.651,330.456,24.567,1.426,154.727,7.235,4.109
5b56dc86-3b96-4394-89cd-870dd65fd212,2026-04-19T16:14:46.142454-04:00,node-01,orders-api,503,True,anomalous,market_aware_v1,74.902,54.078,319.291,31.448,1.641,166.035,45.893,4.491
4e3eee4b-c6c6-4010-be09-3d118f97a13f,2026-04-19T16:14:46.168266-04:00,node-01,checkout-api,429,True,anomalous,market_aware_v1,71.878,56.812,320.393,28.029,1.559,158.578,25.902,4.304
6f69034a-a13c-499b-b4b5-c5e73b4fdb66,2026-04-19T16:14:46.196595-04:00,node-01,payments-api,500,True,anomalous,market_aware_v1,69.026,57.969,332.641,24.179,1.455,158.874,10.729,4.215
ccb04fa8-6a1f-4d19-beca-868f0093e76a,2026-04-19T16:14:46.223779-04:00,node-01,orders-api,500,True,anomalous,market_aware_v1,77.523,54.119,306.184,29.719,1.358,157.812,40.528,3.958
d30fcd1e-5d68-4e39-af79-ffdb2ccfa935,2026-04-19T16:14:46.253062-04:00,node-01,checkout-api,429,True,anomalous,market_aware_v1,72.156,57.952,306.506,28.242,1.429,141.733,33.707,3.835
aecf7252-c3f3-4623-b495-39995e37d7e6,2026-04-19T16:14:46.279272-04:00,node-01,payments-api,502,True,anomalous,market_aware_v1,77.4,63.156,337.063,26.865,1.896,160.738,7.497,4.791
66b6e776-2809-4308-99f7-779417e7fa8a,2026-04-19T16:14:46.306431-04:00,node-01,orders-api,502,True,anomalous,market_aware_v1,75.262,54.938,301.811,31.279,1.266,151.815,42.973,3.666
a4757065-8ed9-4324-8df7-2c2378a83181,2026-04-19T16:14:46.334535-04:00,node-01,checkout-api,500,True,anomalous,market_aware_v1,75.441,60.13,314.12,28.883,1.56,154.037,27.399,4.079
e579797e-8618-409e-b536-7c94da797e87,2026-04-19T16:14:46.363748-04:00,node-01,payments-api,500,True,anomalous,market_aware_v1,74.772,65.711,338.883,27.697,1.542,162.712,13.721,4.374
d2c173a4-9843-4051-a924-082cd8c4a9a8,2026-04-19T16:14:46.384899-04:00,node-01,orders-api,500,True,anomalous,market_aware_v1,81.156,57.112,310.502,31.818,1.369,157.657,51.938,4.022
21d112f8-3945-47c5-ba88-4f941600b560,2026-04-19T16:14:46.412215-04:00,node-01,checkout-api,429,True,anomalous,market_aware_v1,79.527,57.589,323.916,30.466,1.6,161.685,27.973,4.371
c451ec04-e796-4bb9-b896-39e5d2bae560,2026-04-19T16:14:46.443235-04:00,node-01,payments-api,503,True,anomalous,market_aware_v1,75.77,63.778,339.595,25.529,1.413,155.606,17.878,4.082
c9c55a31-608a-4c68-9f83-05b868a3653c,2026-04-19T16:14:46.470471-04:00,node-01,orders-api,502,True,anomalous,market_aware_v1,81.939,56.109,318.216,30.873,1.391,161.115,58.739,4.11
043003bb-3fb7-4c24-b657-8e0a0e049e4c,2026-04-19T16:14:46.500293-04:00,node-01,checkout-api,502,True,anomalous,market_aware_v1,77.942,61.221,316.303,28.899,1.52,156.006,32.371,4.13
d3a3517d-78ee-49a6-9683-29ee6fc1ca85,2026-04-19T16:14:46.528924-04:00,node-01,payments-api,502,True,anomalous,market_aware_v1,78.128,69.206,347.727,26.481,1.482,164.485,20.74,4.261
28ce2359-a040-46e3-9c53-0f238420ff9a,2026-04-19T16:14:46.555650-04:00,node-01,orders-api,500,True,anomalous,market_aware_v1,82.28,56.295,315.785,32.194,1.353,159.934,53.323,3.925
8963d2ee-4f26-4aa5-8f13-42fecb77d7b0,2026-04-19T16:14:46.585416-04:00,node-01,checkout-api,503,True,anomalous,market_aware_v1,82.854,63.197,339.79,28.76,1.535,162.767,33.818,4.365
58d685c2-250d-4b0d-bc64-2580f2b08075,2026-04-19T16:14:46.610463-04:00,node-01,payments-api,503,True,anomalous,market_aware_v1,76.273,65.083,332.15,28.667,1.547,162.598,22.793,4.305
78d8c50b-95ec-42cf-bb8b-1e8b85b5d0e6,2026-04-19T16:14:46.634279-04:00,node-01,orders-api,503,True,anomalous,market_aware_v1,84.032,63.071,309.69,34.063,1.347,162.394,53.934,4.025
1214da53-555f-4e22-9195-e7d1b4578617,2026-04-19T16:14:46.655742-04:00,node-01,checkout-api,429,True,anomalous,market_aware_v1,79.157,64.462,317.902,30.03,1.506,159.013,32.04,4.139
8b211d8e-58cf-4040-80d7-1a0a096191a7,2026-04-19T16:14:46.683072-04:00,node-01,payments-api,503,True,anomalous,market_aware_v1,77.281,59.205,341.237,27.277,1.621,170.289,13.399,4.638
9f58d72f-3872-4ae7-9a76-deacdbad72d8,2026-04-19T16:14:46.707106-04:00,node-01,orders-api,502,True,anomalous,market_aware_v1,90.011,60.108,333.886,32.787,1.412,167.702,55.062,4.326
27f41a86-9cc6-48fc-8075-ae6f13742db9,2026-04-19T16:14:46.764107-04:00,node-01,checkout-api,503,True,anomalous,market_aware_v1,79.078,61.656,327.331,28.796,1.674,163.077,31.584,4.535
8e7ebb42-3b90-431f-8876-926aa12ae62d,2026-04-19T16:14:46.820660-04:00,node-01,payments-api,502,True,anomalous,market_aware_v1,76.3,65.343,344.757,26.038,1.428,164.371,13.182,4.388
903e8081-99af-4afd-a352-5d6287c4339d,2026-04-19T16:14:46.842824-04:00,node-01,orders-api,429,True,anomalous,market_aware_v1,79.173,58.07,310.487,30.467,1.425,157.639,51.762,3.962
4cea13cb-78e1-4aa0-b6db-b6511fde0678,2026-04-19T16:14:46.885358-04:00,node-01,checkout-api,429,True,anomalous,market_aware_v1,78.292,60.585,322.837,29.5,1.571,159.156,30.14,4.274
f9cecc27-38f9-4778-b23e-6942a2fea6ea,2026-04-19T16:14:46.909973-04:00,node-01,payments-api,500,True,anomalous,market_aware_v1,73.102,63.472,337.318,25.599,1.498,159.414,11.268,4.308
e6678bc2-49ea-4525-a492-bc1a97d73983,2026-04-19T16:14:46.937023-04:00,node-01,orders-api,503,True,anomalous,market_aware_v1,85.42,55.507,306.815,28.619,1.29,150.545,51.944,3.832
ba46dac6-b22f-4925-8df5-75c2b1480ac8,2026-04-19T16:14:46.961077-04:00,node-01,checkout-api,502,True,anomalous,market_aware_v1,82.958,63.569,333.155,28.856,1.904,159.121,25.305,4.731
9dec2743-b5dc-4fc8-ac31-caf12ab1da61,2026-04-19T16:14:47.010084-04:00,node-01,payments-api,500,True,anomalous,market_aware_v1,76.21,64.624,330.837,28.017,1.488,160.84,11.166,4.153
9816eb0b-d643-4d0b-9ccb-831db7d28400,2026-04-19T16:14:47.119085-04:00,node-01,orders-api,500,True,anomalous,market_aware_v1,78.266,55.289,299.179,29.867,1.45,156.533,52.972,3.92
199a8496-6b48-4e21-b0f7-64a9ef14fa75,2026-04-19T16:14:47.164219-04:00,node-01,checkout-api,503,True,anomalous,market_aware_v1,76.345,59.265,328.183,26.602,1.448,158.88,21.752,4.14
3ce726a0-ef89-4e82-b77b-6e5eb43e6247,2026-04-19T16:14:47.197949-04:00,node-01,payments-api,500,True,anomalous,market_aware_v1,79.564,66.201,352.036,27.779,1.884,167.193,8.276,4.833
0adee2c6-d6aa-4b28-acde-dfdbf7baca33,2026-04-19T16:14:47.260596-04:00,node-01,orders-api,503,True,anomalous,market_aware_v1,78.653,58.246,300.8,30.498,1.288,155.707,44.764,3.784
fffa96f1-fff0-4cea-a4f5-6545a3a01541,2026-04-19T16:14:47.309581-04:00,node-01,checkout-api,503,True,anomalous,market_aware_v1,79.536,57.886,330.126,28.726,1.508,158.081,22.701,4.165
d48a3048-029e-4507-94e1-d938823f3e25,2026-04-19T16:14:47.365090-04:00,node-01,payments-api,502,True,anomalous,market_aware_v1,75.66,63.541,336.519,24.363,1.561,159.815,19.531,4.271
79423733-d6fa-41d7-8053-97d64b03d014,2026-04-19T16:14:47.413792-04:00,node-01,orders-api,429,True,anomalous,market_aware_v1,82.979,57.516,320.908,30.495,1.401,162.246,43.886,3.998
36e1f29a-a084-4c97-a299-cef5598e3d52,2026-04-19T16:14:47.441473-04:00,node-01,checkout-api,503,True,anomalous,market_aware_v1,78.366,58.27,325.966,24.284,1.554,162.854,28.616,4.351
06cf7daf-b1bd-4b41-addf-ea7280a66adf,2026-04-19T16:14:47.475661-04:00,node-01,payments-api,503,True,anomalous,market_aware_v1,75.344,65.212,326.396,27.388,1.533,158.235,14.815,4.187
f25c6bbc-b22b-4c38-8895-41207b383c7a,2026-04-19T16:14:47.510939-04:00,node-01,orders-api,500,True,anomalous,market_aware_v1,77.016,54.593,296.027,31.314,1.228,149.659,53.978,3.484
67c6a092-5ecd-4fbc-89af-9f1da03db119,2026-04-19T16:14:47.537591-04:00,node-01,checkout-api,429,True,anomalous,market_aware_v1,76.885,58.507,327.179,26.705,1.562,158.993,29.869,4.235
c4e902c3-a7da-41a6-99b4-54bd0c26a6b9,2026-04-19T16:14:47.590035-04:00,node-01,payments-api,503,True,anomalous,market_aware_v1,77.05,64.579,340.675,25.084,1.457,160.957,18.06,4.084
df796c05-612b-4747-9b7d-3864581ffc50,2026-04-19T16:14:47.626719-04:00,node-01,orders-api,429,True,anomalous,market_aware_v1,82.756,62.132,332.401,32.903,1.781,166.753,43.706,4.607
94bf03ea-b9f6-4ae8-af0d-9cadb641fdab,2026-04-19T16:14:47.656403-04:00,node-01,checkout-api,429,True,anomalous,market_aware_v1,80.143,61.256,329.782,27.848,1.611,167.172,21.81,4.478
b04d8121-c8c5-4a88-ba35-9ed5305df3e3,2026-04-19T16:14:47.695168-04:00,node-01,payments-api,502,True,anomalous,market_aware_v1,72.276,62.041,341.708,27.601,1.465,163.176,22.213,4.244
8e0f109b-a4df-411e-92b0-c485d2f5e702,2026-04-19T16:14:47.731263-04:00,node-01,orders-api,429,True,anomalous,market_aware_v1,86.576,60.578,336.83,35.552,1.796,166.408,51.222,4.611
f93c7462-9d34-45d5-ace4-898604e0971e,2026-04-19T16:14:47.771935-04:00,node-01,checkout-api,502,True,anomalous,market_aware_v1,86.015,60.923,335.033,32.651,1.529,158.317,33.866,4.138
d949fb8c-4b45-45b8-a755-ddf7d235f09e,2026-04-19T16:14:47.802630-04:00,node-01,payments-api,500,True,anomalous,market_aware_v1,80.635,66.106,357.341,26.544,1.795,174.34,19.84,5.094
09f6b9d4-7bea-4117-9112-31f673fa2d77,2026-04-19T16:14:47.829208-04:00,node-01,orders-api,503,True,anomalous,market_aware_v1,86.278,59.952,302.27,33.019,1.326,157.153,62.408,3.973
cd60594e-fb04-42ad-8724-603f504c6e3e,2026-04-19T16:14:47.858512-04:00,node-01,checkout-api,429,True,anomalous,market_aware_v1,85.996,65.053,345.587,30.962,1.702,168.893,39.093,4.669
15cdf607-f3ca-4588-ade1-ae2c0cd951f6,2026-04-19T16:14:47.887760-04:00,node-01,payments-api,500,True,anomalous,market_aware_v1,78.105,67.778,350.1,27.394,1.676,169.298,24.475,4.709
ca3eab2d-3345-4242-98b9-0d4ddc6b6f76,2026-04-19T16:14:47.913580-04:00,node-01,orders-api,500,True,anomalous,market_aware_v1,86.839,59.805,312.276,31.377,1.329,159.469,62.871,3.968
69bf6427-2397-4e57-9abc-43a6d9738137,2026-04-19T16:14:47.939963-04:00,node-01,checkout-api,502,True,anomalous,market_aware_v1,82.893,64.825,325.874,29.858,1.538,159.973,34.9,4.15
d6dd6ff8-0ac4-44b1-a1e7-7638e118a58a,2026-04-19T16:14:47.969634-04:00,node-01,payments-api,429,True,anomalous,market_aware_v1,80.255,67.512,348.181,28.287,1.469,161.982,22.801,4.206
7d8de272-0ec8-430d-bdab-17c159c65e56,2026-04-19T16:14:47.996563-04:00,node-01,orders-api,500,True,anomalous,market_aware_v1,86.162,59.352,325.498,28.687,1.462,166.837,55.901,4.395
ffbf1960-10cd-48ae-8633-19d43eb33c78,2026-04-19T16:14:48.024534-04:00,node-01,checkout-api,503,True,anomalous,market_aware_v1,86.86,66.092,336.322,29.963,1.553,162.075,34.362,4.4
d1540513-e286-4183-818f-f3de646e376b,2026-04-19T16:14:48.050923-04:00,node-01,payments-api,503,True,anomalous,market_aware_v1,80.928,64.997,336.767,26.307,1.488,162.173,22.727,4.26
bad25fce-34f3-4188-ba40-56dc2d70abd5,2026-04-19T16:14:48.079821-04:00,node-01,orders-api,429,True,anomalous,market_aware_v1,87.378,59.299,307.857,31.104,1.384,157.049,59.619,3.976
80b13b82-15d6-49f7-abe5-7772372b742d,2026-04-19T16:14:48.106154-04:00,node-01,checkout-api,503,True,anomalous,market_aware_v1,82.247,63.894,323.012,29.423,1.551,158.766,33.153,4.261
331d3336-bb77-43dd-8d58-ddf0667436fe,2026-04-19T16:14:48.137250-04:00,node-01,payments-api,503,True,anomalous,market_aware_v1,82.384,63.943,339.914,28.348,1.583,165.55,22.973,4.39
ff2e2b6c-fedc-4a82-8026-7b5c9a1ae60a,2026-04-19T16:14:48.161899-04:00,node-01,orders-api,500,True,anomalous,market_aware_v1,83.59,56.924,323.773,30.282,1.452,164.744,50.802,4.158
f0da795d-0027-417e-969d-8fbdaa050923,2026-04-19T16:14:48.190395-04:00,node-01,checkout-api,500,True,anomalous,market_aware_v1,84.416,67.215,345.197,32.873,1.898,165.367,22.215,4.8
8f2c2750-4a2f-45c7-b2e9-a644cd5c81b7,2026-04-19T16:14:48.217333-04:00,node-01,payments-api,429,True,anomalous,market_aware_v1,81.342,61.718,339.619,26.516,1.622,166.144,22.428,4.701
83af69fb-6241-471b-a72c-029a9ca3bf00,2026-04-19T16:14:48.241975-04:00,node-01,orders-api,502,True,anomalous,market_aware_v1,80.929,55.302,313.698,29.883,1.357,161.392,50.533,4.129
721b29e6-7603-49a2-a72c-f0ffd81aa374,2026-04-19T16:14:48.295443-04:00,node-01,checkout-api,503,True,anomalous,market_aware_v1,80.907,56.625,334.606,29.247,1.564,159.737,21.354,4.277
7330a99e-ece7-4440-ab54-4987af0e4c20,2026-04-19T16:14:48.326094-04:00,node-01,payments-api,500,True,anomalous,market_aware_v1,72.749,59.49,327.631,26.295,1.507,162.277,13.128,4.143
ff5e3497-9008-4ce2-8fd4-00f46b158df9,2026-04-19T16:14:48.350562-04:00,node-01,orders-api,429,True,anomalous,market_aware_v1,85.284,55.031,318.318,29.888,1.398,163.724,39.697,4.067
26f48636-38b4-4b47-9bc3-d0b310144838,2026-04-19T16:14:48.415202-04:00,node-01,checkout-api,429,True,anomalous,market_aware_v1,76.504,58.389,329.515,29.514,1.837,160.091,22.74,4.662
2a8e42d9-3382-4ca4-9724-71381238a53c,2026-04-19T16:14:48.444980-04:00,node-01,payments-api,503,True,anomalous,market_aware_v1,70.478,62.021,319.887,24.221,1.425,154.929,14.824,4.112
6b9b29ef-2df4-495b-8ae6-7e44be365685,2026-04-19T16:14:48.472331-04:00,node-01,orders-api,500,True,anomalous,market_aware_v1,77.188,56.754,307.921,29.622,1.396,156.604,44.311,4.023
964995c2-ef3d-466a-8ff9-963dafa69e22,2026-04-19T16:14:48.505392-04:00,node-01,checkout-api,503,True,anomalous,market_aware_v1,78.076,58.176,324.344,27.138,1.526,157.565,26.687,4.166
6969d086-a90e-4012-9c0c-f49d106de8a4,2026-04-19T16:14:48.559859-04:00,node-01,payments-api,502,True,anomalous,market_aware_v1,69.78,57.161,322.191,22.668,1.589,167.885,8.317,4.353
25b7bc1f-f0d9-40f7-8abb-e3cbe83dfd28,2026-04-19T16:14:48.593084-04:00,node-01,orders-api,429,True,anomalous,market_aware_v1,81.217,54.856,317.544,31.524,1.447,161.489,44.979,4.006
23a83806-4911-4cdd-aba1-e89f2b2379d1,2026-04-19T16:14:48.623073-04:00,node-01,checkout-api,503,True,anomalous,market_aware_v1,76.067,57.16,335.716,25.587,1.557,158.918,21.837,4.226
5d0a904f-a91c-4d52-aded-d31f898836a3,2026-04-19T16:14:48.650618-04:00,node-01,payments-api,502,True,anomalous,market_aware_v1,72.956,57.492,309.859,24.701,1.484,155.106,9.975,4.111
ea38e894-3072-456b-a9aa-f127103fd61c,2026-04-19T16:14:48.685312-04:00,node-01,orders-api,429,True,anomalous,market_aware_v1,76.828,51.186,301.958,30.005,1.285,154.049,47.743,3.919
e6a72c17-1e89-4be6-b1aa-1d1a0b875ecb,2026-04-19T16:14:48.716576-04:00,node-01,checkout-api,429,True,anomalous,market_aware_v1,70.767,58.521,317.449,26.499,1.578,158.475,17.075,4.336
f272ce0b-2f7e-4a54-88f5-d2c632086f83,2026-04-19T16:14:48.748209-04:00,node-01,payments-api,429,True,anomalous,market_aware_v1,72.469,62.029,345.559,22.667,1.564,161.318,9.986,4.496
58f520fe-967e-493f-98e5-83033bf75b8b,2026-04-19T16:14:48.774503-04:00,node-01,orders-api,429,True,anomalous,market_aware_v1,78.506,55.852,292.121,31.599,1.579,148.169,43.464,4.047
db5c25e0-f501-4919-816e-5a5ad3f8f41f,2026-04-19T16:14:48.825780-04:00,node-01,checkout-api,500,True,anomalous,market_aware_v1,79.015,60.742,318.636,28.989,1.586,155.66,24.863,4.044
cb3bdc06-079e-40f1-af88-9e502853fbe8,2026-04-19T16:14:48.854516-04:00,node-01,payments-api,429,True,anomalous,market_aware_v1,71.165,60.016,326.588,24.661,1.488,157.714,11.048,4.21
2adf1dd2-0c94-408d-806b-219165ee58d1,2026-04-19T16:14:48.880793-04:00,node-01,orders-api,500,True,anomalous,market_aware_v1,77.429,54.322,301.813,30.65,1.303,155.895,46.91,3.9
d90a47e9-dd29-4b33-a919-0d11ca44493e,2026-04-19T16:14:48.905445-04:00,node-01,checkout-api,503,True,anomalous,market_aware_v1,79.087,61.169,327.261,30.479,1.593,157.967,26.683,4.35
646161fc-4c2e-4bab-8568-6f4deef693f3,2026-04-19T16:14:48.933722-04:00,node-01,payments-api,500,True,anomalous,market_aware_v1,73.951,65.949,334.122,27.893,1.333,158.378,15.615,4.023
ef3dadeb-d354-4b2f-aa57-30dd21689892,2026-04-19T16:14:48.960117-04:00,node-01,orders-api,429,True,anomalous,market_aware_v1,78.628,55.247,305.15,33.11,1.355,155.097,51.685,3.986
3ba7757c-d013-48cb-84f7-1c170ef64752,2026-04-19T16:14:48.984672-04:00,node-01,checkout-api,503,True,anomalous,market_aware_v1,75.334,58.999,317.199,29.095,1.485,145.169,37.284,3.862
0a0dc059-72b8-4bc4-b9e1-a386e2fe8b00,2026-04-19T16:14:49.010658-04:00,node-01,payments-api,500,True,anomalous,market_aware_v1,75.628,63.227,346.16,24.5,1.546,163.055,16.073,4.361
2be82d61-dd68-4735-b6d6-3194fab7739c,2026-04-19T16:14:49.036019-04:00,node-01,orders-api,429,True,anomalous,market_aware_v1,81.751,59.906,309.683,30.933,1.404,156.99,47.99,3.941
a222da0b-59e0-49f6-983c-675a0da1c976,2026-04-19T16:14:49.060011-04:00,node-01,checkout-api,503,True,anomalous,market_aware_v1,82.65,62.664,335.459,28.849,1.602,165.548,27.246,4.4
40b530b2-8d93-4bad-95d0-fab2570e55ee,2026-04-19T16:14:49.091477-04:00,node-01,payments-api,429,True,anomalous,market_aware_v1,77.119,68.479,337.336,27.012,1.505,162.247,20.477,4.257
e32a9969-6aea-4e1f-ac64-18cf76ea133c,2026-04-19T16:14:49.115737-04:00,node-01,orders-api,429,True,anomalous,market_aware_v1,85.679,60.023,326.955,32.464,1.544,168.622,54.551,4.249
c25e49bb-4ab0-4a53-bbda-7879c1ad75a4,2026-04-19T16:14:49.143738-04:00,node-01,checkout-api,502,True,anomalous,market_aware_v1,84.045,63.334,326.849,28.389,1.635,161.788,32.704,4.518
9eaf8402-d405-404d-8e58-45d0bbfadf79,2026-04-19T16:14:49.166870-04:00,node-01,payments-api,502,True,anomalous,market_aware_v1,79.823,66.696,348.526,26.368,1.472,162.908,15.417,4.308
8ae9f918-2863-466f-b679-873fa882ada2,2026-04-19T16:14:49.186182-04:00,node-01,orders-api,503,True,anomalous,market_aware_v1,82.27,58.593,315.26,30.748,1.397,161.133,54.344,4.097
3bbddeda-0ae4-4978-a053-09861e31a357,2026-04-19T16:14:49.211760-04:00,node-01,checkout-api,502,True,anomalous,market_aware_v1,84.583,65.068,353.955,32.636,1.927,168.51,28.484,4.861
f1727523-7ec8-4d6b-a4e0-189156664182,2026-04-19T16:14:49.238090-04:00,node-01,payments-api,502,True,anomalous,market_aware_v1,76.062,68.073,329.132,24.777,1.485,162.442,21.035,4.175
406c7d31-0036-47d9-9154-92fb578c2ee7,2026-04-19T16:14:49.261108-04:00,node-01,orders-api,500,True,anomalous,market_aware_v1,82.937,61.58,323.061,33.047,1.382,161.013,49.35,4.116
e9cd2764-b282-4dc0-bf3d-6e2828fd879c,2026-04-19T16:14:49.284995-04:00,node-01,checkout-api,500,True,anomalous,market_aware_v1,81.792,57.081,338.052,30.64,1.583,161.224,23.424,4.282
38765fd6-5269-4656-b6a0-9f79ab9f9652,2026-04-19T16:14:49.315707-04:00,node-01,payments-api,429,True,anomalous,market_aware_v1,78.251,63.736,326.804,26.415,1.505,157.854,18.887,4.072
bbc71014-6e68-48d3-9ddb-d79f4b12a696,2026-04-19T16:14:49.343784-04:00,node-01,orders-api,503,True,anomalous,market_aware_v1,81.555,56.654,302.796,33.297,1.374,156.265,51.39,3.901
14b3550b-2585-470a-9c63-abb007ad4ca3,2026-04-19T16:14:49.367217-04:00,node-01,checkout-api,429,True,anomalous,market_aware_v1,79.627,59.1,334.208,29.723,1.593,163.735,29.402,4.303
eddc0e63-d248-452d-9471-f39f6e999fb0,2026-04-19T16:14:49.387636-04:00,node-01,payments-api,503,True,anomalous,market_aware_v1,76.185,64.609,328.194,28.554,1.579,160.156,23.148,4.217
7fd42660-43f5-4235-922c-fcec3fd19a69,2026-04-19T16:14:49.411226-04:00,node-01,orders-api,503,True,anomalous,market_aware_v1,86.435,55.932,326.886,32.543,1.514,168.199,48.976,4.391
fc83bb01-e123-4416-a48c-90f9e32660ce,2026-04-19T16:14:49.437493-04:00,node-01,checkout-api,429,True,anomalous,market_aware_v1,80.378,59.186,318.938,26.767,1.534,152.436,33.618,4.121
fa81e342-c3f1-48d0-970f-3132c8f06006,2026-04-19T16:14:49.469147-04:00,node-01,payments-api,502,True,anomalous,market_aware_v1,73.748,62.872,323.908,26.352,1.406,150.258,22.031,3.889
5ce11c45-8361-45f6-9dcc-eb2ff2584f5d,2026-04-19T16:14:49.498058-04:00,node-01,orders-api,503,True,anomalous,market_aware_v1,79.325,56.895,314.348,29.02,1.481,159.733,54.347,4.139
6a69167c-76cb-4ffc-abb8-328d56e61aa0,2026-04-19T16:14:49.520708-04:00,node-01,checkout-api,429,True,anomalous,market_aware_v1,79.89,58.017,330.432,28.301,1.514,159.358,28.494,4.211
f3ef3cf5-3712-4f55-b9f4-0ec39bfb6639,2026-04-19T16:14:49.543378-04:00,node-01,payments-api,500,True,anomalous,market_aware_v1,75.899,65.62,352.905,25.855,1.906,165.27,6.369,4.813
2a6538ea-24d7-4aab-b9b9-be9fbc20a5eb,2026-04-19T16:14:49.574425-04:00,node-01,orders-api,500,True,anomalous,market_aware_v1,85.951,57.752,335.868,31.414,1.803,164.182,47.83,4.6
0f3d066e-7d12-4a57-93fc-4ad48010d145,2026-04-19T16:14:49.620267-04:00,node-01,checkout-api,502,True,anomalous,market_aware_v1,76.702,58.355,335.276,26.402,1.582,158.731,29.342,4.217
0ef79cc7-aec9-4255-89b8-a827446aa182,2026-04-19T16:14:49.644928-04:00,node-01,payments-api,429,True,anomalous,market_aware_v1,71.287,61.231,341.916,25.078,1.603,170.271,11.71,4.636
9ed9a0ad-fd30-4ac7-a165-3dd854fb11b5,2026-04-19T16:14:49.670552-04:00,node-01,orders-api,429,True,anomalous,market_aware_v1,80.576,56.403,319.418,29.5,1.382,156.274,50.088,3.997
f3879416-2286-45c1-bf6e-b0f9c2a31c4f,2026-04-19T16:14:49.700049-04:00,node-01,checkout-api,502,True,anomalous,market_aware_v1,83.527,59.65,347.585,27.828,1.732,170.119,22.534,4.596
cfa56548-2e73-4c46-9502-8f8879a52a9a,2026-04-19T16:14:49.756199-04:00,node-01,payments-api,429,True,anomalous,market_aware_v1,74.587,59.907,338.913,22.773,1.539,161.133,15.719,4.241
82f2698d-7058-4813-b8ba-e4ca34fad325,2026-04-19T16:14:49.785782-04:00,node-01,orders-api,503,True,anomalous,market_aware_v1,80.148,55.917,320.81,32.719,1.454,161.411,48.578,4.079
740e10dd-f803-40d9-9b6b-4da0df7dd4e0,2026-04-19T16:14:49.816552-04:00,node-01,checkout-api,429,True,anomalous,market_aware_v1,82.027,57.987,335.354,29.608,1.467,152.181,28.956,4.057
7bb2eb7d-e521-4d06-bee1-e34a0ad80396,2026-04-19T16:14:49.844630-04:00,node-01,payments-api,502,True,anomalous,market_aware_v1,73.774,59.827,341.753,25.636,1.643,163.283,18.814,4.448
def90246-6a4d-4a69-9313-f5205124cf4f,2026-04-19T16:14:49.872260-04:00,node-01,orders-api,503,True,anomalous,market_aware_v1,82.216,58.72,318.231,29.534,1.364,157.621,52.451,3.859
0b2e1de1-ca6e-448a-a87a-e8b7d4b32c01,2026-04-19T16:14:49.899801-04:00,node-01,checkout-api,429,True,anomalous,market_aware_v1,78.364,60.382,321.272,28.106,1.465,152.052,31.396,4.081
cdfa001f-7642-4bc8-8111-1caf092cf42c,2026-04-19T16:14:49.921705-04:00,node-01,payments-api,503,True,anomalous,market_aware_v1,78.437,63.443,342.396,25.852,1.55,160.821,19.254,4.261
eccc4c46-7462-4dbb-8978-7a376e40349f,2026-04-19T16:14:49.948206-04:00,node-01,orders-api,503,True,anomalous,market_aware_v1,87.851,60.15,314.625,30.266,1.365,154.409,51.843,3.907
68297f65-d2b5-47ef-9a45-914de46e0079,2026-04-19T16:14:49.979315-04:00,node-01,checkout-api,429,True,anomalous,market_aware_v1,84.18,61.344,327.775,30.192,1.565,159.235,28.171,4.255
141c4e73-4cd2-4940-b50c-6cd1b8edbf0e,2026-04-19T16:14:50.004133-04:00,node-01,payments-api,503,True,anomalous,market_aware_v1,76.269,67.06,340.723,28.97,1.505,165.657,18.049,4.396
3ab16462-7f53-4eb4-b15c-682deabc3f86,2026-04-19T16:14:50.030675-04:00,node-01,orders-api,503,True,anomalous,market_aware_v1,88.851,61.742,331.983,34.594,1.852,170.499,55.83,4.699
e9dfeb2c-8a1d-4973-99ca-a575a249cf9b,2026-04-19T16:14:50.060670-04:00,node-01,checkout-api,500,True,anomalous,market_aware_v1,82.811,64.329,340.832,32.61,1.695,169.145,25.978,4.536
ccaee8c6-7508-4c66-bc7a-7266b610028e,2026-04-19T16:14:50.091180-04:00,node-01,payments-api,500,True,anomalous,market_aware_v1,81.768,66.495,351.426,28.837,1.612,167.43,24.757,4.511
421e1182-0c2f-49c3-b9fe-9ebb5e4b047e,2026-04-19T16:14:50.117352-04:00,node-01,orders-api,502,True,anomalous,market_aware_v1,91.753,59.601,323.587,30.993,1.516,164.571,60.698,4.141
01125ed1-be20-4115-b7e8-7653fadef151,2026-04-19T16:14:50.144698-04:00,node-01,checkout-api,503,True,anomalous,market_aware_v1,82.788,64.801,341.372,29.655,1.581,162.147,33.104,4.259
0bad8475-8702-4ed1-ac6c-2b455bae8c31,2026-04-19T16:14:50.171423-04:00,node-01,payments-api,500,True,anomalous,market_aware_v1,82.604,64.6,341.95,28.184,1.648,163.133,27.357,4.414
ff7b72ba-8cad-4612-8bc7-04fdd9b51116,2026-04-19T16:14:50.200145-04:00,node-01,orders-api,502,True,anomalous,market_aware_v1,88.699,61.347,326.152,35.214,1.442,165.151,62.301,4.174
f097ca4d-dcc4-4fea-bdbd-19f68dd0ebc6,2026-04-19T16:14:50.225136-04:00,node-01,checkout-api,500,True,anomalous,market_aware_v1,85.068,64.997,334.962,31.88,1.471,157.6,33.772,4.27
06643ab1-f934-497c-ac16-9c1b0cf6b923,2026-04-19T16:14:50.250551-04:00,node-01,payments-api,502,True,anomalous,market_aware_v1,82.123,68.822,343.276,26.638,1.581,157.955,24.489,4.315
c0bdadb5-e2e0-4b48-b579-221f842e494f,2026-04-19T16:14:50.277549-04:00,node-01,orders-api,502,True,anomalous,market_aware_v1,90.001,57.78,327.032,32.766,1.505,165.526,52.26,4.198
a8871415-8231-4115-8433-bc3109a777ed,2026-04-19T16:14:50.304298-04:00,node-01,checkout-api,503,True,anomalous,market_aware_v1,80.572,63.492,339.344,31.597,1.592,162.143,34.934,4.194
5d0da734-256d-4abe-aa3c-e9d14372c827,2026-04-19T16:14:50.335893-04:00,node-01,payments-api,503,True,anomalous,market_aware_v1,80.764,66.841,358.991,28.224,1.548,165.579,21.172,4.399
99a6dcd3-f765-4a50-876e-62ff21c1ca99,2026-04-19T16:14:50.360248-04:00,node-01,orders-api,503,True,anomalous,market_aware_v1,83.659,58.864,316.123,32.037,1.468,168.363,51.517,4.309
6001361c-ebd8-4d77-b477-85b0159a3a73,2026-04-19T16:14:50.391153-04:00,node-01,checkout-api,500,True,anomalous,market_aware_v1,88.674,60.772,353.266,28.33,1.696,171.354,27.129,4.545
dae95125-99ab-4f35-baac-ead5075b103e,2026-04-19T16:14:50.421175-04:00,node-01,payments-api,502,True,anomalous,market_aware_v1,77.771,60.924,330.029,25.822,1.542,165.468,20.989,4.367
8e89f124-283e-4f50-a681-063f244445a5,2026-04-19T16:14:50.448728-04:00,node-01,orders-api,502,True,anomalous,market_aware_v1,84.8,57.754,328.693,30.29,1.569,164.576,52.856,4.355
9d139876-594a-46de-8c4a-5e464beb62e2,2026-04-19T16:14:50.494105-04:00,node-01,checkout-api,500,True,anomalous,market_aware_v1,79.501,59.424,336.723,28.797,1.675,167.562,24.215,4.526
2694aaab-001a-4712-8aa6-eedfe082a017,2026-04-19T16:14:50.524225-04:00,node-01,payments-api,502,True,anomalous,market_aware_v1,74.386,64.865,330.597,24.437,1.429,154.263,17.63,4.115
8e792794-a6ec-4ced-b78b-bdb56f93efcc,2026-04-19T16:14:50.549580-04:00,node-01,orders-api,500,True,anomalous,market_aware_v1,81.99,53.89,309.809,29.3,1.344,154.103,53.938,3.913
00588b61-501e-4a8d-85ee-3a1aa59491ea,2026-04-19T16:14:50.580478-04:00,node-01,checkout-api,429,True,anomalous,market_aware_v1,79.741,60.256,324.614,30.227,1.827,160.141,17.988,4.568
d48075dc-6e53-4cd5-91e0-535b5110c780,2026-04-19T16:14:50.615604-04:00,node-01,payments-api,429,True,anomalous,market_aware_v1,69.858,63.125,336.073,24.643,1.494,162.088,9.339,4.271
e2e2c218-6eef-48a6-84a3-b017d2e77f0d,2026-04-19T16:14:50.647645-04:00,node-01,orders-api,502,True,anomalous,market_aware_v1,81.721,58.678,319.034,27.911,1.421,162.669,39.899,4.103
cd0829cc-42f8-49b2-9bb4-173a925e37c3,2026-04-19T16:14:50.675277-04:00,node-01,checkout-api,503,True,anomalous,market_aware_v1,74.755,59.251,342.152,27.059,1.693,166.238,13.166,4.511
cc0c8ebb-bd9b-4ae8-813e-2a20c4c1c97a,2026-04-19T16:14:50.704219-04:00,node-01,payments-api,502,True,anomalous,market_aware_v1,71.869,60.434,349.602,22.788,1.6,173.753,3.602,4.455
185b2cc3-57fe-4e12-a4a6-a3ae12711d97,2026-04-19T16:14:50.735497-04:00,node-01,orders-api,429,True,anomalous,market_aware_v1,77.715,56.558,313.647,31.73,1.611,161.124,40.511,4.322
044e1279-1ffa-429c-af7b-24cdde29db13,2026-04-19T16:14:50.762796-04:00,node-01,checkout-api,429,True,anomalous,market_aware_v1,77.07,56.74,331.597,25.86,1.629,162.766,21.325,4.468
9b9367c9-c35b-42e3-8b8c-2fb720a2cb02,2026-04-19T16:14:50.809653-04:00,node-01,payments-api,500,True,anomalous,market_aware_v1,71.522,61.246,362.956,23.573,1.704,172.579,5.832,4.894
27d1bbdf-5e20-49a7-b33a-eb102858c8fe,2026-04-19T16:14:50.847556-04:00,node-01,orders-api,502,True,anomalous,market_aware_v1,74.212,54.488,298.837,26.573,1.361,157.856,37.369,3.892
b56fe4ad-62b4-43bc-9738-89465291eff8,2026-04-19T16:14:50.885984-04:00,node-01,checkout-api,502,True,anomalous,market_aware_v1,75.127,59.106,333.06,26.946,1.682,167.948,20.448,4.559
4571353f-93c8-41aa-8709-557c23366e1e,2026-04-19T16:14:50.917438-04:00,node-01,payments-api,429,True,anomalous,market_aware_v1,71.335,61.579,343.385,24.153,1.509,160.199,9.488,4.186
23e7c8f0-391b-4ccb-b0af-8caf0bc46b20,2026-04-19T16:14:50.950081-04:00,node-01,orders-api,502,True,anomalous,market_aware_v1,73.391,55.244,307.539,30.281,1.354,158.983,45.395,3.887
8a71e31c-152a-482c-83f9-2da543757b9f,2026-04-19T16:14:50.987469-04:00,node-01,checkout-api,502,True,anomalous,market_aware_v1,76.166,61.431,315.732,23.855,1.47,152.44,24.857,4.003
0423aadd-4eb1-42cf-b3ca-9d032b0d9dcc,2026-04-19T16:14:51.017939-04:00,node-01,payments-api,502,True,anomalous,market_aware_v1,72.114,59.261,321.877,21.666,1.514,159.7,9.796,4.198
475303e5-6d44-49cb-b82a-c281b12295e7,2026-04-19T16:14:51.052175-04:00,node-01,orders-api,503,True,anomalous,market_aware_v1,80.934,56.368,331.945,32.716,1.651,169.35,43.717,4.618
4cd139d8-2740-4ba5-98ab-1482d06f1b29,2026-04-19T16:14:51.087080-04:00,node-01,checkout-api,500,True,anomalous,market_aware_v1,77.756,59.255,310.323,27.027,1.483,150.672,32.122,3.957
756a739e-99e0-4cfc-bb02-65613e25d0fa,2026-04-19T16:14:51.117019-04:00,node-01,payments-api,500,True,anomalous,market_aware_v1,80.188,63.692,341.441,23.471,1.466,157.543,13.262,4.078
ba886388-623d-4aa1-818a-102e96ad7254,2026-04-19T16:14:51.148955-04:00,node-01,orders-api,429,True,anomalous,market_aware_v1,86.084,57.335,329.844,32.33,1.761,170.04,42.742,4.699
d9847de7-fce8-4d80-bddb-5e5285120392,2026-04-19T16:14:51.182394-04:00,node-01,checkout-api,429,True,anomalous,market_aware_v1,81.956,61.741,331.737,29.358,1.57,167.844,22.212,4.37
da00ebf6-71be-4ef9-8e39-7e857747cfc9,2026-04-19T16:14:51.213634-04:00,node-01,payments-api,502,True,anomalous,market_aware_v1,77.416,58.886,341.847,24.642,1.532,169.964,18.215,4.434
f5299589-433e-40ae-903f-5f5122ef92a9,2026-04-19T16:14:51.241975-04:00,node-01,orders-api,503,True,anomalous,market_aware_v1,85.602,57.315,319.068,32.299,1.362,166.649,47.571,4.152
001fcdd3-010c-434c-bf6a-e8f1d10901ee,2026-04-19T16:14:51.272228-04:00,node-01,checkout-api,503,True,anomalous,market_aware_v1,84.835,61.954,354.911,29.918,1.653,172.802,24.8,4.569
1fad4984-6a9a-4f1c-99ba-3cc352614c23,2026-04-19T16:14:51.300222-04:00,node-01,payments-api,502,True,anomalous,market_aware_v1,76.346,63.943,338.674,28.127,1.548,161.349,19.896,4.202
d2709058-5726-4af6-9ab7-d9a0a1df84f1,2026-04-19T16:14:51.328112-04:00,node-01,orders-api,503,True,anomalous,market_aware_v1,82.461,58.861,315.262,31.094,1.388,159.553,50.761,4.0
45435384-1386-4def-8d88-576ba3cbbb06,2026-04-19T16:14:51.358150-04:00,node-01,checkout-api,429,True,anomalous,market_aware_v1,85.187,63.45,353.133,30.528,1.674,166.906,27.665,4.528
424acccf-89a9-4695-a001-e32701563cd6,2026-04-19T16:14:51.385949-04:00,node-01,payments-api,503,True,anomalous,market_aware_v1,80.46,63.781,342.97,27.374,1.515,163.016,22.598,4.474
cad0ac82-217f-41e7-8cc8-e2e71ee337df,2026-04-19T16:14:51.416040-04:00,node-01,orders-api,503,True,anomalous,market_aware_v1,85.039,60.587,335.388,31.928,1.459,168.054,57.504,4.183
19691461-5c19-47de-a99b-6dea583f9a88,2026-04-19T16:14:51.446926-04:00,node-01,checkout-api,502,True,anomalous,market_aware_v1,88.19,64.909,355.091,29.561,2.045,173.863,16.396,5.095
4a0c0b45-09fd-47b7-8fe7-fc5c0704d56e,2026-04-19T16:14:51.473370-04:00,node-01,payments-api,500,True,anomalous,market_aware_v1,74.596,64.912,342.912,25.565,1.561,163.876,21.175,4.364
2689579b-0f38-489f-a896-e85d55e88d9b,2026-04-19T16:14:51.502828-04:00,node-01,orders-api,429,True,anomalous,market_aware_v1,83.935,60.678,325.794,33.088,1.38,157.08,53.044,3.933
fb24059f-fa5e-41a8-b814-5735b2e4dc68,2026-04-19T16:14:51.535972-04:00,node-01,checkout-api,429,True,anomalous,market_aware_v1,86.48,62.477,339.252,28.329,1.649,172.027,27.28,4.631
a7094186-33cb-461a-a169-b4e09f820d33,2026-04-19T16:14:51.567047-04:00,node-01,payments-api,503,True,anomalous,market_aware_v1,74.896,63.653,343.054,26.249,1.564,168.18,21.887,4.411
6078346e-affc-422f-a805-575e21879a12,2026-04-19T16:14:51.596565-04:00,node-01,orders-api,502,True,anomalous,market_aware_v1,88.204,61.015,329.54,35.905,1.709,168.517,51.349,4.598
5b8c5f9c-f886-4e0a-bfd5-cb1040592813,2026-04-19T16:14:51.626152-04:00,node-01,checkout-api,503,True,anomalous,market_aware_v1,79.782,63.951,331.864,30.137,1.643,168.108,32.647,4.5
5054c409-75ed-45a2-b613-ee612e9b5b41,2026-04-19T16:14:51.664580-04:00,node-01,payments-api,500,True,anomalous,market_aware_v1,77.646,64.767,343.788,26.922,1.499,165.346,17.091,4.378
dfe01add-ca2f-4636-b304-ffc40aac2074,2026-04-19T16:14:51.694898-04:00,node-01,orders-api,500,True,anomalous,market_aware_v1,79.57,56.039,310.842,30.162,1.392,159.499,50.665,4.036
13a89125-e79b-46dc-9332-57004ea7491e,2026-04-19T16:14:51.727986-04:00,node-01,checkout-api,429,True,anomalous,market_aware_v1,80.834,58.722,332.633,29.238,1.621,161.534,29.257,4.399
4667b432-41e5-4462-85d4-33d6fe053237,2026-04-19T16:14:51.758268-04:00,node-01,payments-api,502,True,anomalous,market_aware_v1,79.3,65.335,364.103,24.451,1.962,170.756,4.67,4.903
ed8702db-d247-477c-ae64-79a150d261cd,2026-04-19T16:14:51.792619-04:00,node-01,orders-api,503,True,anomalous,market_aware_v1,82.322,52.631,311.968,32.711,1.35,154.571,49.358,4.0
a02f6e4d-7c03-457e-94c7-9b12a8a76738,2026-04-19T16:14:51.822783-04:00,node-01,checkout-api,502,True,anomalous,market_aware_v1,79.931,62.213,334.149,29.276,1.591,164.334,17.707,4.438
2701a9d5-df61-414b-a3ed-6dcfaca14082,2026-04-19T16:14:51.859071-04:00,node-01,payments-api,503,True,anomalous,market_aware_v1,70.711,62.887,337.339,25.983,1.447,160.49,11.889,4.16
b41e8341-31e1-4a99-8ee1-dfc2cad5c94b,2026-04-19T16:14:51.894379-04:00,node-01,orders-api,503,True,anomalous,market_aware_v1,76.134,56.418,313.57,29.616,1.391,159.483,46.08,3.883
a1dc68e3-1bca-4181-a6c9-7d1e851a4f3c,2026-04-19T16:14:51.927203-04:00,node-01,checkout-api,429,True,anomalous,market_aware_v1,81.445,58.403,325.967,28.792,1.58,158.419,24.316,4.156
a2813238-5534-4488-9b68-0cd109225470,2026-04-19T16:14:51.958452-04:00,node-01,payments-api,429,True,anomalous,market_aware_v1,74.403,62.074,340.189,24.522,1.565,161.78,11.597,4.311
65e0b1bd-f84b-4b5e-b401-39ee4d43116f,2026-04-19T16:14:51.986448-04:00,node-01,orders-api,502,True,anomalous,market_aware_v1,85.098,57.035,320.237,31.196,1.393,156.781,47.103,4.004
b5784bf7-75f5-4933-96c6-e72dd065ed3f,2026-04-19T16:14:52.014414-04:00,node-01,checkout-api,500,True,anomalous,market_aware_v1,75.884,59.949,320.902,27.11,1.533,160.859,24.395,4.166
6ea9403d-84a2-4212-abb3-caca92a68da4,2026-04-19T16:14:52.040796-04:00,node-01,payments-api,503,True,anomalous,market_aware_v1,74.258,62.53,351.498,26.786,1.632,170.908,10.421,4.493
68a232dc-8f5f-47b3-b408-6f5d8771c3b5,2026-04-19T16:14:52.067500-04:00,node-01,orders-api,502,True,anomalous,market_aware_v1,80.718,62.589,317.884,30.878,1.428,163.247,42.084,4.103
5fe0bac6-b4cb-4043-af09-40cf06497a7c,2026-04-19T16:14:52.097107-04:00,node-01,checkout-api,502,True,anomalous,market_aware_v1,82.614,64.887,357.79,28.339,1.963,167.486,19.991,4.892
0692c06b-dd72-475f-8f4f-4e7e1c028e66,2026-04-19T16:14:52.127395-04:00,node-01,payments-api,502,True,anomalous,market_aware_v1,76.09,64.87,360.884,26.571,1.591,166.458,10.539,4.431
284b221d-11ab-435b-933d-12d7c2a5173a,2026-04-19T16:14:52.156093-04:00,node-01,orders-api,502,True,anomalous,market_aware_v1,87.595,57.27,313.402,29.394,1.471,163.68,53.455,4.263
1fa32657-2403-4f72-8043-f3975562f43f,2026-04-19T16:14:52.183763-04:00,node-01,checkout-api,502,True,anomalous,market_aware_v1,82.585,63.751,346.228,28.558,1.59,169.094,27.342,4.508
f7158b99-b114-4953-9dc8-df6dc5f6cc50,2026-04-19T16:14:52.213748-04:00,node-01,payments-api,502,True,anomalous,market_aware_v1,76.216,65.509,326.421,28.346,1.427,156.001,20.752,4.006
e541a65f-f9ad-4caa-b896-88a66bd79de7,2026-04-19T16:14:52.239083-04:00,node-01,orders-api,503,True,anomalous,market_aware_v1,89.232,58.711,320.307,29.178,1.477,169.217,49.523,4.376
b6745b96-dec5-4c55-a39c-11b5c9a0cee0,2026-04-19T16:14:52.267651-04:00,node-01,checkout-api,429,True,anomalous,market_aware_v1,87.016,61.349,346.394,32.505,1.648,171.292,24.315,4.734
b23e00a8-dafa-44a9-97b3-e8a3a02b4041,2026-04-19T16:14:52.293744-04:00,node-01,payments-api,503,True,anomalous,market_aware_v1,77.997,64.994,344.585,25.649,1.663,172.211,19.819,4.555
469a432d-8af0-482b-b9a3-49479898c0d5,2026-04-19T16:14:52.316145-04:00,node-01,orders-api,503,True,anomalous,market_aware_v1,89.578,61.927,334.09,33.439,1.807,175.852,44.453,4.865
de18485c-7fe9-4980-9b09-482b8c1cdd5f,2026-04-19T16:14:52.335464-04:00,node-01,checkout-api,500,True,anomalous,market_aware_v1,86.915,68.749,324.213,31.005,1.529,159.978,37.58,4.225
156cb3ab-cf1a-4929-8448-3ceba118f6a7,2026-04-19T16:14:52.356155-04:00,node-01,payments-api,500,True,anomalous,market_aware_v1,86.608,69.005,366.831,27.763,1.588,176.57,17.158,4.796
6c98683b-e0ce-4028-a269-451ea3e0505d,2026-04-19T16:14:52.393803-04:00,node-01,orders-api,500,True,anomalous,market_aware_v1,88.639,61.431,341.147,31.083,1.473,169.663,54.612,4.354
3b92ed6c-9bba-47a5-843b-9b7f55515542,2026-04-19T16:14:52.417124-04:00,node-01,checkout-api,500,True,anomalous,market_aware_v1,81.777,67.628,342.281,32.62,1.581,166.101,35.548,4.485
b6f334bd-3a7f-4da5-8039-e620b6c21c4e,2026-04-19T16:14:52.461176-04:00,node-01,payments-api,502,True,anomalous,market_aware_v1,77.647,67.654,339.978,30.331,1.513,161.694,22.591,4.185
44750008-4784-4c70-a4b6-2df924ff3ef4,2026-04-19T16:14:52.486162-04:00,node-01,orders-api,429,True,anomalous,market_aware_v1,84.627,58.39,323.369,34.06,1.485,164.623,61.874,4.265
22e5ae2f-4174-43cc-9340-80f730657545,2026-04-19T16:14:52.516617-04:00,node-01,checkout-api,502,True,anomalous,market_aware_v1,86.063,64.846,327.951,29.395,1.524,161.215,32.509,4.365
13494f6e-9a50-4d14-a0e2-5a92a538d58e,2026-04-19T16:14:52.548144-04:00,node-01,payments-api,503,True,anomalous,market_aware_v1,80.418,67.169,334.718,26.8,1.447,162.433,20.89,4.189
225745e5-1707-4a83-a102-7aa2c8be7f40,2026-04-19T16:14:52.579379-04:00,node-01,orders-api,429,True,anomalous,market_aware_v1,87.493,62.599,322.045,31.377,1.412,164.101,57.142,4.051
42e6c0f6-b0b4-4970-9c4f-a5bf33b68713,2026-04-19T16:14:52.612523-04:00,node-01,checkout-api,429,True,anomalous,market_aware_v1,85.115,62.077,353.668,30.987,1.742,168.757,28.058,4.505
7fcbb28b-268e-4a87-9003-734e13fe2357,2026-04-19T16:14:52.659266-04:00,node-01,payments-api,502,True,anomalous,market_aware_v1,80.852,62.621,363.436,28.666,1.592,171.449,12.266,4.524
e65af0c9-52b7-425d-9bd0-89c593c8752a,2026-04-19T16:14:52.685734-04:00,node-01,orders-api,429,True,anomalous,market_aware_v1,86.135,63.672,322.161,30.263,1.468,161.306,59.395,4.391
3e0713c7-5675-4b2e-99ce-9a1adf5f9cc4,2026-04-19T16:14:52.714885-04:00,node-01,checkout-api,500,True,anomalous,market_aware_v1,82.58,61.673,332.727,29.078,1.625,162.134,27.889,4.273
2302c8fc-c6ec-4823-9f33-db5bc5888d75,2026-04-19T16:14:52.740550-04:00,node-01,payments-api,500,True,anomalous,market_aware_v1,85.199,64.544,376.518,31.665,2.153,186.252,2.681,5.819
a5abaaa5-bce1-47b7-a600-aec747054739,2026-04-19T16:14:52.768480-04:00,node-01,orders-api,429,True,anomalous,market_aware_v1,84.259,59.752,336.652,30.465,1.47,165.644,52.929,4.231
417ecb7c-1967-48be-81a2-7d9336792a32,2026-04-19T16:14:52.794998-04:00,node-01,checkout-api,502,True,anomalous,market_aware_v1,83.061,63.566,346.206,32.129,1.759,170.274,23.407,4.667
290a56a3-53e5-4cb9-b604-efbe4453dac8,2026-04-19T16:14:52.826538-04:00,node-01,payments-api,503,True,anomalous,market_aware_v1,80.482,63.164,352.803,27.668,1.964,172.659,10.271,5.043
92afee9c-cfaf-4fbb-a32c-f77982630b30,2026-04-19T16:14:52.851667-04:00,node-01,orders-api,502,True,anomalous,market_aware_v1,80.373,57.258,317.082,28.191,1.332,160.737,45.321,3.907
52a83e54-0fb2-4b49-bd41-60aa43f4edba,2026-04-19T16:14:52.880158-04:00,node-01,checkout-api,500,True,anomalous,market_aware_v1,78.514,63.5,320.788,29.141,1.436,156.768,24.761,4.008
bd778098-fc2b-4713-8525-77245e630336,2026-04-19T16:14:52.906304-04:00,node-01,payments-api,503,True,anomalous,market_aware_v1,74.614,61.075,330.512,24.506,1.534,159.938,10.545,4.216
aa8ad171-b80e-4128-941c-c35d24358492,2026-04-19T16:14:52.937920-04:00,node-01,orders-api,500,True,anomalous,market_aware_v1,79.522,55.009,299.905,29.418,1.473,157.502,48.478,3.951
320c2ef9-ddb4-4a51-8e0f-9dcc648b79ad,2026-04-19T16:14:52.963943-04:00,node-01,checkout-api,429,True,anomalous,market_aware_v1,74.935,58.526,335.15,27.645,1.639,165.185,18.823,4.469
a101f205-5dfe-48cd-a806-7574c62d9fc6,2026-04-19T16:14:53.003076-04:00,node-01,payments-api,429,True,anomalous,market_aware_v1,71.451,58.45,336.302,24.552,1.55,167.578,7.959,4.396
d09ee154-350b-4439-8724-8360dbe707f2,2026-04-19T16:14:53.030078-04:00,node-01,orders-api,503,True,anomalous,market_aware_v1,77.545,53.485,313.971,29.171,1.425,156.24,45.004,3.929
1a0346c0-7c07-4c30-8c69-15dae050ffe6,2026-04-19T16:14:53.057710-04:00,node-01,checkout-api,429,True,anomalous,market_aware_v1,74.272,57.86,333.31,28.235,1.62,159.3,21.14,4.276
06d5326f-1ff2-4cdb-9f40-a0e0f3a1c629,2026-04-19T16:14:53.084991-04:00,node-01,payments-api,503,True,anomalous,market_aware_v1,72.581,60.824,346.549,24.7,1.577,169.299,2.647,4.369
69645b41-a39b-4742-b10e-072db6ddf1a2,2026-04-19T16:14:53.116068-04:00,node-01,orders-api,500,True,anomalous,market_aware_v1,78.322,55.032,303.704,31.607,1.382,155.595,45.245,3.94
4b2e3b6a-005b-46cc-8a8e-8935b29b2277,2026-04-19T16:14:53.141800-04:00,node-01,checkout-api,503,True,anomalous,market_aware_v1,78.832,62.634,353.501,28.079,2.015,170.878,9.19,5.131
82b8a409-8126-4bf0-8213-6a69dd6b4d1a,2026-04-19T16:14:53.169564-04:00,node-01,payments-api,500,True,anomalous,market_aware_v1,68.877,56.922,336.321,25.684,1.518,165.074,7.584,4.4
c366ae40-0857-4b40-82d2-60a7a2fd91fb,2026-04-19T16:14:53.195401-04:00,node-01,orders-api,502,True,anomalous,market_aware_v1,78.244,56.043,318.283,28.007,1.39,160.726,45.216,4.105
9545a4c3-77bc-47a8-925e-f8575efb278f,2026-04-19T16:14:53.227123-04:00,node-01,checkout-api,500,True,anomalous,market_aware_v1,78.944,61.523,333.568,26.117,1.562,162.029,28.616,4.298
94cb21cd-7ef0-471b-8f6c-339fdfb0834c,2026-04-19T16:14:53.267429-04:00,node-01,payments-api,503,True,anomalous,market_aware_v1,69.275,60.628,363.518,25.082,1.591,175.22,9.936,4.625
7ff6093a-4c87-40cc-8257-93c3e9fad06b,2026-04-19T16:14:53.295900-04:00,node-01,orders-api,503,True,anomalous,market_aware_v1,80.165,55.13,318.821,30.866,1.404,164.396,45.173,4.077
0dbabe90-458f-4f91-9257-9acba058e3b4,2026-04-19T16:14:53.333894-04:00,node-01,checkout-api,503,True,anomalous,market_aware_v1,83.065,62.797,344.527,27.214,1.95,169.318,22.312,5.049
7dc07cd8-0e31-4e92-8981-3799dd23a05c,2026-04-19T16:14:53.361017-04:00,node-01,payments-api,500,True,anomalous,market_aware_v1,76.4,61.612,335.765,25.033,1.461,161.948,14.268,4.193
7b440b38-c5d9-47d1-9203-f86b58325493,2026-04-19T16:14:53.394269-04:00,node-01,orders-api,429,True,anomalous,market_aware_v1,78.911,54.616,323.818,31.596,1.523,168.118,43.764,4.391
2964d4e2-8b72-4e44-aabb-d96dca95f52a,2026-04-19T16:14:53.427657-04:00,node-01,checkout-api,500,True,anomalous,market_aware_v1,81.865,61.404,339.041,30.512,1.634,161.822,27.254,4.428
c9241ade-be84-4c72-90a2-67cb76e4eb99,2026-04-19T16:14:53.470660-04:00,node-01,payments-api,429,True,anomalous,market_aware_v1,78.731,63.161,357.959,28.171,1.888,169.294,8.692,4.933
937e05f7-1a12-4cd1-8975-5daccc6b9504,2026-04-19T16:14:53.507867-04:00,node-01,orders-api,502,True,anomalous,market_aware_v1,85.726,58.758,328.037,30.814,1.527,166.075,46.127,4.233
04d013e7-94e2-4483-9e3f-3926bc0fe398,2026-04-19T16:14:53.543199-04:00,node-01,checkout-api,503,True,anomalous,market_aware_v1,83.075,60.233,331.804,27.833,1.713,164.799,29.485,4.554
92f83299-203c-46b2-b5ac-32f04c36dd93,2026-04-19T16:14:53.579749-04:00,node-01,payments-api,500,True,anomalous,market_aware_v1,74.633,64.709,364.562,27.805,1.542,174.011,18.867,4.579
55c45468-b0be-4b12-b2e3-87817d2bf2e7,2026-04-19T16:14:53.611169-04:00,node-01,orders-api,502,True,anomalous,market_aware_v1,84.932,55.634,322.12,32.42,1.479,161.556,50.84,4.074
b876699d-e9a9-45a8-8545-8fff3545832c,2026-04-19T16:14:53.643725-04:00,node-01,checkout-api,500,True,anomalous,market_aware_v1,82.321,65.649,344.484,29.888,1.649,172.16,29.238,4.576
4d79558d-37b2-45b7-847f-3260ee855dc5,2026-04-19T16:14:53.685670-04:00,node-01,payments-api,502,True,anomalous,market_aware_v1,75.276,65.419,333.746,27.794,1.581,162.381,19.308,4.289
ee17f0c0-385f-4ce3-9d6b-08e8244fc776,2026-04-19T16:14:53.719209-04:00,node-01,orders-api,502,True,anomalous,market_aware_v1,84.01,58.213,314.706,30.847,1.404,156.344,57.539,3.962
e5872524-f71a-4108-ac32-edcda041f3db,2026-04-19T16:14:53.747266-04:00,node-01,checkout-api,500,True,anomalous,market_aware_v1,88.106,65.941,350.099,30.832,2.006,173.467,25.2,5.016
0c8b0502-389d-4daa-9b32-7bcb5b7a67e5,2026-04-19T16:14:53.779850-04:00,node-01,payments-api,503,True,anomalous,market_aware_v1,77.692,67.747,374.718,27.547,1.794,181.53,13.789,5.191
dfbb7f09-f42b-4ed3-aa33-ef8bca005adf,2026-04-19T16:14:53.812462-04:00,node-01,orders-api,429,True,anomalous,market_aware_v1,85.86,61.093,317.738,32.134,1.438,162.732,51.199,4.105
655b2a8c-338c-4d3a-a65c-a8e0192b5d1b,2026-04-19T16:14:53.844406-04:00,node-01,checkout-api,500,True,anomalous,market_aware_v1,80.051,62.989,337.917,29.234,1.724,172.613,28.448,4.688
f437f9c2-9d3f-4b9d-833e-fb42b98c51c9,2026-04-19T16:14:53.879247-04:00,node-01,payments-api,500,True,anomalous,market_aware_v1,76.733,65.772,340.978,25.769,1.607,168.42,17.497,4.383
52ef7c4a-62a6-4162-a985-2247c04df221,2026-04-19T16:14:53.912470-04:00,node-01,orders-api,429,True,anomalous,market_aware_v1,86.086,61.534,339.087,32.19,1.845,173.009,37.206,4.823
f5bb0538-f178-4b49-909e-433f26d0177d,2026-04-19T16:14:53.945065-04:00,node-01,checkout-api,503,True,anomalous,market_aware_v1,82.93,62.973,356.445,31.237,1.667,173.161,21.508,4.52
a78693f7-b2bb-4aec-8b5f-17bdb40579c5,2026-04-19T16:14:53.975000-04:00,node-01,payments-api,429,True,anomalous,market_aware_v1,76.931,62.899,349.485,26.609,1.578,165.766,7.985,4.416
d5f83432-741b-4cea-b03d-3ce6ac4a8023,2026-04-19T16:14:54.007357-04:00,node-01,orders-api,500,True,anomalous,market_aware_v1,85.218,54.39,337.961,30.938,1.465,169.643,51.825,4.337
ee9676c3-66bc-4c92-b9db-cbd3c84698e9,2026-04-19T16:14:54.033685-04:00,node-01,checkout-api,502,True,anomalous,market_aware_v1,81.833,63.303,336.252,31.142,1.543,158.809,29.227,4.211
e378e0e6-e6b9-48ee-b741-a243680f25a2,2026-04-19T16:14:54.060047-04:00,node-01,payments-api,429,True,anomalous,market_aware_v1,79.903,62.539,337.025,26.723,1.598,167.747,15.383,4.381
abb2cdce-9426-49ae-8f86-3ce9b1b1d6f8,2026-04-19T16:14:54.085993-04:00,node-01,orders-api,502,True,anomalous,market_aware_v1,82.054,57.3,334.414,30.863,1.552,174.069,45.582,4.413
fa0c89ba-fe21-4bb8-a655-0434490d4a0e,2026-04-19T16:14:54.117464-04:00,node-01,checkout-api,503,True,anomalous,market_aware_v1,78.547,58.167,340.774,29.411,1.587,164.788,23.888,4.419
1ca8fab7-cdbf-4d65-887a-46472b79872f,2026-04-19T16:14:54.143569-04:00,node-01,payments-api,429,True,anomalous,market_aware_v1,78.483,61.991,345.222,23.408,1.54,167.728,9.356,4.391
fa7983c3-f7f1-42ce-8aba-0fc11736d7fb,2026-04-19T16:14:54.175044-04:00,node-01,orders-api,500,True,anomalous,market_aware_v1,79.528,58.318,318.637,32.664,1.417,157.073,41.711,3.957
5ef3860a-3ca6-4815-80f6-4386cecd8a39,2026-04-19T16:14:54.206449-04:00,node-01,checkout-api,500,True,anomalous,market_aware_v1,81.804,58.652,341.528,26.955,1.551,162.515,20.607,4.269
f454fb21-5700-4018-85c9-9973fbb6cc59,2026-04-19T16:14:54.231818-04:00,node-01,payments-api,500,True,anomalous,market_aware_v1,70.607,63.102,333.927,23.059,1.578,167.529,11.916,4.362
78f4001f-58d7-4a8d-8980-6f4c7d1469d1,2026-04-19T16:14:54.258019-04:00,node-01,orders-api,503,True,anomalous,market_aware_v1,83.014,56.168,321.926,31.491,1.299,161.684,47.498,4.013
b92d3367-793b-4cd0-9aa7-f07b3ccdd250,2026-04-19T16:14:54.284211-04:00,node-01,checkout-api,502,True,anomalous,market_aware_v1,76.413,58.8,322.991,27.732,1.61,156.865,28.089,4.208
ba5fa448-58b1-4364-8685-ac635fd9b4fa,2026-04-19T16:14:54.308982-04:00,node-01,payments-api,500,True,anomalous,market_aware_v1,73.956,65.124,341.474,24.94,1.489,166.53,12.368,4.335
e16035ea-9b9a-41ca-9456-308babf81a1e,2026-04-19T16:14:54.338547-04:00,node-01,orders-api,500,True,anomalous,market_aware_v1,83.161,62.105,327.644,31.64,1.749,161.11,41.843,4.4
d895f45c-df0b-42d0-a2af-0b64abac8846,2026-04-19T16:14:54.364433-04:00,node-01,checkout-api,429,True,anomalous,market_aware_v1,78.365,61.274,340.763,28.824,1.642,169.638,22.967,4.578
ced3037a-024d-4f4d-9fc5-852f24eb63d6,2026-04-19T16:14:54.393913-04:00,node-01,payments-api,502,True,anomalous,market_aware_v1,79.36,66.454,356.433,26.785,1.69,170.888,10.474,4.777
cf7c7941-dcc5-4380-9f82-530d9d42af51,2026-04-19T16:14:54.424562-04:00,node-01,orders-api,503,True,anomalous,market_aware_v1,83.434,59.266,332.075,29.976,1.496,173.278,50.512,4.459
38020192-5322-48bb-b72d-1348879332fb,2026-04-19T16:14:54.477915-04:00,node-01,checkout-api,502,True,anomalous,market_aware_v1,81.677,64.939,335.866,28.989,1.657,167.528,22.953,4.424
807fcbe1-5f28-4c4d-aa8e-9929e68e714f,2026-04-19T16:14:54.536869-04:00,node-01,payments-api,502,True,anomalous,market_aware_v1,78.526,61.03,349.291,25.103,1.554,168.139,17.729,4.453
192958ee-2afd-46ad-a908-26737a5650c1,2026-04-19T16:14:54.579172-04:00,node-01,orders-api,429,True,anomalous,market_aware_v1,83.915,62.139,336.255,28.669,1.493,172.154,48.728,4.447
eace3841-8f33-437d-ac0d-926c5168a9b2,2026-04-19T16:14:54.611364-04:00,node-01,checkout-api,503,True,anomalous,market_aware_v1,84.678,60.088,342.423,29.131,1.616,166.738,28.941,4.49
108dca2f-7ebc-415d-aeb4-9d4747f9310f,2026-04-19T16:14:54.648468-04:00,node-01,payments-api,429,True,anomalous,market_aware_v1,78.877,68.511,363.022,28.406,2.1,182.515,3.314,5.383
a173ca02-2106-4ec5-ab9d-be072e65fe53,2026-04-19T16:14:54.687486-04:00,node-01,orders-api,502,True,anomalous,market_aware_v1,93.881,64.429,357.137,35.026,2.059,170.769,49.197,5.247
62bdc45f-8528-4140-bdf5-1d01d87847b4,2026-04-19T16:14:54.726580-04:00,node-01,checkout-api,502,True,anomalous,market_aware_v1,82.73,65.857,346.991,30.8,1.684,172.987,32.728,4.544
fe3c82c5-0be5-4395-9fe3-5c37f134ea2f,2026-04-19T16:14:54.761055-04:00,node-01,payments-api,502,True,anomalous,market_aware_v1,84.14,67.452,376.274,24.331,1.744,180.825,13.295,4.82
529428e0-3855-4c9c-a021-0a64e6ad156d,2026-04-19T16:14:54.806748-04:00,node-01,orders-api,502,True,anomalous,market_aware_v1,87.774,61.501,336.75,33.889,1.936,167.813,48.04,5.044
af122c5e-e84b-4186-849f-65ce139168fe,2026-04-19T16:14:54.846737-04:00,node-01,checkout-api,503,True,anomalous,market_aware_v1,85.35,67.802,331.889,29.125,1.498,159.346,43.69,4.185
5c2f6f13-7dfe-4bbb-bd7f-ca34cfd70909,2026-04-19T16:14:54.882137-04:00,node-01,payments-api,502,True,anomalous,market_aware_v1,82.479,69.975,350.444,27.062,1.534,167.26,20.389,4.36
fa54a418-a2b0-48ba-b39a-89129e335e14,2026-04-19T16:14:54.921759-04:00,node-01,orders-api,503,True,anomalous,market_aware_v1,87.014,59.293,329.131,32.547,1.56,174.024,57.127,4.388
7689bc4a-a623-4b4f-93d5-75572ef2c4f9,2026-04-19T16:14:54.967270-04:00,node-01,checkout-api,500,True,anomalous,market_aware_v1,85.97,66.938,346.532,31.783,1.652,164.887,31.071,4.528
cfcd2225-f8cd-4401-a8cc-2c4d23236935,2026-04-19T16:14:55.068836-04:00,node-01,payments-api,503,True,anomalous,market_aware_v1,82.742,66.051,347.651,26.718,1.594,170.929,23.601,4.51
42fbbb1a-cd57-46c6-bb39-6a342130f54b,2026-04-19T16:14:55.120301-04:00,node-01,orders-api,502,True,anomalous,market_aware_v1,86.226,60.387,331.596,35.471,1.521,172.463,50.953,4.367
6255d1b7-4d36-43b7-ad44-a05e24a15b70,2026-04-19T16:14:55.155338-04:00,node-01,checkout-api,429,True,anomalous,market_aware_v1,87.126,65.087,353.945,28.575,1.632,174.18,29.194,4.667
34377f14-7b8a-4f0b-a7df-22a38cd05b27,2026-04-19T16:14:55.204911-04:00,node-01,payments-api,429,True,anomalous,market_aware_v1,81.863,64.401,344.219,27.141,1.512,163.261,24.206,4.36
f42f47c5-766f-4d47-905f-03b00017f85f,2026-04-19T16:14:55.240221-04:00,node-01,orders-api,429,True,anomalous,market_aware_v1,82.855,59.166,316.437,29.44,1.438,162.686,60.553,3.995
5ea49cb3-c4a8-4b1e-b0f9-3010a9e54df7,2026-04-19T16:14:55.270602-04:00,node-01,checkout-api,429,True,anomalous,market_aware_v1,84.521,63.964,345.846,29.728,1.651,172.385,27.433,4.792
2a9f92a5-cbb1-4610-81c7-f5dbdc481f12,2026-04-19T16:14:55.302369-04:00,node-01,payments-api,502,True,anomalous,market_aware_v1,79.317,65.067,365.348,28.003,1.672,172.27,10.396,4.66
7027e2ec-0caf-4c29-91f5-e5e858d34fe0,2026-04-19T16:14:55.331796-04:00,node-01,orders-api,503,True,anomalous,market_aware_v1,84.783,58.951,341.89,31.371,1.695,174.736,49.565,4.878
cba7f409-b055-455d-96e1-186b11a6107e,2026-04-19T16:14:55.366019-04:00,node-01,checkout-api,429,True,anomalous,market_aware_v1,81.188,64.993,330.199,28.781,1.54,159.435,28.206,4.134
0023c23a-5c96-48fd-82b6-5277a2a6f735,2026-04-19T16:14:55.399458-04:00,node-01,payments-api,502,True,anomalous,market_aware_v1,76.846,64.454,346.189,26.176,1.643,168.444,12.356,4.552
53f3059a-1a01-4fac-8739-1a942c4c668e,2026-04-19T16:14:55.427388-04:00,node-01,orders-api,429,True,anomalous,market_aware_v1,78.873,55.874,322.568,31.74,1.44,162.112,42.957,4.042
f59a866f-8bb5-4183-a164-08b536a78474,2026-04-19T16:14:55.458092-04:00,node-01,checkout-api,500,True,anomalous,market_aware_v1,79.354,60.108,346.172,27.091,1.637,163.946,26.959,4.415
3535c0bf-a4a0-44dd-a1b2-e6d920294772,2026-04-19T16:14:55.490067-04:00,node-01,payments-api,500,True,anomalous,market_aware_v1,69.727,61.969,355.046,23.856,1.598,169.489,8.675,4.478
3e5a50bc-67e6-4dc6-be1f-34243f1554ee,2026-04-19T16:14:55.521933-04:00,node-01,orders-api,500,True,anomalous,market_aware_v1,78.794,58.952,311.256,28.835,1.415,164.586,40.95,4.058
49496ff4-ff34-4925-b356-3be48b611944,2026-04-19T16:14:55.552487-04:00,node-01,checkout-api,429,True,anomalous,market_aware_v1,76.387,59.246,330.032,28.049,1.513,162.217,25.72,4.152
991a0847-30a0-461b-bb33-c57692ffc43c,2026-04-19T16:14:55.585777-04:00,node-01,payments-api,502,True,anomalous,market_aware_v1,69.573,63.227,342.463,23.854,1.445,162.018,12.065,4.271
bf784c6e-0fda-4ac1-8c4f-1e3294b0d95c,2026-04-19T16:14:55.616773-04:00,node-01,orders-api,503,True,anomalous,market_aware_v1,73.985,51.985,304.07,31.435,1.432,158.985,45.997,3.907
2d7f8df0-f2e7-462b-a05e-6a364ad41c40,2026-04-19T16:14:55.646814-04:00,node-01,checkout-api,502,True,anomalous,market_aware_v1,79.695,60.072,348.2,29.747,1.957,171.205,13.015,5.009
8ba9990f-7a21-42d7-b52b-1aac664ea8a5,2026-04-19T16:14:55.677919-04:00,node-01,payments-api,500,True,anomalous,market_aware_v1,75.094,60.25,359.307,24.579,1.965,173.017,0.0,5.148
c23bd7dd-422c-4228-b1e6-54c443436633,2026-04-19T16:14:55.708956-04:00,node-01,orders-api,502,True,anomalous,market_aware_v1,78.805,51.977,329.183,29.738,1.593,169.38,39.127,4.531
a36f8a81-6e6e-4746-937e-adfac1be6b3f,2026-04-19T16:14:55.738673-04:00,node-01,checkout-api,503,True,anomalous,market_aware_v1,74.078,55.164,332.586,27.866,1.612,165.267,22.929,4.42
e81a41fc-44ca-4c97-aa34-80bca71a02d2,2026-04-19T16:14:55.768229-04:00,node-01,payments-api,429,True,anomalous,market_aware_v1,69.056,60.771,337.426,25.149,1.529,162.271,1.353,4.207
15daa9aa-cf8a-4505-b39d-2ede65e97136,2026-04-19T16:14:55.800818-04:00,node-01,orders-api,429,True,anomalous,market_aware_v1,74.595,54.768,318.003,28.742,1.423,161.833,46.928,4.13
08ec473b-7cc1-43a7-b85a-e4e9877eea47,2026-04-19T16:14:55.828308-04:00,node-01,checkout-api,502,True,anomalous,market_aware_v1,74.739,59.525,340.355,27.453,1.687,166.419,17.657,4.58
e1d76d32-1492-4c09-8f51-2946c9e86ced,2026-04-19T16:14:55.859462-04:00,node-01,payments-api,502,True,anomalous,market_aware_v1,74.271,62.737,365.444,26.067,1.669,174.599,3.453,4.677
f77db4bc-4d1a-4826-a49f-d81ea6874f51,2026-04-19T16:14:55.887928-04:00,node-01,orders-api,500,True,anomalous,market_aware_v1,80.593,56.131,324.993,28.531,1.494,170.243,41.482,4.325
035c06f5-4b6b-40b8-8bff-80a9e4a777db,2026-04-19T16:14:55.914515-04:00,node-01,checkout-api,502,True,anomalous,market_aware_v1,82.035,58.756,338.989,24.739,1.554,159.083,22.507,4.293
53942109-a0ed-4fe0-bda1-616c82133f26,2026-04-19T16:14:55.945365-04:00,node-01,payments-api,502,True,anomalous,market_aware_v1,73.672,61.267,348.838,23.868,1.55,162.059,11.593,4.23
438f322b-8a80-4309-a73c-fc1d742ff231,2026-04-19T16:14:55.973320-04:00,node-01,orders-api,502,True,anomalous,market_aware_v1,87.803,57.052,322.856,33.017,1.527,167.851,41.893,4.359
53a9a70c-247e-4125-bd5b-60a0b5b3274f,2026-04-19T16:14:56.001212-04:00,node-01,checkout-api,429,True,anomalous,market_aware_v1,85.818,63.529,341.183,29.648,1.709,165.605,28.167,4.512
cfefbbe6-45e4-41d3-ada6-877ce3595a5e,2026-04-19T16:14:56.039276-04:00,node-01,payments-api,502,True,anomalous,market_aware_v1,80.832,66.206,380.002,29.489,2.017,182.493,5.826,5.382
3b9d53e8-2673-4c40-913c-983da610daf1,2026-04-19T16:14:56.072591-04:00,node-01,orders-api,502,True,anomalous,market_aware_v1,85.755,63.274,338.398,32.542,1.617,173.814,46.009,4.519
82486a18-7e5d-4ef6-85ab-e13e106543f9,2026-04-19T16:14:56.111352-04:00,node-01,checkout-api,503,True,anomalous,market_aware_v1,89.026,63.9,354.631,27.762,1.777,174.812,22.893,4.694
df75cb7c-5f2a-468a-bccb-6a4247edb0de,2026-04-19T16:14:56.146939-04:00,node-01,payments-api,503,True,anomalous,market_aware_v1,77.886,64.227,354.444,27.659,1.559,164.471,20.621,4.242
c254d733-ae0e-4dfb-a97a-1049ae3a6804,2026-04-19T16:14:56.182349-04:00,node-01,orders-api,503,True,anomalous,market_aware_v1,85.72,60.668,327.584,33.027,1.508,165.486,46.909,4.17
a0bc0268-d269-41af-88e3-44acc6901206,2026-04-19T16:14:56.216334-04:00,node-01,checkout-api,503,True,anomalous,market_aware_v1,79.496,60.63,342.378,30.346,1.605,163.908,34.838,4.399
4e980ac9-e5d8-4597-b842-458f20c43d58,2026-04-19T16:14:56.255349-04:00,node-01,payments-api,429,True,anomalous,market_aware_v1,79.678,68.571,379.493,26.782,1.902,183.66,15.088,5.295
dac6b7f5-eb62-4962-b5ba-aa0364ac0c4a,2026-04-19T16:14:56.288313-04:00,node-01,orders-api,502,True,anomalous,market_aware_v1,87.776,60.712,313.734,32.001,1.439,159.579,56.885,3.992
38486934-3f15-4400-97f7-a857bf8fca8d,2026-04-19T16:14:56.323233-04:00,node-01,checkout-api,502,True,anomalous,market_aware_v1,83.575,63.785,361.308,28.824,1.755,173.771,22.805,4.79
f1aa8a6b-9a39-481f-a6be-2565453f92f7,2026-04-19T16:14:56.355132-04:00,node-01,payments-api,503,True,anomalous,market_aware_v1,78.479,62.3,348.303,25.447,1.497,164.686,24.736,4.302
20deacc4-6256-4a03-81c5-e77bd5db645f,2026-04-19T16:14:56.394263-04:00,node-01,orders-api,502,True,anomalous,market_aware_v1,88.952,60.377,352.497,31.661,1.605,174.844,51.891,4.771
040abecd-8a09-41ce-961b-b26223ad49e8,2026-04-19T16:14:56.437862-04:00,node-01,checkout-api,429,True,anomalous,market_aware_v1,83.881,62.538,343.335,31.084,1.7,167.633,25.537,4.621
96eff226-ff28-4389-a55f-15c2353e2d15,2026-04-19T16:14:56.474973-04:00,node-01,payments-api,500,True,anomalous,market_aware_v1,78.598,63.72,352.909,26.367,1.507,168.443,17.488,4.448
f8278f72-a450-44bd-89fc-58781f7f2bbd,2026-04-19T16:14:56.507932-04:00,node-01,orders-api,429,True,anomalous,market_aware_v1,81.572,58.993,333.262,31.292,1.505,170.63,43.115,4.483
3c7bfec1-6828-4a97-b9db-22af6413e135,2026-04-19T16:14:56.543452-04:00,node-01,checkout-api,429,True,anomalous,market_aware_v1,84.519,63.151,361.574,29.448,1.724,177.483,27.993,4.736
bc8bee2f-476a-457f-96c3-b7d8825b555f,2026-04-19T16:14:56.574758-04:00,node-01,payments-api,503,True,anomalous,market_aware_v1,80.902,62.547,358.476,26.908,1.583,172.238,12.524,4.546
e70a29ed-296c-44d2-9299-dfb27f780d97,2026-04-19T16:14:56.609991-04:00,node-01,orders-api,502,True,anomalous,market_aware_v1,84.205,56.958,316.164,30.107,1.394,159.967,46.78,3.946
c7bc0c56-828f-437c-94af-ce7e38514655,2026-04-19T16:14:56.649569-04:00,node-01,checkout-api,503,True,anomalous,market_aware_v1,82.715,58.585,344.302,31.641,1.592,166.811,21.221,4.373
f82ac890-61f2-4cef-9113-19acba04b3e7,2026-04-19T16:14:56.683977-04:00,node-01,payments-api,500,True,anomalous,market_aware_v1,77.156,62.243,349.428,25.353,1.564,166.635,10.231,4.41
364bb294-dcf0-474d-b6a3-99c66274fd0a,2026-04-19T16:14:56.716983-04:00,node-01,orders-api,502,True,anomalous,market_aware_v1,84.41,58.967,335.878,30.614,1.494,169.082,48.402,4.206
41ae36a5-9b47-4e1c-b6ad-e076c546af82,2026-04-19T16:14:56.748954-04:00,node-01,checkout-api,503,True,anomalous,market_aware_v1,79.371,58.017,333.325,27.789,1.617,163.719,27.96,4.472
9893397e-b9c7-4a53-a72a-a9d54407cd97,2026-04-19T16:14:56.781100-04:00,node-01,payments-api,502,True,anomalous,market_aware_v1,72.989,62.782,356.446,25.602,1.627,172.599,7.829,4.541
5a949c93-347a-410e-924a-a8b0dc0ad6a8,2026-04-19T16:14:56.813920-04:00,node-01,orders-api,500,True,anomalous,market_aware_v1,85.598,58.049,337.104,28.947,1.459,163.987,47.669,4.386
c2515197-59a5-4e90-9dce-83f12ceb5dda,2026-04-19T16:14:56.844017-04:00,node-01,checkout-api,429,True,anomalous,market_aware_v1,80.467,61.06,330.514,28.427,1.558,158.979,22.699,4.103
e1709f23-e14c-4f16-865f-0cf6a73d6eae,2026-04-19T16:14:56.874911-04:00,node-01,payments-api,502,True,anomalous,market_aware_v1,75.267,60.793,346.922,25.571,1.591,162.957,8.916,4.431
1fd8894e-7a99-457b-a645-9e816ed07c06,2026-04-19T16:14:56.911439-04:00,node-01,orders-api,503,True,anomalous,market_aware_v1,83.768,56.246,342.401,28.467,1.641,165.45,46.496,4.542
87443758-ed20-4851-b674-69d3c9033cd1,2026-04-19T16:14:56.947396-04:00,node-01,checkout-api,429,True,anomalous,market_aware_v1,77.743,60.99,332.172,27.321,1.59,161.693,21.7,4.362
d0c77a40-8595-43b7-80ae-7ff9aea5bb17,2026-04-19T16:14:56.977609-04:00,node-01,payments-api,429,True,anomalous,market_aware_v1,75.192,62.212,358.181,27.321,1.618,171.92,7.16,4.6
25203f86-d338-4992-a3a4-533be3badfe5,2026-04-19T16:14:57.007604-04:00,node-01,orders-api,500,True,anomalous,market_aware_v1,80.895,58.544,315.866,30.643,1.355,154.246,51.547,3.754
609040d9-050f-42b6-8e4b-53ae2b0f412a,2026-04-19T16:14:57.039400-04:00,node-01,checkout-api,502,True,anomalous,market_aware_v1,80.48,64.964,346.409,25.917,1.618,167.781,21.081,4.395
e1ce0f31-f081-41bf-828b-1a69d879f9ff,2026-04-19T16:14:57.083654-04:00,node-01,payments-api,429,True,anomalous,market_aware_v1,75.114,59.898,344.619,25.685,1.619,167.207,8.801,4.555
bef82157-4c9f-4bc6-8735-018436ad16b6,2026-04-19T16:14:57.128274-04:00,node-01,orders-api,503,True,anomalous,market_aware_v1,82.556,58.092,327.61,30.432,1.421,162.205,51.141,4.175
f9864ba7-d167-42b2-aba9-9915341ae9d2,2026-04-19T16:14:57.158408-04:00,node-01,checkout-api,429,True,anomalous,market_aware_v1,84.361,62.95,355.972,29.862,1.773,177.516,20.217,4.91
981d5d77-a547-4933-bad7-f208b4842ceb,2026-04-19T16:14:57.191744-04:00,node-01,payments-api,500,True,anomalous,market_aware_v1,79.128,62.784,355.562,26.071,1.639,170.476,18.55,4.508
ceb59a08-3258-4977-a25d-6a3f2c3b6c30,2026-04-19T16:14:57.229349-04:00,node-01,orders-api,502,True,anomalous,market_aware_v1,85.52,58.718,330.338,29.585,1.402,163.1,52.32,4.181
c4987ad0-d15a-49bb-b5d6-0a1cd00ad530,2026-04-19T16:14:57.260010-04:00,node-01,checkout-api,500,True,anomalous,market_aware_v1,83.14,64.888,332.053,28.632,1.605,163.736,26.732,4.42
f33ea098-04af-49a6-a5d3-950738cee117,2026-04-19T16:14:57.293535-04:00,node-01,payments-api,502,True,anomalous,market_aware_v1,84.898,70.14,359.118,28.072,1.956,175.719,6.981,5.191
4768c8c7-6b73-4b01-ae57-e5226ff110f2,2026-04-19T16:14:57.334831-04:00,node-01,orders-api,502,True,anomalous,market_aware_v1,86.596,59.661,330.757,34.197,1.585,169.885,48.335,4.526
6f6cda0b-a07c-4e13-a270-e32a576fce95,2026-04-19T16:14:57.367473-04:00,node-01,checkout-api,502,True,anomalous,market_aware_v1,83.629,67.76,343.955,33.043,1.634,170.446,27.981,4.532
6dc98fab-9e4f-4ad6-a549-0a7a069a157d,2026-04-19T16:14:57.404250-04:00,node-01,payments-api,429,True,anomalous,market_aware_v1,86.455,72.229,368.503,29.276,1.941,178.979,9.876,5.205
cbc9e45f-737c-46b0-9bec-e544d29146bd,2026-04-19T16:14:57.439416-04:00,node-01,orders-api,429,True,anomalous,market_aware_v1,87.974,57.499,313.653,32.031,1.417,163.323,58.592,3.997
a41acf31-e76c-4b79-8c0f-a0232df82687,2026-04-19T16:14:57.477242-04:00,node-01,checkout-api,503,True,anomalous,market_aware_v1,84.294,67.165,332.849,30.19,1.576,165.179,32.65,4.395
3e7341fb-09de-4141-a158-38b225425f0f,2026-04-19T16:14:57.510616-04:00,node-01,payments-api,429,True,anomalous,market_aware_v1,81.828,67.464,351.279,28.495,1.574,167.076,24.639,4.507
9f8d74e1-fef5-43f1-be18-d25e53cc1942,2026-04-19T16:14:57.546051-04:00,node-01,orders-api,429,True,anomalous,market_aware_v1,86.768,62.93,324.166,32.858,1.494,169.372,53.429,4.289
ff8b5cbd-de26-4951-9829-8b307ffd6f4b,2026-04-19T16:14:57.570432-04:00,node-01,checkout-api,503,True,anomalous,market_aware_v1,88.878,64.13,348.067,31.154,1.649,169.225,32.654,4.546
50fda7dc-e975-4bd0-8f4d-d08d7bbc76d6,2026-04-19T16:14:57.589843-04:00,node-01,payments-api,429,True,anomalous,market_aware_v1,85.959,68.692,349.498,26.206,1.608,171.183,16.691,4.473
457a312e-07ac-408e-8c84-92479dfc2f6d,2026-04-19T16:14:57.610898-04:00,node-01,orders-api,429,True,anomalous,market_aware_v1,91.639,63.005,323.291,31.836,1.371,162.457,59.712,3.986
b4058153-e7d6-4532-8c37-5fd06655fc90,2026-04-19T16:14:57.631123-04:00,node-01,checkout-api,502,True,anomalous,market_aware_v1,87.723,66.072,365.22,30.157,1.676,174.915,29.919,4.659
d8dd0760-5af7-44d1-a2fa-366657363621,2026-04-19T16:14:57.660178-04:00,node-01,payments-api,503,True,anomalous,market_aware_v1,84.598,68.95,366.781,30.465,1.982,170.161,11.681,5.054
227e6b2d-4de6-43b2-a394-c9fe4f759e5f,2026-04-19T16:14:57.681615-04:00,node-01,orders-api,503,True,anomalous,market_aware_v1,86.661,60.123,329.005,31.745,1.467,172.266,55.724,4.358
8e7dc0f6-ff8f-45e0-afb8-d83fa88df609,2026-04-19T16:14:57.702369-04:00,node-01,checkout-api,500,True,anomalous,market_aware_v1,90.686,64.475,351.805,30.286,1.609,172.749,31.058,4.519
ef299092-cde1-49b7-9333-490d41dc0165,2026-04-19T16:14:57.731698-04:00,node-01,payments-api,503,True,anomalous,market_aware_v1,77.785,62.832,340.361,25.245,1.56,162.047,17.183,4.189
5bd7acf6-d7f1-468b-8654-433020259af4,2026-04-19T16:14:57.763516-04:00,node-01,orders-api,502,True,anomalous,market_aware_v1,85.343,60.676,330.267,32.572,1.487,163.128,49.702,4.136
a4c71872-dce3-45be-a2f2-732c96f07983,2026-04-19T16:14:57.788049-04:00,node-01,checkout-api,500,True,anomalous,market_aware_v1,82.042,60.35,359.391,28.62,1.608,169.381,23.914,4.487
53831745-28a7-4f04-aabe-5b4f6e8d94c8,2026-04-19T16:14:57.815397-04:00,node-01,payments-api,502,True,anomalous,market_aware_v1,83.06,68.753,370.642,26.627,1.719,180.073,5.179,4.808
05000cca-0a83-459b-8e76-f6a9edfb97cb,2026-04-19T16:14:57.836433-04:00,node-01,orders-api,502,True,anomalous,market_aware_v1,82.644,58.99,333.927,29.547,1.486,163.849,51.872,4.154
042c44a7-f15d-4741-ac01-48ee7ef1a2d7,2026-04-19T16:14:57.858620-04:00,node-01,checkout-api,500,True,anomalous,market_aware_v1,77.52,60.371,338.42,26.714,1.572,163.507,26.137,4.329
8d0e672d-7ba2-473b-9449-183d614cb442,2026-04-19T16:14:57.883314-04:00,node-01,payments-api,503,True,anomalous,market_aware_v1,73.548,62.305,348.16,26.444,1.5,170.196,6.331,4.392
c91debda-4d62-4bd4-ac62-874d6e545976,2026-04-19T16:14:57.910898-04:00,node-01,orders-api,429,True,anomalous,market_aware_v1,77.213,58.592,317.112,29.417,1.446,162.031,42.838,4.103
069c28b0-e17b-4fa9-9f04-c2ed1ac63233,2026-04-19T16:14:57.941984-04:00,node-01,checkout-api,503,True,anomalous,market_aware_v1,76.161,60.814,351.225,26.371,1.863,176.305,16.563,5.113
c0f3476b-afb4-4325-8f3f-ca210b6a3cbb,2026-04-19T16:14:57.966097-04:00,node-01,payments-api,502,True,anomalous,market_aware_v1,70.598,59.693,352.592,23.448,1.567,169.732,4.254,4.427
f32e1658-ecfc-4aec-bbf5-6e1839767fcb,2026-04-19T16:14:57.995626-04:00,node-01,orders-api,429,True,anomalous,market_aware_v1,78.0,55.797,319.691,28.637,1.399,163.431,38.433,4.065
9564fab1-cb19-48c8-b9d0-c432d46d7d31,2026-04-19T16:14:58.017201-04:00,node-01,checkout-api,500,True,anomalous,market_aware_v1,76.311,57.839,343.052,25.926,1.589,165.477,11.296,4.532
dd733539-9b1d-4d53-80d8-88bb595e01bb,2026-04-19T16:14:58.050115-04:00,node-01,payments-api,503,True,anomalous,market_aware_v1,68.112,62.467,338.201,24.447,1.539,162.182,2.772,4.233
b8219704-a5c9-449d-a0f8-1836d483a272,2026-04-19T16:14:58.082257-04:00,node-01,orders-api,500,True,anomalous,market_aware_v1,77.794,57.351,319.227,31.075,1.444,161.951,40.961,3.959
a3455499-2bc3-4d0a-8693-beaa0e306aba,2026-04-19T16:14:58.111113-04:00,node-01,checkout-api,500,True,anomalous,market_aware_v1,80.804,61.751,342.011,27.764,1.984,162.054,17.712,4.853
9808e45c-92ef-4597-a636-06c60a93d216,2026-04-19T16:14:58.139603-04:00,node-01,payments-api,503,True,anomalous,market_aware_v1,73.603,60.09,353.334,23.686,1.459,164.983,4.842,4.351
fbfa37a5-3e98-495d-8b0b-785dad6c9a2d,2026-04-19T16:14:58.161350-04:00,node-01,orders-api,500,True,anomalous,market_aware_v1,80.888,56.664,314.285,31.025,1.404,161.261,51.955,4.09
ea396507-6c8d-465d-befc-74d44cdc27f5,2026-04-19T16:14:58.178577-04:00,node-01,checkout-api,500,True,anomalous,market_aware_v1,77.874,58.763,350.2,28.064,1.632,167.781,17.203,4.521
5630a4d3-bc6e-4fd1-834f-759c085fb268,2026-04-19T16:14:58.195743-04:00,node-01,payments-api,429,True,anomalous,market_aware_v1,76.635,62.355,370.373,25.421,1.675,176.007,1.263,4.849
60b90e93-9014-4068-8ae3-be420ce1d305,2026-04-19T16:14:58.215134-04:00,node-01,orders-api,429,True,anomalous,market_aware_v1,82.368,59.802,330.717,28.784,1.532,172.217,39.296,4.302
8eca5cc4-56f9-47a1-8bd5-0e0f30f82df9,2026-04-19T16:14:58.237289-04:00,node-01,checkout-api,500,True,anomalous,market_aware_v1,81.957,57.335,351.003,27.563,1.628,168.321,21.495,4.502
28ba2fd9-be8c-4239-8105-08a6cd34eecd,2026-04-19T16:14:58.258864-04:00,node-01,payments-api,502,True,anomalous,market_aware_v1,81.215,64.523,365.549,23.753,1.651,169.766,12.254,4.791
722f3799-805d-4755-bb5c-50b937a1fbaf,2026-04-19T16:14:58.290759-04:00,node-01,orders-api,500,True,anomalous,market_aware_v1,81.308,60.836,323.712,31.141,1.522,166.559,43.245,4.252
38d8c37d-4412-42cf-9f2b-3e91ee237275,2026-04-19T16:14:58.307652-04:00,node-01,checkout-api,503,True,anomalous,market_aware_v1,80.976,60.208,346.543,30.249,1.561,166.888,20.352,4.431
41312159-9cd1-4464-941e-46b863d29c99,2026-04-19T16:14:58.324964-04:00,node-01,payments-api,500,True,anomalous,market_aware_v1,79.209,63.194,360.388,25.278,1.573,170.689,6.832,4.479
655eb84f-5e8b-4a45-b656-4ddf470d77ed,2026-04-19T16:14:58.360494-04:00,node-01,orders-api,503,True,anomalous,market_aware_v1,85.722,59.141,334.004,28.316,1.45,171.488,45.95,4.249
4f449edb-7dc9-4997-b914-247b9f2df2f8,2026-04-19T16:14:58.388794-04:00,node-01,checkout-api,503,True,anomalous,market_aware_v1,83.058,61.955,344.387,28.871,1.62,170.265,25.669,4.574
05fdb079-3a41-4676-9e2b-472072a09ee5,2026-04-19T16:14:58.412101-04:00,node-01,payments-api,502,True,anomalous,market_aware_v1,75.268,63.367,343.25,27.89,1.476,164.359,16.232,4.379
55b691b4-297c-456a-9f4c-813f3c6afc67,2026-04-19T16:14:58.440836-04:00,node-01,orders-api,503,True,anomalous,market_aware_v1,92.687,60.437,342.577,31.902,1.798,171.981,43.752,4.931
50fb59ee-98cf-4d63-a31f-2af8a0413ba7,2026-04-19T16:14:58.459400-04:00,node-01,checkout-api,500,True,anomalous,market_aware_v1,80.545,62.867,334.144,30.012,1.556,163.06,27.37,4.311
8dc15da6-a793-45c1-bf9e-27562fc6609c,2026-04-19T16:14:58.483324-04:00,node-01,payments-api,429,True,anomalous,market_aware_v1,82.005,64.478,351.578,26.415,1.71,172.887,20.295,4.794
59ab09ff-3a5c-4f92-b036-e048600eb61d,2026-04-19T16:14:58.505661-04:00,node-01,orders-api,429,True,anomalous,market_aware_v1,86.985,62.985,329.151,34.401,1.431,163.811,52.71,4.226
a04bccc1-f897-4af8-ada6-f99b732f2478,2026-04-19T16:14:58.528432-04:00,node-01,checkout-api,429,True,anomalous,market_aware_v1,89.296,67.399,360.501,29.044,1.728,176.265,27.947,4.857
ed11439b-96c9-4d21-8a49-f25c464b85fa,2026-04-19T16:14:58.557377-04:00,node-01,payments-api,503,True,anomalous,market_aware_v1,80.473,62.724,346.129,29.371,1.579,173.407,14.048,4.56
e73ca485-b632-47cd-bd80-d2e3081967b8,2026-04-19T16:14:58.585136-04:00,node-01,orders-api,503,True,anomalous,market_aware_v1,87.247,59.187,324.18,32.874,1.491,164.102,53.079,4.139
fe23bed9-af91-4732-8272-d9a2b861355d,2026-04-19T16:14:58.606667-04:00,node-01,checkout-api,500,True,anomalous,market_aware_v1,87.584,61.258,357.098,27.547,1.796,181.343,26.83,4.848
031fa1c7-273f-4cef-8e55-8995b0931cd3,2026-04-19T16:14:58.627142-04:00,node-01,payments-api,429,True,anomalous,market_aware_v1,81.324,62.139,346.375,25.944,1.533,169.194,17.106,4.439
bfa211df-070c-41b2-830c-ec4456c0e3b1,2026-04-19T16:14:58.649086-04:00,node-01,orders-api,502,True,anomalous,market_aware_v1,88.377,58.762,324.993,32.026,1.427,166.849,51.288,4.124
04d3625a-45d1-4075-b659-768ec90a4bed,2026-04-19T16:14:58.672205-04:00,node-01,checkout-api,429,True,anomalous,market_aware_v1,85.474,63.369,382.224,32.761,1.91,182.616,22.386,5.302
51d41cda-6e99-4ca9-941f-f206a119e17b,2026-04-19T16:14:58.691191-04:00,node-01,payments-api,502,True,anomalous,market_aware_v1,80.529,67.056,350.249,24.975,1.562,167.617,14.006,4.504
0639789f-bd0a-4a3d-99fd-36994509f58f,2026-04-19T16:14:58.706527-04:00,node-01,orders-api,429,True,anomalous,market_aware_v1,81.032,62.075,321.503,30.754,1.48,169.451,45.249,4.127
06511b9b-c126-441a-8996-faddd10229b3,2026-04-19T16:14:58.724670-04:00,node-01,checkout-api,429,True,anomalous,market_aware_v1,84.772,64.957,366.704,28.815,2.011,176.783,17.846,5.152
2efbf704-2981-4cbf-a398-ec82136e28e2,2026-04-19T16:14:58.750453-04:00,node-01,payments-api,502,True,anomalous,market_aware_v1,79.462,62.653,361.575,23.904,1.685,171.651,11.516,4.562
7587129c-ff87-4d0c-adf2-1f2ff5a0725b,2026-04-19T16:14:58.772221-04:00,node-01,orders-api,503,True,anomalous,market_aware_v1,84.761,55.453,322.576,30.37,1.335,164.369,47.69,4.029
0c91449c-21e5-4f90-b49d-d22b9c2b7e7e,2026-04-19T16:14:58.803664-04:00,node-01,checkout-api,500,True,anomalous,market_aware_v1,79.402,59.637,312.588,29.761,1.539,149.919,32.974,4.1
f27f1691-167c-40bc-8d42-401aadbb83d2,2026-04-19T16:14:58.829232-04:00,node-01,payments-api,503,True,anomalous,market_aware_v1,76.055,61.757,353.291,23.683,1.527,169.784,6.684,4.417
385b2a37-a895-48d7-8e6d-fc2ee495fd9d,2026-04-19T16:14:58.859150-04:00,node-01,orders-api,429,True,anomalous,market_aware_v1,86.417,58.409,350.874,31.793,1.78,183.601,42.062,5.073
a1a42375-029b-46f0-9be3-0211373cf9b7,2026-04-19T16:14:58.886616-04:00,node-01,checkout-api,429,True,anomalous,market_aware_v1,78.569,58.471,351.879,28.658,1.623,167.101,14.91,4.419
38c69ff5-2c80-41c2-a8d4-157b826fdfaf,2026-04-19T16:14:58.906035-04:00,node-01,payments-api,429,True,anomalous,market_aware_v1,76.314,63.108,354.576,25.399,1.649,168.68,16.268,4.518
5120e9ec-c481-4ec4-a7c7-ea9014f9fb07,2026-04-19T16:14:58.928046-04:00,node-01,orders-api,503,True,anomalous,market_aware_v1,77.927,54.369,340.171,30.828,1.394,163.764,43.178,4.198
dcfc4210-8478-4fec-aa96-4366ee85f3f3,2026-04-19T16:14:58.950750-04:00,node-01,checkout-api,429,True,anomalous,market_aware_v1,79.523,54.49,330.691,27.216,1.575,160.305,27.041,4.296
58e757db-c195-40ba-b7cd-72f9a3172155,2026-04-19T16:14:58.974606-04:00,node-01,payments-api,429,True,anomalous,market_aware_v1,77.235,60.741,348.582,25.645,1.466,163.45,8.762,4.226
e5bf3bc8-9252-483b-8e13-c8c08975cfa9,2026-04-19T16:14:58.995253-04:00,node-01,orders-api,502,True,anomalous,market_aware_v1,82.509,59.534,317.491,28.858,1.397,161.811,45.274,4.123
c31dbf2c-dc11-45e1-b6ad-40f921f27572,2026-04-19T16:14:59.019386-04:00,node-01,checkout-api,429,True,anomalous,market_aware_v1,79.216,58.079,326.257,29.984,1.586,161.054,29.353,4.301
5f9da033-3f1d-4216-9337-7c82f5043988,2026-04-19T16:14:59.048324-04:00,node-01,payments-api,500,True,anomalous,market_aware_v1,77.216,63.724,358.413,24.864,1.631,175.935,3.433,4.556
ffd52a2b-25e2-4b56-be56-851b98c37590,2026-04-19T16:14:59.074262-04:00,node-01,orders-api,429,True,anomalous,market_aware_v1,83.971,56.703,316.548,32.376,1.457,163.458,44.168,4.178
539912bf-8b02-4c04-af62-31a9d1fe98c6,2026-04-19T16:14:59.095912-04:00,node-01,checkout-api,503,True,anomalous,market_aware_v1,86.34,62.149,343.379,28.465,1.601,166.115,27.624,4.522
f4e5f667-3644-481d-b2d8-0cc01ad0e5be,2026-04-19T16:14:59.117747-04:00,node-01,payments-api,500,True,anomalous,market_aware_v1,79.574,62.778,354.536,26.685,1.701,175.705,14.338,4.684
5969b178-e2df-4784-a7be-c3fd0e954550,2026-04-19T16:14:59.140401-04:00,node-01,orders-api,500,True,anomalous,market_aware_v1,81.725,56.388,324.641,29.673,1.371,159.582,48.225,3.994
7e0c1c78-0992-472f-bcb2-7ff638171522,2026-04-19T16:14:59.182831-04:00,node-01,checkout-api,502,True,anomalous,market_aware_v1,81.855,60.733,353.431,27.658,1.645,174.225,21.649,4.704
e5e6fc62-2d55-4bd6-b14f-d96a7fc4a150,2026-04-19T16:14:59.218904-04:00,node-01,payments-api,503,True,anomalous,market_aware_v1,83.022,66.189,366.994,25.081,1.607,174.508,14.878,4.544
9baffe4d-4c0b-4e93-b4de-82d01f4fc67f,2026-04-19T16:14:59.252380-04:00,node-01,orders-api,429,True,anomalous,market_aware_v1,92.897,63.449,348.169,31.974,1.558,177.742,47.636,4.542
f210464f-85f6-4414-8d50-2647a4bfbe00,2026-04-19T16:14:59.282699-04:00,node-01,checkout-api,429,True,anomalous,market_aware_v1,87.774,63.703,362.542,28.681,1.709,173.173,25.889,4.756
707625c4-d6ba-48c9-85ec-a5ec30f9676f,2026-04-19T16:14:59.304864-04:00,node-01,payments-api,503,True,anomalous,market_aware_v1,82.76,65.774,366.036,29.419,1.585,175.14,16.631,4.636
e1d0dadf-cd1b-447a-9f21-641297f54001,2026-04-19T16:14:59.339204-04:00,node-01,orders-api,429,True,anomalous,market_aware_v1,91.513,63.954,331.349,30.776,1.427,165.37,53.351,4.083
b73b8c8b-631c-4db0-b933-2ee6c3264aff,2026-04-19T16:14:59.364586-04:00,node-01,checkout-api,500,True,anomalous,market_aware_v1,86.483,67.652,363.653,28.857,1.76,176.915,32.358,4.755
b5adaae8-563a-4d87-a00c-3e5478ad1c04,2026-04-19T16:14:59.386900-04:00,node-01,payments-api,502,True,anomalous,market_aware_v1,86.703,66.093,351.923,28.207,1.708,175.281,15.815,4.704
de0bc684-2731-4526-ab93-c10392ce4fcb,2026-04-19T16:14:59.416704-04:00,node-01,orders-api,502,True,anomalous,market_aware_v1,89.404,63.39,330.381,34.322,1.514,172.374,47.017,4.449
49ec6bb9-15be-4518-b10d-fbf2e3a3c7d5,2026-04-19T16:14:59.451850-04:00,node-01,checkout-api,502,True,anomalous,market_aware_v1,87.99,65.154,340.525,31.392,1.664,164.18,34.392,4.445
b74fecfc-f49e-46a0-b37c-90f361ae3403,2026-04-19T16:14:59.487215-04:00,node-01,payments-api,502,True,anomalous,market_aware_v1,85.268,66.316,377.55,26.951,1.73,179.148,15.42,4.824
cb72fba4-1f99-49b9-83d3-78a8864973b5,2026-04-19T16:14:59.528278-04:00,node-01,orders-api,500,True,anomalous,market_aware_v1,93.671,62.981,344.406,33.943,1.651,178.974,51.317,4.772
1b83031f-4056-4352-a624-d39b091aa709,2026-04-19T16:14:59.567434-04:00,node-01,checkout-api,500,True,anomalous,market_aware_v1,83.21,65.225,341.964,27.943,1.581,169.955,32.253,4.506
62a88974-e5e2-4230-b46e-0178692a294a,2026-04-19T16:14:59.611919-04:00,node-01,payments-api,429,True,anomalous,market_aware_v1,82.076,67.228,358.754,27.847,1.667,179.536,11.643,4.859
192e9e2c-9a95-49a3-8085-5d1d6f279f21,2026-04-19T16:14:59.647263-04:00,node-01,orders-api,502,True,anomalous,market_aware_v1,87.527,61.486,330.865,29.997,1.43,168.33,56.292,4.329
452b1fdd-213a-49ca-9be3-a836860850fa,2026-04-19T16:14:59.673326-04:00,node-01,checkout-api,502,True,anomalous,market_aware_v1,88.639,64.12,346.584,30.62,1.706,168.392,29.171,4.508
e569d673-d374-4b94-bb82-9f3e96512a62,2026-04-19T16:14:59.718993-04:00,node-01,payments-api,502,True,anomalous,market_aware_v1,82.498,66.109,358.719,27.499,1.575,169.865,16.663,4.454
3af3246a-34b5-48fc-8fd1-b715826fe1bc,2026-04-19T16:14:59.752482-04:00,node-01,orders-api,503,True,anomalous,market_aware_v1,84.022,60.786,329.868,30.419,1.45,168.659,48.503,4.198
b817cf60-e9be-4d18-9f7e-f6ac27861934,2026-04-19T16:14:59.782688-04:00,node-01,checkout-api,500,True,anomalous,market_aware_v1,83.951,63.854,340.331,29.198,1.722,164.582,30.142,4.439
4d47faf6-e99f-4eab-bdfe-e7329392621c,2026-04-19T16:14:59.829052-04:00,node-01,payments-api,500,True,anomalous,market_aware_v1,79.346,63.316,350.138,27.273,1.634,171.386,12.734,4.48
5bad9a40-6245-4009-85d4-f03085d13a95,2026-04-19T16:14:59.872545-04:00,node-01,orders-api,429,True,anomalous,market_aware_v1,82.964,56.312,322.338,29.876,1.535,168.46,49.415,4.21
189bbef1-61fd-4226-bdc7-691571b31bf8,2026-04-19T16:14:59.907284-04:00,node-01,checkout-api,429,True,anomalous,market_aware_v1,80.924,57.583,339.406,27.635,1.499,168.195,24.891,4.262
bfb77ef8-f784-4cc9-a016-5a05caaf5887,2026-04-19T16:14:59.938594-04:00,node-01,payments-api,429,True,anomalous,market_aware_v1,74.506,60.749,364.266,25.885,1.571,174.68,0.061,4.517
b47015d4-eb49-4c56-9477-8d66ce8d7f5b,2026-04-19T16:14:59.959505-04:00,node-01,orders-api,502,True,anomalous,market_aware_v1,81.9,59.276,331.774,31.612,1.554,166.911,40.125,4.371
