event_id,generated_at,source_node,service_name,status_code,is_synthetic,scenario_tag,telemetry_profile,cpu_pct,memory_pct,latency_ms,disk_io_pct,net_error_rate,queue_length,throughput_rate,http_5xx_rate
53ded5e3-e088-4f0d-bc04-fcf0fa250633,2026-04-25T17:12:08.624670-04:00,node-01,payments-api,200,True,normal,market_aware_v1,44.641,50.344,123.747,25.127,0.581,54.517,72.842,1.369
b7cc1673-1c9b-4a6b-ae7b-183bcd80525b,2026-04-25T17:12:08.627867-04:00,node-01,orders-api,200,True,normal,market_aware_v1,46.229,46.041,84.046,31.882,0.269,46.533,101.287,0.62
ad27fb28-8cdf-4b2e-bb7b-45adb84ab41a,2026-04-25T17:12:08.628632-04:00,node-01,checkout-api,200,True,normal,market_aware_v1,48.003,51.312,85.051,31.635,0.416,44.041,83.609,0.759
0de44c4b-6463-4776-9d16-9853bb9a0bc2,2026-04-25T17:12:08.629146-04:00,node-01,payments-api,200,True,normal,market_aware_v1,43.001,49.672,108.673,26.229,0.365,45.766,68.415,0.808
6a110fe3-3a6e-4442-8c0e-2b180bc46a1a,2026-04-25T17:12:08.629617-04:00,node-01,orders-api,200,True,normal,market_aware_v1,52.698,44.49,75.146,33.006,0.166,38.373,105.826,0.319
3929de3c-e371-40d7-b935-1ff4583b1e7d,2026-04-25T17:12:08.630066-04:00,node-01,checkout-api,200,True,normal,market_aware_v1,47.995,51.475,94.62,29.509,0.396,45.902,84.795,0.765
a7d5b06e-96ed-48fd-aead-374ca8c6625b,2026-04-25T17:12:08.630558-04:00,node-01,payments-api,200,True,normal,market_aware_v1,44.198,50.359,104.063,29.441,0.348,44.999,74.104,0.791
47fa505f-5037-40bb-8e27-d24dae6fa7cd,2026-04-25T17:12:08.631040-04:00,node-01,orders-api,200,True,normal,market_aware_v1,48.382,50.115,72.455,34.07,0.176,38.998,110.663,0.243
a2307f25-fdca-4b90-9779-76aa70eba8a0,2026-04-25T17:12:08.631530-04:00,node-01,checkout-api,200,True,normal,market_aware_v1,51.449,50.339,94.112,29.018,0.347,39.528,91.827,0.662
dfa2ad8e-0433-47c4-9b67-51b2b2bc0206,2026-04-25T17:12:08.632013-04:00,node-01,payments-api,200,True,normal,market_aware_v1,49.732,52.159,97.23,27.604,0.357,43.766,72.421,0.714
d061d4e2-54a1-4d84-8d3b-eb9ca48ccc3e,2026-04-25T17:12:08.632504-04:00,node-01,orders-api,200,True,normal,market_aware_v1,53.097,46.476,75.676,32.165,0.21,36.662,108.488,0.243
6c1050dc-e34c-4065-979c-cacf2480309c,2026-04-25T17:12:08.632994-04:00,node-01,checkout-api,200,True,anomalous,market_aware_v1,50.76,52.616,103.544,33.645,0.723,41.977,85.848,1.169
1c512184-930e-4f2c-990d-f130bedd51e1,2026-04-25T17:12:08.633499-04:00,node-01,payments-api,200,True,normal,market_aware_v1,46.049,50.017,119.472,31.772,0.395,48.383,71.682,0.976
ab2e5775-10d5-47b1-8a56-f3edc532351b,2026-04-25T17:12:08.634015-04:00,node-01,orders-api,200,True,normal,market_aware_v1,52.614,43.627,94.758,32.049,0.307,45.548,106.951,0.525
c51ca6cd-7ec7-4cce-b7ee-05d5ff9ed8cd,2026-04-25T17:12:08.634788-04:00,node-01,checkout-api,200,True,normal,market_aware_v1,46.408,51.352,101.451,31.723,0.476,47.186,85.047,0.867
4a20731c-fb42-419b-9e53-46bfffa707e2,2026-04-25T17:12:08.635647-04:00,node-01,payments-api,200,True,normal,market_aware_v1,44.012,51.851,94.968,27.955,0.328,46.37,66.12,0.811
9885f298-f18e-4dac-b8ff-84a7d07a1a3b,2026-04-25T17:12:08.636144-04:00,node-01,orders-api,200,True,anomalous,market_aware_v1,53.592,48.563,72.558,32.425,0.474,38.73,98.325,0.74
7b5bc642-7505-4edc-b074-938ca7ca3ab3,2026-04-25T17:12:08.636636-04:00,node-01,checkout-api,200,True,normal,market_aware_v1,43.092,49.462,74.5,30.094,0.227,33.324,86.785,0.372
92b0f491-58b5-4423-89b4-d53923d3d7d7,2026-04-25T17:12:08.637119-04:00,node-01,payments-api,200,True,normal,market_aware_v1,41.425,50.192,92.304,25.348,0.366,38.437,59.255,0.482
fb66f1ab-efb4-41dd-89a7-cb982635a1d7,2026-04-25T17:12:08.637611-04:00,node-01,orders-api,200,True,normal,market_aware_v1,47.458,42.448,71.652,30.996,0.203,39.245,99.178,0.355
9e54e8a6-7191-49c1-a865-e8a059d78eb2,2026-04-25T17:12:08.638096-04:00,node-01,checkout-api,200,True,normal,market_aware_v1,43.457,41.566,89.671,27.892,0.435,43.502,77.54,0.838
4b6da21e-caca-4f6d-b4e5-0195da3879b0,2026-04-25T17:12:08.638592-04:00,node-01,payments-api,200,True,normal,market_aware_v1,40.262,44.565,97.233,25.376,0.302,39.708,59.63,0.562
8b12f80c-1d0b-435a-8858-ba59797a618f,2026-04-25T17:12:08.639095-04:00,node-01,orders-api,200,True,normal,market_aware_v1,45.844,43.295,88.109,29.284,0.284,41.426,90.142,0.54
643c90bf-03a1-4952-a9ab-f7f1a2e8448c,2026-04-25T17:12:08.640050-04:00,node-01,checkout-api,200,True,normal,market_aware_v1,40.507,46.872,84.203,27.443,0.29,35.896,75.888,0.502
2c375b6a-2091-4f28-aa3c-8d728d577398,2026-04-25T17:12:08.640895-04:00,node-01,payments-api,200,True,normal,market_aware_v1,37.753,48.339,93.382,24.495,0.375,44.846,58.537,0.836
673226a2-a775-42b0-bc53-b22b5f41087a,2026-04-25T17:12:08.642136-04:00,node-01,orders-api,200,True,anomalous,market_aware_v1,46.913,44.064,87.263,32.847,0.434,38.624,90.059,0.638
37cc4b22-5029-4a16-a767-b6881d344a45,2026-04-25T17:12:08.643030-04:00,node-01,checkout-api,200,True,normal,market_aware_v1,41.789,44.52,96.078,26.582,0.389,47.225,72.067,0.894
4e8af19e-b705-4570-b725-08f7666ed92d,2026-04-25T17:12:08.644162-04:00,node-01,payments-api,200,True,normal,market_aware_v1,34.673,44.514,78.598,25.936,0.195,34.29,58.379,0.342
e02c936f-15d9-44ef-ae80-88af717e88d9,2026-04-25T17:12:08.644808-04:00,node-01,orders-api,200,True,normal,market_aware_v1,40.626,42.004,59.155,28.872,0.076,28.089,96.592,0.163
5f8250c6-4451-4957-bc02-fda3f39c0b58,2026-04-25T17:12:08.645686-04:00,node-01,checkout-api,200,True,anomalous,market_aware_v1,45.433,47.003,80.974,27.404,0.712,38.984,69.663,0.925
2df6b7df-9f36-4125-a7b8-088920b34b74,2026-04-25T17:12:08.646492-04:00,node-01,payments-api,200,True,normal,market_aware_v1,36.64,44.414,89.0,23.034,0.218,35.085,64.582,0.341
c9355c73-fffe-4d38-9405-1e1767768b5f,2026-04-25T17:12:08.646972-04:00,node-01,orders-api,200,True,normal,market_aware_v1,40.731,40.251,79.147,30.836,0.204,39.364,94.278,0.473
af970c57-b60b-4283-80b6-0c9f1b716e82,2026-04-25T17:12:08.647480-04:00,node-01,checkout-api,200,True,normal,market_aware_v1,40.947,41.49,78.201,25.705,0.397,38.138,70.227,0.618
404752f5-5c54-495e-9ea5-c13638a00790,2026-04-25T17:12:08.647975-04:00,node-01,payments-api,200,True,normal,market_aware_v1,35.568,47.727,100.722,23.022,0.404,41.732,59.479,0.564
a7a0edf8-bf93-497e-8da7-ce9ce505699b,2026-04-25T17:12:08.648506-04:00,node-01,orders-api,200,True,normal,market_aware_v1,42.042,46.807,72.586,28.234,0.047,33.704,96.018,0.156
d17c342c-50d8-4811-88cd-6d6053acbc59,2026-04-25T17:12:08.648959-04:00,node-01,checkout-api,200,True,normal,market_aware_v1,42.16,44.017,77.543,28.634,0.307,33.647,83.874,0.539
3438494c-b212-401a-ae8a-ec59113c6730,2026-04-25T17:12:08.649396-04:00,node-01,payments-api,200,True,normal,market_aware_v1,35.711,46.503,96.865,25.978,0.328,42.174,68.126,0.751
74a87401-4129-428a-987b-7ae9c5d39b2a,2026-04-25T17:12:08.649893-04:00,node-01,orders-api,200,True,normal,market_aware_v1,47.911,42.737,81.115,30.671,0.287,44.766,92.509,0.479
591cfd0f-0115-4c36-98ce-7d3a9e317514,2026-04-25T17:12:08.650374-04:00,node-01,checkout-api,200,True,normal,market_aware_v1,44.447,46.183,94.169,28.822,0.351,39.926,80.076,0.667
6bba3f2f-87f7-47db-88d5-50bed30e17f9,2026-04-25T17:12:08.650845-04:00,node-01,payments-api,200,True,normal,market_aware_v1,40.749,48.11,103.909,24.276,0.426,48.491,61.479,0.81
7fd02d0d-5f35-4092-8a18-3c3b8623ca4c,2026-04-25T17:12:08.651330-04:00,node-01,orders-api,200,True,normal,market_aware_v1,43.994,43.13,85.377,30.376,0.28,42.605,101.483,0.436
87b28fd8-7c06-4f5a-a796-3224edaf4f7e,2026-04-25T17:12:08.651775-04:00,node-01,checkout-api,200,True,normal,market_aware_v1,44.587,47.469,92.228,30.412,0.365,40.534,82.175,0.788
8acdeea8-7aeb-4ee7-b4c4-2b89365c570d,2026-04-25T17:12:08.652220-04:00,node-01,payments-api,200,True,normal,market_aware_v1,50.155,50.047,121.809,27.592,0.38,48.763,62.904,1.105
7ed0bcdf-c56b-4d91-adc4-9b809034d09a,2026-04-25T17:12:08.652709-04:00,node-01,orders-api,200,True,normal,market_aware_v1,48.888,44.073,60.749,30.633,0.175,30.149,106.9,0.243
a024bd03-29bd-4285-a85f-7a721d61fa80,2026-04-25T17:12:08.653184-04:00,node-01,checkout-api,200,True,normal,market_aware_v1,47.359,51.798,79.936,32.054,0.301,36.387,82.143,0.439
0efd6a32-5488-46e8-9f7b-1a0036c231e7,2026-04-25T17:12:08.653666-04:00,node-01,payments-api,200,True,normal,market_aware_v1,41.087,49.362,105.972,26.718,0.393,50.374,63.657,1.017
fcadbe01-d042-4f40-a4b7-54795a78a9de,2026-04-25T17:12:08.654153-04:00,node-01,orders-api,200,True,normal,market_aware_v1,46.96,45.898,81.585,31.327,0.318,43.753,102.576,0.564
65581c38-0dbc-4111-b59c-4c48aab11387,2026-04-25T17:12:08.654632-04:00,node-01,checkout-api,200,True,normal,market_aware_v1,48.164,47.531,90.821,28.92,0.405,44.588,83.007,0.714
390c1a15-9081-4722-8f3d-c8bea2a22064,2026-04-25T17:12:08.655182-04:00,node-01,payments-api,200,True,normal,market_aware_v1,44.041,50.878,113.513,27.289,0.408,50.903,69.766,0.972
c32dac28-1d62-4e38-b374-ab074af4f078,2026-04-25T17:12:08.655871-04:00,node-01,orders-api,200,True,normal,market_aware_v1,50.156,44.751,77.153,31.772,0.254,41.667,108.336,0.573
3e7d6c14-4a16-4e65-a405-66bedd43c4f9,2026-04-25T17:12:08.656362-04:00,node-01,checkout-api,200,True,normal,market_aware_v1,46.046,47.817,99.271,31.118,0.461,41.731,80.394,0.686
9c4412b3-1adc-4866-a274-5e353053de3e,2026-04-25T17:12:08.656856-04:00,node-01,payments-api,200,True,normal,market_aware_v1,45.531,51.442,98.728,26.279,0.366,42.536,68.131,0.727
65eb3544-91a0-4c82-aa13-6b65b105ef07,2026-04-25T17:12:08.657279-04:00,node-01,orders-api,200,True,normal,market_aware_v1,52.648,48.207,65.594,32.99,0.221,40.072,105.452,0.361
dc0b8743-c89a-4e21-9821-5ecd94aa559a,2026-04-25T17:12:08.657765-04:00,node-01,checkout-api,200,True,normal,market_aware_v1,45.649,47.511,100.041,28.71,0.375,43.733,82.764,0.675
ace230ba-31d3-4aa8-a812-f7cde59779e0,2026-04-25T17:12:08.658198-04:00,node-01,payments-api,200,True,normal,market_aware_v1,44.907,53.299,90.942,25.06,0.275,42.916,69.909,0.696
ee0421e3-579c-4f66-b485-718a349ac857,2026-04-25T17:12:08.658663-04:00,node-01,orders-api,200,True,normal,market_aware_v1,49.103,42.671,71.267,31.143,0.2,36.223,107.261,0.199
299e3800-f156-4179-9af8-8d2181e3d399,2026-04-25T17:12:08.659102-04:00,node-01,checkout-api,200,True,normal,market_aware_v1,47.394,46.972,86.948,28.893,0.372,43.194,75.418,0.816
1b05e012-ee48-4b8f-a1fb-20d4ca5b6f59,2026-04-25T17:12:08.659720-04:00,node-01,payments-api,200,True,normal,market_aware_v1,37.678,49.176,102.793,26.841,0.392,42.351,62.285,0.723
a33d33db-da1f-469d-9192-06ad49551761,2026-04-25T17:12:08.660224-04:00,node-01,orders-api,200,True,normal,market_aware_v1,43.474,41.668,75.891,31.303,0.22,41.08,99.949,0.466
e3077c94-9e8f-4bd2-8281-3b1241d84d79,2026-04-25T17:12:08.660702-04:00,node-01,checkout-api,200,True,normal,market_aware_v1,41.023,46.05,88.326,26.591,0.374,42.006,73.107,0.737
e933ac1d-14b0-4749-8c3d-b67ba5708f77,2026-04-25T17:12:08.661169-04:00,node-01,payments-api,200,True,normal,market_aware_v1,40.638,46.979,103.678,26.087,0.32,43.831,57.334,0.627
f1308b03-ae63-432d-8582-6e2c909684c8,2026-04-25T17:12:08.661680-04:00,node-01,orders-api,200,True,normal,market_aware_v1,46.618,42.741,73.693,29.498,0.197,40.48,102.044,0.505
dab4ca88-086d-4afc-bfe9-8e2b6a64b919,2026-04-25T17:12:08.662130-04:00,node-01,checkout-api,200,True,normal,market_aware_v1,43.089,45.497,89.902,27.215,0.391,40.061,75.199,0.576
17f7e23f-b878-4187-8756-0988c6d3491b,2026-04-25T17:12:08.662593-04:00,node-01,payments-api,200,True,normal,market_aware_v1,40.804,48.268,93.881,26.921,0.251,38.297,71.399,0.487
8ce8281b-39fe-4562-ae4f-60984dc5064f,2026-04-25T17:12:08.663058-04:00,node-01,orders-api,200,True,normal,market_aware_v1,42.642,42.756,72.765,31.745,0.218,33.704,98.714,0.315
7305c497-b18a-42b8-9d3f-1fa327163ec5,2026-04-25T17:12:08.663533-04:00,node-01,checkout-api,200,True,normal,market_aware_v1,43.373,44.833,100.645,29.153,0.426,45.727,73.516,0.907
ecb534e8-2391-4041-8aba-5da7d0f83f6f,2026-04-25T17:12:08.664006-04:00,node-01,payments-api,200,True,normal,market_aware_v1,36.978,48.564,95.755,23.489,0.339,44.102,63.323,0.747
b62c7a2d-68ff-44d2-b1a4-f28ca0784931,2026-04-25T17:12:08.664480-04:00,node-01,orders-api,200,True,normal,market_aware_v1,43.777,42.876,64.755,31.898,0.112,36.923,99.995,0.252
9d54ad52-b403-4582-bfef-a216eedfc4d3,2026-04-25T17:12:08.664948-04:00,node-01,checkout-api,200,True,normal,market_aware_v1,43.123,45.657,83.103,26.818,0.444,37.896,80.186,0.726
b6893fb5-9f83-414b-ab93-32715681f1ad,2026-04-25T17:12:08.665413-04:00,node-01,payments-api,200,True,normal,market_aware_v1,44.971,51.869,116.403,26.419,0.494,53.031,59.992,1.216
28278a02-7fcb-4151-9401-a80b17fcdc31,2026-04-25T17:12:08.665871-04:00,node-01,orders-api,200,True,anomalous,market_aware_v1,49.697,46.887,118.394,32.519,0.704,53.207,91.155,1.301
7fb67591-5cb5-49a5-97e4-0c95eb12fcd4,2026-04-25T17:12:08.666344-04:00,node-01,checkout-api,200,True,normal,market_aware_v1,42.098,46.125,95.691,26.749,0.485,42.117,75.799,0.929
6d383b37-9451-4cec-b3c0-db824dd64e23,2026-04-25T17:12:08.666923-04:00,node-01,payments-api,200,True,normal,market_aware_v1,43.867,48.133,101.409,23.435,0.371,47.12,64.671,0.723
3b1f753f-f06f-42f8-a5e9-7539c52a2ec1,2026-04-25T17:12:08.667402-04:00,node-01,orders-api,200,True,normal,market_aware_v1,48.144,45.394,92.007,31.2,0.386,45.629,102.493,0.806
293bea2f-5cf1-4deb-bfa3-c2b100c058fb,2026-04-25T17:12:08.667873-04:00,node-01,checkout-api,200,True,normal,market_aware_v1,40.77,46.962,84.957,31.37,0.263,35.18,83.62,0.402
6a40a483-16ec-4e99-8edb-0b6ebe7cf1db,2026-04-25T17:12:08.668284-04:00,node-01,payments-api,200,True,normal,market_aware_v1,45.961,51.038,98.338,27.308,0.465,48.145,66.289,0.933
b299646b-429e-42ed-80d4-694447e7f85a,2026-04-25T17:12:08.668733-04:00,node-01,orders-api,200,True,normal,market_aware_v1,50.23,46.629,67.378,32.174,0.241,41.313,106.942,0.416
1c2d15a7-9e47-4f45-8f22-a3c3b2429b1d,2026-04-25T17:12:08.669149-04:00,node-01,checkout-api,200,True,normal,market_aware_v1,50.521,52.983,84.555,30.668,0.295,36.793,84.227,0.406
9f8e0d5d-709e-40a8-aed0-72e1b1559622,2026-04-25T17:12:08.669566-04:00,node-01,payments-api,200,True,normal,market_aware_v1,43.108,52.029,92.218,28.7,0.367,41.897,71.589,0.521
d2efb9d8-bd93-4852-b828-173293e483e6,2026-04-25T17:12:08.670000-04:00,node-01,orders-api,200,True,normal,market_aware_v1,49.72,44.46,81.217,32.801,0.263,46.489,106.594,0.575
4f4de266-5cb3-47de-bbd1-cec1909fdd0e,2026-04-25T17:12:08.670602-04:00,node-01,checkout-api,200,True,normal,market_aware_v1,53.904,47.301,90.59,29.91,0.369,41.67,88.6,0.73
de8eacd8-c9f5-4180-8271-90cc164e5181,2026-04-25T17:12:08.671069-04:00,node-01,payments-api,200,True,anomalous,market_aware_v1,48.294,52.276,119.833,29.368,0.828,54.05,61.079,1.579
8cce9700-176b-4919-b72c-d7f91c0f879c,2026-04-25T17:12:08.671592-04:00,node-01,orders-api,200,True,normal,market_aware_v1,55.069,46.32,90.114,33.258,0.308,44.835,106.756,0.819
de093249-bf13-4519-b48a-23dc5e87b62a,2026-04-25T17:12:08.672090-04:00,node-01,checkout-api,200,True,normal,market_aware_v1,54.87,47.176,98.796,29.544,0.552,45.829,86.008,0.928
f14ebaa6-aa26-4cc9-9e5a-16c57a54e9ca,2026-04-25T17:12:08.672585-04:00,node-01,payments-api,200,True,normal,market_aware_v1,46.114,52.873,87.306,27.606,0.267,36.96,76.574,0.548
86b60459-d696-4c3d-a699-a83950f73163,2026-04-25T17:12:08.673117-04:00,node-01,orders-api,200,True,normal,market_aware_v1,54.947,48.157,95.225,32.47,0.241,43.119,101.114,0.643
4811a6cf-b761-4a20-b4a4-2fcd8b5deb99,2026-04-25T17:12:08.673625-04:00,node-01,checkout-api,200,True,normal,market_aware_v1,48.549,48.999,91.717,31.029,0.364,37.062,90.591,0.672
07b11371-f4bc-4a56-b354-bea1acb2a465,2026-04-25T17:12:08.674139-04:00,node-01,payments-api,200,True,normal,market_aware_v1,42.577,51.419,99.532,30.864,0.217,38.991,74.749,0.487
0c2ef295-8de7-4142-96e7-6a24b8e58dcc,2026-04-25T17:12:08.674642-04:00,node-01,orders-api,200,True,normal,market_aware_v1,52.738,46.395,85.027,33.151,0.241,45.333,99.589,0.595
1a3b1507-163f-420b-8bd0-5c71ac38e866,2026-04-25T17:12:08.675163-04:00,node-01,checkout-api,200,True,normal,market_aware_v1,52.224,49.2,89.042,32.217,0.371,38.312,88.311,0.584
916175c2-039e-45c3-b7e2-993f5deaa812,2026-04-25T17:12:08.675666-04:00,node-01,payments-api,200,True,normal,market_aware_v1,45.006,51.571,107.246,28.958,0.38,51.955,68.52,1.11
a9545572-4b16-48a3-8544-d73392c4fa80,2026-04-25T17:12:08.676164-04:00,node-01,orders-api,200,True,normal,market_aware_v1,52.502,46.604,103.889,33.579,0.43,54.238,97.361,1.309
e952d532-47d2-456c-ab96-bf1c0f742129,2026-04-25T17:12:08.676691-04:00,node-01,checkout-api,200,True,normal,market_aware_v1,49.602,50.349,93.626,31.925,0.43,43.586,82.306,0.849
efda9812-2300-46dd-b0f4-fc332cc5c980,2026-04-25T17:12:08.677259-04:00,node-01,payments-api,200,True,normal,market_aware_v1,43.386,49.994,84.116,24.365,0.277,33.369,69.551,0.459
80859b36-615f-4022-89e2-d06ea948b72e,2026-04-25T17:12:08.677765-04:00,node-01,orders-api,200,True,normal,market_aware_v1,44.576,45.133,69.58,29.453,0.307,38.144,98.318,0.465
1a4aac12-4864-434a-9d10-5b5c7a2771b6,2026-04-25T17:12:08.678260-04:00,node-01,checkout-api,200,True,normal,market_aware_v1,42.468,48.275,107.212,29.351,0.561,47.363,75.025,0.905
85302a08-166c-404d-b95b-888f3243c27d,2026-04-25T17:12:08.680177-04:00,node-01,payments-api,200,True,anomalous,market_aware_v1,45.27,51.816,106.842,27.618,0.617,43.934,65.117,1.077
b042be77-64f1-47dd-bc40-a452e806e1bc,2026-04-25T17:12:08.680640-04:00,node-01,orders-api,200,True,normal,market_aware_v1,47.088,42.718,88.602,30.811,0.351,48.195,95.368,0.876
62e03d18-af4c-46bc-bf92-98dd4e5d0d9a,2026-04-25T17:12:08.681113-04:00,node-01,checkout-api,200,True,normal,market_aware_v1,41.159,41.962,84.428,29.124,0.343,31.667,76.742,0.53
4903d54e-b2f0-4475-a373-73c62da6701e,2026-04-25T17:12:08.681540-04:00,node-01,payments-api,200,True,normal,market_aware_v1,34.433,44.463,85.125,24.872,0.363,42.063,66.803,0.674
e034ec81-7afb-4ca2-8b56-7f2788b63f01,2026-04-25T17:12:08.682013-04:00,node-01,orders-api,200,True,normal,market_aware_v1,43.829,42.335,76.513,29.766,0.221,36.159,93.0,0.402
1c967fc5-7246-4fd4-9941-d97f6acb176b,2026-04-25T17:12:08.682488-04:00,node-01,checkout-api,200,True,normal,market_aware_v1,41.631,45.153,86.311,28.919,0.366,43.713,74.346,0.752
137e235a-08f6-462f-9e15-4147ae622f79,2026-04-25T17:12:08.683497-04:00,node-01,payments-api,200,True,normal,market_aware_v1,34.328,44.869,97.169,23.923,0.302,41.827,58.378,0.635
869661c8-bda0-4619-b93d-29145035d0d2,2026-04-25T17:12:08.684253-04:00,node-01,orders-api,200,True,normal,market_aware_v1,44.942,41.244,64.901,29.61,0.194,37.719,99.296,0.42
e0b45c8c-7a5e-419f-a18f-d68d056f485b,2026-04-25T17:12:08.684716-04:00,node-01,checkout-api,200,True,normal,market_aware_v1,38.096,42.334,91.989,27.57,0.432,41.959,73.359,0.759
c4b55614-b1a0-478b-a8be-220ff4af0c2e,2026-04-25T17:12:08.685138-04:00,node-01,payments-api,200,True,normal,market_aware_v1,34.496,44.25,89.75,26.026,0.268,39.011,59.413,0.656
c3bb6e45-97ca-43a6-88ee-8395a9897525,2026-04-25T17:12:08.685645-04:00,node-01,orders-api,200,True,normal,market_aware_v1,41.177,41.552,75.132,28.395,0.139,37.14,96.773,0.25
5d3c2646-19e9-4c96-b435-582ced01c1ed,2026-04-25T17:12:08.686096-04:00,node-01,checkout-api,200,True,normal,market_aware_v1,43.723,44.927,89.685,25.92,0.325,41.794,66.81,0.645
7b90ee3f-8e08-4c6d-af3e-e1c9b02dd6a2,2026-04-25T17:12:08.686594-04:00,node-01,payments-api,200,True,normal,market_aware_v1,34.496,47.1,80.291,24.838,0.188,35.228,62.31,0.363
05750474-17de-469f-9c73-9a1842be61e5,2026-04-25T17:12:08.687051-04:00,node-01,orders-api,200,True,normal,market_aware_v1,43.981,41.117,93.579,26.341,0.348,50.027,86.484,0.715
4100385a-c56d-467f-bcbb-83cf9cbc129c,2026-04-25T17:12:08.688290-04:00,node-01,checkout-api,200,True,normal,market_aware_v1,40.266,42.922,96.419,27.374,0.343,45.747,74.816,0.719
d9aa3675-d1ca-4da8-b902-8113b7bbc729,2026-04-25T17:12:08.689230-04:00,node-01,payments-api,200,True,normal,market_aware_v1,38.291,46.82,103.591,26.971,0.258,42.622,58.071,0.647
4ce16e98-e650-4b38-b837-6036b11159fa,2026-04-25T17:12:08.689721-04:00,node-01,orders-api,200,True,normal,market_aware_v1,47.104,43.91,81.175,32.65,0.115,37.385,99.354,0.256
c68a66b9-3f43-4d54-857d-9190e1cbbb69,2026-04-25T17:12:08.690215-04:00,node-01,checkout-api,200,True,normal,market_aware_v1,41.436,46.574,84.97,28.013,0.288,34.428,71.871,0.412
ff94a1e3-e734-4b74-bb0f-6c1875d94af4,2026-04-25T17:12:08.690707-04:00,node-01,payments-api,200,True,normal,market_aware_v1,41.54,43.556,83.123,25.518,0.255,39.128,67.739,0.373
0e2db41a-674f-4a53-a4df-1f8231f1b7bc,2026-04-25T17:12:08.691195-04:00,node-01,orders-api,200,True,normal,market_aware_v1,51.266,44.861,80.458,29.363,0.139,38.877,102.48,0.3
a7e30934-2605-44b1-9c36-a9eed4f78dc2,2026-04-25T17:12:08.692075-04:00,node-01,checkout-api,200,True,normal,market_aware_v1,47.447,46.076,86.855,28.475,0.323,36.223,82.249,0.534
f4d33134-566f-4f0a-b9fd-fb79464a9f3c,2026-04-25T17:12:08.692557-04:00,node-01,payments-api,200,True,normal,market_aware_v1,41.954,52.985,81.656,23.988,0.322,38.622,73.085,0.539
52e13cfc-b8b3-46e3-ab33-ad3d4c028fbb,2026-04-25T17:12:08.693044-04:00,node-01,orders-api,200,True,normal,market_aware_v1,49.322,44.534,99.513,31.099,0.384,49.523,93.09,0.799
a1e34c94-5937-42f1-93b1-e84203b82b4c,2026-04-25T17:12:08.693549-04:00,node-01,checkout-api,200,True,anomalous,market_aware_v1,52.517,52.535,128.418,30.918,0.955,56.821,69.183,1.882
0e7a3a78-78d2-4846-82ba-26418f320071,2026-04-25T17:12:08.694040-04:00,node-01,payments-api,200,True,normal,market_aware_v1,47.865,51.558,106.645,26.547,0.422,47.177,68.322,0.816
f3084b79-3ace-4206-9e2f-5bbd970a8da6,2026-04-25T17:12:08.694543-04:00,node-01,orders-api,200,True,normal,market_aware_v1,51.394,46.681,79.903,31.726,0.183,38.768,101.992,0.418
7acdf4c8-6b0e-4697-a656-97df7b643e6e,2026-04-25T17:12:08.695025-04:00,node-01,checkout-api,200,True,normal,market_aware_v1,52.163,50.055,100.372,27.51,0.426,44.312,81.208,0.677
0203c62c-2699-4e18-b320-10899fb07544,2026-04-25T17:12:08.695484-04:00,node-01,payments-api,200,True,normal,market_aware_v1,43.296,50.085,100.709,26.128,0.392,48.394,65.964,0.781
f4c4553d-6892-4464-b2b7-312f4b82abf7,2026-04-25T17:12:08.695899-04:00,node-01,orders-api,200,True,normal,market_aware_v1,47.654,46.192,86.286,32.265,0.343,46.254,103.748,0.726
12c5d31e-47ad-4828-b25d-dded31583384,2026-04-25T17:12:08.696301-04:00,node-01,checkout-api,200,True,normal,market_aware_v1,49.495,48.375,91.821,30.645,0.296,38.755,88.654,0.62
2a45d910-c0f4-4b43-8952-41e2059983ef,2026-04-25T17:12:08.696716-04:00,node-01,payments-api,200,True,normal,market_aware_v1,46.678,49.904,101.993,25.768,0.355,48.539,70.73,0.891
6a26ce1c-775a-49a6-9d7e-30737f467dce,2026-04-25T17:12:08.697118-04:00,node-01,orders-api,200,True,normal,market_aware_v1,51.748,46.114,83.663,36.267,0.274,47.484,100.575,0.63
c547817f-4d19-4f42-9515-00ea466a9f70,2026-04-25T17:12:08.697565-04:00,node-01,checkout-api,200,True,normal,market_aware_v1,48.615,49.228,89.07,29.419,0.418,39.675,81.186,0.792
143990a3-9eae-47d5-901d-06e7f3f211f9,2026-04-25T17:12:08.697964-04:00,node-01,payments-api,200,True,normal,market_aware_v1,43.065,46.125,113.814,24.87,0.403,50.888,62.677,0.93
3eb04bec-a7bc-4732-849a-cb65e2024076,2026-04-25T17:12:08.698399-04:00,node-01,orders-api,200,True,normal,market_aware_v1,49.145,44.138,90.507,31.87,0.276,44.467,103.414,0.717
0b50bed1-c011-406a-815d-b538ae99fd44,2026-04-25T17:12:08.698841-04:00,node-01,checkout-api,200,True,normal,market_aware_v1,45.805,48.016,95.716,26.854,0.325,39.477,82.657,0.597
4b31c08d-a15b-4eee-bd27-07947c858e1d,2026-04-25T17:12:08.699268-04:00,node-01,payments-api,200,True,normal,market_aware_v1,39.066,51.343,100.559,24.191,0.363,42.741,69.854,0.682
54296a75-9218-4446-a512-3e07c55d6fdc,2026-04-25T17:12:08.699675-04:00,node-01,orders-api,200,True,normal,market_aware_v1,47.964,45.626,94.569,29.823,0.416,52.58,99.554,0.911
c68832cd-6a4f-4ca8-929d-a179f44e6fe8,2026-04-25T17:12:08.700049-04:00,node-01,checkout-api,200,True,normal,market_aware_v1,47.872,46.906,90.533,29.55,0.299,35.811,81.251,0.564
37478ef3-c9e6-4c55-9ab8-bee351456db3,2026-04-25T17:12:08.700551-04:00,node-01,payments-api,200,True,anomalous,market_aware_v1,43.769,53.292,105.668,25.646,0.71,49.983,53.371,1.275
1674ee2e-3547-4043-9712-36e3c3505089,2026-04-25T17:12:08.701032-04:00,node-01,orders-api,200,True,normal,market_aware_v1,45.328,42.768,64.906,27.521,0.214,29.607,99.963,0.333
f9ee3819-3148-41ae-8214-4e14abb24335,2026-04-25T17:12:08.701479-04:00,node-01,checkout-api,200,True,normal,market_aware_v1,45.439,44.705,97.061,27.989,0.389,44.015,75.204,0.679
817b8d5e-0f20-4415-98ee-7e25b01ae492,2026-04-25T17:12:08.701928-04:00,node-01,payments-api,200,True,normal,market_aware_v1,41.704,48.305,105.371,26.822,0.274,40.376,61.429,0.594
8453de12-19c4-4818-8c8f-194d99a087ee,2026-04-25T17:12:08.702335-04:00,node-01,orders-api,200,True,normal,market_aware_v1,42.737,38.887,82.211,30.167,0.244,49.041,94.268,0.707
ad5b68f1-59e4-4e1a-81d3-584b89cbf8de,2026-04-25T17:12:08.702749-04:00,node-01,checkout-api,200,True,normal,market_aware_v1,40.277,48.34,91.669,27.443,0.398,40.127,72.409,0.705
12a8f868-4b73-4759-8b82-773b5760eb03,2026-04-25T17:12:08.703178-04:00,node-01,payments-api,200,True,normal,market_aware_v1,44.904,48.606,118.416,24.089,0.449,54.562,52.023,1.041
5266274b-4b51-4d06-a0ef-f705f44c5ccd,2026-04-25T17:12:08.703643-04:00,node-01,orders-api,200,True,anomalous,market_aware_v1,49.08,42.574,83.617,31.028,0.521,40.32,92.485,0.725
bd9d2bb9-5462-47da-9342-043927a06097,2026-04-25T17:12:08.704077-04:00,node-01,checkout-api,200,True,normal,market_aware_v1,44.994,48.895,88.473,30.394,0.387,41.783,77.716,0.745
1a8c6d86-0246-4937-b328-5844cb0d500b,2026-04-25T17:12:08.704515-04:00,node-01,payments-api,200,True,anomalous,market_aware_v1,43.925,50.963,108.849,26.753,0.688,56.006,57.215,1.441
f50bb437-ada1-4417-887e-fc5faab4fd10,2026-04-25T17:12:08.704947-04:00,node-01,orders-api,200,True,normal,market_aware_v1,45.686,40.844,80.731,30.539,0.31,43.381,98.571,0.521
fa34265b-9620-47e0-8f63-1a6a2a04f45e,2026-04-25T17:12:08.705381-04:00,node-01,checkout-api,200,True,normal,market_aware_v1,45.209,47.939,109.699,29.999,0.683,55.177,77.783,1.481
970ff15f-856b-45bb-afb3-0d4960e0e29b,2026-04-25T17:12:08.705855-04:00,node-01,payments-api,200,True,normal,market_aware_v1,44.386,49.19,94.443,25.832,0.238,42.916,66.682,0.649
d600ef2f-241c-4d0f-bf2b-36725b88f569,2026-04-25T17:12:08.706294-04:00,node-01,orders-api,200,True,anomalous,market_aware_v1,45.391,44.868,92.416,31.928,0.625,42.746,97.013,0.996
5af9b411-f0fd-45cd-9fa8-364553446484,2026-04-25T17:12:08.706761-04:00,node-01,checkout-api,200,True,normal,market_aware_v1,45.989,48.574,96.519,29.715,0.439,45.548,80.714,0.932
20099e91-acb4-47ff-bf0c-a8fb5bdb032a,2026-04-25T17:12:08.707227-04:00,node-01,payments-api,200,True,normal,market_aware_v1,43.662,48.794,112.144,27.134,0.381,47.68,62.957,0.814
e975d107-fadb-4383-b260-0b1fa60226b2,2026-04-25T17:12:08.708628-04:00,node-01,orders-api,200,True,normal,market_aware_v1,50.491,46.954,98.891,31.966,0.445,51.087,102.661,0.897
943fc0d1-7a14-4c36-82c8-fcb6717831c2,2026-04-25T17:12:08.709119-04:00,node-01,checkout-api,200,True,normal,market_aware_v1,52.075,47.841,97.246,28.445,0.387,43.218,80.633,0.66
58fe2987-086b-40c2-b86b-304134081a71,2026-04-25T17:12:08.709825-04:00,node-01,payments-api,200,True,normal,market_aware_v1,44.201,53.403,102.935,27.999,0.384,43.488,75.872,0.854
42fb51be-b6c7-4a06-b975-18a2046c5e05,2026-04-25T17:12:08.711395-04:00,node-01,orders-api,200,True,normal,market_aware_v1,54.67,50.715,82.054,29.962,0.316,43.983,105.466,0.667
0fea3855-faff-4357-8e41-59ba752dd3ec,2026-04-25T17:12:08.711871-04:00,node-01,checkout-api,200,True,normal,market_aware_v1,51.038,52.527,95.464,30.299,0.425,43.392,89.108,0.898
1c4dfc5a-03be-4f3b-bac4-97dfe83ebc9c,2026-04-25T17:12:08.712394-04:00,node-01,payments-api,200,True,normal,market_aware_v1,48.574,51.236,88.256,27.949,0.344,45.125,70.61,0.742
9d51934e-f635-496a-ada1-04fada8e8698,2026-04-25T17:12:08.712839-04:00,node-01,orders-api,200,True,normal,market_aware_v1,55.193,50.184,79.075,32.281,0.175,40.654,110.265,0.353
3892dd4f-b867-4c63-97f9-a39fabef133c,2026-04-25T17:12:08.713282-04:00,node-01,checkout-api,200,True,normal,market_aware_v1,50.908,49.631,106.813,29.856,0.473,53.608,86.303,1.04
69ade0cb-6ae9-473a-a908-8a2139fc79e5,2026-04-25T17:12:08.713762-04:00,node-01,payments-api,200,True,normal,market_aware_v1,51.488,49.923,120.266,28.394,0.399,51.127,75.247,0.858
fe9baa33-3c7a-4d12-b6fb-7edbcad44780,2026-04-25T17:12:08.714196-04:00,node-01,orders-api,200,True,normal,market_aware_v1,55.451,44.934,92.841,32.055,0.335,48.041,111.081,0.711
b836f274-3826-47e7-a21b-cfad377eb3cb,2026-04-25T17:12:08.714640-04:00,node-01,checkout-api,200,True,normal,market_aware_v1,48.471,50.999,101.125,30.614,0.422,43.214,81.02,0.946
9f770191-15e7-4b48-895c-a89b9c0a0ad4,2026-04-25T17:12:08.715060-04:00,node-01,payments-api,200,True,normal,market_aware_v1,47.955,52.781,115.301,28.772,0.46,54.4,65.622,0.974
3797d98a-844f-4fb9-b4a5-5d57096b82bb,2026-04-25T17:12:08.715490-04:00,node-01,orders-api,200,True,normal,market_aware_v1,53.308,46.257,74.879,32.608,0.177,39.581,105.272,0.409
8fcb11e2-b999-4859-9f61-3fc49b87afae,2026-04-25T17:12:08.715930-04:00,node-01,checkout-api,200,True,normal,market_aware_v1,52.534,49.971,93.045,31.039,0.525,49.574,77.902,0.974
24a4253b-1da6-4728-a01a-a1516411e7bc,2026-04-25T17:12:08.716412-04:00,node-01,payments-api,200,True,normal,market_aware_v1,40.384,51.675,92.796,27.051,0.363,41.175,73.683,0.728
6f4eff80-2fbb-4e85-9833-b1c6094feecb,2026-04-25T17:12:08.716907-04:00,node-01,orders-api,200,True,normal,market_aware_v1,52.217,45.239,90.015,31.37,0.275,49.215,96.494,0.695
062dff8e-53c4-4892-83df-ecb53aa26a02,2026-04-25T17:12:08.717428-04:00,node-01,checkout-api,200,True,normal,market_aware_v1,48.518,51.616,90.648,29.564,0.368,41.578,80.387,0.841
057a22cf-3d62-4d04-8ef4-119ff22bb6fd,2026-04-25T17:12:08.717927-04:00,node-01,payments-api,200,True,normal,market_aware_v1,47.951,49.603,103.367,26.849,0.307,44.648,63.536,0.63
c34e57b2-37f7-401d-899d-d339fd350617,2026-04-25T17:12:08.718416-04:00,node-01,orders-api,200,True,normal,market_aware_v1,50.975,43.956,92.637,31.846,0.254,46.52,99.081,0.674
8db3653a-2685-41ad-876a-a8169d32d402,2026-04-25T17:12:08.718892-04:00,node-01,checkout-api,200,True,normal,market_aware_v1,49.663,48.07,97.477,28.123,0.407,41.995,80.149,0.689
53a57db9-3ad8-4817-a20c-8518a6ead8bf,2026-04-25T17:12:08.719346-04:00,node-01,payments-api,200,True,normal,market_aware_v1,39.536,46.639,107.298,24.789,0.43,47.628,65.541,0.867
82fd1e2a-6dc8-4f43-a93d-f59872d0222f,2026-04-25T17:12:08.719812-04:00,node-01,orders-api,200,True,normal,market_aware_v1,43.3,41.508,76.025,29.588,0.197,40.793,97.074,0.536
d30b54d1-f369-40b9-82d2-de8e3b3125a5,2026-04-25T17:12:08.720298-04:00,node-01,checkout-api,200,True,anomalous,market_aware_v1,48.357,45.93,101.69,29.633,0.745,45.856,69.298,1.273
276348db-9f45-4506-b154-d40ea0c2058b,2026-04-25T17:12:08.720813-04:00,node-01,payments-api,200,True,normal,market_aware_v1,39.879,47.203,99.275,23.391,0.459,46.528,63.891,0.805
96a2083c-6732-4001-af3a-b5a6b0a9000e,2026-04-25T17:12:08.721306-04:00,node-01,orders-api,200,True,anomalous,market_aware_v1,53.904,46.683,98.199,30.43,0.548,45.489,92.478,1.007
e65742cb-fb31-4a6e-a4b9-794069f3a444,2026-04-25T17:12:08.721805-04:00,node-01,checkout-api,200,True,normal,market_aware_v1,44.527,45.137,75.252,27.995,0.407,38.863,74.133,0.677
aa038b8b-3204-4c72-a93b-137f0d21ac9b,2026-04-25T17:12:08.722270-04:00,node-01,payments-api,200,True,normal,market_aware_v1,35.968,46.362,89.663,24.248,0.218,42.051,62.281,0.518
af46fd75-dc61-4d66-9f58-dbf809769c99,2026-04-25T17:12:08.722760-04:00,node-01,orders-api,200,True,normal,market_aware_v1,45.532,39.445,101.35,28.674,0.346,49.995,89.561,0.761
fb1b76fd-de5b-4cd4-a6ba-629e19702092,2026-04-25T17:12:08.723219-04:00,node-01,checkout-api,200,True,normal,market_aware_v1,39.802,46.69,86.963,27.028,0.347,39.984,69.226,0.705
bb2cfcd6-c1ba-4c0f-88c8-efdf81b19f0c,2026-04-25T17:12:08.723688-04:00,node-01,payments-api,200,True,normal,market_aware_v1,34.421,45.218,104.53,24.224,0.39,52.354,53.96,0.819
d3d28845-c7f8-46ec-bff0-25198a976107,2026-04-25T17:12:08.724144-04:00,node-01,orders-api,200,True,normal,market_aware_v1,42.189,39.463,80.441,30.86,0.224,39.54,97.961,0.41
b3471e00-6a88-41fa-9c71-2a4f7b3db9f7,2026-04-25T17:12:08.724610-04:00,node-01,checkout-api,200,True,normal,market_aware_v1,42.052,42.066,90.619,27.746,0.326,41.005,70.253,0.633
59578c49-4614-4fc6-b052-997a38d680a6,2026-04-25T17:12:08.725028-04:00,node-01,payments-api,200,True,normal,market_aware_v1,37.361,45.2,106.686,24.851,0.345,43.355,53.587,0.698
9d67f792-7754-4342-8e06-5ec22a83717f,2026-04-25T17:12:08.725473-04:00,node-01,orders-api,200,True,normal,market_aware_v1,44.978,44.085,81.102,32.23,0.29,47.708,92.811,0.576
f4e3b4ea-0237-4d7a-a431-ebce847fa389,2026-04-25T17:12:08.725922-04:00,node-01,checkout-api,200,True,normal,market_aware_v1,42.541,46.65,115.918,26.104,0.612,50.305,69.374,1.458
0fce5043-f6e3-4080-92d3-ff52d3d2a9f9,2026-04-25T17:12:08.726416-04:00,node-01,payments-api,200,True,normal,market_aware_v1,35.328,45.674,93.322,24.773,0.266,38.154,64.023,0.498
32854ebc-008c-4f73-aac7-f5a56f142628,2026-04-25T17:12:08.726938-04:00,node-01,orders-api,200,True,normal,market_aware_v1,44.219,40.321,68.1,31.77,0.238,39.452,95.415,0.494
6d79c4f3-9da8-4670-ae63-6fb56e199591,2026-04-25T17:12:08.727458-04:00,node-01,checkout-api,200,True,normal,market_aware_v1,46.182,46.334,85.931,28.691,0.36,35.682,78.408,0.634
b5316541-aa6a-4d84-9e5a-d2a57c1c1d95,2026-04-25T17:12:08.728414-04:00,node-01,payments-api,200,True,normal,market_aware_v1,41.659,46.441,96.727,26.078,0.406,44.36,65.539,0.89
4c71db52-eaa7-459f-a9d1-145d2bfaab04,2026-04-25T17:12:08.728932-04:00,node-01,orders-api,200,True,normal,market_aware_v1,51.11,45.564,87.637,29.663,0.262,44.46,97.839,0.545
482715d0-f6cb-42dd-a350-4beae316e2b1,2026-04-25T17:12:08.729380-04:00,node-01,checkout-api,200,True,normal,market_aware_v1,49.226,48.475,108.388,29.636,0.349,45.043,79.132,0.691
03cb7192-3a32-4103-8580-b29f9a45934e,2026-04-25T17:12:08.729910-04:00,node-01,payments-api,200,True,normal,market_aware_v1,36.796,51.25,106.644,25.217,0.334,48.857,62.939,0.786
2ddbcd17-6e3e-49e8-a480-cd21671d3cac,2026-04-25T17:12:08.730367-04:00,node-01,orders-api,200,True,normal,market_aware_v1,53.156,44.568,98.866,33.987,0.339,49.556,102.462,0.756
4dff1f2e-5179-430b-a2ac-99af87d48604,2026-04-25T17:12:08.730802-04:00,node-01,checkout-api,200,True,normal,market_aware_v1,48.799,46.107,106.213,27.604,0.519,49.075,72.966,1.022
979a8ed5-eb5f-4334-8d8d-737537bb242b,2026-04-25T17:12:08.731224-04:00,node-01,payments-api,200,True,normal,market_aware_v1,47.016,50.751,107.901,27.319,0.371,44.966,68.577,0.809
83afdbe5-4f0f-4835-9dd6-fbb5dbd332d4,2026-04-25T17:12:08.731687-04:00,node-01,orders-api,200,True,normal,market_aware_v1,50.175,47.279,90.654,33.861,0.359,49.188,102.2,0.773
ee69e56b-6f3e-4e96-8c50-1025a80c7af9,2026-04-25T17:12:08.732121-04:00,node-01,checkout-api,200,True,normal,market_aware_v1,46.563,48.485,105.542,29.432,0.421,41.249,77.059,0.751
03cc8009-facf-46b6-98dd-312606afcf4c,2026-04-25T17:12:08.732618-04:00,node-01,payments-api,200,True,normal,market_aware_v1,44.661,56.008,111.98,27.291,0.439,50.387,65.596,1.188
58900b85-25c6-4bcc-abf9-ca32ad8026f6,2026-04-25T17:12:08.733046-04:00,node-01,orders-api,200,True,normal,market_aware_v1,53.244,47.376,93.387,32.862,0.274,48.378,95.701,0.618
cc17c740-d7e8-45f3-bec4-8a3d4dc66fe6,2026-04-25T17:12:08.733524-04:00,node-01,checkout-api,200,True,normal,market_aware_v1,50.236,49.13,94.75,26.489,0.412,42.815,81.639,0.789
6c769f81-da7a-4e0e-9fb8-6bb305b77aa9,2026-04-25T17:12:08.733974-04:00,node-01,payments-api,200,True,normal,market_aware_v1,47.206,52.215,100.012,24.768,0.376,43.189,65.83,0.736
de500849-36e7-4d76-bbb9-5baedfcf211b,2026-04-25T17:12:08.734416-04:00,node-01,orders-api,200,True,normal,market_aware_v1,55.097,46.137,101.572,31.619,0.406,50.471,106.88,1.014
025e51fd-c999-4196-96f3-2cdb02bf324d,2026-04-25T17:12:08.734937-04:00,node-01,checkout-api,200,True,normal,market_aware_v1,49.33,51.091,116.144,30.22,0.486,46.533,79.815,0.801
4b0fee5f-5f0e-4058-a042-7455acba0ba6,2026-04-25T17:12:08.735413-04:00,node-01,payments-api,200,True,normal,market_aware_v1,43.331,48.27,99.892,26.215,0.225,43.02,66.381,0.577
41a76fef-4b26-4445-a98e-5c312917b63f,2026-04-25T17:12:08.735840-04:00,node-01,orders-api,200,True,normal,market_aware_v1,52.283,43.903,82.726,30.615,0.241,42.614,104.322,0.514
eff474fa-0421-49d0-8022-719687e329a0,2026-04-25T17:12:08.736262-04:00,node-01,checkout-api,200,True,normal,market_aware_v1,48.672,45.269,113.695,28.223,0.558,52.554,75.508,0.986
564b64f3-b7e4-4100-b67d-591152d59f59,2026-04-25T17:12:08.736678-04:00,node-01,payments-api,200,True,anomalous,market_aware_v1,46.926,50.656,125.457,24.209,0.83,53.122,53.962,1.522
76d746a9-8b6b-4f2f-ba68-c430603125b7,2026-04-25T17:12:08.737119-04:00,node-01,orders-api,429,True,anomalous,market_aware_v1,51.942,47.802,126.822,31.597,0.779,62.688,87.734,1.571
1aa49fe6-be7a-415c-87c4-65744037496f,2026-04-25T17:12:08.737595-04:00,node-01,checkout-api,200,True,normal,market_aware_v1,45.208,48.292,111.341,28.106,0.537,49.966,77.513,1.114
4368ae39-8693-49b9-a502-36f6cc8858b4,2026-04-25T17:12:08.738023-04:00,node-01,payments-api,200,True,normal,market_aware_v1,39.502,47.267,97.505,24.618,0.31,41.415,64.92,0.738
7a055115-5143-43ec-bd34-b0660a5eed32,2026-04-25T17:12:08.738475-04:00,node-01,orders-api,200,True,normal,market_aware_v1,48.027,43.497,81.612,31.786,0.206,39.385,96.311,0.395
78181e97-24df-4ede-9890-452ed82e5908,2026-04-25T17:12:08.738936-04:00,node-01,checkout-api,200,True,normal,market_aware_v1,46.088,46.228,99.33,27.796,0.462,39.676,74.565,0.671
791fad36-6bbc-45f2-8457-494d67d213e0,2026-04-25T17:12:08.739430-04:00,node-01,payments-api,200,True,normal,market_aware_v1,41.76,47.856,98.897,25.788,0.418,47.285,57.967,0.822
ac376ccb-c2a3-4cdd-97ab-4b92040517b9,2026-04-25T17:12:08.739910-04:00,node-01,orders-api,200,True,normal,market_aware_v1,40.975,41.571,97.847,27.586,0.358,49.371,94.084,0.788
9de9b3ce-ade8-46c7-8c7d-c84708f44824,2026-04-25T17:12:08.740385-04:00,node-01,checkout-api,200,True,normal,market_aware_v1,47.653,44.57,97.856,28.237,0.413,42.821,74.941,0.696
a35d3a59-0909-4e0d-9a3d-1ef3635a6ba3,2026-04-25T17:12:08.740862-04:00,node-01,payments-api,200,True,normal,market_aware_v1,38.001,44.459,108.57,26.676,0.281,46.324,57.732,0.819
bed8b449-3787-4135-8a82-7f3fdece9fe0,2026-04-25T17:12:08.741377-04:00,node-01,orders-api,200,True,normal,market_aware_v1,43.666,43.156,81.631,30.724,0.19,43.097,97.245,0.537
a880efda-82d9-466e-99ed-aca400895d67,2026-04-25T17:12:08.741886-04:00,node-01,checkout-api,200,True,normal,market_aware_v1,46.273,47.157,116.345,28.173,0.565,53.517,73.467,1.3
4c3e3cc1-fd93-493d-b460-224b21d7bf24,2026-04-25T17:12:08.742416-04:00,node-01,payments-api,200,True,normal,market_aware_v1,39.371,51.442,111.534,24.163,0.312,48.177,58.723,0.76
01de49e3-ac67-44f2-8c50-088c16c8272f,2026-04-25T17:12:08.742922-04:00,node-01,orders-api,200,True,normal,market_aware_v1,46.903,47.497,88.473,30.968,0.341,45.697,91.354,0.784
fc04663a-2d40-4476-9efb-061e7595aeae,2026-04-25T17:12:08.743409-04:00,node-01,checkout-api,200,True,normal,market_aware_v1,53.192,47.043,98.689,30.759,0.535,48.907,82.057,1.03
e62a94d0-6207-464a-9907-c7b5484fc1e1,2026-04-25T17:12:08.743919-04:00,node-01,payments-api,200,True,normal,market_aware_v1,42.357,49.884,111.302,24.629,0.319,51.022,55.695,0.875
4b8350a0-d466-4d66-9e34-a00182ccd52a,2026-04-25T17:12:08.744410-04:00,node-01,orders-api,200,True,normal,market_aware_v1,49.586,43.012,94.415,31.634,0.301,45.764,103.263,0.683
cca90f82-a96d-4c7f-9b28-e7594c6a4c5e,2026-04-25T17:12:08.744829-04:00,node-01,checkout-api,200,True,anomalous,market_aware_v1,50.09,50.656,103.104,28.475,0.698,48.825,71.95,1.325
f00b8e08-df78-426e-b93a-a88fa36deb0e,2026-04-25T17:12:08.745338-04:00,node-01,payments-api,200,True,normal,market_aware_v1,45.154,50.74,116.286,28.796,0.411,53.973,58.981,1.015
d2ad9192-79f5-4751-9105-2718e91b95a4,2026-04-25T17:12:08.745852-04:00,node-01,orders-api,200,True,normal,market_aware_v1,49.677,45.821,83.412,30.237,0.23,41.508,100.154,0.512
d7ba721d-ff37-4b53-a205-36c48f8e23ab,2026-04-25T17:12:08.746339-04:00,node-01,checkout-api,429,True,normal,market_aware_v1,53.342,50.334,136.163,29.118,0.773,59.149,84.584,1.69
b6f456f3-6503-4e69-b1c5-0c74346ed0f7,2026-04-25T17:12:08.746758-04:00,node-01,payments-api,200,True,normal,market_aware_v1,40.857,53.406,112.862,26.987,0.372,46.077,67.904,0.795
dd53ff7a-9859-4f3a-bff7-4f5c857cbfbf,2026-04-25T17:12:08.747183-04:00,node-01,orders-api,429,True,normal,market_aware_v1,52.266,45.568,104.571,31.039,0.535,56.372,103.15,1.224
809f72b9-9440-49df-89ba-22ccaf552fef,2026-04-25T17:12:08.747634-04:00,node-01,checkout-api,200,True,normal,market_aware_v1,47.303,51.872,99.899,30.748,0.428,47.056,82.511,0.886
5b2382e0-0a06-4be3-be8e-9f505f515b4e,2026-04-25T17:12:08.748073-04:00,node-01,payments-api,200,True,normal,market_aware_v1,48.867,52.425,116.471,24.916,0.409,49.199,70.305,0.895
e8343810-6824-4901-adf3-def87d95f196,2026-04-25T17:12:08.748521-04:00,node-01,orders-api,200,True,normal,market_aware_v1,52.682,50.657,86.471,32.078,0.266,45.724,100.709,0.663
9d3f3eb5-4b80-4280-9719-b4de3b0f70b2,2026-04-25T17:12:08.748960-04:00,node-01,checkout-api,200,True,normal,market_aware_v1,52.118,51.303,109.8,32.235,0.388,46.283,86.729,0.807
f1ca1798-29c5-4359-8c75-2fb8db70d6a9,2026-04-25T17:12:08.749392-04:00,node-01,payments-api,200,True,normal,market_aware_v1,49.195,60.337,114.909,29.089,0.402,51.898,73.432,0.974
2f224bed-fa53-4c4f-bb9f-15f2dde00858,2026-04-25T17:12:08.749830-04:00,node-01,orders-api,200,True,normal,market_aware_v1,55.989,49.891,99.156,32.918,0.387,49.801,107.96,0.954
008112bd-73cc-4111-9042-3cd6b3a7df34,2026-04-25T17:12:08.750235-04:00,node-01,checkout-api,429,True,normal,market_aware_v1,51.844,54.809,122.771,32.167,0.497,51.116,79.2,1.031
e24e99e5-88f7-464d-ab97-51d03c32d85c,2026-04-25T17:12:08.750741-04:00,node-01,payments-api,200,True,normal,market_aware_v1,48.397,51.192,115.342,27.382,0.412,55.047,75.443,0.914
06916061-a072-4c2e-8b51-b2866786fd9c,2026-04-25T17:12:08.751191-04:00,node-01,orders-api,200,True,normal,market_aware_v1,52.419,48.598,97.564,31.624,0.354,47.673,101.952,0.794
bd588887-a9bf-4ffb-83e9-35d37ac541fb,2026-04-25T17:12:08.751625-04:00,node-01,checkout-api,200,True,normal,market_aware_v1,53.26,49.787,101.704,30.419,0.451,46.228,83.202,0.887
c81842fb-f890-4d41-8761-7a2a757821af,2026-04-25T17:12:08.752108-04:00,node-01,payments-api,200,True,normal,market_aware_v1,46.151,51.546,118.509,28.04,0.508,56.222,68.508,1.136
c6882f54-19cb-4636-a3aa-a49390f645c2,2026-04-25T17:12:08.752668-04:00,node-01,orders-api,200,True,normal,market_aware_v1,50.935,44.426,86.804,32.858,0.196,37.921,106.36,0.46
6719e33d-3fbf-490c-a59e-f8cb904c6365,2026-04-25T17:12:08.753132-04:00,node-01,checkout-api,200,True,normal,market_aware_v1,48.375,51.511,103.696,29.912,0.445,42.829,81.037,0.766
648b4bf6-95e6-4a3a-8780-f95df30dfd88,2026-04-25T17:12:08.753620-04:00,node-01,payments-api,200,True,normal,market_aware_v1,46.934,50.572,117.551,27.602,0.443,50.189,65.281,1.074
bd5d32e3-c78c-4518-ab11-0d0fb99ca813,2026-04-25T17:12:08.754133-04:00,node-01,orders-api,200,True,normal,market_aware_v1,49.898,45.858,101.768,30.986,0.365,43.124,102.833,0.701
5afe25a7-0639-4cd5-894f-372485bbc205,2026-04-25T17:12:08.754954-04:00,node-01,checkout-api,200,True,normal,market_aware_v1,44.741,49.612,100.129,29.223,0.434,43.722,75.633,0.891
b8c0cc50-5033-462c-8e20-3c00bf32d60d,2026-04-25T17:12:08.755421-04:00,node-01,payments-api,200,True,normal,market_aware_v1,42.405,48.736,121.793,25.474,0.49,49.841,67.486,1.12
54920b76-e2cc-44e1-8884-8df3fe821f7c,2026-04-25T17:12:08.755899-04:00,node-01,orders-api,200,True,normal,market_aware_v1,46.598,42.077,76.81,30.572,0.23,40.522,98.087,0.423
cd3e579f-c923-48e6-b17e-4e9aafbc4106,2026-04-25T17:12:08.756378-04:00,node-01,checkout-api,200,True,anomalous,market_aware_v1,47.229,49.192,113.629,29.598,0.794,52.975,66.512,1.523
2088be05-b49c-4b8a-8fbb-9a4b359d4a47,2026-04-25T17:12:08.756891-04:00,node-01,payments-api,200,True,anomalous,market_aware_v1,44.636,49.716,119.617,29.692,0.763,53.53,51.626,1.479
ff6b2706-6f68-4f49-800a-c7dc2a026ced,2026-04-25T17:12:08.757383-04:00,node-01,orders-api,200,True,normal,market_aware_v1,46.399,41.006,83.16,26.904,0.33,46.525,93.804,0.673
24a96a2d-8fa9-4e61-8bf9-746980397c35,2026-04-25T17:12:08.757855-04:00,node-01,checkout-api,200,True,normal,market_aware_v1,40.521,41.383,86.475,26.858,0.298,36.1,71.463,0.504
b9195e0e-c579-43f0-a3e8-a6c57e7e98b7,2026-04-25T17:12:08.758327-04:00,node-01,payments-api,200,True,normal,market_aware_v1,40.108,45.172,109.266,26.066,0.355,46.984,56.974,0.802
17866a11-bb53-4ca9-9a8e-e28e7778f23c,2026-04-25T17:12:08.758808-04:00,node-01,orders-api,200,True,normal,market_aware_v1,39.831,43.748,77.966,29.175,0.311,39.984,95.241,0.443
8d798321-c3dc-4b6b-95e9-2790faa45934,2026-04-25T17:12:08.759255-04:00,node-01,checkout-api,200,True,normal,market_aware_v1,37.959,44.592,96.825,26.16,0.451,40.905,71.051,0.752
bb4072b0-50b7-4760-8622-1dd3eaddd767,2026-04-25T17:12:08.759697-04:00,node-01,payments-api,200,True,anomalous,market_aware_v1,40.154,47.082,123.247,26.277,0.808,55.758,45.591,1.581
3c5208fd-427d-4640-abc4-1033663e8fe3,2026-04-25T17:12:08.760118-04:00,node-01,orders-api,200,True,normal,market_aware_v1,44.127,39.473,88.18,27.6,0.303,43.806,94.347,0.572
1f55f89a-c099-4c59-9d14-c46d3630acbb,2026-04-25T17:12:08.760545-04:00,node-01,checkout-api,200,True,anomalous,market_aware_v1,46.66,45.379,107.041,28.705,0.746,46.115,61.328,1.254
a25c255f-ba29-4d61-a24e-debe69cf81c2,2026-04-25T17:12:08.760974-04:00,node-01,payments-api,200,True,normal,market_aware_v1,37.612,49.149,97.166,24.134,0.338,44.933,51.793,0.862
ce84c93d-5982-499b-92ed-76992b0b08d9,2026-04-25T17:12:08.761396-04:00,node-01,orders-api,200,True,anomalous,market_aware_v1,49.825,44.346,106.804,28.487,0.576,53.974,88.583,1.165
26e8aa0d-9f38-452d-8847-d11893b9ac90,2026-04-25T17:12:08.761848-04:00,node-01,checkout-api,200,True,normal,market_aware_v1,38.493,43.596,95.75,29.136,0.421,43.701,73.431,0.627
ef1b277c-ce88-4ae7-832e-f434b913410a,2026-04-25T17:12:08.762271-04:00,node-01,payments-api,200,True,normal,market_aware_v1,37.332,48.885,91.674,24.163,0.365,42.808,56.986,0.633
c8662f6e-b297-4a62-b472-e3ef05b21dc6,2026-04-25T17:12:08.762703-04:00,node-01,orders-api,200,True,normal,market_aware_v1,41.66,40.124,64.037,30.718,0.211,37.681,102.128,0.342
cd72dcc1-accf-4846-9d14-1e9ec248beaa,2026-04-25T17:12:08.763147-04:00,node-01,checkout-api,200,True,normal,market_aware_v1,47.81,50.258,113.63,28.542,0.488,48.054,71.552,0.949
c930a8a6-a9ec-43ba-8e1e-ec24c8943a82,2026-04-25T17:12:08.763599-04:00,node-01,payments-api,200,True,normal,market_aware_v1,42.868,46.021,114.208,22.894,0.513,55.454,57.228,1.038
3c13952d-28f1-4648-a5c2-84da36b7a854,2026-04-25T17:12:08.764052-04:00,node-01,orders-api,200,True,normal,market_aware_v1,43.488,44.76,72.735,29.72,0.21,39.963,97.386,0.334
f69c6609-922d-4437-93b2-39c3322d4880,2026-04-25T17:12:08.764474-04:00,node-01,checkout-api,200,True,normal,market_aware_v1,45.984,48.711,94.126,29.176,0.458,43.946,73.895,0.858
69031143-f8ba-44cf-b555-18ce9106d645,2026-04-25T17:12:08.764905-04:00,node-01,payments-api,200,True,normal,market_aware_v1,42.222,52.986,105.909,25.134,0.398,43.253,66.408,0.783
32c93ce5-94b2-4ca3-9c12-8a7279082911,2026-04-25T17:12:08.765306-04:00,node-01,orders-api,200,True,anomalous,market_aware_v1,54.54,46.012,96.961,32.099,0.55,43.931,95.947,0.897
fdf4deb4-2d28-4703-8342-9323bb94a09c,2026-04-25T17:12:08.765726-04:00,node-01,checkout-api,200,True,normal,market_aware_v1,45.261,47.954,100.834,29.891,0.446,50.132,75.909,0.902
8aebfaf2-fa5a-48e3-9666-154c0a88202a,2026-04-25T17:12:08.766146-04:00,node-01,payments-api,200,True,normal,market_aware_v1,41.579,49.786,117.308,24.442,0.5,47.853,69.055,1.094
db0f2bcc-6c84-4b65-83fa-c4e3c3c7b34b,2026-04-25T17:12:08.766844-04:00,node-01,orders-api,200,True,normal,market_aware_v1,51.115,45.043,86.794,30.255,0.291,45.683,104.751,0.643
4405f631-4fbf-4fea-9474-25246add7a29,2026-04-25T17:12:08.767283-04:00,node-01,checkout-api,200,True,anomalous,market_aware_v1,53.231,48.911,126.237,29.418,0.818,56.512,73.895,1.549
3dbbd04c-4d24-4e3a-8b01-7ef436415b9c,2026-04-25T17:12:08.767707-04:00,node-01,payments-api,200,True,normal,market_aware_v1,45.588,52.787,108.114,28.159,0.408,45.218,63.051,0.652
865ec07c-95ca-46f9-b065-f0f1fb6a42af,2026-04-25T17:12:08.768126-04:00,node-01,orders-api,200,True,normal,market_aware_v1,50.19,47.17,98.443,31.945,0.317,53.518,99.251,0.748
0e939763-fd55-4531-9e05-04b13cdbced3,2026-04-25T17:12:08.768588-04:00,node-01,checkout-api,200,True,normal,market_aware_v1,49.716,47.881,100.982,28.536,0.517,53.126,78.468,0.965
5b79c75d-f872-4aac-913a-64e16b03ac51,2026-04-25T17:12:08.769257-04:00,node-01,payments-api,200,True,normal,market_aware_v1,45.437,48.154,118.006,27.684,0.473,52.441,67.706,0.941
612aad8d-bbad-4577-9294-68a35f7b76f6,2026-04-25T17:12:08.769742-04:00,node-01,orders-api,200,True,normal,market_aware_v1,50.79,47.083,83.89,32.964,0.226,42.169,102.795,0.518
d6777450-b010-4158-aae2-6b0d69515678,2026-04-25T17:12:08.770160-04:00,node-01,checkout-api,200,True,normal,market_aware_v1,52.565,50.292,105.163,31.507,0.451,48.384,81.589,0.927
b5283026-72bf-4808-b58c-38e05632d8a4,2026-04-25T17:12:08.770680-04:00,node-01,payments-api,200,True,normal,market_aware_v1,45.538,51.609,108.858,26.924,0.4,51.602,65.561,0.828
883171b4-bfc3-4048-9f4b-2d5499637ce8,2026-04-25T17:12:08.771165-04:00,node-01,orders-api,200,True,normal,market_aware_v1,51.111,47.841,92.122,30.921,0.274,48.257,98.843,0.653
16394ce1-21b8-4a81-b71e-2087effc49ea,2026-04-25T17:12:08.771674-04:00,node-01,checkout-api,200,True,normal,market_aware_v1,52.523,43.643,109.777,28.503,0.529,49.324,78.429,0.988
b5f6be42-db71-43b8-ad9e-811291b1c8ca,2026-04-25T17:12:08.772160-04:00,node-01,payments-api,200,True,normal,market_aware_v1,45.945,50.824,123.689,26.112,0.392,53.36,61.434,0.963
6dd6af90-94eb-46c8-ab8b-1c56bb5def93,2026-04-25T17:12:08.772652-04:00,node-01,orders-api,200,True,normal,market_aware_v1,53.279,42.656,93.698,31.817,0.309,54.873,96.859,0.693
90d7640e-d296-4b63-9f34-3ac115b9206b,2026-04-25T17:12:08.773125-04:00,node-01,checkout-api,200,True,normal,market_aware_v1,45.897,44.271,110.537,29.302,0.487,47.245,73.56,0.888
7fbadad1-a9c4-4552-8985-e5a89f68ab14,2026-04-25T17:12:08.773652-04:00,node-01,payments-api,200,True,anomalous,market_aware_v1,47.554,51.906,135.447,27.328,0.808,61.899,47.92,1.665
508c701d-2bfe-412f-a817-6d8bace3984e,2026-04-25T17:12:08.774154-04:00,node-01,orders-api,200,True,normal,market_aware_v1,49.554,46.496,91.695,32.271,0.202,41.762,99.461,0.523
7c20fcb4-3a97-4cf6-97a1-af85c4993b8c,2026-04-25T17:12:08.774663-04:00,node-01,checkout-api,200,True,anomalous,market_aware_v1,50.435,45.936,130.944,29.328,0.827,58.342,67.572,1.701
a4b1ef15-39c0-4c00-b4ed-f2e99b1174d3,2026-04-25T17:12:08.775078-04:00,node-01,payments-api,200,True,normal,market_aware_v1,43.196,47.546,107.143,25.311,0.347,51.439,61.468,0.844
485a83bc-0fae-4263-8b22-fee185ac1c8e,2026-04-25T17:12:08.775495-04:00,node-01,orders-api,200,True,normal,market_aware_v1,46.5,42.091,78.398,30.95,0.221,46.742,93.897,0.489
2ee95674-fb0f-4ed4-a613-d63bc568a796,2026-04-25T17:12:08.775974-04:00,node-01,checkout-api,200,True,normal,market_aware_v1,46.813,48.023,105.632,28.792,0.391,47.509,69.486,0.81
1e76bbfb-89a5-4a52-87ff-0ca2cd52a02c,2026-04-25T17:12:08.776459-04:00,node-01,payments-api,200,True,normal,market_aware_v1,39.419,48.409,112.876,24.038,0.365,46.282,62.017,0.739
8128f673-2370-486a-9740-e563ba234a2b,2026-04-25T17:12:08.776996-04:00,node-01,orders-api,200,True,normal,market_aware_v1,45.523,44.807,99.61,30.036,0.343,47.128,99.709,0.627
da5ba1bf-b2c6-48d6-a960-911a65845aaf,2026-04-25T17:12:08.777511-04:00,node-01,checkout-api,200,True,anomalous,market_aware_v1,46.476,47.353,110.529,30.303,0.715,49.008,69.704,1.251
7fea4964-0e0e-4c03-9c0b-3b0195bdc6c9,2026-04-25T17:12:08.778025-04:00,node-01,payments-api,200,True,normal,market_aware_v1,40.911,50.009,101.621,25.884,0.379,47.189,62.61,0.748
893b87bc-d5c5-4d38-aa51-aaf78901257b,2026-04-25T17:12:08.778577-04:00,node-01,orders-api,200,True,normal,market_aware_v1,49.958,44.99,75.218,29.799,0.142,35.27,105.632,0.276
115d91d6-8365-4383-8b78-d28713e88438,2026-04-25T17:12:08.779104-04:00,node-01,checkout-api,200,True,normal,market_aware_v1,42.411,46.884,114.756,29.781,0.429,53.416,74.266,0.966
8c497832-3809-45b2-9298-91f2ca680d87,2026-04-25T17:12:08.779623-04:00,node-01,payments-api,200,True,normal,market_aware_v1,45.849,49.949,121.193,24.258,0.423,51.33,70.02,0.863
1c2f9185-f545-4ac6-9373-56dccadebbec,2026-04-25T17:12:08.780335-04:00,node-01,orders-api,200,True,normal,market_aware_v1,47.656,45.206,88.51,31.591,0.271,46.578,99.742,0.54
9bd9b694-7a6e-4a92-a8f0-8e45268916f0,2026-04-25T17:12:08.780846-04:00,node-01,checkout-api,200,True,anomalous,market_aware_v1,48.048,50.325,125.424,28.277,0.782,48.16,70.062,1.373
86785aaf-4c84-4e05-87cb-a2a736fe7170,2026-04-25T17:12:08.781321-04:00,node-01,payments-api,200,True,normal,market_aware_v1,44.603,49.406,97.2,25.126,0.301,45.459,60.263,0.638
699dcf58-f37a-4a9c-97a7-e43b97aa8204,2026-04-25T17:12:08.781774-04:00,node-01,orders-api,200,True,normal,market_aware_v1,51.302,46.894,74.614,32.1,0.292,44.994,103.177,0.552
c53bfe9c-e744-414f-bf9e-1d1ab7c85868,2026-04-25T17:12:08.782212-04:00,node-01,checkout-api,200,True,normal,market_aware_v1,49.263,46.347,97.258,29.622,0.396,37.798,81.185,0.71
1a6716cf-c495-432b-9ace-d8d7325bdbb5,2026-04-25T17:12:08.782667-04:00,node-01,payments-api,200,True,normal,market_aware_v1,43.867,50.504,118.759,25.487,0.484,54.934,63.316,1.113
a0687e48-f6a5-4155-affc-f05620871471,2026-04-25T17:12:08.783098-04:00,node-01,orders-api,200,True,normal,market_aware_v1,50.344,53.064,94.794,32.537,0.34,46.542,104.205,0.686
23c5a3fb-9033-4f7a-a691-4b4ea42fdbde,2026-04-25T17:12:08.783536-04:00,node-01,checkout-api,200,True,normal,market_aware_v1,49.746,48.772,112.089,28.732,0.481,47.549,78.618,0.863
0ff7c371-dc68-46f4-9c70-1294ef4c479e,2026-04-25T17:12:08.784058-04:00,node-01,payments-api,200,True,anomalous,market_aware_v1,49.8,55.118,120.189,27.927,0.836,49.834,67.706,1.415
675d65c5-7ba7-429d-9625-032ba767f83d,2026-04-25T17:12:08.784603-04:00,node-01,orders-api,200,True,normal,market_aware_v1,54.439,50.047,102.014,32.631,0.367,56.017,102.634,0.992
57f8fca9-4434-478c-8096-940e638f6946,2026-04-25T17:12:08.785163-04:00,node-01,checkout-api,200,True,normal,market_aware_v1,53.617,53.558,117.825,29.622,0.553,55.774,76.561,1.114
22fbae14-76d9-4ee7-8d9d-2d33d2897063,2026-04-25T17:12:08.785789-04:00,node-01,payments-api,200,True,normal,market_aware_v1,46.421,51.408,117.386,30.87,0.362,48.847,71.565,0.931
4fb32342-aa4a-476b-9708-42bff6061e11,2026-04-25T17:12:08.786296-04:00,node-01,orders-api,200,True,normal,market_aware_v1,56.799,47.253,96.362,33.474,0.377,49.588,104.831,0.769
7e2888d3-028b-4fff-911a-8a7a3f1145ac,2026-04-25T17:12:08.786799-04:00,node-01,checkout-api,200,True,normal,market_aware_v1,49.459,46.935,106.546,31.889,0.368,45.384,83.101,0.834
27e280ad-251a-43d6-a79a-a6935a66935c,2026-04-25T17:12:08.787317-04:00,node-01,payments-api,200,True,normal,market_aware_v1,47.536,54.39,122.208,28.886,0.402,52.736,68.374,1.061
e6d681b8-cce9-413f-a1a6-63cda6111228,2026-04-25T17:12:08.787806-04:00,node-01,orders-api,200,True,anomalous,market_aware_v1,59.034,50.204,101.377,32.696,0.624,54.175,105.672,1.207
9a02c67c-87d9-4365-b9c5-984ee7ab721b,2026-04-25T17:12:08.788564-04:00,node-01,checkout-api,200,True,normal,market_aware_v1,52.632,52.147,113.208,28.735,0.402,48.819,76.071,0.935
3ef5dc67-1d3d-4266-b5c1-ac36209ad24d,2026-04-25T17:12:08.789398-04:00,node-01,payments-api,429,True,normal,market_aware_v1,49.516,51.455,129.206,27.38,0.482,57.599,65.833,1.146
6d2c6e16-e669-48e7-877f-0855783a6e7e,2026-04-25T17:12:08.789860-04:00,node-01,orders-api,200,True,normal,market_aware_v1,51.808,46.534,86.872,29.722,0.276,45.575,104.592,0.527
a6444e85-a834-4b76-a98a-c11dde9e29a9,2026-04-25T17:12:08.790273-04:00,node-01,checkout-api,200,True,normal,market_aware_v1,49.704,48.393,113.928,29.86,0.48,50.525,78.888,0.99
ad28d780-f38d-422e-b927-3c744a4990bc,2026-04-25T17:12:08.790726-04:00,node-01,payments-api,200,True,normal,market_aware_v1,47.407,52.372,120.79,26.469,0.487,57.725,67.346,1.035
3af33303-43e1-46c5-8cde-c622a532a019,2026-04-25T17:12:08.791177-04:00,node-01,orders-api,200,True,normal,market_aware_v1,56.992,48.794,117.659,32.597,0.545,64.113,94.432,1.448
83955146-4b41-4b60-af93-83bdab85ae13,2026-04-25T17:12:08.791614-04:00,node-01,checkout-api,200,True,anomalous,market_aware_v1,49.221,50.562,105.223,30.785,0.78,46.751,76.358,1.418
46698a82-10ca-4ca2-b650-09c285040014,2026-04-25T17:12:08.792507-04:00,node-01,payments-api,200,True,normal,market_aware_v1,43.388,47.687,113.08,23.833,0.421,49.74,59.09,0.91
829c0bc5-16d0-4270-b759-c7a53f1406ae,2026-04-25T17:12:08.792954-04:00,node-01,orders-api,200,True,normal,market_aware_v1,51.311,42.688,83.31,28.828,0.127,42.401,105.66,0.321
eb1b46d9-9def-4b07-894c-9c25ad424c9a,2026-04-25T17:12:08.793404-04:00,node-01,checkout-api,200,True,anomalous,market_aware_v1,52.482,51.264,122.933,30.711,0.901,58.209,65.777,1.61
f5d9b2b8-9ff8-47b0-a76e-c3eb51ae1b9f,2026-04-25T17:12:08.793836-04:00,node-01,payments-api,200,True,normal,market_aware_v1,39.971,49.957,115.063,25.278,0.473,54.749,56.079,1.122
c0f9d216-1e8b-4ed2-b8aa-47983f4f0026,2026-04-25T17:12:08.794234-04:00,node-01,orders-api,200,True,normal,market_aware_v1,45.474,39.383,96.299,28.955,0.252,47.237,88.155,0.536
21935fa5-f1c7-4f9c-9c9e-9ba1d82ab2fb,2026-04-25T17:12:08.796056-04:00,node-01,checkout-api,200,True,normal,market_aware_v1,45.212,43.176,102.168,27.808,0.381,47.703,70.574,0.973
634cb2da-3e2a-4375-a1ff-aaca51896cbf,2026-04-25T17:12:08.796520-04:00,node-01,payments-api,200,True,normal,market_aware_v1,44.634,45.659,109.601,26.32,0.393,47.001,58.483,0.749
23202f4d-f026-426f-ad6f-6fba9b6ed2e8,2026-04-25T17:12:08.797013-04:00,node-01,orders-api,200,True,normal,market_aware_v1,44.766,41.497,78.94,29.925,0.284,43.387,91.491,0.536
0cd74071-a450-4296-ba82-0590243a0abf,2026-04-25T17:12:08.797403-04:00,node-01,checkout-api,200,True,normal,market_aware_v1,40.963,42.806,110.074,27.759,0.478,45.988,67.832,0.897
252377b6-0dbd-477f-98e2-ea5f26c29912,2026-04-25T17:12:08.797832-04:00,node-01,payments-api,200,True,normal,market_aware_v1,36.37,46.468,104.884,24.384,0.389,47.77,57.546,0.825
9ea941ac-e271-46fc-80fc-0cb52ef98c8e,2026-04-25T17:12:08.798241-04:00,node-01,orders-api,200,True,normal,market_aware_v1,42.636,40.554,87.965,30.152,0.295,48.992,91.645,0.656
6ce142d9-77c5-472e-b96b-c2e0eb384bae,2026-04-25T17:12:08.798737-04:00,node-01,checkout-api,200,True,normal,market_aware_v1,39.077,43.143,97.296,27.493,0.419,40.507,68.211,0.666
2b298cb6-b311-43d5-82c5-f7a4f33699e1,2026-04-25T17:12:08.799165-04:00,node-01,payments-api,200,True,normal,market_aware_v1,36.465,47.642,115.351,22.56,0.352,43.814,58.314,0.818
96cee521-3134-425c-9a89-585db3564143,2026-04-25T17:12:08.799656-04:00,node-01,orders-api,200,True,normal,market_aware_v1,46.257,39.881,93.787,29.446,0.343,52.522,88.94,0.815
a242c990-62c8-4d15-abb5-449826bf6c2b,2026-04-25T17:12:08.800144-04:00,node-01,checkout-api,200,True,normal,market_aware_v1,48.781,47.191,101.993,26.31,0.403,44.372,69.962,0.8
e9d82516-9dd3-4592-bc3f-efef23e6dba9,2026-04-25T17:12:08.800640-04:00,node-01,payments-api,200,True,normal,market_aware_v1,35.974,47.576,108.044,26.829,0.399,44.374,56.131,0.904
4080ec0d-3dca-4d64-8a84-15e71a69e55c,2026-04-25T17:12:08.801080-04:00,node-01,orders-api,200,True,normal,market_aware_v1,49.184,41.19,87.814,28.909,0.267,42.159,99.208,0.506
5956adaa-fc1d-469f-a487-83946e7047cb,2026-04-25T17:12:08.801587-04:00,node-01,checkout-api,200,True,normal,market_aware_v1,52.926,46.851,112.664,29.923,0.49,50.642,69.237,1.076
a4d01b9f-2551-4e14-b71d-51cd3bf7a9a8,2026-04-25T17:12:08.802129-04:00,node-01,payments-api,200,True,normal,market_aware_v1,42.636,49.65,115.505,24.215,0.441,56.244,54.935,1.058
83ddac32-52fd-4be8-945f-fb715e6be15f,2026-04-25T17:12:08.802641-04:00,node-01,orders-api,200,True,normal,market_aware_v1,45.123,43.628,86.127,30.197,0.26,41.861,96.999,0.482
c93df18e-5d03-4d7c-8d1e-02ac9c3bd32f,2026-04-25T17:12:08.803139-04:00,node-01,checkout-api,200,True,normal,market_aware_v1,46.659,50.77,101.373,27.027,0.481,47.339,69.667,0.873
b263c4a3-6192-4855-9d4e-069a18703397,2026-04-25T17:12:08.803638-04:00,node-01,payments-api,429,True,normal,market_aware_v1,46.001,51.838,120.769,25.355,0.452,56.461,66.313,1.005
d084ee01-4cf2-4f23-92a9-3977de824882,2026-04-25T17:12:08.804191-04:00,node-01,orders-api,200,True,normal,market_aware_v1,48.559,43.371,93.442,30.317,0.291,52.42,95.495,0.671
02b91236-57ce-4650-8397-efddc528406e,2026-04-25T17:12:08.805472-04:00,node-01,checkout-api,200,True,normal,market_aware_v1,48.877,46.586,130.813,30.086,0.674,62.513,81.908,1.756
c6a1501b-aa12-4dac-a775-b99c83b00505,2026-04-25T17:12:08.805964-04:00,node-01,payments-api,200,True,normal,market_aware_v1,45.013,52.065,137.209,29.103,0.532,60.467,57.221,1.335
f2741720-ea03-4c62-9271-670c202a15ad,2026-04-25T17:12:08.806404-04:00,node-01,orders-api,200,True,anomalous,market_aware_v1,54.141,48.567,119.001,31.319,0.705,56.56,87.969,1.387
26d18590-df53-4d08-b733-945ce0bc275f,2026-04-25T17:12:08.807239-04:00,node-01,checkout-api,200,True,normal,market_aware_v1,46.85,46.704,95.548,30.152,0.429,46.844,89.778,0.87
2b9b7b27-e544-459d-94ea-3404b9f301c6,2026-04-25T17:12:08.807739-04:00,node-01,payments-api,200,True,normal,market_aware_v1,46.014,50.746,123.482,27.031,0.432,55.152,62.853,0.927
ba269ec4-6c13-4049-81c0-23fb0c959fd4,2026-04-25T17:12:08.808212-04:00,node-01,orders-api,200,True,normal,market_aware_v1,52.255,49.478,101.548,29.039,0.322,47.186,105.074,0.666
7d997c0b-475f-4fb0-b6d1-aec6633c0a20,2026-04-25T17:12:08.808682-04:00,node-01,checkout-api,200,True,normal,market_aware_v1,54.471,48.047,127.969,28.161,0.582,57.444,76.427,1.178
20c17878-2112-4d48-87fb-bc2eadfaa58b,2026-04-25T17:12:08.809128-04:00,node-01,payments-api,200,True,normal,market_aware_v1,47.095,50.615,129.391,27.298,0.495,55.895,65.633,1.224
58858b60-5708-49a4-83f9-5fa7bd8c7821,2026-04-25T17:12:08.809601-04:00,node-01,orders-api,200,True,normal,market_aware_v1,50.539,47.632,92.911,32.713,0.345,48.516,101.994,0.77
9293a863-e93b-4aa4-bb3f-e06a2efeef79,2026-04-25T17:12:08.810001-04:00,node-01,checkout-api,200,True,normal,market_aware_v1,53.308,47.614,109.739,29.564,0.455,47.779,75.153,0.831
ff9aa22f-be6b-416a-b271-e92c4691c4aa,2026-04-25T17:12:08.810855-04:00,node-01,payments-api,200,True,normal,market_aware_v1,42.177,52.163,105.146,26.112,0.29,40.354,69.794,0.596
dbe01c2f-9588-401d-98e6-0bc39dc377c4,2026-04-25T17:12:08.811684-04:00,node-01,orders-api,200,True,normal,market_aware_v1,52.96,49.526,108.3,32.556,0.282,54.61,95.16,0.779
b9d69499-0824-4b86-8f41-8ea4a6685de1,2026-04-25T17:12:08.812108-04:00,node-01,checkout-api,200,True,normal,market_aware_v1,48.741,50.289,118.32,29.378,0.551,54.468,76.371,1.175
62acd678-d2b1-45b3-aff2-b0d92eb6b304,2026-04-25T17:12:08.812622-04:00,node-01,payments-api,200,True,normal,market_aware_v1,44.397,49.781,122.329,27.16,0.405,56.462,59.767,1.037
915c0ca3-6a9d-4301-94e9-16a457399f40,2026-04-25T17:12:08.813107-04:00,node-01,orders-api,200,True,normal,market_aware_v1,50.597,46.216,114.186,30.036,0.444,58.541,99.732,1.181
b3e8543c-4583-47db-8f35-e4179758c1c0,2026-04-25T17:12:08.813575-04:00,node-01,checkout-api,200,True,normal,market_aware_v1,47.227,44.87,112.607,28.416,0.46,50.831,76.947,1.034
acd9d272-fdbc-4d8c-afc4-11d5911af612,2026-04-25T17:12:08.814077-04:00,node-01,payments-api,200,True,normal,market_aware_v1,45.451,48.36,115.997,22.67,0.483,54.885,59.693,1.071
119b992e-050c-4a3e-838a-1dc0b16da4e1,2026-04-25T17:12:08.814568-04:00,node-01,orders-api,200,True,normal,market_aware_v1,48.261,47.303,90.122,32.053,0.335,46.18,99.378,0.649
d0dd604e-c06d-4666-9afe-6d61dd16be5e,2026-04-25T17:12:08.815073-04:00,node-01,checkout-api,200,True,normal,market_aware_v1,43.158,48.117,95.695,28.882,0.469,46.532,63.351,0.909
240691bf-bdad-4e67-a266-2471f599e3b2,2026-04-25T17:12:08.815564-04:00,node-01,payments-api,200,True,normal,market_aware_v1,43.591,50.254,110.729,24.354,0.387,44.426,59.328,0.698
beef863f-8427-485e-a1c3-36cf61c53d46,2026-04-25T17:12:08.816061-04:00,node-01,orders-api,200,True,normal,market_aware_v1,44.625,45.37,90.252,30.035,0.159,41.117,95.388,0.564
f4b43348-18b8-4f87-ab6a-197a6e5b202e,2026-04-25T17:12:08.816518-04:00,node-01,checkout-api,200,True,normal,market_aware_v1,40.306,46.396,107.043,28.282,0.468,46.343,73.0,0.963
ee5a0a62-9849-4e7e-98d5-d6b9e6c5f798,2026-04-25T17:12:08.816994-04:00,node-01,payments-api,200,True,normal,market_aware_v1,43.463,46.452,113.288,27.739,0.546,57.369,54.43,1.072
ff2e5e97-e97f-4b50-9980-19775191d12e,2026-04-25T17:12:08.817478-04:00,node-01,orders-api,200,True,anomalous,market_aware_v1,55.099,46.368,96.786,32.77,0.587,49.326,89.683,1.088
4ef58357-92f1-49cb-a0a6-433d9e5025f6,2026-04-25T17:12:08.817967-04:00,node-01,checkout-api,200,True,normal,market_aware_v1,45.93,45.886,113.284,27.803,0.481,54.157,69.727,1.065
9cbf130b-df0a-4368-995e-0cf30f1ce1b1,2026-04-25T17:12:08.818415-04:00,node-01,payments-api,200,True,normal,market_aware_v1,40.134,45.794,117.836,25.02,0.346,50.346,62.89,0.814
6771ac7d-7f05-4a41-814c-892143f98b1f,2026-04-25T17:12:08.818898-04:00,node-01,orders-api,200,True,normal,market_aware_v1,46.615,45.543,84.541,29.369,0.385,46.572,97.273,0.742
508546f9-5e02-42fe-a996-e2c6d5b15b02,2026-04-25T17:12:08.819385-04:00,node-01,checkout-api,200,True,normal,market_aware_v1,46.261,49.542,109.796,30.646,0.543,50.957,70.919,1.05
54abec9b-841b-4280-b81a-4e0e1551e879,2026-04-25T17:12:08.819853-04:00,node-01,payments-api,200,True,normal,market_aware_v1,41.155,51.015,111.279,26.026,0.383,54.56,57.34,0.96
f59004d9-106e-40eb-8e74-3479c3a9bf5f,2026-04-25T17:12:08.820268-04:00,node-01,orders-api,200,True,normal,market_aware_v1,51.222,44.157,93.168,32.398,0.349,50.658,97.945,0.771
a0d4066b-6254-4c2b-bb75-98e654cc56de,2026-04-25T17:12:08.820712-04:00,node-01,checkout-api,200,True,normal,market_aware_v1,45.965,46.67,106.332,27.633,0.514,50.179,69.157,0.986
c3f8808a-1fd5-4de6-82b3-c1b85f632147,2026-04-25T17:12:08.821146-04:00,node-01,payments-api,200,True,anomalous,market_aware_v1,44.613,55.092,115.775,28.918,0.76,54.383,57.771,1.423
5c26e725-ddad-4af6-a38e-f27a81aaa410,2026-04-25T17:12:08.821592-04:00,node-01,orders-api,200,True,normal,market_aware_v1,52.299,45.528,90.05,31.23,0.304,50.284,100.924,0.822
bff98794-1d14-4425-9176-7601e709eebe,2026-04-25T17:12:08.822014-04:00,node-01,checkout-api,200,True,normal,market_aware_v1,55.337,49.59,112.255,28.979,0.496,50.305,75.581,1.092
ff1eaf59-a1fd-4b41-9621-1dc51c7405d5,2026-04-25T17:12:08.822415-04:00,node-01,payments-api,200,True,normal,market_aware_v1,45.436,49.673,104.222,28.392,0.322,44.771,64.741,0.664
b63fd051-190b-4cc1-b2e5-e8104f98834e,2026-04-25T17:12:08.822859-04:00,node-01,orders-api,200,True,normal,market_aware_v1,54.712,48.301,106.131,33.126,0.337,57.121,95.099,0.879
68e7bdbe-091f-4396-a2da-811f7a562a87,2026-04-25T17:12:08.823294-04:00,node-01,checkout-api,200,True,normal,market_aware_v1,51.778,51.582,109.062,30.709,0.515,50.911,80.2,1.065
22417927-4c51-4a53-895b-e6de4361d4c9,2026-04-25T17:12:08.823706-04:00,node-01,payments-api,429,True,normal,market_aware_v1,50.097,52.161,117.301,24.958,0.431,57.731,63.331,1.126
2306ed5b-2882-470f-8b5e-017192b650bc,2026-04-25T17:12:08.824115-04:00,node-01,orders-api,200,True,normal,market_aware_v1,57.155,47.891,89.476,31.612,0.296,43.175,103.16,0.488
0ce553c3-eccb-4f0e-9da8-2c97b9640a17,2026-04-25T17:12:08.824529-04:00,node-01,checkout-api,200,True,normal,market_aware_v1,52.096,52.57,104.359,30.181,0.357,48.664,82.682,0.819
3d40500d-019f-4fbc-84eb-17b429e7fe79,2026-04-25T17:12:08.824954-04:00,node-01,payments-api,200,True,normal,market_aware_v1,48.752,55.48,117.09,29.066,0.456,54.562,67.081,1.038
54e8d5af-97ec-48a6-8888-f80f99169a1a,2026-04-25T17:12:08.825391-04:00,node-01,orders-api,200,True,normal,market_aware_v1,57.617,47.076,104.973,31.934,0.367,52.324,104.514,0.795
d6a43a74-003b-4e99-b2b5-eebbeeba676a,2026-04-25T17:12:08.825816-04:00,node-01,checkout-api,200,True,normal,market_aware_v1,54.548,52.492,115.995,33.143,0.434,46.522,82.372,0.837
9b052a67-bafb-4dee-9c13-f0ccd955f12b,2026-04-25T17:12:08.826316-04:00,node-01,payments-api,429,True,normal,market_aware_v1,51.168,55.431,128.804,26.992,0.567,56.14,66.622,1.203
d166740d-0572-45b3-b4aa-44b2a9f5f327,2026-04-25T17:12:08.826806-04:00,node-01,orders-api,200,True,normal,market_aware_v1,53.974,46.803,99.385,34.552,0.399,52.135,105.018,0.814
2c906d43-cc8d-4680-926e-49a64ed785fd,2026-04-25T17:12:08.827243-04:00,node-01,checkout-api,200,True,normal,market_aware_v1,51.344,51.577,121.861,30.346,0.611,58.533,77.06,1.361
8c553fa8-f255-46f0-948f-7fb810399132,2026-04-25T17:12:08.827719-04:00,node-01,payments-api,200,True,normal,market_aware_v1,50.181,53.292,130.25,27.593,0.473,56.731,68.485,1.129
d2811916-1ac3-477f-bdfe-63c5656499d9,2026-04-25T17:12:08.829545-04:00,node-01,orders-api,200,True,anomalous,market_aware_v1,56.072,50.815,124.095,36.654,0.647,59.645,91.98,1.328
292b1207-d418-4acb-8efc-cb4b75ecb0d6,2026-04-25T17:12:08.830336-04:00,node-01,checkout-api,200,True,normal,market_aware_v1,53.862,50.016,116.728,30.297,0.4,53.83,80.783,0.964
bbe86824-93c7-4906-aac9-82b96876cf42,2026-04-25T17:12:08.830809-04:00,node-01,payments-api,200,True,normal,market_aware_v1,48.0,53.912,121.945,26.627,0.48,54.706,62.845,1.077
ab06d086-72b7-48a1-a871-8f1533e0474f,2026-04-25T17:12:08.831400-04:00,node-01,orders-api,200,True,normal,market_aware_v1,54.264,43.515,97.682,32.341,0.375,51.861,104.622,0.876
f2db1255-f73a-4447-bc0e-6af2f219ebd2,2026-04-25T17:12:08.831874-04:00,node-01,checkout-api,200,True,normal,market_aware_v1,49.142,48.437,106.007,29.015,0.51,54.553,75.999,1.153
ea22ce3b-bd2c-4274-b937-307f1793f24f,2026-04-25T17:12:08.832388-04:00,node-01,payments-api,200,True,anomalous,market_aware_v1,52.233,48.821,135.694,26.866,0.793,58.831,54.617,1.516
848866be-bd7d-45ac-9d2d-a043f2608f28,2026-04-25T17:12:08.832894-04:00,node-01,orders-api,200,True,normal,market_aware_v1,51.077,42.058,108.94,29.776,0.354,54.66,92.977,0.772
cf4c9f47-0ec8-4c28-8333-3f3ca4b3f90c,2026-04-25T17:12:08.833381-04:00,node-01,checkout-api,200,True,normal,market_aware_v1,44.577,44.854,93.626,27.914,0.393,48.516,76.555,0.842
6688170e-f51e-408d-92a2-03400944d430,2026-04-25T17:12:08.833873-04:00,node-01,payments-api,200,True,normal,market_aware_v1,41.145,47.339,111.918,24.603,0.483,56.007,56.92,1.194
a8c643b9-3374-4927-b450-81846e85cbb3,2026-04-25T17:12:08.834367-04:00,node-01,orders-api,200,True,normal,market_aware_v1,45.32,45.481,70.943,26.404,0.255,40.75,96.087,0.501
df5b9de3-5fd0-45d2-9e2d-7c328597742f,2026-04-25T17:12:08.834859-04:00,node-01,checkout-api,200,True,normal,market_aware_v1,43.833,45.009,114.426,25.509,0.54,57.951,67.55,1.223
835f71e6-1547-4319-9b8c-ee9248c22502,2026-04-25T17:12:08.835351-04:00,node-01,payments-api,200,True,normal,market_aware_v1,38.261,51.946,103.017,24.241,0.443,44.741,55.315,0.831
0ba040b4-e259-4f04-8c0e-ff124cf27baf,2026-04-25T17:12:08.835845-04:00,node-01,orders-api,200,True,normal,market_aware_v1,46.976,42.448,102.153,30.93,0.262,52.076,83.655,0.737
1567d7b1-cfff-4af1-8c7d-49f2a1f57bdd,2026-04-25T17:12:08.836325-04:00,node-01,checkout-api,200,True,anomalous,market_aware_v1,46.099,48.204,108.858,29.768,0.661,50.435,70.847,1.2
c85c2f6a-a562-490b-8735-8edcda9d3958,2026-04-25T17:12:08.836823-04:00,node-01,payments-api,200,True,anomalous,market_aware_v1,43.52,51.721,121.837,26.765,0.821,55.528,52.315,1.413
71098354-3e37-4db1-904a-a867d780cb5e,2026-04-25T17:12:08.837314-04:00,node-01,orders-api,200,True,normal,market_aware_v1,42.74,41.208,92.285,29.389,0.346,52.901,84.839,0.858
953a96eb-b28a-4f92-a388-45289269aaed,2026-04-25T17:12:08.837817-04:00,node-01,checkout-api,200,True,anomalous,market_aware_v1,48.319,46.158,114.883,26.967,0.733,44.175,68.685,1.318
2891a04f-13d0-4867-a3bb-32baed04b083,2026-04-25T17:12:08.838304-04:00,node-01,payments-api,200,True,normal,market_aware_v1,38.188,46.89,102.16,25.809,0.326,46.909,55.224,0.739
2fa543fc-d98e-4ff6-b842-79839a5f8f54,2026-04-25T17:12:08.838805-04:00,node-01,orders-api,200,True,normal,market_aware_v1,44.104,42.487,99.168,29.357,0.45,53.655,91.022,1.197
6c5bee51-cdbb-49ce-a4b2-d38d74460184,2026-04-25T17:12:08.839288-04:00,node-01,checkout-api,429,True,normal,market_aware_v1,45.681,47.1,118.196,27.051,0.713,57.599,65.674,1.563
7c74ff42-77ad-4889-886c-f9968dea8f69,2026-04-25T17:12:08.839786-04:00,node-01,payments-api,200,True,normal,market_aware_v1,37.399,51.644,104.836,24.078,0.361,42.731,62.235,0.664
716a151b-daaa-405f-895f-246bdaec754c,2026-04-25T17:12:08.840267-04:00,node-01,orders-api,200,True,normal,market_aware_v1,44.444,43.269,93.971,30.224,0.322,48.861,92.505,0.706
1373d5e7-ce1d-4c94-931d-e08984baae6b,2026-04-25T17:12:08.840754-04:00,node-01,checkout-api,200,True,normal,market_aware_v1,44.757,44.876,104.451,29.754,0.448,46.924,78.656,0.79
b0e97b2a-6d29-43cd-a8ed-11d396e9a5cb,2026-04-25T17:12:08.841234-04:00,node-01,payments-api,200,True,normal,market_aware_v1,41.009,49.088,119.874,27.765,0.439,51.75,57.576,1.102
8edd0ee9-535d-4ba3-aa25-24371db8e046,2026-04-25T17:12:08.841732-04:00,node-01,orders-api,200,True,normal,market_aware_v1,52.121,42.172,92.521,30.111,0.27,49.008,94.573,0.715
731b27c6-2aab-4118-b060-5c98fe98aa3d,2026-04-25T17:12:08.842224-04:00,node-01,checkout-api,200,True,normal,market_aware_v1,46.21,47.314,111.793,31.076,0.563,53.122,75.48,1.195
612a3609-ed8f-42cf-a1ea-5d13f88da361,2026-04-25T17:12:08.842717-04:00,node-01,payments-api,200,True,normal,market_aware_v1,44.315,51.555,128.613,26.308,0.488,59.478,57.828,1.251
67d7bd79-b0bd-4554-8638-cd4469514c17,2026-04-25T17:12:08.843201-04:00,node-01,orders-api,200,True,normal,market_aware_v1,50.239,47.012,103.765,30.562,0.35,56.664,92.224,1.008
27c3cee1-0ea8-4550-a9e7-c97951065bdd,2026-04-25T17:12:08.843699-04:00,node-01,checkout-api,200,True,normal,market_aware_v1,49.363,46.529,100.002,29.312,0.417,48.167,77.036,0.977
c27955f9-40de-482a-878f-00e649cc10d4,2026-04-25T17:12:08.844187-04:00,node-01,payments-api,200,True,normal,market_aware_v1,47.032,49.841,129.844,28.36,0.413,50.328,62.908,0.934
700a10e0-d996-4659-80b9-f1024a58e571,2026-04-25T17:12:08.844693-04:00,node-01,orders-api,200,True,normal,market_aware_v1,50.679,44.85,91.795,32.953,0.197,43.16,100.429,0.419
4775ee75-dc62-4596-812f-15b92c876088,2026-04-25T17:12:08.845170-04:00,node-01,checkout-api,200,True,normal,market_aware_v1,50.343,52.679,99.33,30.871,0.448,52.403,75.964,0.948
72d162e7-325d-4b22-acc2-95c74c7882c2,2026-04-25T17:12:08.845667-04:00,node-01,payments-api,200,True,normal,market_aware_v1,46.893,53.307,128.64,29.312,0.499,57.57,63.386,1.217
cd47a76a-12a8-4768-8a59-243119b929f2,2026-04-25T17:12:08.846148-04:00,node-01,orders-api,200,True,normal,market_aware_v1,56.355,47.254,103.21,31.239,0.251,46.86,100.753,0.594
c575e197-f974-4392-8c81-7746563d0683,2026-04-25T17:12:08.846671-04:00,node-01,checkout-api,200,True,normal,market_aware_v1,52.121,49.431,96.552,31.956,0.449,50.935,76.641,0.947
67ce1c8d-9aa6-4af3-a307-825ba2112693,2026-04-25T17:12:08.847149-04:00,node-01,payments-api,200,True,normal,market_aware_v1,47.852,50.794,124.29,25.963,0.49,56.731,62.527,1.125
ba7d38e1-f851-402e-b378-25c0a599cbde,2026-04-25T17:12:08.847658-04:00,node-01,orders-api,200,True,normal,market_aware_v1,54.494,45.678,97.054,32.357,0.327,48.042,100.925,0.746
cb86531f-18ae-424a-8544-13ce6137207c,2026-04-25T17:12:08.848139-04:00,node-01,checkout-api,200,True,normal,market_aware_v1,50.072,50.147,130.589,29.885,0.684,57.917,75.403,1.529
4aba9f1a-603b-4ce2-8676-659dbbccdbf7,2026-04-25T17:12:08.848645-04:00,node-01,payments-api,200,True,normal,market_aware_v1,47.077,51.004,112.941,27.675,0.354,46.84,57.477,0.719
663b4480-4381-4b15-8ace-2c911fca6fce,2026-04-25T17:12:08.849154-04:00,node-01,orders-api,200,True,normal,market_aware_v1,53.864,46.934,92.723,28.684,0.32,50.863,94.149,0.765
9da13f64-07c8-4c2f-81ac-c0563cc42dbd,2026-04-25T17:12:08.849652-04:00,node-01,checkout-api,200,True,normal,market_aware_v1,50.482,48.977,128.633,31.68,0.709,65.746,72.508,1.791
f4b1c034-e323-4419-96fa-fba768760d05,2026-04-25T17:12:08.850171-04:00,node-01,payments-api,200,True,normal,market_aware_v1,44.923,49.658,125.119,24.744,0.441,55.005,65.103,1.099
8a70a552-462b-4274-a59d-df74d0619919,2026-04-25T17:12:08.850695-04:00,node-01,orders-api,200,True,normal,market_aware_v1,49.019,42.319,97.047,30.762,0.297,52.984,93.153,0.744
2b9168c4-b6e9-461b-842e-b259906dece3,2026-04-25T17:12:08.851189-04:00,node-01,checkout-api,200,True,normal,market_aware_v1,51.867,47.105,131.203,29.799,0.665,62.943,75.018,1.737
00eef8d2-f0c4-48b6-912a-9b50833e1251,2026-04-25T17:12:08.851686-04:00,node-01,payments-api,200,True,normal,market_aware_v1,47.652,45.749,104.682,25.857,0.38,51.433,61.668,0.911
15d6d62b-8bb4-461a-9345-081cd5a6ad38,2026-04-25T17:12:08.852170-04:00,node-01,orders-api,200,True,normal,market_aware_v1,46.183,44.972,85.423,31.481,0.153,42.767,95.642,0.523
dc8831bc-ca34-4fdc-b60b-82c3c3cd79d5,2026-04-25T17:12:08.852676-04:00,node-01,checkout-api,200,True,normal,market_aware_v1,47.28,45.778,108.435,27.227,0.639,58.934,67.44,1.371
5f443835-dfb8-4bf2-9854-437060620f41,2026-04-25T17:12:08.853171-04:00,node-01,payments-api,200,True,normal,market_aware_v1,45.407,49.506,117.975,25.44,0.522,55.228,54.39,1.099
5fe7daa2-689f-4a6c-aa9a-a12fca6ee3b9,2026-04-25T17:12:08.853676-04:00,node-01,orders-api,200,True,normal,market_aware_v1,42.826,44.556,99.4,30.519,0.309,56.119,87.562,0.725
85aefbdf-48f0-45b1-8499-e1543e1e3125,2026-04-25T17:12:08.854177-04:00,node-01,checkout-api,200,True,normal,market_aware_v1,44.425,49.466,112.002,28.366,0.509,53.441,66.587,1.151
c464408c-fffa-479e-980d-008f27a607bf,2026-04-25T17:12:08.854697-04:00,node-01,payments-api,200,True,normal,market_aware_v1,42.945,49.909,119.231,24.623,0.471,55.811,50.992,1.09
1d3974b8-d8e7-4717-8b01-2a504843562f,2026-04-25T17:12:08.855187-04:00,node-01,orders-api,200,True,normal,market_aware_v1,48.09,43.375,95.51,29.883,0.358,50.032,92.538,0.66
20f8e571-67e8-4edd-b4e1-944a723c8826,2026-04-25T17:12:08.855698-04:00,node-01,checkout-api,200,True,normal,market_aware_v1,48.731,49.821,111.704,27.554,0.501,46.238,72.932,0.854
95920246-114a-4e07-a9d3-a94861676eb1,2026-04-25T17:12:08.856205-04:00,node-01,payments-api,200,True,normal,market_aware_v1,38.719,49.981,104.185,25.037,0.368,52.328,65.092,0.856
93541ba0-49bc-4ce2-936d-ba01c6ebcb3a,2026-04-25T17:12:08.856707-04:00,node-01,orders-api,200,True,normal,market_aware_v1,46.117,40.309,84.536,29.322,0.259,43.308,95.427,0.466
b8a728a6-b5dc-47cf-85c6-aecdd1632dd1,2026-04-25T17:12:08.857194-04:00,node-01,checkout-api,200,True,normal,market_aware_v1,43.93,49.288,114.662,27.069,0.544,48.256,74.634,0.918
064d1c4a-3706-485c-b17a-17f7d1bc08a1,2026-04-25T17:12:08.857690-04:00,node-01,payments-api,200,True,normal,market_aware_v1,44.236,48.344,116.441,22.212,0.479,58.142,55.827,1.272
ffa29b4f-1e6b-4403-a4aa-b85ad2f9850f,2026-04-25T17:12:08.858166-04:00,node-01,orders-api,200,True,anomalous,market_aware_v1,51.016,44.488,109.41,30.81,0.727,62.438,83.565,1.382
310f39ec-b2fc-4005-acbd-cf7924b993df,2026-04-25T17:12:08.858582-04:00,node-01,checkout-api,200,True,normal,market_aware_v1,50.348,48.245,126.354,28.203,0.608,60.558,67.62,1.303
5ad3bb97-8a7f-430b-9915-1cbb22b040b3,2026-04-25T17:12:08.859125-04:00,node-01,payments-api,200,True,normal,market_aware_v1,40.96,53.192,113.102,26.798,0.482,53.252,60.984,0.97
f9ba7951-084c-4048-ae18-edea545f3f02,2026-04-25T17:12:08.859650-04:00,node-01,orders-api,200,True,normal,market_aware_v1,54.291,42.668,100.28,32.145,0.476,51.82,98.074,0.887
52adec01-afd2-4e3c-9df3-82f331ee9a79,2026-04-25T17:12:08.860128-04:00,node-01,checkout-api,429,True,normal,market_aware_v1,50.028,48.408,123.254,29.214,0.481,53.057,73.915,1.076
63b8abdb-3488-4b2d-b7f0-59bfc39b4782,2026-04-25T17:12:08.860613-04:00,node-01,payments-api,200,True,normal,market_aware_v1,49.32,52.307,121.731,27.871,0.422,50.859,64.734,0.94
72b8cdcc-80dc-430d-889d-786537490cd8,2026-04-25T17:12:08.861079-04:00,node-01,orders-api,200,True,normal,market_aware_v1,59.365,47.611,122.754,30.753,0.453,59.275,103.357,1.065
65548dcd-3418-4e3f-8a68-e6035059d7c9,2026-04-25T17:12:08.861543-04:00,node-01,checkout-api,429,True,normal,market_aware_v1,52.223,51.25,110.661,30.879,0.518,55.467,77.698,1.105
61291b6d-e110-41a0-b69b-882380e7d5f8,2026-04-25T17:12:08.862022-04:00,node-01,payments-api,200,True,normal,market_aware_v1,49.502,53.757,128.954,26.988,0.478,59.338,64.068,1.061
ea04aac9-d6b0-48a7-a3bc-4d6049ea0981,2026-04-25T17:12:08.862490-04:00,node-01,orders-api,200,True,normal,market_aware_v1,56.448,50.217,105.842,32.334,0.382,58.667,100.179,0.921
1eca1845-9ec9-4807-bd08-fe8bb5304b9e,2026-04-25T17:12:08.862980-04:00,node-01,checkout-api,200,True,normal,market_aware_v1,51.885,54.576,112.896,30.164,0.431,49.104,84.718,0.842
f7badb9e-eebc-4076-bb06-fb0b30ab1b12,2026-04-25T17:12:08.863420-04:00,node-01,payments-api,200,True,normal,market_aware_v1,48.921,56.324,132.978,27.785,0.465,61.385,61.475,1.122
77a3bdce-2c37-4b53-bd63-0200876f44d3,2026-04-25T17:12:08.863903-04:00,node-01,orders-api,200,True,normal,market_aware_v1,50.636,47.903,92.302,33.131,0.26,49.666,105.859,0.686
7007132d-41f7-49a0-9a75-95900ca22a8f,2026-04-25T17:12:08.864386-04:00,node-01,checkout-api,200,True,normal,market_aware_v1,54.194,51.781,114.146,31.731,0.547,51.983,85.503,1.085
19ec4bad-8a48-4c1a-b126-6c9dbdc0f082,2026-04-25T17:12:08.864848-04:00,node-01,payments-api,200,True,normal,market_aware_v1,52.639,51.616,133.556,30.467,0.398,60.401,64.301,1.207
a09ea675-2f23-4ada-8978-1f70ecd5c15d,2026-04-25T17:12:08.865333-04:00,node-01,orders-api,200,True,normal,market_aware_v1,55.781,48.988,86.086,34.734,0.304,44.194,105.05,0.51
d10dcc91-5f81-46de-8dc8-fe6c588bc263,2026-04-25T17:12:08.865824-04:00,node-01,checkout-api,200,True,normal,market_aware_v1,51.727,46.356,123.274,29.395,0.601,56.423,78.417,1.333
1e5d5807-af9e-4432-9abd-3e76f6b53917,2026-04-25T17:12:08.866287-04:00,node-01,payments-api,200,True,normal,market_aware_v1,48.712,55.211,134.399,28.527,0.531,62.289,67.376,1.319
225d0721-0c91-4a60-bf7d-e71e224d6391,2026-04-25T17:12:08.866714-04:00,node-01,orders-api,200,True,normal,market_aware_v1,53.672,47.963,115.699,34.628,0.396,56.614,103.005,0.908
4b7dc317-94a4-444a-b771-0afed0acbfc6,2026-04-25T17:12:08.867185-04:00,node-01,checkout-api,429,True,normal,market_aware_v1,52.229,50.829,119.43,32.314,0.56,57.282,76.477,1.218
079a293b-d7ee-4b55-90aa-eab4525804c0,2026-04-25T17:12:08.867633-04:00,node-01,payments-api,200,True,normal,market_aware_v1,47.932,50.571,123.94,27.841,0.466,55.864,66.529,1.043
09573785-ac62-4f82-9791-7890db8c7e35,2026-04-25T17:12:08.868067-04:00,node-01,orders-api,200,True,normal,market_aware_v1,51.239,46.063,91.217,33.821,0.299,51.713,93.712,0.795
89571818-7783-42a7-85da-a733ef2bc4d6,2026-04-25T17:12:08.868598-04:00,node-01,checkout-api,200,True,normal,market_aware_v1,50.123,48.541,123.637,29.782,0.519,56.054,75.843,1.235
84109fa0-1a9c-4edc-ae05-d9e236aaf241,2026-04-25T17:12:08.869094-04:00,node-01,payments-api,200,True,normal,market_aware_v1,46.101,53.418,117.779,27.11,0.399,50.322,59.328,0.963
85024412-0351-4497-a7ee-8d0b47eae05e,2026-04-25T17:12:08.869624-04:00,node-01,orders-api,200,True,normal,market_aware_v1,49.191,44.346,98.0,31.652,0.336,48.981,97.171,0.668
4d9d72ec-3b50-4b4f-b29d-935a98cb4ba8,2026-04-25T17:12:08.870095-04:00,node-01,checkout-api,429,True,anomalous,market_aware_v1,50.244,48.478,126.059,29.351,0.845,56.174,68.756,1.57
129793c7-33f5-473c-99ae-a05df47ad1db,2026-04-25T17:12:08.870622-04:00,node-01,payments-api,200,True,normal,market_aware_v1,41.034,48.837,110.087,24.884,0.485,54.53,58.499,1.075
92e6d6ed-8ca6-4ba7-af58-fb1ade4b0db1,2026-04-25T17:12:08.871103-04:00,node-01,orders-api,200,True,normal,market_aware_v1,45.809,44.579,104.23,30.984,0.397,53.7,93.837,0.853
3daa5de0-aae6-4dea-b037-695af17f8592,2026-04-25T17:12:08.871576-04:00,node-01,checkout-api,200,True,normal,market_aware_v1,44.959,48.404,104.984,29.042,0.512,48.419,68.305,0.994
7737c004-c789-4974-a3c2-f6a9f500984f,2026-04-25T17:12:08.872064-04:00,node-01,payments-api,200,True,normal,market_aware_v1,39.652,47.159,118.07,25.845,0.46,52.478,60.611,1.151
f992e018-8e06-40cd-9ab7-37e45dc925d8,2026-04-25T17:12:08.872569-04:00,node-01,orders-api,200,True,anomalous,market_aware_v1,50.504,44.553,104.146,32.069,0.632,52.874,87.098,1.24
126b7cd6-e4bb-4c6e-91bd-3cde7d55f27c,2026-04-25T17:12:08.873070-04:00,node-01,checkout-api,200,True,normal,market_aware_v1,39.835,46.5,96.738,26.612,0.471,48.409,71.511,0.914
e0b7ee6e-e6ed-4317-81aa-f58927ece93a,2026-04-25T17:12:08.873566-04:00,node-01,payments-api,200,True,normal,market_aware_v1,37.367,47.022,111.739,22.749,0.438,52.242,53.236,0.83
04bbcbf0-7ba5-4c22-a6bd-5dad2df6e7e0,2026-04-25T17:12:08.874054-04:00,node-01,orders-api,200,True,normal,market_aware_v1,44.411,41.957,106.842,29.934,0.433,58.807,82.161,1.13
ad564f38-796c-4548-984a-445a2c865656,2026-04-25T17:12:08.874555-04:00,node-01,checkout-api,200,True,normal,market_aware_v1,42.165,42.817,104.35,25.998,0.529,47.055,65.969,0.869
6b333347-d61b-493a-bd5b-f2e47bda1ffe,2026-04-25T17:12:08.875062-04:00,node-01,payments-api,200,True,normal,market_aware_v1,38.124,46.54,106.077,23.453,0.37,48.804,54.503,0.814
d0ddf8a5-6a37-44f5-bf9f-2cb10a95b9f4,2026-04-25T17:12:08.875577-04:00,node-01,orders-api,200,True,anomalous,market_aware_v1,46.922,44.4,94.298,29.756,0.641,52.204,80.849,1.179
91a2befb-f97d-4444-a610-9e925cdf00bc,2026-04-25T17:12:08.876116-04:00,node-01,checkout-api,200,True,normal,market_aware_v1,45.76,41.796,115.228,26.298,0.452,48.87,63.019,0.862
b54752e4-6a3a-452f-b323-6b782a37d56a,2026-04-25T17:12:08.876622-04:00,node-01,payments-api,200,True,normal,market_aware_v1,38.751,52.752,105.655,24.637,0.446,47.837,58.052,0.863
d6836b92-739d-4968-9ffa-aafa6ad89a7a,2026-04-25T17:12:08.877136-04:00,node-01,orders-api,200,True,normal,market_aware_v1,47.776,41.252,88.922,30.362,0.185,41.925,86.798,0.394
561db31f-581c-4d16-942e-d75922801562,2026-04-25T17:12:08.877660-04:00,node-01,checkout-api,200,True,normal,market_aware_v1,46.216,46.607,124.365,29.501,0.685,58.899,62.584,1.279
4dc9342c-72f6-4456-b757-aa8db59dda1c,2026-04-25T17:12:08.878136-04:00,node-01,payments-api,200,True,normal,market_aware_v1,37.017,49.685,114.624,25.716,0.5,56.762,48.859,1.166
0671e31f-9fd7-488d-9176-bcdb5c4b25a0,2026-04-25T17:12:08.878631-04:00,node-01,orders-api,200,True,normal,market_aware_v1,51.697,43.159,111.735,30.604,0.402,49.426,100.385,0.837
7a39f75d-4f1b-4baf-abff-b007dd3bcb71,2026-04-25T17:12:08.879110-04:00,node-01,checkout-api,200,True,normal,market_aware_v1,48.686,48.397,113.73,28.112,0.464,52.595,70.131,1.02
102efa1a-7448-4292-a089-6f47cf8b38a7,2026-04-25T17:12:08.879620-04:00,node-01,payments-api,200,True,normal,market_aware_v1,47.056,52.91,133.153,26.272,0.523,57.867,56.941,1.229
d117f8f6-10ba-4e70-ad8f-d39d14bde8b2,2026-04-25T17:12:08.880104-04:00,node-01,orders-api,200,True,normal,market_aware_v1,51.349,43.412,94.24,30.414,0.303,49.145,96.945,0.708
a0c664e6-9176-40f7-82ca-5a8524433d25,2026-04-25T17:12:08.880577-04:00,node-01,checkout-api,200,True,normal,market_aware_v1,51.128,45.798,120.676,30.66,0.501,56.501,68.966,1.145
310dbc1f-9a4a-4868-ad3f-83cee5d286d9,2026-04-25T17:12:08.881063-04:00,node-01,payments-api,200,True,normal,market_aware_v1,42.83,53.012,133.993,27.501,0.46,59.266,57.492,1.149
2949610d-be44-4734-b88c-35b3861b8632,2026-04-25T17:12:08.881562-04:00,node-01,orders-api,200,True,normal,market_aware_v1,50.789,46.559,100.869,29.67,0.313,51.254,95.559,0.82
88c61f9f-5087-4187-8577-cdf6b665d985,2026-04-25T17:12:08.882080-04:00,node-01,checkout-api,200,True,normal,market_aware_v1,46.025,48.507,109.234,29.28,0.484,52.166,76.635,0.993
3a4e0fdb-0c8a-41d5-bc3d-137e9dfbeabe,2026-04-25T17:12:08.882565-04:00,node-01,payments-api,200,True,normal,market_aware_v1,46.445,54.166,119.615,27.913,0.468,55.053,58.978,1.127
2a102d2b-5d1c-41d9-9fe8-67a5215ef690,2026-04-25T17:12:08.883016-04:00,node-01,orders-api,200,True,normal,market_aware_v1,55.56,49.589,104.613,32.085,0.393,55.217,106.346,1.16
8e2288f1-5cb8-467a-8d4b-14362831de7a,2026-04-25T17:12:08.883479-04:00,node-01,checkout-api,500,True,anomalous,market_aware_v1,55.097,53.224,140.974,28.762,1.057,70.166,69.8,2.136
91cab2f9-845f-468d-b70a-08775f112f20,2026-04-25T17:12:08.883927-04:00,node-01,payments-api,200,True,normal,market_aware_v1,45.307,51.188,115.196,27.107,0.397,54.251,64.203,0.971
40db1fd7-24a2-418c-a292-de2e1dc739c3,2026-04-25T17:12:08.884420-04:00,node-01,orders-api,200,True,normal,market_aware_v1,51.949,47.562,98.692,31.263,0.364,49.963,100.071,0.793
6c4810c8-e5a6-4f89-ad2e-e0405cf9faf6,2026-04-25T17:12:08.884865-04:00,node-01,checkout-api,429,True,normal,market_aware_v1,50.405,53.602,108.521,27.004,0.555,55.692,75.131,1.161
536d8c70-6e27-42bf-91dc-b82e9ae90563,2026-04-25T17:12:08.885307-04:00,node-01,payments-api,200,True,normal,market_aware_v1,46.424,52.295,121.231,26.003,0.445,50.965,62.702,0.895
b444838c-cf68-4212-9f6c-12488cbc3b42,2026-04-25T17:12:08.885745-04:00,node-01,orders-api,200,True,anomalous,market_aware_v1,58.453,45.954,115.862,32.201,0.798,65.137,85.114,1.665
725f223d-ed98-4321-be34-5aec0eccfc4f,2026-04-25T17:12:08.886175-04:00,node-01,checkout-api,200,True,normal,market_aware_v1,47.411,49.639,105.917,30.741,0.478,47.236,84.128,0.909
d4ab57ed-d6b8-4e74-9b2b-a675e7a192c0,2026-04-25T17:12:08.886619-04:00,node-01,payments-api,200,True,normal,market_aware_v1,45.543,51.33,136.001,25.695,0.429,57.241,59.388,1.066
2b285630-bd14-4ddf-9db0-4f6189578be7,2026-04-25T17:12:08.887055-04:00,node-01,orders-api,200,True,normal,market_aware_v1,49.473,45.808,102.692,31.131,0.348,49.74,98.636,0.716
df1cc3f3-6eb2-460f-adaf-8ed66f8aaf15,2026-04-25T17:12:08.887488-04:00,node-01,checkout-api,200,True,normal,market_aware_v1,48.246,50.942,123.67,28.878,0.549,50.902,77.813,1.2
4d0a16da-5a74-4a83-a9d6-756b7689d24a,2026-04-25T17:12:08.887923-04:00,node-01,payments-api,429,True,normal,market_aware_v1,47.244,51.919,127.415,24.368,0.541,57.366,56.043,1.254
8e348eab-a608-4ce5-b00f-0a4cfd826309,2026-04-25T17:12:08.888341-04:00,node-01,orders-api,200,True,normal,market_aware_v1,47.954,44.233,86.04,29.987,0.35,47.535,97.982,0.77
faa06736-0304-42b8-b746-7f96cc0fc243,2026-04-25T17:12:08.888783-04:00,node-01,checkout-api,200,True,normal,market_aware_v1,48.948,46.467,115.172,27.918,0.525,51.557,66.178,1.03
1bfde567-4441-40dd-bcae-946c5ccd73ad,2026-04-25T17:12:08.889245-04:00,node-01,payments-api,200,True,normal,market_aware_v1,41.758,48.755,108.785,24.633,0.478,52.087,60.766,0.962
66980563-c553-4389-a164-e9f3f9721f9d,2026-04-25T17:12:08.889685-04:00,node-01,orders-api,200,True,anomalous,market_aware_v1,51.598,44.823,120.067,30.563,0.67,56.996,91.035,1.317
440dc305-8aa5-42f3-afd4-2ea6cd61005f,2026-04-25T17:12:08.890151-04:00,node-01,checkout-api,200,True,normal,market_aware_v1,48.222,47.961,108.488,26.501,0.494,50.677,68.077,1.022
596483bc-6243-4e46-a3f7-20633b868a47,2026-04-25T17:12:08.890662-04:00,node-01,payments-api,200,True,anomalous,market_aware_v1,49.71,49.905,134.732,25.671,0.766,58.854,57.575,1.507
79a14031-7d6e-4185-abb2-5ed5187dab63,2026-04-25T17:12:08.891403-04:00,node-01,orders-api,200,True,normal,market_aware_v1,47.377,43.616,101.677,31.305,0.445,53.648,88.444,0.927
f04dce1b-3ecc-40eb-9b0e-8e5592890e29,2026-04-25T17:12:08.892259-04:00,node-01,checkout-api,200,True,normal,market_aware_v1,45.797,46.34,120.879,26.803,0.63,56.177,67.763,1.177
428f2e44-2160-4a20-b9c4-3dc64ebb1699,2026-04-25T17:12:08.893333-04:00,node-01,payments-api,429,True,normal,market_aware_v1,43.231,49.065,124.676,26.248,0.429,55.073,52.787,1.009
0943db82-970d-4c72-807a-cbfa1aff2cd9,2026-04-25T17:12:08.894114-04:00,node-01,orders-api,200,True,normal,market_aware_v1,46.546,42.603,97.112,32.451,0.299,54.031,95.187,0.72
e5a39cff-601e-4bb6-869a-8c7128758cb9,2026-04-25T17:12:08.894709-04:00,node-01,checkout-api,200,True,normal,market_aware_v1,48.344,45.326,116.044,28.71,0.396,52.953,72.065,1.047
daa70ac5-bd3c-4bdb-8753-32914149f321,2026-04-25T17:12:08.895256-04:00,node-01,payments-api,200,True,normal,market_aware_v1,44.692,47.741,142.808,26.162,0.579,64.469,54.174,1.41
281aa714-1ab8-4821-8f5d-a925643bced3,2026-04-25T17:12:08.895753-04:00,node-01,orders-api,200,True,normal,market_aware_v1,48.57,41.52,88.603,29.761,0.357,51.936,97.028,0.808
cbcbfc82-a4c3-4347-9e4c-9aa3a4012e49,2026-04-25T17:12:08.896290-04:00,node-01,checkout-api,200,True,normal,market_aware_v1,52.573,51.618,130.377,29.103,0.516,58.894,66.771,1.157
75488bc0-ddde-4d08-be8c-c0faef73f9b2,2026-04-25T17:12:08.896830-04:00,node-01,payments-api,429,True,normal,market_aware_v1,46.714,49.163,126.772,26.986,0.59,60.736,57.254,1.345
d16b89fd-c245-4eb4-a753-db57fec421a4,2026-04-25T17:12:08.897333-04:00,node-01,orders-api,200,True,normal,market_aware_v1,54.482,45.984,107.506,30.008,0.334,55.105,98.998,0.806
6c98fa8e-9eb6-4cfd-bfa4-6765d5586049,2026-04-25T17:12:08.897851-04:00,node-01,checkout-api,200,True,normal,market_aware_v1,48.784,47.993,114.318,27.19,0.474,49.97,74.672,0.92
a3c3a7f9-0f80-4769-aacc-7d6dc09b36fe,2026-04-25T17:12:08.898356-04:00,node-01,payments-api,200,True,normal,market_aware_v1,45.81,51.37,116.079,27.136,0.425,52.979,64.892,0.986
aa7d502a-bc55-4777-a5b5-ac9dd26d4f83,2026-04-25T17:12:08.898883-04:00,node-01,orders-api,200,True,normal,market_aware_v1,54.01,47.222,96.908,32.094,0.305,51.53,96.454,0.746
168edafc-c7bc-422e-87bc-07a3b2a9ea63,2026-04-25T17:12:08.899391-04:00,node-01,checkout-api,200,True,normal,market_aware_v1,50.13,49.925,117.962,30.166,0.488,52.372,75.286,1.123
6a41104e-c3ca-4f98-be58-85125fc5e28b,2026-04-25T17:12:08.899885-04:00,node-01,payments-api,200,True,normal,market_aware_v1,48.216,52.564,120.236,26.489,0.476,60.584,60.54,1.106
b795493d-d2c3-41d7-b687-7cb3cf655d9c,2026-04-25T17:12:08.900409-04:00,node-01,orders-api,429,True,normal,market_aware_v1,49.802,48.013,107.64,32.169,0.479,58.76,96.358,1.067
8947e2d6-4965-4544-a6ef-10d5db7218b1,2026-04-25T17:12:08.900928-04:00,node-01,checkout-api,429,True,normal,market_aware_v1,56.548,53.533,122.489,31.211,0.525,59.086,80.314,1.217
6c1602a6-eed1-4eca-8326-13632aa262f4,2026-04-25T17:12:08.901472-04:00,node-01,payments-api,200,True,normal,market_aware_v1,50.856,55.916,116.5,29.092,0.523,55.59,65.972,1.043
d668c001-da5a-42d9-b1c2-a89717803733,2026-04-25T17:12:08.902015-04:00,node-01,orders-api,200,True,normal,market_aware_v1,56.96,50.833,110.556,31.411,0.332,53.785,106.925,0.912
73587982-3c58-4975-aaeb-22f53a22a512,2026-04-25T17:12:08.902968-04:00,node-01,checkout-api,200,True,normal,market_aware_v1,50.824,51.659,114.448,29.615,0.597,55.52,87.231,1.125
288c0ec9-e292-43f6-a09b-f84522ddf517,2026-04-25T17:12:08.903971-04:00,node-01,payments-api,200,True,anomalous,market_aware_v1,56.706,51.841,154.329,29.455,1.018,69.783,56.833,1.908
c4c5fa8e-9a39-4c64-9384-e67677a3fa03,2026-04-25T17:12:08.904953-04:00,node-01,orders-api,200,True,normal,market_aware_v1,53.647,49.133,126.232,32.686,0.512,63.521,102.645,1.255
2bb1dace-3c91-4c7e-939d-64a27bc6a180,2026-04-25T17:12:08.906100-04:00,node-01,checkout-api,200,True,normal,market_aware_v1,56.546,53.113,136.215,29.904,0.575,60.826,71.08,1.26
ed172d65-b1eb-4a10-aa1b-e21924d45d4f,2026-04-25T17:12:08.906837-04:00,node-01,payments-api,200,True,normal,market_aware_v1,49.14,52.325,140.027,28.63,0.655,64.244,68.422,1.446
75f36831-f50c-4b88-97a1-b2abe3d2e060,2026-04-25T17:12:08.907475-04:00,node-01,orders-api,200,True,anomalous,market_aware_v1,59.0,50.591,116.168,34.128,0.671,56.09,102.026,1.301
5eb43e76-adf0-4af5-b784-6dfd84424dc3,2026-04-25T17:12:08.908549-04:00,node-01,checkout-api,200,True,normal,market_aware_v1,50.733,51.644,119.667,31.261,0.612,60.561,73.819,1.334
aef7b7b6-acda-4954-97a5-4cbadfc62d50,2026-04-25T17:12:08.909325-04:00,node-01,payments-api,200,True,normal,market_aware_v1,47.223,51.134,134.407,30.79,0.44,59.243,63.394,1.112
cc46ea96-443c-423d-a7f9-03b75fff4964,2026-04-25T17:12:08.909906-04:00,node-01,orders-api,200,True,normal,market_aware_v1,53.263,44.598,110.128,32.581,0.369,56.661,96.245,0.966
d814f1a5-1bad-4d54-a918-fa41e5f60b6c,2026-04-25T17:12:08.910468-04:00,node-01,checkout-api,429,True,normal,market_aware_v1,52.14,45.588,121.17,27.701,0.547,57.875,75.393,1.111
80ffbec8-5422-4f9b-9b6d-86f3dbcc3c9a,2026-04-25T17:12:08.911321-04:00,node-01,payments-api,200,True,normal,market_aware_v1,46.772,52.42,131.388,27.297,0.557,58.834,59.584,1.176
a2ce7164-f838-4bb2-8abf-347bdf98b9e0,2026-04-25T17:12:08.912294-04:00,node-01,orders-api,200,True,normal,market_aware_v1,50.749,49.524,97.512,29.149,0.361,49.986,99.049,0.749
10ecc042-dbc1-4253-a675-7aaa6920e38f,2026-04-25T17:12:08.913011-04:00,node-01,checkout-api,200,True,normal,market_aware_v1,50.241,46.827,125.203,29.609,0.693,61.188,66.868,1.421
609b1fb3-1af5-4fa4-9298-17b65f424573,2026-04-25T17:12:08.913818-04:00,node-01,payments-api,429,True,normal,market_aware_v1,42.137,48.659,131.712,24.912,0.412,58.567,54.158,1.118
43ec6540-9233-453d-9c9b-aea62833fb66,2026-04-25T17:12:08.914586-04:00,node-01,orders-api,200,True,normal,market_aware_v1,47.606,44.187,110.362,29.956,0.326,48.712,90.161,0.721
8bbbf4b8-fb7a-4384-b2c8-eacaa39e0d63,2026-04-25T17:12:08.915215-04:00,node-01,checkout-api,200,True,normal,market_aware_v1,46.973,43.904,108.252,28.888,0.446,50.865,73.17,0.981
a4721331-d257-41ae-9965-e55a1c3afc52,2026-04-25T17:12:08.915988-04:00,node-01,payments-api,200,True,normal,market_aware_v1,42.217,48.902,117.076,24.494,0.383,46.767,59.55,0.868
1369fd51-1258-474b-9d5c-32f1e7cc35e2,2026-04-25T17:12:08.916819-04:00,node-01,orders-api,200,True,normal,market_aware_v1,46.827,42.15,112.379,29.941,0.358,54.648,80.84,0.921
f649ab89-df7e-499a-b8f7-61ecdc24d9cb,2026-04-25T17:12:08.917417-04:00,node-01,checkout-api,429,True,normal,market_aware_v1,44.982,44.57,121.179,27.887,0.574,52.574,65.506,1.183
855e1e93-e2d3-4f12-aa8d-fa9a6e18a0b2,2026-04-25T17:12:08.918459-04:00,node-01,payments-api,200,True,normal,market_aware_v1,42.564,48.686,128.657,25.437,0.356,55.956,56.693,0.939
608ec4bd-7be0-495f-8dac-61dc6508cc8e,2026-04-25T17:12:08.918981-04:00,node-01,orders-api,200,True,normal,market_aware_v1,43.074,44.996,106.138,31.408,0.313,53.592,84.926,0.731
5d1ef1be-c8b0-4e12-abff-c88c2c050ea1,2026-04-25T17:12:08.920010-04:00,node-01,checkout-api,200,True,normal,market_aware_v1,45.529,47.351,144.433,28.129,0.82,65.866,62.909,1.851
973274bb-dbdc-48ab-8e2e-8894c5171be5,2026-04-25T17:12:08.920720-04:00,node-01,payments-api,429,True,normal,market_aware_v1,42.438,48.722,124.435,25.93,0.429,54.265,47.138,1.084
27ed01d2-f10a-4ea3-9960-0fc4c1e531cd,2026-04-25T17:12:08.921226-04:00,node-01,orders-api,200,True,normal,market_aware_v1,45.249,43.322,95.512,27.83,0.32,52.28,92.008,0.793
146b8108-45f3-470b-a3a1-aa4537b36534,2026-04-25T17:12:08.922061-04:00,node-01,checkout-api,200,True,normal,market_aware_v1,41.57,45.299,118.818,27.342,0.519,56.128,62.327,1.148
d0ae340a-e487-4dc2-b758-aa1b315e4f9a,2026-04-25T17:12:08.922772-04:00,node-01,payments-api,429,True,normal,market_aware_v1,41.121,45.505,124.619,23.317,0.514,53.107,59.519,0.949
d5b554f3-1ee7-4a13-80fc-51e20c3f3307,2026-04-25T17:12:08.923244-04:00,node-01,orders-api,200,True,normal,market_aware_v1,43.385,44.047,109.009,30.227,0.398,53.668,95.224,1.038
29d32243-def2-46e2-b14d-2606a31378f1,2026-04-25T17:12:08.924099-04:00,node-01,checkout-api,200,True,normal,market_aware_v1,45.255,43.281,117.148,28.887,0.576,54.167,64.323,1.084
ff6a6e58-99b7-4fec-8586-8401345c8a2d,2026-04-25T17:12:08.924676-04:00,node-01,payments-api,200,True,normal,market_aware_v1,42.267,49.342,114.106,25.712,0.353,50.626,61.873,0.925
edea1d84-df9b-4dc8-ad46-07bdcb131050,2026-04-25T17:12:08.925771-04:00,node-01,orders-api,200,True,normal,market_aware_v1,51.252,46.695,90.586,30.556,0.33,50.033,91.967,0.692
f511f767-bed1-4e3d-82a0-5124f143fe8e,2026-04-25T17:12:08.926384-04:00,node-01,checkout-api,200,True,normal,market_aware_v1,46.42,45.353,99.501,27.372,0.433,47.081,73.945,0.87
c661a3f6-7a76-4277-bf4c-549db21910dc,2026-04-25T17:12:08.927105-04:00,node-01,payments-api,200,True,normal,market_aware_v1,48.15,48.445,131.395,24.569,0.501,61.138,58.927,1.171
9a977d85-893e-4193-8090-52a90bbb239d,2026-04-25T17:12:08.927997-04:00,node-01,orders-api,200,True,normal,market_aware_v1,48.521,45.865,88.708,28.52,0.309,47.753,101.477,0.687
598eaccd-ee35-44d8-8842-bdcd083a1055,2026-04-25T17:12:08.928840-04:00,node-01,checkout-api,200,True,normal,market_aware_v1,48.969,48.963,125.248,28.985,0.653,58.611,76.116,1.484
efb9b8a8-8a56-4067-b355-d3c04cf473f1,2026-04-25T17:12:08.929541-04:00,node-01,payments-api,200,True,normal,market_aware_v1,42.422,48.962,105.549,25.832,0.387,54.129,62.057,0.857
5500a778-df52-46b5-99e9-eb002585d572,2026-04-25T17:12:08.930438-04:00,node-01,orders-api,429,True,anomalous,market_aware_v1,56.241,47.366,126.913,33.196,0.759,61.635,85.256,1.484
fe09d3d2-eac0-4452-9c10-82b83b57160f,2026-04-25T17:12:08.931023-04:00,node-01,checkout-api,200,True,normal,market_aware_v1,51.412,48.5,111.064,28.926,0.503,59.641,84.186,1.165
be799ff9-9eae-4955-8518-c31ae6bd805a,2026-04-25T17:12:08.931584-04:00,node-01,payments-api,200,True,normal,market_aware_v1,47.644,51.979,128.786,25.837,0.479,55.619,59.867,1.213
e127365d-1d6d-41be-9b5c-05fc246a0545,2026-04-25T17:12:08.932606-04:00,node-01,orders-api,200,True,normal,market_aware_v1,51.013,45.57,105.536,33.484,0.361,54.658,102.365,0.859
785496f4-6360-490d-931d-5c9321fad8d1,2026-04-25T17:12:08.933135-04:00,node-01,checkout-api,200,True,anomalous,market_aware_v1,53.473,52.291,131.115,32.88,0.897,59.447,74.418,1.689
e7f63e09-cf1f-4efa-adc7-b0356ce57ada,2026-04-25T17:12:08.933811-04:00,node-01,payments-api,200,True,normal,market_aware_v1,49.394,53.658,128.009,24.975,0.491,52.882,70.785,1.037
b94ce8ca-c76b-4536-b68f-bc13cc7bd90c,2026-04-25T17:12:08.934420-04:00,node-01,orders-api,200,True,normal,market_aware_v1,57.098,47.652,115.385,30.909,0.389,56.936,96.735,0.884
18f4b9ff-acfd-4e2f-8589-9aca94e2edab,2026-04-25T17:12:08.935062-04:00,node-01,checkout-api,200,True,normal,market_aware_v1,49.643,51.365,121.084,28.721,0.585,53.705,73.903,1.045
78b856c0-98d9-4210-a32f-4a286b2f50e2,2026-04-25T17:12:08.935563-04:00,node-01,payments-api,429,True,normal,market_aware_v1,50.891,50.667,138.057,27.073,0.396,62.043,63.044,1.075
05b7edd4-7d09-4947-9934-c31d04e9f731,2026-04-25T17:12:08.936032-04:00,node-01,orders-api,200,True,normal,market_aware_v1,51.817,49.555,108.234,31.875,0.436,55.653,101.988,0.924
7ca967af-1bd5-4894-b430-7e6e6611015f,2026-04-25T17:12:08.936631-04:00,node-01,checkout-api,200,True,normal,market_aware_v1,53.329,47.835,118.913,27.936,0.521,56.967,74.185,1.091
d00b565e-22c0-43c1-a3b6-ae8a96dea6cd,2026-04-25T17:12:08.937078-04:00,node-01,payments-api,200,True,normal,market_aware_v1,47.314,52.553,125.733,25.082,0.516,55.625,59.418,1.13
98d53221-a856-4784-87fa-062d8c0360f7,2026-04-25T17:12:08.937632-04:00,node-01,orders-api,200,True,normal,market_aware_v1,51.224,47.785,95.578,29.326,0.244,52.574,98.737,0.618
734d53e2-7c8a-4481-84ed-a340ab53db3e,2026-04-25T17:12:08.938094-04:00,node-01,checkout-api,200,True,normal,market_aware_v1,49.525,48.986,122.93,29.072,0.462,50.671,76.899,1.131
a3cb8eb3-532d-448f-b598-ab99d3e33aad,2026-04-25T17:12:08.938468-04:00,node-01,payments-api,200,True,normal,market_aware_v1,47.267,51.611,114.778,26.106,0.483,54.243,62.131,1.176
4838ef7b-77d6-4897-8cf4-5c7dcb72352e,2026-04-25T17:12:08.938963-04:00,node-01,orders-api,200,True,anomalous,market_aware_v1,51.868,51.455,115.468,31.938,0.619,51.881,94.092,1.099
0fbe010d-c6e7-4a4c-ad87-f18b1f72a89b,2026-04-25T17:12:08.939854-04:00,node-01,checkout-api,200,True,normal,market_aware_v1,48.385,47.994,112.639,28.51,0.5,48.428,70.509,0.956
e4e55393-4141-4e9b-a7cf-1500edce704b,2026-04-25T17:12:08.940435-04:00,node-01,payments-api,429,True,normal,market_aware_v1,44.798,45.761,133.498,23.756,0.453,59.881,53.73,1.23
faa203f5-edaf-4dc8-a3e0-29111af59b98,2026-04-25T17:12:08.941197-04:00,node-01,orders-api,200,True,normal,market_aware_v1,50.325,43.248,96.313,29.628,0.44,55.692,93.52,1.013
ca34b201-63ac-4c6d-88a2-dac88c67924a,2026-04-25T17:12:08.941860-04:00,node-01,checkout-api,200,True,normal,market_aware_v1,43.725,46.977,106.775,29.93,0.46,51.97,72.908,0.986
3ef0760b-ffe8-46a0-bb54-753f9ff887d2,2026-04-25T17:12:08.942431-04:00,node-01,payments-api,200,True,normal,market_aware_v1,45.109,51.01,122.189,25.523,0.423,50.775,57.331,0.982
64b1eccb-0312-45b0-baa5-dcf4fdf5ed45,2026-04-25T17:12:08.942924-04:00,node-01,orders-api,200,True,normal,market_aware_v1,52.171,46.0,96.537,28.613,0.32,52.34,91.24,0.74
cbea7b5f-6a2f-46d9-89ad-115bdd7ce569,2026-04-25T17:12:08.943418-04:00,node-01,checkout-api,200,True,normal,market_aware_v1,44.992,45.025,134.654,28.528,0.599,64.263,64.519,1.431
4736cab8-595a-4514-afb5-ec7b80402ff6,2026-04-25T17:12:08.943896-04:00,node-01,payments-api,200,True,anomalous,market_aware_v1,42.81,51.958,124.051,25.964,0.813,54.767,58.877,1.489
ff79beb8-e3d1-4cd0-9445-855e07d91019,2026-04-25T17:12:08.944382-04:00,node-01,orders-api,429,True,normal,market_aware_v1,50.473,46.703,126.374,29.165,0.597,62.876,94.299,1.575
3fb17b23-92d1-4c12-aab1-062b68015462,2026-04-25T17:12:08.944839-04:00,node-01,checkout-api,429,True,normal,market_aware_v1,47.963,47.578,130.916,30.023,0.5,60.379,67.391,1.255
ccda1ec7-ec38-465d-8226-39cc7cd195ce,2026-04-25T17:12:08.945300-04:00,node-01,payments-api,429,True,normal,market_aware_v1,41.521,49.559,132.087,26.031,0.56,58.655,56.985,1.316
953368c3-270d-4a9d-9916-dac91ce23c20,2026-04-25T17:12:08.945773-04:00,node-01,orders-api,200,True,normal,market_aware_v1,53.694,46.957,107.961,31.887,0.451,58.709,94.931,1.132
b68ae31c-ec1a-48af-a421-4f6266962045,2026-04-25T17:12:08.946248-04:00,node-01,checkout-api,200,True,anomalous,market_aware_v1,54.913,49.221,133.278,32.096,0.905,65.637,66.803,1.766
53125f0e-ebcc-4e63-9cac-d21527a3b525,2026-04-25T17:12:08.946728-04:00,node-01,payments-api,200,True,normal,market_aware_v1,41.622,49.949,149.349,25.193,0.56,68.776,53.732,1.555
e9ef2b2b-e252-430c-8f8e-27048eff5499,2026-04-25T17:12:08.947211-04:00,node-01,orders-api,200,True,normal,market_aware_v1,51.167,46.83,110.833,29.553,0.35,53.115,98.225,0.79
0dade15a-3dcb-49fb-89ca-d1ae6ca2f955,2026-04-25T17:12:08.947680-04:00,node-01,checkout-api,200,True,normal,market_aware_v1,48.304,49.519,115.899,28.563,0.554,56.392,75.735,1.213
cd6ff6d5-e9ee-476d-a129-a6b9436c75c1,2026-04-25T17:12:08.948138-04:00,node-01,payments-api,200,True,normal,market_aware_v1,47.115,53.498,129.136,26.093,0.445,56.733,65.631,1.068
7c098962-8160-4d1e-b269-5f00b222ccf8,2026-04-25T17:12:08.948564-04:00,node-01,orders-api,200,True,normal,market_aware_v1,61.762,48.21,123.204,33.881,0.419,59.725,100.022,0.998
ede17756-b80b-47a5-ae60-04d4f0e2ed43,2026-04-25T17:12:08.948980-04:00,node-01,checkout-api,200,True,anomalous,market_aware_v1,54.86,55.722,149.154,33.434,0.914,63.018,72.146,1.782
2f68ced2-c9c3-4610-b042-68c83c37af3b,2026-04-25T17:12:08.949476-04:00,node-01,payments-api,200,True,normal,market_aware_v1,49.768,56.167,147.457,25.744,0.538,69.766,58.253,1.443
47908c7c-0988-4837-bf4d-616b0bc22b14,2026-04-25T17:12:08.949909-04:00,node-01,orders-api,429,True,normal,market_aware_v1,55.138,51.472,101.311,33.236,0.36,57.333,98.71,0.931
66c81892-7780-43a2-a775-345670444f51,2026-04-25T17:12:08.950350-04:00,node-01,checkout-api,429,True,normal,market_aware_v1,52.427,55.282,120.471,31.857,0.546,53.999,78.575,1.125
22d79866-2e1c-48a2-acb6-adefad8458ee,2026-04-25T17:12:08.951028-04:00,node-01,payments-api,200,True,normal,market_aware_v1,47.295,58.2,123.236,27.908,0.511,59.123,68.095,1.115
449483a9-5b1e-48e5-8838-f3e0b7175a21,2026-04-25T17:12:08.952524-04:00,node-01,orders-api,200,True,anomalous,market_aware_v1,58.028,53.837,124.09,35.607,0.786,67.211,89.948,1.713
b64b9555-b510-4aaa-aaf3-0f935fc534c2,2026-04-25T17:12:08.952994-04:00,node-01,checkout-api,429,True,normal,market_aware_v1,58.583,51.688,147.374,31.41,0.698,68.51,74.54,1.661
3bfedaba-eae8-4e45-ab04-8c67a3a65607,2026-04-25T17:12:08.953401-04:00,node-01,payments-api,200,True,normal,market_aware_v1,52.843,54.365,135.682,29.886,0.446,61.769,62.407,1.161
8523b0ca-7eaa-4654-b5c5-ce36ba8c9b84,2026-04-25T17:12:08.953852-04:00,node-01,orders-api,200,True,normal,market_aware_v1,58.894,54.057,118.0,33.088,0.48,62.457,99.732,1.047
49ac55f3-1e40-4a94-8272-2fb8e9139695,2026-04-25T17:12:08.954291-04:00,node-01,checkout-api,429,True,normal,market_aware_v1,53.972,51.4,141.108,31.876,0.588,64.308,79.474,1.333
37727c4a-24d7-4977-9a56-370b5cdf31b0,2026-04-25T17:12:08.954729-04:00,node-01,payments-api,200,True,normal,market_aware_v1,50.261,54.325,131.53,26.843,0.465,58.502,71.237,1.055
d57d4bda-ca42-46c9-b320-13d6b80f0053,2026-04-25T17:12:08.955165-04:00,node-01,orders-api,200,True,normal,market_aware_v1,53.816,48.931,101.021,33.934,0.324,59.623,98.287,0.821
cd9fbeee-7621-4dbb-9ebe-3d971e5bc100,2026-04-25T17:12:08.955555-04:00,node-01,checkout-api,200,True,normal,market_aware_v1,51.248,53.376,124.019,29.633,0.618,60.32,76.574,1.297
e99d74f9-a41b-40a8-ad95-c59b62ff9b98,2026-04-25T17:12:08.955984-04:00,node-01,payments-api,200,True,normal,market_aware_v1,46.561,51.275,136.073,25.476,0.614,61.146,61.404,1.34
6dd8bcae-14c2-4e56-a5b2-642e6eba5008,2026-04-25T17:12:08.956526-04:00,node-01,orders-api,429,True,normal,market_aware_v1,50.533,46.892,102.456,30.24,0.387,56.494,99.6,0.956
d06171f0-5ed9-40c3-8575-2f2fad2f2a75,2026-04-25T17:12:08.957886-04:00,node-01,checkout-api,200,True,normal,market_aware_v1,50.368,51.232,120.348,31.394,0.554,49.74,79.483,0.941
37d3790d-66b5-4799-9bcf-eb78f1b3c2cf,2026-04-25T17:12:08.959124-04:00,node-01,payments-api,200,True,normal,market_aware_v1,45.264,48.889,149.032,27.26,0.567,66.225,57.534,1.305
cb8ad1e8-ea2e-43ad-9221-0d52ea313a21,2026-04-25T17:12:08.960511-04:00,node-01,orders-api,200,True,normal,market_aware_v1,48.864,47.641,94.031,32.539,0.363,51.587,94.609,0.7
8221a015-b610-47e0-a268-40a5e83d6cda,2026-04-25T17:12:08.960961-04:00,node-01,checkout-api,200,True,anomalous,market_aware_v1,52.404,52.884,134.446,30.018,0.935,64.513,65.932,1.848
0c321f81-c2d2-4468-8fcc-a29189c67b9f,2026-04-25T17:12:08.961423-04:00,node-01,payments-api,200,True,normal,market_aware_v1,39.867,52.522,123.322,24.712,0.401,58.772,57.913,0.997
2a882c51-a18a-4aa7-a25b-bc72ce567d47,2026-04-25T17:12:08.961910-04:00,node-01,orders-api,200,True,anomalous,market_aware_v1,47.88,48.89,104.066,32.09,0.676,57.778,84.229,1.395
ff58a9cb-e700-430c-aeb7-b750566d36b3,2026-04-25T17:12:08.962390-04:00,node-01,checkout-api,200,True,anomalous,market_aware_v1,51.499,47.819,129.154,27.379,0.797,53.59,59.46,1.54
3d818c42-aeed-45ae-b9b9-6f66e5520c71,2026-04-25T17:12:08.962837-04:00,node-01,payments-api,429,True,normal,market_aware_v1,42.447,49.677,121.215,24.509,0.364,50.848,59.038,0.899
bc3e601e-5cf1-4671-b489-c5d7b39910f5,2026-04-25T17:12:08.963277-04:00,node-01,orders-api,200,True,anomalous,market_aware_v1,50.276,43.269,113.152,31.754,0.731,62.069,79.436,1.528
288371c8-05d6-4fe6-a6bc-27b8fc4aade9,2026-04-25T17:12:08.963724-04:00,node-01,checkout-api,429,True,normal,market_aware_v1,47.185,50.005,147.923,27.935,0.782,68.005,61.938,1.939
7c674af6-638d-452b-89c1-778d9c8f5f32,2026-04-25T17:12:08.964170-04:00,node-01,payments-api,200,True,normal,market_aware_v1,39.242,48.277,120.806,27.13,0.376,50.034,54.471,0.953
29d51f26-178f-4887-9395-687f82af8ebc,2026-04-25T17:12:08.964655-04:00,node-01,orders-api,200,True,normal,market_aware_v1,43.516,42.887,92.304,29.698,0.344,49.828,86.394,0.597
a4b8e3e6-8b40-45ea-b9ad-d495bc9d6954,2026-04-25T17:12:08.965116-04:00,node-01,checkout-api,200,True,normal,market_aware_v1,43.181,44.463,106.644,25.97,0.501,43.58,69.256,0.825
3c405ba1-0689-4bec-a0a6-d31f27c86f08,2026-04-25T17:12:08.965559-04:00,node-01,payments-api,429,True,normal,market_aware_v1,41.023,47.759,117.325,24.351,0.553,55.513,49.188,1.167
0d3db7ca-6653-4101-9633-050911be2882,2026-04-25T17:12:08.966019-04:00,node-01,orders-api,200,True,normal,market_aware_v1,45.923,45.767,108.404,27.426,0.375,54.711,87.486,0.94
18c33b7b-0667-4fe3-9910-d35214b424aa,2026-04-25T17:12:08.966417-04:00,node-01,checkout-api,429,True,normal,market_aware_v1,46.364,49.032,126.03,26.001,0.658,61.896,66.503,1.487
0df2c2aa-7a78-4be1-b760-496529e47ba6,2026-04-25T17:12:08.967538-04:00,node-01,payments-api,429,True,normal,market_aware_v1,41.769,49.837,128.393,24.629,0.406,52.953,46.161,1.006
e8587bd6-d90c-421a-b2f0-57c8c592e3db,2026-04-25T17:12:08.967965-04:00,node-01,orders-api,200,True,normal,market_aware_v1,46.1,42.322,105.143,29.648,0.413,49.168,91.948,0.896
0b2c79e0-0d35-4102-b367-0440d133c36c,2026-04-25T17:12:08.968438-04:00,node-01,checkout-api,200,True,normal,market_aware_v1,47.706,46.878,126.07,27.747,0.46,54.092,65.017,0.995
200c5184-e7e0-4c83-a224-37ebd2a60c59,2026-04-25T17:12:08.968882-04:00,node-01,payments-api,429,True,normal,market_aware_v1,41.455,49.74,124.038,22.898,0.427,56.558,54.889,1.098
57638e20-4040-43ba-b65c-78b4af027578,2026-04-25T17:12:08.969342-04:00,node-01,orders-api,200,True,anomalous,market_aware_v1,53.678,47.32,115.934,30.558,0.731,60.999,87.007,1.45
d423ff9d-47e4-490c-a277-bbdec1a6c9b2,2026-04-25T17:12:08.969870-04:00,node-01,checkout-api,200,True,normal,market_aware_v1,45.521,48.409,110.933,27.959,0.485,49.95,73.445,0.92
eb3127d8-6441-42dd-bda8-3c82f50994f3,2026-04-25T17:12:08.970388-04:00,node-01,payments-api,200,True,normal,market_aware_v1,43.766,52.898,129.962,23.866,0.628,67.827,51.729,1.466
1d962d37-8c49-48d0-bb88-9cd43e071560,2026-04-25T17:12:08.970872-04:00,node-01,orders-api,200,True,normal,market_aware_v1,45.062,46.04,98.66,29.384,0.402,57.363,95.934,0.958
fe0d3083-0d0a-410e-a9b5-df3c24059849,2026-04-25T17:12:08.971398-04:00,node-01,checkout-api,429,True,normal,market_aware_v1,52.221,52.046,127.091,28.354,0.551,54.971,73.273,1.155
7a263f93-7553-4ed5-9d11-49d12f2c516b,2026-04-25T17:12:08.971917-04:00,node-01,payments-api,200,True,normal,market_aware_v1,42.748,52.315,112.929,26.449,0.51,55.562,60.145,1.186
a24aac2a-334f-4f8d-b70d-32d024ed0931,2026-04-25T17:12:08.972389-04:00,node-01,orders-api,200,True,normal,market_aware_v1,52.927,43.614,113.534,29.363,0.437,60.274,96.951,1.063
4bbf7513-12ad-418d-85d1-9dddb694cb6b,2026-04-25T17:12:08.972902-04:00,node-01,checkout-api,200,True,anomalous,market_aware_v1,53.513,52.385,131.237,29.394,0.831,58.997,65.45,1.581
528c4a89-50f8-49d2-b722-1ba28047e833,2026-04-25T17:12:08.973379-04:00,node-01,payments-api,429,True,normal,market_aware_v1,51.107,56.095,136.79,28.953,0.565,63.58,53.499,1.311
59a895db-f9a3-4fe1-9953-a4865f56ea48,2026-04-25T17:12:08.973806-04:00,node-01,orders-api,200,True,normal,market_aware_v1,50.484,45.4,100.757,32.569,0.448,56.576,97.451,0.883
851c840f-6578-40fc-87c1-a2ad3c0e40b0,2026-04-25T17:12:08.974268-04:00,node-01,checkout-api,429,True,normal,market_aware_v1,51.147,51.239,132.65,33.12,0.584,59.629,78.02,1.289
d8280280-3c4d-49ba-925f-8bf22a5171fe,2026-04-25T17:12:08.974808-04:00,node-01,payments-api,200,True,normal,market_aware_v1,46.987,52.817,140.979,26.14,0.631,62.677,57.825,1.353
1dc6aa60-a614-4632-88a6-36b72fd32af2,2026-04-25T17:12:08.975288-04:00,node-01,orders-api,429,True,normal,market_aware_v1,56.215,46.97,114.819,32.232,0.385,60.111,99.996,1.009
5f8d09ad-b1a1-4708-a731-098ef7b52c3c,2026-04-25T17:12:08.975822-04:00,node-01,checkout-api,429,True,normal,market_aware_v1,53.392,50.95,110.559,30.904,0.617,57.99,76.947,1.251
540da1b1-bf97-4518-95af-30005e100808,2026-04-25T17:12:08.976265-04:00,node-01,payments-api,200,True,normal,market_aware_v1,49.609,53.654,143.67,25.818,0.514,61.356,61.541,1.335
d693ff87-f342-4ac5-bac1-1e448b32fd5b,2026-04-25T17:12:08.976716-04:00,node-01,orders-api,200,True,normal,market_aware_v1,53.216,46.849,105.487,31.133,0.384,50.434,102.487,0.828
2a3bebae-4c9b-4ba9-84b5-e4be59276e76,2026-04-25T17:12:08.977148-04:00,node-01,checkout-api,200,True,normal,market_aware_v1,54.23,49.57,112.944,31.039,0.471,54.667,74.349,1.044
4dede69d-c958-4ca7-a2fd-50a96aaf9dae,2026-04-25T17:12:08.977734-04:00,node-01,payments-api,200,True,normal,market_aware_v1,44.902,49.275,137.13,27.053,0.669,62.308,63.612,1.556
36ae14df-01b1-4055-a25e-e5b40ba41166,2026-04-25T17:12:08.978137-04:00,node-01,orders-api,200,True,normal,market_aware_v1,52.175,47.459,107.677,30.044,0.463,54.62,101.472,0.89
e62103d6-80c6-49e9-9daa-9f57c78538f0,2026-04-25T17:12:08.978537-04:00,node-01,checkout-api,429,True,normal,market_aware_v1,49.044,50.243,127.701,30.075,0.645,64.953,68.836,1.469
62bb750b-8aa3-4487-943f-82ec257d75b5,2026-04-25T17:12:08.978916-04:00,node-01,payments-api,200,True,normal,market_aware_v1,43.854,52.002,129.455,25.763,0.649,59.302,49.213,1.362
37d8487b-7760-4fd0-890a-fca9c7624de6,2026-04-25T17:12:08.979300-04:00,node-01,orders-api,200,True,normal,market_aware_v1,53.455,43.704,125.145,31.453,0.355,62.398,81.959,0.984
afaacfe8-e5c2-4bf7-85f4-be8a81af06cc,2026-04-25T17:12:08.979706-04:00,node-01,checkout-api,200,True,normal,market_aware_v1,50.212,48.555,115.263,28.497,0.473,50.842,72.446,0.894
1afb042d-9f16-425b-aa27-4292a64a5d73,2026-04-25T17:12:08.980093-04:00,node-01,payments-api,429,True,normal,market_aware_v1,47.977,49.305,117.263,26.346,0.488,57.639,61.09,1.086
4e851a68-560c-45cf-9c1a-3bb7b64a3f5f,2026-04-25T17:12:08.980465-04:00,node-01,orders-api,200,True,normal,market_aware_v1,48.642,45.12,104.744,27.524,0.314,54.821,95.927,0.769
155ad3f1-5025-4087-88a1-0e10931f3200,2026-04-25T17:12:08.980865-04:00,node-01,checkout-api,200,True,anomalous,market_aware_v1,51.365,50.99,131.074,31.17,0.79,60.132,66.691,1.602
67ad6cac-5357-49d1-87be-60527a05e872,2026-04-25T17:12:08.981346-04:00,node-01,payments-api,200,True,normal,market_aware_v1,43.025,51.254,133.207,25.971,0.504,61.375,53.675,1.25
72447c89-4ce5-4603-b95c-b011f5c98523,2026-04-25T17:12:08.981820-04:00,node-01,orders-api,200,True,normal,market_aware_v1,49.66,44.159,116.21,30.256,0.487,60.259,87.784,1.179
dc0341ae-67a6-4570-88fa-2be3be208b71,2026-04-25T17:12:08.982396-04:00,node-01,checkout-api,200,True,normal,market_aware_v1,47.641,43.676,131.105,28.763,0.497,59.032,69.516,1.207
f0bcff4e-7cb9-4680-917e-63fdd30750e2,2026-04-25T17:12:08.982870-04:00,node-01,payments-api,200,True,normal,market_aware_v1,39.721,49.274,105.766,26.021,0.41,52.451,58.378,0.976
a53bb19e-e625-4a61-a0f4-14c6c075c6a2,2026-04-25T17:12:08.983339-04:00,node-01,orders-api,200,True,anomalous,market_aware_v1,53.18,46.271,116.472,30.06,0.56,54.173,86.287,1.218
bf761f36-581a-470a-be2c-ae61da24f8cb,2026-04-25T17:12:08.983817-04:00,node-01,checkout-api,200,True,normal,market_aware_v1,46.128,48.086,128.789,27.287,0.612,65.948,63.87,1.461
3f586b64-4ab1-4209-bedb-8d243198f9d5,2026-04-25T17:12:08.984267-04:00,node-01,payments-api,429,True,normal,market_aware_v1,42.569,51.018,139.622,26.369,0.54,63.926,54.08,1.265
9db06ae7-029f-4cce-b76a-26ab433cb93d,2026-04-25T17:12:08.984733-04:00,node-01,orders-api,200,True,anomalous,market_aware_v1,52.065,46.603,126.709,33.95,0.728,61.723,79.606,1.401
2a08707d-df40-4187-800f-b2be1143054c,2026-04-25T17:12:08.985183-04:00,node-01,checkout-api,200,True,normal,market_aware_v1,46.647,47.472,120.146,28.906,0.557,57.011,72.897,1.103
d01dd37a-64bb-41ec-bd59-c8c79ffda248,2026-04-25T17:12:08.985599-04:00,node-01,payments-api,200,True,anomalous,market_aware_v1,49.125,52.263,146.34,25.802,0.904,63.175,49.484,1.609
9dc20136-db22-4744-950b-468ec7c1df83,2026-04-25T17:12:08.986022-04:00,node-01,orders-api,200,True,normal,market_aware_v1,49.848,44.979,115.653,31.611,0.372,58.262,87.953,0.914
b12fe3ba-17d6-444e-8116-195a67c9fb4a,2026-04-25T17:12:08.986400-04:00,node-01,checkout-api,200,True,normal,market_aware_v1,52.798,45.426,115.615,30.383,0.468,54.656,73.048,1.09
ac941f0d-1395-43ba-b16b-22e93385b1bd,2026-04-25T17:12:08.986834-04:00,node-01,payments-api,200,True,normal,market_aware_v1,48.092,52.288,131.918,28.02,0.542,59.153,64.488,1.243
e8a28b9c-c6c9-4125-bfbb-17e26e5a117e,2026-04-25T17:12:08.987220-04:00,node-01,orders-api,200,True,normal,market_aware_v1,55.646,48.393,120.054,32.027,0.443,63.085,89.681,1.023
b2af20ad-4b5d-4625-8921-9f676c16b92e,2026-04-25T17:12:08.987637-04:00,node-01,checkout-api,200,True,normal,market_aware_v1,52.583,48.921,115.803,27.693,0.511,54.429,77.85,1.036
638b11af-000d-4a35-9477-74b6a45f93ac,2026-04-25T17:12:08.988121-04:00,node-01,payments-api,200,True,normal,market_aware_v1,49.8,52.515,139.944,26.922,0.479,65.291,59.865,1.365
557114b4-002c-4683-84ae-b10cd7fff00e,2026-04-25T17:12:08.988580-04:00,node-01,orders-api,200,True,normal,market_aware_v1,54.442,47.319,109.437,33.24,0.413,53.162,102.858,1.01
3804fd00-6049-4d4a-8c7e-c3eb5e508016,2026-04-25T17:12:08.989054-04:00,node-01,checkout-api,200,True,normal,market_aware_v1,57.299,48.638,130.298,28.696,0.553,55.68,84.531,1.285
d45d30d2-73d0-424c-8565-64b48b5abdf6,2026-04-25T17:12:08.989518-04:00,node-01,payments-api,200,True,normal,market_aware_v1,49.508,53.817,126.58,26.77,0.442,54.402,67.224,0.925
b82be531-26ed-447b-ac7c-80aaabcedd46,2026-04-25T17:12:08.990051-04:00,node-01,orders-api,200,True,normal,market_aware_v1,53.069,47.724,117.409,33.123,0.364,55.712,99.002,1.005
4d45b176-a752-4a1c-86d7-5204c0c6c951,2026-04-25T17:12:08.990566-04:00,node-01,checkout-api,429,True,anomalous,market_aware_v1,59.128,55.745,140.587,31.745,1.0,65.915,73.196,2.005
e06907e8-63dd-4b77-bd07-70a2a3a483a7,2026-04-25T17:12:08.991066-04:00,node-01,payments-api,429,True,normal,market_aware_v1,54.728,55.53,148.219,28.238,0.586,63.164,74.132,1.384
df66945b-8dc6-4c82-8aa6-dc7e11c409c6,2026-04-25T17:12:08.991568-04:00,node-01,orders-api,200,True,normal,market_aware_v1,56.675,47.837,107.438,30.414,0.355,53.765,104.99,0.721
1c72f6fa-4b9f-4f64-a361-c8ae7658c79e,2026-04-25T17:12:08.992061-04:00,node-01,checkout-api,200,True,normal,market_aware_v1,56.718,50.785,128.26,29.679,0.53,54.132,86.119,1.083
89a40827-91af-48b5-a7e3-b6ec2ef2cfbf,2026-04-25T17:12:08.992654-04:00,node-01,payments-api,200,True,normal,market_aware_v1,47.505,51.82,114.556,26.352,0.506,55.132,68.372,1.09
ffc94c2d-c63a-4f24-8cd2-d63c8df199a6,2026-04-25T17:12:08.993186-04:00,node-01,orders-api,200,True,normal,market_aware_v1,56.622,48.798,128.769,33.721,0.527,67.943,93.318,1.35
50aa92e5-2396-4691-8c44-d54b4c4f5fa0,2026-04-25T17:12:08.994278-04:00,node-01,checkout-api,429,True,normal,market_aware_v1,51.962,54.004,131.612,32.358,0.588,61.796,77.353,1.374
1b728c19-5b8d-4233-8176-e82452551166,2026-04-25T17:12:08.994783-04:00,node-01,payments-api,200,True,normal,market_aware_v1,48.806,54.577,128.632,28.024,0.548,59.569,64.6,1.254
a660681f-ec7a-4838-b30b-7ba262f76122,2026-04-25T17:12:08.995277-04:00,node-01,orders-api,429,True,normal,market_aware_v1,54.463,46.128,110.189,32.417,0.567,56.347,100.947,0.923
a3180d12-976d-4319-a2fd-b2ea406d2dd7,2026-04-25T17:12:08.995780-04:00,node-01,checkout-api,200,True,normal,market_aware_v1,52.258,50.556,140.776,29.201,0.547,60.8,74.456,1.406
948ddb20-02be-4a20-a00c-b06de8843216,2026-04-25T17:12:08.996265-04:00,node-01,payments-api,200,True,normal,market_aware_v1,50.827,51.674,137.282,28.185,0.534,61.158,59.339,1.195
12426a69-abae-4b1d-b9ba-6e320a3f748d,2026-04-25T17:12:08.996768-04:00,node-01,orders-api,200,True,normal,market_aware_v1,55.859,48.92,138.767,34.373,0.705,66.161,93.903,1.597
1dad43d7-4f45-4559-b8aa-8be39d95cd7e,2026-04-25T17:12:08.997283-04:00,node-01,checkout-api,200,True,normal,market_aware_v1,46.939,52.889,127.423,26.221,0.585,58.534,70.294,1.202
ae399a86-e933-4654-8719-6a5fa502eef1,2026-04-25T17:12:08.997804-04:00,node-01,payments-api,200,True,normal,market_aware_v1,48.849,51.628,139.794,26.017,0.548,66.487,55.057,1.353
247f8421-e37d-4236-9f95-112038aefbbd,2026-04-25T17:12:08.998355-04:00,node-01,orders-api,200,True,normal,market_aware_v1,49.53,46.139,108.686,30.261,0.359,58.258,85.868,0.894
bb468c8a-c734-488d-b1da-c72505ec0ed3,2026-04-25T17:12:08.998865-04:00,node-01,checkout-api,429,True,normal,market_aware_v1,45.287,47.022,127.869,27.498,0.588,59.198,70.33,1.36
b1a7b314-e5d5-4d34-a4f6-1e49ea3e6be4,2026-04-25T17:12:08.999346-04:00,node-01,payments-api,200,True,normal,market_aware_v1,41.578,49.389,124.914,23.167,0.409,56.482,57.534,0.97
df2d661c-af32-4e9c-891c-14703ec28ae5,2026-04-25T17:12:08.999850-04:00,node-01,orders-api,200,True,normal,market_aware_v1,44.137,43.062,99.033,29.476,0.261,44.781,89.685,0.56
b748a389-1738-435a-b508-363a882a2d92,2026-04-25T17:12:09.000347-04:00,node-01,checkout-api,200,True,normal,market_aware_v1,44.039,46.516,120.261,28.711,0.567,58.499,65.474,1.257
35f73fd0-80bc-4554-9265-1e71c7ec6283,2026-04-25T17:12:09.000847-04:00,node-01,payments-api,429,True,normal,market_aware_v1,39.19,48.734,126.807,23.002,0.435,53.842,57.863,1.021
b4401d1c-3691-4a17-a7ae-4c7995f7b396,2026-04-25T17:12:09.001333-04:00,node-01,orders-api,200,True,normal,market_aware_v1,46.397,43.755,92.305,28.02,0.315,41.154,87.116,0.579
8c91d8c4-ad6b-4ca6-856e-87ead028bcda,2026-04-25T17:12:09.001813-04:00,node-01,checkout-api,200,True,normal,market_aware_v1,42.597,46.832,113.435,28.88,0.502,54.369,68.041,1.003
4d6c3c0d-65a6-4f34-9675-f4bbfe8be1e9,2026-04-25T17:12:09.002289-04:00,node-01,payments-api,200,True,normal,market_aware_v1,40.078,47.04,140.07,21.942,0.607,67.8,44.192,1.451
f3a4ff7f-8f57-42b7-9b6d-e6a23e7a4645,2026-04-25T17:12:09.002771-04:00,node-01,orders-api,200,True,normal,market_aware_v1,50.696,42.147,116.721,30.089,0.422,62.826,85.339,1.045
da8fe439-a7bc-4b96-bde3-e17fb4eb348f,2026-04-25T17:12:09.003256-04:00,node-01,checkout-api,200,True,normal,market_aware_v1,47.062,46.314,121.906,26.602,0.603,58.378,65.117,1.293
2dc733b3-1fac-4fd4-b3c5-1c49b04f3c2e,2026-04-25T17:12:09.003752-04:00,node-01,payments-api,200,True,normal,market_aware_v1,41.249,47.506,137.921,24.344,0.589,61.617,53.054,1.28
1c8c286a-9ddc-474d-b2ed-5c2b4da36fe8,2026-04-25T17:12:09.004231-04:00,node-01,orders-api,429,True,normal,market_aware_v1,44.445,44.544,117.325,28.726,0.447,56.556,93.211,0.917
3432736b-dd49-4aef-a9ef-e0f440b53993,2026-04-25T17:12:09.004843-04:00,node-01,checkout-api,429,True,normal,market_aware_v1,44.698,44.733,126.771,29.529,0.554,59.338,65.792,1.161
ee10a5b4-2041-4722-a39b-eab543366c87,2026-04-25T17:12:09.005322-04:00,node-01,payments-api,200,True,normal,market_aware_v1,45.807,50.412,141.607,23.778,0.619,64.477,54.014,1.476
322574f2-e808-48a9-98bd-ed891470d5bd,2026-04-25T17:12:09.005830-04:00,node-01,orders-api,200,True,normal,market_aware_v1,46.778,42.186,110.901,29.75,0.415,57.337,88.528,1.027
f4142b5c-2944-4574-91c7-e3519a708d61,2026-04-25T17:12:09.006309-04:00,node-01,checkout-api,200,True,normal,market_aware_v1,52.055,48.212,126.989,28.278,0.568,57.577,73.308,1.112
cc2ca9a1-aa58-4134-a42e-6243ba4f8a4b,2026-04-25T17:12:09.006771-04:00,node-01,payments-api,200,True,normal,market_aware_v1,46.411,51.682,140.322,24.386,0.544,61.664,58.01,1.283
403ce4f7-b738-42a2-858a-a80ded5fe602,2026-04-25T17:12:09.007274-04:00,node-01,orders-api,200,True,normal,market_aware_v1,53.391,43.223,117.146,30.808,0.396,58.212,87.926,1.044
eb84f92c-668a-41f4-8efa-681a18bc8ce9,2026-04-25T17:12:09.007785-04:00,node-01,checkout-api,200,True,normal,market_aware_v1,57.257,47.338,137.636,28.956,0.576,63.63,69.794,1.288
c52239a3-da88-4012-ae68-55e102bb4899,2026-04-25T17:12:09.008288-04:00,node-01,payments-api,200,True,normal,market_aware_v1,42.98,48.004,119.422,26.132,0.498,56.222,61.512,1.122
1c0765a9-1f73-4660-8a53-89de840d54b3,2026-04-25T17:12:09.008763-04:00,node-01,orders-api,429,True,anomalous,market_aware_v1,55.175,50.336,109.612,32.187,0.763,60.631,89.823,1.488
df5137d5-5adc-45a6-ae7e-2ccd44330d1c,2026-04-25T17:12:09.009193-04:00,node-01,checkout-api,429,True,normal,market_aware_v1,49.385,48.556,129.345,31.718,0.655,59.78,68.225,1.356
471681b1-58b9-4bee-8322-f5ad5d8c703e,2026-04-25T17:12:09.009623-04:00,node-01,payments-api,200,True,normal,market_aware_v1,48.071,54.459,131.46,24.027,0.406,54.892,69.665,1.035
f9324d40-02ed-477f-93ae-a228098093b5,2026-04-25T17:12:09.010057-04:00,node-01,orders-api,429,True,normal,market_aware_v1,57.781,45.721,110.629,30.595,0.419,58.746,101.31,0.991
687393cb-9a1a-4d02-974e-7a8c818bb295,2026-04-25T17:12:09.010523-04:00,node-01,checkout-api,429,True,normal,market_aware_v1,54.064,53.901,138.425,31.693,0.715,67.435,76.051,1.772
697154dc-ce07-4c0d-9251-5807b77d6ec0,2026-04-25T17:12:09.010970-04:00,node-01,payments-api,200,True,normal,market_aware_v1,49.51,54.29,140.436,25.887,0.554,63.914,63.61,1.429
2389e827-ede2-4d57-9b6b-653395862252,2026-04-25T17:12:09.011395-04:00,node-01,orders-api,200,True,normal,market_aware_v1,52.777,46.345,105.674,32.666,0.323,50.075,97.935,0.79
42dfcdde-aca4-417e-8c82-50dacaebeeaa,2026-04-25T17:12:09.012045-04:00,node-01,checkout-api,200,True,normal,market_aware_v1,51.73,51.615,138.685,30.086,0.631,60.816,71.332,1.358
f655e22a-435c-4610-a06f-abc2f398cdbd,2026-04-25T17:12:09.012514-04:00,node-01,payments-api,200,True,normal,market_aware_v1,51.498,54.578,132.067,27.468,0.419,57.091,64.227,1.034
9750b4d8-629d-4d5b-a204-d17928d592f9,2026-04-25T17:12:09.012996-04:00,node-01,orders-api,429,True,normal,market_aware_v1,58.939,50.245,123.884,29.635,0.439,62.591,95.486,1.154
7651181e-f464-4118-a6f5-e4c3e692e1c4,2026-04-25T17:12:09.013497-04:00,node-01,checkout-api,200,True,normal,market_aware_v1,52.359,50.684,144.482,28.273,0.586,68.295,68.859,1.547
ed0e86a9-e1f7-491d-b421-f9d8f18e3eb1,2026-04-25T17:12:09.013988-04:00,node-01,payments-api,200,True,anomalous,market_aware_v1,48.107,52.925,164.765,29.368,0.778,70.373,52.306,1.793
10b5b95e-81ff-4cc0-aa78-216b6baa61f7,2026-04-25T17:12:09.014468-04:00,node-01,orders-api,200,True,normal,market_aware_v1,56.905,46.418,106.699,31.257,0.357,59.787,93.696,0.933
525bb3b5-c9ea-4b94-9f90-344be6ef9b4d,2026-04-25T17:12:09.014935-04:00,node-01,checkout-api,429,True,normal,market_aware_v1,49.368,50.508,122.236,31.266,0.547,55.507,80.294,1.089
f02c707f-c94b-443b-b8e7-f8a7db25ef75,2026-04-25T17:12:09.015395-04:00,node-01,payments-api,429,True,normal,market_aware_v1,45.609,51.344,132.398,26.472,0.608,66.209,56.415,1.378
f6776499-8c63-45c0-a3c0-464404da4d30,2026-04-25T17:12:09.015843-04:00,node-01,orders-api,200,True,normal,market_aware_v1,51.584,42.946,115.195,28.965,0.385,60.928,88.419,0.918
27ede8f6-0546-492e-bfd7-f7dc20d43006,2026-04-25T17:12:09.016295-04:00,node-01,checkout-api,429,True,anomalous,market_aware_v1,56.036,47.236,128.647,31.129,0.934,61.907,59.939,1.686
b5e303a5-e3c7-4cbf-a8d2-bbd50f8386fc,2026-04-25T17:12:09.016743-04:00,node-01,payments-api,200,True,normal,market_aware_v1,44.597,49.883,125.387,25.685,0.452,55.774,62.496,0.964
79080910-e41d-4f2d-93cb-1a549d3f67c9,2026-04-25T17:12:09.017172-04:00,node-01,orders-api,200,True,normal,market_aware_v1,52.554,44.979,114.833,32.143,0.47,60.802,90.957,1.152
8b3941f0-b647-43b1-8804-ba1b4196f9c8,2026-04-25T17:12:09.017624-04:00,node-01,checkout-api,200,True,normal,market_aware_v1,48.488,47.304,111.772,27.806,0.565,57.481,67.777,1.068
9ee03d4f-0907-45d0-94bb-5840dd510f2b,2026-04-25T17:12:09.018048-04:00,node-01,payments-api,200,True,normal,market_aware_v1,46.334,49.714,138.182,23.414,0.532,60.063,54.187,1.237
dd99f47a-cb1f-44c4-b3fe-a6c163cf9f81,2026-04-25T17:12:09.018484-04:00,node-01,orders-api,200,True,normal,market_aware_v1,46.811,47.513,122.502,29.815,0.367,60.857,92.754,1.089
faa3569c-bd51-466d-b67d-3a9efe0f72e6,2026-04-25T17:12:09.018909-04:00,node-01,checkout-api,200,True,normal,market_aware_v1,46.902,48.697,107.741,29.169,0.575,49.367,69.654,1.024
71779e48-b74d-473c-a491-0a0d350a2152,2026-04-25T17:12:09.019336-04:00,node-01,payments-api,200,True,normal,market_aware_v1,44.683,50.399,121.336,24.587,0.525,58.075,54.86,1.272
95014247-d6d2-4581-b947-c26a3f1930e2,2026-04-25T17:12:09.019743-04:00,node-01,orders-api,200,True,normal,market_aware_v1,49.805,41.734,97.087,28.443,0.302,45.281,92.702,0.718
3a4cdeb9-33fa-4fce-a492-f5510eaf43b3,2026-04-25T17:12:09.020164-04:00,node-01,checkout-api,429,True,normal,market_aware_v1,47.367,49.403,137.327,30.345,0.575,66.415,60.04,1.419
abd8edee-295b-4202-a1e7-3396cdf478e9,2026-04-25T17:12:09.020674-04:00,node-01,payments-api,200,True,normal,market_aware_v1,44.921,51.289,129.972,24.731,0.481,60.96,55.105,1.292
2a9cbf40-cb62-4ac3-acf8-bf38ba5b89ff,2026-04-25T17:12:09.021131-04:00,node-01,orders-api,200,True,anomalous,market_aware_v1,54.896,46.653,143.191,32.79,0.836,71.809,81.306,1.827
164f95de-59bb-4d43-8d29-bf45a380a723,2026-04-25T17:12:09.021555-04:00,node-01,checkout-api,429,True,normal,market_aware_v1,49.452,48.663,121.656,28.183,0.568,54.22,76.626,1.145
89abfef0-6366-4121-9f83-4cb21e42ad81,2026-04-25T17:12:09.021989-04:00,node-01,payments-api,200,True,normal,market_aware_v1,46.946,50.214,146.778,27.88,0.595,64.666,54.376,1.417
4f3188cd-8297-459f-8f43-41d62a3a35ab,2026-04-25T17:12:09.022478-04:00,node-01,orders-api,200,True,normal,market_aware_v1,52.11,46.407,112.273,31.123,0.446,56.346,94.431,0.961
ab501c3d-98ab-4ed8-94b3-e224c3e5e626,2026-04-25T17:12:09.022922-04:00,node-01,checkout-api,200,True,normal,market_aware_v1,53.212,53.566,127.789,26.518,0.626,61.381,72.185,1.329
42d145db-f616-4d62-8709-845fa462119d,2026-04-25T17:12:09.023372-04:00,node-01,payments-api,429,True,normal,market_aware_v1,47.767,51.709,132.334,26.029,0.449,62.429,59.491,1.27
e5a98330-bbb2-4025-873b-afed14bb41fa,2026-04-25T17:12:09.023851-04:00,node-01,orders-api,200,True,normal,market_aware_v1,56.369,48.096,116.856,31.336,0.424,57.053,97.816,0.897
6ec92a89-3e86-4fbe-a7ce-00284e5f238c,2026-04-25T17:12:09.024367-04:00,node-01,checkout-api,200,True,normal,market_aware_v1,55.888,48.584,139.98,30.907,0.617,64.709,73.265,1.272
e8ac7536-e60f-4c75-a2f1-5aca4ceadcac,2026-04-25T17:12:09.024858-04:00,node-01,payments-api,200,True,normal,market_aware_v1,52.173,49.382,142.862,27.945,0.595,66.41,61.057,1.476
4361511e-13b0-455c-9b91-e579e71caee2,2026-04-25T17:12:09.025302-04:00,node-01,orders-api,200,True,normal,market_aware_v1,53.357,49.542,110.468,29.762,0.406,60.99,98.193,1.074
f671dbc2-cf76-4ac9-a41b-683b711f1a37,2026-04-25T17:12:09.025805-04:00,node-01,checkout-api,200,True,normal,market_aware_v1,52.047,55.175,131.314,30.978,0.578,62.234,78.322,1.305
6dcbeef9-41d2-45c9-8887-bf19753f290f,2026-04-25T17:12:09.026283-04:00,node-01,payments-api,200,True,normal,market_aware_v1,50.819,55.518,140.242,24.771,0.594,69.246,59.894,1.448
eafa6b9d-db27-40f8-b218-05df48df4592,2026-04-25T17:12:09.026741-04:00,node-01,orders-api,200,True,normal,market_aware_v1,57.175,49.808,114.404,35.274,0.425,59.954,103.569,1.05
86d50ff1-97f6-4444-a073-ae62d187d100,2026-04-25T17:12:09.027199-04:00,node-01,checkout-api,200,True,normal,market_aware_v1,57.366,51.637,127.04,32.503,0.6,64.43,73.21,1.484
f76b5711-b31c-41c3-9d8b-2eb3e871e979,2026-04-25T17:12:09.027665-04:00,node-01,payments-api,429,True,normal,market_aware_v1,54.859,54.915,148.647,26.457,0.529,63.957,61.073,1.23
f1b74672-adaf-4fb4-9642-25d41049e1f8,2026-04-25T17:12:09.028140-04:00,node-01,orders-api,200,True,normal,market_aware_v1,59.893,50.106,116.274,33.021,0.543,65.697,99.877,1.272
af2a280a-7570-4dc9-b3fa-6a037d706725,2026-04-25T17:12:09.028592-04:00,node-01,checkout-api,200,True,normal,market_aware_v1,57.153,52.288,139.01,30.217,0.586,62.838,79.896,1.408
ab0fbedd-12d3-4bdc-bacf-9d8dc780ca1a,2026-04-25T17:12:09.029074-04:00,node-01,payments-api,200,True,normal,market_aware_v1,49.103,55.078,144.793,29.669,0.612,67.656,64.039,1.485
e23137be-6c5e-49c0-94cc-12f541330196,2026-04-25T17:12:09.029597-04:00,node-01,orders-api,200,True,normal,market_aware_v1,57.883,50.094,111.078,34.189,0.362,59.015,98.383,0.843
89851a89-9631-43c6-b078-f369e99b3ec6,2026-04-25T17:12:09.030092-04:00,node-01,checkout-api,200,True,normal,market_aware_v1,54.539,49.165,135.528,30.283,0.697,66.642,72.07,1.517
12abd5af-ab6b-46a6-ae92-2e956ee770ba,2026-04-25T17:12:09.030513-04:00,node-01,payments-api,429,True,anomalous,market_aware_v1,51.547,55.782,147.292,27.845,0.823,67.892,58.674,1.682
76a117c3-3e2f-482f-974a-f3f24df72406,2026-04-25T17:12:09.030912-04:00,node-01,orders-api,429,True,normal,market_aware_v1,57.558,49.97,121.029,34.518,0.468,68.245,95.02,1.19
d3d358f9-ffc2-468b-9d10-c97fae73af08,2026-04-25T17:12:09.031352-04:00,node-01,checkout-api,200,True,normal,market_aware_v1,54.41,50.226,132.314,31.642,0.543,63.111,73.647,1.421
420d3741-746e-43c6-ac37-08116874c65d,2026-04-25T17:12:09.031862-04:00,node-01,payments-api,200,True,normal,market_aware_v1,51.178,51.782,145.709,26.625,0.554,68.148,58.889,1.421
3f5a8194-c1c5-4b0c-9f96-1ed8a6a9cc73,2026-04-25T17:12:09.032378-04:00,node-01,orders-api,429,True,normal,market_aware_v1,55.902,45.929,111.721,30.833,0.505,60.728,91.893,1.09
8c4682ce-ac89-4286-8dd5-1e8ac4e0f2d3,2026-04-25T17:12:09.032853-04:00,node-01,checkout-api,200,True,normal,market_aware_v1,50.532,49.99,139.491,28.268,0.623,58.094,69.81,1.33
7911553d-e69c-4a02-93e8-30d010e37832,2026-04-25T17:12:09.033305-04:00,node-01,payments-api,200,True,normal,market_aware_v1,45.14,49.682,126.635,26.413,0.509,59.597,54.544,1.179
ba42e69c-ff57-4b2f-9f2c-909be3e8edc1,2026-04-25T17:12:09.033784-04:00,node-01,orders-api,429,True,normal,market_aware_v1,55.869,48.192,121.018,29.461,0.559,64.271,88.402,1.323
a7610578-90f8-4bb1-90c0-c130d913f2d3,2026-04-25T17:12:09.034252-04:00,node-01,checkout-api,429,True,normal,market_aware_v1,48.639,45.029,123.576,25.087,0.593,59.195,72.213,1.28
dc43c7df-a242-4e34-9951-c001bf584978,2026-04-25T17:12:09.034699-04:00,node-01,payments-api,200,True,normal,market_aware_v1,45.372,52.711,134.682,24.387,0.403,55.46,57.039,1.016
39851bea-d8d4-412c-ac3c-e5bb399d33df,2026-04-25T17:12:09.035156-04:00,node-01,orders-api,200,True,normal,market_aware_v1,53.632,45.672,106.704,30.027,0.321,52.086,94.67,0.705
c18f2c4a-adc9-40d9-a969-ddd91a0bea46,2026-04-25T17:12:09.035654-04:00,node-01,checkout-api,200,True,normal,market_aware_v1,47.101,46.436,123.543,26.19,0.634,58.692,62.4,1.329
419704a1-75a4-4b5a-ae85-81805daf6562,2026-04-25T17:12:09.036142-04:00,node-01,payments-api,200,True,anomalous,market_aware_v1,44.283,52.451,147.709,27.033,0.984,70.55,41.609,1.9
a8b8f8d5-90ac-4dc3-8e06-e781eedbba49,2026-04-25T17:12:09.036745-04:00,node-01,orders-api,502,True,anomalous,market_aware_v1,54.589,44.658,139.973,32.409,0.918,67.096,83.392,2.029
cdfa5a68-c3dd-468f-aeb4-cc0f52059f48,2026-04-25T17:12:09.037265-04:00,node-01,checkout-api,200,True,normal,market_aware_v1,47.366,47.02,124.615,26.235,0.659,63.986,64.579,1.465
9b45360b-d854-438b-b143-66ad72cb8f79,2026-04-25T17:12:09.037738-04:00,node-01,payments-api,200,True,normal,market_aware_v1,45.183,48.09,131.4,25.778,0.472,61.508,48.997,1.204
f7fe2191-184c-408c-b44a-931adcdc65db,2026-04-25T17:12:09.038236-04:00,node-01,orders-api,429,True,normal,market_aware_v1,49.19,44.024,120.286,28.794,0.473,61.246,83.356,1.182
ff5831de-a0d9-43a2-9614-11cf67b3ce1e,2026-04-25T17:12:09.038697-04:00,node-01,checkout-api,200,True,normal,market_aware_v1,49.195,44.5,137.352,27.305,0.616,62.461,60.916,1.342
22aa94d7-2e66-4634-b5f5-209e0b150160,2026-04-25T17:12:09.039210-04:00,node-01,payments-api,429,True,normal,market_aware_v1,44.423,48.026,140.385,23.578,0.462,58.39,54.775,1.072
33e75d2b-9964-4c93-976f-e252cd9c5afb,2026-04-25T17:12:09.040286-04:00,node-01,orders-api,429,True,normal,market_aware_v1,47.946,44.301,109.576,30.517,0.442,59.115,86.44,1.013
e35778c4-a7c1-4837-9e0b-a7a11b122d10,2026-04-25T17:12:09.040759-04:00,node-01,checkout-api,200,True,normal,market_aware_v1,43.74,47.04,126.085,26.242,0.571,59.597,67.399,1.193
fd378729-6aed-4071-a27f-6f8b94eb2aa0,2026-04-25T17:12:09.041215-04:00,node-01,payments-api,200,True,normal,market_aware_v1,44.864,52.058,133.396,25.732,0.489,57.376,55.347,1.18
14f45e0a-7ff5-49bd-9048-0b4d6de54f5f,2026-04-25T17:12:09.041699-04:00,node-01,orders-api,200,True,normal,market_aware_v1,50.031,44.381,111.041,29.807,0.522,62.771,88.036,1.109
95c5986a-2f64-462c-b2de-6827237010ba,2026-04-25T17:12:09.042139-04:00,node-01,checkout-api,200,True,normal,market_aware_v1,52.512,46.91,148.264,27.663,0.691,64.27,65.725,1.781
f32342e4-bb16-4052-a1fa-bcc9519ff876,2026-04-25T17:12:09.042622-04:00,node-01,payments-api,429,True,normal,market_aware_v1,45.096,49.058,127.127,25.794,0.414,57.932,58.031,1.134
0febaf67-7107-4f19-82eb-ed366f652748,2026-04-25T17:12:09.043122-04:00,node-01,orders-api,200,True,normal,market_aware_v1,52.884,42.344,113.027,32.407,0.379,56.931,95.449,0.863
47668275-c268-45fc-9f0a-2c0bfaa163c0,2026-04-25T17:12:09.043606-04:00,node-01,checkout-api,429,True,anomalous,market_aware_v1,52.195,51.266,146.822,31.442,0.947,70.313,64.302,1.955
c8f36505-c63a-4e75-a0d3-aa3aa6223102,2026-04-25T17:12:09.044061-04:00,node-01,payments-api,429,True,normal,market_aware_v1,45.816,50.346,132.093,25.262,0.563,60.124,59.398,1.155
2be05854-5c2c-44ff-a2f1-7999d6d8a353,2026-04-25T17:12:09.044509-04:00,node-01,orders-api,200,True,normal,market_aware_v1,55.522,44.471,108.565,30.724,0.481,61.364,91.082,1.198
a841c23d-82cf-4aee-a7ce-27f923ca00d2,2026-04-25T17:12:09.044946-04:00,node-01,checkout-api,200,True,normal,market_aware_v1,52.023,50.44,152.502,30.994,0.757,67.987,70.503,1.897
6928c21a-eb44-4802-b9b2-0a499384b7f0,2026-04-25T17:12:09.045400-04:00,node-01,payments-api,200,True,normal,market_aware_v1,50.02,52.497,146.63,27.502,0.462,65.183,58.24,1.344
f7236412-8d86-472e-a85d-4111b563886a,2026-04-25T17:12:09.045895-04:00,node-01,orders-api,200,True,normal,market_aware_v1,56.364,52.022,133.239,33.341,0.552,70.72,95.302,1.437
d3fa3230-3d2d-4ab9-9246-8ccae840e9d4,2026-04-25T17:12:09.046405-04:00,node-01,checkout-api,429,True,normal,market_aware_v1,53.139,47.318,138.289,30.476,0.615,58.357,72.808,1.265
c209ee31-71b7-4631-ab53-5101a42a7a73,2026-04-25T17:12:09.047570-04:00,node-01,payments-api,200,True,normal,market_aware_v1,52.73,56.018,141.57,28.413,0.553,63.262,59.201,1.371
6a0139c1-494d-4a61-a13c-7f187d1be13a,2026-04-25T17:12:09.048040-04:00,node-01,orders-api,200,True,normal,market_aware_v1,60.1,45.732,121.964,32.486,0.469,68.092,89.783,1.317
c27344e2-2f94-4f60-b6a9-7e2c5c72ca66,2026-04-25T17:12:09.048555-04:00,node-01,checkout-api,200,True,normal,market_aware_v1,51.295,51.565,132.208,31.021,0.572,54.848,77.59,1.085
4063ee16-1cb8-46f2-ad4f-acf0e90dc73e,2026-04-25T17:12:09.049010-04:00,node-01,payments-api,429,True,normal,market_aware_v1,47.933,51.319,127.235,27.914,0.531,62.175,59.457,1.206
41e2d51f-b5aa-4e78-956c-de4293191ae4,2026-04-25T17:12:09.049412-04:00,node-01,orders-api,429,True,normal,market_aware_v1,52.78,46.575,125.228,32.57,0.345,57.302,98.16,0.832
32d2d14b-6fba-4c67-b215-550f42b5146b,2026-04-25T17:12:09.049873-04:00,node-01,checkout-api,200,True,normal,market_aware_v1,53.012,48.72,134.619,33.349,0.586,60.884,68.01,1.157
f28b8445-b768-4f2d-8b3e-3b8ccf2d9511,2026-04-25T17:12:09.050386-04:00,node-01,payments-api,200,True,normal,market_aware_v1,46.326,54.878,147.928,26.253,0.606,65.035,57.412,1.404
1224a1b9-3de8-4f17-853a-c52ac7fa7b9d,2026-04-25T17:12:09.050881-04:00,node-01,orders-api,200,True,normal,market_aware_v1,53.422,45.777,129.327,29.391,0.501,66.59,93.624,1.201
7be4baed-3f79-4e94-911c-91ebd3e26669,2026-04-25T17:12:09.051327-04:00,node-01,checkout-api,200,True,normal,market_aware_v1,50.926,49.563,161.432,28.29,0.858,67.882,77.34,1.913
fed318c4-3d4b-4bee-a445-d0da36285143,2026-04-25T17:12:09.051901-04:00,node-01,payments-api,503,True,normal,market_aware_v1,48.742,48.844,163.028,26.916,0.805,74.955,53.483,2.07
633c2837-75c7-40b6-bbf7-3dccdb7ff33a,2026-04-25T17:12:09.052377-04:00,node-01,orders-api,200,True,normal,market_aware_v1,52.872,47.943,124.711,32.651,0.407,64.826,92.267,1.206
baabd008-ad56-4636-a5c7-663c05481550,2026-04-25T17:12:09.052895-04:00,node-01,checkout-api,429,True,normal,market_aware_v1,53.735,47.942,144.971,27.603,0.543,61.795,61.745,1.216
bf394785-2740-4158-b3c2-37386773465c,2026-04-25T17:12:09.053390-04:00,node-01,payments-api,200,True,normal,market_aware_v1,51.075,48.764,170.732,26.945,0.747,69.619,54.717,1.944
f0bb6047-97ee-43c0-88f9-bb473ab010ac,2026-04-25T17:12:09.053873-04:00,node-01,orders-api,200,True,normal,market_aware_v1,48.762,46.215,114.022,31.967,0.386,54.071,93.387,0.845
5887b8ba-6290-453c-bb05-4f7a2df2d566,2026-04-25T17:12:09.054346-04:00,node-01,checkout-api,429,True,anomalous,market_aware_v1,55.271,50.926,150.555,29.762,1.059,71.254,61.799,2.124
15727c5d-b068-4949-a66a-fd084ef4ef06,2026-04-25T17:12:09.054892-04:00,node-01,payments-api,429,True,normal,market_aware_v1,47.387,51.355,131.448,23.651,0.526,63.955,53.585,1.278
d883e8ca-a402-4296-adf9-7b2a5084837e,2026-04-25T17:12:09.055366-04:00,node-01,orders-api,200,True,normal,market_aware_v1,48.784,48.569,103.577,29.711,0.365,53.456,93.902,0.885
499a4905-868c-48a3-9af5-9fe725d369fa,2026-04-25T17:12:09.055822-04:00,node-01,checkout-api,200,True,normal,market_aware_v1,47.501,48.019,117.22,28.189,0.556,57.64,70.145,1.188
41cd4f0d-714b-4dbc-a0dc-85fa87a245a4,2026-04-25T17:12:09.056258-04:00,node-01,payments-api,200,True,anomalous,market_aware_v1,48.202,48.622,148.566,27.843,0.834,68.334,44.953,1.716
d4279bca-360d-43f9-afc8-d93adf9644fc,2026-04-25T17:12:09.056707-04:00,node-01,orders-api,200,True,normal,market_aware_v1,46.938,47.816,119.368,29.891,0.402,59.133,88.564,0.904
41f252c5-7a1a-4a40-951c-4e2a1d2c4956,2026-04-25T17:12:09.057154-04:00,node-01,checkout-api,200,True,normal,market_aware_v1,48.81,51.263,130.314,27.438,0.55,57.317,66.637,1.21
8a797976-f0be-4322-9fa3-1528556ea3d8,2026-04-25T17:12:09.057667-04:00,node-01,payments-api,200,True,normal,market_aware_v1,43.252,49.411,130.014,27.151,0.482,57.029,55.121,1.16
7ff0e09a-e453-485a-812e-ee0a179a7ade,2026-04-25T17:12:09.058150-04:00,node-01,orders-api,429,True,normal,market_aware_v1,51.72,48.077,114.759,32.537,0.45,58.719,92.865,1.067
9bdd20d7-3174-4774-9f3d-81a2f65808d9,2026-04-25T17:12:09.058638-04:00,node-01,checkout-api,429,True,normal,market_aware_v1,47.844,45.177,132.429,28.412,0.493,60.701,70.407,1.125
616112ff-cd68-4f3f-864a-884f48c6afcd,2026-04-25T17:12:09.059316-04:00,node-01,payments-api,200,True,normal,market_aware_v1,41.071,52.261,124.088,22.798,0.494,54.803,57.853,1.149
6b8f61cd-c50f-41dd-9a34-c51900b7a22d,2026-04-25T17:12:09.059823-04:00,node-01,orders-api,200,True,normal,market_aware_v1,54.479,46.627,120.955,32.036,0.442,60.555,86.932,1.213
6e74e0ea-d907-49bc-bc86-98289ff57baf,2026-04-25T17:12:09.060323-04:00,node-01,checkout-api,200,True,normal,market_aware_v1,52.899,49.731,139.303,29.478,0.6,62.07,72.26,1.334
a99e34bb-a035-4676-b12a-bc0de3cda274,2026-04-25T17:12:09.060822-04:00,node-01,payments-api,200,True,normal,market_aware_v1,51.951,54.599,146.006,24.467,0.525,67.643,60.022,1.348
49af94bd-f16a-4f4c-931b-b303dea25dab,2026-04-25T17:12:09.061306-04:00,node-01,orders-api,200,True,normal,market_aware_v1,50.605,45.912,110.99,30.076,0.483,65.402,94.486,1.249
031a9b1a-e144-4bf7-ab51-075a267bf378,2026-04-25T17:12:09.061761-04:00,node-01,checkout-api,429,True,normal,market_aware_v1,53.008,53.23,139.06,29.772,0.647,67.7,74.045,1.591
bb9e9f62-c55b-4138-b086-a2b01eea4c2e,2026-04-25T17:12:09.062221-04:00,node-01,payments-api,200,True,normal,market_aware_v1,52.262,52.738,154.941,27.035,0.729,70.515,56.808,1.696
a81a0c39-3aa6-4cc0-9cb0-be7626f4bbdc,2026-04-25T17:12:09.062687-04:00,node-01,orders-api,200,True,normal,market_aware_v1,56.623,49.791,127.743,32.396,0.513,65.978,95.486,1.24
18c5710a-513e-4a52-9897-0dbf9c83ec44,2026-04-25T17:12:09.063148-04:00,node-01,checkout-api,200,True,normal,market_aware_v1,54.206,50.062,121.556,28.817,0.59,55.283,78.982,1.158
dbbc3bbd-e3c9-420c-8483-e6c664dd4ca7,2026-04-25T17:12:09.063631-04:00,node-01,payments-api,200,True,normal,market_aware_v1,52.631,53.223,141.459,26.075,0.534,64.37,67.344,1.293
f430e046-15c8-4509-9f91-613a11a7a468,2026-04-25T17:12:09.064093-04:00,node-01,orders-api,200,True,normal,market_aware_v1,56.189,47.609,137.822,32.265,0.615,73.755,97.079,1.353
f5b57765-2d7e-44f2-a597-fa24b99465f6,2026-04-25T17:12:09.064573-04:00,node-01,checkout-api,200,True,normal,market_aware_v1,55.579,53.881,134.988,31.131,0.649,63.452,71.954,1.307
a6a1280c-3d83-49be-96d9-fdca1e6f738a,2026-04-25T17:12:09.065012-04:00,node-01,payments-api,200,True,normal,market_aware_v1,53.553,55.296,151.962,29.229,0.532,69.619,62.367,1.306
809797f6-6789-4fe0-9d36-1592df2af9f0,2026-04-25T17:12:09.065424-04:00,node-01,orders-api,200,True,normal,market_aware_v1,57.524,50.307,109.398,32.62,0.493,64.474,97.666,1.2
9117f30a-775d-4486-a344-ff451fdb3c04,2026-04-25T17:12:09.065900-04:00,node-01,checkout-api,200,True,normal,market_aware_v1,57.73,53.52,143.855,32.413,0.748,72.624,76.742,1.831
97dd4d9e-5247-44e4-b12a-4de131eaf16d,2026-04-25T17:12:09.066342-04:00,node-01,payments-api,429,True,normal,market_aware_v1,54.037,54.076,130.529,28.179,0.647,65.834,59.007,1.411
9760c5f6-a0dd-4f4b-b43c-300e108ac98f,2026-04-25T17:12:09.066831-04:00,node-01,orders-api,429,True,normal,market_aware_v1,55.842,49.732,108.564,32.807,0.402,58.735,99.148,1.077
f21ccf06-b449-4243-af8f-1f2000996f62,2026-04-25T17:12:09.067388-04:00,node-01,checkout-api,500,True,normal,market_aware_v1,60.863,54.272,152.81,31.447,0.869,74.604,75.389,2.011
fd7c552a-509d-4544-9543-de760a49ff92,2026-04-25T17:12:09.068531-04:00,node-01,payments-api,200,True,normal,market_aware_v1,53.919,54.498,141.934,25.101,0.62,65.626,68.427,1.456
8f2ea903-cd27-4a1a-8efd-a17e8af7d0d9,2026-04-25T17:12:09.069568-04:00,node-01,orders-api,200,True,normal,market_aware_v1,56.514,48.54,129.846,31.226,0.493,68.446,94.549,1.322
5ba23434-de6e-4a2e-9252-28c0e7d057b0,2026-04-25T17:12:09.070078-04:00,node-01,checkout-api,429,True,normal,market_aware_v1,53.905,53.597,147.355,30.688,0.551,66.671,67.912,1.425
1d450b1c-3ea3-4395-a6bf-e5586ae67f0e,2026-04-25T17:12:09.070617-04:00,node-01,payments-api,200,True,normal,market_aware_v1,47.993,55.432,148.82,25.111,0.549,68.487,62.051,1.378
1832ff51-94fd-4455-9ab1-cd63462b15e6,2026-04-25T17:12:09.071142-04:00,node-01,orders-api,200,True,normal,market_aware_v1,53.778,44.441,129.572,31.398,0.472,60.728,92.039,1.069
ba500c0b-e6d1-4cbf-9494-89c2b5373687,2026-04-25T17:12:09.071745-04:00,node-01,checkout-api,429,True,normal,market_aware_v1,50.782,45.5,122.307,27.674,0.592,62.314,67.984,1.283
cb368619-5dd4-4b42-b0fd-a8fe186c3258,2026-04-25T17:12:09.072367-04:00,node-01,payments-api,429,True,normal,market_aware_v1,46.807,52.648,150.597,25.018,0.629,67.511,49.713,1.548
021a7407-927a-4209-a3ae-e0a3e3ff2147,2026-04-25T17:12:09.072851-04:00,node-01,orders-api,429,True,normal,market_aware_v1,51.246,46.162,115.872,31.205,0.419,60.784,92.428,0.921
a0c6bd00-10b6-40af-aa08-14cc449dbb4a,2026-04-25T17:12:09.073326-04:00,node-01,checkout-api,429,True,normal,market_aware_v1,48.334,47.619,133.067,30.805,0.66,64.625,61.858,1.515
05ec29af-cb45-49d9-9c93-09482124ac42,2026-04-25T17:12:09.073856-04:00,node-01,payments-api,200,True,normal,market_aware_v1,43.3,50.099,142.296,25.326,0.571,62.485,49.304,1.261
a4189dd9-8d8d-474f-b8ef-ee6f23bbb956,2026-04-25T17:12:09.074385-04:00,node-01,orders-api,200,True,normal,market_aware_v1,52.032,46.191,111.752,29.577,0.569,64.493,85.078,1.135
38d6f948-3f93-4a10-ba78-3fc7a003146e,2026-04-25T17:12:09.074864-04:00,node-01,checkout-api,200,True,normal,market_aware_v1,48.334,46.207,137.857,26.372,0.601,61.77,65.467,1.394
f00b5efd-2947-4b27-aeba-786695551af4,2026-04-25T17:12:09.075301-04:00,node-01,payments-api,200,True,normal,market_aware_v1,47.857,49.328,147.807,24.45,0.655,65.698,44.265,1.455
2adfbb0d-182a-497b-ae83-973f204cc340,2026-04-25T17:12:09.075823-04:00,node-01,orders-api,200,True,normal,market_aware_v1,46.673,43.534,104.691,29.269,0.248,52.304,93.899,0.759
ed9feb30-1a2c-4aaf-a714-a390bdf8064e,2026-04-25T17:12:09.076336-04:00,node-01,checkout-api,429,True,normal,market_aware_v1,47.28,46.68,123.69,26.576,0.459,52.543,59.804,0.964
091a3997-c340-408c-a41f-f34e4c9d625b,2026-04-25T17:12:09.076812-04:00,node-01,payments-api,200,True,normal,market_aware_v1,43.57,48.556,125.326,23.087,0.5,61.241,48.049,1.251
0bd73b4d-a5b3-4afa-9e59-088a8d077e3a,2026-04-25T17:12:09.077264-04:00,node-01,orders-api,200,True,normal,market_aware_v1,52.947,45.396,126.43,29.976,0.549,67.88,84.533,1.344
798393b5-81b6-4ebe-8def-946a4f0c7ad9,2026-04-25T17:12:09.077718-04:00,node-01,checkout-api,429,True,normal,market_aware_v1,48.719,45.7,140.349,26.893,0.64,63.11,60.972,1.341
78ebe732-c2c4-468f-9785-b6b35526c64f,2026-04-25T17:12:09.078212-04:00,node-01,payments-api,200,True,normal,market_aware_v1,45.947,52.06,134.911,26.614,0.487,60.412,47.943,1.122
458b318a-28b3-4f4c-baa5-555ee941ea62,2026-04-25T17:12:09.078695-04:00,node-01,orders-api,200,True,normal,market_aware_v1,49.132,44.536,120.446,31.658,0.443,59.375,83.425,1.05
318145d6-32b0-4bc8-b6ca-4b43690ff9a8,2026-04-25T17:12:09.079158-04:00,node-01,checkout-api,200,True,normal,market_aware_v1,46.329,44.736,142.085,30.777,0.587,62.213,63.691,1.379
45c63282-eafc-49b8-95e6-cc6fedbd6671,2026-04-25T17:12:09.079634-04:00,node-01,payments-api,200,True,normal,market_aware_v1,41.463,50.805,139.874,25.868,0.533,65.726,55.113,1.297
8fd2bcb5-6670-461c-920e-6c6d7efe2ee5,2026-04-25T17:12:09.080109-04:00,node-01,orders-api,200,True,normal,market_aware_v1,51.574,45.739,124.778,28.625,0.455,60.346,88.963,0.968
a7068a93-3c40-4182-8af0-b904889aa759,2026-04-25T17:12:09.080565-04:00,node-01,checkout-api,200,True,normal,market_aware_v1,48.557,44.522,111.962,27.358,0.592,55.95,70.919,1.167
1c2ee82d-46e8-417f-9ca1-6a7912a6d18e,2026-04-25T17:12:09.081094-04:00,node-01,payments-api,200,True,normal,market_aware_v1,46.161,50.736,138.651,25.766,0.522,64.244,53.501,1.396
a1e5ca79-1eab-489d-836c-2cb9a8261422,2026-04-25T17:12:09.081680-04:00,node-01,orders-api,429,True,normal,market_aware_v1,51.552,45.081,125.385,30.334,0.473,64.275,81.835,1.255
789e7853-ea62-46cb-ab63-0e9be5862228,2026-04-25T17:12:09.082181-04:00,node-01,checkout-api,429,True,normal,market_aware_v1,51.914,51.418,136.012,29.714,0.585,65.758,62.649,1.494
2a63d3c3-cc94-409e-bd9a-6cb9ce045c49,2026-04-25T17:12:09.082689-04:00,node-01,payments-api,200,True,normal,market_aware_v1,48.879,52.543,136.434,26.552,0.487,59.496,61.964,1.047
244bafe6-fc2b-49d4-8bc5-9b5de7965906,2026-04-25T17:12:09.083163-04:00,node-01,orders-api,429,True,normal,market_aware_v1,50.836,46.612,120.031,30.191,0.424,65.102,90.354,1.217
531c8575-adab-4391-bdbd-b332a987f3f4,2026-04-25T17:12:09.083640-04:00,node-01,checkout-api,200,True,normal,market_aware_v1,52.808,51.884,141.935,27.068,0.605,65.478,73.904,1.527
8c2a69e2-333d-41ba-aff1-1255ce4820ae,2026-04-25T17:12:09.084099-04:00,node-01,payments-api,200,True,normal,market_aware_v1,49.024,54.101,143.483,28.758,0.526,61.993,61.21,1.19
7a156bc7-3836-4391-a395-3f6613c97d5d,2026-04-25T17:12:09.084599-04:00,node-01,orders-api,200,True,normal,market_aware_v1,55.152,48.105,142.423,31.43,0.555,73.651,93.33,1.421
5defbe2e-44a7-48a4-922a-dbaad52e82a2,2026-04-25T17:12:09.085088-04:00,node-01,checkout-api,200,True,normal,market_aware_v1,53.49,50.076,138.503,31.053,0.603,59.353,74.724,1.343
15582975-13b0-4a46-b83b-7e983ae5a4a1,2026-04-25T17:12:09.085565-04:00,node-01,payments-api,200,True,normal,market_aware_v1,50.112,53.073,141.64,26.222,0.541,64.048,60.115,1.3
aa720efa-63b8-4b0c-b424-abcfdb0c8749,2026-04-25T17:12:09.085999-04:00,node-01,orders-api,200,True,normal,market_aware_v1,56.625,49.901,113.375,32.468,0.367,60.08,93.951,0.991
410b301b-c774-40cb-91bb-65a23a702598,2026-04-25T17:12:09.086413-04:00,node-01,checkout-api,429,True,normal,market_aware_v1,52.3,51.116,153.449,29.718,0.701,72.092,66.312,1.54
41a1fa2c-8cb9-4af9-81dc-799d1ef14662,2026-04-25T17:12:09.086906-04:00,node-01,payments-api,429,True,normal,market_aware_v1,45.745,54.305,146.387,26.606,0.557,64.964,59.286,1.379
9456206a-446b-4689-beea-a2b8d5cda577,2026-04-25T17:12:09.087382-04:00,node-01,orders-api,200,True,normal,market_aware_v1,57.09,48.664,122.15,32.17,0.523,68.545,93.985,1.395
292c9858-792f-4715-a6a4-e0e77d6949ce,2026-04-25T17:12:09.087859-04:00,node-01,checkout-api,429,True,normal,market_aware_v1,53.087,48.033,134.406,33.572,0.653,63.74,72.145,1.488
3b90659b-5077-4381-9e96-72e932d47ddf,2026-04-25T17:12:09.088333-04:00,node-01,payments-api,200,True,normal,market_aware_v1,45.813,54.222,142.533,27.806,0.484,62.959,62.05,1.303
c212df1a-71ec-494b-b7dc-9c81a3ea0b88,2026-04-25T17:12:09.088835-04:00,node-01,orders-api,200,True,normal,market_aware_v1,55.965,47.464,117.382,32.182,0.419,57.858,92.585,1.009
7d62b9b4-66b0-4a2a-9d90-9bb5d76e74ee,2026-04-25T17:12:09.089283-04:00,node-01,checkout-api,200,True,normal,market_aware_v1,55.055,53.077,143.328,29.655,0.65,60.459,74.043,1.405
7edbf248-2668-4200-8f68-1f15e822bf34,2026-04-25T17:12:09.089754-04:00,node-01,payments-api,429,True,normal,market_aware_v1,49.242,50.656,143.575,26.305,0.578,63.106,50.955,1.317
89c22113-0e8a-4753-9c78-13e4c2c80c67,2026-04-25T17:12:09.090236-04:00,node-01,orders-api,200,True,normal,market_aware_v1,52.94,46.4,131.106,31.541,0.524,71.825,92.064,1.35
ad46cfe5-fb95-4146-ad73-bcb6ec48307d,2026-04-25T17:12:09.090719-04:00,node-01,checkout-api,200,True,normal,market_aware_v1,51.984,47.624,136.182,25.719,0.586,60.518,71.163,1.379
a9121709-c54c-43b3-9c71-7c84a33edbeb,2026-04-25T17:12:09.091354-04:00,node-01,payments-api,429,True,normal,market_aware_v1,48.943,54.839,152.647,26.144,0.615,65.331,51.355,1.315
fa87d15b-3619-49d9-832b-7afe6e8f554d,2026-04-25T17:12:09.091888-04:00,node-01,orders-api,200,True,normal,market_aware_v1,54.796,46.712,128.986,30.913,0.381,64.935,80.103,1.165
d147adf9-26cc-43dc-a75c-d1136e085a10,2026-04-25T17:12:09.092397-04:00,node-01,checkout-api,200,True,normal,market_aware_v1,48.593,49.507,138.22,28.446,0.59,67.132,63.917,1.394
573cbc61-11af-4ea6-8ab2-1ab4f3ebcf50,2026-04-25T17:12:09.092989-04:00,node-01,payments-api,429,True,normal,market_aware_v1,51.064,51.362,150.163,25.507,0.563,65.804,52.573,1.418
c02b506e-3ab7-4c5d-807d-3b8029ead1cc,2026-04-25T17:12:09.093481-04:00,node-01,orders-api,200,True,normal,market_aware_v1,54.789,45.321,147.827,29.444,0.49,69.305,85.645,1.268
51863f3e-0477-4bca-8b04-853cba70bdcd,2026-04-25T17:12:09.093961-04:00,node-01,checkout-api,200,True,normal,market_aware_v1,49.708,48.823,133.11,29.374,0.585,59.195,65.627,1.209
cfa4e2a1-dfee-4af1-9d8c-2f162f98034e,2026-04-25T17:12:09.094778-04:00,node-01,payments-api,200,True,normal,market_aware_v1,47.119,47.826,156.824,25.465,0.58,66.854,48.48,1.372
5c34a896-707f-412e-821a-29db2e8fb557,2026-04-25T17:12:09.095218-04:00,node-01,orders-api,200,True,normal,market_aware_v1,52.56,46.357,120.371,32.75,0.44,59.318,86.532,1.076
ca16cd88-2f49-4f74-a866-2dec05ee3363,2026-04-25T17:12:09.095702-04:00,node-01,checkout-api,200,True,normal,market_aware_v1,54.182,49.61,136.49,27.65,0.625,63.918,68.335,1.379
199268bd-3afa-453c-bf71-6514cac2a048,2026-04-25T17:12:09.096197-04:00,node-01,payments-api,200,True,normal,market_aware_v1,47.449,50.495,138.574,26.517,0.576,64.715,50.651,1.246
e496af93-301a-464b-ab81-6706cfe41a7b,2026-04-25T17:12:09.096694-04:00,node-01,orders-api,200,True,normal,market_aware_v1,55.61,45.989,152.164,30.742,0.685,79.45,90.188,1.865
3d597a30-5368-4495-963e-6408095743cc,2026-04-25T17:12:09.097177-04:00,node-01,checkout-api,200,True,normal,market_aware_v1,49.264,46.687,132.877,26.697,0.671,66.817,69.618,1.496
313a634d-ae29-4adf-8d7c-5af1790122b9,2026-04-25T17:12:09.097661-04:00,node-01,payments-api,200,True,normal,market_aware_v1,44.662,52.3,142.341,26.299,0.552,60.918,53.532,1.164
766028f7-8cde-4e4d-bb6f-dd0e25a83f3a,2026-04-25T17:12:09.098119-04:00,node-01,orders-api,429,True,normal,market_aware_v1,49.82,44.324,135.767,34.91,0.55,66.922,95.54,1.399
8e7c2811-235c-4034-a256-448f507949b3,2026-04-25T17:12:09.098571-04:00,node-01,checkout-api,200,True,normal,market_aware_v1,50.047,51.346,131.646,28.773,0.594,58.816,68.773,1.28
6620e31f-9af5-451e-80ae-2785d7a9af1b,2026-04-25T17:12:09.099050-04:00,node-01,payments-api,200,True,normal,market_aware_v1,49.93,51.778,150.668,24.325,0.542,64.984,55.752,1.444
4481fa70-fad7-42f6-9293-664f9dfa0909,2026-04-25T17:12:09.099972-04:00,node-01,orders-api,200,True,normal,market_aware_v1,60.333,47.124,130.444,31.566,0.518,65.766,92.524,1.334
fe6f73ae-3026-4e32-9ff2-43d82c7a78eb,2026-04-25T17:12:09.100480-04:00,node-01,checkout-api,200,True,normal,market_aware_v1,58.784,50.255,158.537,31.267,0.676,69.486,69.385,1.593
cbe7922a-e554-4a92-b828-2600d28dc762,2026-04-25T17:12:09.100994-04:00,node-01,payments-api,200,True,normal,market_aware_v1,49.638,54.064,135.647,24.895,0.541,63.17,61.536,1.267
d02055ba-9649-4804-9079-5b9dc8df17e4,2026-04-25T17:12:09.101514-04:00,node-01,orders-api,200,True,normal,market_aware_v1,56.393,50.654,133.401,33.215,0.545,70.849,94.494,1.393
d11a7d00-8c6b-4fec-a584-a4a95ca1140c,2026-04-25T17:12:09.102063-04:00,node-01,checkout-api,200,True,normal,market_aware_v1,53.06,50.687,140.004,30.96,0.639,64.691,68.777,1.37
b84b7245-c208-4cd6-8cae-ba45452962a0,2026-04-25T17:12:09.102609-04:00,node-01,payments-api,429,True,normal,market_aware_v1,52.324,53.565,139.82,27.722,0.633,69.985,63.557,1.527
fcb5c5de-75f9-45af-8ae7-3cb36eba6f91,2026-04-25T17:12:09.103268-04:00,node-01,orders-api,200,True,normal,market_aware_v1,57.656,51.576,132.056,35.137,0.302,59.049,96.854,0.93
6984e01b-a978-49a8-8dbb-1bbfb4577586,2026-04-25T17:12:09.103816-04:00,node-01,checkout-api,200,True,normal,market_aware_v1,56.938,55.554,121.893,30.3,0.59,56.256,79.185,1.168
9f6bb6ca-d036-484a-aca8-d2cae04e710d,2026-04-25T17:12:09.104310-04:00,node-01,payments-api,200,True,normal,market_aware_v1,55.663,55.17,148.374,27.602,0.534,67.918,65.905,1.37
d8e57ab7-b403-477e-b714-6db8f4c200b0,2026-04-25T17:12:09.104821-04:00,node-01,orders-api,429,True,normal,market_aware_v1,60.604,50.716,137.583,30.605,0.493,69.592,93.236,1.317
9bb71d62-fab2-4e76-8433-97b41deb91d5,2026-04-25T17:12:09.105342-04:00,node-01,checkout-api,200,True,normal,market_aware_v1,55.594,53.566,137.367,33.393,0.512,60.661,79.854,1.27
79a2d85d-8b57-4eb3-8943-0924325f2672,2026-04-25T17:12:09.105945-04:00,node-01,payments-api,200,True,normal,market_aware_v1,51.253,56.929,155.988,28.849,0.607,71.999,62.157,1.472
f72f6e29-ef75-42f0-9402-a7e568ba746d,2026-04-25T17:12:09.106431-04:00,node-01,orders-api,200,True,normal,market_aware_v1,61.714,49.222,121.91,32.887,0.465,65.361,97.883,1.16
c2b0680e-4147-4586-8ecc-206ea5395cc1,2026-04-25T17:12:09.106915-04:00,node-01,checkout-api,429,True,normal,market_aware_v1,51.852,53.904,145.415,30.379,0.606,66.717,73.041,1.414
56e3432f-5349-4d14-bd77-6a75ca5d7171,2026-04-25T17:12:09.107392-04:00,node-01,payments-api,200,True,normal,market_aware_v1,52.873,55.672,153.693,26.468,0.611,68.847,64.33,1.532
f7f08429-05dc-4d1e-af10-d80edde89ee0,2026-04-25T17:12:09.107861-04:00,node-01,orders-api,200,True,normal,market_aware_v1,59.935,48.523,128.372,30.864,0.472,67.016,96.067,1.243
53e3c9b0-a5f2-4089-ac22-8f031ce09e83,2026-04-25T17:12:09.108325-04:00,node-01,checkout-api,200,True,normal,market_aware_v1,57.636,51.197,140.559,28.893,0.624,64.501,71.803,1.311
8ce3f3dc-60a0-411e-ab2b-6e8a27b9605e,2026-04-25T17:12:09.108803-04:00,node-01,payments-api,429,True,normal,market_aware_v1,52.482,51.256,144.919,25.594,0.576,69.264,57.012,1.477
2290dbf7-4009-4670-9c39-4afd149b32dd,2026-04-25T17:12:09.109306-04:00,node-01,orders-api,200,True,normal,market_aware_v1,57.624,51.141,126.458,31.735,0.517,70.085,96.691,1.279
45cf0d40-8d8f-4c84-a21d-1e1247e7b906,2026-04-25T17:12:09.109798-04:00,node-01,checkout-api,200,True,normal,market_aware_v1,53.484,49.495,140.859,30.863,0.717,70.102,62.998,1.487
e13f21ac-26e5-4e47-b64f-e0d0311fb3bc,2026-04-25T17:12:09.110243-04:00,node-01,payments-api,200,True,normal,market_aware_v1,45.401,51.451,140.208,25.609,0.593,70.312,61.107,1.532
98db96a7-409e-4e73-8067-a0802bfe8873,2026-04-25T17:12:09.110748-04:00,node-01,orders-api,200,True,normal,market_aware_v1,52.279,45.778,121.858,29.585,0.5,70.289,82.945,1.237
5f06ed09-d8d9-4084-87b9-f8a5dcb01edd,2026-04-25T17:12:09.111264-04:00,node-01,checkout-api,200,True,normal,market_aware_v1,49.989,47.826,136.825,29.676,0.768,66.956,67.474,1.749
f2c3942f-0589-4ce3-be30-8f20d70998ad,2026-04-25T17:12:09.111777-04:00,node-01,payments-api,429,True,anomalous,market_aware_v1,50.277,52.033,157.758,25.867,0.972,71.746,46.706,2.047
6c72aea8-a42d-493d-ab22-345b23619ecb,2026-04-25T17:12:09.112272-04:00,node-01,orders-api,200,True,normal,market_aware_v1,50.731,46.512,143.029,29.809,0.581,74.098,79.864,1.528
a2a5d0e9-e18b-4636-a73d-eaa03101faa1,2026-04-25T17:12:09.112763-04:00,node-01,checkout-api,429,True,normal,market_aware_v1,49.131,47.636,125.933,28.132,0.576,60.407,66.867,1.294
e6006428-5f1f-404f-a0dd-d0551e15fdda,2026-04-25T17:12:09.113260-04:00,node-01,payments-api,200,True,normal,market_aware_v1,42.774,49.755,156.192,22.812,0.586,68.172,49.066,1.446
8fc18e3c-8903-4eef-b262-557cc0c160d3,2026-04-25T17:12:09.113771-04:00,node-01,orders-api,200,True,anomalous,market_aware_v1,50.689,45.69,136.774,31.172,0.774,68.629,77.618,1.585
b612674b-73e2-4ad2-856f-4e57ef70328c,2026-04-25T17:12:09.114271-04:00,node-01,checkout-api,429,True,normal,market_aware_v1,45.907,47.544,129.028,24.779,0.58,59.592,63.636,1.205
de01d8f7-cbaf-40bf-ba2f-4c02bc67ee86,2026-04-25T17:12:09.114773-04:00,node-01,payments-api,200,True,anomalous,market_aware_v1,41.744,49.145,154.087,26.046,0.835,62.15,46.099,1.645
74370abe-9fa0-4acc-b774-bc7f73d6537f,2026-04-25T17:12:09.115270-04:00,node-01,orders-api,200,True,normal,market_aware_v1,48.857,44.235,125.49,30.633,0.441,61.163,80.917,1.131
e6107f11-1020-404a-84e4-63c4a48c9374,2026-04-25T17:12:09.115769-04:00,node-01,checkout-api,200,True,normal,market_aware_v1,43.371,45.548,134.695,26.947,0.681,63.392,65.427,1.496
1fd10e9b-c99a-41ba-a747-36f8224f14bd,2026-04-25T17:12:09.116271-04:00,node-01,payments-api,429,True,normal,market_aware_v1,40.759,51.058,153.322,24.884,0.517,68.281,45.117,1.393
440c51bc-422d-434c-b7b8-1cf5bbf4428f,2026-04-25T17:12:09.116752-04:00,node-01,orders-api,200,True,anomalous,market_aware_v1,52.507,43.035,117.192,29.576,0.679,58.617,88.951,1.324
c8cf93d0-c50e-4d8f-bf96-f8ac0244fc03,2026-04-25T17:12:09.117242-04:00,node-01,checkout-api,429,True,anomalous,market_aware_v1,49.81,48.255,148.145,30.359,0.944,70.134,56.613,1.908
c9c43802-d8c9-4710-bd3e-c01e8667beb3,2026-04-25T17:12:09.117739-04:00,node-01,payments-api,200,True,normal,market_aware_v1,42.273,48.121,139.214,24.074,0.579,62.638,55.846,1.3
a622c015-57bb-4a27-89ed-2c747adf56d5,2026-04-25T17:12:09.118225-04:00,node-01,orders-api,429,True,normal,market_aware_v1,48.222,47.654,122.872,29.648,0.35,55.984,87.148,0.841
077f6d19-1d29-45e7-8487-b312748e1854,2026-04-25T17:12:09.118744-04:00,node-01,checkout-api,200,True,normal,market_aware_v1,48.838,48.476,126.74,27.002,0.517,58.527,70.1,1.159
0664d4bd-c4ce-488a-a0fa-02d98265f34e,2026-04-25T17:12:09.119263-04:00,node-01,payments-api,429,True,normal,market_aware_v1,48.81,51.497,147.323,26.334,0.621,66.196,53.22,1.5
b2f53f86-7037-44d9-9519-5048be5e8b9b,2026-04-25T17:12:09.119767-04:00,node-01,orders-api,200,True,normal,market_aware_v1,46.756,46.045,103.47,30.931,0.38,56.695,91.81,0.875
5ae2907f-42b3-4e61-83cc-348945913f28,2026-04-25T17:12:09.120260-04:00,node-01,checkout-api,200,True,normal,market_aware_v1,49.657,51.205,139.669,29.506,0.69,69.984,62.505,1.544
1c9dbb27-15cc-4af7-866a-cf68805171e9,2026-04-25T17:12:09.120763-04:00,node-01,payments-api,200,True,normal,market_aware_v1,50.064,49.405,144.919,26.549,0.51,64.649,53.163,1.377
4e4a608d-5311-4195-ae35-544ac2c964ec,2026-04-25T17:12:09.121205-04:00,node-01,orders-api,200,True,normal,market_aware_v1,54.936,46.901,124.744,30.729,0.448,61.738,88.877,1.208
95578787-1115-4243-bfed-f0f60331af63,2026-04-25T17:12:09.121675-04:00,node-01,checkout-api,200,True,normal,market_aware_v1,56.299,48.842,147.909,29.829,0.666,66.533,62.793,1.456
30986e04-6175-4af7-9cb0-a22f1b22fc5e,2026-04-25T17:12:09.122147-04:00,node-01,payments-api,429,True,normal,market_aware_v1,49.826,51.444,139.154,27.942,0.606,63.357,60.946,1.239
f71dd62b-e22e-4b96-9409-fba3d7459dd8,2026-04-25T17:12:09.122626-04:00,node-01,orders-api,200,True,normal,market_aware_v1,54.806,49.977,125.591,31.534,0.423,66.008,91.017,1.24
52ffd148-5dac-40f4-8429-943d0232d262,2026-04-25T17:12:09.123054-04:00,node-01,checkout-api,200,True,normal,market_aware_v1,53.817,51.446,133.081,28.729,0.554,63.325,72.712,1.254
5db84d76-ceca-42fd-bbd1-12d2bd2ebcf2,2026-04-25T17:12:09.123463-04:00,node-01,payments-api,429,True,normal,market_aware_v1,51.564,54.386,142.568,28.286,0.517,65.303,62.211,1.223
50dbe62c-d7a1-4885-9c26-e4d4dcb1f6c8,2026-04-25T17:12:09.123884-04:00,node-01,orders-api,200,True,normal,market_aware_v1,59.928,45.801,134.807,31.973,0.443,63.872,95.265,1.12
1792e059-6a08-4663-a7d5-f20ececbe140,2026-04-25T17:12:09.124320-04:00,node-01,checkout-api,429,True,normal,market_aware_v1,53.288,51.223,132.307,28.774,0.699,65.283,68.208,1.436
d3307dd8-f66e-4952-a96c-3b51d2076949,2026-04-25T17:12:09.124769-04:00,node-01,payments-api,200,True,normal,market_aware_v1,49.655,53.119,156.597,28.844,0.57,70.412,57.838,1.534
010a5e18-6f35-4c8d-980e-adc7b9dadd65,2026-04-25T17:12:09.125191-04:00,node-01,orders-api,200,True,normal,market_aware_v1,59.704,48.933,128.812,30.325,0.479,72.887,99.675,1.399
874bdc5f-974f-4b12-83bb-e7f61138daf8,2026-04-25T17:12:09.125645-04:00,node-01,checkout-api,200,True,normal,market_aware_v1,51.811,52.158,143.498,29.582,0.694,72.878,70.976,1.635
23c9bed6-3719-47eb-97a7-16293a5d4082,2026-04-25T17:12:09.126070-04:00,node-01,payments-api,429,True,normal,market_aware_v1,50.646,49.94,155.858,27.528,0.663,72.652,64.332,1.556
5cc552d7-60c4-4a2a-bc86-d5f59ebdfcc3,2026-04-25T17:12:09.126599-04:00,node-01,orders-api,200,True,normal,market_aware_v1,57.46,47.571,152.451,33.318,0.752,74.999,94.498,1.823
fe6dc1a9-0c50-4f61-99db-ea9b573099e5,2026-04-25T17:12:09.127150-04:00,node-01,checkout-api,200,True,normal,market_aware_v1,55.405,52.358,138.029,27.993,0.603,63.554,74.166,1.285
86f02f25-bfd9-4345-8175-95cab1340195,2026-04-25T17:12:09.127595-04:00,node-01,payments-api,429,True,normal,market_aware_v1,49.241,51.302,182.759,27.262,0.799,85.478,55.281,2.235
56468312-66e0-49f6-b4b5-c2d4d0820cbb,2026-04-25T17:12:09.128091-04:00,node-01,orders-api,200,True,normal,market_aware_v1,55.428,46.258,150.201,29.19,0.485,67.974,94.612,1.375
6c80530d-390e-45e6-9013-60a417217472,2026-04-25T17:12:09.128581-04:00,node-01,checkout-api,429,True,normal,market_aware_v1,50.187,52.418,123.024,27.639,0.613,59.505,69.693,1.258
77eeae39-7cdf-41f1-ac4d-fefc30474b69,2026-04-25T17:12:09.129051-04:00,node-01,payments-api,200,True,normal,market_aware_v1,46.808,51.982,142.997,26.314,0.594,68.819,53.708,1.509
89285e24-dd6e-4dad-976d-d1db491683cd,2026-04-25T17:12:09.129615-04:00,node-01,orders-api,200,True,normal,market_aware_v1,52.466,48.508,128.066,29.832,0.448,64.161,87.773,1.048
c4204b80-513d-4cf2-af75-6385ec4b8480,2026-04-25T17:12:09.130084-04:00,node-01,checkout-api,429,True,normal,market_aware_v1,53.722,49.639,133.345,27.446,0.509,58.633,73.843,1.08
c3433fca-3357-42b9-8833-236a48c8fa44,2026-04-25T17:12:09.130551-04:00,node-01,payments-api,429,True,normal,market_aware_v1,44.086,49.419,141.666,26.505,0.546,71.257,52.549,1.499
6a1e6922-21ca-4f44-9d81-4f002ff7e6a1,2026-04-25T17:12:09.131005-04:00,node-01,orders-api,200,True,normal,market_aware_v1,52.48,48.988,101.91,28.671,0.256,52.628,96.609,0.681
05df892b-f4d4-40a2-9fbb-be4941e25faa,2026-04-25T17:12:09.131518-04:00,node-01,checkout-api,200,True,normal,market_aware_v1,46.517,46.798,129.912,28.28,0.528,60.329,68.707,1.186
3a5ca906-0b3c-4aa3-a594-41bf5af5add9,2026-04-25T17:12:09.132043-04:00,node-01,payments-api,200,True,normal,market_aware_v1,45.057,52.573,133.374,25.228,0.483,63.903,55.688,1.233
5275ca68-fc3e-4828-8ea0-a15cfe51c63e,2026-04-25T17:12:09.132546-04:00,node-01,orders-api,429,True,normal,market_aware_v1,53.388,45.234,120.932,31.073,0.416,64.473,82.232,1.077
fba81472-0952-4ce0-8f96-a4531108e31d,2026-04-25T17:12:09.133178-04:00,node-01,checkout-api,200,True,normal,market_aware_v1,52.127,51.277,156.622,26.326,0.838,75.424,55.42,1.864
24426d2b-c4a9-49b3-bd1d-28ff33c735aa,2026-04-25T17:12:09.133810-04:00,node-01,payments-api,200,True,normal,market_aware_v1,44.326,50.458,137.752,26.327,0.576,62.312,56.075,1.421
82531129-9f33-4785-98fd-7247e6068685,2026-04-25T17:12:09.134256-04:00,node-01,orders-api,200,True,normal,market_aware_v1,54.032,46.307,118.664,29.94,0.507,61.016,90.324,1.097
a37a4d79-b1ec-4dbd-bbe1-6b97ad694c79,2026-04-25T17:12:09.134802-04:00,node-01,checkout-api,429,True,anomalous,market_aware_v1,51.486,53.192,153.03,29.777,1.078,75.978,56.492,2.136
79cab3ef-1bbf-4c35-b3a7-3895b7ae8d4e,2026-04-25T17:12:09.135388-04:00,node-01,payments-api,200,True,normal,market_aware_v1,44.471,49.574,152.271,24.19,0.614,70.425,52.626,1.464
2446f825-8b25-4003-8f73-82b1c50cc79d,2026-04-25T17:12:09.135984-04:00,node-01,orders-api,200,True,normal,market_aware_v1,54.518,50.079,125.606,31.331,0.318,59.157,89.82,0.859
df9ba8b0-24b7-45ce-889d-b8bbad6eb0e0,2026-04-25T17:12:09.137183-04:00,node-01,checkout-api,500,True,anomalous,market_aware_v1,52.324,54.128,162.969,31.368,1.078,82.532,53.681,2.288
d3df50bc-57c6-433c-b9ce-77effcd257c9,2026-04-25T17:12:09.137693-04:00,node-01,payments-api,200,True,normal,market_aware_v1,50.892,52.093,141.696,25.661,0.578,60.514,57.302,1.268
a6b4fb76-f800-41b0-8d8a-e391116b044b,2026-04-25T17:12:09.138153-04:00,node-01,orders-api,200,True,normal,market_aware_v1,56.514,47.781,139.316,31.869,0.493,72.934,85.813,1.378
065ecc3f-a656-4012-be34-ae97ce5e076c,2026-04-25T17:12:09.138632-04:00,node-01,checkout-api,503,True,anomalous,market_aware_v1,58.119,53.201,149.992,29.632,1.011,73.811,64.188,2.087
608bd9d0-6946-41c8-922c-ba80842f0afb,2026-04-25T17:12:09.139097-04:00,node-01,payments-api,200,True,normal,market_aware_v1,54.342,52.317,155.064,25.1,0.485,69.549,61.175,1.212
180e8bf9-d111-47a3-a4d3-0df34cff5ec9,2026-04-25T17:12:09.139551-04:00,node-01,orders-api,200,True,normal,market_aware_v1,58.645,49.233,120.191,32.028,0.376,61.721,94.009,1.129
fb9ce7c4-b9ea-4bd7-82a2-78b15c3b7330,2026-04-25T17:12:09.140067-04:00,node-01,checkout-api,429,True,anomalous,market_aware_v1,57.3,51.782,157.527,32.649,1.173,76.76,69.246,2.527
b46c1c20-f171-48c4-a37e-b8f9a372ae60,2026-04-25T17:12:09.140531-04:00,node-01,payments-api,429,True,anomalous,market_aware_v1,55.239,58.079,163.918,29.298,1.01,74.19,55.341,2.071
7a984c00-97d1-4ab1-86da-9afd27e76b0c,2026-04-25T17:12:09.141014-04:00,node-01,orders-api,429,True,normal,market_aware_v1,59.564,53.791,129.197,32.807,0.531,64.927,91.099,1.217
3596462d-dcfc-4edb-b7fb-fa29d8e61af3,2026-04-25T17:12:09.141491-04:00,node-01,checkout-api,200,True,normal,market_aware_v1,58.096,53.718,142.335,32.695,0.643,66.418,76.256,1.494
a3f1b502-56e7-4bbb-8db8-61794167e233,2026-04-25T17:12:09.142844-04:00,node-01,payments-api,200,True,normal,market_aware_v1,52.832,57.664,153.468,28.699,0.643,67.4,65.329,1.526
26fff2fd-48cf-4e7f-b4b7-bb095bb82635,2026-04-25T17:12:09.143293-04:00,node-01,orders-api,200,True,normal,market_aware_v1,60.43,50.528,132.174,32.549,0.551,70.743,96.66,1.413
1a282b23-0183-4a3c-b0b7-d99469deee4f,2026-04-25T17:12:09.143799-04:00,node-01,checkout-api,502,True,normal,market_aware_v1,61.602,52.355,181.372,31.017,0.96,83.977,67.146,2.296
c8b39b5f-0b7f-4e4a-851f-0b4ff4226ddf,2026-04-25T17:12:09.144253-04:00,node-01,payments-api,200,True,normal,market_aware_v1,52.807,56.517,144.984,28.706,0.562,71.597,66.916,1.4
f1526a05-9ff9-4ec8-a32d-9e61bcf90a58,2026-04-25T17:12:09.144722-04:00,node-01,orders-api,200,True,normal,market_aware_v1,59.867,49.52,117.319,33.754,0.453,69.754,98.102,1.226
8b33bfc2-01ce-4791-b8bf-d6e259ac831f,2026-04-25T17:12:09.145195-04:00,node-01,checkout-api,200,True,normal,market_aware_v1,56.788,54.31,141.354,30.701,0.778,70.292,73.761,1.68
3c5e687b-d2bc-4078-98d1-8489ab88efaf,2026-04-25T17:12:09.145670-04:00,node-01,payments-api,200,True,normal,market_aware_v1,52.24,55.295,155.058,25.452,0.613,73.108,64.515,1.572
5308a74e-44eb-4ede-afae-a5da1821781f,2026-04-25T17:12:09.146136-04:00,node-01,orders-api,429,True,anomalous,market_aware_v1,61.526,51.014,127.613,32.561,0.808,65.756,92.778,1.701
325c0297-ae7d-4881-aa92-fcd926ee25ce,2026-04-25T17:12:09.146594-04:00,node-01,checkout-api,429,True,anomalous,market_aware_v1,59.333,54.023,156.124,29.596,1.053,75.559,65.688,2.136
3cbe9f02-20a7-42f5-8cf2-02123a5ed75e,2026-04-25T17:12:09.147038-04:00,node-01,payments-api,429,True,normal,market_aware_v1,53.172,55.643,138.468,28.172,0.558,63.723,63.239,1.344
f40eeca8-df37-4b85-87fd-107c7e3a43b6,2026-04-25T17:12:09.147483-04:00,node-01,orders-api,200,True,normal,market_aware_v1,57.114,52.36,120.012,30.983,0.526,63.014,97.883,1.249
d61cc2ab-6fb0-4437-afd7-44faf9b8cd18,2026-04-25T17:12:09.147923-04:00,node-01,checkout-api,200,True,normal,market_aware_v1,51.605,49.551,138.928,27.709,0.65,65.299,63.642,1.586
57c4bb8d-25f5-424c-997a-6a3d487e1990,2026-04-25T17:12:09.148326-04:00,node-01,payments-api,429,True,normal,market_aware_v1,51.885,50.782,155.794,26.603,0.575,70.831,54.608,1.501
e6718383-ae46-431a-b16b-e61265c939b7,2026-04-25T17:12:09.148777-04:00,node-01,orders-api,200,True,normal,market_aware_v1,52.882,46.922,123.611,28.211,0.418,63.079,94.683,1.101
052bc7a1-b5ce-4c6c-8742-2d1b615f31c9,2026-04-25T17:12:09.149216-04:00,node-01,checkout-api,200,True,normal,market_aware_v1,51.017,47.245,156.521,29.04,0.702,71.442,57.059,1.595
a978d63c-a5c3-4444-a95c-f88a7ed75b2e,2026-04-25T17:12:09.149675-04:00,node-01,payments-api,200,True,normal,market_aware_v1,44.099,51.332,158.179,23.862,0.582,69.494,47.419,1.562
b1445cdc-c685-4c45-b66d-aaec19ef8f2b,2026-04-25T17:12:09.150126-04:00,node-01,orders-api,200,True,normal,market_aware_v1,46.879,43.285,123.809,28.567,0.518,69.572,82.425,1.252
25f64872-7598-49c1-b555-0d70acfa1b55,2026-04-25T17:12:09.150571-04:00,node-01,checkout-api,200,True,normal,market_aware_v1,52.776,45.523,151.401,28.839,0.717,74.071,55.176,1.642
b98695d3-86e2-4699-a770-f19a0b20cad1,2026-04-25T17:12:09.151052-04:00,node-01,payments-api,429,True,normal,market_aware_v1,42.444,49.497,143.382,22.654,0.56,65.524,44.643,1.355
bea9cd99-63d6-4576-b338-08a97233b39d,2026-04-25T17:12:09.151521-04:00,node-01,orders-api,200,True,normal,market_aware_v1,45.478,42.46,119.59,28.428,0.392,61.724,86.0,1.071
5c114572-5ad2-44ff-b86b-c2d9557046da,2026-04-25T17:12:09.151981-04:00,node-01,checkout-api,200,True,normal,market_aware_v1,46.317,45.465,121.056,25.234,0.609,60.887,65.546,1.218
955017f0-3b00-4803-b4d9-6a448fa9c149,2026-04-25T17:12:09.152423-04:00,node-01,payments-api,200,True,normal,market_aware_v1,43.756,47.364,142.329,26.647,0.601,67.224,49.386,1.427
9055d217-2fdd-4c4c-816a-bf8a1676d00f,2026-04-25T17:12:09.152888-04:00,node-01,orders-api,200,True,normal,market_aware_v1,50.182,41.321,119.108,26.003,0.379,58.404,82.141,0.968
515565f6-53ab-47c0-b736-5630ec6d9095,2026-04-25T17:12:09.153338-04:00,node-01,checkout-api,429,True,normal,market_aware_v1,45.571,45.591,144.79,27.485,0.732,75.279,60.787,1.79
28b279d2-2571-442e-b5d8-6e237bed91de,2026-04-25T17:12:09.153788-04:00,node-01,payments-api,200,True,normal,market_aware_v1,42.334,49.325,167.9,26.13,0.776,73.55,49.123,1.922
c9cfb9b3-a585-4d77-b14f-a953d8cdaaaa,2026-04-25T17:12:09.154241-04:00,node-01,orders-api,200,True,normal,market_aware_v1,48.379,44.221,125.902,30.614,0.506,60.561,81.525,1.062
e0cce643-dfd8-426e-9bc0-2f38b94c2817,2026-04-25T17:12:09.154700-04:00,node-01,checkout-api,200,True,normal,market_aware_v1,46.343,45.724,135.282,27.281,0.608,68.468,62.119,1.346
0c2c5648-bb0e-4d7f-9069-973d0dd2070c,2026-04-25T17:12:09.155171-04:00,node-01,payments-api,200,True,normal,market_aware_v1,39.097,49.834,133.724,23.182,0.628,68.767,44.541,1.581
e7822e24-ecae-4f52-8b54-c478af6fa9ba,2026-04-25T17:12:09.155644-04:00,node-01,orders-api,200,True,normal,market_aware_v1,51.901,47.576,110.502,29.551,0.325,56.983,90.271,0.938
065d25a2-03d4-487f-a470-010520584e65,2026-04-25T17:12:09.156174-04:00,node-01,checkout-api,429,True,normal,market_aware_v1,47.868,46.907,132.099,27.948,0.556,62.529,69.072,1.424
d61cda5f-1261-4a71-923e-4bbdad784c03,2026-04-25T17:12:09.156719-04:00,node-01,payments-api,429,True,anomalous,market_aware_v1,50.027,54.539,160.64,26.522,0.974,75.147,48.124,2.043
3afca1c8-e067-44f9-aacf-7dfe1f3cb926,2026-04-25T17:12:09.157238-04:00,node-01,orders-api,200,True,normal,market_aware_v1,49.147,46.643,120.746,29.987,0.478,58.672,90.677,1.001
74a5fde4-450c-4a9f-a8d4-25e9d8620855,2026-04-25T17:12:09.157763-04:00,node-01,checkout-api,200,True,normal,market_aware_v1,54.973,47.296,143.692,26.821,0.702,65.82,69.537,1.493
5d7b5458-b3dc-4af4-813d-b2c577ff6785,2026-04-25T17:12:09.158270-04:00,node-01,payments-api,429,True,normal,market_aware_v1,46.929,48.715,171.932,26.809,0.796,74.309,49.718,2.151
fb0c8882-cb0e-4b09-839b-8ded45a418b4,2026-04-25T17:12:09.158796-04:00,node-01,orders-api,200,True,normal,market_aware_v1,55.804,46.117,135.35,32.112,0.449,65.6,90.493,1.316
1b352ed9-38d7-49d9-9477-a244c9a7fe6d,2026-04-25T17:12:09.159308-04:00,node-01,checkout-api,429,True,normal,market_aware_v1,52.75,49.927,141.049,26.843,0.707,66.714,66.164,1.603
0ff4c73c-39a8-4097-b623-0bf853862554,2026-04-25T17:12:09.159818-04:00,node-01,payments-api,200,True,normal,market_aware_v1,48.625,52.293,148.706,25.393,0.653,72.166,60.66,1.568
9d5df793-b1c2-4bbf-be23-1195c3853be3,2026-04-25T17:12:09.160337-04:00,node-01,orders-api,200,True,normal,market_aware_v1,54.734,47.32,121.67,32.294,0.516,67.874,92.953,1.25
e078638e-2613-4205-b7b0-58e61739512c,2026-04-25T17:12:09.160853-04:00,node-01,checkout-api,200,True,normal,market_aware_v1,53.852,53.328,163.969,29.268,0.749,78.732,65.073,1.768
ed85dbbe-9932-490e-8c74-f921247e8468,2026-04-25T17:12:09.161328-04:00,node-01,payments-api,200,True,normal,market_aware_v1,52.227,54.525,154.595,26.686,0.52,60.157,63.626,1.405
87a67f5e-ad70-4434-99b7-d381f420cce5,2026-04-25T17:12:09.161821-04:00,node-01,orders-api,429,True,normal,market_aware_v1,56.879,50.405,134.493,32.383,0.426,65.573,91.502,1.294
768dfcdf-3f5c-4681-a708-f30c65cc0782,2026-04-25T17:12:09.162392-04:00,node-01,checkout-api,200,True,normal,market_aware_v1,53.627,53.712,132.847,29.764,0.63,60.662,73.126,1.268
426b18b9-43e8-49f1-aad6-6cea5af628b8,2026-04-25T17:12:09.162854-04:00,node-01,payments-api,200,True,normal,market_aware_v1,53.439,56.135,163.333,28.263,0.71,76.861,55.493,1.719
8936753b-7a41-447b-8f5d-08b4648f27a2,2026-04-25T17:12:09.163412-04:00,node-01,orders-api,429,True,normal,market_aware_v1,56.494,49.061,132.165,31.598,0.489,68.541,92.349,1.23
2ed5e673-af09-46d9-a388-d59e613bd303,2026-04-25T17:12:09.163931-04:00,node-01,checkout-api,200,True,normal,market_aware_v1,50.423,55.439,131.432,28.816,0.602,66.828,74.45,1.493
58ebaad3-6c2d-4280-ba50-2bd9b8515f9b,2026-04-25T17:12:09.164405-04:00,node-01,payments-api,200,True,normal,market_aware_v1,50.803,56.417,132.151,25.558,0.464,62.75,59.582,1.231
3375c611-7fec-4f8b-b2c4-52c9673d526b,2026-04-25T17:12:09.164893-04:00,node-01,orders-api,429,True,normal,market_aware_v1,57.089,44.559,137.215,30.17,0.53,67.289,92.651,1.391
26e2251d-d7f5-4e37-904c-71e9a7bc353b,2026-04-25T17:12:09.165355-04:00,node-01,checkout-api,200,True,normal,market_aware_v1,52.123,50.323,143.037,26.98,0.654,64.331,67.483,1.443
cba0d507-bc7d-4eac-82a1-f7db6362cc3c,2026-04-25T17:12:09.165823-04:00,node-01,payments-api,429,True,normal,market_aware_v1,44.762,50.07,139.906,25.488,0.563,64.201,57.704,1.274
40846acb-eb8e-439b-97cb-4a4eca8cc0f4,2026-04-25T17:12:09.166289-04:00,node-01,orders-api,200,True,anomalous,market_aware_v1,60.807,48.764,149.184,33.962,0.859,74.898,84.478,1.912
6db34426-b33b-4a77-a45c-4f64bebcbcd0,2026-04-25T17:12:09.166833-04:00,node-01,checkout-api,200,True,normal,market_aware_v1,53.363,48.742,147.694,26.757,0.734,67.344,60.632,1.529
34829e73-2d9e-4a2b-a613-ff70747ae8cb,2026-04-25T17:12:09.167284-04:00,node-01,payments-api,429,True,normal,market_aware_v1,47.387,50.607,161.476,24.77,0.669,71.077,55.436,1.581
24b56e36-acbb-4599-860c-971ec4480612,2026-04-25T17:12:09.167768-04:00,node-01,orders-api,429,True,normal,market_aware_v1,50.755,47.907,142.568,31.506,0.386,63.378,90.644,1.057
1b226647-847d-42a1-ab8b-4e80fe8cd73f,2026-04-25T17:12:09.168242-04:00,node-01,checkout-api,429,True,normal,market_aware_v1,47.391,45.235,136.973,28.01,0.619,60.681,68.831,1.284
ab48cc24-a950-4c1a-b8c1-c8dda24f2df8,2026-04-25T17:12:09.169026-04:00,node-01,payments-api,200,True,normal,market_aware_v1,46.012,53.317,143.409,25.456,0.693,70.456,50.038,1.516
1636087b-d350-434c-9681-a673c8fd0b3f,2026-04-25T17:12:09.170598-04:00,node-01,orders-api,429,True,normal,market_aware_v1,56.441,47.472,129.487,30.891,0.496,68.063,97.315,1.168
a1c77da4-f6ab-451a-8630-2d87ac325186,2026-04-25T17:12:09.171070-04:00,node-01,checkout-api,200,True,normal,market_aware_v1,49.483,48.783,124.683,28.248,0.565,63.042,59.434,1.287
10404155-076e-4789-9659-9030269456aa,2026-04-25T17:12:09.171575-04:00,node-01,payments-api,429,True,normal,market_aware_v1,49.587,50.53,153.361,25.079,0.725,79.058,42.698,1.857
fc6ac32b-5915-47b5-af9f-1d5101c637fa,2026-04-25T17:12:09.172327-04:00,node-01,orders-api,429,True,normal,market_aware_v1,52.567,47.909,133.875,30.036,0.552,70.103,87.309,1.411
bbe6a15b-ab88-4bb0-8279-50168e423cfb,2026-04-25T17:12:09.172964-04:00,node-01,checkout-api,429,True,normal,market_aware_v1,49.438,51.566,133.033,29.6,0.56,59.63,69.26,1.189
03ff7ad0-612b-4be7-9e2d-6721fe62be0b,2026-04-25T17:12:09.173422-04:00,node-01,payments-api,200,True,normal,market_aware_v1,44.312,49.827,140.431,24.229,0.585,63.797,48.513,1.27
4e5ef477-ce2e-40a4-ae69-0fa59af26e89,2026-04-25T17:12:09.173951-04:00,node-01,orders-api,200,True,normal,market_aware_v1,52.745,47.827,129.1,31.181,0.448,63.727,90.063,1.186
a0b19c83-9e32-4f44-ade8-d3c20d8521fc,2026-04-25T17:12:09.174528-04:00,node-01,checkout-api,429,True,normal,market_aware_v1,51.359,48.642,139.31,26.21,0.575,65.221,65.333,1.324
4939ba6f-0820-4868-9543-8f3e1e07535d,2026-04-25T17:12:09.175067-04:00,node-01,payments-api,200,True,normal,market_aware_v1,47.049,52.492,153.607,26.286,0.566,69.54,50.544,1.405
8fdd028d-0b32-4754-8b64-3930beedf067,2026-04-25T17:12:09.175532-04:00,node-01,orders-api,200,True,anomalous,market_aware_v1,59.106,49.939,149.367,32.417,0.739,71.324,87.524,1.714
ec7fb488-5c55-4f1f-b8b4-6ce321e23152,2026-04-25T17:12:09.175988-04:00,node-01,checkout-api,200,True,normal,market_aware_v1,51.664,48.822,142.858,28.125,0.703,67.977,68.277,1.499
178eaf23-1be3-4787-87b0-ad424944c581,2026-04-25T17:12:09.176411-04:00,node-01,payments-api,200,True,normal,market_aware_v1,49.1,53.475,160.02,25.107,0.6,79.166,48.531,1.636
d31d52ae-6ae3-4b1c-b95f-2e984b9a2a4c,2026-04-25T17:12:09.176876-04:00,node-01,orders-api,429,True,anomalous,market_aware_v1,54.656,50.781,163.834,33.761,0.82,81.563,78.271,1.969
70447d35-5b38-4a8a-8cb0-73048ac1b24f,2026-04-25T17:12:09.177356-04:00,node-01,checkout-api,429,True,normal,market_aware_v1,55.231,47.458,136.887,29.406,0.668,67.922,66.533,1.596
d94ec70e-1886-42f5-9b32-a30c99b470bc,2026-04-25T17:12:09.177806-04:00,node-01,payments-api,200,True,normal,market_aware_v1,50.314,55.325,158.724,22.615,0.653,77.127,54.721,1.747
0d34e30d-db1b-48d5-b3be-65720e74fe2d,2026-04-25T17:12:09.178257-04:00,node-01,orders-api,200,True,normal,market_aware_v1,54.234,52.051,135.387,33.049,0.512,72.898,90.936,1.323
b8a2988b-0dcd-4ba9-b4ad-fd949beccfaf,2026-04-25T17:12:09.178724-04:00,node-01,checkout-api,200,True,normal,market_aware_v1,59.004,50.138,152.582,29.26,0.62,70.012,65.438,1.666
69ff307a-f661-4be8-b7bf-34425794c902,2026-04-25T17:12:09.179214-04:00,node-01,payments-api,200,True,normal,market_aware_v1,55.211,57.44,159.531,27.373,0.64,73.647,58.76,1.522
ab1aec7b-cc38-49eb-b03c-8733ad3b2dac,2026-04-25T17:12:09.179762-04:00,node-01,orders-api,200,True,normal,market_aware_v1,57.837,50.733,118.428,33.0,0.434,61.075,99.838,1.076
38013d7e-cdbd-4f11-9644-665261a002a1,2026-04-25T17:12:09.180290-04:00,node-01,checkout-api,429,True,normal,market_aware_v1,60.811,50.733,150.908,29.9,0.658,70.089,72.454,1.576
72ad9974-a1e5-46dc-acb9-22f57a308c47,2026-04-25T17:12:09.180813-04:00,node-01,payments-api,200,True,normal,market_aware_v1,55.967,53.11,145.43,28.234,0.583,66.056,57.008,1.3
1d2072d7-a51b-40f5-905c-ada18b2e602d,2026-04-25T17:12:09.181314-04:00,node-01,orders-api,429,True,normal,market_aware_v1,61.097,51.402,135.008,31.248,0.47,69.623,91.697,1.157
13036104-00c3-4895-a89c-fe291e23156b,2026-04-25T17:12:09.181803-04:00,node-01,checkout-api,500,True,anomalous,market_aware_v1,65.312,53.916,156.729,32.624,1.041,79.28,67.602,2.254
2b528572-ab3f-4cac-9239-97b4d0c1127b,2026-04-25T17:12:09.182334-04:00,node-01,payments-api,429,True,normal,market_aware_v1,54.882,57.615,165.837,27.953,0.591,75.971,62.047,1.558
537769dd-e3ba-4110-a336-f32ff8fe3642,2026-04-25T17:12:09.182830-04:00,node-01,orders-api,200,True,anomalous,market_aware_v1,59.879,52.992,151.305,34.932,0.827,71.598,91.499,1.652
644b6bc1-409a-4bdb-b598-60214480c57a,2026-04-25T17:12:09.183281-04:00,node-01,checkout-api,429,True,normal,market_aware_v1,60.603,52.172,146.607,30.741,0.709,70.635,78.789,1.489
54f496bd-f17b-4d29-90b6-93f5432a22f3,2026-04-25T17:12:09.183720-04:00,node-01,payments-api,200,True,normal,market_aware_v1,56.328,56.458,168.969,28.312,0.72,77.452,56.422,1.673
0e365a3f-f796-4af0-b70e-87d610e52f33,2026-04-25T17:12:09.184162-04:00,node-01,orders-api,200,True,anomalous,market_aware_v1,62.398,50.284,128.909,33.209,0.827,67.32,92.079,1.72
065aafd0-b774-4b95-b813-c76517578447,2026-04-25T17:12:09.184615-04:00,node-01,checkout-api,200,True,normal,market_aware_v1,55.431,51.767,141.572,31.032,0.668,76.088,68.967,1.81
bcc2381b-db36-4af8-8045-244b7b7442f2,2026-04-25T17:12:09.185066-04:00,node-01,payments-api,200,True,normal,market_aware_v1,53.596,52.812,152.897,27.699,0.611,72.618,58.835,1.599
2c628c00-6a1a-47ba-8069-40aca92e8d85,2026-04-25T17:12:09.185548-04:00,node-01,orders-api,200,True,normal,market_aware_v1,61.141,46.356,139.962,30.135,0.653,72.63,93.931,1.661
9e34264c-ff38-4f22-a3be-4aeec1637157,2026-04-25T17:12:09.186034-04:00,node-01,checkout-api,429,True,normal,market_aware_v1,54.622,47.653,148.068,28.896,0.585,65.741,69.124,1.351
510f6640-4246-4d3f-9891-609c12ed33c4,2026-04-25T17:12:09.186504-04:00,node-01,payments-api,200,True,normal,market_aware_v1,47.61,54.498,158.173,27.865,0.694,75.347,57.3,1.706
3e882770-f308-484e-a6e9-a800faae5087,2026-04-25T17:12:09.187062-04:00,node-01,orders-api,200,True,normal,market_aware_v1,54.352,47.684,124.357,32.684,0.482,63.907,85.712,1.198
8024ce09-4761-4721-a41c-3b16f432a7d8,2026-04-25T17:12:09.187541-04:00,node-01,checkout-api,429,True,normal,market_aware_v1,47.258,50.384,148.527,28.73,0.707,72.214,62.426,1.73
ce7bd4bd-64fe-46f1-a139-4235a4e98346,2026-04-25T17:12:09.188094-04:00,node-01,payments-api,429,True,normal,market_aware_v1,47.437,50.95,141.878,26.94,0.572,73.153,46.344,1.567
c0ec6411-9ec3-4bd2-bc16-f4870f37afcc,2026-04-25T17:12:09.188588-04:00,node-01,orders-api,200,True,anomalous,market_aware_v1,56.696,45.544,138.945,31.181,0.847,72.482,83.621,1.753
65bfe3a5-813e-4154-8f78-d55408394fd8,2026-04-25T17:12:09.189081-04:00,node-01,checkout-api,502,True,anomalous,market_aware_v1,50.071,50.205,150.123,27.414,1.007,72.82,57.087,2.155
a9ed6c0c-ee75-42cb-8c5d-e2f692d71873,2026-04-25T17:12:09.189532-04:00,node-01,payments-api,200,True,normal,market_aware_v1,44.258,48.065,132.113,26.2,0.589,64.105,56.713,1.256
356a512e-47d7-47d4-9327-2fcccc44ea44,2026-04-25T17:12:09.190015-04:00,node-01,orders-api,200,True,normal,market_aware_v1,52.405,46.271,139.446,28.43,0.521,67.315,84.877,1.385
7e05b6e6-81c3-467a-8b50-99375362a8c7,2026-04-25T17:12:09.190510-04:00,node-01,checkout-api,429,True,normal,market_aware_v1,48.878,45.818,137.887,25.079,0.622,57.676,69.116,1.392
3b813594-a029-43b7-b9d7-be1505fd919a,2026-04-25T17:12:09.190962-04:00,node-01,payments-api,200,True,normal,market_aware_v1,47.527,49.914,163.276,24.142,0.677,72.706,39.266,1.596
91489c12-0de1-4d73-b4a2-1088c74ded77,2026-04-25T17:12:09.191428-04:00,node-01,orders-api,200,True,normal,market_aware_v1,53.874,43.258,127.613,28.819,0.411,63.387,80.24,1.165
c79c3823-c1c1-4b41-8ad9-3b323a822315,2026-04-25T17:12:09.192212-04:00,node-01,checkout-api,429,True,normal,market_aware_v1,49.679,46.225,138.647,27.964,0.626,61.697,62.274,1.326
d797cbd2-552c-4844-990f-3992f87ad628,2026-04-25T17:12:09.192716-04:00,node-01,payments-api,200,True,normal,market_aware_v1,43.331,50.965,133.431,25.101,0.478,66.328,53.567,1.249
abd68e10-76a8-40e4-914e-1fed90d14f38,2026-04-25T17:12:09.193205-04:00,node-01,orders-api,200,True,normal,market_aware_v1,48.344,43.472,109.253,27.353,0.42,53.464,90.461,0.864
67e2877f-b306-4110-a0af-10c2e6537e70,2026-04-25T17:12:09.193701-04:00,node-01,checkout-api,200,True,normal,market_aware_v1,48.626,46.24,142.272,27.105,0.677,71.477,55.244,1.586
e04989a8-0348-4067-b28c-180dc138e9c4,2026-04-25T17:12:09.194184-04:00,node-01,payments-api,200,True,normal,market_aware_v1,44.934,49.88,151.285,24.404,0.549,71.243,51.096,1.508
a38d9b06-615f-4f16-9a0c-58b70c9ac52b,2026-04-25T17:12:09.194689-04:00,node-01,orders-api,200,True,normal,market_aware_v1,47.818,42.286,112.799,30.095,0.458,61.912,87.167,1.137
88e8fe2e-9c44-4d1d-9588-d6bd852f6eb2,2026-04-25T17:12:09.195818-04:00,node-01,checkout-api,500,True,anomalous,market_aware_v1,52.249,53.646,157.345,29.23,1.051,76.413,55.058,2.175
3e16d0ad-b9c5-4d8b-99e1-e911e144fa36,2026-04-25T17:12:09.196426-04:00,node-01,payments-api,200,True,normal,market_aware_v1,46.642,51.763,137.635,25.225,0.476,60.186,61.818,1.182
60473af1-d2df-436b-9950-9aac4b20b5ed,2026-04-25T17:12:09.196965-04:00,node-01,orders-api,200,True,anomalous,market_aware_v1,55.24,50.043,124.219,33.92,0.749,69.701,86.721,1.682
95aead34-02e2-4bd6-9118-1bdb97d0b881,2026-04-25T17:12:09.197495-04:00,node-01,checkout-api,200,True,normal,market_aware_v1,53.367,47.697,152.922,29.733,0.694,68.401,64.941,1.574
c2d3b120-8eb7-4a58-a1e2-b3e4d9531e82,2026-04-25T17:12:09.197990-04:00,node-01,payments-api,200,True,normal,market_aware_v1,44.178,53.383,155.6,23.6,0.643,71.615,54.719,1.596
10f92c92-10c4-48c3-8319-6f56f5c3d875,2026-04-25T17:12:09.198496-04:00,node-01,orders-api,200,True,normal,market_aware_v1,52.174,46.572,135.173,30.845,0.527,68.137,86.87,1.264
bd8f8c1a-d1b4-4393-9b04-3025f9a36d2c,2026-04-25T17:12:09.198993-04:00,node-01,checkout-api,200,True,normal,market_aware_v1,55.825,51.983,143.721,29.57,0.665,65.866,68.408,1.535
b1471b04-281d-428b-898e-fb7b619cd0a6,2026-04-25T17:12:09.199463-04:00,node-01,payments-api,200,True,normal,market_aware_v1,48.151,52.856,138.984,27.098,0.657,71.077,58.364,1.464
61168c79-2394-4bc4-8aa2-7dcc9cb90345,2026-04-25T17:12:09.199936-04:00,node-01,orders-api,200,True,normal,market_aware_v1,53.259,47.072,137.577,29.498,0.567,69.813,90.92,1.343
cbe077b6-6fcd-4f78-9a77-f3d276786016,2026-04-25T17:12:09.200424-04:00,node-01,checkout-api,200,True,normal,market_aware_v1,57.046,50.821,149.875,28.989,0.778,68.344,71.11,1.625
372cd611-a643-46f0-ac38-0c3ad8fc8339,2026-04-25T17:12:09.201320-04:00,node-01,payments-api,429,True,normal,market_aware_v1,54.159,53.669,164.318,28.658,0.709,74.573,55.062,1.641
9c65f2a6-fc7b-4596-b82b-365ad82ee50f,2026-04-25T17:12:09.201840-04:00,node-01,orders-api,200,True,normal,market_aware_v1,57.2,51.085,121.984,34.176,0.399,61.024,97.032,1.0
8a01f70e-436e-41f8-a364-84d1b698f6fa,2026-04-25T17:12:09.202307-04:00,node-01,checkout-api,200,True,normal,market_aware_v1,56.654,52.614,161.849,30.837,0.618,68.255,68.284,1.45
26c2ff7a-03a9-4269-9c42-97373c5cb6d8,2026-04-25T17:12:09.202805-04:00,node-01,payments-api,200,True,normal,market_aware_v1,54.208,53.072,175.767,26.259,0.688,81.301,55.794,1.72
07e1bb1d-afc6-4144-a181-5c97664beb11,2026-04-25T17:12:09.203234-04:00,node-01,orders-api,200,True,normal,market_aware_v1,59.963,48.175,126.802,30.375,0.323,59.304,96.768,0.987
e792db56-2631-4fd8-9baa-4a5330978447,2026-04-25T17:12:09.203739-04:00,node-01,checkout-api,429,True,normal,market_aware_v1,55.858,52.094,145.751,31.022,0.626,68.678,67.405,1.517
7ff51e40-7218-48e4-a1d7-626632878177,2026-04-25T17:12:09.204190-04:00,node-01,payments-api,200,True,normal,market_aware_v1,52.28,53.87,149.568,28.854,0.506,72.65,54.344,1.457
27ecc6ca-f76d-4930-8e57-5cedac410a89,2026-04-25T17:12:09.204736-04:00,node-01,orders-api,200,True,normal,market_aware_v1,59.428,47.621,128.674,32.957,0.404,65.339,93.102,1.002
d999a7ce-3242-4537-9954-057949a17227,2026-04-25T17:12:09.205281-04:00,node-01,checkout-api,429,True,normal,market_aware_v1,60.566,51.205,170.955,32.719,0.862,76.323,69.522,2.169
cb43615e-60ce-45eb-a3e2-f83209fd132e,2026-04-25T17:12:09.205759-04:00,node-01,payments-api,200,True,normal,market_aware_v1,51.073,52.628,164.059,26.527,0.705,72.509,54.583,1.658
754a07c3-9452-461d-b933-b1442b403d6d,2026-04-25T17:12:09.206416-04:00,node-01,orders-api,200,True,normal,market_aware_v1,55.701,48.007,135.377,28.433,0.459,71.992,91.825,1.328
7f3fe311-f2e3-4783-91be-9c10c6733637,2026-04-25T17:12:09.206907-04:00,node-01,checkout-api,429,True,normal,market_aware_v1,53.292,51.148,152.835,30.085,0.653,67.563,72.942,1.576
fed98041-501d-4da5-a8e1-2a80ea93e6da,2026-04-25T17:12:09.207399-04:00,node-01,payments-api,200,True,normal,market_aware_v1,45.295,51.927,147.026,26.367,0.576,66.126,54.331,1.403
412e8132-6191-4841-8277-f8bcc7c05b78,2026-04-25T17:12:09.207903-04:00,node-01,orders-api,200,True,normal,market_aware_v1,54.21,45.668,145.432,30.977,0.508,71.208,87.763,1.381
6f3f9214-a794-4211-9a0a-7798896cb92b,2026-04-25T17:12:09.208487-04:00,node-01,checkout-api,200,True,normal,market_aware_v1,51.089,47.703,139.001,25.153,0.63,70.196,67.927,1.618
d55a078c-148e-4b62-9cd0-25d04867e139,2026-04-25T17:12:09.208979-04:00,node-01,payments-api,200,True,normal,market_aware_v1,47.456,51.231,153.495,26.741,0.64,72.052,53.937,1.47
c401f086-bfbe-4cd6-a95d-7f675ae4392c,2026-04-25T17:12:09.209417-04:00,node-01,orders-api,429,True,anomalous,market_aware_v1,52.777,47.01,142.922,30.944,0.818,68.87,85.61,1.683
a8ebc47a-022f-46fd-b324-fbfa054447cf,2026-04-25T17:12:09.209894-04:00,node-01,checkout-api,429,True,normal,market_aware_v1,51.869,50.747,147.095,28.652,0.652,69.712,63.029,1.424
1ad92da1-fa8c-45ab-a587-85fa4958eb84,2026-04-25T17:12:09.210357-04:00,node-01,payments-api,429,True,normal,market_aware_v1,41.934,53.75,145.802,25.912,0.662,67.203,54.181,1.503
a99b6e77-3266-4587-b0a2-a921807c1f23,2026-04-25T17:12:09.210812-04:00,node-01,orders-api,200,True,normal,market_aware_v1,55.087,49.028,127.349,29.071,0.483,58.29,88.254,1.181
b40401e7-2845-464e-abf8-6144bcf085f7,2026-04-25T17:12:09.211381-04:00,node-01,checkout-api,429,True,normal,market_aware_v1,49.255,46.133,145.454,28.013,0.688,67.522,61.683,1.455
3f36baa2-073c-4b46-8918-62e7bf34b952,2026-04-25T17:12:09.211912-04:00,node-01,payments-api,200,True,normal,market_aware_v1,48.309,50.963,147.824,25.926,0.518,63.258,52.705,1.415
0fd92d01-f76d-40f3-a6e7-72fc84cc9042,2026-04-25T17:12:09.212667-04:00,node-01,orders-api,200,True,normal,market_aware_v1,51.643,47.227,125.962,31.594,0.475,63.376,86.356,1.068
cdca1cfc-14f5-49b5-b391-3c81c6e50044,2026-04-25T17:12:09.213627-04:00,node-01,checkout-api,200,True,normal,market_aware_v1,51.941,46.314,154.307,30.56,0.685,67.946,62.658,1.473
3703e588-1643-4eb9-9ad9-ce4b0f72d199,2026-04-25T17:12:09.214115-04:00,node-01,payments-api,200,True,normal,market_aware_v1,48.971,53.398,153.049,24.527,0.561,72.017,51.945,1.473
752ff06d-92ba-496b-9866-cbfe4bf9abb1,2026-04-25T17:12:09.214619-04:00,node-01,orders-api,200,True,anomalous,market_aware_v1,57.137,50.258,133.381,34.302,0.706,63.599,81.679,1.547
e8d2226f-8143-4d9e-a215-fd5f2f2a4414,2026-04-25T17:12:09.215115-04:00,node-01,checkout-api,429,True,normal,market_aware_v1,53.034,48.875,136.177,27.65,0.651,66.672,67.772,1.558
86a5d3ef-3ceb-44ca-b51a-f7de57264133,2026-04-25T17:12:09.215622-04:00,node-01,payments-api,200,True,normal,market_aware_v1,50.449,52.263,147.352,25.266,0.524,65.832,57.257,1.355
d81326b1-3338-48a3-9964-a975c636f1be,2026-04-25T17:12:09.216209-04:00,node-01,orders-api,429,True,normal,market_aware_v1,54.351,46.338,139.201,31.189,0.547,71.725,88.035,1.366
3ff8de52-a06d-4e99-a5ef-b7a2465de7e1,2026-04-25T17:12:09.216723-04:00,node-01,checkout-api,429,True,normal,market_aware_v1,56.238,50.445,154.118,28.372,0.635,72.954,67.642,1.678
5c21dc35-3367-4286-9bdb-18972057129a,2026-04-25T17:12:09.217165-04:00,node-01,payments-api,429,True,normal,market_aware_v1,49.346,51.276,154.598,24.125,0.606,67.805,59.816,1.547
e5c7b652-3a06-4c55-ac95-df9a856300e9,2026-04-25T17:12:09.217653-04:00,node-01,orders-api,200,True,normal,market_aware_v1,58.117,49.559,133.246,33.071,0.615,75.987,92.659,1.585
12050bcc-d632-41fc-bb55-27afdf78c173,2026-04-25T17:12:09.218136-04:00,node-01,checkout-api,429,True,normal,market_aware_v1,53.302,52.614,162.252,27.174,0.817,76.079,63.719,1.792
19b24779-9d5a-4064-b468-81a2d436f8d1,2026-04-25T17:12:09.218573-04:00,node-01,payments-api,200,True,normal,market_aware_v1,51.907,54.681,153.81,28.214,0.614,77.684,55.951,1.601
f406c0b9-9c6c-47f1-a9f7-895170e9def7,2026-04-25T17:12:09.219020-04:00,node-01,orders-api,200,True,normal,market_aware_v1,57.374,45.126,145.509,32.743,0.552,75.037,94.145,1.506
751cd414-4599-476d-bcce-5d646adef28c,2026-04-25T17:12:09.219490-04:00,node-01,checkout-api,200,True,normal,market_aware_v1,55.904,52.685,161.433,28.181,0.687,74.866,69.138,1.643
d56bc5c8-2fbc-4176-9e6f-c2c10e6ed38d,2026-04-25T17:12:09.220028-04:00,node-01,payments-api,200,True,normal,market_aware_v1,55.364,56.197,153.606,26.407,0.635,67.22,68.418,1.38
6845e95a-b5b0-4d0f-aad5-10962d15e978,2026-04-25T17:12:09.220533-04:00,node-01,orders-api,200,True,normal,market_aware_v1,62.978,53.327,144.278,28.359,0.618,76.194,87.301,1.493
2ef23e47-005a-4623-b01e-d9191cb0a3e5,2026-04-25T17:12:09.220989-04:00,node-01,checkout-api,500,True,anomalous,market_aware_v1,63.666,56.341,155.088,32.761,1.028,72.911,68.519,2.035
3e329df3-ea99-4236-a0a1-1b5659a35d21,2026-04-25T17:12:09.221415-04:00,node-01,payments-api,502,True,normal,market_aware_v1,58.485,59.212,184.266,30.924,0.928,86.473,63.014,2.489
15dc9463-5afb-434f-b96e-37cfe0808062,2026-04-25T17:12:09.221890-04:00,node-01,orders-api,200,True,normal,market_aware_v1,62.313,54.458,137.803,30.748,0.617,72.839,94.196,1.661
6a1ed20b-8f04-47d6-ad8c-2a8142295c3f,2026-04-25T17:12:09.222381-04:00,node-01,checkout-api,200,True,normal,market_aware_v1,56.552,52.583,150.511,30.741,0.714,74.149,75.998,1.742
6e7ea871-310c-4b56-97ee-3e89fbbb54d3,2026-04-25T17:12:09.222874-04:00,node-01,payments-api,429,True,normal,market_aware_v1,53.988,56.802,161.25,30.771,0.719,75.932,59.521,1.576
21715ca9-686f-489f-89e3-1852aa418840,2026-04-25T17:12:09.223429-04:00,node-01,orders-api,429,True,normal,market_aware_v1,56.487,49.386,139.797,34.32,0.565,71.997,94.41,1.346
f4a67d56-4019-4f2d-a85d-1604101cbc32,2026-04-25T17:12:09.223966-04:00,node-01,checkout-api,200,True,normal,market_aware_v1,53.845,55.165,143.361,28.301,0.661,72.505,76.562,1.525
34c56d6b-74d8-4afa-bbaa-6da0502873e4,2026-04-25T17:12:09.224497-04:00,node-01,payments-api,200,True,normal,market_aware_v1,52.93,53.554,165.732,26.014,0.616,71.082,59.052,1.542
3a662d66-993e-456a-955c-001635e1c373,2026-04-25T17:12:09.224990-04:00,node-01,orders-api,200,True,normal,market_aware_v1,61.001,49.161,123.934,30.481,0.439,68.504,89.113,1.244
b4bc87d6-c246-4dff-8a72-f7cb657cdcd2,2026-04-25T17:12:09.225489-04:00,node-01,checkout-api,200,True,normal,market_aware_v1,55.211,53.932,154.123,29.501,0.723,73.507,66.767,1.695
5099c60d-b65f-49e7-9513-f77a2149c5ce,2026-04-25T17:12:09.226056-04:00,node-01,payments-api,429,True,normal,market_aware_v1,45.985,55.932,158.69,24.311,0.53,70.426,60.952,1.478
de4668d0-f839-489b-9aae-031814059988,2026-04-25T17:12:09.226680-04:00,node-01,orders-api,200,True,normal,market_aware_v1,55.373,48.758,125.867,29.989,0.501,66.949,88.126,1.247
986c5c38-3de8-4c82-ad37-594f888eb59c,2026-04-25T17:12:09.227194-04:00,node-01,checkout-api,429,True,normal,market_aware_v1,49.695,53.176,152.511,29.382,0.619,68.067,65.624,1.532
0f77221f-5ce9-42e8-84ab-7557583e491a,2026-04-25T17:12:09.227746-04:00,node-01,payments-api,429,True,normal,market_aware_v1,48.457,54.332,170.238,25.746,0.827,76.968,57.801,1.992
14583814-b569-43f6-a7ec-d99867da1ee4,2026-04-25T17:12:09.228274-04:00,node-01,orders-api,200,True,normal,market_aware_v1,53.913,47.794,133.59,32.624,0.453,65.685,84.084,1.029
532a8c03-c0de-4d69-9e10-210a3c5dc21d,2026-04-25T17:12:09.228915-04:00,node-01,checkout-api,200,True,normal,market_aware_v1,52.841,46.89,145.534,28.133,0.638,67.297,61.138,1.489
d035ca72-2ae6-48ca-85ad-7640fe799b52,2026-04-25T17:12:09.229443-04:00,node-01,payments-api,200,True,normal,market_aware_v1,45.661,50.987,163.011,24.831,0.667,76.209,52.03,1.667
8a5cbfa9-54fa-470a-8280-28e94bc1389f,2026-04-25T17:12:09.229939-04:00,node-01,orders-api,200,True,normal,market_aware_v1,52.237,47.526,145.352,30.315,0.502,73.559,81.888,1.401
fc71db81-23f7-4643-9d9a-5b8ec0b81065,2026-04-25T17:12:09.230554-04:00,node-01,checkout-api,500,True,normal,market_aware_v1,49.431,48.617,158.203,28.508,0.847,80.924,50.708,2.059
22e1a93f-2660-4934-ac32-2a2264072ab6,2026-04-25T17:12:09.231094-04:00,node-01,payments-api,429,True,normal,market_aware_v1,45.131,46.859,159.953,24.169,0.578,69.682,48.789,1.54
bf111810-910b-4bb6-af6f-e94fdfee17a9,2026-04-25T17:12:09.231622-04:00,node-01,orders-api,200,True,normal,market_aware_v1,47.787,42.759,121.819,28.936,0.51,68.504,83.465,1.404
bf7523de-fec0-4cb2-9941-1c389e487bfd,2026-04-25T17:12:09.232140-04:00,node-01,checkout-api,429,True,anomalous,market_aware_v1,53.602,49.828,155.334,31.192,1.043,66.91,56.811,2.004
2fbe9cf9-fa07-423b-a685-bca006e508f8,2026-04-25T17:12:09.232667-04:00,node-01,payments-api,200,True,normal,market_aware_v1,48.024,50.935,143.814,25.49,0.708,68.042,43.522,1.558
b287626f-db73-46d3-b225-b5df3b8d9fd2,2026-04-25T17:12:09.233166-04:00,node-01,orders-api,200,True,anomalous,market_aware_v1,53.677,47.107,133.714,29.608,0.815,74.8,74.625,1.899
d8422dbf-f58c-4c68-a1da-544ade23c052,2026-04-25T17:12:09.233685-04:00,node-01,checkout-api,429,True,normal,market_aware_v1,48.24,47.731,145.157,28.088,0.63,60.341,63.725,1.388
6c00684b-83b8-4b4b-9fb0-731e467e3225,2026-04-25T17:12:09.234195-04:00,node-01,payments-api,200,True,normal,market_aware_v1,46.395,52.72,154.481,23.251,0.599,70.108,53.24,1.476
39597f14-a736-4060-8850-662e10686a40,2026-04-25T17:12:09.234695-04:00,node-01,orders-api,200,True,normal,market_aware_v1,51.658,43.812,133.935,30.075,0.52,68.009,81.323,1.358
c80f7d00-5700-49d1-9981-0ee9420b9037,2026-04-25T17:12:09.235241-04:00,node-01,checkout-api,429,True,normal,market_aware_v1,49.498,47.133,156.4,26.659,0.772,73.891,61.245,1.707
44dea435-6bdc-4a4d-9be9-43115c80a955,2026-04-25T17:12:09.235909-04:00,node-01,payments-api,200,True,normal,market_aware_v1,45.587,49.196,158.025,24.821,0.697,77.744,43.059,1.771
cfbe37a2-92f6-435b-826e-d0cdda532cca,2026-04-25T17:12:09.236394-04:00,node-01,orders-api,200,True,normal,market_aware_v1,56.735,47.321,139.088,30.036,0.531,73.77,82.042,1.423
34227c7c-dadc-4d27-a69c-ba423a931978,2026-04-25T17:12:09.236855-04:00,node-01,checkout-api,200,True,normal,market_aware_v1,52.694,50.666,142.684,29.709,0.636,68.34,63.248,1.493
2ffa0520-9f87-4c7a-aae6-a23e948398b1,2026-04-25T17:12:09.237300-04:00,node-01,payments-api,429,True,normal,market_aware_v1,49.017,52.881,158.566,25.589,0.678,78.469,48.778,1.751
12be463b-49ff-4c0b-8534-e4baa41235f9,2026-04-25T17:12:09.237809-04:00,node-01,orders-api,200,True,normal,market_aware_v1,52.528,48.732,139.552,28.092,0.437,67.14,87.029,1.275
bd3ea82b-a94a-42e4-8874-9ab10a0df108,2026-04-25T17:12:09.238283-04:00,node-01,checkout-api,200,True,normal,market_aware_v1,53.022,51.654,143.496,28.546,0.701,69.966,71.963,1.661
7f3e21f5-fbaf-481b-8484-bee2ea53fa3a,2026-04-25T17:12:09.238755-04:00,node-01,payments-api,200,True,normal,market_aware_v1,55.641,55.491,159.36,25.897,0.639,79.059,51.932,1.722
146362bb-cb16-47f0-b3c4-151bd901cba3,2026-04-25T17:12:09.239201-04:00,node-01,orders-api,429,True,normal,market_aware_v1,56.819,50.792,154.708,32.026,0.574,67.817,93.439,1.468
f627580e-8314-4d8e-9f25-8a1d0d71d596,2026-04-25T17:12:09.239919-04:00,node-01,checkout-api,200,True,normal,market_aware_v1,50.931,49.402,143.788,28.933,0.671,63.81,73.28,1.407
17fdd660-62f9-496f-bc84-e9460fc32778,2026-04-25T17:12:09.240383-04:00,node-01,payments-api,429,True,normal,market_aware_v1,52.257,53.86,167.798,25.561,0.637,80.493,53.7,1.743
2208fd5a-862f-4fe3-83e0-29fbe80b93a7,2026-04-25T17:12:09.240851-04:00,node-01,orders-api,429,True,anomalous,market_aware_v1,67.227,50.098,154.472,30.086,0.908,75.469,87.054,1.98
197f095b-2fe3-42e3-ad31-c6008f6e7723,2026-04-25T17:12:09.241302-04:00,node-01,checkout-api,503,True,normal,market_aware_v1,58.429,50.859,168.537,29.88,0.844,81.312,62.66,2.027
8b34b0f6-4eaf-4cc1-aaef-4f6037a3004a,2026-04-25T17:12:09.241762-04:00,node-01,payments-api,200,True,normal,market_aware_v1,49.234,52.267,161.36,27.505,0.69,76.068,51.757,1.619
e1d2c87c-0a22-4354-b21b-93e72b5ca188,2026-04-25T17:12:09.242437-04:00,node-01,orders-api,200,True,anomalous,market_aware_v1,59.961,51.975,137.976,32.688,0.9,75.77,92.026,1.959
db68c89d-6b0b-4dd9-a249-accf1f888ad3,2026-04-25T17:12:09.242949-04:00,node-01,checkout-api,429,True,normal,market_aware_v1,56.56,53.779,158.727,27.249,0.81,77.636,67.148,1.782
0407c6a5-0e59-4882-b765-a0189b0feb8d,2026-04-25T17:12:09.243378-04:00,node-01,payments-api,502,True,anomalous,market_aware_v1,57.391,56.123,168.691,27.354,1.028,78.392,53.252,2.436
2f7f48cb-5855-41c4-847a-770294d82683,2026-04-25T17:12:09.244059-04:00,node-01,orders-api,200,True,normal,market_aware_v1,58.41,49.996,152.514,31.838,0.629,76.895,84.835,1.641
87cba223-c2c4-4847-b75f-a31b58b71b0e,2026-04-25T17:12:09.244593-04:00,node-01,checkout-api,429,True,normal,market_aware_v1,53.883,52.112,157.077,27.663,0.711,68.163,71.207,1.584
d5f0b032-89f7-4c51-8709-c730a652dac2,2026-04-25T17:12:09.245109-04:00,node-01,payments-api,200,True,normal,market_aware_v1,48.616,51.509,151.978,25.723,0.715,79.07,52.981,1.76
26091b5f-7a66-4059-a386-749ccfd68da3,2026-04-25T17:12:09.245672-04:00,node-01,orders-api,200,True,normal,market_aware_v1,54.739,49.737,135.605,32.121,0.518,66.643,91.314,1.358
6f7cf36f-9f4e-404b-b71f-b85fe7981d9b,2026-04-25T17:12:09.246382-04:00,node-01,checkout-api,200,True,normal,market_aware_v1,56.215,49.575,160.399,28.769,0.694,77.144,63.436,1.78
2845eac0-56c3-4eaa-ab59-35f463010a68,2026-04-25T17:12:09.246898-04:00,node-01,payments-api,200,True,normal,market_aware_v1,47.641,53.651,153.237,28.676,0.738,75.179,47.243,1.593
1cea4233-d9b8-4189-be4e-fde5086c4258,2026-04-25T17:12:09.247430-04:00,node-01,orders-api,200,True,normal,market_aware_v1,55.487,48.007,137.33,30.442,0.488,68.005,88.31,1.155
b2e92f0b-e6c6-4fef-a382-f0edfd81d157,2026-04-25T17:12:09.247932-04:00,node-01,checkout-api,200,True,normal,market_aware_v1,54.107,51.708,146.754,30.168,0.657,68.329,65.405,1.483
bd8e4054-e8a7-48db-94d7-a2e10af94b7d,2026-04-25T17:12:09.248416-04:00,node-01,payments-api,200,True,normal,market_aware_v1,45.857,54.5,149.93,26.502,0.689,72.719,51.935,1.584
740c141c-d1c3-4f33-8431-5eb88d92bb9b,2026-04-25T17:12:09.248917-04:00,node-01,orders-api,200,True,normal,market_aware_v1,50.709,45.015,125.18,29.852,0.556,66.783,86.191,1.204
2376f41d-e9e7-4fa0-96f6-87b639c19dac,2026-04-25T17:12:09.249399-04:00,node-01,checkout-api,500,True,anomalous,market_aware_v1,56.424,50.546,161.281,29.229,1.015,79.385,58.222,2.122
8dfa452f-1f61-41f4-a0be-e6b913bf5727,2026-04-25T17:12:09.249838-04:00,node-01,payments-api,200,True,normal,market_aware_v1,48.534,49.187,152.742,23.959,0.709,70.51,50.881,1.689
16de05c1-b7e2-4397-9c3b-4bb52ce79c2c,2026-04-25T17:12:09.250298-04:00,node-01,orders-api,429,True,normal,market_aware_v1,52.301,42.658,130.096,30.293,0.493,73.642,82.033,1.379
f3cbbd23-ca80-47df-b632-21cea0cfef05,2026-04-25T17:12:09.250807-04:00,node-01,checkout-api,200,True,normal,market_aware_v1,50.82,47.957,139.037,28.077,0.585,70.113,57.409,1.437
1cb510a9-f69e-45dd-8f03-d33406a0ba97,2026-04-25T17:12:09.251426-04:00,node-01,payments-api,429,True,normal,market_aware_v1,42.088,51.275,154.708,24.533,0.589,73.708,56.517,1.492
4f36d9b4-1694-4a41-8d9e-4e06e63ee4da,2026-04-25T17:12:09.251958-04:00,node-01,orders-api,429,True,normal,market_aware_v1,53.409,47.723,129.158,28.883,0.66,76.163,80.432,1.567
08cd8359-bc74-4db6-94d9-fc7a36237ae5,2026-04-25T17:12:09.252418-04:00,node-01,checkout-api,200,True,normal,market_aware_v1,52.342,47.691,154.25,30.144,0.661,71.413,70.797,1.675
5fd6a959-a7f3-4298-86e9-33699b063b09,2026-04-25T17:12:09.252894-04:00,node-01,payments-api,200,True,normal,market_aware_v1,48.294,49.785,161.44,24.934,0.707,70.908,48.911,1.559
02afe377-bb86-4ccc-8c3a-b7fc81d7851d,2026-04-25T17:12:09.253375-04:00,node-01,orders-api,200,True,normal,market_aware_v1,55.393,45.953,137.631,31.959,0.597,73.333,84.028,1.421
b51cf470-5866-4f2e-819b-f7dc4442ed3f,2026-04-25T17:12:09.253867-04:00,node-01,checkout-api,502,True,anomalous,market_aware_v1,59.409,52.099,165.303,29.392,1.159,76.795,63.368,2.243
90051fb7-0976-4b64-8a79-53e3bad379ad,2026-04-25T17:12:09.254338-04:00,node-01,payments-api,200,True,normal,market_aware_v1,52.009,51.026,184.842,24.823,0.72,79.809,49.552,1.883
4a77bee7-1dd8-4c10-8c03-c44ccb182f99,2026-04-25T17:12:09.254842-04:00,node-01,orders-api,200,True,normal,market_aware_v1,54.831,47.42,134.603,29.553,0.477,65.157,86.68,1.163
10186973-85b9-4361-ba18-1f872940f927,2026-04-25T17:12:09.255391-04:00,node-01,checkout-api,200,True,normal,market_aware_v1,55.894,54.073,155.318,29.071,0.754,76.333,61.03,1.744
8575b8ad-2e2e-4d27-bc24-19f329d36215,2026-04-25T17:12:09.255866-04:00,node-01,payments-api,429,True,normal,market_aware_v1,49.571,52.961,168.52,26.086,0.734,83.689,54.56,2.013
adb5923e-9308-4a8f-b634-785e63522de7,2026-04-25T17:12:09.256363-04:00,node-01,orders-api,200,True,normal,market_aware_v1,60.226,50.43,129.413,31.203,0.382,64.667,88.518,1.116
2760ecfa-1b4f-4943-9807-9be07b6aa779,2026-04-25T17:12:09.256920-04:00,node-01,checkout-api,200,True,normal,market_aware_v1,60.812,51.533,170.206,30.481,0.775,76.306,66.118,1.847
3cbe26d4-12da-483d-b245-6959365c6696,2026-04-25T17:12:09.257417-04:00,node-01,payments-api,429,True,anomalous,market_aware_v1,58.849,58.253,176.709,27.476,1.062,77.572,51.328,2.215
6e4a6ae8-22bb-4caa-9f06-1de63e0caa31,2026-04-25T17:12:09.257921-04:00,node-01,orders-api,200,True,normal,market_aware_v1,63.002,54.353,137.904,34.028,0.441,69.002,98.961,1.254
062295c8-4da7-47ff-b10e-f0960c19c73d,2026-04-25T17:12:09.258418-04:00,node-01,checkout-api,200,True,normal,market_aware_v1,57.643,54.675,168.075,32.778,0.789,75.569,71.28,1.841
d768be0d-6d9c-4991-ba89-d613117d3e1c,2026-04-25T17:12:09.258919-04:00,node-01,payments-api,200,True,normal,market_aware_v1,52.728,55.814,154.83,27.312,0.537,68.846,64.48,1.417
ad1b5ef2-3bff-4734-97b8-4a880532389c,2026-04-25T17:12:09.259425-04:00,node-01,orders-api,200,True,anomalous,market_aware_v1,65.168,52.677,152.571,35.748,0.84,71.702,93.866,1.767
9ad1fee2-1cf7-48de-9aad-974c29a73382,2026-04-25T17:12:09.260036-04:00,node-01,checkout-api,200,True,normal,market_aware_v1,58.961,54.153,151.146,28.317,0.809,74.512,77.692,1.809
c34f930a-24b6-469b-973d-720078846eb2,2026-04-25T17:12:09.260639-04:00,node-01,payments-api,200,True,normal,market_aware_v1,54.559,57.748,158.353,29.642,0.737,77.373,53.45,1.785
6333b7e5-fe79-47b0-90c5-25b758dfae16,2026-04-25T17:12:09.261170-04:00,node-01,orders-api,200,True,normal,market_aware_v1,62.67,53.034,149.266,34.061,0.64,73.629,90.321,1.695
2f46a46d-5b15-4a89-ad7b-dd2bdd3a0f4f,2026-04-25T17:12:09.261705-04:00,node-01,checkout-api,200,True,normal,market_aware_v1,63.839,49.649,164.67,27.214,0.728,71.941,69.083,1.613
7d1ed3fb-e723-4559-80d0-f358119c2892,2026-04-25T17:12:09.262173-04:00,node-01,payments-api,429,True,normal,market_aware_v1,55.641,53.744,184.97,28.484,0.696,76.649,56.786,1.775
2a3af314-51d6-4cef-854e-a853e1649432,2026-04-25T17:12:09.262639-04:00,node-01,orders-api,200,True,normal,market_aware_v1,61.32,51.155,145.938,30.351,0.608,72.401,92.763,1.383
df3d03f2-b6b3-48bb-b118-f5bf05ab8007,2026-04-25T17:12:09.263132-04:00,node-01,checkout-api,200,True,normal,market_aware_v1,58.423,52.354,159.356,30.879,0.645,73.116,75.356,1.536
549880f0-2bdd-40bb-b8f5-7c37bb86768b,2026-04-25T17:12:09.263610-04:00,node-01,payments-api,200,True,normal,market_aware_v1,55.245,57.144,159.014,24.972,0.656,72.905,60.261,1.641
6d9ee672-3471-4ab1-b6b2-0dfd19212aac,2026-04-25T17:12:09.264080-04:00,node-01,orders-api,200,True,normal,market_aware_v1,59.429,50.34,133.107,33.726,0.549,67.519,95.537,1.318
a4351e0c-99a9-43d1-a9ab-ea1ccef77b51,2026-04-25T17:12:09.264566-04:00,node-01,checkout-api,200,True,normal,market_aware_v1,57.425,53.795,150.252,29.683,0.774,73.868,65.714,1.761
0760727e-e441-4443-9117-df98c083e301,2026-04-25T17:12:09.265023-04:00,node-01,payments-api,200,True,normal,market_aware_v1,48.687,54.054,154.48,26.741,0.64,71.162,58.107,1.402
3596f76f-bd82-4eb9-bd0e-18b495b97bf0,2026-04-25T17:12:09.265507-04:00,node-01,orders-api,200,True,normal,market_aware_v1,54.932,47.034,148.743,30.935,0.648,74.941,83.691,1.493
ea17df6b-4ae0-4ad3-b201-d72da30668bf,2026-04-25T17:12:09.265994-04:00,node-01,checkout-api,200,True,normal,market_aware_v1,53.546,47.932,159.493,28.803,0.693,72.352,69.783,1.636
3e21fabf-6b1f-462c-bd92-27ab8db5eb0b,2026-04-25T17:12:09.266504-04:00,node-01,payments-api,429,True,normal,market_aware_v1,46.451,49.836,141.422,25.808,0.643,66.793,54.302,1.476
9867d611-1ed3-49d9-9be4-d3131c44c35f,2026-04-25T17:12:09.266989-04:00,node-01,orders-api,429,True,normal,market_aware_v1,54.488,45.538,154.371,29.266,0.542,74.534,76.289,1.508
a9548e6e-b799-4a68-b576-4e7df1f43c40,2026-04-25T17:12:09.267581-04:00,node-01,checkout-api,200,True,normal,market_aware_v1,54.818,49.499,151.041,26.203,0.725,77.115,57.753,1.883
fab5fcff-0f0f-47d8-9c03-fbff04d4444d,2026-04-25T17:12:09.268079-04:00,node-01,payments-api,200,True,normal,market_aware_v1,48.683,50.494,157.861,25.155,0.661,70.24,45.333,1.576
a583b086-5d4b-43bc-9828-4fb2484c6a08,2026-04-25T17:12:09.268585-04:00,node-01,orders-api,200,True,normal,market_aware_v1,52.661,46.031,126.879,30.016,0.424,65.396,86.106,1.145
71970076-e39f-4cf2-a0e0-fa2066380ca4,2026-04-25T17:12:09.269109-04:00,node-01,checkout-api,200,True,normal,market_aware_v1,52.075,47.422,145.911,29.538,0.703,69.769,59.082,1.605
0ed10470-23de-40e3-b1ed-8538a29db771,2026-04-25T17:12:09.269776-04:00,node-01,payments-api,200,True,normal,market_aware_v1,47.979,48.255,145.222,24.449,0.523,66.198,53.823,1.225
ccda736d-50a9-409b-bff5-391f1ce1dae4,2026-04-25T17:12:09.270306-04:00,node-01,orders-api,429,True,normal,market_aware_v1,53.155,45.979,154.196,29.858,0.575,69.992,75.924,1.374
f1122ebc-d40a-41ae-8786-dccbcdda46c1,2026-04-25T17:12:09.271017-04:00,node-01,checkout-api,200,True,normal,market_aware_v1,51.218,48.395,138.068,26.683,0.662,68.446,62.981,1.553
1a37faca-74a8-4b13-8385-ff8dae0e4a35,2026-04-25T17:12:09.271583-04:00,node-01,payments-api,429,True,normal,market_aware_v1,42.303,48.883,154.969,22.274,0.615,70.572,49.537,1.469
a8f94a0d-25fe-4da2-a0a1-7f0fe580efc3,2026-04-25T17:12:09.272074-04:00,node-01,orders-api,429,True,normal,market_aware_v1,52.152,47.083,128.355,30.001,0.437,64.009,81.766,1.22
0a2126b6-7e3b-4320-8f93-26cf2d168631,2026-04-25T17:12:09.272573-04:00,node-01,checkout-api,429,True,normal,market_aware_v1,47.464,46.417,141.367,25.813,0.648,64.955,62.894,1.431
b2402c06-91a3-4f30-89b0-3c4fe73f4282,2026-04-25T17:12:09.273086-04:00,node-01,payments-api,200,True,normal,market_aware_v1,44.669,51.353,158.17,23.649,0.615,71.483,50.508,1.614
7fb26342-df15-49bd-96aa-c93d1702d9ff,2026-04-25T17:12:09.273762-04:00,node-01,orders-api,200,True,normal,market_aware_v1,51.922,45.711,157.31,28.697,0.534,72.327,77.737,1.462
de8bd67f-af82-4668-a4e9-25527988b5f0,2026-04-25T17:12:09.274308-04:00,node-01,checkout-api,429,True,normal,market_aware_v1,49.964,45.019,147.669,27.384,0.659,69.76,60.3,1.489
3e6d0de6-be88-4c17-956c-428784b124dc,2026-04-25T17:12:09.274869-04:00,node-01,payments-api,502,True,anomalous,market_aware_v1,51.073,52.435,167.865,28.156,1.009,82.518,41.404,2.257
3eadea03-cdb1-414b-9b6d-5ceb310ed6d4,2026-04-25T17:12:09.275348-04:00,node-01,orders-api,429,True,anomalous,market_aware_v1,54.757,48.073,142.061,31.258,0.764,71.511,80.975,1.75
89ad9d3b-3895-41b7-87dc-940cd51b0a90,2026-04-25T17:12:09.275833-04:00,node-01,checkout-api,429,True,normal,market_aware_v1,53.195,50.729,154.886,28.695,0.656,71.26,61.377,1.649
395f0129-2b68-4199-a00f-0402809ea838,2026-04-25T17:12:09.276306-04:00,node-01,payments-api,200,True,normal,market_aware_v1,49.137,48.977,164.483,25.168,0.737,74.45,46.413,1.648
39978974-4682-40d2-9954-68b95ce67a68,2026-04-25T17:12:09.276833-04:00,node-01,orders-api,200,True,normal,market_aware_v1,52.237,46.21,126.492,29.846,0.52,69.132,88.755,1.307
666ea687-5f10-4f8c-868a-5afae845ad40,2026-04-25T17:12:09.277301-04:00,node-01,checkout-api,429,True,normal,market_aware_v1,54.133,49.106,160.524,28.552,0.676,78.962,59.754,1.783
a3c1af0a-4262-4ebb-8d81-39d136458461,2026-04-25T17:12:09.277774-04:00,node-01,payments-api,200,True,normal,market_aware_v1,49.405,55.18,155.669,23.274,0.663,72.815,53.839,1.674
d6baec28-1c6a-4185-a300-cee77104ad1b,2026-04-25T17:12:09.278249-04:00,node-01,orders-api,200,True,normal,market_aware_v1,55.224,49.683,129.436,29.185,0.39,64.209,91.819,1.128
5f343b8f-4c67-451a-8b77-ad5bb4ec195d,2026-04-25T17:12:09.278723-04:00,node-01,checkout-api,200,True,normal,market_aware_v1,57.769,53.152,146.878,28.537,0.51,62.591,73.292,1.256
d1671781-edcb-4e69-8773-d96832580dc2,2026-04-25T17:12:09.279177-04:00,node-01,payments-api,200,True,normal,market_aware_v1,55.713,54.389,166.896,26.524,0.66,76.564,52.282,1.659
ffad6241-9a7f-4ad0-93c6-0b0f9d585ec2,2026-04-25T17:12:09.279659-04:00,node-01,orders-api,429,True,normal,market_aware_v1,55.983,52.434,125.097,32.507,0.526,68.098,94.129,1.317
8f3e91f9-f0f8-44e0-9faa-4aabd440cd84,2026-04-25T17:12:09.280440-04:00,node-01,checkout-api,200,True,normal,market_aware_v1,56.999,52.739,153.707,29.047,0.726,73.421,69.576,1.724
b64c5310-c2d9-4d73-8111-a9fd738d6150,2026-04-25T17:12:09.280950-04:00,node-01,payments-api,429,True,normal,market_aware_v1,50.953,55.766,172.143,27.047,0.751,85.791,53.346,1.991
d51e7c08-1ffb-4f0b-8bbe-dcf012f4c0f9,2026-04-25T17:12:09.281428-04:00,node-01,orders-api,200,True,normal,market_aware_v1,58.057,52.759,143.266,30.878,0.562,77.107,86.691,1.544
47be569c-b9f1-486e-9a16-0b018646fabb,2026-04-25T17:12:09.281901-04:00,node-01,checkout-api,200,True,normal,market_aware_v1,60.973,53.312,153.431,30.025,0.74,72.266,65.49,1.534
bad3b422-ee80-4dbd-ab61-42469866132b,2026-04-25T17:12:09.282382-04:00,node-01,payments-api,200,True,normal,market_aware_v1,52.513,52.875,164.528,25.561,0.619,71.071,54.686,1.464
e6543632-0b7d-480e-9a7e-b3a746597c2d,2026-04-25T17:12:09.282913-04:00,node-01,orders-api,200,True,normal,market_aware_v1,61.613,49.713,140.107,31.846,0.574,68.217,97.277,1.414
af2e1384-6950-44ad-bd1b-08ba27928d6d,2026-04-25T17:12:09.283396-04:00,node-01,checkout-api,200,True,normal,market_aware_v1,59.029,52.939,148.216,30.55,0.681,69.991,70.506,1.448
0083f77a-5bdd-4f3c-85b3-64019c2cde7d,2026-04-25T17:12:09.283929-04:00,node-01,payments-api,200,True,normal,market_aware_v1,54.775,57.766,160.575,26.489,0.685,72.266,52.142,1.678
abada473-8985-4a05-96ae-2fc68e835adf,2026-04-25T17:12:09.284430-04:00,node-01,orders-api,200,True,normal,market_aware_v1,60.894,44.377,149.202,31.742,0.564,78.177,84.367,1.478
5d2b375a-24c5-411b-85dc-d1368159f36c,2026-04-25T17:12:09.284932-04:00,node-01,checkout-api,200,True,normal,market_aware_v1,53.851,50.823,165.205,28.536,0.667,74.811,61.511,1.665
18583b90-fd75-4d4a-aced-ca6680e99ce4,2026-04-25T17:12:09.285490-04:00,node-01,payments-api,429,True,normal,market_aware_v1,52.052,51.716,164.676,25.559,0.597,71.166,61.3,1.472
4aa8c877-9e68-48ea-942d-2f6b02e8e4e6,2026-04-25T17:12:09.286021-04:00,node-01,orders-api,200,True,normal,market_aware_v1,56.989,50.253,134.605,30.493,0.505,71.639,87.063,1.321
ad4f3e8e-2609-404a-863e-9f4d461209f4,2026-04-25T17:12:09.286673-04:00,node-01,checkout-api,503,True,normal,market_aware_v1,61.197,53.763,181.435,27.512,0.925,83.978,66.676,2.354
360b8462-2188-4241-88c3-8c5d1ce92458,2026-04-25T17:12:09.287265-04:00,node-01,payments-api,200,True,normal,market_aware_v1,51.482,54.498,157.427,27.562,0.606,68.58,55.077,1.488
d1ad0c23-0f43-406a-9533-48b6b5a41aa8,2026-04-25T17:12:09.287773-04:00,node-01,orders-api,200,True,normal,market_aware_v1,51.744,47.957,132.664,28.967,0.505,64.827,86.355,1.276
3c9f5aa3-ec30-487f-99d0-9a7a3f168f0a,2026-04-25T17:12:09.288299-04:00,node-01,checkout-api,200,True,normal,market_aware_v1,54.895,52.548,155.399,29.167,0.737,70.706,62.949,1.671
fc686374-d5e4-4cb0-b4e1-b7d09c2c3ced,2026-04-25T17:12:09.288823-04:00,node-01,payments-api,200,True,normal,market_aware_v1,47.457,50.087,165.371,23.688,0.706,75.216,45.924,1.746
9c1a69dc-1ed0-4e8c-9224-1b22777675dd,2026-04-25T17:12:09.289588-04:00,node-01,orders-api,200,True,normal,market_aware_v1,56.526,45.583,156.227,29.574,0.591,73.638,84.183,1.391
94996d4c-472e-4a37-89c6-204b69fc12d7,2026-04-25T17:12:09.290118-04:00,node-01,checkout-api,200,True,normal,market_aware_v1,53.225,50.016,143.906,27.451,0.701,73.638,60.281,1.634
95e5810d-62ea-4123-8ff2-6902238a50ff,2026-04-25T17:12:09.290642-04:00,node-01,payments-api,200,True,normal,market_aware_v1,45.392,50.977,160.199,24.823,0.718,79.613,47.722,1.722
33540fb9-fb4c-44ec-a8a4-dafa33f96eb4,2026-04-25T17:12:09.291128-04:00,node-01,orders-api,200,True,normal,market_aware_v1,52.905,44.673,130.249,29.556,0.488,68.296,85.564,1.328
f465d765-6207-4c0e-95d5-03a9e5eabbd6,2026-04-25T17:12:09.291624-04:00,node-01,checkout-api,200,True,normal,market_aware_v1,52.445,46.858,152.568,28.138,0.704,72.894,60.946,1.726
53b16fd3-e0c0-499f-808a-5b9847a91335,2026-04-25T17:12:09.292115-04:00,node-01,payments-api,429,True,normal,market_aware_v1,45.16,54.619,149.002,25.934,0.686,75.04,50.232,1.747
4dc71d80-9ab4-41d1-a39b-4b5759e44b9b,2026-04-25T17:12:09.292615-04:00,node-01,orders-api,200,True,normal,market_aware_v1,51.637,44.241,146.1,29.734,0.637,78.475,85.246,1.691
b187d777-ce99-4095-8307-a9f5bfac06b2,2026-04-25T17:12:09.293112-04:00,node-01,checkout-api,200,True,normal,market_aware_v1,52.953,46.993,138.423,28.429,0.524,62.39,69.157,1.406
e25b6f49-6ee5-4e83-9890-72026895688a,2026-04-25T17:12:09.294164-04:00,node-01,payments-api,200,True,normal,market_aware_v1,49.074,50.141,176.895,27.377,0.818,86.563,48.185,1.998
8c1b6d60-ce5a-48b1-965c-ffb626699f7a,2026-04-25T17:12:09.294679-04:00,node-01,orders-api,200,True,normal,market_aware_v1,57.928,47.664,148.674,30.471,0.649,78.942,82.034,1.647
6cda2046-a2fb-4de3-8da3-98b1e49ee36e,2026-04-25T17:12:09.295209-04:00,node-01,checkout-api,200,True,normal,market_aware_v1,53.459,49.645,148.496,29.398,0.685,70.48,66.346,1.618
3ca2c0aa-9ba2-4281-a3dd-fddd2971556d,2026-04-25T17:12:09.295737-04:00,node-01,payments-api,200,True,normal,market_aware_v1,50.121,54.401,155.76,27.976,0.556,72.227,52.348,1.517
aa071e8b-c97f-4bbd-a905-49ad7baa49b3,2026-04-25T17:12:09.296850-04:00,node-01,orders-api,429,True,normal,market_aware_v1,62.422,50.851,178.213,31.619,0.69,82.591,88.646,1.861
e776e136-9356-4cf1-b778-07878e2bfc1c,2026-04-25T17:12:09.297334-04:00,node-01,checkout-api,200,True,normal,market_aware_v1,55.255,53.64,154.408,29.681,0.758,76.125,67.418,1.734
e6553836-451a-459d-b00c-9a29af940240,2026-04-25T17:12:09.297927-04:00,node-01,payments-api,200,True,normal,market_aware_v1,52.907,56.474,159.444,27.324,0.612,73.689,58.344,1.628
dfd452fc-944c-4f2a-8f91-5d47aae8fd44,2026-04-25T17:12:09.298421-04:00,node-01,orders-api,200,True,normal,market_aware_v1,58.069,50.589,136.941,33.087,0.61,72.255,92.381,1.45
c7ebf8ac-023c-47db-b86f-634783d8709e,2026-04-25T17:12:09.298932-04:00,node-01,checkout-api,200,True,normal,market_aware_v1,61.81,54.693,166.041,30.983,0.811,76.111,74.407,1.97
0899f8c8-aa75-4d1a-90f1-cec618fd1579,2026-04-25T17:12:09.299418-04:00,node-01,payments-api,429,True,normal,market_aware_v1,53.541,57.19,169.714,29.633,0.694,73.165,56.391,1.758
8a2bf3fe-8b11-416c-8bc0-b7c343fc9f88,2026-04-25T17:12:09.299856-04:00,node-01,orders-api,200,True,normal,market_aware_v1,64.06,51.152,129.916,35.367,0.478,69.367,94.619,1.346
42808f21-81b7-44da-8490-deca4da1dd01,2026-04-25T17:12:09.300325-04:00,node-01,checkout-api,200,True,normal,market_aware_v1,57.319,54.246,156.837,28.317,0.619,69.242,76.896,1.519
b3a29b94-7b45-428a-9387-9c59b3cca192,2026-04-25T17:12:09.300818-04:00,node-01,payments-api,502,True,anomalous,market_aware_v1,59.543,61.328,186.043,28.763,0.966,81.874,50.996,2.227
3dc069ec-d7b9-4da9-806b-0b62911d5a3e,2026-04-25T17:12:09.301287-04:00,node-01,orders-api,429,True,normal,market_aware_v1,64.577,54.142,151.265,31.805,0.63,71.674,94.071,1.401
fa7a127e-5ece-40cd-8f9d-da9472474a45,2026-04-25T17:12:09.301731-04:00,node-01,checkout-api,200,True,normal,market_aware_v1,62.82,50.952,153.344,29.78,0.706,72.276,66.394,1.659
0d38ab21-0ecb-492c-bc30-7d86544df703,2026-04-25T17:12:09.302285-04:00,node-01,payments-api,200,True,normal,market_aware_v1,57.595,57.562,177.818,27.418,0.657,75.83,59.834,1.525
f990fe52-a17c-43aa-b453-42a295c4f842,2026-04-25T17:12:09.302766-04:00,node-01,orders-api,429,True,normal,market_aware_v1,58.91,50.957,147.472,33.948,0.561,73.49,90.165,1.409
ce6433fa-7a88-4c0d-8aa6-694ca99dea03,2026-04-25T17:12:09.303247-04:00,node-01,checkout-api,200,True,normal,market_aware_v1,58.373,50.28,152.484,28.775,0.761,77.926,68.191,1.678
0f36de54-be4d-443e-84df-f1cfb640b2c1,2026-04-25T17:12:09.303699-04:00,node-01,payments-api,429,True,normal,market_aware_v1,52.047,57.212,159.743,28.737,0.652,76.353,59.843,1.717
113cab71-7f4f-425d-8115-584bd4ef6279,2026-04-25T17:12:09.304651-04:00,node-01,orders-api,200,True,normal,market_aware_v1,61.178,47.539,150.93,33.723,0.508,74.725,90.505,1.419
400b90ca-513b-4853-a97d-3164310225c9,2026-04-25T17:12:09.305162-04:00,node-01,checkout-api,200,True,normal,market_aware_v1,55.536,54.898,161.676,30.981,0.754,71.009,68.401,1.718
755cb54e-5cac-4f1e-8054-d811effddba2,2026-04-25T17:12:09.305670-04:00,node-01,payments-api,200,True,normal,market_aware_v1,54.241,57.099,177.833,26.197,0.783,81.39,48.428,1.929
aec28d5c-71df-4feb-9d21-17d97e4d5455,2026-04-25T17:12:09.306154-04:00,node-01,orders-api,200,True,normal,market_aware_v1,60.518,45.921,151.79,30.485,0.564,71.708,82.74,1.445
4add6033-cf8e-4f55-bb33-76c571aa6df6,2026-04-25T17:12:09.306705-04:00,node-01,checkout-api,200,True,normal,market_aware_v1,54.942,47.593,159.733,29.61,0.746,77.316,65.189,1.875
26bc1414-3aa6-4ded-a38c-9f47da35d4ed,2026-04-25T17:12:09.307269-04:00,node-01,payments-api,200,True,normal,market_aware_v1,52.157,49.995,169.622,22.983,0.796,84.85,44.94,1.809
f993b367-51e4-4695-86a5-79b286c84e5f,2026-04-25T17:12:09.307776-04:00,node-01,orders-api,200,True,normal,market_aware_v1,57.982,48.313,139.038,31.255,0.52,68.506,87.221,1.399
c87262de-1e1d-433d-842b-3913d4a073d8,2026-04-25T17:12:09.308275-04:00,node-01,checkout-api,200,True,normal,market_aware_v1,55.263,46.562,160.016,29.04,0.807,77.641,59.333,1.827
a08f4541-6676-4811-806c-4df25021829d,2026-04-25T17:12:09.308826-04:00,node-01,payments-api,200,True,normal,market_aware_v1,50.182,50.704,154.498,23.637,0.572,66.701,48.618,1.393
289504bd-337c-448d-9d5a-bdb0104c5c9e,2026-04-25T17:12:09.309346-04:00,node-01,orders-api,200,True,normal,market_aware_v1,51.699,45.469,136.071,29.382,0.535,69.835,85.198,1.371
384a2720-8e0d-43ae-bad0-24b47405ed7c,2026-04-25T17:12:09.309859-04:00,node-01,checkout-api,200,True,normal,market_aware_v1,52.608,48.899,146.133,28.059,0.607,67.5,64.568,1.403
3d9fcd27-613b-4439-b71f-2556dceb4058,2026-04-25T17:12:09.310351-04:00,node-01,payments-api,200,True,normal,market_aware_v1,42.534,47.388,151.161,25.408,0.703,72.943,46.458,1.603
8c6b8e2a-91c7-4100-92f0-64054fed785a,2026-04-25T17:12:09.310867-04:00,node-01,orders-api,200,True,normal,market_aware_v1,49.381,40.955,131.93,31.048,0.543,65.902,77.509,1.291
cb58d481-2420-40e9-bcfc-61f7ac4a1176,2026-04-25T17:12:09.311363-04:00,node-01,checkout-api,429,True,normal,market_aware_v1,54.92,46.465,142.009,27.855,0.692,69.977,56.698,1.661
7f813e0a-06d8-49f7-89b4-58f9d76881a6,2026-04-25T17:12:09.311859-04:00,node-01,payments-api,200,True,normal,market_aware_v1,44.007,50.962,145.496,22.229,0.438,64.729,45.362,1.179
daaaffc2-ca7c-4525-8143-0b51dfa956cc,2026-04-25T17:12:09.312352-04:00,node-01,orders-api,429,True,normal,market_aware_v1,48.475,43.936,152.392,27.775,0.585,73.686,76.458,1.386
1fc8fe05-8e82-474c-832f-8213a3498734,2026-04-25T17:12:09.312938-04:00,node-01,checkout-api,429,True,normal,market_aware_v1,48.777,50.792,157.367,25.415,0.791,76.08,55.873,1.884
a9505c41-482e-41c3-9a79-738bb39d2691,2026-04-25T17:12:09.313417-04:00,node-01,payments-api,200,True,normal,market_aware_v1,46.54,51.625,157.947,24.533,0.574,73.291,49.485,1.534
7c181735-9235-4a0a-9332-0ac8d6089228,2026-04-25T17:12:09.313904-04:00,node-01,orders-api,200,True,normal,market_aware_v1,55.327,43.978,142.452,29.532,0.588,75.682,84.372,1.48
4e9a3b2a-943a-4838-a0a1-7d9250d4674b,2026-04-25T17:12:09.314405-04:00,node-01,checkout-api,200,True,normal,market_aware_v1,46.668,49.755,146.533,28.387,0.618,66.672,60.53,1.451
c68a0189-941b-4930-a420-35d37e1bd61b,2026-04-25T17:12:09.314940-04:00,node-01,payments-api,200,True,normal,market_aware_v1,46.47,50.137,160.038,26.225,0.615,71.247,47.513,1.599
9aee3a58-105c-4320-a5c8-cdc5766188d0,2026-04-25T17:12:09.315415-04:00,node-01,orders-api,200,True,normal,market_aware_v1,55.681,47.461,170.691,27.859,0.734,84.16,81.471,1.908
5ddf3ec2-d2d3-4c28-821c-fbeaa4910895,2026-04-25T17:12:09.315844-04:00,node-01,checkout-api,200,True,normal,market_aware_v1,49.86,52.207,149.528,30.357,0.666,69.213,66.222,1.536
27e1e410-0f2f-4836-94e5-844136a67d30,2026-04-25T17:12:09.316279-04:00,node-01,payments-api,503,True,normal,market_aware_v1,50.946,53.816,181.459,27.571,0.831,79.03,53.977,2.048
93710750-4143-4036-bf26-b9cf35d8f314,2026-04-25T17:12:09.316754-04:00,node-01,orders-api,200,True,normal,market_aware_v1,55.75,49.202,148.649,33.091,0.575,76.456,87.939,1.573
791dd110-9e25-44d2-97ba-9742670a5eb4,2026-04-25T17:12:09.317169-04:00,node-01,checkout-api,200,True,normal,market_aware_v1,57.035,51.249,156.861,28.026,0.701,71.481,63.999,1.601
e83101bd-e7cd-4b74-9c07-a0d5346b2110,2026-04-25T17:12:09.317617-04:00,node-01,payments-api,200,True,normal,market_aware_v1,54.96,55.798,176.859,25.387,0.714,84.286,51.885,1.916
85f72001-be4e-4f53-8694-c3212997a235,2026-04-25T17:12:09.318076-04:00,node-01,orders-api,429,True,normal,market_aware_v1,57.693,49.848,142.368,30.294,0.454,70.858,86.026,1.25
2240c325-a011-4151-ba8d-0f88b3b84a2e,2026-04-25T17:12:09.319619-04:00,node-01,checkout-api,429,True,normal,market_aware_v1,54.914,52.58,167.045,30.119,0.71,73.149,60.226,1.619
184bcda2-6fe9-4028-a06c-427e3f3e03fe,2026-04-25T17:12:09.320055-04:00,node-01,payments-api,200,True,normal,market_aware_v1,53.303,55.65,170.921,27.32,0.683,74.961,48.409,1.697
dc3c38c2-dcb9-46bd-89e5-da4301092b62,2026-04-25T17:12:09.320540-04:00,node-01,orders-api,429,True,normal,market_aware_v1,54.398,47.941,140.984,31.454,0.575,81.306,83.855,1.464
41ec0473-cf19-4df6-8cea-eb5fa1d1d2a3,2026-04-25T17:12:09.321026-04:00,node-01,checkout-api,429,True,normal,market_aware_v1,58.024,51.097,153.63,28.388,0.764,74.59,68.525,1.77
0e7e54bc-40a8-466d-9b86-32e3ad3966ee,2026-04-25T17:12:09.321502-04:00,node-01,payments-api,429,True,normal,market_aware_v1,58.462,55.436,169.696,26.129,0.686,78.508,57.214,1.768
128de753-102a-4ec2-9ef1-e66db66aa233,2026-04-25T17:12:09.322007-04:00,node-01,orders-api,200,True,normal,market_aware_v1,62.103,50.888,141.842,29.298,0.551,70.597,91.458,1.471
70d14986-7c6b-404a-acc9-f1e79c39e1ee,2026-04-25T17:12:09.322412-04:00,node-01,checkout-api,200,True,normal,market_aware_v1,59.462,50.248,167.616,31.226,0.792,78.38,62.721,1.878
c864dd53-307b-426f-bed2-dbda8640451d,2026-04-25T17:12:09.322903-04:00,node-01,payments-api,429,True,normal,market_aware_v1,53.19,55.423,172.634,28.119,0.596,77.163,51.811,1.709
cb65ed9e-db30-4523-8740-89138433ead9,2026-04-25T17:12:09.323380-04:00,node-01,orders-api,200,True,normal,market_aware_v1,64.199,49.481,135.171,31.322,0.504,68.809,89.016,1.313
f29cc1f5-a063-4cf0-aa99-0c7dbbd9992c,2026-04-25T17:12:09.323822-04:00,node-01,checkout-api,200,True,normal,market_aware_v1,60.062,52.7,161.237,29.218,0.797,77.511,63.036,1.807
2f29b5d4-5f4c-498f-a446-80eaf2be8397,2026-04-25T17:12:09.324319-04:00,node-01,payments-api,200,True,normal,market_aware_v1,50.194,54.37,168.217,27.066,0.693,76.877,54.445,1.786
e961d7dd-01d7-49f3-8e03-215066313f34,2026-04-25T17:12:09.324847-04:00,node-01,orders-api,200,True,normal,market_aware_v1,56.717,51.522,148.616,31.035,0.632,79.87,87.13,1.633
bf6d6edf-d8d2-4a7c-ba1d-96ac6cd511fb,2026-04-25T17:12:09.325324-04:00,node-01,checkout-api,200,True,normal,market_aware_v1,53.8,53.974,160.677,27.427,0.739,78.006,61.513,1.614
a78dfd94-a8bd-4ebf-98b9-f5105bfda370,2026-04-25T17:12:09.325838-04:00,node-01,payments-api,200,True,normal,market_aware_v1,52.203,52.385,157.051,26.892,0.645,74.181,53.239,1.538
87b17492-4997-421a-9747-b0b2f06cb154,2026-04-25T17:12:09.326403-04:00,node-01,orders-api,200,True,normal,market_aware_v1,52.045,47.16,157.407,30.7,0.69,78.314,83.012,1.687
7158dc2d-5042-40f5-b708-11f533b161c3,2026-04-25T17:12:09.326833-04:00,node-01,checkout-api,429,True,normal,market_aware_v1,52.326,53.965,144.059,29.918,0.664,70.052,63.249,1.484
eb7df9ee-a69d-4359-9a41-6cd6f31ace86,2026-04-25T17:12:09.327551-04:00,node-01,payments-api,429,True,normal,market_aware_v1,57.042,51.874,175.987,27.516,0.605,75.247,55.159,1.604
1d84ad38-46fc-4fda-a0df-bd45bb244933,2026-04-25T17:12:09.327945-04:00,node-01,orders-api,200,True,normal,market_aware_v1,52.447,45.369,128.972,29.495,0.47,63.819,87.873,1.218
88f082be-789b-47c6-b9fe-1dfa2676690c,2026-04-25T17:12:09.328403-04:00,node-01,checkout-api,429,True,normal,market_aware_v1,53.955,49.852,149.694,26.821,0.758,74.749,63.384,1.72
6d95b184-d650-473c-a31f-f68e100074b0,2026-04-25T17:12:09.328880-04:00,node-01,payments-api,200,True,normal,market_aware_v1,48.338,53.413,174.633,25.765,0.648,77.92,46.173,1.642
7e69ac0b-2c6a-4373-ba66-a785eaa97d9a,2026-04-25T17:12:09.329370-04:00,node-01,orders-api,200,True,normal,market_aware_v1,52.468,46.479,134.735,32.443,0.484,67.958,90.775,1.166
261d50cd-87ba-437f-95ac-9eefd5f863e0,2026-04-25T17:12:09.329871-04:00,node-01,checkout-api,429,True,normal,market_aware_v1,55.126,47.902,158.385,26.735,0.683,69.815,60.238,1.573
6fc48fc2-b268-4aa8-8b6e-2db06372bcf2,2026-04-25T17:12:09.330387-04:00,node-01,payments-api,503,True,normal,market_aware_v1,51.015,54.579,188.038,25.058,0.89,87.07,47.74,2.438
85a75b8e-ef9a-4a34-ab5f-333f7a90ccca,2026-04-25T17:12:09.330855-04:00,node-01,orders-api,429,True,normal,market_aware_v1,56.892,45.149,151.376,31.376,0.667,76.198,79.326,1.743
70ef8235-523b-42c1-b839-beb76269cd4a,2026-04-25T17:12:09.331304-04:00,node-01,checkout-api,200,True,normal,market_aware_v1,55.887,51.072,158.615,26.806,0.722,75.948,61.052,1.756
a81af084-ad6d-479b-9d10-40c48bbb63a5,2026-04-25T17:12:09.331714-04:00,node-01,payments-api,200,True,normal,market_aware_v1,46.913,54.163,167.274,22.887,0.761,81.878,49.427,1.766
54b5646a-f28e-457f-870b-6b2525522572,2026-04-25T17:12:09.332105-04:00,node-01,orders-api,429,True,anomalous,market_aware_v1,58.878,51.079,151.167,28.917,0.818,76.031,77.758,1.789
1e10d30a-ac18-4c1d-851d-b8ffde0a0432,2026-04-25T17:12:09.332521-04:00,node-01,checkout-api,200,True,normal,market_aware_v1,53.659,49.486,164.22,28.113,0.677,72.246,66.996,1.678
09943877-e264-4511-852b-7fc65529565f,2026-04-25T17:12:09.332945-04:00,node-01,payments-api,429,True,normal,market_aware_v1,54.28,54.571,181.162,28.272,0.772,82.293,43.702,1.986
deb0ac8a-9a27-4011-bd81-e0a6de9fdcf7,2026-04-25T17:12:09.333416-04:00,node-01,orders-api,429,True,normal,market_aware_v1,54.962,46.717,145.362,30.791,0.62,71.748,87.313,1.433
7dae1ec3-faf4-42ab-ad23-3776e396538a,2026-04-25T17:12:09.333808-04:00,node-01,checkout-api,200,True,normal,market_aware_v1,51.837,55.515,148.746,30.119,0.726,71.374,67.068,1.63
91f7d399-317a-4b41-aeea-18ab59c1733a,2026-04-25T17:12:09.334184-04:00,node-01,payments-api,200,True,normal,market_aware_v1,53.183,52.167,157.306,26.35,0.663,73.404,54.842,1.571
33a76558-2ec2-4a5f-b5f3-f12a2776a1fe,2026-04-25T17:12:09.334609-04:00,node-01,orders-api,200,True,normal,market_aware_v1,60.374,48.436,149.947,31.506,0.581,78.137,89.639,1.52
3f9f19fa-0936-4397-ae3d-9545c7e20b56,2026-04-25T17:12:09.335091-04:00,node-01,checkout-api,429,True,normal,market_aware_v1,57.884,53.697,169.267,29.123,0.807,80.269,62.657,1.914
02eab1ed-fa6e-46e0-a3ec-23c0c083609a,2026-04-25T17:12:09.335562-04:00,node-01,payments-api,200,True,normal,market_aware_v1,55.197,59.672,156.829,28.026,0.697,76.041,54.127,1.631
da211098-c912-4f59-9aac-7eadac57694b,2026-04-25T17:12:09.336037-04:00,node-01,orders-api,502,True,anomalous,market_aware_v1,58.677,53.576,167.687,34.892,0.936,84.848,80.242,2.094
b0353a96-6d79-45f0-8d3e-c68b2455630a,2026-04-25T17:12:09.336505-04:00,node-01,checkout-api,429,True,normal,market_aware_v1,60.292,55.951,162.678,32.418,0.718,80.865,69.038,1.719
f2f2af55-2670-4371-a8b9-9cca79208c12,2026-04-25T17:12:09.336969-04:00,node-01,payments-api,200,True,normal,market_aware_v1,56.489,56.632,158.886,26.27,0.702,78.617,59.871,1.661
27aaa7e9-ab85-4572-a22d-6cc1dd4d3b52,2026-04-25T17:12:09.337409-04:00,node-01,orders-api,503,True,anomalous,market_aware_v1,64.566,53.772,172.386,35.868,1.008,91.106,85.953,2.285
41ac5e15-7072-4e62-9f31-f314509af91b,2026-04-25T17:12:09.337854-04:00,node-01,checkout-api,500,True,normal,market_aware_v1,61.28,56.104,173.596,31.435,0.865,86.945,67.775,2.072
691f9ebb-38f4-42f0-b816-4bf278367ae6,2026-04-25T17:12:09.338259-04:00,node-01,payments-api,503,True,normal,market_aware_v1,58.38,58.235,198.112,29.385,0.854,90.341,58.329,2.378
dffeb12e-6a55-4e8c-9331-1645d03058da,2026-04-25T17:12:09.338657-04:00,node-01,orders-api,429,True,normal,market_aware_v1,67.901,53.005,165.746,31.241,0.633,81.641,94.768,1.548
6dd41152-7383-4086-9a55-b9d0daf37db6,2026-04-25T17:12:09.339039-04:00,node-01,checkout-api,200,True,normal,market_aware_v1,62.352,52.901,173.662,29.167,0.8,78.279,68.748,1.893
4f387b60-f164-4798-8301-d68d53982d93,2026-04-25T17:12:09.339419-04:00,node-01,payments-api,200,True,normal,market_aware_v1,54.366,59.055,179.166,29.068,0.686,80.076,56.59,1.822
946837b6-8dac-48ef-b001-60d801f141df,2026-04-25T17:12:09.339912-04:00,node-01,orders-api,200,True,normal,market_aware_v1,62.821,54.312,151.048,35.988,0.56,70.482,95.869,1.464
2289db7f-e63f-4192-bfdd-088a4d19e3db,2026-04-25T17:12:09.340386-04:00,node-01,checkout-api,200,True,normal,market_aware_v1,64.674,51.961,163.358,34.214,0.676,73.092,69.023,1.753
ed2b8a20-9908-4be2-be9c-74a8386cd5ec,2026-04-25T17:12:09.340844-04:00,node-01,payments-api,503,True,anomalous,market_aware_v1,56.582,57.518,200.513,29.232,1.146,87.39,53.716,2.465
960b78e2-8e5f-4e55-8bae-630aac0a5a98,2026-04-25T17:12:09.341260-04:00,node-01,orders-api,200,True,normal,market_aware_v1,62.727,49.85,153.721,31.819,0.592,78.446,94.361,1.476
67c263d0-5c47-48bf-9996-b428a3a7ddcb,2026-04-25T17:12:09.341659-04:00,node-01,checkout-api,503,True,normal,market_aware_v1,59.739,48.26,173.066,30.702,0.856,82.179,68.87,2.04
c85ac298-ba53-41a3-8b74-7d7e555eb8ff,2026-04-25T17:12:09.342075-04:00,node-01,payments-api,200,True,normal,market_aware_v1,52.963,50.7,177.368,26.907,0.684,86.317,49.272,1.787
f5a1ae9c-a294-489c-a8af-b5e82f69ee7f,2026-04-25T17:12:09.342485-04:00,node-01,orders-api,429,True,normal,market_aware_v1,59.294,49.98,158.456,31.362,0.609,76.761,80.665,1.684
d9d195b5-4631-42f9-8b0b-cdaf1a567947,2026-04-25T17:12:09.342884-04:00,node-01,checkout-api,500,True,normal,market_aware_v1,52.988,49.605,171.375,27.829,0.768,79.456,61.744,2.014
7cd07365-7e13-4498-8113-cc7623b436eb,2026-04-25T17:12:09.343269-04:00,node-01,payments-api,200,True,normal,market_aware_v1,50.076,50.235,164.851,26.247,0.553,68.305,49.622,1.376
8e62169a-127a-4977-8f13-e9a144d9cfbc,2026-04-25T17:12:09.343670-04:00,node-01,orders-api,429,True,normal,market_aware_v1,57.26,42.448,153.996,31.228,0.637,78.912,76.976,1.648
0fd42ed9-93fe-49d2-b2bf-59f920793d7a,2026-04-25T17:12:09.344107-04:00,node-01,checkout-api,200,True,normal,market_aware_v1,52.512,47.139,153.426,28.635,0.667,71.202,61.403,1.637
4d469ebe-a9f9-49f9-890e-333ea1e18dfa,2026-04-25T17:12:09.344630-04:00,node-01,payments-api,200,True,normal,market_aware_v1,45.458,49.883,169.92,26.213,0.753,80.12,45.353,1.87
602cc189-e8b9-4750-b9b6-fe1e7545a742,2026-04-25T17:12:09.345033-04:00,node-01,orders-api,429,True,normal,market_aware_v1,58.85,47.993,129.274,31.296,0.376,66.552,83.137,1.154
b5d54706-5ce1-4b48-aeec-2f11ade77f7f,2026-04-25T17:12:09.345482-04:00,node-01,checkout-api,200,True,normal,market_aware_v1,55.402,49.032,154.084,28.12,0.638,71.195,56.271,1.501
73e74de6-5f0a-43ca-a91e-b3e8281590dc,2026-04-25T17:12:09.345975-04:00,node-01,payments-api,200,True,normal,market_aware_v1,50.5,50.4,173.595,23.869,0.687,74.067,42.369,1.642
905609af-dc90-4e5e-9d4c-4c30d1bcbd0a,2026-04-25T17:12:09.346411-04:00,node-01,orders-api,200,True,normal,market_aware_v1,50.237,44.556,130.342,28.335,0.537,75.802,80.074,1.486
9bd13188-a57e-461f-81d0-19b9b9d2b9a3,2026-04-25T17:12:09.346826-04:00,node-01,checkout-api,200,True,normal,market_aware_v1,49.08,47.262,155.839,25.221,0.676,72.702,53.708,1.652
cbdf1e51-f9e4-4b75-be0d-73a333c6f155,2026-04-25T17:12:09.347211-04:00,node-01,payments-api,429,True,normal,market_aware_v1,44.291,49.826,164.98,24.438,0.646,72.485,44.551,1.685
44cefd3f-3b14-4e56-ab76-201a711c79f8,2026-04-25T17:12:09.347728-04:00,node-01,orders-api,429,True,normal,market_aware_v1,55.414,47.7,145.67,27.535,0.556,78.273,80.591,1.54
7938ac1e-966d-4ede-8c9b-9a3a2dd4d634,2026-04-25T17:12:09.348214-04:00,node-01,checkout-api,429,True,normal,market_aware_v1,51.925,48.747,151.167,27.213,0.599,71.748,56.616,1.619
d7a6515a-6b6c-4927-8c09-aa65e2b4f69a,2026-04-25T17:12:09.348714-04:00,node-01,payments-api,429,True,normal,market_aware_v1,49.846,47.097,169.672,25.344,0.683,77.765,48.127,1.809
d8ebe970-235b-4948-989e-1c7aca2993ee,2026-04-25T17:12:09.349235-04:00,node-01,orders-api,200,True,normal,market_aware_v1,53.328,45.261,159.576,29.928,0.677,76.883,78.473,1.475
78a73b37-628d-435a-9870-98e6ec57ab3f,2026-04-25T17:12:09.349685-04:00,node-01,checkout-api,200,True,normal,market_aware_v1,52.475,47.647,162.271,30.281,0.664,76.19,55.859,1.787
a0140189-0ca4-4a20-8d44-211ebe323eef,2026-04-25T17:12:09.350138-04:00,node-01,payments-api,200,True,normal,market_aware_v1,50.417,50.783,175.861,24.645,0.656,81.736,48.592,1.812
1e932fc7-cb96-44d1-a60f-c3395636f010,2026-04-25T17:12:09.350583-04:00,node-01,orders-api,200,True,normal,market_aware_v1,54.554,46.894,143.805,28.278,0.512,74.454,84.617,1.422
e71923c5-c340-44fc-9767-53311cc07db5,2026-04-25T17:12:09.351021-04:00,node-01,checkout-api,429,True,normal,market_aware_v1,52.963,47.321,150.081,27.845,0.66,71.314,59.831,1.597
6d3a3cee-4115-4152-8071-8a1ae963f48d,2026-04-25T17:12:09.351416-04:00,node-01,payments-api,200,True,normal,market_aware_v1,49.041,50.166,160.728,25.207,0.706,75.853,46.68,1.622
624774ee-a7ff-41c9-a401-b746267edf9a,2026-04-25T17:12:09.351839-04:00,node-01,orders-api,200,True,anomalous,market_aware_v1,61.373,47.334,152.656,32.794,0.856,72.772,83.032,1.882
40e8a40d-ed02-4142-a1ae-bb82d39d62d3,2026-04-25T17:12:09.352274-04:00,node-01,checkout-api,200,True,normal,market_aware_v1,56.154,48.886,170.531,27.796,0.71,78.799,62.787,1.756
f75af576-d8ad-45a8-86c8-7c27e8d62dd6,2026-04-25T17:12:09.352700-04:00,node-01,payments-api,200,True,normal,market_aware_v1,47.615,54.907,165.073,27.082,0.634,74.287,57.478,1.759
e15c33fd-8979-4b8d-ae50-b937f7aaacaa,2026-04-25T17:12:09.353083-04:00,node-01,orders-api,200,True,normal,market_aware_v1,58.559,50.515,142.161,30.128,0.524,71.473,91.746,1.398
96c6040a-84e6-4bb1-9417-5e7673b18d3a,2026-04-25T17:12:09.353482-04:00,node-01,checkout-api,200,True,normal,market_aware_v1,58.95,50.281,150.451,28.988,0.703,68.046,68.655,1.57
8e32c008-a2ae-49d8-978d-dc72e347b0b0,2026-04-25T17:12:09.353881-04:00,node-01,payments-api,200,True,normal,market_aware_v1,53.135,54.211,171.099,28.008,0.732,84.083,48.495,1.916
3b76f86e-cedd-4937-874e-d994130a387b,2026-04-25T17:12:09.354312-04:00,node-01,orders-api,200,True,normal,market_aware_v1,60.329,53.794,137.276,33.731,0.585,74.426,93.216,1.477
4b18156c-fd0f-462d-9183-35c2dc1796f1,2026-04-25T17:12:09.355281-04:00,node-01,checkout-api,500,True,normal,market_aware_v1,60.424,56.118,193.008,32.758,1.058,92.853,62.54,2.62
8da8e857-c8fc-4d11-958f-188cd9cde3c1,2026-04-25T17:12:09.355786-04:00,node-01,payments-api,429,True,normal,market_aware_v1,56.583,55.75,169.74,26.019,0.615,74.397,53.097,1.64
0a9fb1ca-9399-4f02-b3ed-0fca9d556ec1,2026-04-25T17:12:09.356224-04:00,node-01,orders-api,200,True,normal,market_aware_v1,58.528,45.311,165.228,31.472,0.603,80.154,88.883,1.544
d7e86834-5727-46e0-b7f0-45169f3430f0,2026-04-25T17:12:09.356660-04:00,node-01,checkout-api,502,True,anomalous,market_aware_v1,63.189,54.825,188.851,32.209,1.113,91.093,59.454,2.516
6841176e-29d1-4466-bc04-e0664757cc76,2026-04-25T17:12:09.357107-04:00,node-01,payments-api,500,True,normal,market_aware_v1,57.581,59.182,197.927,29.136,1.0,95.566,47.674,2.595
d2b10021-3cd5-4cbe-8112-8477a6dcc568,2026-04-25T17:12:09.357506-04:00,node-01,orders-api,429,True,normal,market_aware_v1,57.535,50.015,152.914,31.737,0.663,76.459,94.471,1.564
6bbf4f64-8139-4dfe-85c0-8718a581530f,2026-04-25T17:12:09.357965-04:00,node-01,checkout-api,200,True,normal,market_aware_v1,56.506,54.156,160.395,27.229,0.764,79.454,64.141,1.879
34517ab8-47fd-4b00-ac72-a17517796dc3,2026-04-25T17:12:09.358407-04:00,node-01,payments-api,200,True,normal,market_aware_v1,56.897,55.55,168.842,25.088,0.756,81.962,51.302,1.768
9d184164-813f-4b0a-917e-63db73e9f702,2026-04-25T17:12:09.358834-04:00,node-01,orders-api,429,True,normal,market_aware_v1,59.724,48.98,158.886,29.032,0.713,82.443,83.421,1.782
9643c0d8-d4ef-4d31-afb1-3e1c6ed44801,2026-04-25T17:12:09.359266-04:00,node-01,checkout-api,429,True,normal,market_aware_v1,62.784,49.33,171.031,27.576,0.729,78.476,67.648,1.854
15f0d0c1-3016-47cf-8a2d-c576289b951c,2026-04-25T17:12:09.359682-04:00,node-01,payments-api,200,True,normal,market_aware_v1,48.808,56.462,168.102,25.313,0.707,82.337,48.369,1.886
517edda5-2930-4258-b7f7-55c195e24cc0,2026-04-25T17:12:09.360150-04:00,node-01,orders-api,200,True,normal,market_aware_v1,59.002,49.334,139.159,30.369,0.512,74.32,88.758,1.384
da7b54d7-490e-455b-b2a8-84edf42457e2,2026-04-25T17:12:09.360652-04:00,node-01,checkout-api,200,True,normal,market_aware_v1,53.946,51.901,174.403,28.906,0.737,79.352,62.213,1.839
d82a0091-0b93-4dfb-91d9-6eadd2f2c41a,2026-04-25T17:12:09.361126-04:00,node-01,payments-api,200,True,normal,market_aware_v1,50.232,50.296,176.997,24.506,0.715,79.719,51.059,1.837
ee12cf3e-d30d-4f1e-982c-9b589e46eec9,2026-04-25T17:12:09.361609-04:00,node-01,orders-api,200,True,normal,market_aware_v1,57.799,47.176,144.436,28.67,0.597,76.476,86.774,1.395
52724a3b-e8a6-4306-b0c3-ecd9ebd15ce7,2026-04-25T17:12:09.362053-04:00,node-01,checkout-api,502,True,normal,market_aware_v1,56.038,50.238,170.974,29.208,0.84,81.306,63.089,2.029
fe353e76-034c-4453-9474-4119c9cedd3c,2026-04-25T17:12:09.362465-04:00,node-01,payments-api,200,True,normal,market_aware_v1,47.75,52.462,170.035,24.701,0.718,83.435,49.691,1.897
be03471c-2325-418f-895e-fa3015384585,2026-04-25T17:12:09.362887-04:00,node-01,orders-api,200,True,normal,market_aware_v1,53.832,44.98,139.93,32.173,0.587,73.726,80.558,1.376
f3cc8fbb-a724-4801-a0b4-4ce3694115f1,2026-04-25T17:12:09.363368-04:00,node-01,checkout-api,200,True,normal,market_aware_v1,58.28,47.103,165.563,28.015,0.731,77.284,56.768,1.93
ee07e639-c734-4295-b844-06bf45cb788e,2026-04-25T17:12:09.363784-04:00,node-01,payments-api,200,True,normal,market_aware_v1,49.275,51.817,177.824,27.282,0.737,79.184,42.412,1.84
a3df2ca2-afd8-4064-bb52-b7ee615658e8,2026-04-25T17:12:09.364187-04:00,node-01,orders-api,429,True,normal,market_aware_v1,51.612,47.001,145.921,29.512,0.586,76.574,81.083,1.493
307bd2bd-5e8c-4f95-94f6-1706c798d8ac,2026-04-25T17:12:09.364609-04:00,node-01,checkout-api,429,True,anomalous,market_aware_v1,53.007,56.074,170.916,28.804,1.127,80.406,55.032,2.339
5f7ee5ef-adf4-40ae-8d63-5121e6784a66,2026-04-25T17:12:09.365022-04:00,node-01,payments-api,502,True,normal,market_aware_v1,50.107,48.952,172.393,24.347,0.708,85.029,46.02,2.022
4a64736c-88c0-45dd-bbd0-21d0c415cbee,2026-04-25T17:12:09.365416-04:00,node-01,orders-api,429,True,normal,market_aware_v1,56.764,44.361,147.722,31.355,0.554,72.797,81.844,1.37
22cdec3f-5d4c-44ee-ae20-86b1f8c72b74,2026-04-25T17:12:09.365835-04:00,node-01,checkout-api,200,True,normal,market_aware_v1,49.663,50.448,147.575,26.494,0.662,73.06,59.958,1.722
80de3b1c-f464-4889-93f7-629ca032aa56,2026-04-25T17:12:09.366248-04:00,node-01,payments-api,429,True,anomalous,market_aware_v1,49.206,51.991,173.764,27.668,0.977,81.893,46.986,2.164
9195431f-537a-47c9-92ae-d97ce4ae9e61,2026-04-25T17:12:09.366665-04:00,node-01,orders-api,200,True,normal,market_aware_v1,58.532,45.393,149.811,30.698,0.568,77.286,86.83,1.389
838984ab-1d7f-4c75-a9a2-2afde0376449,2026-04-25T17:12:09.367062-04:00,node-01,checkout-api,200,True,normal,market_aware_v1,57.366,51.222,171.137,29.922,0.739,78.882,63.563,1.774
3e830c00-ded7-45ee-ad76-1376411ac5c5,2026-04-25T17:12:09.367471-04:00,node-01,payments-api,200,True,normal,market_aware_v1,48.891,53.212,172.168,23.848,0.618,76.237,54.324,1.669
af9820f8-c4a7-495a-9b72-a424cb891425,2026-04-25T17:12:09.367867-04:00,node-01,orders-api,200,True,normal,market_aware_v1,60.882,48.878,142.39,32.264,0.626,74.017,88.377,1.549
145c67dd-7850-4c20-9eeb-d99fa81ad335,2026-04-25T17:12:09.368306-04:00,node-01,checkout-api,429,True,normal,market_aware_v1,58.204,54.484,172.566,30.504,0.804,82.819,62.821,1.997
2bd3d174-8e7c-44fe-b68d-506271a9dacf,2026-04-25T17:12:09.368720-04:00,node-01,payments-api,500,True,normal,market_aware_v1,56.964,54.313,207.335,28.273,0.98,93.792,50.092,2.569
8aacf6d1-25dd-481c-acd3-5885c1614658,2026-04-25T17:12:09.369137-04:00,node-01,orders-api,429,True,normal,market_aware_v1,61.646,50.081,151.035,31.283,0.562,79.52,90.137,1.539
469d3603-0f6a-4a26-b4f1-e61fe0c12d4f,2026-04-25T17:12:09.369557-04:00,node-01,checkout-api,200,True,normal,market_aware_v1,59.659,52.911,161.414,29.902,0.686,74.203,67.643,1.636
010c5571-8252-492d-acad-e4ff6d59cc1c,2026-04-25T17:12:09.369996-04:00,node-01,payments-api,429,True,normal,market_aware_v1,54.727,54.08,165.88,26.698,0.705,80.083,61.072,1.715
1c6e3008-8fa5-4349-b1f1-0c313800bfa2,2026-04-25T17:12:09.370481-04:00,node-01,orders-api,200,True,normal,market_aware_v1,61.946,50.993,139.126,32.51,0.559,72.905,99.631,1.381
efcd1fe9-a3e2-40c6-b94a-736c82f9d96e,2026-04-25T17:12:09.370977-04:00,node-01,checkout-api,200,True,normal,market_aware_v1,61.143,54.485,169.196,30.933,0.766,78.42,69.808,1.761
fc2e0afe-953d-4885-b150-bb439a978ac1,2026-04-25T17:12:09.371417-04:00,node-01,payments-api,502,True,normal,market_aware_v1,56.381,56.044,177.921,27.055,0.807,80.681,57.112,2.079
9081baca-1231-4cd4-8710-ee9bb9874600,2026-04-25T17:12:09.371875-04:00,node-01,orders-api,200,True,normal,market_aware_v1,64.167,52.879,150.81,31.248,0.685,74.691,100.243,1.619
1e4781d3-85e5-4821-9484-9340d8dd5d34,2026-04-25T17:12:09.372356-04:00,node-01,checkout-api,429,True,normal,market_aware_v1,64.375,54.945,167.454,29.473,0.788,76.435,69.433,1.868
62c55746-b3b3-4163-a20a-52bb0965a58a,2026-04-25T17:12:09.372779-04:00,node-01,payments-api,429,True,normal,market_aware_v1,56.832,55.626,176.108,26.595,0.718,79.764,51.014,1.783
4ca24e4c-6667-4b86-8373-98b0dc887523,2026-04-25T17:12:09.373175-04:00,node-01,orders-api,429,True,normal,market_aware_v1,59.925,52.733,172.136,32.432,0.82,93.516,90.182,2.211
c6aa2075-60a4-4bc0-87cb-373bf21fd60d,2026-04-25T17:12:09.373567-04:00,node-01,checkout-api,502,True,normal,market_aware_v1,61.184,54.806,179.75,29.233,0.893,86.859,61.943,2.098
81468444-41a7-4835-bc01-5555e45b00e9,2026-04-25T17:12:09.373967-04:00,node-01,payments-api,200,True,normal,market_aware_v1,55.1,56.983,166.722,28.814,0.715,79.948,59.767,1.847
47bc115c-44ff-43ab-b523-8d899de920b7,2026-04-25T17:12:09.374416-04:00,node-01,orders-api,200,True,normal,market_aware_v1,63.462,46.993,163.683,31.565,0.614,84.455,85.568,1.666
686bc4b1-866a-4ee4-a5ea-3e39590814eb,2026-04-25T17:12:09.374898-04:00,node-01,checkout-api,200,True,normal,market_aware_v1,59.362,53.194,161.512,30.075,0.728,76.785,65.238,1.7
640c3682-f8f9-488b-9bdd-cd8162e9afaf,2026-04-25T17:12:09.375371-04:00,node-01,payments-api,200,True,normal,market_aware_v1,52.809,54.897,160.227,29.072,0.655,72.119,56.674,1.538
8b0020a9-fe5a-449b-a30c-d176c30791de,2026-04-25T17:12:09.375930-04:00,node-01,orders-api,200,True,normal,market_aware_v1,59.734,46.083,147.927,32.713,0.649,80.445,83.832,1.708
9fcebae7-d39b-4c57-a6e5-80d2d4821392,2026-04-25T17:12:09.376430-04:00,node-01,checkout-api,200,True,normal,market_aware_v1,56.029,52.994,169.861,28.746,0.766,80.395,59.369,1.859
65dad2dc-9e4d-4d4f-ae61-7269052f0be0,2026-04-25T17:12:09.376931-04:00,node-01,payments-api,200,True,normal,market_aware_v1,51.372,51.341,183.595,28.04,0.716,86.453,41.218,1.835
6cbdbd08-9f00-43f3-8653-12a6cd82d1e8,2026-04-25T17:12:09.377459-04:00,node-01,orders-api,200,True,normal,market_aware_v1,56.288,46.611,143.204,29.503,0.641,70.762,81.627,1.471
43ce2a3a-441d-44d7-8e63-311c4612e261,2026-04-25T17:12:09.377905-04:00,node-01,checkout-api,429,True,normal,market_aware_v1,54.169,50.341,168.023,30.902,0.813,79.605,58.293,2.001
53573115-508b-4e65-b0ff-3c544e8d2fa9,2026-04-25T17:12:09.378325-04:00,node-01,payments-api,200,True,normal,market_aware_v1,46.747,48.212,161.841,25.938,0.673,74.585,50.852,1.577
de677423-499f-4a7e-91a7-837ae571a17b,2026-04-25T17:12:09.378771-04:00,node-01,orders-api,200,True,normal,market_aware_v1,56.811,44.781,150.433,29.186,0.682,81.783,77.153,1.851
c1d40d17-35c7-4d3b-a432-99c0716e23df,2026-04-25T17:12:09.379175-04:00,node-01,checkout-api,200,True,normal,market_aware_v1,49.756,52.589,172.739,26.648,0.788,81.814,49.103,1.958
e8f40a69-bef3-43c2-b38f-a7737da5ffa4,2026-04-25T17:12:09.379577-04:00,node-01,payments-api,200,True,normal,market_aware_v1,47.875,50.09,148.764,24.247,0.569,68.533,51.162,1.487
d6827b11-94de-4758-b13a-fb6deb7ba469,2026-04-25T17:12:09.380012-04:00,node-01,orders-api,200,True,normal,market_aware_v1,50.758,44.857,151.384,30.182,0.582,76.942,78.08,1.549
29234bd2-9743-45de-8393-16686608acb3,2026-04-25T17:12:09.380416-04:00,node-01,checkout-api,429,True,normal,market_aware_v1,51.289,50.065,152.514,26.767,0.651,70.418,67.956,1.65
2efa8b31-8b34-4a98-8945-132d0762017d,2026-04-25T17:12:09.380856-04:00,node-01,payments-api,200,True,normal,market_aware_v1,47.34,53.29,181.915,20.725,0.775,81.088,44.735,1.843
bc4e514f-c2fb-473d-b5c9-68709a19e1be,2026-04-25T17:12:09.381304-04:00,node-01,orders-api,200,True,normal,market_aware_v1,52.694,46.356,141.218,28.661,0.606,71.3,78.678,1.398
3921fc6f-09b4-47b4-9e7c-2f45bd914d5c,2026-04-25T17:12:09.381710-04:00,node-01,checkout-api,200,True,normal,market_aware_v1,49.783,49.73,148.632,27.305,0.723,74.779,59.389,1.653
08fa50ec-d55b-4d57-9b47-66330fcde239,2026-04-25T17:12:09.382114-04:00,node-01,payments-api,200,True,normal,market_aware_v1,47.55,50.883,172.499,23.419,0.744,81.113,44.876,1.852
ed6ce16e-c47f-4070-a447-c97f148ec9ee,2026-04-25T17:12:09.382511-04:00,node-01,orders-api,200,True,normal,market_aware_v1,53.138,46.784,133.1,27.912,0.548,69.881,76.874,1.335
8e9683d5-29ed-47d5-891c-2808ae14ac96,2026-04-25T17:12:09.382911-04:00,node-01,checkout-api,200,True,normal,market_aware_v1,50.931,52.997,160.548,28.984,0.727,79.407,54.42,1.666
1b048864-75d8-4bef-9595-a4b28e9869a7,2026-04-25T17:12:09.383320-04:00,node-01,payments-api,200,True,normal,market_aware_v1,48.67,51.42,169.661,22.12,0.677,77.167,52.42,1.603
69639c27-df85-42b9-8ac9-af9588e16ae0,2026-04-25T17:12:09.383772-04:00,node-01,orders-api,200,True,normal,market_aware_v1,50.965,48.385,152.254,30.747,0.437,70.584,85.498,1.192
17961f64-6f67-4c02-9d8b-bfb745bc02cf,2026-04-25T17:12:09.384211-04:00,node-01,checkout-api,200,True,normal,market_aware_v1,57.482,44.718,172.924,29.469,0.736,77.841,58.848,1.784
bdad19eb-735a-4a2b-bc26-8cd1c5ffccb5,2026-04-25T17:12:09.384667-04:00,node-01,payments-api,200,True,normal,market_aware_v1,48.457,47.646,168.183,24.956,0.567,76.131,49.269,1.509
bf5a3998-5a37-49e2-8730-9fad1f87ca24,2026-04-25T17:12:09.385157-04:00,node-01,orders-api,200,True,normal,market_aware_v1,59.856,49.51,165.962,30.823,0.684,86.236,80.254,1.852
9c3de8d6-5749-4642-b145-24c02e2ffaac,2026-04-25T17:12:09.385666-04:00,node-01,checkout-api,200,True,normal,market_aware_v1,60.315,50.101,154.908,27.405,0.703,71.94,59.085,1.689
c42a0f24-1702-4206-99de-d1bfe72066da,2026-04-25T17:12:09.386153-04:00,node-01,payments-api,200,True,normal,market_aware_v1,50.217,54.638,175.129,24.495,0.822,83.066,46.441,1.932
6a9a2b04-ceaf-48f3-8fa7-af2e09c7085f,2026-04-25T17:12:09.386629-04:00,node-01,orders-api,429,True,normal,market_aware_v1,61.672,47.286,151.7,33.086,0.592,78.219,91.319,1.545
76344a3b-e8ef-4d34-8c44-78b68dabc4fc,2026-04-25T17:12:09.387063-04:00,node-01,checkout-api,429,True,normal,market_aware_v1,55.089,55.271,167.24,28.758,0.748,81.988,60.292,1.913
b044b6a3-591a-463e-b800-387f2c1b0052,2026-04-25T17:12:09.387513-04:00,node-01,payments-api,200,True,normal,market_aware_v1,52.698,56.365,170.323,28.189,0.679,75.379,52.698,1.715
ab0909b6-998d-45ca-bb8a-1ecb7c63df43,2026-04-25T17:12:09.387962-04:00,node-01,orders-api,429,True,normal,market_aware_v1,63.837,52.099,171.027,33.441,0.762,86.529,82.008,1.938
9331c788-494a-457d-80cb-1d8816aa4ae5,2026-04-25T17:12:09.388422-04:00,node-01,checkout-api,200,True,normal,market_aware_v1,60.227,51.291,177.288,30.492,0.823,83.053,59.807,1.961
89a36853-3361-42d8-8c39-aee524c0cad8,2026-04-25T17:12:09.388906-04:00,node-01,payments-api,429,True,normal,market_aware_v1,53.846,58.499,174.635,28.006,0.857,87.266,49.198,2.092
d1f81ef3-c9dc-4a79-93d0-840c17fb2078,2026-04-25T17:12:09.389348-04:00,node-01,orders-api,200,True,anomalous,market_aware_v1,60.423,53.671,151.994,32.18,0.832,79.408,84.549,1.882
434979d5-831d-4afe-bd0e-c16000d25b5f,2026-04-25T17:12:09.389773-04:00,node-01,checkout-api,502,True,normal,market_aware_v1,57.273,53.359,177.545,30.495,0.758,84.338,60.518,2.059
6c06995a-b1b6-4310-a05f-76efe8acc303,2026-04-25T17:12:09.390213-04:00,node-01,payments-api,200,True,normal,market_aware_v1,56.621,57.359,171.824,25.692,0.679,80.48,53.122,1.717
a3473e99-8870-4494-a319-d41286df069d,2026-04-25T17:12:09.390679-04:00,node-01,orders-api,502,True,normal,market_aware_v1,59.577,49.915,173.992,33.6,0.85,89.418,88.943,2.258
ddd2a127-e788-4f69-8a97-aba01bc6c373,2026-04-25T17:12:09.391118-04:00,node-01,checkout-api,429,True,normal,market_aware_v1,60.617,53.494,167.66,28.678,0.777,81.757,66.389,1.917
a46d558a-b2ab-42e9-bd7d-5b858ec94430,2026-04-25T17:12:09.391545-04:00,node-01,payments-api,429,True,normal,market_aware_v1,49.611,53.605,176.959,26.832,0.684,84.111,49.392,1.776
d45df4d6-28ac-4b36-ba5d-67014f312e3c,2026-04-25T17:12:09.391979-04:00,node-01,orders-api,429,True,normal,market_aware_v1,61.297,48.782,149.924,29.232,0.604,76.177,89.566,1.516
61c1baf0-0d00-47f3-8d27-c4a49179baa1,2026-04-25T17:12:09.392416-04:00,node-01,checkout-api,429,True,normal,market_aware_v1,55.04,51.792,167.8,30.745,0.791,86.121,59.115,2.069
ef438319-02d8-49cb-983b-dfe1008b0ce8,2026-04-25T17:12:09.392870-04:00,node-01,payments-api,200,True,normal,market_aware_v1,53.121,53.904,163.739,26.634,0.668,74.539,47.061,1.684
7a79b12b-3c37-43c5-91de-eb3c0c96b901,2026-04-25T17:12:09.393296-04:00,node-01,orders-api,500,True,anomalous,market_aware_v1,63.524,51.61,164.638,31.888,0.958,84.694,80.802,2.185
cc76a856-8a48-46bb-aeeb-d278770a8da3,2026-04-25T17:12:09.393763-04:00,node-01,checkout-api,200,True,normal,market_aware_v1,53.791,50.692,173.632,29.499,0.738,82.04,60.907,1.876
e9d2c74f-a33f-4b9a-b665-41e8187904b6,2026-04-25T17:12:09.394214-04:00,node-01,payments-api,429,True,normal,market_aware_v1,51.12,52.27,159.627,27.108,0.678,75.772,49.4,1.576
244322f8-be42-45d6-a220-fd67514f99bc,2026-04-25T17:12:09.394706-04:00,node-01,orders-api,200,True,normal,market_aware_v1,57.865,50.813,161.826,29.89,0.691,85.682,85.142,1.781
915539b4-22f0-4b57-adc1-890396996e77,2026-04-25T17:12:09.395108-04:00,node-01,checkout-api,200,True,normal,market_aware_v1,52.007,51.468,156.661,27.201,0.74,72.619,62.019,1.621
7c5f9fba-a662-4108-b24a-7dee127780a9,2026-04-25T17:12:09.395532-04:00,node-01,payments-api,200,True,normal,market_aware_v1,50.55,50.78,186.349,26.037,0.756,86.124,39.823,1.911
88cf8803-7a11-4e85-920e-0eff28b4e068,2026-04-25T17:12:09.395966-04:00,node-01,orders-api,200,True,normal,market_aware_v1,59.441,46.209,159.97,29.279,0.628,80.852,79.619,1.664
1680928c-e9e9-4348-a87c-d07d25eb0a44,2026-04-25T17:12:09.396415-04:00,node-01,checkout-api,429,True,normal,market_aware_v1,52.549,50.135,155.655,28.625,0.718,80.517,55.588,1.74
a045467e-71dd-4efa-812d-237f279e6e87,2026-04-25T17:12:09.397346-04:00,node-01,payments-api,500,True,anomalous,market_aware_v1,53.106,53.44,183.999,26.642,0.982,83.435,37.999,2.287
de6da3bf-b328-4d6e-a928-adb81155d545,2026-04-25T17:12:09.397796-04:00,node-01,orders-api,429,True,normal,market_aware_v1,56.063,47.768,147.685,31.104,0.552,74.893,84.75,1.508
19572c45-0c1b-42ec-b779-fa03e050e030,2026-04-25T17:12:09.398220-04:00,node-01,checkout-api,200,True,normal,market_aware_v1,55.611,49.61,167.101,28.942,0.806,77.392,58.262,1.84
1b707616-3330-483d-b9f1-760399fb340f,2026-04-25T17:12:09.398646-04:00,node-01,payments-api,200,True,normal,market_aware_v1,50.146,51.568,173.398,25.143,0.795,82.782,51.994,1.867
b17c5e20-2ff8-4c1c-8d72-dc1420b49e22,2026-04-25T17:12:09.399068-04:00,node-01,orders-api,200,True,normal,market_aware_v1,53.869,46.295,151.193,32.865,0.429,74.54,84.288,1.236
e06fd5fd-1442-40db-a264-70993d8352b4,2026-04-25T17:12:09.399479-04:00,node-01,checkout-api,200,True,normal,market_aware_v1,55.75,49.776,166.869,27.008,0.734,75.694,64.202,1.789
6066941c-5609-43da-9afa-7aec14fe9fc5,2026-04-25T17:12:09.399939-04:00,node-01,payments-api,429,True,normal,market_aware_v1,52.949,52.475,176.294,25.846,0.777,84.352,51.709,1.863
549d1e27-e009-4686-8c74-3a7f22577040,2026-04-25T17:12:09.400372-04:00,node-01,orders-api,200,True,normal,market_aware_v1,54.49,48.064,145.95,33.746,0.575,72.574,82.393,1.528
761a83fa-665d-4cb3-8fd3-4b51f57b4626,2026-04-25T17:12:09.400802-04:00,node-01,checkout-api,200,True,normal,market_aware_v1,58.091,53.511,169.955,30.71,0.804,80.239,59.292,1.913
3f332279-affc-486b-aeee-1347664a629f,2026-04-25T17:12:09.401227-04:00,node-01,payments-api,200,True,normal,market_aware_v1,52.482,51.945,170.674,25.298,0.622,76.848,55.535,1.722
cfbed78c-7c25-4791-b117-2246c4a88e52,2026-04-25T17:12:09.401673-04:00,node-01,orders-api,429,True,normal,market_aware_v1,61.807,52.917,171.636,29.102,0.673,82.336,90.264,2.006
9e62d8eb-fe36-45af-81de-18e8106f4088,2026-04-25T17:12:09.402094-04:00,node-01,checkout-api,200,True,normal,market_aware_v1,56.867,52.963,158.091,30.556,0.705,78.339,64.964,1.759
557af8b6-8f18-487b-a892-724dee85d0bb,2026-04-25T17:12:09.402553-04:00,node-01,payments-api,500,True,normal,market_aware_v1,53.706,54.942,195.65,25.055,0.946,93.655,47.021,2.565
923a1015-cf50-452f-9715-00d5002a8142,2026-04-25T17:12:09.403009-04:00,node-01,orders-api,429,True,normal,market_aware_v1,61.608,53.024,155.149,31.719,0.606,77.929,86.914,1.591
1eb98b19-74c6-4b0e-9e6a-c2d11d2f34a8,2026-04-25T17:12:09.403466-04:00,node-01,checkout-api,503,True,normal,market_aware_v1,63.402,53.708,181.562,29.773,0.886,85.853,67.162,2.08
91bfff59-9746-49c2-b869-61008bd02cbd,2026-04-25T17:12:09.403901-04:00,node-01,payments-api,429,True,normal,market_aware_v1,53.273,56.05,172.918,27.373,0.772,79.841,58.984,1.911
0b360cc6-aa5b-49dd-b2e3-760bd2e99583,2026-04-25T17:12:09.404424-04:00,node-01,orders-api,200,True,normal,market_aware_v1,65.824,48.783,156.215,33.019,0.523,81.265,91.988,1.572
797430f0-a501-4d5c-9218-c4260d8d9b48,2026-04-25T17:12:09.404970-04:00,node-01,checkout-api,200,True,normal,market_aware_v1,62.135,55.288,169.57,31.05,0.774,77.311,72.089,1.85
9af56b9a-f0fd-41b4-9c55-87cc705377f5,2026-04-25T17:12:09.405414-04:00,node-01,payments-api,200,True,normal,market_aware_v1,58.512,55.145,171.455,28.125,0.76,80.903,57.676,1.852
a8c93272-9333-4e9e-8ac0-d121172fd34a,2026-04-25T17:12:09.405894-04:00,node-01,orders-api,200,True,normal,market_aware_v1,62.69,51.839,157.8,31.959,0.583,79.562,97.572,1.585
8c7571ed-b346-4717-a15c-00d2392513eb,2026-04-25T17:12:09.406350-04:00,node-01,checkout-api,200,True,normal,market_aware_v1,62.75,55.047,180.372,30.36,0.812,82.433,72.728,1.944
f96b2715-15e6-4c5b-b80a-3246bb0956b5,2026-04-25T17:12:09.406815-04:00,node-01,payments-api,502,True,normal,market_aware_v1,55.989,56.922,185.141,27.689,0.759,87.722,46.931,2.001
2b75fc77-cfd6-4f92-a306-97453025b6cd,2026-04-25T17:12:09.407275-04:00,node-01,orders-api,200,True,normal,market_aware_v1,58.381,51.385,151.144,33.288,0.518,74.247,88.54,1.542
6443b643-87cd-45ba-82b6-d5332fe252f4,2026-04-25T17:12:09.407741-04:00,node-01,checkout-api,429,True,normal,market_aware_v1,65.629,54.234,186.069,28.649,0.904,87.238,62.716,2.087
8e3bdd96-06ae-42bc-aee8-7b9e5915d84f,2026-04-25T17:12:09.408209-04:00,node-01,payments-api,200,True,normal,market_aware_v1,57.921,56.283,176.097,26.543,0.758,80.658,56.207,1.857
1dd788c9-b34c-46fa-92a0-67a49ea006e2,2026-04-25T17:12:09.408698-04:00,node-01,orders-api,429,True,normal,market_aware_v1,60.844,51.947,147.095,34.515,0.558,73.401,95.502,1.289
a9986223-0bce-4e29-9fe2-11c77238c509,2026-04-25T17:12:09.409168-04:00,node-01,checkout-api,429,True,normal,market_aware_v1,61.823,51.895,172.778,30.554,0.778,82.072,70.636,1.931
91107933-4149-43b4-91c1-0fb127d0752c,2026-04-25T17:12:09.409645-04:00,node-01,payments-api,500,True,normal,market_aware_v1,55.18,51.578,180.71,26.497,0.78,84.53,47.723,2.003
c2791364-0cee-4948-a1ae-17b25cf52e19,2026-04-25T17:12:09.410132-04:00,node-01,orders-api,429,True,normal,market_aware_v1,58.279,48.257,141.987,33.439,0.584,74.978,89.527,1.445
341a627f-b2dc-499a-9bf6-c1521bde9941,2026-04-25T17:12:09.410611-04:00,node-01,checkout-api,502,True,anomalous,market_aware_v1,61.762,53.448,199.5,29.338,1.235,91.737,49.882,2.692
86f272f7-e635-4cc5-9c82-42afec4b3a08,2026-04-25T17:12:09.411116-04:00,node-01,payments-api,503,True,normal,market_aware_v1,53.419,53.207,182.468,27.523,0.758,87.486,47.709,2.069
fa3ec9c8-4b87-44f7-84b3-d30441432fc6,2026-04-25T17:12:09.411592-04:00,node-01,orders-api,200,True,normal,market_aware_v1,61.265,48.365,169.618,30.044,0.628,88.989,79.016,1.759
07a76aad-93e2-4b72-9197-45418dd1ffe9,2026-04-25T17:12:09.412042-04:00,node-01,checkout-api,429,True,normal,market_aware_v1,55.483,49.258,166.062,27.853,0.824,79.392,55.929,1.897
77d3e8ad-dab5-4bcd-b48f-479dbb0d956d,2026-04-25T17:12:09.412541-04:00,node-01,payments-api,429,True,normal,market_aware_v1,49.802,49.916,175.016,25.065,0.728,77.412,49.246,1.824
b49d89cf-00d5-480f-9232-d869e78bca30,2026-04-25T17:12:09.413034-04:00,node-01,orders-api,429,True,normal,market_aware_v1,56.516,43.026,154.18,32.267,0.632,82.75,78.497,1.743
14392e87-9ac3-4d53-b984-362c5d6424f7,2026-04-25T17:12:09.413501-04:00,node-01,checkout-api,200,True,normal,market_aware_v1,54.689,48.591,154.583,26.413,0.679,77.0,57.214,1.626
c8ae0f91-0875-46ff-8937-75eb8d7d420f,2026-04-25T17:12:09.413962-04:00,node-01,payments-api,502,True,normal,market_aware_v1,48.208,51.842,181.701,24.229,0.767,92.205,44.56,2.179
f94a5043-73a3-46ce-b59b-f01d0fe98b0e,2026-04-25T17:12:09.414410-04:00,node-01,orders-api,429,True,normal,market_aware_v1,52.038,46.966,146.551,29.703,0.581,78.882,75.992,1.656
b166acd8-5d59-40e8-af05-b7f978b33951,2026-04-25T17:12:09.414874-04:00,node-01,checkout-api,200,True,normal,market_aware_v1,55.213,48.794,158.922,27.658,0.821,81.55,50.363,1.891
e78d21dd-a9b4-4155-bf49-7c5c201c9d8b,2026-04-25T17:12:09.415336-04:00,node-01,payments-api,200,True,normal,market_aware_v1,44.555,51.391,193.867,23.037,0.688,84.499,40.645,1.816
8b91810c-28bb-416c-9cb5-91f1a5f5f7ff,2026-04-25T17:12:09.415866-04:00,node-01,orders-api,200,True,normal,market_aware_v1,55.68,42.555,145.668,26.333,0.553,79.104,78.621,1.589
6f678146-26f8-464a-b27f-ba67527eec1a,2026-04-25T17:12:09.416372-04:00,node-01,checkout-api,503,True,normal,market_aware_v1,49.475,50.183,166.036,27.386,0.897,82.889,56.162,2.07
427d956b-9d54-4aba-a1b7-65db1df7c4f1,2026-04-25T17:12:09.416865-04:00,node-01,payments-api,429,True,normal,market_aware_v1,49.058,49.739,166.553,23.677,0.633,72.097,47.034,1.668
f3c6fdb2-3619-4d05-b5b1-f614819d75da,2026-04-25T17:12:09.417344-04:00,node-01,orders-api,200,True,normal,market_aware_v1,55.092,48.526,146.346,28.516,0.534,75.027,79.888,1.432
7d7cc5fd-ab89-40e7-946a-1f0e24dac956,2026-04-25T17:12:09.417813-04:00,node-01,checkout-api,429,True,normal,market_aware_v1,53.908,45.381,165.083,28.974,0.72,79.382,55.482,1.778
d852bd8b-1ef8-4f55-8de1-ddac5ad5b3e8,2026-04-25T17:12:09.418266-04:00,node-01,payments-api,500,True,normal,market_aware_v1,48.578,51.575,172.838,26.468,0.809,86.004,40.653,2.024
0e0c8f68-1aeb-4028-9086-4dd524765b06,2026-04-25T17:12:09.418740-04:00,node-01,orders-api,200,True,normal,market_aware_v1,53.378,44.968,158.764,30.057,0.626,81.186,78.462,1.676
e2803ded-7b1d-4ae0-9db8-b793c1fbe22d,2026-04-25T17:12:09.419222-04:00,node-01,checkout-api,503,True,normal,market_aware_v1,51.119,50.095,172.638,29.048,0.826,83.45,53.899,2.049
908f33ba-7f4b-4cb6-b530-c9bcf1145dd6,2026-04-25T17:12:09.419765-04:00,node-01,payments-api,200,True,normal,market_aware_v1,49.691,55.606,174.197,26.963,0.719,80.868,46.811,1.823
b5a3b9f8-9335-457b-9cbe-7de956b16a5a,2026-04-25T17:12:09.420348-04:00,node-01,orders-api,200,True,normal,market_aware_v1,53.738,51.88,137.235,28.084,0.549,71.189,89.141,1.371
5e961d12-a00d-4560-8e62-74cd9fac7aaf,2026-04-25T17:12:09.420888-04:00,node-01,checkout-api,500,True,normal,market_aware_v1,58.218,48.072,170.575,29.913,0.837,81.981,53.565,2.059
bced1fe5-02d5-433f-8ed6-b0bf94916dad,2026-04-25T17:12:09.421408-04:00,node-01,payments-api,200,True,normal,market_aware_v1,52.667,53.67,180.733,26.547,0.66,81.698,44.706,1.793
b353a1ca-ecb3-422d-88f2-d3e7a34db87b,2026-04-25T17:12:09.421894-04:00,node-01,orders-api,429,True,normal,market_aware_v1,59.012,48.31,154.241,30.951,0.571,80.544,84.788,1.602
445e4e15-08ec-41e7-9e9d-709f22fba61e,2026-04-25T17:12:09.422327-04:00,node-01,checkout-api,200,True,normal,market_aware_v1,59.05,51.719,176.071,30.132,0.841,83.399,59.31,1.958
5f8dbc89-5686-4e66-91cf-2da5d3116464,2026-04-25T17:12:09.422815-04:00,node-01,payments-api,200,True,normal,market_aware_v1,53.237,55.082,177.504,25.374,0.645,85.001,48.477,1.695
0339a4e8-9a5a-4d05-a592-8773e3a9875c,2026-04-25T17:12:09.423216-04:00,node-01,orders-api,200,True,normal,market_aware_v1,60.643,49.495,145.945,32.456,0.588,75.044,87.992,1.639
ab8d6baa-7186-4645-9dae-daeff8817edd,2026-04-25T17:12:09.423636-04:00,node-01,checkout-api,200,True,normal,market_aware_v1,59.491,54.747,161.948,29.707,0.744,82.483,63.653,1.864
fa4af667-f5d6-4158-9576-bebe86314bfe,2026-04-25T17:12:09.424058-04:00,node-01,payments-api,200,True,normal,market_aware_v1,51.883,54.63,155.849,27.657,0.619,76.157,55.407,1.56
77afd88e-8310-4119-8c83-4085aa5a778e,2026-04-25T17:12:09.424506-04:00,node-01,orders-api,200,True,normal,market_aware_v1,61.826,50.852,157.915,29.411,0.622,76.082,88.448,1.439
960d7f66-3013-4bb4-bdcd-65ff5eeab954,2026-04-25T17:12:09.425041-04:00,node-01,checkout-api,500,True,normal,market_aware_v1,56.35,53.293,171.206,29.096,0.898,86.023,61.915,2.1
487cc9d9-17ae-4a56-8ed3-2400f75b23b8,2026-04-25T17:12:09.425514-04:00,node-01,payments-api,502,True,normal,market_aware_v1,55.741,54.423,190.567,26.131,0.813,88.252,47.677,2.112
785d8a61-c787-4090-820c-d0ef6b0df4d1,2026-04-25T17:12:09.426009-04:00,node-01,orders-api,200,True,normal,market_aware_v1,63.945,51.434,159.076,31.535,0.671,87.648,82.306,1.827
2f2e9828-cf03-4283-ae4b-031c5303f7f0,2026-04-25T17:12:09.426417-04:00,node-01,checkout-api,500,True,normal,market_aware_v1,59.955,53.682,172.75,29.892,0.832,87.672,59.623,2.092
5e2730bf-b353-481b-a046-2e22e04a1dc6,2026-04-25T17:12:09.426895-04:00,node-01,payments-api,429,True,normal,market_aware_v1,54.919,56.599,193.295,27.886,0.85,91.977,46.965,2.147
67252728-9ba7-4153-acdd-c1f171e4c60d,2026-04-25T17:12:09.427357-04:00,node-01,orders-api,200,True,normal,market_aware_v1,57.568,50.762,141.339,32.41,0.498,69.169,89.132,1.224
4a4b6ef7-de07-4942-953f-6f3ee519029e,2026-04-25T17:12:09.427786-04:00,node-01,checkout-api,429,True,normal,market_aware_v1,55.237,53.203,160.074,28.482,0.723,68.176,69.186,1.589
66f16984-2974-4ad1-8afa-7bb0479f149e,2026-04-25T17:12:09.428178-04:00,node-01,payments-api,429,True,anomalous,market_aware_v1,57.551,53.183,196.781,28.529,1.129,93.493,51.569,2.674
ecbc573a-fb3b-4ba8-a087-23919d0119c1,2026-04-25T17:12:09.428585-04:00,node-01,orders-api,429,True,normal,market_aware_v1,58.573,46.692,169.954,31.798,0.655,84.851,79.381,1.725
a69706c0-bb9d-4393-a822-a47e604cba5a,2026-04-25T17:12:09.429007-04:00,node-01,checkout-api,503,True,normal,market_aware_v1,57.056,51.654,177.787,27.515,0.793,87.572,57.932,2.036
6ce7dbf7-fc3f-4f40-9986-4135b086b6c8,2026-04-25T17:12:09.429413-04:00,node-01,payments-api,500,True,anomalous,market_aware_v1,50.842,56.091,182.901,28.203,0.956,79.978,43.874,2.119
4599c57a-92f6-476d-ba11-827e7650f17e,2026-04-25T17:12:09.429833-04:00,node-01,orders-api,200,True,normal,market_aware_v1,54.58,48.63,153.513,31.369,0.509,71.25,84.633,1.288
3f94e1f0-5b66-465d-a34a-c8f0b26ef03f,2026-04-25T17:12:09.430434-04:00,node-01,checkout-api,200,True,normal,market_aware_v1,55.816,49.148,161.783,29.397,0.795,80.398,61.481,1.775
c91f2e64-043b-4b08-9786-bf362adc9d2a,2026-04-25T17:12:09.430955-04:00,node-01,payments-api,502,True,normal,market_aware_v1,51.379,52.285,177.72,26.873,0.714,90.323,43.315,2.162
62acd18d-94b3-4b42-8e58-1c50d85a27e7,2026-04-25T17:12:09.431427-04:00,node-01,orders-api,200,True,normal,market_aware_v1,58.799,46.57,171.369,30.839,0.69,82.729,77.145,1.744
0d497816-5402-47b3-8f00-1e34c0baf9cd,2026-04-25T17:12:09.431876-04:00,node-01,checkout-api,200,True,normal,market_aware_v1,56.459,48.226,177.089,26.124,0.816,80.372,57.6,1.881
096ec924-5932-4941-be01-3d589d5e8fe6,2026-04-25T17:12:09.432354-04:00,node-01,payments-api,503,True,anomalous,market_aware_v1,48.815,56.794,192.114,27.727,1.178,88.563,35.926,2.534
3aa76b1c-4a45-4b20-b18b-efb8e08d9590,2026-04-25T17:12:09.432817-04:00,node-01,orders-api,200,True,normal,market_aware_v1,56.968,47.254,150.896,28.356,0.621,78.188,85.9,1.704
faed8d1b-d83e-40df-abb9-a4e4645a29e8,2026-04-25T17:12:09.433228-04:00,node-01,checkout-api,429,True,normal,market_aware_v1,50.637,49.334,160.692,26.992,0.761,82.811,53.877,1.933
ce4a5d89-816e-47b2-a758-9e54cc30124f,2026-04-25T17:12:09.433687-04:00,node-01,payments-api,502,True,normal,market_aware_v1,53.702,49.992,213.007,26.696,0.88,93.734,45.094,2.47
9d55c9d3-8629-498c-b19b-c2804bf0c91f,2026-04-25T17:12:09.434152-04:00,node-01,orders-api,200,True,normal,market_aware_v1,58.114,46.535,137.856,32.57,0.512,72.205,86.533,1.313
015e9304-4277-4e68-b3a8-dd0ab4ae2804,2026-04-25T17:12:09.434651-04:00,node-01,checkout-api,200,True,normal,market_aware_v1,55.656,51.555,157.638,28.566,0.769,73.474,63.742,1.947
91f88248-b610-4c8a-89ae-187333c1649d,2026-04-25T17:12:09.435369-04:00,node-01,payments-api,200,True,normal,market_aware_v1,52.955,52.415,172.337,25.936,0.71,76.569,47.352,1.672
57e336d4-e6f1-4d32-8e69-505ca73db05a,2026-04-25T17:12:09.435863-04:00,node-01,orders-api,200,True,normal,market_aware_v1,55.679,48.713,137.901,30.628,0.567,73.119,87.068,1.457
cd547580-36a5-46db-a69b-6d7e1d56dd31,2026-04-25T17:12:09.436345-04:00,node-01,checkout-api,200,True,normal,market_aware_v1,58.544,52.127,176.92,32.081,0.873,80.503,65.35,1.964
f96d0231-dd07-44b0-958b-b96d31d0bd57,2026-04-25T17:12:09.436812-04:00,node-01,payments-api,200,True,normal,market_aware_v1,51.58,51.823,173.089,26.724,0.677,80.152,45.273,1.661
8cf894f1-0a74-4f30-8a3a-a8f06be33c4e,2026-04-25T17:12:09.437285-04:00,node-01,orders-api,200,True,normal,market_aware_v1,60.803,50.284,157.434,33.145,0.593,75.377,83.378,1.769
9eeb9b2a-cafe-4f35-a6f4-8bc50c61bbff,2026-04-25T17:12:09.437857-04:00,node-01,checkout-api,200,True,normal,market_aware_v1,55.926,54.245,163.205,29.667,0.821,81.261,65.156,1.905
b62fdd33-591f-4000-b362-3f40cbf012d1,2026-04-25T17:12:09.438334-04:00,node-01,payments-api,503,True,normal,market_aware_v1,58.608,58.654,199.356,26.712,0.845,97.292,42.832,2.275
3da613d6-9bc7-4542-a35c-c6c6d9a96a6e,2026-04-25T17:12:09.438744-04:00,node-01,orders-api,200,True,normal,market_aware_v1,59.346,47.777,168.011,34.718,0.661,81.674,91.186,1.652
b3d62591-fc4c-4b42-a75c-bf960c95150f,2026-04-25T17:12:09.439135-04:00,node-01,checkout-api,200,True,normal,market_aware_v1,60.27,53.71,174.619,27.753,0.785,82.982,63.897,1.842
901c36dc-bfc3-4369-bd3b-caf32f4a0bd1,2026-04-25T17:12:09.439557-04:00,node-01,payments-api,200,True,normal,market_aware_v1,59.111,54.264,182.558,26.514,0.744,86.17,56.038,1.894
7ac44ae9-2872-4d7b-ad79-9468a77dccf8,2026-04-25T17:12:09.439962-04:00,node-01,orders-api,200,True,normal,market_aware_v1,66.932,53.417,170.912,31.672,0.783,91.273,87.439,1.956
78767762-d8af-4aee-ae27-1be1c9be4a1a,2026-04-25T17:12:09.440418-04:00,node-01,checkout-api,200,True,normal,market_aware_v1,64.502,51.908,169.325,30.278,0.691,75.146,73.086,1.582
7a1f622d-964c-4cc3-9023-604e96cdc767,2026-04-25T17:12:09.440850-04:00,node-01,payments-api,200,True,normal,market_aware_v1,55.438,55.789,169.787,27.681,0.71,82.285,54.13,1.797
42aca107-271f-42c6-b373-1156623e0763,2026-04-25T17:12:09.441276-04:00,node-01,orders-api,200,True,normal,market_aware_v1,67.042,53.712,162.549,34.019,0.609,82.628,91.814,1.531
3c41334d-55f1-4b19-9099-5923fb3e4dc1,2026-04-25T17:12:09.441716-04:00,node-01,checkout-api,502,True,normal,market_aware_v1,64.545,58.504,190.231,32.122,0.949,92.275,67.929,2.34
c4c61b08-726f-4aa8-b9c4-9d443a389440,2026-04-25T17:12:09.442105-04:00,node-01,payments-api,200,True,normal,market_aware_v1,57.285,57.057,183.621,26.554,0.711,84.048,61.445,1.965
a9719ad6-bafd-4c58-a884-77f20000a182,2026-04-25T17:12:09.442528-04:00,node-01,orders-api,502,True,anomalous,market_aware_v1,67.651,51.416,160.551,33.026,0.99,83.682,85.907,2.195
1faebad6-9419-4d97-a0dd-300660155f51,2026-04-25T17:12:09.442945-04:00,node-01,checkout-api,200,True,normal,market_aware_v1,62.971,53.888,177.158,29.515,0.731,80.367,67.103,1.829
4d84ab51-95ae-429d-83e8-53e8eb96b6c2,2026-04-25T17:12:09.443418-04:00,node-01,payments-api,503,True,normal,market_aware_v1,62.483,57.184,197.706,28.819,0.789,89.223,52.192,2.188
917e3f6c-3d48-40cb-86de-5cdb29419655,2026-04-25T17:12:09.443826-04:00,node-01,orders-api,200,True,normal,market_aware_v1,62.794,49.843,165.815,31.118,0.687,83.413,89.971,1.686
4cf01722-a276-4b69-a4ce-0a638335b6dc,2026-04-25T17:12:09.444230-04:00,node-01,checkout-api,200,True,normal,market_aware_v1,58.204,52.262,170.902,29.223,0.826,80.065,63.536,1.948
c5ddb8b3-a5ea-4d62-9525-eff1e1f60102,2026-04-25T17:12:09.444650-04:00,node-01,payments-api,200,True,normal,market_aware_v1,54.279,57.378,184.381,26.485,0.68,83.452,48.83,1.831
8b586dcb-e8d8-4ab3-a020-463c56a220ad,2026-04-25T17:12:09.445038-04:00,node-01,orders-api,200,True,normal,market_aware_v1,62.942,48.553,156.384,29.664,0.617,81.651,90.966,1.664
35f9d6dc-0ea7-4bbf-8e2f-b15dbcb2f968,2026-04-25T17:12:09.445414-04:00,node-01,checkout-api,502,True,normal,market_aware_v1,58.155,55.203,177.779,28.789,0.87,87.928,57.678,2.189
3a13b576-b712-4546-bd9c-bf8beab70898,2026-04-25T17:12:09.445849-04:00,node-01,payments-api,429,True,normal,market_aware_v1,54.639,54.33,177.428,24.309,0.776,83.925,48.192,1.919
12a1f080-e401-43da-801f-332ae00ee9b2,2026-04-25T17:12:09.446249-04:00,node-01,orders-api,200,True,normal,market_aware_v1,62.169,47.986,172.465,30.299,0.784,87.48,76.921,1.888
d4d5c59f-4951-466b-903c-7a0749ba3129,2026-04-25T17:12:09.446664-04:00,node-01,checkout-api,200,True,normal,market_aware_v1,53.751,50.178,172.959,28.83,0.718,80.406,63.042,1.721
f0807ffc-4ada-474d-a814-b34787664533,2026-04-25T17:12:09.447095-04:00,node-01,payments-api,200,True,normal,market_aware_v1,48.238,51.563,169.18,24.783,0.76,79.52,43.494,1.741
96c4f5a9-45a0-4549-9690-867874797ee8,2026-04-25T17:12:09.447743-04:00,node-01,orders-api,200,True,normal,market_aware_v1,55.411,46.61,152.77,29.13,0.569,75.362,81.002,1.47
04c91dc3-61a3-44d1-b314-f02fd17b000c,2026-04-25T17:12:09.448144-04:00,node-01,checkout-api,429,True,normal,market_aware_v1,53.62,49.517,175.168,25.831,0.824,87.349,53.948,2.161
0943025c-edf0-430e-9a1f-71016ecfad5d,2026-04-25T17:12:09.448542-04:00,node-01,payments-api,502,True,normal,market_aware_v1,52.55,51.674,209.467,26.885,1.062,98.691,43.539,2.827
448c6447-fada-44ae-ad7a-b6952ba5f6e8,2026-04-25T17:12:09.449056-04:00,node-01,orders-api,200,True,normal,market_aware_v1,53.749,46.638,146.74,28.598,0.609,79.751,73.67,1.615
3620b7d1-f8cd-47f8-b8e2-6d848102a589,2026-04-25T17:12:09.449575-04:00,node-01,checkout-api,429,True,normal,market_aware_v1,53.742,47.808,170.134,28.916,0.725,80.254,61.236,1.849
a1c77e5a-da78-40d7-a0bd-29ab08c525ea,2026-04-25T17:12:09.450664-04:00,node-01,payments-api,429,True,normal,market_aware_v1,48.707,48.212,181.383,23.822,0.769,78.764,37.513,1.818
d1d51c64-dee5-4850-862b-fbee9db126ce,2026-04-25T17:12:09.451129-04:00,node-01,orders-api,200,True,normal,market_aware_v1,50.544,45.835,148.291,29.547,0.605,75.611,74.723,1.652
f3a9b6f0-3a96-4f21-950e-849ad814ad66,2026-04-25T17:12:09.451579-04:00,node-01,checkout-api,200,True,normal,market_aware_v1,52.198,48.203,151.032,27.148,0.631,69.109,60.727,1.408
99caea7c-7dc2-4869-8c6c-bbb955550bd6,2026-04-25T17:12:09.452045-04:00,node-01,payments-api,500,True,normal,market_aware_v1,48.475,50.927,195.64,24.292,0.898,95.748,39.251,2.423
03c8c9dc-ec87-4753-baa4-842633194d57,2026-04-25T17:12:09.452507-04:00,node-01,orders-api,429,True,normal,market_aware_v1,51.514,42.553,139.946,28.783,0.539,69.847,82.338,1.309
69a68d1d-c125-4e2b-8ed9-b5fe2872cfac,2026-04-25T17:12:09.452975-04:00,node-01,checkout-api,200,True,normal,market_aware_v1,50.258,48.059,164.136,28.528,0.737,79.202,59.337,1.8
85863525-49fb-481f-a6f2-412a7430742a,2026-04-25T17:12:09.453482-04:00,node-01,payments-api,502,True,normal,market_aware_v1,47.469,53.254,193.758,25.786,0.869,91.107,33.122,2.07
a512fdd8-4459-422d-9d74-77a4faed0a8e,2026-04-25T17:12:09.453974-04:00,node-01,orders-api,200,True,normal,market_aware_v1,54.702,45.294,164.658,27.415,0.53,81.468,80.702,1.7
2a16a381-d988-4517-a32a-3cf601b9fe31,2026-04-25T17:12:09.454418-04:00,node-01,checkout-api,200,True,normal,market_aware_v1,51.264,50.441,183.769,26.887,0.842,83.955,55.751,1.982
64a2abe7-23fc-4f56-915a-57dc8fb6577c,2026-04-25T17:12:09.454846-04:00,node-01,payments-api,429,True,normal,market_aware_v1,48.985,50.901,187.154,25.58,0.731,87.093,46.068,1.978
d85e15e5-dfdd-4cad-8e7c-4099bd7df533,2026-04-25T17:12:09.455269-04:00,node-01,orders-api,502,True,anomalous,market_aware_v1,61.655,47.35,172.61,32.582,1.034,90.528,78.93,2.4
c162b921-a182-4c17-84c8-04c3ff3bfc26,2026-04-25T17:12:09.455707-04:00,node-01,checkout-api,429,True,normal,market_aware_v1,56.036,51.153,181.078,28.606,0.784,82.606,53.91,1.872
7c6279b4-6245-4099-b775-76ac018d110c,2026-04-25T17:12:09.456122-04:00,node-01,payments-api,200,True,normal,market_aware_v1,51.883,55.06,180.3,28.325,0.679,85.664,42.017,1.909
7c539b47-2e08-4e88-9931-2032367a7df7,2026-04-25T17:12:09.456631-04:00,node-01,orders-api,429,True,normal,market_aware_v1,58.651,47.949,156.142,28.941,0.649,85.872,82.112,1.787
1b9a7903-5114-434e-98ef-6a547f950db8,2026-04-25T17:12:09.457095-04:00,node-01,checkout-api,502,True,normal,market_aware_v1,60.062,51.818,180.898,28.844,0.926,86.796,63.608,2.312
0412c113-edfe-4548-b799-752a1227a95f,2026-04-25T17:12:09.457596-04:00,node-01,payments-api,502,True,normal,market_aware_v1,53.544,54.083,171.336,24.973,0.772,86.548,56.241,2.026
f0231a18-f820-4c6f-a544-a48bcc9f9d93,2026-04-25T17:12:09.458084-04:00,node-01,orders-api,200,True,normal,market_aware_v1,58.19,52.791,140.788,29.587,0.6,72.187,84.745,1.519
e442f7b6-e6c7-4cf2-8015-758c9a0430ee,2026-04-25T17:12:09.458565-04:00,node-01,checkout-api,200,True,normal,market_aware_v1,60.597,54.78,166.993,31.409,0.734,74.395,73.155,1.695
ceaee149-a7b4-466d-8bfb-5c467f41b6c0,2026-04-25T17:12:09.459045-04:00,node-01,payments-api,500,True,normal,market_aware_v1,54.933,56.163,192.264,27.123,0.806,85.855,51.472,2.024
59122cc7-4d87-4fd6-832f-d05d7cdd0f7b,2026-04-25T17:12:09.459521-04:00,node-01,orders-api,200,True,normal,market_aware_v1,61.645,49.242,168.662,31.703,0.612,79.67,86.367,1.649
5ec0de59-5974-4de0-9bc5-24bdfc2a6773,2026-04-25T17:12:09.459989-04:00,node-01,checkout-api,200,True,normal,market_aware_v1,59.797,55.291,179.009,29.691,0.737,79.674,67.484,1.814
7db1b7eb-fb79-4635-833b-860d8c4cd8cb,2026-04-25T17:12:09.460515-04:00,node-01,payments-api,200,True,normal,market_aware_v1,56.463,54.131,175.811,24.929,0.688,81.15,56.698,1.762
f4dacc52-1cd8-49a1-80a1-75d60e8101b6,2026-04-25T17:12:09.461002-04:00,node-01,orders-api,200,True,normal,market_aware_v1,60.518,50.908,157.12,31.237,0.63,85.411,87.215,1.642
b275388b-cc0d-4f28-9d95-cd95e46c1e70,2026-04-25T17:12:09.461490-04:00,node-01,checkout-api,200,True,normal,market_aware_v1,61.306,52.311,165.525,29.191,0.716,77.815,68.333,1.915
fede7df4-adb6-407f-bc24-e6e6510c4193,2026-04-25T17:12:09.461970-04:00,node-01,payments-api,500,True,normal,market_aware_v1,58.088,55.737,190.35,27.121,0.876,84.521,50.809,2.029
6388bbed-bb3c-4c48-891e-b4afbba937c1,2026-04-25T17:12:09.462416-04:00,node-01,orders-api,200,True,normal,market_aware_v1,60.649,53.984,165.807,31.91,0.592,81.099,79.562,1.574
bb7d5d9b-0f23-4235-89b8-6e49ae18e608,2026-04-25T17:12:09.462936-04:00,node-01,checkout-api,429,True,normal,market_aware_v1,60.868,55.261,163.676,30.861,0.814,80.738,62.373,1.891
d0f8be92-ac08-40bf-bf62-7c05ebd770b1,2026-04-25T17:12:09.463387-04:00,node-01,payments-api,429,True,normal,market_aware_v1,54.297,53.074,173.81,26.678,0.731,88.06,44.876,2.06
f42372ee-1b7f-4561-8d50-d28b07417a84,2026-04-25T17:12:09.463848-04:00,node-01,orders-api,200,True,normal,market_aware_v1,57.783,48.727,166.265,30.119,0.743,89.449,83.639,1.929
67329465-5404-49e3-ac50-d5fd1348b27d,2026-04-25T17:12:09.464322-04:00,node-01,checkout-api,200,True,normal,market_aware_v1,58.37,53.537,161.331,30.844,0.668,76.797,59.811,1.75
56dc1b4a-fc12-427a-95c6-3232d3ffc1dd,2026-04-25T17:12:09.464794-04:00,node-01,payments-api,200,True,normal,market_aware_v1,51.436,53.217,173.711,25.285,0.681,75.075,55.131,1.698
66dc07b6-b155-45cd-9c07-046b7c475c14,2026-04-25T17:12:09.465246-04:00,node-01,orders-api,200,True,normal,market_aware_v1,54.541,48.352,158.518,29.079,0.659,80.94,84.413,1.776
6be250c4-c2bd-4392-8589-510b4f6e77f8,2026-04-25T17:12:09.465746-04:00,node-01,checkout-api,200,True,normal,market_aware_v1,54.645,51.938,172.862,27.664,0.68,81.587,61.188,1.751
959847fb-bdfd-4148-8fd1-becc53730e51,2026-04-25T17:12:09.466219-04:00,node-01,payments-api,500,True,normal,market_aware_v1,50.007,53.736,187.939,24.875,0.845,90.943,46.855,2.186
89a60a3b-2a3f-4f93-9f9c-9e0ee672dc71,2026-04-25T17:12:09.466707-04:00,node-01,orders-api,429,True,anomalous,market_aware_v1,64.45,49.976,174.466,32.876,0.967,85.159,72.325,2.151
3cbb7e26-c77b-4ec6-ae90-7409fdd90905,2026-04-25T17:12:09.467148-04:00,node-01,checkout-api,500,True,normal,market_aware_v1,51.432,51.16,190.911,28.994,0.91,89.303,54.408,2.234
840766b8-ef0e-4327-924b-98cf8d05a5aa,2026-04-25T17:12:09.467628-04:00,node-01,payments-api,200,True,normal,market_aware_v1,49.505,52.254,180.073,24.143,0.678,84.219,42.627,1.923
4fc9c999-7d2e-4c38-9aee-69162bccebc3,2026-04-25T17:12:09.468049-04:00,node-01,orders-api,502,True,normal,market_aware_v1,60.111,49.035,178.967,32.623,0.909,95.235,73.409,2.54
e0a4857a-7965-4c1d-b6f8-4ee798a95d49,2026-04-25T17:12:09.468515-04:00,node-01,checkout-api,502,True,anomalous,market_aware_v1,58.375,55.515,189.265,26.938,1.265,90.653,47.791,2.713
86abda2b-b6b6-4dbb-9f66-0ff5a330525e,2026-04-25T17:12:09.468978-04:00,node-01,payments-api,500,True,normal,market_aware_v1,50.27,51.81,180.216,26.271,0.81,85.519,46.448,2.019
8acd504c-aef7-46b0-b436-abbb1cf2513f,2026-04-25T17:12:09.469413-04:00,node-01,orders-api,200,True,normal,market_aware_v1,60.314,45.015,167.891,29.544,0.739,87.365,74.968,1.792
4b499575-b321-4aef-8de4-e607351674c9,2026-04-25T17:12:09.469930-04:00,node-01,checkout-api,500,True,normal,market_aware_v1,55.322,47.241,174.503,28.141,0.912,82.242,61.432,2.065
166ca3e1-0e18-4b17-90bc-e1cf69adcadf,2026-04-25T17:12:09.470385-04:00,node-01,payments-api,429,True,normal,market_aware_v1,51.207,53.997,167.95,24.922,0.72,79.19,48.819,1.732
cbabbc48-bf36-4854-9f9d-c28a2a46dcbc,2026-04-25T17:12:09.470820-04:00,node-01,orders-api,500,True,anomalous,market_aware_v1,62.94,51.861,181.01,31.635,1.058,91.918,74.434,2.361
501eeff7-a261-4191-9218-157953e520f0,2026-04-25T17:12:09.471272-04:00,node-01,checkout-api,500,True,normal,market_aware_v1,56.818,51.314,173.866,29.594,0.823,81.865,64.668,2.041
64676c9a-4b73-4283-a973-5a81a5675da9,2026-04-25T17:12:09.471723-04:00,node-01,payments-api,200,True,normal,market_aware_v1,52.315,53.373,180.737,28.563,0.77,84.503,42.385,1.81
93181a0f-8230-426f-b1d2-feeadc2df496,2026-04-25T17:12:09.472153-04:00,node-01,orders-api,200,True,normal,market_aware_v1,58.082,52.01,142.752,33.185,0.612,76.936,87.769,1.515
e8e1e2a5-e676-470f-b892-5fe02b81dbb5,2026-04-25T17:12:09.472603-04:00,node-01,checkout-api,500,True,normal,market_aware_v1,58.881,52.46,186.483,29.246,0.89,89.102,62.521,2.165
a212febd-be9e-4ad3-96ac-8706ff18fde2,2026-04-25T17:12:09.473031-04:00,node-01,payments-api,200,True,normal,market_aware_v1,50.824,54.765,180.399,26.963,0.77,85.516,51.949,1.948
5e6ae94f-e74f-461b-9641-3f70ff1dd948,2026-04-25T17:12:09.473494-04:00,node-01,orders-api,200,True,normal,market_aware_v1,61.086,48.385,153.618,31.336,0.552,78.907,89.39,1.493
5a18005d-ed21-4959-8848-aaaba4a72bb9,2026-04-25T17:12:09.473947-04:00,node-01,checkout-api,429,True,normal,market_aware_v1,59.991,55.873,183.203,31.309,0.812,83.473,71.059,2.004
a04f7efc-4b4d-44ad-9f87-3a5c591bb722,2026-04-25T17:12:09.474484-04:00,node-01,payments-api,200,True,normal,market_aware_v1,57.201,57.714,187.173,26.878,0.881,84.886,54.173,1.958
c9b1bfad-729d-401c-b107-a86cfc953183,2026-04-25T17:12:09.474969-04:00,node-01,orders-api,500,True,normal,market_aware_v1,68.432,55.21,194.088,32.556,0.898,95.612,84.137,2.521
9c0f9524-7cc6-4f7a-96a8-5e871a3f7c04,2026-04-25T17:12:09.475604-04:00,node-01,checkout-api,502,True,normal,market_aware_v1,62.442,53.821,176.635,32.636,0.862,84.579,66.405,2.068
9d112bf3-d1fd-4576-97c7-cb5ab4f27944,2026-04-25T17:12:09.476122-04:00,node-01,payments-api,429,True,normal,market_aware_v1,59.516,62.205,180.138,28.143,0.747,87.233,49.797,2.087
a10c0b00-b588-4334-af50-3a95f5d6fb6b,2026-04-25T17:12:09.476682-04:00,node-01,orders-api,200,True,normal,market_aware_v1,63.279,53.749,156.414,32.472,0.651,84.482,90.032,1.787
4c8a0483-4cf5-4b26-b3f1-eae521e1d4ed,2026-04-25T17:12:09.477169-04:00,node-01,checkout-api,500,True,normal,market_aware_v1,64.096,57.73,197.661,30.124,0.8,89.194,71.411,2.107
97f1318c-1355-4756-a38d-3423b76d661d,2026-04-25T17:12:09.477691-04:00,node-01,payments-api,502,True,normal,market_aware_v1,58.53,56.451,193.398,26.927,0.821,88.632,55.513,2.089
4c218aa2-36e9-4150-b7f5-d64f33b5ce68,2026-04-25T17:12:09.478207-04:00,node-01,orders-api,503,True,normal,market_aware_v1,63.556,53.423,170.007,31.295,0.773,91.048,90.731,2.098
71859aa0-b1ab-45a3-8fe7-2138defea392,2026-04-25T17:12:09.478942-04:00,node-01,checkout-api,429,True,normal,market_aware_v1,61.775,55.237,183.445,28.507,0.88,87.283,69.013,2.177
c8f68415-4800-4219-a294-bea1823dd30f,2026-04-25T17:12:09.479667-04:00,node-01,payments-api,200,True,normal,market_aware_v1,53.724,61.489,178.626,29.039,0.823,84.096,53.55,1.978
fcfc888a-027f-4f74-ae52-11aaf04b8f9f,2026-04-25T17:12:09.480143-04:00,node-01,orders-api,200,True,normal,market_aware_v1,67.511,52.085,171.305,30.279,0.727,86.029,90.498,1.79
50f4b67f-f21c-4636-b104-a7b473a8596b,2026-04-25T17:12:09.480631-04:00,node-01,checkout-api,500,True,normal,market_aware_v1,61.276,55.96,195.445,28.747,0.829,91.652,61.252,2.077
9972680b-88f2-4ca0-99af-895eefb96469,2026-04-25T17:12:09.481109-04:00,node-01,payments-api,429,True,normal,market_aware_v1,55.219,58.855,177.941,28.109,0.806,81.365,48.699,1.868
7247b068-bf47-4d7c-a406-15cc763f6a83,2026-04-25T17:12:09.481615-04:00,node-01,orders-api,500,True,anomalous,market_aware_v1,65.205,53.919,178.363,34.733,1.13,96.093,72.907,2.614
f9322da6-3984-4b26-a851-e679ab0a64d7,2026-04-25T17:12:09.482194-04:00,node-01,checkout-api,503,True,normal,market_aware_v1,61.889,53.179,175.6,29.393,0.899,86.902,62.686,2.089
e73aca1e-6f04-4db9-b787-7c71bda5e616,2026-04-25T17:12:09.482802-04:00,node-01,payments-api,429,True,normal,market_aware_v1,57.642,54.014,186.808,24.088,0.855,84.571,47.318,1.972
a03f3eef-4bf9-45e8-9428-b65f9ebec53b,2026-04-25T17:12:09.483295-04:00,node-01,orders-api,429,True,normal,market_aware_v1,57.009,49.613,159.07,31.52,0.652,85.48,83.143,1.842
524cfb53-1370-489f-b0a6-5a9d15e914f2,2026-04-25T17:12:09.483774-04:00,node-01,checkout-api,200,True,normal,market_aware_v1,56.987,52.318,174.599,29.241,0.746,77.5,59.324,1.801
608c1608-779e-4ab8-a084-25f42b1adf55,2026-04-25T17:12:09.484267-04:00,node-01,payments-api,502,True,normal,market_aware_v1,52.594,55.439,190.261,24.432,0.804,85.799,34.699,2.072
6c76784c-831c-4a8e-be87-5337b5b00dd2,2026-04-25T17:12:09.484768-04:00,node-01,orders-api,429,True,normal,market_aware_v1,56.313,49.249,158.246,27.017,0.754,88.872,73.247,1.911
e8ae724f-848f-47f7-96f6-9b5a96b95d4b,2026-04-25T17:12:09.485258-04:00,node-01,checkout-api,200,True,normal,market_aware_v1,53.105,49.723,161.181,26.625,0.78,84.062,56.502,1.88
6864825e-3540-4140-a212-f66d670e631d,2026-04-25T17:12:09.485758-04:00,node-01,payments-api,200,True,normal,market_aware_v1,52.336,52.446,187.696,23.323,0.746,81.036,43.675,1.831
ae4beeec-6ff8-4482-bf4f-22582bfda945,2026-04-25T17:12:09.486232-04:00,node-01,orders-api,200,True,normal,market_aware_v1,53.072,45.294,163.615,28.243,0.702,83.952,79.281,1.88
6ed34162-72e2-4aa4-8a19-542a3e14e7d0,2026-04-25T17:12:09.486721-04:00,node-01,checkout-api,502,True,normal,market_aware_v1,52.088,51.071,162.593,25.952,0.865,83.318,54.301,2.135
8b80ca36-1331-416a-a49d-bb39ecba3047,2026-04-25T17:12:09.487173-04:00,node-01,payments-api,200,True,normal,market_aware_v1,50.133,51.2,166.543,25.768,0.667,77.359,35.84,1.72
bd95f614-4568-4086-b05a-d6ef747de0fe,2026-04-25T17:12:09.487597-04:00,node-01,orders-api,200,True,normal,market_aware_v1,54.234,46.603,163.056,29.743,0.719,88.543,71.64,1.899
5a82611f-6dfd-4546-8669-c31afe2391f0,2026-04-25T17:12:09.488052-04:00,node-01,checkout-api,429,True,anomalous,market_aware_v1,58.173,49.387,202.412,28.043,1.302,100.683,40.219,2.942
393a44f3-a574-4b1e-ab87-708938852b48,2026-04-25T17:12:09.488533-04:00,node-01,payments-api,500,True,normal,market_aware_v1,49.389,46.693,184.053,24.049,0.754,89.725,38.513,2.056
4cc2b607-e1b8-4d6f-87f3-ae90a7a71d6e,2026-04-25T17:12:09.489042-04:00,node-01,orders-api,500,True,normal,market_aware_v1,52.98,46.358,176.777,28.231,0.673,90.714,72.493,2.028
f519ff6b-b912-48c7-85ec-9647226e752c,2026-04-25T17:12:09.489558-04:00,node-01,checkout-api,200,True,normal,market_aware_v1,50.363,48.694,163.67,27.796,0.727,73.192,65.053,1.644
52505f80-3baf-4ea1-8647-a2d38467643c,2026-04-25T17:12:09.490015-04:00,node-01,payments-api,200,True,normal,market_aware_v1,47.353,49.557,175.983,21.136,0.766,84.915,41.881,1.883
33f73c24-169e-4f94-ad42-9df4cde24c3d,2026-04-25T17:12:09.490460-04:00,node-01,orders-api,500,True,anomalous,market_aware_v1,58.459,49.287,160.061,32.923,0.983,85.173,67.969,2.202
84afd668-612f-4867-8c12-ce4e120002f0,2026-04-25T17:12:09.490933-04:00,node-01,checkout-api,429,True,normal,market_aware_v1,55.793,51.058,166.91,29.603,0.821,82.956,54.149,2.002
c624a81e-c2a1-429b-b390-10e41803efc8,2026-04-25T17:12:09.491415-04:00,node-01,payments-api,200,True,normal,market_aware_v1,50.364,54.36,173.045,24.043,0.724,80.491,46.226,1.849
7b557b89-e2e2-4cc3-aca9-f0a45ffe14ad,2026-04-25T17:12:09.491886-04:00,node-01,orders-api,429,True,normal,market_aware_v1,57.363,46.917,186.564,30.776,0.703,87.802,78.101,1.916
68174a69-1594-41da-9dc7-cc2c2229e0dc,2026-04-25T17:12:09.492348-04:00,node-01,checkout-api,429,True,normal,market_aware_v1,52.422,51.255,149.153,28.478,0.609,74.635,60.289,1.599
4662341d-7101-49b6-a020-df7502ee8185,2026-04-25T17:12:09.492809-04:00,node-01,payments-api,429,True,normal,market_aware_v1,49.081,56.02,181.101,28.172,0.793,91.575,46.85,2.167
7f70cf93-0e05-418a-be82-c46b98e2960b,2026-04-25T17:12:09.493224-04:00,node-01,orders-api,200,True,normal,market_aware_v1,56.482,47.948,152.15,30.448,0.672,81.599,83.07,1.647
ef7e0815-f30d-4ae0-94e8-5c329b6066c6,2026-04-25T17:12:09.493642-04:00,node-01,checkout-api,500,True,normal,market_aware_v1,58.214,55.546,189.715,30.539,0.938,91.842,61.024,2.311
9da32933-cbc0-48e5-8631-1eea54d5a06c,2026-04-25T17:12:09.494045-04:00,node-01,payments-api,200,True,normal,market_aware_v1,53.852,54.737,190.696,26.176,0.698,88.203,51.828,1.971
bf9a08e4-02d8-4aa1-b75f-ecf7e7fe6a9b,2026-04-25T17:12:09.494479-04:00,node-01,orders-api,200,True,normal,market_aware_v1,61.712,53.966,165.651,33.073,0.674,81.734,81.785,1.671
7b2bfc9d-66ef-4219-afc7-1e0227cf4f93,2026-04-25T17:12:09.494877-04:00,node-01,checkout-api,429,True,normal,market_aware_v1,60.719,55.015,176.07,29.22,0.886,86.081,65.547,2.034
ba6f983f-3237-4019-9adb-5a89ac09d9ba,2026-04-25T17:12:09.495309-04:00,node-01,payments-api,429,True,normal,market_aware_v1,55.041,56.805,192.586,28.618,0.682,88.994,52.144,1.899
4bdbf237-5389-45ce-aca6-bc8f667d1857,2026-04-25T17:12:09.495783-04:00,node-01,orders-api,200,True,normal,market_aware_v1,63.628,50.39,169.641,31.326,0.691,89.518,78.278,1.945
e67328f6-0358-4ea1-bc7d-221f826a5c27,2026-04-25T17:12:09.496213-04:00,node-01,checkout-api,502,True,normal,market_aware_v1,62.616,53.556,194.879,29.728,0.932,91.388,60.442,2.198
dee1e330-539c-4de8-a992-82d6b7f1c6e0,2026-04-25T17:12:09.496682-04:00,node-01,payments-api,429,True,anomalous,market_aware_v1,62.286,58.417,213.481,26.223,1.24,100.774,38.183,2.856
0fbd8f7e-646a-4eff-8d41-76803bdc48b8,2026-04-25T17:12:09.497139-04:00,node-01,orders-api,200,True,normal,market_aware_v1,58.664,50.9,160.93,32.172,0.635,77.471,88.773,1.515
dea8fee9-14fc-49f6-9738-0e0a1216e615,2026-04-25T17:12:09.498049-04:00,node-01,checkout-api,500,True,anomalous,market_aware_v1,60.458,56.244,187.994,30.333,1.149,82.687,64.031,2.438
47972a8e-7543-4976-bbbf-8c662b1f1033,2026-04-25T17:12:09.498509-04:00,node-01,payments-api,500,True,normal,market_aware_v1,54.569,55.363,184.512,26.526,0.822,85.007,54.391,2.041
a8a9d9ef-2575-46ef-b02c-617537729d19,2026-04-25T17:12:09.499050-04:00,node-01,orders-api,429,True,normal,market_aware_v1,58.522,51.636,170.216,32.229,0.874,93.582,84.822,2.336
3fe283e2-1a14-4729-a048-76d3ca218df6,2026-04-25T17:12:09.499591-04:00,node-01,checkout-api,429,True,normal,market_aware_v1,58.686,54.186,185.204,27.825,0.949,89.497,55.841,2.116
04a6cdde-6a8e-4625-8bad-fd8760c9e976,2026-04-25T17:12:09.500086-04:00,node-01,payments-api,429,True,normal,market_aware_v1,52.95,53.526,192.249,26.14,0.858,91.285,47.077,2.227
90081506-2aef-4c8c-9060-f2b1e4d6b0e2,2026-04-25T17:12:09.500581-04:00,node-01,orders-api,429,True,normal,market_aware_v1,58.896,52.91,151.647,30.55,0.691,85.536,80.266,1.592
686261a7-6b1e-494c-b899-c5f9d47d646f,2026-04-25T17:12:09.501041-04:00,node-01,checkout-api,200,True,normal,market_aware_v1,58.764,55.252,178.737,28.248,0.771,81.189,62.285,1.867
a4d8c3a7-122d-43c5-89c6-169b1921d6ce,2026-04-25T17:12:09.501498-04:00,node-01,payments-api,429,True,normal,market_aware_v1,54.754,54.49,184.777,28.068,0.763,87.626,44.299,1.999
fe5aad6f-af75-41dc-a4cf-8f52895af7c3,2026-04-25T17:12:09.501917-04:00,node-01,orders-api,200,True,normal,market_aware_v1,66.097,45.028,180.33,30.173,0.626,85.053,80.678,1.616
3e9767cc-3525-4d8e-83c9-bfe314600819,2026-04-25T17:12:09.502346-04:00,node-01,checkout-api,200,True,normal,market_aware_v1,53.383,52.437,158.883,26.654,0.749,79.741,64.598,1.837
0bcf422d-26ba-4bdc-adcb-1f79ec0c742a,2026-04-25T17:12:09.502803-04:00,node-01,payments-api,502,True,normal,market_aware_v1,50.048,53.884,178.558,24.786,0.81,93.925,44.551,2.097
c443b1ed-7f0f-45d4-930e-013dc9e7ccc6,2026-04-25T17:12:09.503285-04:00,node-01,orders-api,200,True,normal,market_aware_v1,59.115,48.773,170.352,30.759,0.667,82.681,82.571,1.698
c5287a81-5829-4adf-8a0b-e060aa722a53,2026-04-25T17:12:09.503723-04:00,node-01,checkout-api,200,True,normal,market_aware_v1,57.123,51.19,183.704,29.186,0.737,81.54,59.709,1.752
9d021e43-3f36-4933-a9ec-47430bcbe3b7,2026-04-25T17:12:09.504199-04:00,node-01,payments-api,503,True,normal,market_aware_v1,50.797,52.213,185.395,25.319,0.933,88.504,45.944,2.298
6af269bc-0001-423d-afab-9d00c0d88d90,2026-04-25T17:12:09.504672-04:00,node-01,orders-api,200,True,normal,market_aware_v1,55.042,47.715,157.78,31.945,0.643,83.583,76.819,1.746
dd11a2d5-f3df-48e9-bfd7-54a8587abd32,2026-04-25T17:12:09.505126-04:00,node-01,checkout-api,429,True,normal,market_aware_v1,58.28,49.779,185.059,25.147,0.866,86.644,59.021,2.121
a75b3315-a76c-439f-b32e-5d368c68e7d7,2026-04-25T17:12:09.505579-04:00,node-01,payments-api,200,True,normal,market_aware_v1,47.986,53.11,172.739,25.848,0.667,78.794,46.547,1.838
de75ada3-deb6-4e15-9f36-42f15a18da26,2026-04-25T17:12:09.506051-04:00,node-01,orders-api,429,True,normal,market_aware_v1,56.767,45.275,165.472,29.97,0.714,90.159,81.743,1.867
b116e636-9005-4bcf-bd5b-90039a652407,2026-04-25T17:12:09.506506-04:00,node-01,checkout-api,502,True,normal,market_aware_v1,55.736,53.322,178.201,30.026,0.813,82.834,61.098,2.169
332b0c7e-929d-46e7-a647-967391378c24,2026-04-25T17:12:09.506955-04:00,node-01,payments-api,200,True,normal,market_aware_v1,48.624,53.472,168.437,25.736,0.81,85.184,51.867,1.906
5c2db660-72b6-434a-9fe3-99801eba919e,2026-04-25T17:12:09.507392-04:00,node-01,orders-api,502,True,anomalous,market_aware_v1,59.398,50.77,173.313,32.163,0.886,85.565,72.525,2.173
4a91385c-6774-4fcb-8289-25b032f09004,2026-04-25T17:12:09.507887-04:00,node-01,checkout-api,429,True,normal,market_aware_v1,56.732,53.633,172.014,28.343,0.807,85.633,56.441,1.939
b80ea8d9-8b54-4ba6-8b79-196475d1e95e,2026-04-25T17:12:09.508363-04:00,node-01,payments-api,429,True,normal,market_aware_v1,50.81,55.379,194.315,24.001,0.795,87.287,51.814,2.108
8c6bea92-074f-449e-a948-072814bc5358,2026-04-25T17:12:09.508856-04:00,node-01,orders-api,200,True,normal,market_aware_v1,64.33,49.416,188.6,31.367,0.755,93.259,81.523,1.93
0a2bfcc6-cb99-4892-8769-f6101392a843,2026-04-25T17:12:09.509277-04:00,node-01,checkout-api,200,True,normal,market_aware_v1,61.397,54.123,172.397,30.33,0.747,84.406,59.548,1.94
1fdc6f0d-730e-4d80-a3cf-d37d328a7896,2026-04-25T17:12:09.509714-04:00,node-01,payments-api,200,True,normal,market_aware_v1,56.173,53.733,193.074,28.59,0.668,88.749,47.799,1.951
30336d00-500b-4659-9846-524b09019ec6,2026-04-25T17:12:09.510167-04:00,node-01,orders-api,200,True,normal,market_aware_v1,60.137,54.793,156.258,30.198,0.617,81.849,89.687,1.665
d1fb315b-6122-445d-848e-1e1f81ebcc22,2026-04-25T17:12:09.510587-04:00,node-01,checkout-api,200,True,normal,market_aware_v1,61.376,54.986,177.08,30.548,0.783,82.39,68.61,1.821
2b4d429e-4f72-4a47-b63a-223b5e1feba1,2026-04-25T17:12:09.511004-04:00,node-01,payments-api,200,True,normal,market_aware_v1,52.055,60.195,181.855,28.038,0.698,88.435,53.216,1.94
d6a7361f-6017-43e9-adf0-bdc182de23fd,2026-04-25T17:12:09.511410-04:00,node-01,orders-api,200,True,normal,market_aware_v1,64.508,51.096,174.788,31.32,0.635,84.176,88.607,1.65
1d103dc6-4cd3-414e-a48f-7f5d4776d141,2026-04-25T17:12:09.511861-04:00,node-01,checkout-api,502,True,normal,market_aware_v1,61.575,57.116,184.531,29.987,0.835,87.101,66.027,2.045
ee7821b3-8a5f-4f41-818d-8c2fde390cb5,2026-04-25T17:12:09.512275-04:00,node-01,payments-api,500,True,normal,market_aware_v1,57.768,58.731,200.095,27.772,0.903,98.74,51.601,2.307
4ac24886-444e-4a73-961b-b176dfc1246e,2026-04-25T17:12:09.512669-04:00,node-01,orders-api,200,True,normal,market_aware_v1,65.143,51.135,177.365,31.961,0.65,88.917,93.541,1.847
6bfa7bfa-f8c7-4562-883d-1fe9a9263ebd,2026-04-25T17:12:09.513082-04:00,node-01,checkout-api,200,True,normal,market_aware_v1,62.525,57.877,183.547,33.272,0.84,82.891,69.131,1.98
0437f480-6c9d-414e-9f6a-e13a573e004f,2026-04-25T17:12:09.513580-04:00,node-01,payments-api,429,True,normal,market_aware_v1,58.803,57.266,201.229,26.154,0.9,95.793,55.617,2.366
771a31fa-de77-4b1d-99b8-cfcc76d0ae1b,2026-04-25T17:12:09.514057-04:00,node-01,orders-api,200,True,normal,market_aware_v1,68.26,54.774,183.111,31.665,0.732,88.539,87.343,1.88
34f4ce1a-7d6a-45e3-ba58-1274ec6c41ed,2026-04-25T17:12:09.514550-04:00,node-01,checkout-api,429,True,anomalous,market_aware_v1,66.464,55.711,190.657,32.599,1.23,88.901,60.113,2.425
85b9f45e-372d-4b1d-b163-759247c1decf,2026-04-25T17:12:09.515016-04:00,node-01,payments-api,429,True,normal,market_aware_v1,59.444,57.262,182.905,27.27,0.779,89.134,54.282,2.018
04d92812-1ff2-4cea-9262-d36e828d619c,2026-04-25T17:12:09.515472-04:00,node-01,orders-api,429,True,normal,market_aware_v1,62.546,50.395,156.25,34.988,0.567,80.046,89.046,1.631
e78829a2-b3d6-4769-83a1-eebd54e406ce,2026-04-25T17:12:09.515938-04:00,node-01,checkout-api,503,True,normal,market_aware_v1,59.518,54.768,179.348,31.431,0.858,85.296,64.126,2.045
ae637358-9d46-4ee4-a9f2-dfeb9d7a0d00,2026-04-25T17:12:09.516418-04:00,node-01,payments-api,502,True,normal,market_aware_v1,57.14,56.823,187.252,26.227,0.743,91.146,51.792,2.004
e79c94a2-ba14-47c1-bf6f-806b8572cd95,2026-04-25T17:12:09.516894-04:00,node-01,orders-api,200,True,normal,market_aware_v1,60.945,51.658,160.759,32.076,0.621,83.578,82.124,1.693
7c76391c-12f3-487d-9f37-33e2b5384f13,2026-04-25T17:12:09.517367-04:00,node-01,checkout-api,503,True,normal,market_aware_v1,62.598,51.964,181.748,30.353,0.863,85.64,59.588,2.135
ca78430c-cb5e-4e55-8b12-f9186fb7d59e,2026-04-25T17:12:09.517842-04:00,node-01,payments-api,429,True,normal,market_aware_v1,53.872,53.967,182.062,23.418,0.763,89.331,46.431,1.998
8273d36f-f2da-4188-a00f-1ea5849143eb,2026-04-25T17:12:09.518304-04:00,node-01,orders-api,429,True,anomalous,market_aware_v1,66.27,51.885,187.764,32.655,1.131,95.24,76.228,2.531
20cb4c70-dbb3-4b56-a8c5-aa1e2bd4e019,2026-04-25T17:12:09.518778-04:00,node-01,checkout-api,429,True,normal,market_aware_v1,58.327,51.231,178.413,30.302,0.822,83.29,59.713,2.008
e6df32ed-d138-4cc3-a29a-9cb0b6188af2,2026-04-25T17:12:09.519250-04:00,node-01,payments-api,429,True,normal,market_aware_v1,49.761,53.912,185.699,25.008,0.693,86.054,44.202,1.917
81eef7cb-c860-496d-943b-f0bc06fdfcee,2026-04-25T17:12:09.519739-04:00,node-01,orders-api,429,True,normal,market_aware_v1,55.155,46.625,167.332,31.112,0.76,88.582,78.123,1.899
c8fc23f1-89d0-4912-81e6-6aec92e2dba0,2026-04-25T17:12:09.520215-04:00,node-01,checkout-api,503,True,normal,market_aware_v1,57.164,49.385,180.753,26.784,0.944,88.136,56.596,2.122
c04030dd-03ad-4e89-8eb0-510cf2847fcc,2026-04-25T17:12:09.520705-04:00,node-01,payments-api,502,True,normal,market_aware_v1,50.758,53.212,183.541,24.122,0.822,91.297,37.472,2.166
02edf1eb-4cee-48e7-bdc7-43fb5d66b653,2026-04-25T17:12:09.521176-04:00,node-01,orders-api,200,True,normal,market_aware_v1,55.579,47.49,169.348,29.862,0.646,82.214,82.974,1.707
8c73df5e-e7e4-4ab2-8f33-9cd189bbdaee,2026-04-25T17:12:09.521661-04:00,node-01,checkout-api,502,True,normal,market_aware_v1,57.317,52.707,183.67,26.066,0.915,87.2,54.587,2.121
a6664ff9-ac10-43e3-b5bb-7242ccab2fbf,2026-04-25T17:12:09.522140-04:00,node-01,payments-api,200,True,normal,market_aware_v1,45.088,50.181,175.924,21.907,0.673,82.325,43.377,1.81
91e84401-0be2-469f-bfe7-b88b0fe41d1d,2026-04-25T17:12:09.522692-04:00,node-01,orders-api,200,True,normal,market_aware_v1,58.863,44.991,159.542,29.61,0.653,80.677,76.926,1.731
00b5a332-2964-4fb0-b678-a3723e3ed4b1,2026-04-25T17:12:09.523182-04:00,node-01,checkout-api,200,True,normal,market_aware_v1,49.182,46.407,159.76,27.94,0.73,71.929,57.256,1.725
6a1909cf-8e72-4584-8c25-5be497560376,2026-04-25T17:12:09.523673-04:00,node-01,payments-api,503,True,normal,market_aware_v1,50.741,49.436,182.046,20.203,0.713,91.584,40.768,2.044
a3632c35-249b-4019-8cd9-fb8a08d7d565,2026-04-25T17:12:09.524111-04:00,node-01,orders-api,200,True,normal,market_aware_v1,51.719,45.585,149.94,31.227,0.536,70.775,79.851,1.316
394a6f3c-53bc-4ca2-bfc4-3d0a13405a05,2026-04-25T17:12:09.524548-04:00,node-01,checkout-api,502,True,normal,market_aware_v1,52.962,48.127,179.476,27.798,0.912,86.96,56.25,2.264
f34a3800-dd8c-4f0a-831c-aa1599aae557,2026-04-25T17:12:09.524951-04:00,node-01,payments-api,500,True,normal,market_aware_v1,48.859,51.246,185.068,26.546,0.836,87.516,41.109,2.119
2c224281-a611-4a83-8476-85bb1b97e005,2026-04-25T17:12:09.525369-04:00,node-01,orders-api,200,True,normal,market_aware_v1,58.632,49.502,162.304,30.28,0.589,82.906,78.689,1.579
da8ce6c3-10e5-4067-8765-97637bd45f6b,2026-04-25T17:12:09.525780-04:00,node-01,checkout-api,429,True,normal,market_aware_v1,55.22,51.029,186.261,25.658,0.928,88.589,58.057,2.184
ff91b1b5-4d98-43a7-88fb-3b9cadb63857,2026-04-25T17:12:09.526224-04:00,node-01,payments-api,503,True,normal,market_aware_v1,52.838,53.684,194.699,24.167,0.811,90.284,43.865,2.044
1ff88f6a-f330-47a0-aa9f-6e1c255ccc66,2026-04-25T17:12:09.526701-04:00,node-01,orders-api,200,True,normal,market_aware_v1,57.198,49.063,175.111,32.071,0.739,86.681,75.356,1.975
55bfaaed-70ef-4646-9f92-845869ae967e,2026-04-25T17:12:09.527164-04:00,node-01,checkout-api,200,True,normal,market_aware_v1,55.451,51.788,174.625,27.033,0.893,84.41,54.45,1.982
c2e8b763-447e-4e59-8aa6-fef19f52533c,2026-04-25T17:12:09.527602-04:00,node-01,payments-api,429,True,normal,market_aware_v1,57.247,55.099,182.164,26.888,0.661,85.829,46.808,1.881
3b163e70-5d4e-4476-92c8-f135fcf3bf69,2026-04-25T17:12:09.528004-04:00,node-01,orders-api,200,True,normal,market_aware_v1,61.721,48.811,180.743,31.898,0.687,86.916,82.527,1.801
2c50209c-2366-4526-bf28-269c4bd2481f,2026-04-25T17:12:09.528410-04:00,node-01,checkout-api,500,True,normal,market_aware_v1,59.782,51.927,189.244,32.148,0.886,92.025,55.677,2.409
8b280f15-0de9-4996-a6eb-617b96048920,2026-04-25T17:12:09.528831-04:00,node-01,payments-api,503,True,normal,market_aware_v1,56.607,57.874,178.386,28.028,0.773,87.602,49.684,2.124
8d24d96c-1b6e-4c8f-96f2-cdaa82673012,2026-04-25T17:12:09.529237-04:00,node-01,orders-api,200,True,normal,market_aware_v1,60.721,46.914,160.668,32.257,0.708,82.446,89.991,1.649
7c7bdc9a-671f-4685-b594-0c76dd7fe101,2026-04-25T17:12:09.529717-04:00,node-01,checkout-api,200,True,normal,market_aware_v1,61.06,54.785,181.562,30.571,0.815,85.005,63.45,1.94
2ba51712-2b0f-4a87-8902-6081032e67a2,2026-04-25T17:12:09.530183-04:00,node-01,payments-api,503,True,normal,market_aware_v1,53.045,54.848,184.774,27.112,0.847,90.904,54.1,2.091
22587626-6fdc-4955-98b9-a63c56cca7f3,2026-04-25T17:12:09.530732-04:00,node-01,orders-api,200,True,normal,market_aware_v1,62.119,48.296,151.207,31.999,0.672,73.966,86.951,1.697
257e3519-59c0-4d1b-afc3-f6fcc4b69171,2026-04-25T17:12:09.531240-04:00,node-01,checkout-api,429,True,normal,market_aware_v1,58.103,53.608,186.703,28.455,0.862,87.82,63.651,2.049
8b6c075f-6431-4df0-bfe2-4e2abcb2dcfa,2026-04-25T17:12:09.531765-04:00,node-01,payments-api,429,True,normal,market_aware_v1,53.782,54.946,175.618,26.427,0.774,86.41,46.429,2.036
2f2d91ec-b8da-4a0e-9926-4123cf570ccd,2026-04-25T17:12:09.532267-04:00,node-01,orders-api,429,True,normal,market_aware_v1,60.57,53.001,170.712,33.818,0.725,81.882,81.603,1.863
c70a82cc-3000-4ac4-9436-7ba79fa60b1b,2026-04-25T17:12:09.532774-04:00,node-01,checkout-api,502,True,normal,market_aware_v1,60.442,52.751,185.394,30.455,0.788,87.378,57.99,2.013
f8eea937-5425-4470-8347-6b070120cb6e,2026-04-25T17:12:09.533217-04:00,node-01,payments-api,503,True,normal,market_aware_v1,53.718,56.92,186.696,28.889,0.752,90.958,46.483,2.073
e80a5d3f-990d-4118-bde1-2a22e074f79a,2026-04-25T17:12:09.533642-04:00,node-01,orders-api,200,True,normal,market_aware_v1,66.033,52.443,167.233,33.069,0.706,89.23,81.269,1.871
3e8bfeef-d25b-4337-b5a8-e9c7138d7904,2026-04-25T17:12:09.534053-04:00,node-01,checkout-api,429,True,normal,market_aware_v1,60.122,53.942,192.17,29.491,0.878,88.17,64.721,2.264
a33e38bc-b597-4fc4-884b-46265b34eaa7,2026-04-25T17:12:09.534466-04:00,node-01,payments-api,503,True,normal,market_aware_v1,56.112,56.669,204.192,27.571,1.039,98.502,51.594,2.727
12b71ba4-84e8-4004-995b-7d7984a34eb5,2026-04-25T17:12:09.534881-04:00,node-01,orders-api,429,True,normal,market_aware_v1,58.119,49.7,161.186,32.454,0.613,80.651,83.866,1.71
69b2c782-f644-4ec2-bc60-198f6d211fd6,2026-04-25T17:12:09.535277-04:00,node-01,checkout-api,503,True,normal,market_aware_v1,59.875,52.21,181.801,29.656,0.797,82.031,60.536,2.006
9949e880-afff-4870-9175-a93315f0acf9,2026-04-25T17:12:09.535711-04:00,node-01,payments-api,502,True,anomalous,market_aware_v1,57.206,53.679,201.37,26.027,1.142,94.696,40.606,2.608
76ee7fe1-939d-43c1-8e89-8d11fa84c993,2026-04-25T17:12:09.536153-04:00,node-01,orders-api,200,True,normal,market_aware_v1,60.526,48.404,167.117,31.104,0.752,92.907,81.892,1.946
2c5d9eb8-62b8-4955-a62d-ddd38c341865,2026-04-25T17:12:09.536627-04:00,node-01,checkout-api,502,True,anomalous,market_aware_v1,59.247,54.931,194.673,31.052,1.22,95.452,50.749,2.658
46dc981f-e297-4b54-860e-ac62f6f7620e,2026-04-25T17:12:09.537129-04:00,node-01,payments-api,500,True,normal,market_aware_v1,55.459,55.97,217.268,26.415,0.987,99.975,44.582,2.729
1ca88d21-34dc-4446-ac15-d0cee49ad962,2026-04-25T17:12:09.537619-04:00,node-01,orders-api,200,True,normal,market_aware_v1,57.602,47.744,164.494,30.938,0.623,82.953,78.346,1.631
fbcad873-081a-437f-ba39-b00ad2f4e37c,2026-04-25T17:12:09.538046-04:00,node-01,checkout-api,429,True,normal,market_aware_v1,59.121,52.584,182.236,27.209,0.788,81.878,58.229,1.909
99238436-b239-4d40-b115-f1c3db4c1adb,2026-04-25T17:12:09.538589-04:00,node-01,payments-api,429,True,normal,market_aware_v1,53.869,51.409,188.234,26.336,0.785,96.953,48.257,2.227
10960bcd-43b2-4c11-8c10-5a133894cb95,2026-04-25T17:12:09.539108-04:00,node-01,orders-api,200,True,normal,market_aware_v1,59.439,46.415,153.726,31.569,0.615,74.002,81.327,1.469
f960a026-c5d1-46a9-88c2-f4d73101cd05,2026-04-25T17:12:09.539735-04:00,node-01,checkout-api,200,True,normal,market_aware_v1,57.277,49.773,175.6,28.275,0.829,83.43,54.987,1.97
5655fead-2063-4cb2-9144-e783eaad1cb8,2026-04-25T17:12:09.540185-04:00,node-01,payments-api,200,True,normal,market_aware_v1,48.378,53.555,185.275,24.044,0.779,81.668,40.601,1.931
a5f76d9f-364e-47dc-811d-8d56e5dfd716,2026-04-25T17:12:09.540680-04:00,node-01,orders-api,200,True,normal,market_aware_v1,56.103,48.557,158.027,32.783,0.544,77.619,85.547,1.405
228504e8-1ff9-45b0-a1db-343905a7e423,2026-04-25T17:12:09.541151-04:00,node-01,checkout-api,429,True,normal,market_aware_v1,53.59,51.893,164.012,28.036,0.825,84.23,55.762,1.931
3865ada9-6e9a-47d7-8c01-777b93fa8076,2026-04-25T17:12:09.541631-04:00,node-01,payments-api,429,True,normal,market_aware_v1,51.219,51.447,184.077,25.857,0.803,86.61,39.998,2.049
ba119202-1246-4a3a-b901-017fd8f822fb,2026-04-25T17:12:09.542118-04:00,node-01,orders-api,200,True,normal,market_aware_v1,62.962,48.022,179.252,32.522,0.722,87.769,76.887,1.92
7f91365c-1d65-44e7-a650-7b7e96faeee4,2026-04-25T17:12:09.542735-04:00,node-01,checkout-api,429,True,anomalous,market_aware_v1,61.033,50.28,190.581,30.203,1.275,94.591,48.622,2.54
73ca0f91-a006-4f0f-b582-e76c3d0588ee,2026-04-25T17:12:09.544319-04:00,node-01,payments-api,500,True,normal,market_aware_v1,55.539,54.922,212.499,27.341,1.074,99.708,47.298,3.009
3adc7ba7-53ee-454f-96ee-5b7bb3537b6b,2026-04-25T17:12:09.544806-04:00,node-01,orders-api,503,True,normal,market_aware_v1,55.704,51.628,180.622,29.748,0.795,89.744,81.504,2.029
1075042f-9a70-4252-a6b7-759897633327,2026-04-25T17:12:09.545296-04:00,node-01,checkout-api,429,True,normal,market_aware_v1,52.901,49.353,174.74,29.067,0.813,81.611,59.35,1.932
3cc8e56c-a4c4-4391-ac9a-2a022d70ce52,2026-04-25T17:12:09.545765-04:00,node-01,payments-api,200,True,normal,market_aware_v1,55.321,58.285,181.461,26.213,0.757,84.665,42.468,1.995
33263491-ef0f-4f49-890d-dcf3a26d1579,2026-04-25T17:12:09.546184-04:00,node-01,orders-api,200,True,normal,market_aware_v1,65.383,52.307,173.087,33.659,0.797,91.94,84.039,1.971
74c89fff-769f-4f87-a16a-abefd57aa381,2026-04-25T17:12:09.546618-04:00,node-01,checkout-api,500,True,normal,market_aware_v1,62.791,54.023,188.19,29.417,0.809,95.214,67.328,2.216
0ce184a1-41bf-4aef-961e-fa8a0a6c7252,2026-04-25T17:12:09.547039-04:00,node-01,payments-api,502,True,normal,market_aware_v1,58.783,57.432,190.845,27.587,0.83,88.329,53.633,2.132
f584a4ad-dc4e-4f30-bbff-ee7656bf147b,2026-04-25T17:12:09.547484-04:00,node-01,orders-api,429,True,normal,market_aware_v1,63.272,52.498,169.996,31.841,0.665,86.011,83.815,1.66
79ac8dec-96e3-43cf-b733-81f55e9e61a9,2026-04-25T17:12:09.547981-04:00,node-01,checkout-api,500,True,normal,market_aware_v1,65.015,57.557,205.422,31.525,0.951,98.279,64.463,2.512
99b26af3-e37e-468a-bfb7-4edcf0fcdc15,2026-04-25T17:12:09.548483-04:00,node-01,payments-api,500,True,normal,market_aware_v1,58.886,56.81,207.255,28.691,0.827,95.302,50.102,2.239
c047bc8e-9a14-4372-b4ca-677a2a3ec915,2026-04-25T17:12:09.548929-04:00,node-01,orders-api,429,True,normal,market_aware_v1,63.262,49.568,143.026,30.587,0.508,71.639,90.987,1.357
3d55904f-5425-4c63-b0a0-615ffbb7c020,2026-04-25T17:12:09.549356-04:00,node-01,checkout-api,503,True,normal,market_aware_v1,67.272,57.126,198.998,31.093,0.958,97.433,58.985,2.364
9a274dc0-22a7-452d-a8f2-552665c765ed,2026-04-25T17:12:09.549765-04:00,node-01,payments-api,502,True,normal,market_aware_v1,62.451,58.685,194.353,25.235,0.903,99.925,44.765,2.54
e3553510-4067-45c4-a542-aca73687179b,2026-04-25T17:12:09.550180-04:00,node-01,orders-api,429,True,normal,market_aware_v1,68.281,54.871,163.004,34.748,0.672,84.035,91.629,1.828
7a96d002-c828-4713-9530-c2a4f0afbaeb,2026-04-25T17:12:09.550625-04:00,node-01,checkout-api,500,True,anomalous,market_aware_v1,63.616,59.132,205.821,33.33,1.265,93.973,60.404,2.822
7de5c23b-c1a6-425b-a760-153284b46716,2026-04-25T17:12:09.551116-04:00,node-01,payments-api,500,True,normal,market_aware_v1,60.58,57.168,192.505,29.198,0.748,90.239,51.752,2.019
f457e415-ab69-4419-8df5-88715a864c89,2026-04-25T17:12:09.551592-04:00,node-01,orders-api,200,True,normal,market_aware_v1,65.042,56.707,156.8,34.944,0.646,88.827,88.41,1.774
371da0aa-bae3-4d35-beb8-db01ae9bf96e,2026-04-25T17:12:09.552060-04:00,node-01,checkout-api,429,True,normal,market_aware_v1,65.432,55.684,193.319,32.743,0.878,92.273,62.569,2.261
83d8ad00-1e84-4420-a56b-497b6e7c0986,2026-04-25T17:12:09.552527-04:00,node-01,payments-api,429,True,normal,market_aware_v1,61.217,56.759,194.601,25.271,0.879,92.251,48.357,2.225
8dac1d21-e08d-4d0d-b68c-d3c27c5b7b17,2026-04-25T17:12:09.552997-04:00,node-01,orders-api,200,True,normal,market_aware_v1,63.227,54.695,162.139,32.642,0.626,80.018,88.039,1.575
497d7cf2-1156-4266-b2d8-addda5d7b7af,2026-04-25T17:12:09.553491-04:00,node-01,checkout-api,500,True,normal,market_aware_v1,59.452,51.911,191.467,27.723,0.923,93.109,61.5,2.346
e3bec032-948d-4d77-a57d-867d874bf21d,2026-04-25T17:12:09.553970-04:00,node-01,payments-api,500,True,normal,market_aware_v1,56.917,57.619,183.041,26.688,0.735,90.012,47.463,2.02
9f61c815-5951-4354-8d91-9142e1ecd6c8,2026-04-25T17:12:09.554436-04:00,node-01,orders-api,200,True,normal,market_aware_v1,62.297,49.422,174.087,31.579,0.658,85.083,80.278,1.848
426cd2db-35f4-4e97-b32f-616c395be77a,2026-04-25T17:12:09.554918-04:00,node-01,checkout-api,503,True,normal,market_aware_v1,59.489,51.809,187.824,31.5,0.873,88.558,60.416,2.107
a34bfb60-0785-43b8-bc06-526756d26376,2026-04-25T17:12:09.555401-04:00,node-01,payments-api,500,True,anomalous,market_aware_v1,58.634,57.872,194.627,28.651,1.121,90.937,38.296,2.509
f6bb2d6c-99ee-44bf-8f89-90d54abd8408,2026-04-25T17:12:09.555913-04:00,node-01,orders-api,200,True,normal,market_aware_v1,57.507,48.316,178.848,30.899,0.718,91.054,77.725,1.847
679cc517-dbf2-40bf-9e48-a973a1cd4e83,2026-04-25T17:12:09.556419-04:00,node-01,checkout-api,502,True,normal,market_aware_v1,53.409,48.693,190.232,28.824,0.88,90.362,55.01,2.29
ab4ea716-912f-4084-a8b9-a0020499226b,2026-04-25T17:12:09.556919-04:00,node-01,payments-api,429,True,normal,market_aware_v1,54.857,53.779,187.753,22.856,0.762,86.576,43.194,1.94
0671b58f-2613-4de4-867f-bffc4fb02982,2026-04-25T17:12:09.557413-04:00,node-01,orders-api,200,True,normal,market_aware_v1,54.959,46.958,164.838,33.012,0.677,84.912,77.51,1.809
dae08ba5-e2b5-4451-b001-b410aa33d445,2026-04-25T17:12:09.557882-04:00,node-01,checkout-api,502,True,normal,market_aware_v1,52.004,50.23,183.616,26.604,0.915,84.922,52.194,2.186
9458cc25-3551-4645-ad23-17fff4dfe628,2026-04-25T17:12:09.558309-04:00,node-01,payments-api,429,True,normal,market_aware_v1,48.998,51.661,193.29,26.001,0.821,89.743,36.129,2.047
4053ffb8-e730-4665-b017-1c51e1046a36,2026-04-25T17:12:09.558807-04:00,node-01,orders-api,500,True,normal,market_aware_v1,58.432,43.925,185.008,29.994,0.785,92.797,64.804,2.06
f377d7b2-2359-4884-a270-fc7413ea27fc,2026-04-25T17:12:09.559281-04:00,node-01,checkout-api,429,True,normal,market_aware_v1,52.403,49.669,186.295,24.826,0.872,86.27,48.037,2.13
0d8d9988-4d6e-4a8a-95ed-36ca1b2a1aa9,2026-04-25T17:12:09.559751-04:00,node-01,payments-api,500,True,normal,market_aware_v1,51.525,49.563,211.474,23.141,0.876,96.63,26.463,2.311
72d677b3-def2-4560-a441-166b7663d2a4,2026-04-25T17:12:09.560216-04:00,node-01,orders-api,200,True,normal,market_aware_v1,50.169,48.882,146.857,32.078,0.529,76.101,83.18,1.418
aaa382ff-1bea-49e9-9c2f-a9fa120796f5,2026-04-25T17:12:09.560694-04:00,node-01,checkout-api,502,True,normal,market_aware_v1,51.896,46.744,176.093,27.113,0.855,84.124,49.562,2.0
cbe17baf-257c-491a-b617-c5eec00d9177,2026-04-25T17:12:09.561171-04:00,node-01,payments-api,502,True,anomalous,market_aware_v1,53.321,54.43,196.266,26.148,1.098,91.09,33.743,2.532
d7d1be25-fe25-4953-96cd-8c1096cdde43,2026-04-25T17:12:09.561681-04:00,node-01,orders-api,429,True,normal,market_aware_v1,55.19,45.733,153.067,29.436,0.727,83.63,76.202,1.806
611c9415-a792-460d-b1a6-fb04e4dffceb,2026-04-25T17:12:09.562187-04:00,node-01,checkout-api,500,True,normal,market_aware_v1,57.975,50.681,195.445,27.325,0.963,96.616,50.748,2.503
952e93eb-7cd7-4593-94dc-8ffb22410afe,2026-04-25T17:12:09.562661-04:00,node-01,payments-api,429,True,anomalous,market_aware_v1,49.605,52.29,199.316,23.863,1.201,96.604,38.019,2.742
c7683598-e0d7-4888-8e44-c04be57b830f,2026-04-25T17:12:09.563134-04:00,node-01,orders-api,200,True,normal,market_aware_v1,55.486,50.313,161.139,27.262,0.76,87.303,81.236,1.89
e433e9af-63bf-4e2f-9de4-95d1795e7253,2026-04-25T17:12:09.563641-04:00,node-01,checkout-api,429,True,normal,market_aware_v1,59.583,54.496,179.295,28.843,0.755,86.197,60.383,1.897
fa19029a-2408-416d-88e7-d3429a4a77f7,2026-04-25T17:12:09.564066-04:00,node-01,payments-api,429,True,normal,market_aware_v1,53.857,54.311,195.583,24.98,0.816,92.748,46.578,2.061
f1b5ca27-8701-4c82-b55d-79a44c4fee7e,2026-04-25T17:12:09.564520-04:00,node-01,orders-api,200,True,normal,market_aware_v1,60.729,52.594,171.622,30.559,0.653,84.352,77.084,1.796
ea626611-56c0-4a04-8de2-f8fb4c2659ab,2026-04-25T17:12:09.565008-04:00,node-01,checkout-api,500,True,normal,market_aware_v1,60.42,50.911,198.189,28.339,0.973,94.855,60.093,2.658
f89696fe-db0b-445f-a2d3-496715b49165,2026-04-25T17:12:09.565533-04:00,node-01,payments-api,503,True,anomalous,market_aware_v1,56.658,57.907,203.039,27.697,1.208,94.388,40.092,2.7
4bf9dd05-79ca-449a-b6fc-1ab52761a951,2026-04-25T17:12:09.566032-04:00,node-01,orders-api,429,True,normal,market_aware_v1,61.067,52.954,173.184,33.973,0.724,84.747,84.212,1.938
2ad80800-3345-49ed-829d-628b066899ed,2026-04-25T17:12:09.566529-04:00,node-01,checkout-api,503,True,normal,market_aware_v1,63.129,54.425,178.379,28.757,0.866,85.469,66.523,2.046
05abe610-f49d-4190-aea3-3a05c9bc3966,2026-04-25T17:12:09.567019-04:00,node-01,payments-api,502,True,normal,market_aware_v1,56.68,53.583,192.426,28.085,0.763,83.64,50.27,2.075
4199018e-3e77-461a-9558-723e5ca77911,2026-04-25T17:12:09.567485-04:00,node-01,orders-api,429,True,normal,market_aware_v1,60.302,51.785,168.427,31.91,0.636,87.096,86.838,1.732
057797fd-3099-422d-9ec9-17fac13dbd04,2026-04-25T17:12:09.568016-04:00,node-01,checkout-api,200,True,normal,market_aware_v1,59.378,55.139,168.619,30.538,0.881,83.91,59.811,1.977
3b0106ac-42ba-42e3-8fff-27bb5c63ee13,2026-04-25T17:12:09.568687-04:00,node-01,payments-api,503,True,normal,market_aware_v1,59.978,58.034,177.974,26.239,0.752,87.535,56.207,2.101
a07cdf16-2c00-4aba-85c9-8a999132cb6b,2026-04-25T17:12:09.569168-04:00,node-01,orders-api,200,True,normal,market_aware_v1,65.566,52.565,172.214,32.475,0.76,90.52,83.463,1.859
dd269bf7-54a9-44df-baac-817cc07c73cf,2026-04-25T17:12:09.569646-04:00,node-01,checkout-api,500,True,normal,market_aware_v1,61.938,56.878,186.359,31.107,0.894,89.635,62.272,2.231
c12e6da4-2c21-43a0-abaf-93176826f090,2026-04-25T17:12:09.570151-04:00,node-01,payments-api,500,True,normal,market_aware_v1,58.701,59.392,200.906,26.144,0.873,93.643,56.16,2.333
c85a4085-8839-4db4-8599-4ba465f6e22f,2026-04-25T17:12:09.570629-04:00,node-01,orders-api,200,True,normal,market_aware_v1,60.673,50.314,153.578,31.631,0.635,87.837,85.271,1.818
4be3d38f-d305-4175-84a0-5c8debff4f98,2026-04-25T17:12:09.571060-04:00,node-01,checkout-api,500,True,normal,market_aware_v1,59.304,52.432,190.343,31.7,0.798,90.534,62.526,2.098
bbb5f134-9d6c-44f1-b8d3-578f80d29f83,2026-04-25T17:12:09.571475-04:00,node-01,payments-api,429,True,normal,market_aware_v1,56.47,54.292,198.293,26.899,0.789,90.868,53.795,2.132
80491674-e5f4-4420-badf-273f9fa8bc9f,2026-04-25T17:12:09.571878-04:00,node-01,orders-api,200,True,normal,market_aware_v1,62.888,49.715,175.533,31.753,0.627,83.955,84.954,1.61
9181dbf7-da7c-4beb-98d5-5c03858ad200,2026-04-25T17:12:09.572331-04:00,node-01,checkout-api,500,True,anomalous,market_aware_v1,59.52,53.218,206.941,30.637,1.193,95.635,57.032,2.708
b82b4d2f-d6d8-4fdc-a283-5a0161990df8,2026-04-25T17:12:09.572787-04:00,node-01,payments-api,503,True,normal,market_aware_v1,54.649,54.237,202.783,26.021,0.85,97.357,40.448,2.363
2a047e40-0f14-471f-a247-5a4c91e1e17f,2026-04-25T17:12:09.573278-04:00,node-01,orders-api,503,True,normal,market_aware_v1,61.259,46.349,177.113,29.51,0.788,93.122,78.489,2.108
eee86d07-613e-48f3-ac47-2d4f6f136680,2026-04-25T17:12:09.574169-04:00,node-01,checkout-api,429,True,normal,market_aware_v1,60.804,51.399,182.248,27.358,0.879,90.021,53.788,1.985
d1b81d6b-993a-4bc9-bcff-69de689b2208,2026-04-25T17:12:09.574612-04:00,node-01,payments-api,503,True,normal,market_aware_v1,55.969,53.015,194.906,25.725,0.765,87.088,47.372,2.067
2cffd2d3-4c79-40c8-813f-b587a3cda23f,2026-04-25T17:12:09.575013-04:00,node-01,orders-api,200,True,normal,market_aware_v1,58.603,47.993,172.275,29.266,0.691,91.421,78.806,1.891
169587a3-5fd0-48c2-8007-2327c02df338,2026-04-25T17:12:09.575427-04:00,node-01,checkout-api,500,True,normal,market_aware_v1,55.4,49.798,183.056,28.673,0.877,87.355,58.193,2.226
ca51d625-8a87-4e5c-aa5c-198b45c54f7f,2026-04-25T17:12:09.575912-04:00,node-01,payments-api,429,True,normal,market_aware_v1,49.559,53.271,172.335,25.032,0.771,89.059,41.712,2.013
e2db097d-9d96-46f9-bb36-32b2d7782fa5,2026-04-25T17:12:09.576424-04:00,node-01,orders-api,200,True,normal,market_aware_v1,59.386,47.774,165.131,28.105,0.632,83.821,75.613,1.643
7dede55a-b246-4453-b700-cbc4d178ad06,2026-04-25T17:12:09.576943-04:00,node-01,checkout-api,200,True,normal,market_aware_v1,53.926,51.101,171.775,26.485,0.747,80.855,59.298,1.873
af70023b-e920-4f24-ab00-dbf4a59707f3,2026-04-25T17:12:09.577508-04:00,node-01,payments-api,503,True,normal,market_aware_v1,51.596,52.132,174.917,24.428,0.814,85.474,37.643,2.019
45951093-b816-4caf-9957-63ca1714ebbc,2026-04-25T17:12:09.577953-04:00,node-01,orders-api,200,True,normal,market_aware_v1,55.398,50.436,157.142,31.41,0.585,81.877,81.383,1.642
90bc0a13-8c93-45dc-bef2-5cdbd5619b13,2026-04-25T17:12:09.578418-04:00,node-01,checkout-api,503,True,anomalous,market_aware_v1,58.483,56.281,219.934,28.272,1.296,97.765,45.638,2.829
791993f1-fc2f-454e-aa61-152963809301,2026-04-25T17:12:09.578883-04:00,node-01,payments-api,429,True,normal,market_aware_v1,53.534,51.516,184.786,27.086,0.753,85.927,43.274,1.868
460c91cd-7502-4d5d-9507-04e009d54ff8,2026-04-25T17:12:09.579349-04:00,node-01,orders-api,200,True,normal,market_aware_v1,62.525,48.357,160.743,29.034,0.697,81.612,84.3,1.733
57f5a5af-1aac-4c90-97d2-d51a472c8e10,2026-04-25T17:12:09.579803-04:00,node-01,checkout-api,429,True,normal,market_aware_v1,56.751,48.839,171.888,27.266,0.83,85.046,60.338,1.922
2ffa81f7-9922-4924-a20c-4ded3d608394,2026-04-25T17:12:09.580275-04:00,node-01,payments-api,503,True,normal,market_aware_v1,56.732,51.815,191.425,25.843,0.789,90.184,45.834,2.067
0fe2229d-cd36-4fc0-b1a4-29baa9cf1678,2026-04-25T17:12:09.580993-04:00,node-01,orders-api,200,True,normal,market_aware_v1,62.51,51.827,183.771,32.22,0.719,93.684,80.513,1.915
8cfd819c-cef1-4b46-b7ae-faea5fe805eb,2026-04-25T17:12:09.581471-04:00,node-01,checkout-api,502,True,normal,market_aware_v1,63.071,56.078,181.931,31.82,0.865,90.228,55.939,2.1
65836056-bcc6-4acf-a759-3de6680bb48d,2026-04-25T17:12:09.581899-04:00,node-01,payments-api,500,True,normal,market_aware_v1,59.965,55.627,192.351,25.415,0.872,90.79,48.194,2.23
0a6fed9a-a1d2-48f4-bd21-632b1f6af609,2026-04-25T17:12:09.582341-04:00,node-01,orders-api,502,True,anomalous,market_aware_v1,66.809,54.095,199.277,34.621,1.091,100.354,73.478,2.615
5519e9bf-2e5a-4f8b-9315-e1e2678bfa5f,2026-04-25T17:12:09.582802-04:00,node-01,checkout-api,500,True,anomalous,market_aware_v1,65.243,57.217,195.215,33.06,1.139,89.775,57.558,2.424
e18972ee-22a5-4771-99eb-137d6aa316c1,2026-04-25T17:12:09.583262-04:00,node-01,payments-api,500,True,normal,market_aware_v1,58.084,59.069,192.687,25.61,0.828,91.453,52.435,2.204
b2618bed-439a-4eeb-afb0-ec036d47da3a,2026-04-25T17:12:09.583735-04:00,node-01,orders-api,200,True,normal,market_aware_v1,66.335,54.905,170.1,32.542,0.57,83.14,85.08,1.599
04116929-2a0e-4087-b0b3-bb53de008fb8,2026-04-25T17:12:09.584186-04:00,node-01,checkout-api,502,True,normal,market_aware_v1,65.53,56.981,190.048,30.777,0.871,93.351,60.592,2.222
ab42e8bb-0e97-45fe-bc35-40b9c6c30b25,2026-04-25T17:12:09.584614-04:00,node-01,payments-api,500,True,normal,market_aware_v1,61.424,57.461,205.189,29.941,0.884,95.974,50.91,2.206
5e6141f8-e5f2-4605-be3c-bee0931c4866,2026-04-25T17:12:09.585050-04:00,node-01,orders-api,200,True,normal,market_aware_v1,68.994,55.542,181.163,33.435,0.567,85.984,81.805,1.672
db5aa193-0464-4ec2-add5-6b6b706ecf60,2026-04-25T17:12:09.585512-04:00,node-01,checkout-api,503,True,normal,market_aware_v1,65.816,54.516,194.234,32.06,0.869,93.207,61.955,2.121
40c698c0-30cb-41f6-b3a3-80194eeeed16,2026-04-25T17:12:09.585952-04:00,node-01,payments-api,503,True,normal,market_aware_v1,62.409,53.917,190.2,28.818,0.892,88.552,60.506,2.114
5af63fda-cdeb-474c-8fb7-2925148003a3,2026-04-25T17:12:09.586388-04:00,node-01,orders-api,200,True,normal,market_aware_v1,66.693,51.574,182.841,33.718,0.767,88.42,89.166,1.95
5940cd88-4cc6-44c2-844f-6ddaeca481ed,2026-04-25T17:12:09.586854-04:00,node-01,checkout-api,429,True,normal,market_aware_v1,66.13,56.642,187.435,32.01,0.987,93.533,65.781,2.213
8312be37-93b2-49c4-aa9f-85d739dd3943,2026-04-25T17:12:09.587293-04:00,node-01,payments-api,200,True,normal,market_aware_v1,62.853,55.984,197.285,29.897,0.772,88.905,52.984,1.957
cc468bf3-47a6-4493-984a-ce04f52d942f,2026-04-25T17:12:09.587794-04:00,node-01,orders-api,503,True,normal,market_aware_v1,68.965,51.91,196.403,35.025,0.84,101.373,79.377,2.311
a1295475-e8a3-4d8c-b7d8-a1023e33c64e,2026-04-25T17:12:09.588271-04:00,node-01,checkout-api,500,True,normal,market_aware_v1,62.43,56.533,207.735,29.554,0.85,97.245,66.834,2.262
ff2bf65c-a169-4d6e-92ef-e8659ee62ea4,2026-04-25T17:12:09.588728-04:00,node-01,payments-api,429,True,normal,market_aware_v1,57.053,57.535,196.881,26.037,0.787,91.886,54.933,2.156
916129a5-8f8e-485f-87ed-b4532c64d87f,2026-04-25T17:12:09.589225-04:00,node-01,orders-api,200,True,normal,market_aware_v1,68.382,49.788,170.213,31.779,0.674,87.555,82.72,1.756
e1d23af2-99b3-48f7-b6c5-820ec711ee76,2026-04-25T17:12:09.589751-04:00,node-01,checkout-api,429,True,normal,market_aware_v1,56.999,53.214,176.258,29.491,0.919,89.702,63.267,2.104
905d6dcc-682a-468b-b1f3-a6e367214861,2026-04-25T17:12:09.590244-04:00,node-01,payments-api,500,True,normal,market_aware_v1,60.339,53.906,202.596,24.638,0.863,94.841,41.586,2.166
185b3254-4414-4fa0-a0ec-06647296ee33,2026-04-25T17:12:09.590732-04:00,node-01,orders-api,429,True,normal,market_aware_v1,62.58,51.476,168.129,32.649,0.716,87.739,83.68,1.918
c74e460c-8071-4bb2-a11a-e2cb3e3a3149,2026-04-25T17:12:09.591175-04:00,node-01,checkout-api,429,True,normal,market_aware_v1,56.861,50.867,198.231,28.201,0.931,96.931,55.952,2.41
3f1a53f3-af7d-45fb-9aaf-1f1cf4b97921,2026-04-25T17:12:09.591668-04:00,node-01,payments-api,500,True,normal,market_aware_v1,54.549,54.673,187.86,25.874,0.773,88.788,50.891,2.11
92425a3b-b0b7-47b3-957d-39f1727a7c21,2026-04-25T17:12:09.592157-04:00,node-01,orders-api,200,True,normal,market_aware_v1,57.429,50.794,166.798,29.675,0.72,85.085,76.218,1.867
a830ccca-49f0-4e3d-a613-21adb68fdf5d,2026-04-25T17:12:09.592621-04:00,node-01,checkout-api,503,True,normal,market_aware_v1,57.742,49.619,187.49,29.053,0.924,88.225,51.235,2.136
e897600c-65d5-4356-866c-a75e03c4a19e,2026-04-25T17:12:09.593056-04:00,node-01,payments-api,200,True,normal,market_aware_v1,47.764,51.631,187.173,22.578,0.694,89.855,42.429,1.965
ac31eabd-0b2c-4e3f-8a2a-d7f4a7c8be50,2026-04-25T17:12:09.593519-04:00,node-01,orders-api,200,True,normal,market_aware_v1,54.192,48.789,169.372,30.503,0.638,82.928,82.698,1.62
7c94f842-2514-47c1-ab0e-380b8ea4ac8c,2026-04-25T17:12:09.594039-04:00,node-01,checkout-api,500,True,normal,market_aware_v1,55.803,48.157,184.167,28.418,0.894,87.943,50.527,2.074
8c24250a-0a4f-4eb7-b784-0fa2c2a12183,2026-04-25T17:12:09.594508-04:00,node-01,payments-api,200,True,normal,market_aware_v1,47.867,51.205,189.081,24.741,0.757,80.484,41.936,1.881
e6e4c88e-2159-484f-b7f6-1c7a4ac473b1,2026-04-25T17:12:09.594952-04:00,node-01,orders-api,200,True,normal,market_aware_v1,59.784,47.08,166.594,28.524,0.662,91.393,71.386,1.839
89865f3b-a2b7-4f77-8b5c-7b73b97085c4,2026-04-25T17:12:09.595394-04:00,node-01,checkout-api,429,True,anomalous,market_aware_v1,57.665,51.214,199.489,29.274,1.158,93.974,46.203,2.714
0ed0b6a4-ee1b-464a-8928-35b81c712fe6,2026-04-25T17:12:09.595885-04:00,node-01,payments-api,502,True,normal,market_aware_v1,51.623,52.358,188.325,23.213,0.718,84.956,43.171,2.018
730501b9-6771-4bff-89c5-92c8002435ad,2026-04-25T17:12:09.596321-04:00,node-01,orders-api,200,True,normal,market_aware_v1,56.321,44.139,167.513,28.322,0.706,84.79,75.595,1.797
39c9866a-4f3b-4f83-92ce-8ace3b381317,2026-04-25T17:12:09.596751-04:00,node-01,checkout-api,502,True,anomalous,market_aware_v1,58.139,54.42,189.756,25.136,1.206,90.228,41.414,2.563
0edb0f04-fc0d-4db5-8ea4-882510bb6b4e,2026-04-25T17:12:09.597216-04:00,node-01,payments-api,502,True,normal,market_aware_v1,50.517,51.086,186.568,23.867,0.758,91.489,41.57,2.1
c64541e1-9c49-4dea-bb37-0052a7cf8808,2026-04-25T17:12:09.597661-04:00,node-01,orders-api,200,True,normal,market_aware_v1,56.234,47.073,164.037,28.445,0.726,83.397,74.936,1.848
33c380e1-7a4b-47e4-8128-ba39ae576f42,2026-04-25T17:12:09.598595-04:00,node-01,checkout-api,429,True,normal,market_aware_v1,52.255,48.044,176.711,28.06,0.891,90.13,54.011,2.163
d19206c9-f2b7-4632-8371-ce4f196e4222,2026-04-25T17:12:09.599035-04:00,node-01,payments-api,500,True,normal,market_aware_v1,52.148,52.299,201.188,26.743,0.827,91.619,34.942,2.074
26088ecb-d260-4858-9ca8-a91c167ff5a6,2026-04-25T17:12:09.599514-04:00,node-01,orders-api,429,True,normal,market_aware_v1,57.316,47.792,173.863,29.812,0.699,87.794,77.071,1.91
7451c6ad-beb8-4df6-87be-6ba15fc33e88,2026-04-25T17:12:09.600014-04:00,node-01,checkout-api,503,True,normal,market_aware_v1,53.754,52.217,168.61,27.5,0.767,85.268,57.608,2.109
ffc894e2-ecb7-4ba1-8862-a86b2f111fc4,2026-04-25T17:12:09.600489-04:00,node-01,payments-api,502,True,normal,market_aware_v1,54.817,54.867,207.409,24.183,0.896,95.676,43.051,2.264
9224b6ab-dd66-4fa7-ab14-587295fabb63,2026-04-25T17:12:09.601017-04:00,node-01,orders-api,200,True,normal,market_aware_v1,61.417,46.776,176.846,31.345,0.705,86.938,75.384,1.735
7df9d31c-5191-4fef-a96b-294a1e20548f,2026-04-25T17:12:09.601518-04:00,node-01,checkout-api,500,True,normal,market_aware_v1,61.951,53.755,183.917,28.084,0.799,82.741,64.523,2.02
ed51d1f3-2b4e-489b-a3a9-a3fb7d54e175,2026-04-25T17:12:09.602000-04:00,node-01,payments-api,503,True,normal,market_aware_v1,58.252,56.009,194.278,26.823,0.769,89.173,46.753,2.181
b76742ec-f432-4283-8884-b499505f382a,2026-04-25T17:12:09.602417-04:00,node-01,orders-api,200,True,normal,market_aware_v1,58.795,51.45,184.994,30.204,0.675,89.569,80.228,1.927
03d7bf93-4470-4a6f-83e2-bf5cb715d37f,2026-04-25T17:12:09.602856-04:00,node-01,checkout-api,500,True,normal,market_aware_v1,65.501,53.155,199.976,31.709,0.908,93.524,52.646,2.186
c213e1d5-ebb0-4e0f-9674-83190b1b6965,2026-04-25T17:12:09.603288-04:00,node-01,payments-api,429,True,normal,market_aware_v1,59.739,55.718,191.929,25.354,0.762,89.55,46.932,2.032
46936c48-9e95-44a6-8b03-5b1374bfb601,2026-04-25T17:12:09.603709-04:00,node-01,orders-api,429,True,normal,market_aware_v1,62.755,52.932,182.909,31.773,0.825,96.778,78.404,2.21
9a3d1e07-2c66-48eb-aa13-7e596fc58923,2026-04-25T17:12:09.604208-04:00,node-01,checkout-api,500,True,normal,market_aware_v1,62.548,52.007,196.383,29.029,0.949,90.534,58.729,2.268
2c3d30af-d2e9-4801-86d3-cdf67a799523,2026-04-25T17:12:09.604680-04:00,node-01,payments-api,429,True,normal,market_aware_v1,57.287,57.19,179.68,25.399,0.671,88.049,57.622,2.017
1ef5d0ce-ffe4-4817-88f5-f196b7b7e89a,2026-04-25T17:12:09.605077-04:00,node-01,orders-api,500,True,normal,market_aware_v1,65.264,55.092,186.873,33.645,0.828,93.151,84.999,2.112
f37a7833-c831-45e5-bc27-dec2d1fc9de6,2026-04-25T17:12:09.605527-04:00,node-01,checkout-api,503,True,normal,market_aware_v1,61.66,53.196,188.469,31.525,0.899,90.375,68.018,2.083
ab55aa2c-fce3-4678-9a8f-9023c4e3d064,2026-04-25T17:12:09.605960-04:00,node-01,payments-api,429,True,normal,market_aware_v1,54.44,56.27,195.51,26.857,0.885,97.054,43.928,2.253
74a32c48-346c-4c83-aa5f-c7722ee75e46,2026-04-25T17:12:09.606445-04:00,node-01,orders-api,429,True,normal,market_aware_v1,65.473,54.657,170.983,32.17,0.712,87.062,80.645,1.846
d37a1984-9483-4bba-af98-b9fee1e51aca,2026-04-25T17:12:09.606958-04:00,node-01,checkout-api,502,True,normal,market_aware_v1,59.105,54.035,191.602,31.502,0.923,92.604,61.239,2.223
14def685-5fe6-4e08-b6e9-ab5893aac9dc,2026-04-25T17:12:09.607403-04:00,node-01,payments-api,503,True,normal,market_aware_v1,55.078,57.398,190.135,26.595,0.874,89.313,43.108,2.139
7cb44c51-e427-41b1-b41e-a655fde4ce6a,2026-04-25T17:12:09.607892-04:00,node-01,orders-api,200,True,normal,market_aware_v1,61.336,50.409,172.514,30.778,0.672,87.415,87.317,1.836
96a91933-5b7f-42aa-958e-9841daab4ff0,2026-04-25T17:12:09.608394-04:00,node-01,checkout-api,502,True,anomalous,market_aware_v1,63.901,54.665,214.535,30.684,1.312,99.939,49.527,2.918
29aaaad1-25d4-476e-85c8-fad6a63da811,2026-04-25T17:12:09.609080-04:00,node-01,payments-api,503,True,normal,market_aware_v1,53.249,55.948,194.139,26.41,0.813,86.057,43.056,2.169
8076e3eb-3295-4982-8669-4c1265357188,2026-04-25T17:12:09.609596-04:00,node-01,orders-api,200,True,normal,market_aware_v1,60.663,51.102,189.541,30.842,0.599,92.658,82.564,1.879
0fc64144-dfd1-4bc4-a056-cc853e9dfa69,2026-04-25T17:12:09.610103-04:00,node-01,checkout-api,200,True,normal,market_aware_v1,56.564,56.253,165.324,29.33,0.844,81.943,53.841,1.959
7be2e1a8-cc18-49f0-b902-1e93440acb62,2026-04-25T17:12:09.610580-04:00,node-01,payments-api,500,True,normal,market_aware_v1,52.785,54.49,191.213,25.924,0.827,89.466,48.976,2.048
91cc0a30-2289-4051-943f-d4ec948cd734,2026-04-25T17:12:09.611221-04:00,node-01,orders-api,429,True,normal,market_aware_v1,59.432,48.661,168.58,30.557,0.727,87.587,78.787,1.977
2693b451-4fda-4f45-a110-37c9d0b725b3,2026-04-25T17:12:09.611679-04:00,node-01,checkout-api,429,True,normal,market_aware_v1,54.83,48.181,185.053,27.948,0.808,83.924,60.499,2.076
ea451dff-e0bf-4a98-a180-3a2bac63ca39,2026-04-25T17:12:09.612083-04:00,node-01,payments-api,200,True,normal,market_aware_v1,52.318,52.06,191.924,23.672,0.805,89.0,39.914,1.946
08903422-2be2-4057-989a-d2a81cfc5234,2026-04-25T17:12:09.612530-04:00,node-01,orders-api,502,True,anomalous,market_aware_v1,64.153,52.894,184.912,29.354,1.061,91.234,75.136,2.479
78f14103-0deb-403d-9824-cf45510425b8,2026-04-25T17:12:09.612944-04:00,node-01,checkout-api,500,True,normal,market_aware_v1,55.81,51.93,195.743,25.821,0.831,87.055,53.483,2.093
b2c5c79d-aabb-4cd8-964b-3a146ea34f23,2026-04-25T17:12:09.613366-04:00,node-01,payments-api,503,True,normal,market_aware_v1,52.597,54.775,203.21,24.585,0.918,95.368,43.069,2.503
051bec0c-858a-4036-be93-18c85ae8f352,2026-04-25T17:12:09.613795-04:00,node-01,orders-api,200,True,normal,market_aware_v1,60.741,46.398,172.28,27.997,0.656,85.652,80.512,1.843
676df553-22f5-4ce9-9f28-bb7eda724bba,2026-04-25T17:12:09.614236-04:00,node-01,checkout-api,429,True,normal,market_aware_v1,55.731,49.964,186.796,28.364,0.878,88.42,53.29,2.189
6e4de032-92e0-40f9-a037-e3087e52cee0,2026-04-25T17:12:09.614714-04:00,node-01,payments-api,500,True,normal,market_aware_v1,53.356,56.347,199.954,27.99,0.79,92.441,44.745,2.054
5e9cb311-a171-466c-afc0-6342f32c3b01,2026-04-25T17:12:09.615180-04:00,node-01,orders-api,500,True,normal,market_aware_v1,62.237,48.157,190.71,29.372,0.848,103.466,71.491,2.309
94daf708-2b3e-4b52-be10-c45140f439d8,2026-04-25T17:12:09.615643-04:00,node-01,checkout-api,503,True,normal,market_aware_v1,60.685,51.526,177.915,31.538,0.944,94.112,57.02,2.37
3dea998c-4fe6-45a2-98ed-27092e1f1e11,2026-04-25T17:12:09.616078-04:00,node-01,payments-api,429,True,normal,market_aware_v1,53.935,55.47,191.829,26.923,0.793,92.891,42.884,2.214
42fd3b39-d06d-4cef-81fe-b686db05dcbb,2026-04-25T17:12:09.616513-04:00,node-01,orders-api,500,True,normal,market_aware_v1,65.768,52.626,190.48,33.698,0.887,102.263,76.511,2.428
d7adfde4-cf92-4006-b2b6-42402194d86d,2026-04-25T17:12:09.616966-04:00,node-01,checkout-api,200,True,normal,market_aware_v1,58.928,57.93,177.192,29.94,0.832,82.46,62.026,1.981
f80a136b-7889-41ff-8666-f08e3656bc31,2026-04-25T17:12:09.617398-04:00,node-01,payments-api,429,True,normal,market_aware_v1,57.239,51.141,197.525,25.871,0.762,96.249,42.786,2.181
32ca134b-5378-4803-942e-b89e19a50b09,2026-04-25T17:12:09.617840-04:00,node-01,orders-api,502,True,normal,market_aware_v1,62.908,49.461,178.985,30.733,0.751,95.212,77.356,2.108
7ef86c63-85c3-4528-8423-9076aa839525,2026-04-25T17:12:09.618293-04:00,node-01,checkout-api,502,True,normal,market_aware_v1,61.669,55.739,182.008,32.738,0.802,81.425,60.919,2.003
fa5ddd24-d765-4e03-a018-92e1e1780e36,2026-04-25T17:12:09.618770-04:00,node-01,payments-api,500,True,normal,market_aware_v1,58.687,56.941,221.065,27.343,0.899,96.119,50.09,2.422
da68516b-973c-4f01-9513-7d40f227f3ba,2026-04-25T17:12:09.619254-04:00,node-01,orders-api,200,True,normal,market_aware_v1,61.093,52.077,172.403,30.627,0.716,84.092,95.013,1.886
0b05bc9d-9df5-4149-aa7a-1a602f698e62,2026-04-25T17:12:09.619707-04:00,node-01,checkout-api,502,True,normal,market_aware_v1,63.384,55.164,196.38,30.016,0.939,94.028,71.173,2.255
f69f9438-5ba1-452c-87bb-4d0d729a426e,2026-04-25T17:12:09.620223-04:00,node-01,payments-api,429,True,normal,market_aware_v1,62.71,56.478,229.55,29.248,1.121,103.76,56.474,2.991
47787bfa-df1d-4e08-9e2b-82e699cb4674,2026-04-25T17:12:09.620692-04:00,node-01,orders-api,200,True,normal,market_aware_v1,70.597,52.86,184.419,34.079,0.679,90.264,81.935,1.941
0fb74f64-dc98-4095-8479-05780a26af81,2026-04-25T17:12:09.621146-04:00,node-01,checkout-api,503,True,normal,market_aware_v1,61.5,54.874,197.907,32.481,0.966,99.96,59.345,2.548
af3900de-caa2-49c1-9704-2c37cd29d5e9,2026-04-25T17:12:09.621608-04:00,node-01,payments-api,429,True,normal,market_aware_v1,61.836,60.311,201.604,29.718,0.822,92.791,57.604,2.155
2593628f-9ebe-4046-bbf7-1f719a866bda,2026-04-25T17:12:09.622068-04:00,node-01,orders-api,429,True,normal,market_aware_v1,64.547,52.047,168.804,34.116,0.724,87.583,85.034,1.815
d45a667a-f40d-41f9-8f62-84c7cf99af47,2026-04-25T17:12:09.622530-04:00,node-01,checkout-api,503,True,normal,market_aware_v1,66.764,60.858,188.589,29.353,0.937,89.008,65.727,2.228
41274e0d-9b3c-44ae-af0c-6d4802bbdeed,2026-04-25T17:12:09.623001-04:00,node-01,payments-api,429,True,anomalous,market_aware_v1,60.822,60.087,216.145,29.652,1.211,96.361,50.412,2.696
14f6459e-3805-40f1-bbf1-90f1edf830fc,2026-04-25T17:12:09.623473-04:00,node-01,orders-api,200,True,normal,market_aware_v1,64.478,53.295,181.102,31.258,0.744,90.803,87.489,1.782
78033e96-48b5-43c3-86c9-49fba486768f,2026-04-25T17:12:09.624668-04:00,node-01,checkout-api,503,True,normal,market_aware_v1,65.201,57.435,183.084,30.98,0.94,93.468,68.93,2.256
634ecd93-ce91-4180-9ac7-61ede785a9c2,2026-04-25T17:12:09.625171-04:00,node-01,payments-api,502,True,normal,market_aware_v1,60.63,55.741,206.116,27.317,0.791,91.557,54.878,2.093
2b58fb79-ff2c-4026-9fc8-fdb0a90151e0,2026-04-25T17:12:09.625663-04:00,node-01,orders-api,429,True,normal,market_aware_v1,64.096,49.615,167.658,32.776,0.697,92.725,82.491,2.011
a3cb1c45-ef2d-4c05-93c7-7f7619f7fe59,2026-04-25T17:12:09.626111-04:00,node-01,checkout-api,200,True,normal,market_aware_v1,60.497,54.598,186.637,26.357,0.782,84.859,60.798,1.975
08a9b4b0-05a0-419b-8479-edf77ef662c8,2026-04-25T17:12:09.626597-04:00,node-01,payments-api,502,True,normal,market_aware_v1,54.157,56.432,213.105,25.709,1.034,99.707,46.393,2.428
e9f40b6a-820c-4222-b7e8-61b6d0633e0f,2026-04-25T17:12:09.627038-04:00,node-01,orders-api,502,True,normal,market_aware_v1,64.596,49.761,194.991,32.315,0.881,97.858,82.771,2.483
739abd21-2c42-4d7b-8cd5-433f168065b7,2026-04-25T17:12:09.627552-04:00,node-01,checkout-api,500,True,normal,market_aware_v1,60.589,51.559,193.518,27.97,0.868,92.882,59.543,2.202
1a60e72a-8ce4-4894-9302-93c74f55384b,2026-04-25T17:12:09.628086-04:00,node-01,payments-api,503,True,normal,market_aware_v1,60.391,54.499,200.028,26.356,0.882,99.16,46.776,2.317
2820bd81-fb78-4332-bcaa-f759c9ebf75e,2026-04-25T17:12:09.628567-04:00,node-01,orders-api,200,True,normal,market_aware_v1,61.825,50.892,178.921,29.14,0.698,84.742,80.277,1.74
6afa6f41-a71c-404c-87ea-9bab864c3d18,2026-04-25T17:12:09.629046-04:00,node-01,checkout-api,500,True,anomalous,market_aware_v1,56.709,50.746,199.738,30.956,1.299,96.26,49.289,2.847
cc2ab3a8-5c74-4591-bb8a-657a5300a791,2026-04-25T17:12:09.629510-04:00,node-01,payments-api,503,True,normal,market_aware_v1,53.574,54.099,186.805,23.609,0.806,90.984,43.839,2.078
4a7df230-f23a-42af-9bd5-83d161c98e5e,2026-04-25T17:12:09.630000-04:00,node-01,orders-api,200,True,normal,market_aware_v1,59.723,47.89,162.487,28.102,0.606,86.076,78.671,1.794
546fdc82-868b-4fc7-a7db-ef43c3f7c192,2026-04-25T17:12:09.630488-04:00,node-01,checkout-api,502,True,normal,market_aware_v1,57.817,50.62,199.043,27.66,0.969,97.502,46.871,2.453
10bc53cc-ebe9-41aa-b569-ac769d9f4f3a,2026-04-25T17:12:09.630914-04:00,node-01,payments-api,429,True,normal,market_aware_v1,50.486,53.159,198.329,24.525,0.803,90.437,38.105,2.14
c5ea9796-e727-4576-89a5-a458e930d2cd,2026-04-25T17:12:09.631344-04:00,node-01,orders-api,429,True,normal,market_aware_v1,54.654,48.589,169.016,29.307,0.653,86.712,72.122,1.805
abc4f8c3-0700-4857-94e4-c7174755c623,2026-04-25T17:12:09.631790-04:00,node-01,checkout-api,502,True,normal,market_aware_v1,57.872,46.429,198.24,26.711,0.821,93.193,43.551,2.288
684816c7-80fb-4ccd-ba48-5bef05630fd1,2026-04-25T17:12:09.632222-04:00,node-01,payments-api,502,True,normal,market_aware_v1,51.576,50.747,200.908,25.534,0.847,90.152,38.821,2.183
c9ef7f6d-6c23-43b6-917b-dfab454111bd,2026-04-25T17:12:09.632665-04:00,node-01,orders-api,200,True,normal,market_aware_v1,57.481,44.979,167.443,29.093,0.749,86.137,76.115,1.995
7d919b7a-6f2b-420d-9785-862b85bbd8dd,2026-04-25T17:12:09.633102-04:00,node-01,checkout-api,500,True,normal,market_aware_v1,54.778,50.981,184.846,26.452,0.853,86.297,52.227,2.025
d9b76396-9c1b-4a8b-aaa1-06eb276f3cee,2026-04-25T17:12:09.633590-04:00,node-01,payments-api,503,True,normal,market_aware_v1,53.716,53.701,192.861,22.521,0.785,90.403,39.421,2.068
4cb82cc8-bf26-44b2-9bae-7b9bf0aa6294,2026-04-25T17:12:09.634022-04:00,node-01,orders-api,500,True,normal,market_aware_v1,58.042,45.87,158.745,26.673,0.722,89.376,73.225,2.015
d192baf7-f23f-445c-abb0-d441601842c1,2026-04-25T17:12:09.634401-04:00,node-01,checkout-api,502,True,normal,market_aware_v1,54.533,49.47,185.882,26.419,0.911,92.0,50.28,2.268
fae94a88-eb66-412c-91f4-6fa224bc3958,2026-04-25T17:12:09.634841-04:00,node-01,payments-api,502,True,normal,market_aware_v1,56.058,52.448,192.119,25.373,0.817,93.04,37.4,2.148
0c7c1b08-4b1c-4a61-a184-570c50cf9bd4,2026-04-25T17:12:09.636601-04:00,node-01,orders-api,200,True,normal,market_aware_v1,56.442,49.277,169.247,31.206,0.647,84.031,77.068,1.756
5223c9e5-2937-4291-953b-986dd6318336,2026-04-25T17:12:09.638155-04:00,node-01,checkout-api,503,True,normal,market_aware_v1,57.11,49.909,190.491,26.336,0.944,93.676,51.906,2.337
be8f9e30-5e9b-4f21-9d8c-65cfc7dfe0e7,2026-04-25T17:12:09.638777-04:00,node-01,payments-api,503,True,normal,market_aware_v1,56.38,53.141,208.322,25.199,0.962,101.73,41.964,2.47
7c35fd27-d599-4407-8da6-3a2905c4ef36,2026-04-25T17:12:09.639291-04:00,node-01,orders-api,429,True,normal,market_aware_v1,58.499,44.814,170.409,30.672,0.712,91.238,72.277,1.942
079b2066-6acc-43e5-be99-a826a28404c2,2026-04-25T17:12:09.639790-04:00,node-01,checkout-api,500,True,normal,market_aware_v1,59.031,53.015,189.643,28.275,0.773,87.625,53.578,2.056
f0783fbd-f2f0-4249-8d2e-04d36e5c78fe,2026-04-25T17:12:09.640286-04:00,node-01,payments-api,502,True,normal,market_aware_v1,55.741,55.866,198.411,26.705,0.699,93.092,44.7,2.146
3c6d07bf-a8a4-4e65-8527-c9fd3e44a44a,2026-04-25T17:12:09.640769-04:00,node-01,orders-api,500,True,anomalous,market_aware_v1,62.857,53.948,191.658,34.12,1.1,92.175,67.153,2.529
d563faab-3b48-4c40-bdfe-093d73b60bc1,2026-04-25T17:12:09.641177-04:00,node-01,checkout-api,500,True,normal,market_aware_v1,60.708,53.122,200.082,29.322,0.954,97.879,55.091,2.39
a95dd2fe-dd2e-47d4-b1e5-3af8c31423b0,2026-04-25T17:12:09.641638-04:00,node-01,payments-api,500,True,normal,market_aware_v1,55.34,54.597,186.441,27.506,0.782,87.831,47.385,2.014
84ffeb11-6ef1-4956-83e6-998b37290071,2026-04-25T17:12:09.642045-04:00,node-01,orders-api,200,True,normal,market_aware_v1,65.105,51.109,175.432,32.098,0.676,92.728,80.992,1.945
ef3595c5-d0e7-4a10-b81f-eeb4448bf0fb,2026-04-25T17:12:09.642758-04:00,node-01,checkout-api,200,True,normal,market_aware_v1,63.039,53.096,182.321,31.255,0.791,84.004,57.087,1.965
5208322b-dcde-4805-9014-a81b1c96becf,2026-04-25T17:12:09.644321-04:00,node-01,payments-api,429,True,normal,market_aware_v1,55.602,54.946,206.346,26.935,0.804,95.312,48.593,2.253
4755aef3-5b40-4da7-8618-b7d3581ce82a,2026-04-25T17:12:09.644907-04:00,node-01,orders-api,200,True,normal,market_aware_v1,65.367,50.802,157.389,31.715,0.601,81.848,89.277,1.507
6e66249c-51a9-4e2b-963c-0f42d2fa124a,2026-04-25T17:12:09.645415-04:00,node-01,checkout-api,503,True,normal,market_aware_v1,64.546,55.87,212.309,31.722,1.096,105.455,56.901,3.022
ecb596d9-936e-44c9-98fd-e2ff53abf49d,2026-04-25T17:12:09.645907-04:00,node-01,payments-api,503,True,normal,market_aware_v1,59.935,59.569,213.418,28.036,0.957,95.339,47.065,2.443
483fb6e5-9c94-4db3-855a-61030551d9c3,2026-04-25T17:12:09.646406-04:00,node-01,orders-api,429,True,normal,market_aware_v1,67.597,50.99,179.975,31.868,0.711,90.907,81.631,2.052
bd13ded6-d8d5-481d-904f-cb89bfbc00c1,2026-04-25T17:12:09.646886-04:00,node-01,checkout-api,503,True,normal,market_aware_v1,62.553,52.211,197.182,28.145,0.887,93.249,59.986,2.261
e0a5b3cd-d43f-46b2-a074-846c3143c10d,2026-04-25T17:12:09.647608-04:00,node-01,payments-api,502,True,normal,market_aware_v1,55.705,59.938,195.906,26.544,0.795,90.023,49.027,2.155
afdfffdf-29a4-451c-ac27-2abefea04020,2026-04-25T17:12:09.648124-04:00,node-01,orders-api,200,True,normal,market_aware_v1,59.971,48.715,170.583,31.932,0.608,81.265,89.253,1.702
f2cd5445-13c1-4ef5-b5f3-2ffb1aad6d68,2026-04-25T17:12:09.648629-04:00,node-01,checkout-api,502,True,normal,market_aware_v1,59.811,53.678,197.483,31.187,0.997,99.832,53.412,2.477
5fb59755-9f62-448d-8534-ef61c40c78ec,2026-04-25T17:12:09.649125-04:00,node-01,payments-api,502,True,normal,market_aware_v1,59.498,58.239,207.522,25.317,0.919,98.054,35.462,2.385
5e6adad5-b830-492a-ac89-a0a145c71df8,2026-04-25T17:12:09.649611-04:00,node-01,orders-api,429,True,normal,market_aware_v1,62.984,50.449,172.998,32.244,0.699,91.512,80.389,1.864
665f106c-2c04-4ab6-b853-0d5c39a0365d,2026-04-25T17:12:09.650019-04:00,node-01,checkout-api,429,True,normal,market_aware_v1,62.863,52.019,190.541,29.196,0.877,94.33,50.109,2.221
9c8c9da2-e0fe-47e1-9277-cb047c64e530,2026-04-25T17:12:09.650515-04:00,node-01,payments-api,502,True,normal,market_aware_v1,52.712,53.865,217.988,24.229,0.9,95.987,46.498,2.256
04383ed5-47a2-44bb-8962-b7e9c6acc89b,2026-04-25T17:12:09.651002-04:00,node-01,orders-api,500,True,normal,market_aware_v1,64.428,47.274,186.033,30.852,0.696,94.341,73.085,2.087
388169a0-acb1-4443-a852-3ab7329b0676,2026-04-25T17:12:09.651494-04:00,node-01,checkout-api,503,True,normal,market_aware_v1,60.847,53.992,192.211,26.778,0.829,87.799,54.285,2.189
cee6e7dd-39b9-42f3-8350-3a5c423467cc,2026-04-25T17:12:09.651941-04:00,node-01,payments-api,503,True,normal,market_aware_v1,51.416,55.876,204.999,27.937,0.879,100.433,35.076,2.347
0639c41a-fc5a-42d6-b2c9-f3c4eb54364b,2026-04-25T17:12:09.652419-04:00,node-01,orders-api,200,True,normal,market_aware_v1,56.804,49.1,159.673,28.933,0.691,85.377,79.629,1.861
4f1da562-6c1c-4e37-a119-5275978c4565,2026-04-25T17:12:09.652910-04:00,node-01,checkout-api,503,True,anomalous,market_aware_v1,62.579,55.792,208.606,30.286,1.318,102.349,45.993,2.868
70427525-1c66-4546-b4fc-6ee43680a840,2026-04-25T17:12:09.653372-04:00,node-01,payments-api,502,True,normal,market_aware_v1,52.103,54.424,202.26,24.598,0.895,95.236,41.328,2.302
ac128634-7d45-40b9-8c20-6331da94cc81,2026-04-25T17:12:09.653816-04:00,node-01,orders-api,429,True,normal,market_aware_v1,64.472,46.639,189.362,29.013,0.798,94.333,75.799,2.078
d9f79fff-338a-44c4-8025-61c79e6f2901,2026-04-25T17:12:09.654735-04:00,node-01,checkout-api,503,True,normal,market_aware_v1,57.592,51.248,194.292,26.897,0.835,90.742,50.599,2.164
eb59d176-1618-44d0-884a-f8dfce6c5829,2026-04-25T17:12:09.655143-04:00,node-01,payments-api,503,True,normal,market_aware_v1,52.171,50.93,199.222,23.749,0.914,92.964,42.106,2.241
226b22a8-b9d7-4fa8-b9fe-ca2589d13a23,2026-04-25T17:12:09.655568-04:00,node-01,orders-api,500,True,normal,market_aware_v1,58.219,48.678,186.658,30.648,0.695,91.147,73.389,2.136
fc433287-2bfc-4716-8987-300d0ff74513,2026-04-25T17:12:09.656826-04:00,node-01,checkout-api,502,True,normal,market_aware_v1,59.616,50.169,195.313,26.833,0.976,93.774,52.883,2.352
9c86cd88-cb74-4650-baf9-b3896aae464a,2026-04-25T17:12:09.657221-04:00,node-01,payments-api,500,True,normal,market_aware_v1,61.137,55.903,192.265,26.123,0.807,91.092,48.31,2.224
0820bbc8-01d1-47db-b99b-ccbdeecbfcb4,2026-04-25T17:12:09.657650-04:00,node-01,orders-api,500,True,normal,market_aware_v1,61.835,47.206,181.57,29.833,0.778,93.85,78.777,2.082
2e08bf3e-76ef-4d99-bf91-19b8b9bd5b7e,2026-04-25T17:12:09.658141-04:00,node-01,checkout-api,502,True,normal,market_aware_v1,60.276,51.299,198.543,27.293,0.972,99.826,52.443,2.443
a3be2ef5-95c0-41b2-a33b-4b2e0acb5e79,2026-04-25T17:12:09.659220-04:00,node-01,payments-api,502,True,normal,market_aware_v1,53.981,55.641,206.867,25.897,0.82,93.404,47.083,2.199
b253a9c3-edc8-4e3a-8ab8-717f419999b4,2026-04-25T17:12:09.659697-04:00,node-01,orders-api,500,True,normal,market_aware_v1,62.421,48.342,187.594,31.399,0.877,100.938,75.221,2.346
98b57ff1-cee7-44d3-9d50-3e801430de2e,2026-04-25T17:12:09.660198-04:00,node-01,checkout-api,503,True,normal,market_aware_v1,60.732,57.854,206.91,26.534,0.922,97.249,56.486,2.365
ef4342fd-bf56-4531-856e-bd6b6eabb087,2026-04-25T17:12:09.660716-04:00,node-01,payments-api,503,True,normal,market_aware_v1,57.8,55.665,206.924,26.011,0.852,94.955,53.117,2.283
67ef8dc8-a8b2-4033-9587-7ece9927052a,2026-04-25T17:12:09.661207-04:00,node-01,orders-api,429,True,normal,market_aware_v1,62.239,54.034,177.111,32.568,0.809,90.562,84.874,2.012
300829a4-04cb-4525-b429-d51d14bdf738,2026-04-25T17:12:09.661711-04:00,node-01,checkout-api,502,True,normal,market_aware_v1,60.1,58.659,183.57,29.815,0.797,91.865,66.124,2.209
f3bf88dd-48de-471e-8619-544567d43e98,2026-04-25T17:12:09.662192-04:00,node-01,payments-api,503,True,normal,market_aware_v1,61.539,61.633,211.1,28.097,0.909,96.144,58.448,2.226
d93112c9-5202-4d53-987e-ed741d807f2f,2026-04-25T17:12:09.662644-04:00,node-01,orders-api,200,True,normal,market_aware_v1,63.158,51.799,162.978,34.233,0.601,80.73,92.895,1.682
f4a2fb09-df67-4272-9e6a-c2744e9b9bcb,2026-04-25T17:12:09.663129-04:00,node-01,checkout-api,502,True,normal,market_aware_v1,63.06,58.274,186.113,30.436,0.884,91.35,66.861,2.3
0adc36a0-9e28-486a-9db4-b1a230085eb6,2026-04-25T17:12:09.664751-04:00,node-01,payments-api,500,True,normal,market_aware_v1,59.495,57.91,206.351,28.56,0.879,90.659,49.22,2.167
a2d48d1f-8d33-447f-9d80-ad3835cb6fb4,2026-04-25T17:12:09.665843-04:00,node-01,orders-api,429,True,normal,market_aware_v1,69.899,54.169,182.437,33.231,0.773,92.674,80.939,2.036
ffbcdbd0-c1a3-490b-9d80-f3940deffbf3,2026-04-25T17:12:09.666295-04:00,node-01,checkout-api,500,True,normal,market_aware_v1,60.798,54.022,187.733,31.096,0.847,90.614,65.388,2.245
56b3005e-1a05-496e-9f1a-f00c57fd646f,2026-04-25T17:12:09.666790-04:00,node-01,payments-api,500,True,normal,market_aware_v1,61.726,55.182,208.289,27.418,0.838,100.728,52.011,2.399
d3923d0f-0111-4d36-9bb4-79c67771867d,2026-04-25T17:12:09.667228-04:00,node-01,orders-api,200,True,normal,market_aware_v1,66.519,55.366,174.677,33.522,0.611,91.253,85.563,1.814
ac1ae73f-4f06-4984-9ef8-091824dc0acd,2026-04-25T17:12:09.667860-04:00,node-01,checkout-api,500,True,normal,market_aware_v1,64.436,54.265,205.904,31.53,0.951,98.844,59.468,2.459
4d4ac35f-0d6f-4c6a-964d-429b4530d206,2026-04-25T17:12:09.669565-04:00,node-01,payments-api,429,True,normal,market_aware_v1,60.471,54.899,213.17,28.625,0.806,94.613,46.359,2.252
919995d1-c9ef-4131-872b-10dd47fd7783,2026-04-25T17:12:09.670064-04:00,node-01,orders-api,429,True,normal,market_aware_v1,66.752,51.883,172.479,31.668,0.756,95.448,78.213,2.135
f2cb28e1-c176-4468-b6be-b8b477d14a9e,2026-04-25T17:12:09.670551-04:00,node-01,checkout-api,500,True,normal,market_aware_v1,63.418,56.036,208.884,30.617,0.988,102.386,55.324,2.51
27ee1df4-ad97-4484-98f0-e0ac38f7c120,2026-04-25T17:12:09.671028-04:00,node-01,payments-api,502,True,normal,market_aware_v1,57.142,57.882,201.991,26.22,0.885,92.974,46.586,2.381
08d593a7-696d-47af-b835-b2acc9b80c1a,2026-04-25T17:12:09.671475-04:00,node-01,orders-api,200,True,normal,market_aware_v1,59.934,53.799,179.961,29.639,0.798,90.357,81.073,1.892
64073b2f-df72-4d78-8af3-30424f2d85e9,2026-04-25T17:12:09.671936-04:00,node-01,checkout-api,502,True,normal,market_aware_v1,56.384,47.53,186.946,27.053,0.884,88.512,59.43,2.134
fc951b12-746e-4013-ae75-5736d036e988,2026-04-25T17:12:09.672367-04:00,node-01,payments-api,503,True,normal,market_aware_v1,55.757,58.905,209.667,25.474,0.927,94.409,48.67,2.144
4c4a85b5-3958-4661-912c-5b46a9ecfa5e,2026-04-25T17:12:09.672809-04:00,node-01,orders-api,500,True,normal,market_aware_v1,60.928,48.945,190.797,26.76,0.765,92.265,75.064,2.036
2ed4c272-7a13-4232-b84f-cb4f7d9bc466,2026-04-25T17:12:09.673248-04:00,node-01,checkout-api,502,True,normal,market_aware_v1,62.658,52.09,191.623,29.185,0.883,90.397,55.004,2.135
eba80cd5-4695-4cf0-b55e-03f8d3918a5b,2026-04-25T17:12:09.673747-04:00,node-01,payments-api,502,True,normal,market_aware_v1,51.825,51.239,201.863,26.136,0.973,101.458,38.432,2.686
f7828c9b-ba80-485f-bd31-e0d756dcdaf2,2026-04-25T17:12:09.674213-04:00,node-01,orders-api,200,True,normal,market_aware_v1,63.078,45.99,168.11,29.035,0.768,93.592,75.357,1.95
4b24c7ed-eb5a-46c1-8701-56d27376b4f5,2026-04-25T17:12:09.674675-04:00,node-01,checkout-api,500,True,anomalous,market_aware_v1,62.657,53.171,209.328,27.364,1.218,97.221,45.207,2.752
c10b91ab-24c7-4446-8f71-5a64ab7d759b,2026-04-25T17:12:09.675229-04:00,node-01,payments-api,429,True,normal,market_aware_v1,50.038,50.616,210.739,26.139,0.9,96.254,37.91,2.354
5c7bbb10-06d6-4cf5-a67a-2927753f68d1,2026-04-25T17:12:09.675846-04:00,node-01,orders-api,200,True,normal,market_aware_v1,57.695,48.934,175.239,30.093,0.69,81.8,69.816,1.81
66b485c6-b8fc-4397-9ed1-15413a586af0,2026-04-25T17:12:09.676396-04:00,node-01,checkout-api,429,True,normal,market_aware_v1,52.747,48.119,191.135,26.254,0.926,93.793,47.531,2.301
82416f91-b7bc-4073-98ca-321c48b7d0ff,2026-04-25T17:12:09.676847-04:00,node-01,payments-api,502,True,anomalous,market_aware_v1,55.8,56.979,213.499,26.757,1.121,100.366,33.981,2.695
a90bdb6d-4830-4913-bcca-4446def19e67,2026-04-25T17:12:09.677313-04:00,node-01,orders-api,503,True,anomalous,market_aware_v1,60.772,50.679,202.205,29.344,1.067,104.277,60.998,2.577
9710d080-1b9d-4e13-8a48-acc4b7026e38,2026-04-25T17:12:09.677784-04:00,node-01,checkout-api,502,True,normal,market_aware_v1,57.553,48.84,191.14,27.583,0.893,88.605,52.265,2.03
b8c86519-6c2b-4150-a0c0-f6d5390003f8,2026-04-25T17:12:09.678297-04:00,node-01,payments-api,200,True,normal,market_aware_v1,49.263,54.235,192.211,25.452,0.789,88.132,47.203,1.937
4774f79b-d9b1-4cea-af1c-272e1332d54b,2026-04-25T17:12:09.678827-04:00,node-01,orders-api,200,True,normal,market_aware_v1,57.174,45.556,177.939,29.41,0.646,85.32,75.453,1.822
5942d669-de31-4c4d-8a5a-14aa51ab9e0e,2026-04-25T17:12:09.679327-04:00,node-01,checkout-api,503,True,normal,market_aware_v1,54.259,52.463,193.497,24.718,0.904,96.712,50.415,2.321
0bff19e0-33a2-4351-8cf2-8b3bed7f9cfa,2026-04-25T17:12:09.679815-04:00,node-01,payments-api,502,True,normal,market_aware_v1,55.16,50.871,190.537,23.582,0.768,84.131,43.89,2.038
704c0d5f-af8e-4c78-a34f-979a4017c50c,2026-04-25T17:12:09.680304-04:00,node-01,orders-api,200,True,normal,market_aware_v1,56.072,45.114,182.504,31.23,0.751,90.196,76.674,1.938
d7fed84e-72f6-486f-9b9d-166ec13e1ccb,2026-04-25T17:12:09.680800-04:00,node-01,checkout-api,502,True,normal,market_aware_v1,57.127,48.268,183.169,28.782,0.826,82.228,59.795,2.015
232e2c77-f5bf-47ca-9559-1359ab7445b3,2026-04-25T17:12:09.681673-04:00,node-01,payments-api,503,True,normal,market_aware_v1,50.621,55.797,206.264,26.326,0.895,93.173,40.793,2.316
6f234c0c-5587-4636-8b88-1e9e6e58dd62,2026-04-25T17:12:09.682191-04:00,node-01,orders-api,429,True,normal,market_aware_v1,61.225,49.017,182.524,31.091,0.621,92.727,72.692,1.862
a58044bd-dcad-4982-90ae-617e5c90db38,2026-04-25T17:12:09.682776-04:00,node-01,checkout-api,502,True,anomalous,market_aware_v1,63.021,53.246,211.812,32.469,1.26,98.398,49.587,2.778
d5d0516f-704a-462c-a664-74333f638b52,2026-04-25T17:12:09.683416-04:00,node-01,payments-api,502,True,normal,market_aware_v1,57.194,52.871,213.279,27.309,0.881,100.897,45.07,2.278
dc801a07-64b1-45ba-8001-030086549244,2026-04-25T17:12:09.683898-04:00,node-01,orders-api,429,True,anomalous,market_aware_v1,63.489,54.14,189.774,33.417,1.147,98.561,75.452,2.631
fa822104-071f-4873-a0c9-2196fa6df171,2026-04-25T17:12:09.684354-04:00,node-01,checkout-api,500,True,normal,market_aware_v1,63.839,52.331,200.703,29.976,1.019,98.019,53.365,2.44
8287cdbd-1bb6-470c-a587-31a1c44e8a4b,2026-04-25T17:12:09.684859-04:00,node-01,payments-api,502,True,anomalous,market_aware_v1,59.061,55.891,225.248,29.317,1.19,100.682,44.561,2.881
51c56897-5763-4fbe-b796-675f901d53e2,2026-04-25T17:12:09.685323-04:00,node-01,orders-api,200,True,normal,market_aware_v1,66.449,51.631,185.827,29.074,0.745,89.382,84.762,1.892
23a44cfd-afbf-4677-b4b5-c8973a38c706,2026-04-25T17:12:09.685872-04:00,node-01,checkout-api,502,True,normal,market_aware_v1,63.264,51.701,198.57,31.495,1.001,98.633,59.85,2.534
3464e006-4279-46e5-b690-85b134a37633,2026-04-25T17:12:09.686388-04:00,node-01,payments-api,503,True,normal,market_aware_v1,58.574,59.573,201.477,28.136,0.934,98.359,47.79,2.383
031afc40-9cd8-4dde-aa1e-7fcf4b595fb3,2026-04-25T17:12:09.686910-04:00,node-01,orders-api,500,True,anomalous,market_aware_v1,65.805,55.014,200.49,32.603,1.168,101.083,73.591,2.593
dd1e8dbb-5be6-408e-89a2-745ae35a3965,2026-04-25T17:12:09.687389-04:00,node-01,checkout-api,429,True,normal,market_aware_v1,62.296,52.436,206.912,30.002,0.931,95.404,58.135,2.423
a2fca986-8602-46f6-a500-803b69981d18,2026-04-25T17:12:09.687882-04:00,node-01,payments-api,503,True,normal,market_aware_v1,60.582,55.793,226.706,26.96,0.92,103.298,48.035,2.581
cf7970b1-cbe8-4f51-8c64-8dbc3c147c4e,2026-04-25T17:12:09.688354-04:00,node-01,orders-api,429,True,normal,market_aware_v1,68.01,52.383,188.335,31.664,0.708,96.118,82.577,2.093
00172977-6c1a-4182-8fbb-fa7f45f8e9c5,2026-04-25T17:12:09.688819-04:00,node-01,checkout-api,503,True,normal,market_aware_v1,63.685,54.482,191.452,30.82,0.91,95.165,61.527,2.406
32df4027-92d4-487e-a656-0edb04f12295,2026-04-25T17:12:09.689651-04:00,node-01,payments-api,503,True,normal,market_aware_v1,59.298,56.551,213.343,26.586,0.892,99.108,46.919,2.259
00b6b479-629d-40e1-9711-2c22a009d475,2026-04-25T17:12:09.690200-04:00,node-01,orders-api,200,True,normal,market_aware_v1,63.954,52.024,182.486,30.555,0.684,90.381,83.782,1.919
303e1cf6-5938-4213-894b-ac51638f70a5,2026-04-25T17:12:09.690658-04:00,node-01,checkout-api,502,True,anomalous,market_aware_v1,62.315,55.339,197.342,29.999,1.225,95.82,51.889,2.721
ce801a4f-bfc4-409c-a455-4964b9cf1fc8,2026-04-25T17:12:09.691096-04:00,node-01,payments-api,503,True,normal,market_aware_v1,61.307,54.862,231.105,25.926,0.916,100.877,38.108,2.529
ed37dc36-098f-49d6-89d0-29ddeb30bf9e,2026-04-25T17:12:09.691545-04:00,node-01,orders-api,500,True,normal,market_aware_v1,64.227,51.65,203.443,30.368,0.906,99.767,73.12,2.41
d4bdabb4-0982-4590-b930-25f08c959a60,2026-04-25T17:12:09.692011-04:00,node-01,checkout-api,429,True,normal,market_aware_v1,62.647,50.696,200.368,28.36,0.933,95.029,52.103,2.328
5abae2cd-7400-41b7-b20a-7d56b7a7327a,2026-04-25T17:12:09.692512-04:00,node-01,payments-api,500,True,normal,market_aware_v1,57.574,57.335,217.313,24.193,0.96,106.546,35.842,2.646
540e1198-b1c9-4910-8574-ce8c4f682ee3,2026-04-25T17:12:09.692986-04:00,node-01,orders-api,502,True,normal,market_aware_v1,58.934,51.177,196.977,29.38,0.782,102.382,71.764,2.266
54bbf5f4-5d72-46b6-b607-b86dfab1870d,2026-04-25T17:12:09.693506-04:00,node-01,checkout-api,503,True,normal,market_aware_v1,58.284,54.532,190.733,28.528,0.888,88.642,55.726,2.173
01384c5c-d3ee-4a0e-a18f-0804136f2e75,2026-04-25T17:12:09.693984-04:00,node-01,payments-api,429,True,normal,market_aware_v1,54.329,57.12,201.385,24.408,0.909,96.38,41.53,2.333
efece38f-2a4d-4c69-bf5b-faf254c08172,2026-04-25T17:12:09.694496-04:00,node-01,orders-api,503,True,normal,market_aware_v1,60.98,47.95,204.23,28.886,0.965,102.818,70.383,2.528
55c10440-aecc-48dd-adf4-8c925333e769,2026-04-25T17:12:09.694978-04:00,node-01,checkout-api,503,True,normal,market_aware_v1,58.214,51.53,190.892,29.25,0.829,86.808,60.994,2.086
362b803c-6589-47d7-a90a-9a3f361faefa,2026-04-25T17:12:09.695496-04:00,node-01,payments-api,500,True,normal,market_aware_v1,54.076,56.336,206.623,24.821,0.953,97.705,40.256,2.313
75da4c90-c7ee-4770-8079-8a7537d5ecca,2026-04-25T17:12:09.696117-04:00,node-01,orders-api,500,True,normal,market_aware_v1,60.302,47.16,186.024,29.574,0.715,95.06,75.263,2.046
de6161a1-1cde-482d-9a60-88d83fca7d8d,2026-04-25T17:12:09.696612-04:00,node-01,checkout-api,502,True,normal,market_aware_v1,59.519,52.451,193.182,27.513,1.077,90.388,55.465,2.47
6e155b9c-fb04-4a72-909b-778db7037df4,2026-04-25T17:12:09.697128-04:00,node-01,payments-api,502,True,anomalous,market_aware_v1,61.497,58.588,229.068,27.315,1.385,105.251,32.737,3.252
ea52d02e-70d6-4909-8e30-a0f3cdaf0e2e,2026-04-25T17:12:09.697669-04:00,node-01,orders-api,503,True,normal,market_aware_v1,62.664,49.363,186.751,30.594,0.824,99.257,76.954,2.233
002ef130-a117-47c5-adb8-7cf616ab6fa8,2026-04-25T17:12:09.698190-04:00,node-01,checkout-api,502,True,normal,market_aware_v1,58.845,48.883,199.506,26.914,0.9,95.223,50.96,2.292
e9b37d0d-2681-44e7-857e-0dc14aace158,2026-04-25T17:12:09.699228-04:00,node-01,payments-api,500,True,normal,market_aware_v1,52.13,54.732,186.539,25.618,0.829,90.223,40.35,2.238
389ac9e8-2496-42cb-9e91-b0e474ab8fc1,2026-04-25T17:12:09.699850-04:00,node-01,orders-api,429,True,normal,market_aware_v1,63.461,48.741,186.583,31.91,0.884,96.718,68.923,2.188
a9c91296-cb47-420f-98e4-0b8e921e9ec4,2026-04-25T17:12:09.700357-04:00,node-01,checkout-api,500,True,normal,market_aware_v1,62.359,55.664,199.773,28.722,0.902,93.101,52.711,2.234
2551bc33-e932-4b98-8691-0cf2cb4ed919,2026-04-25T17:12:09.700880-04:00,node-01,payments-api,429,True,normal,market_aware_v1,59.341,56.745,212.131,26.432,0.864,98.364,42.402,2.292
7fa309bf-bcb1-4db2-8690-79a000960c32,2026-04-25T17:12:09.701375-04:00,node-01,orders-api,503,True,normal,market_aware_v1,64.51,52.578,183.877,31.833,0.824,99.706,79.851,2.262
49c131a4-716e-47ed-8f0a-d1c65a272f5a,2026-04-25T17:12:09.701870-04:00,node-01,checkout-api,503,True,normal,market_aware_v1,62.27,54.248,199.216,30.112,0.906,94.982,55.55,2.319
a475306b-6409-4aaa-a9e0-2fb03994d6c3,2026-04-25T17:12:09.702366-04:00,node-01,payments-api,429,True,normal,market_aware_v1,59.225,54.905,185.818,27.707,0.776,87.461,49.406,2.03
e05f1dd0-6d78-4aaa-a419-d4066c5e87fe,2026-04-25T17:12:09.702837-04:00,node-01,orders-api,200,True,normal,market_aware_v1,66.606,47.821,171.788,34.369,0.716,94.078,89.164,1.982
31da1e50-d0dd-4924-bac3-0f0874cc06ca,2026-04-25T17:12:09.703288-04:00,node-01,checkout-api,429,True,normal,market_aware_v1,66.092,56.012,185.399,31.343,0.974,96.311,60.742,2.388
6dade719-10f1-4e1b-b4e8-d2d9669c4a9a,2026-04-25T17:12:09.703818-04:00,node-01,payments-api,429,True,normal,market_aware_v1,61.62,57.919,204.935,27.96,0.882,101.309,50.405,2.383
54ec9036-baaa-4f62-9913-c4c9e8977e89,2026-04-25T17:12:09.704574-04:00,node-01,orders-api,200,True,normal,market_aware_v1,66.537,52.695,180.345,31.81,0.663,90.418,90.588,1.912
52cb7f47-baff-4b8c-8ff5-6d39cb3dad7c,2026-04-25T17:12:09.705024-04:00,node-01,checkout-api,429,True,normal,market_aware_v1,67.346,55.509,195.419,30.837,0.961,92.66,65.106,2.314
b382a8d3-0c4c-4856-9239-4c467bdf7b40,2026-04-25T17:12:09.705520-04:00,node-01,payments-api,429,True,normal,market_aware_v1,64.904,57.889,222.829,28.11,0.974,105.201,45.987,2.643
4f58a7a3-1a14-4920-9638-f6967277207b,2026-04-25T17:12:09.706050-04:00,node-01,orders-api,503,True,normal,market_aware_v1,72.119,54.679,187.063,32.46,0.867,99.375,80.725,2.216
7fa08d25-1c88-4910-8aeb-138a419f5c82,2026-04-25T17:12:09.706753-04:00,node-01,checkout-api,503,True,anomalous,market_aware_v1,70.407,60.31,223.38,34.557,1.51,110.563,54.119,3.562
ad215732-760c-4e91-b5f9-9162e2e560a7,2026-04-25T17:12:09.707354-04:00,node-01,payments-api,502,True,anomalous,market_aware_v1,67.722,62.028,235.209,27.366,1.272,109.3,42.734,3.118
ab2328ce-3636-4273-abf3-593243ced11d,2026-04-25T17:12:09.707883-04:00,node-01,orders-api,502,True,normal,market_aware_v1,64.444,53.243,186.918,33.725,0.702,95.78,87.371,2.137
d650a5a7-222d-47a1-aa4f-3c6f81e3f3aa,2026-04-25T17:12:09.708394-04:00,node-01,checkout-api,500,True,normal,market_aware_v1,67.558,58.752,186.842,29.566,0.846,93.931,70.285,2.289
74e74931-338a-4eb0-b177-5a3fab4070cc,2026-04-25T17:12:09.708891-04:00,node-01,payments-api,429,True,normal,market_aware_v1,64.699,58.225,202.322,29.19,0.8,87.38,57.65,1.981
72ac5513-e869-4d6d-975e-97be1ed2a755,2026-04-25T17:12:09.709596-04:00,node-01,orders-api,503,True,normal,market_aware_v1,66.577,53.922,180.291,32.361,0.819,98.247,88.324,2.197
5f5549c7-80b3-479a-b08a-19fc8e5587b1,2026-04-25T17:12:09.710146-04:00,node-01,checkout-api,503,True,normal,market_aware_v1,62.772,55.708,211.332,29.87,1.008,99.202,58.591,2.369
db33a9f5-cb11-4a24-b81f-f0029c00dbed,2026-04-25T17:12:09.710671-04:00,node-01,payments-api,503,True,normal,market_aware_v1,58.578,58.076,211.851,27.188,0.885,94.873,45.22,2.296
368745fd-d24a-4040-be9e-6886e0a49d6a,2026-04-25T17:12:09.711172-04:00,node-01,orders-api,503,True,normal,market_aware_v1,66.264,48.57,192.771,32.029,0.794,99.49,81.141,2.207
8e83ea00-3fa6-43ab-8755-6f6c472f64f4,2026-04-25T17:12:09.711681-04:00,node-01,checkout-api,502,True,normal,market_aware_v1,59.543,53.274,221.933,30.116,1.033,104.038,57.447,2.823
5bc3f662-7cec-4db4-b360-70d811a6c192,2026-04-25T17:12:09.712240-04:00,node-01,payments-api,429,True,normal,market_aware_v1,55.027,56.94,202.489,27.999,0.83,90.946,44.237,2.149
fa22b3d9-01b0-4e8d-b006-a80eb6e685ba,2026-04-25T17:12:09.712802-04:00,node-01,orders-api,503,True,normal,market_aware_v1,62.672,52.13,182.86,30.361,0.722,97.003,77.395,2.084
62b58a94-caa5-4c29-a47f-8731e171f49c,2026-04-25T17:12:09.713427-04:00,node-01,checkout-api,429,True,normal,market_aware_v1,64.139,52.813,218.997,30.697,1.198,107.73,54.498,3.125
456603b3-2e2e-4557-8c03-4c74e753fbcc,2026-04-25T17:12:09.713960-04:00,node-01,payments-api,503,True,normal,market_aware_v1,56.424,55.547,219.385,25.561,0.866,101.655,36.723,2.4
6c850312-4a36-41ef-ac75-5b38a0f9e102,2026-04-25T17:12:09.714520-04:00,node-01,orders-api,200,True,normal,market_aware_v1,59.95,49.533,166.619,29.908,0.6,86.818,81.365,1.767
f8d0e914-13fc-494b-9676-367e841137ba,2026-04-25T17:12:09.715075-04:00,node-01,checkout-api,429,True,normal,market_aware_v1,56.872,48.822,197.575,27.047,0.892,94.991,48.707,2.36
820c820f-b1e4-465b-ba4f-2bbe30d2834d,2026-04-25T17:12:09.715572-04:00,node-01,payments-api,500,True,normal,market_aware_v1,54.394,54.365,213.807,24.794,0.925,98.017,44.192,2.483
ebfebbb0-65a3-412f-a428-acc9f06df3b6,2026-04-25T17:12:09.716054-04:00,node-01,orders-api,200,True,normal,market_aware_v1,58.127,45.547,172.11,30.015,0.75,94.223,71.056,1.944
e7685003-f3bd-4154-926a-e8fece9b8f4e,2026-04-25T17:12:09.716561-04:00,node-01,checkout-api,502,True,normal,market_aware_v1,54.152,52.435,187.39,25.321,0.94,97.144,45.678,2.281
10559c21-045c-4db6-91ae-22a2a93b2650,2026-04-25T17:12:09.717074-04:00,node-01,payments-api,429,True,normal,market_aware_v1,53.102,49.808,205.37,22.297,0.932,90.874,35.244,2.47
24014ebd-9643-43c5-b6d8-713a54d63dc7,2026-04-25T17:12:09.718419-04:00,node-01,orders-api,200,True,normal,market_aware_v1,60.243,43.436,174.284,28.772,0.676,88.193,73.851,1.92
5d4a271d-341c-4601-9dac-162c56a943c6,2026-04-25T17:12:09.718921-04:00,node-01,checkout-api,502,True,normal,market_aware_v1,55.699,50.166,200.825,25.748,0.912,91.161,48.988,2.344
16642a3c-b644-4fc4-8179-9935faa9379f,2026-04-25T17:12:09.719437-04:00,node-01,payments-api,502,True,normal,market_aware_v1,48.373,50.638,205.386,24.348,0.763,93.842,33.005,2.058
461b16a7-186f-43b4-a56b-a1c75239b660,2026-04-25T17:12:09.719963-04:00,node-01,orders-api,500,True,anomalous,market_aware_v1,60.453,51.27,200.532,31.706,1.241,104.451,64.917,2.938
057836c5-0467-41cc-8b32-3bfd5b9660e8,2026-04-25T17:12:09.720498-04:00,node-01,checkout-api,503,True,normal,market_aware_v1,57.932,48.042,207.265,27.343,0.883,93.098,47.498,2.198
7af05d1f-90d9-409a-ab8b-cddddadd5845,2026-04-25T17:12:09.721006-04:00,node-01,payments-api,429,True,normal,market_aware_v1,52.401,52.801,211.986,24.309,0.918,100.35,30.161,2.419
67ec20ac-270f-4674-bf74-c6835a17b965,2026-04-25T17:12:09.721573-04:00,node-01,orders-api,429,True,normal,market_aware_v1,60.051,48.858,199.207,29.981,0.886,106.923,64.658,2.489
782f906e-4284-4fec-a4ea-cafd04f1b0ef,2026-04-25T17:12:09.722036-04:00,node-01,checkout-api,502,True,normal,market_aware_v1,61.052,50.538,192.275,25.225,0.799,92.483,55.916,2.139
efc5c0cc-14e7-4ad8-a11c-6a7455febef3,2026-04-25T17:12:09.722521-04:00,node-01,payments-api,502,True,normal,market_aware_v1,50.776,54.279,206.109,22.996,0.841,96.981,33.754,2.226
ebe98ec4-2de8-4821-b3b6-fa1cd7a903c0,2026-04-25T17:12:09.723015-04:00,node-01,orders-api,200,True,normal,market_aware_v1,59.247,48.628,174.106,29.585,0.692,91.111,74.15,1.896
b94bc721-7b8f-4393-8ad9-b1bdc7535ef5,2026-04-25T17:12:09.723542-04:00,node-01,checkout-api,502,True,normal,market_aware_v1,59.327,52.671,209.899,27.493,1.055,101.664,49.382,2.485
1d8cd994-6af3-44b3-b279-6fa4cd674eca,2026-04-25T17:12:09.724038-04:00,node-01,payments-api,502,True,anomalous,market_aware_v1,59.229,55.374,228.028,23.685,1.33,112.153,35.152,3.19
517ebcc5-8457-4f1f-8e3a-401df05045ff,2026-04-25T17:12:09.724552-04:00,node-01,orders-api,429,True,normal,market_aware_v1,62.402,51.231,190.451,32.703,0.766,93.299,79.731,2.037
fc29e3f9-341f-49d8-93ef-b2b43b7eac42,2026-04-25T17:12:09.725014-04:00,node-01,checkout-api,503,True,normal,market_aware_v1,62.414,52.802,199.893,29.001,1.006,99.059,53.872,2.459
836adbe5-ae2c-41a8-a9f5-265044623bf6,2026-04-25T17:12:09.725503-04:00,node-01,payments-api,500,True,normal,market_aware_v1,56.193,56.805,207.605,29.237,0.888,94.687,48.221,2.249
378a03ec-75b7-466e-89b2-54f71bf02d99,2026-04-25T17:12:09.726020-04:00,node-01,orders-api,200,True,normal,market_aware_v1,64.234,48.954,178.041,30.108,0.723,89.131,80.948,1.939
af1be7bc-4664-405b-bfb4-0ad2c75d34ba,2026-04-25T17:12:09.726515-04:00,node-01,checkout-api,500,True,normal,market_aware_v1,65.535,52.266,206.795,32.671,1.026,106.996,45.463,2.801
916bb23c-e15a-455c-a085-d6a3a175ee52,2026-04-25T17:12:09.727082-04:00,node-01,payments-api,503,True,normal,market_aware_v1,60.93,55.801,209.741,29.627,0.857,103.061,44.983,2.367
f2342a9f-2ece-48d1-8086-613461423bb4,2026-04-25T17:12:09.727720-04:00,node-01,orders-api,200,True,normal,market_aware_v1,68.068,49.773,183.785,31.842,0.66,87.845,84.817,1.815
79cea04b-ed86-404d-82a1-dc478a23ffc2,2026-04-25T17:12:09.728219-04:00,node-01,checkout-api,503,True,normal,market_aware_v1,66.936,56.167,201.589,30.409,0.84,95.302,61.559,2.275
df3577ae-3bbc-4bc7-842c-d51efa36cf35,2026-04-25T17:12:09.728649-04:00,node-01,payments-api,500,True,normal,market_aware_v1,59.716,54.703,222.931,26.196,0.969,103.083,36.212,2.576
2e4e7b8d-4678-4d4f-be95-92ef6def3e4d,2026-04-25T17:12:09.729100-04:00,node-01,orders-api,503,True,normal,market_aware_v1,65.954,55.302,197.824,33.001,0.887,99.491,82.22,2.515
3fee9de9-f5b2-4ce2-aea6-b2b343e1374d,2026-04-25T17:12:09.729584-04:00,node-01,checkout-api,502,True,normal,market_aware_v1,62.692,58.33,193.319,30.96,0.837,92.458,58.069,2.118
635c8f73-82c9-44aa-a032-3c32600b755c,2026-04-25T17:12:09.730041-04:00,node-01,payments-api,429,True,normal,market_aware_v1,59.332,57.19,225.705,27.557,0.774,101.6,45.125,2.369
cf5c7246-5169-4c69-b8b1-0117448784c9,2026-04-25T17:12:09.730470-04:00,node-01,orders-api,503,True,normal,market_aware_v1,64.668,50.594,193.726,30.705,0.804,92.46,80.736,2.186
8bdd2a10-c01f-4ba6-99e2-424f098d92a5,2026-04-25T17:12:09.730929-04:00,node-01,checkout-api,429,True,normal,market_aware_v1,64.339,56.915,207.68,29.537,0.984,96.91,61.174,2.391
3324ee71-3ee6-40aa-897c-670db893c4dc,2026-04-25T17:12:09.731393-04:00,node-01,payments-api,503,True,normal,market_aware_v1,58.587,53.93,218.458,27.357,0.891,98.019,42.369,2.356
3af59973-60b1-4716-91b0-f0c241e144df,2026-04-25T17:12:09.731908-04:00,node-01,orders-api,200,True,normal,market_aware_v1,64.091,49.435,177.327,28.55,0.684,85.61,81.828,1.8
ab7533e5-cd49-41d5-8c82-e4bab9349f18,2026-04-25T17:12:09.732364-04:00,node-01,checkout-api,429,True,normal,market_aware_v1,58.106,50.307,200.098,28.476,0.878,98.856,52.185,2.279
33fa2b6d-68bc-43f8-85de-c16c5a1e9ed8,2026-04-25T17:12:09.732881-04:00,node-01,payments-api,502,True,normal,market_aware_v1,58.272,56.3,215.885,23.204,1.006,106.636,37.775,2.619
ca47011e-eb89-42a8-aa18-623c55b18265,2026-04-25T17:12:09.733413-04:00,node-01,orders-api,200,True,normal,market_aware_v1,62.017,49.592,167.513,30.14,0.669,87.667,81.653,1.836
f2055fe0-427f-48be-8c6c-e7b8e9204d2c,2026-04-25T17:12:09.733910-04:00,node-01,checkout-api,500,True,normal,market_aware_v1,59.597,55.523,209.391,29.058,0.93,100.782,51.252,2.438
27d7c3fb-56cc-40bf-a5ca-8c11d941f6e5,2026-04-25T17:12:09.734415-04:00,node-01,payments-api,429,True,normal,market_aware_v1,59.548,51.919,210.845,27.821,0.841,97.177,38.502,2.243
0d9f4bfd-5f78-4a7a-88e2-c82883429680,2026-04-25T17:12:09.734884-04:00,node-01,orders-api,200,True,normal,market_aware_v1,59.499,49.498,163.926,29.662,0.633,84.323,82.133,1.739
8126e5ba-2c37-4f61-9d80-de6b322f7d8d,2026-04-25T17:12:09.735381-04:00,node-01,checkout-api,500,True,normal,market_aware_v1,60.138,53.401,181.233,29.673,0.841,83.986,57.153,2.046
dd925370-787e-463e-b38c-3dd8b67f8d99,2026-04-25T17:12:09.735893-04:00,node-01,payments-api,429,True,normal,market_aware_v1,59.93,53.828,222.536,24.414,1.09,105.769,37.567,2.911
4ae537b2-51da-4b1d-b916-7243b827584f,2026-04-25T17:12:09.736388-04:00,node-01,orders-api,502,True,normal,market_aware_v1,59.413,48.234,181.003,29.929,0.796,93.598,77.308,2.044
6812ad55-ec1d-4396-9173-4952667d4705,2026-04-25T17:12:09.736898-04:00,node-01,checkout-api,500,True,normal,market_aware_v1,62.947,50.371,202.465,29.308,0.944,99.018,53.421,2.439
7108a259-35fe-41d6-85ca-7e0e6ed64d0c,2026-04-25T17:12:09.737418-04:00,node-01,payments-api,502,True,normal,market_aware_v1,54.552,53.593,212.118,26.753,0.848,98.995,37.025,2.304
58f0ea88-4c90-48ec-bce0-8e2e9b3df379,2026-04-25T17:12:09.737967-04:00,node-01,orders-api,500,True,normal,market_aware_v1,58.244,49.373,185.49,28.811,0.703,92.775,78.183,2.064
9c560eff-99b3-4664-b69a-04d079fb949c,2026-04-25T17:12:09.738416-04:00,node-01,checkout-api,503,True,normal,market_aware_v1,56.839,52.335,197.136,29.106,0.962,93.795,51.55,2.42
13cc1965-c856-4753-9506-db64758943a5,2026-04-25T17:12:09.738898-04:00,node-01,payments-api,502,True,normal,market_aware_v1,58.26,56.513,215.827,25.034,0.958,105.376,41.809,2.652
ece2d603-7114-4833-b121-537fa4c035ce,2026-04-25T17:12:09.739379-04:00,node-01,orders-api,502,True,anomalous,market_aware_v1,61.352,52.999,180.352,29.844,1.044,88.209,73.613,2.275
7dd105cd-f241-4728-8bfb-0cd6111cf73c,2026-04-25T17:12:09.739856-04:00,node-01,checkout-api,503,True,normal,market_aware_v1,62.174,52.137,197.756,30.232,0.931,93.377,55.732,2.223
3ad3c71f-0c75-47b2-b0c9-4c40380b6459,2026-04-25T17:12:09.740331-04:00,node-01,payments-api,429,True,normal,market_aware_v1,63.57,57.448,224.431,28.357,1.004,101.608,37.68,2.568
a880132c-3fb7-482d-b424-af0208a5eea5,2026-04-25T17:12:09.740819-04:00,node-01,orders-api,502,True,normal,market_aware_v1,65.385,49.105,186.399,31.801,0.807,97.439,81.923,2.256
b0a07648-8518-48ea-9734-60e96bec4e51,2026-04-25T17:12:09.741341-04:00,node-01,checkout-api,500,True,normal,market_aware_v1,62.769,55.783,203.34,28.902,0.886,94.227,59.839,2.261
377e5ffc-c5ec-46ba-8721-f857c41c06dc,2026-04-25T17:12:09.741853-04:00,node-01,payments-api,500,True,normal,market_aware_v1,57.854,57.634,209.473,26.429,0.81,93.165,49.268,2.158
ff75985e-9937-48c4-9ae6-564dbdd6725d,2026-04-25T17:12:09.742365-04:00,node-01,orders-api,429,True,normal,market_aware_v1,69.596,51.493,185.101,31.208,0.67,95.55,76.399,2.179
ae10e381-dcfd-42e9-8029-bbc7ded88c6a,2026-04-25T17:12:09.742878-04:00,node-01,checkout-api,503,True,normal,market_aware_v1,65.479,57.501,213.291,31.133,0.987,97.925,63.235,2.44
125a8e69-9c76-4d6f-8e86-510582e703c4,2026-04-25T17:12:09.743357-04:00,node-01,payments-api,500,True,normal,market_aware_v1,60.635,56.393,223.644,29.541,1.05,109.828,50.918,2.716
3daa1993-b31a-4e4d-908a-3d39a9146da7,2026-04-25T17:12:09.743845-04:00,node-01,orders-api,200,True,normal,market_aware_v1,65.334,52.861,181.595,33.132,0.676,89.129,87.32,1.925
11744928-50c5-40b7-87f0-1d3636dc64fb,2026-04-25T17:12:09.744307-04:00,node-01,checkout-api,503,True,normal,market_aware_v1,65.048,55.354,193.788,29.523,0.946,93.913,58.112,2.35
a0a7cb56-9367-4590-8ab6-d11eb6414f94,2026-04-25T17:12:09.744778-04:00,node-01,payments-api,429,True,normal,market_aware_v1,61.796,58.143,223.99,28.123,0.981,102.116,47.903,2.542
13d06767-de85-4f9a-9e64-bd01ea33b660,2026-04-25T17:12:09.745301-04:00,node-01,orders-api,429,True,normal,market_aware_v1,66.048,53.96,191.035,32.857,0.865,99.44,80.359,2.167
d2acdc01-6fbb-4f82-9888-0873e9d65509,2026-04-25T17:12:09.745807-04:00,node-01,checkout-api,500,True,normal,market_aware_v1,65.898,56.17,198.652,32.66,0.968,99.776,64.175,2.446
9b6adf81-d151-4041-b1bc-37498f96db29,2026-04-25T17:12:09.746370-04:00,node-01,payments-api,429,True,normal,market_aware_v1,63.745,58.38,223.376,28.655,1.097,107.027,44.609,2.635
fcc9a001-e5f5-4298-b104-306d62216d40,2026-04-25T17:12:09.746872-04:00,node-01,orders-api,429,True,normal,market_aware_v1,69.081,55.359,196.14,32.883,0.879,101.338,84.107,2.429
c872f393-cd7d-49b3-9c2a-4f389e5e326e,2026-04-25T17:12:09.747393-04:00,node-01,checkout-api,502,True,normal,market_aware_v1,68.011,57.663,204.254,30.603,0.976,102.752,66.88,2.558
8d1a7a35-5a41-44d4-9e42-754e0d4d82b6,2026-04-25T17:12:09.747864-04:00,node-01,payments-api,429,True,normal,market_aware_v1,58.053,59.812,199.499,29.16,0.87,91.89,55.289,2.203
90758c92-a99b-4464-9aed-abeae8683d8b,2026-04-25T17:12:09.748420-04:00,node-01,orders-api,502,True,normal,market_aware_v1,70.774,51.202,199.239,33.496,0.779,103.186,76.981,2.211
1a69ac0e-6ee6-4776-ae11-c05915b007c0,2026-04-25T17:12:09.748932-04:00,node-01,checkout-api,503,True,normal,market_aware_v1,68.908,59.654,196.038,29.997,0.927,86.195,70.046,2.125
3a9c84b6-9d1d-4ec5-ba34-690c7728a07c,2026-04-25T17:12:09.749529-04:00,node-01,payments-api,503,True,normal,market_aware_v1,59.53,55.253,225.039,27.087,0.891,102.011,45.518,2.449
802e64fa-8703-4120-8121-846854c1f477,2026-04-25T17:12:09.750056-04:00,node-01,orders-api,500,True,normal,market_aware_v1,67.843,53.201,209.52,31.58,0.988,109.505,80.131,2.505
19837192-d256-4649-8f5a-9250c6d5967c,2026-04-25T17:12:09.750554-04:00,node-01,checkout-api,500,True,normal,market_aware_v1,63.044,55.1,204.739,30.35,1.027,103.566,53.22,2.601
09ea476a-e7e7-4e67-93d5-fc8d0e548a42,2026-04-25T17:12:09.751025-04:00,node-01,payments-api,429,True,normal,market_aware_v1,55.817,56.748,221.381,24.346,0.929,104.378,41.098,2.564
6c6830da-e132-4b15-b462-e4c7da6f8707,2026-04-25T17:12:09.751574-04:00,node-01,orders-api,503,True,normal,market_aware_v1,61.404,50.116,200.928,30.365,0.811,97.967,72.153,2.146
cf0cd0e4-2ea0-420e-9cdf-c61d9e3eff4d,2026-04-25T17:12:09.751979-04:00,node-01,checkout-api,503,True,normal,market_aware_v1,62.175,51.458,197.038,27.581,0.915,90.136,53.25,2.198
67657389-a8a6-44e1-9517-3be17ef16ddd,2026-04-25T17:12:09.752464-04:00,node-01,payments-api,500,True,normal,market_aware_v1,57.58,53.36,211.309,25.666,0.924,101.102,41.381,2.387
30bedaf5-5347-4a58-9b7e-d7911596c8ed,2026-04-25T17:12:09.752947-04:00,node-01,orders-api,500,True,normal,market_aware_v1,58.772,49.736,184.546,29.595,0.685,94.584,75.349,2.027
530ecca3-4fc2-4df4-bd18-17174f816ab9,2026-04-25T17:12:09.753437-04:00,node-01,checkout-api,503,True,normal,market_aware_v1,58.312,52.903,198.722,30.748,0.998,94.462,48.915,2.444
a645c446-8f69-435b-9e8c-c3f63f62c7b7,2026-04-25T17:12:09.753902-04:00,node-01,payments-api,500,True,normal,market_aware_v1,53.914,54.992,201.235,25.775,0.924,100.49,31.691,2.435
7a94b302-8e05-44b8-81d8-19e828e432c4,2026-04-25T17:12:09.754508-04:00,node-01,orders-api,200,True,normal,market_aware_v1,56.901,47.018,165.067,28.834,0.606,85.546,74.646,1.79
e7802181-a8be-4f43-bb99-8741bf99dd90,2026-04-25T17:12:09.756335-04:00,node-01,checkout-api,429,True,normal,market_aware_v1,60.349,50.21,206.29,27.71,1.029,97.852,43.19,2.486
bd6c6947-0f6f-4861-bf8d-3d6b0749b821,2026-04-25T17:12:09.756815-04:00,node-01,payments-api,200,True,normal,market_aware_v1,49.841,53.062,208.242,24.414,0.775,89.522,37.299,1.927
085fb57b-cd23-4394-9285-31a0e16458e6,2026-04-25T17:12:09.757288-04:00,node-01,orders-api,429,True,normal,market_aware_v1,53.963,45.945,179.707,28.828,0.797,91.344,72.846,2.039
cb9d6e3b-dbf4-4948-9c1b-4805c4ba0626,2026-04-25T17:12:09.757740-04:00,node-01,checkout-api,500,True,normal,market_aware_v1,56.253,52.088,189.613,26.553,0.85,91.111,50.603,2.196
3a4fa32c-5c03-48b7-8196-2b1dfbedd6fb,2026-04-25T17:12:09.758274-04:00,node-01,payments-api,429,True,normal,market_aware_v1,52.705,53.438,208.192,22.416,0.909,97.239,39.163,2.294
5d70e38e-8955-430a-8f5a-f995f17bf63c,2026-04-25T17:12:09.758745-04:00,node-01,orders-api,502,True,normal,market_aware_v1,59.923,48.177,180.674,28.207,0.767,93.414,70.162,2.078
efcf7aab-2f78-4ba6-8c88-0455f04d01d4,2026-04-25T17:12:09.759195-04:00,node-01,checkout-api,500,True,normal,market_aware_v1,59.759,48.881,204.845,26.908,0.84,94.004,49.417,2.427
c25b7c33-219b-4725-ad1f-eba36b69628a,2026-04-25T17:12:09.759659-04:00,node-01,payments-api,503,True,normal,market_aware_v1,54.558,53.12,218.024,23.627,0.963,107.136,30.589,2.638
5154015f-8abd-4f1e-8556-d713263fb0a8,2026-04-25T17:12:09.760112-04:00,node-01,orders-api,429,True,normal,market_aware_v1,61.934,48.126,186.881,30.885,0.705,95.786,74.731,2.095
5b3e57e2-736c-4e6f-9545-87e9ed3a21a2,2026-04-25T17:12:09.760576-04:00,node-01,checkout-api,500,True,normal,market_aware_v1,59.569,52.411,200.927,29.422,0.904,93.437,46.494,2.304
efe3b28d-ca98-47bb-b74c-3ad2f8903934,2026-04-25T17:12:09.761030-04:00,node-01,payments-api,502,True,normal,market_aware_v1,51.959,53.34,198.287,24.489,0.809,95.101,42.635,2.241
467c48e6-0465-40a1-90f8-2700a5b22b83,2026-04-25T17:12:09.761502-04:00,node-01,orders-api,503,True,normal,market_aware_v1,61.96,49.115,191.595,31.001,0.793,97.016,68.819,2.165
4f3dc1f0-7c8e-463f-ab65-14f70a64deb8,2026-04-25T17:12:09.761978-04:00,node-01,checkout-api,500,True,normal,market_aware_v1,62.813,47.115,191.148,28.175,0.86,88.305,58.695,2.073
907bf0f6-25b3-46eb-86e2-54af7a57c270,2026-04-25T17:12:09.762420-04:00,node-01,payments-api,502,True,normal,market_aware_v1,55.576,56.278,216.841,26.497,0.817,98.986,35.476,2.287
2ba8a7c4-4297-46fb-a8fc-484b2a101b13,2026-04-25T17:12:09.762888-04:00,node-01,orders-api,502,True,normal,market_aware_v1,64.5,51.256,191.747,30.711,0.771,99.792,74.077,2.173
e618df5b-60ba-4953-991e-938a477d5cd7,2026-04-25T17:12:09.763317-04:00,node-01,checkout-api,503,True,normal,market_aware_v1,61.44,56.379,207.411,29.691,0.983,98.948,48.828,2.406
4e6eff16-8cd8-4a19-9424-d8749d0e5303,2026-04-25T17:12:09.763843-04:00,node-01,payments-api,500,True,normal,market_aware_v1,60.473,56.434,211.201,26.108,0.9,104.214,43.302,2.473
2bf2a851-c48c-4828-b168-739da128c381,2026-04-25T17:12:09.764306-04:00,node-01,orders-api,502,True,anomalous,market_aware_v1,64.53,55.304,200.463,35.402,1.034,100.242,68.649,2.495
cf041f42-b488-438c-9b94-58d5860e15a5,2026-04-25T17:12:09.764780-04:00,node-01,checkout-api,502,True,normal,market_aware_v1,64.772,53.897,212.126,33.338,1.059,104.619,54.339,2.568
aa1cec38-47ae-46f2-a655-aa4595c1d502,2026-04-25T17:12:09.765247-04:00,node-01,payments-api,500,True,normal,market_aware_v1,59.22,56.95,211.115,27.511,0.863,98.622,43.969,2.317
42231c29-22f9-493a-9320-7687c73783ac,2026-04-25T17:12:09.765710-04:00,node-01,orders-api,500,True,normal,market_aware_v1,61.928,55.096,182.126,30.966,0.839,97.479,83.076,2.118
080f38d0-7ac0-4f8d-bdbc-8e040ac1e91d,2026-04-25T17:12:09.766168-04:00,node-01,checkout-api,503,True,normal,market_aware_v1,61.707,55.692,197.223,31.082,1.012,99.073,63.783,2.526
54c1ac8e-6929-4a87-a0fe-1c8626455dba,2026-04-25T17:12:09.766664-04:00,node-01,payments-api,500,True,normal,market_aware_v1,62.786,56.716,219.31,27.739,0.911,105.275,46.571,2.537
e502799e-2979-4398-a0de-c470af09131c,2026-04-25T17:12:09.767275-04:00,node-01,orders-api,500,True,normal,market_aware_v1,67.398,53.64,181.797,33.219,0.728,94.357,82.313,2.013
620ad199-6799-4493-8817-66b9f61c492f,2026-04-25T17:12:09.767914-04:00,node-01,checkout-api,500,True,normal,market_aware_v1,61.837,55.891,192.539,30.646,0.9,91.275,56.949,2.179
3bf82fac-5b49-4e57-8f8f-676551ad14f6,2026-04-25T17:12:09.768420-04:00,node-01,payments-api,500,True,normal,market_aware_v1,60.208,58.99,225.436,27.31,0.956,105.475,46.087,2.529
2d635d76-9e3f-495e-a3c9-526c7a3d750e,2026-04-25T17:12:09.768938-04:00,node-01,orders-api,500,True,normal,market_aware_v1,68.928,51.525,195.429,30.619,0.96,103.187,75.917,2.489
49baa6aa-bb3e-4ff5-a324-6c4c7032e48a,2026-04-25T17:12:09.770282-04:00,node-01,checkout-api,500,True,normal,market_aware_v1,62.233,56.481,221.712,29.7,1.024,109.105,50.316,2.594
3359da89-db99-45a6-ac45-9cd5f22dbdd6,2026-04-25T17:12:09.770759-04:00,node-01,payments-api,429,True,normal,market_aware_v1,57.63,58.385,205.445,27.578,0.835,92.685,45.03,2.203
5ca5e50f-6241-44db-8cca-cedb8ea76cb7,2026-04-25T17:12:09.771197-04:00,node-01,orders-api,503,True,normal,market_aware_v1,65.71,49.893,198.654,31.305,0.914,102.087,80.461,2.649
ba5fca75-c23e-40dc-ab1b-a2815c4d9b16,2026-04-25T17:12:09.771648-04:00,node-01,checkout-api,502,True,normal,market_aware_v1,57.007,54.944,217.878,30.571,1.012,100.742,58.114,2.5
86175dba-28f2-4cd6-8c05-abc26c29a908,2026-04-25T17:12:09.772108-04:00,node-01,payments-api,429,True,normal,market_aware_v1,55.496,54.875,220.348,24.043,0.867,99.321,42.539,2.421
86425cb0-e963-4f8b-9200-dc9ae799b632,2026-04-25T17:12:09.772589-04:00,node-01,orders-api,500,True,normal,market_aware_v1,63.513,47.996,187.558,31.973,0.851,95.852,81.22,2.179
5a22da28-a443-436b-9224-e764469fc8f1,2026-04-25T17:12:09.773025-04:00,node-01,checkout-api,500,True,normal,market_aware_v1,60.875,52.423,209.157,27.901,0.934,93.71,56.421,2.331
ab2e8ba9-1148-4310-b75b-e9ea08994e44,2026-04-25T17:12:09.773418-04:00,node-01,payments-api,500,True,normal,market_aware_v1,59.184,52.898,219.13,23.662,0.934,101.846,40.561,2.518
85068a37-75fd-4088-b277-d3447f88bfd9,2026-04-25T17:12:09.773847-04:00,node-01,orders-api,503,True,anomalous,market_aware_v1,68.857,47.946,198.22,31.291,1.175,104.815,67.834,2.842
dbb270d2-1959-4d38-8d57-9a38743be234,2026-04-25T17:12:09.774237-04:00,node-01,checkout-api,503,True,normal,market_aware_v1,56.594,51.77,201.495,27.654,0.894,95.196,51.035,2.273
0095822b-41cb-4425-bfc8-082b690b5409,2026-04-25T17:12:09.774652-04:00,node-01,payments-api,503,True,normal,market_aware_v1,56.683,55.454,238.152,26.395,1.083,110.038,32.412,2.712
d6a56659-177f-49be-b25a-45b1eec5064d,2026-04-25T17:12:09.775091-04:00,node-01,orders-api,200,True,normal,market_aware_v1,60.13,49.86,194.32,30.458,0.742,92.352,74.513,1.952
8db8eb21-f41a-4d01-98ae-14a54f07d462,2026-04-25T17:12:09.775614-04:00,node-01,checkout-api,503,True,normal,market_aware_v1,58.412,53.109,194.947,29.336,0.945,98.551,47.762,2.449
643f1df2-43d6-48b4-92bd-67f91839e01a,2026-04-25T17:12:09.776117-04:00,node-01,payments-api,429,True,normal,market_aware_v1,53.94,53.669,221.021,26.079,0.861,95.017,40.834,2.243
267ce12b-3e2e-4117-a18a-ed076215545a,2026-04-25T17:12:09.776639-04:00,node-01,orders-api,500,True,normal,market_aware_v1,63.517,51.002,211.541,31.702,0.8,102.116,73.726,2.19
d3d3b9ea-ea0d-406f-94d8-ded01d0fc441,2026-04-25T17:12:09.777597-04:00,node-01,checkout-api,503,True,anomalous,market_aware_v1,64.745,59.396,214.763,29.984,1.177,100.478,46.045,2.74
bab20683-aef8-485b-89f7-7cb833302983,2026-04-25T17:12:09.779414-04:00,node-01,payments-api,502,True,anomalous,market_aware_v1,62.568,57.514,232.922,26.473,1.285,110.944,29.329,3.053
8495ba13-5abc-48e1-997e-f43c5b362aed,2026-04-25T17:12:09.780658-04:00,node-01,orders-api,500,True,normal,market_aware_v1,64.861,52.428,187.882,33.605,0.747,100.077,68.764,2.151
91e5be84-9af3-4ceb-8c96-5c2f60b80cba,2026-04-25T17:12:09.782409-04:00,node-01,checkout-api,502,True,anomalous,market_aware_v1,68.353,55.61,224.155,29.994,1.315,104.652,43.025,3.066
9d4992e5-503b-4b3e-871d-2ce87bc48efa,2026-04-25T17:12:09.783678-04:00,node-01,payments-api,500,True,normal,market_aware_v1,57.716,51.174,220.84,26.561,1.05,107.107,37.371,2.501
6701937c-064c-4879-ab62-8513fe1ff2e8,2026-04-25T17:12:09.784249-04:00,node-01,orders-api,502,True,normal,market_aware_v1,63.404,48.535,186.552,31.233,0.811,96.237,73.738,2.172
b10665a8-1d83-4d1a-b410-8d51bcdd202c,2026-04-25T17:12:09.784970-04:00,node-01,checkout-api,502,True,normal,market_aware_v1,63.861,55.116,198.591,29.933,0.848,92.285,63.091,2.216
88ce711a-dbf5-4ffa-a000-04477a04ba1d,2026-04-25T17:12:09.785404-04:00,node-01,payments-api,503,True,normal,market_aware_v1,59.121,54.78,209.62,30.633,0.86,98.615,44.712,2.293
683c8aa6-dd13-4c1d-8e1d-707d9e37e9fa,2026-04-25T17:12:09.785847-04:00,node-01,orders-api,503,True,anomalous,market_aware_v1,69.363,53.719,204.124,32.849,1.121,99.575,76.196,2.678
a8d62654-0bee-44ab-909d-d581504642a6,2026-04-25T17:12:09.786339-04:00,node-01,checkout-api,429,True,normal,market_aware_v1,66.646,55.882,202.564,31.971,0.953,98.978,57.198,2.313
dc93cb1b-0d25-48f2-a89a-4dcf19b719cb,2026-04-25T17:12:09.786844-04:00,node-01,payments-api,429,True,normal,market_aware_v1,60.955,59.757,220.133,25.836,0.913,105.248,45.692,2.485
0085cd20-4146-4657-a8bc-51b77d4a7f2f,2026-04-25T17:12:09.787304-04:00,node-01,orders-api,503,True,normal,market_aware_v1,68.484,53.389,194.258,33.762,0.725,97.106,77.345,2.132
a17eedaa-bbd8-43de-937f-6dafe6d6a3db,2026-04-25T17:12:09.787764-04:00,node-01,checkout-api,500,True,normal,market_aware_v1,65.628,54.97,181.243,30.024,0.886,91.486,69.173,2.02
d9cd16d2-048f-4582-8cf3-7f766f41499e,2026-04-25T17:12:09.788268-04:00,node-01,payments-api,429,True,normal,market_aware_v1,66.169,58.58,218.486,26.351,0.897,99.372,51.902,2.296
d6931575-0913-4ec0-b769-b3b66e30e4ee,2026-04-25T17:12:09.788761-04:00,node-01,orders-api,503,True,normal,market_aware_v1,71.92,53.318,202.704,33.221,0.791,102.914,82.809,2.218
14761daa-5576-4bf9-9c8d-ba9b3c773f93,2026-04-25T17:12:09.789249-04:00,node-01,checkout-api,500,True,normal,market_aware_v1,64.17,55.571,209.207,29.153,0.976,98.32,60.069,2.487
b8aa3ae4-3772-4deb-a644-268a2a6c3a86,2026-04-25T17:12:09.789792-04:00,node-01,payments-api,503,True,anomalous,market_aware_v1,69.237,61.878,231.869,28.421,1.271,111.378,39.411,3.162
7b778fdd-ea62-4977-993a-074bddcbe808,2026-04-25T17:12:09.790356-04:00,node-01,orders-api,429,True,normal,market_aware_v1,68.647,56.947,200.602,32.805,0.784,103.038,79.792,2.229
f967dfcd-105c-4262-96f1-8832757ed231,2026-04-25T17:12:09.790863-04:00,node-01,checkout-api,502,True,normal,market_aware_v1,69.501,57.928,222.845,32.126,1.017,103.449,56.726,2.503
7d43c655-e9c2-4df3-8410-ba8a5919cfce,2026-04-25T17:12:09.791385-04:00,node-01,payments-api,500,True,normal,market_aware_v1,64.768,56.543,213.848,27.822,0.825,95.392,45.249,2.265
833ab29b-f003-48ab-970e-231722d0701c,2026-04-25T17:12:09.791882-04:00,node-01,orders-api,502,True,normal,market_aware_v1,69.223,54.699,200.949,31.589,0.766,99.41,83.765,2.175
026a58d4-ee71-4b59-8cbc-bd15ebefc8fa,2026-04-25T17:12:09.792416-04:00,node-01,checkout-api,503,True,normal,market_aware_v1,64.109,58.174,222.237,28.093,1.017,100.812,60.162,2.509
20e6dfd4-8044-477d-b988-929daa830811,2026-04-25T17:12:09.793024-04:00,node-01,payments-api,502,True,normal,market_aware_v1,61.794,59.34,222.334,29.399,0.933,100.134,45.411,2.308
4770d288-6013-4400-be5b-9ab6d5b86833,2026-04-25T17:12:09.793639-04:00,node-01,orders-api,429,True,normal,market_aware_v1,63.532,54.548,193.589,32.914,0.772,95.064,88.906,2.121
1d58444e-45fb-4aa1-8db1-f2268f5c680d,2026-04-25T17:12:09.794329-04:00,node-01,checkout-api,503,True,normal,market_aware_v1,62.691,57.413,202.961,31.482,0.725,88.345,58.531,2.023
2ced74e1-f1ef-42f2-8133-96ba46c2e805,2026-04-25T17:12:09.795931-04:00,node-01,payments-api,503,True,normal,market_aware_v1,58.214,59.185,218.07,26.357,0.945,104.767,40.054,2.575
b33e8123-5bf4-4e90-b1f0-b57d705485d9,2026-04-25T17:12:09.796417-04:00,node-01,orders-api,200,True,normal,market_aware_v1,60.035,49.995,178.519,30.159,0.742,92.977,80.226,1.986
41aa40ad-7d49-4755-9741-86ea4421e0c5,2026-04-25T17:12:09.796911-04:00,node-01,checkout-api,500,True,normal,market_aware_v1,60.3,53.412,214.427,29.483,0.991,107.35,53.242,2.662
a9058b5a-9010-43e4-8e1b-7e3994edcfbc,2026-04-25T17:12:09.797405-04:00,node-01,payments-api,503,True,anomalous,market_aware_v1,58.646,56.587,226.283,27.644,1.218,102.524,36.196,2.946
2877600a-65de-45b4-965e-52c60244dfcd,2026-04-25T17:12:09.797888-04:00,node-01,orders-api,500,True,anomalous,market_aware_v1,65.146,45.869,181.169,35.257,1.129,96.822,70.888,2.555
ac787d2f-c8da-4625-8481-d076539ddced,2026-04-25T17:12:09.798381-04:00,node-01,checkout-api,503,True,normal,market_aware_v1,59.398,52.0,209.643,28.798,1.048,99.259,52.549,2.479
9aca5d7e-ca68-4de6-a58a-b8d9adec98ca,2026-04-25T17:12:09.798906-04:00,node-01,payments-api,503,True,normal,market_aware_v1,52.965,55.475,212.739,25.322,0.891,102.585,37.869,2.442
f93709b9-a0a6-48c4-a306-2ed5e2b93a81,2026-04-25T17:12:09.799942-04:00,node-01,orders-api,429,True,normal,market_aware_v1,57.976,48.588,190.844,28.738,0.778,96.647,72.608,2.215
f5a1ea5f-ec17-462b-aa57-4b98cc584679,2026-04-25T17:12:09.800503-04:00,node-01,checkout-api,500,True,normal,market_aware_v1,55.043,45.469,201.98,28.815,0.909,91.401,49.604,2.202
8b7aa220-19d9-4f2e-a439-7a363073ea17,2026-04-25T17:12:09.801010-04:00,node-01,payments-api,429,True,normal,market_aware_v1,50.487,52.365,199.596,23.613,0.902,93.228,41.949,2.097
f400de69-178a-40bc-9492-b6ac570a97f7,2026-04-25T17:12:09.801483-04:00,node-01,orders-api,429,True,normal,market_aware_v1,54.401,46.595,170.927,28.972,0.702,89.074,73.865,1.977
a748d6a8-4bb1-4510-8de5-52e2f400632f,2026-04-25T17:12:09.801946-04:00,node-01,checkout-api,500,True,normal,market_aware_v1,58.901,51.121,208.147,27.431,1.0,98.399,48.423,2.443
da37bc1c-295f-4def-9f6b-61182d98a0bc,2026-04-25T17:12:09.802405-04:00,node-01,payments-api,500,True,normal,market_aware_v1,55.052,51.858,222.573,25.285,1.094,107.575,33.494,3.051
529aa2a3-7335-4eb9-b7c5-9db60cbe9591,2026-04-25T17:12:09.802910-04:00,node-01,orders-api,429,True,normal,market_aware_v1,62.54,50.514,194.766,26.412,0.782,99.634,68.225,2.214
38cfe34c-5a9a-4c28-aee3-c79a5a36d27a,2026-04-25T17:12:09.803387-04:00,node-01,checkout-api,500,True,anomalous,market_aware_v1,62.852,54.639,211.077,30.268,1.37,108.678,36.795,3.069
091db2dc-314a-4ead-8f7b-2cea3b07b89b,2026-04-25T17:12:09.803891-04:00,node-01,payments-api,503,True,normal,market_aware_v1,51.393,53.255,196.459,24.802,0.773,91.684,38.271,2.144
a1989e4e-6278-4aa3-a1d8-84509c5e2eee,2026-04-25T17:12:09.804421-04:00,node-01,orders-api,503,True,normal,market_aware_v1,61.812,47.614,210.015,30.328,0.889,104.683,67.612,2.369
10d93491-1bb6-478b-accb-1a7bf89c69a0,2026-04-25T17:12:09.804892-04:00,node-01,checkout-api,502,True,normal,market_aware_v1,58.853,51.385,210.082,26.623,0.897,98.458,45.254,2.363
d0aa63e4-708f-4a2a-909a-0a8fd5bbc9d9,2026-04-25T17:12:09.805424-04:00,node-01,payments-api,500,True,normal,market_aware_v1,52.123,55.674,200.427,21.986,0.829,93.139,40.197,2.163
2fb98753-5968-4b17-82ab-69c8ca7756d6,2026-04-25T17:12:09.805889-04:00,node-01,orders-api,502,True,normal,market_aware_v1,63.165,49.495,212.512,32.38,0.938,104.065,75.853,2.645
4a4bebcf-e4d0-49c9-929c-6e47007381fe,2026-04-25T17:12:09.806395-04:00,node-01,checkout-api,500,True,normal,market_aware_v1,58.374,56.84,216.888,26.739,1.072,109.019,54.665,2.759
ae28b7bf-748c-4bf6-b369-6b89ba9f771f,2026-04-25T17:12:09.806910-04:00,node-01,payments-api,500,True,normal,market_aware_v1,55.166,52.362,220.201,26.048,1.003,107.26,44.012,2.539
933554ba-debe-4c35-bd77-3a92acdace2e,2026-04-25T17:12:09.807398-04:00,node-01,orders-api,429,True,normal,market_aware_v1,63.183,50.661,202.945,32.185,0.792,97.69,82.715,2.066
636489da-57f4-4e17-b0e8-8fec02772a08,2026-04-25T17:12:09.807999-04:00,node-01,checkout-api,429,True,normal,market_aware_v1,63.054,54.661,213.833,29.937,0.998,110.817,48.765,2.779
b2ac5c76-da2b-4775-b7ba-3b527ac16af3,2026-04-25T17:12:09.808512-04:00,node-01,payments-api,500,True,normal,market_aware_v1,62.967,56.502,202.976,26.625,0.922,96.673,42.415,2.353
0a14f69a-b29f-4c1b-a115-a998b3e0f921,2026-04-25T17:12:09.809020-04:00,node-01,orders-api,429,True,normal,market_aware_v1,67.886,52.568,199.33,33.853,0.953,105.258,77.293,2.542
73567389-8b9e-465d-b6b5-b69b31d3f1fb,2026-04-25T17:12:09.809568-04:00,node-01,checkout-api,429,True,normal,market_aware_v1,60.329,54.342,195.647,30.391,0.88,94.386,59.109,2.436
1fd421a9-1642-431f-850c-d630dc4df42a,2026-04-25T17:12:09.810068-04:00,node-01,payments-api,500,True,normal,market_aware_v1,60.138,53.647,214.483,27.788,0.895,102.986,43.8,2.441
092bb447-21be-462b-aed6-f24cec4a4c9f,2026-04-25T17:12:09.810514-04:00,node-01,orders-api,500,True,normal,market_aware_v1,67.683,47.637,187.207,34.198,0.807,90.053,83.966,2.021
35df8131-60d6-409f-89fe-9ed55ba2fa98,2026-04-25T17:12:09.810965-04:00,node-01,checkout-api,429,True,normal,market_aware_v1,65.683,57.171,209.611,30.441,1.051,104.702,50.811,2.687
15311777-fa9a-4c7f-877e-3245f2571a72,2026-04-25T17:12:09.811399-04:00,node-01,payments-api,500,True,normal,market_aware_v1,57.306,57.517,207.493,23.901,1.004,101.314,44.286,2.426
97c2321f-3ce0-4afa-9c4b-7e3091f6febd,2026-04-25T17:12:09.811853-04:00,node-01,orders-api,500,True,normal,market_aware_v1,70.809,55.421,194.107,31.182,0.787,96.653,82.648,2.17
0fcf30a4-f4c5-4924-9249-d0b50ee8cf15,2026-04-25T17:12:09.812380-04:00,node-01,checkout-api,502,True,normal,market_aware_v1,64.286,57.214,218.407,29.455,1.14,112.244,54.544,2.825
1d019034-83a4-4979-aa2d-6f9f356689e8,2026-04-25T17:12:09.812883-04:00,node-01,payments-api,429,True,normal,market_aware_v1,60.066,55.472,214.344,25.579,1.041,104.665,48.437,2.678
96a6e40c-b088-4a91-9e6c-8bd5b19d4126,2026-04-25T17:12:09.813342-04:00,node-01,orders-api,502,True,normal,market_aware_v1,69.092,52.115,192.289,32.117,0.796,96.976,75.541,2.093
a7ce4cb2-c206-47df-9ef7-ca9051542808,2026-04-25T17:12:09.814939-04:00,node-01,checkout-api,429,True,normal,market_aware_v1,65.374,55.511,214.611,28.388,1.035,104.421,52.929,2.696
1937b448-090c-4e8e-89cc-a4f34dd09449,2026-04-25T17:12:09.816410-04:00,node-01,payments-api,503,True,normal,market_aware_v1,59.259,54.823,211.468,28.256,0.92,106.338,48.05,2.568
85ee9819-8a48-4ca1-8b27-db0d48e278f7,2026-04-25T17:12:09.817027-04:00,node-01,orders-api,429,True,normal,market_aware_v1,64.502,53.343,193.581,31.351,0.865,96.223,76.792,2.183
71d821fc-3775-4fbb-b27d-1ccc22bffc53,2026-04-25T17:12:09.817684-04:00,node-01,checkout-api,500,True,normal,market_aware_v1,66.291,52.479,210.235,29.58,0.996,100.187,53.006,2.687
d86d5e21-56c5-4ccb-8a95-94739c3ceb5f,2026-04-25T17:12:09.818291-04:00,node-01,payments-api,429,True,normal,market_aware_v1,58.956,54.593,217.849,24.239,0.947,105.317,45.726,2.572
421f69d2-5b74-4d69-baf4-f85a0595c871,2026-04-25T17:12:09.819968-04:00,node-01,orders-api,503,True,normal,market_aware_v1,65.558,49.038,202.393,30.338,0.897,98.046,75.429,2.237
942f9502-2e36-4f22-8170-3c346d2715eb,2026-04-25T17:12:09.820438-04:00,node-01,checkout-api,503,True,anomalous,market_aware_v1,66.939,54.647,222.932,30.913,1.392,104.96,46.018,3.126
34d91319-3241-40f7-ac09-4b0bcc9deacb,2026-04-25T17:12:09.820923-04:00,node-01,payments-api,500,True,normal,market_aware_v1,58.37,54.892,212.888,25.392,0.931,104.665,34.425,2.552
691d324d-ae67-456f-be37-ad6e5a46095a,2026-04-25T17:12:09.821404-04:00,node-01,orders-api,500,True,normal,market_aware_v1,62.487,48.598,187.372,27.774,0.778,93.77,71.493,2.079
ae040988-3278-4032-a7bf-6fb2475e34c3,2026-04-25T17:12:09.821867-04:00,node-01,checkout-api,429,True,normal,market_aware_v1,60.093,56.121,216.847,27.868,0.882,102.457,47.87,2.328
c419452d-2f50-45ff-987e-d299e8d6d518,2026-04-25T17:12:09.822276-04:00,node-01,payments-api,503,True,normal,market_aware_v1,56.568,53.347,203.346,27.114,0.837,97.474,40.108,2.209
b3a7e3db-f771-4d1e-b6ed-27e01056799c,2026-04-25T17:12:09.822724-04:00,node-01,orders-api,503,True,normal,market_aware_v1,58.069,49.324,201.43,30.048,0.831,98.409,77.254,2.3
77fd5a73-8d1c-4f9a-ab3a-17016bd911dd,2026-04-25T17:12:09.823502-04:00,node-01,checkout-api,500,True,normal,market_aware_v1,60.873,52.514,199.842,31.565,0.888,92.214,54.115,2.233
0c65501e-1872-491b-889b-2d0de6e144ca,2026-04-25T17:12:09.823983-04:00,node-01,payments-api,503,True,anomalous,market_aware_v1,60.771,51.703,245.691,26.232,1.384,114.324,25.42,3.338
05a75a2b-2143-4d45-b393-29ff05359ea2,2026-04-25T17:12:09.824435-04:00,node-01,orders-api,500,True,normal,market_aware_v1,63.266,48.806,204.416,32.817,0.88,106.896,71.877,2.477
3d15b98b-fecb-42db-adba-bd58fd74b361,2026-04-25T17:12:09.824957-04:00,node-01,checkout-api,502,True,normal,market_aware_v1,63.903,52.052,207.449,29.457,0.997,98.124,47.362,2.42
89e83355-9b74-4934-92c8-042fc9735b58,2026-04-25T17:12:09.825487-04:00,node-01,payments-api,502,True,normal,market_aware_v1,54.777,53.428,183.995,24.449,0.765,91.071,39.306,2.102
45d9055c-debd-434c-bbfb-a4876ae9a43d,2026-04-25T17:12:09.826039-04:00,node-01,orders-api,502,True,normal,market_aware_v1,61.391,52.166,185.846,28.473,0.805,101.065,68.511,2.181
cb09de79-d7f3-46b0-ac45-d490fb4aa36f,2026-04-25T17:12:09.826553-04:00,node-01,checkout-api,503,True,normal,market_aware_v1,58.789,54.656,221.724,29.203,1.2,112.53,49.859,3.194
27b9ea50-2b9c-46c5-bd22-2f02194f53c0,2026-04-25T17:12:09.827096-04:00,node-01,payments-api,502,True,normal,market_aware_v1,58.267,54.174,212.148,26.737,0.908,103.204,40.766,2.505
c917c970-59ce-411c-a002-7d976669aa8b,2026-04-25T17:12:09.827802-04:00,node-01,orders-api,502,True,normal,market_aware_v1,59.167,50.688,208.595,31.328,0.863,108.307,74.049,2.416
1cf7ab70-cba9-4209-beac-a07ea83847e1,2026-04-25T17:12:09.828423-04:00,node-01,checkout-api,503,True,normal,market_aware_v1,64.375,54.807,205.531,27.668,1.059,100.724,52.044,2.52
b3a0494c-7235-436a-8cb8-727c108dfbe9,2026-04-25T17:12:09.828930-04:00,node-01,payments-api,503,True,normal,market_aware_v1,59.463,58.015,220.046,29.527,0.99,107.204,43.966,2.621
019995f7-d9c7-4e74-95e2-9dd22c9fa098,2026-04-25T17:12:09.829416-04:00,node-01,orders-api,503,True,normal,market_aware_v1,64.516,51.731,199.126,31.267,0.831,97.759,82.738,2.292
36563d80-d159-4104-9bb6-0b6ec36576d3,2026-04-25T17:12:09.829906-04:00,node-01,checkout-api,429,True,normal,market_aware_v1,63.94,53.715,210.073,31.099,0.978,99.386,59.251,2.457
48b65118-a74e-4085-9277-98ad46de0baf,2026-04-25T17:12:09.830388-04:00,node-01,payments-api,429,True,normal,market_aware_v1,63.877,54.375,225.732,26.515,0.91,99.768,43.177,2.481
e742ad6f-15b5-4d2d-8527-4a0bdbf422ce,2026-04-25T17:12:09.830902-04:00,node-01,orders-api,500,True,normal,market_aware_v1,66.949,53.746,178.16,32.712,0.819,90.7,86.512,2.096
8b329653-749b-49f3-8a5d-b57cfface61a,2026-04-25T17:12:09.831417-04:00,node-01,checkout-api,503,True,normal,market_aware_v1,67.798,56.156,226.936,29.161,1.16,114.151,53.859,2.963
c45dd7a2-458b-4704-a96d-231b2f796f14,2026-04-25T17:12:09.831932-04:00,node-01,payments-api,429,True,normal,market_aware_v1,64.11,58.904,217.694,28.47,0.828,99.861,48.058,2.192
5c685874-72d9-464c-9fb0-8660b1a7caf4,2026-04-25T17:12:09.832437-04:00,node-01,orders-api,502,True,normal,market_aware_v1,72.492,55.635,214.013,32.958,0.876,107.592,84.016,2.487
a634fe49-1b8e-4034-adf8-2e1e7b74c470,2026-04-25T17:12:09.832923-04:00,node-01,checkout-api,429,True,normal,market_aware_v1,66.881,58.14,213.442,32.626,1.029,103.112,62.752,2.573
01b87d34-7fae-4a9e-89ff-a3bc2f157aad,2026-04-25T17:12:09.833425-04:00,node-01,payments-api,500,True,normal,market_aware_v1,61.655,57.911,218.044,27.414,0.897,102.438,50.206,2.477
f4145c60-946a-4c2c-bc60-d63f8c0dad28,2026-04-25T17:12:09.834075-04:00,node-01,orders-api,429,True,normal,market_aware_v1,70.113,55.612,215.59,31.741,0.954,112.431,78.735,2.599
8aff3f75-68ec-4a5d-9dbc-e99dde4a84cd,2026-04-25T17:12:09.834585-04:00,node-01,checkout-api,429,True,normal,market_aware_v1,65.366,58.358,210.525,31.677,0.946,98.702,58.555,2.352
55b3f101-6a56-4c75-a319-2809c1b72848,2026-04-25T17:12:09.835596-04:00,node-01,payments-api,429,True,normal,market_aware_v1,61.923,61.621,208.955,26.874,0.778,94.345,50.501,2.23
7a10f54d-d6da-42ee-aa31-de861cd70064,2026-04-25T17:12:09.836150-04:00,node-01,orders-api,503,True,normal,market_aware_v1,66.851,53.472,186.082,34.151,0.834,96.779,82.215,2.157
ee7a77df-9238-49f1-a5fc-d71d80eec87f,2026-04-25T17:12:09.836660-04:00,node-01,checkout-api,500,True,normal,market_aware_v1,64.183,55.136,211.46,31.887,0.954,95.952,64.268,2.354
8d5213c5-3287-4950-9ba3-38cf0893fe23,2026-04-25T17:12:09.837235-04:00,node-01,payments-api,502,True,normal,market_aware_v1,62.846,57.575,220.503,27.848,1.005,106.741,46.796,2.606
e7afbac0-e058-4cc5-8527-aabe1c9238b6,2026-04-25T17:12:09.839488-04:00,node-01,orders-api,502,True,normal,market_aware_v1,68.199,55.251,200.589,32.567,0.793,101.94,79.083,2.389
a609b8dd-6901-4635-ab7e-9048928f6ce5,2026-04-25T17:12:09.840829-04:00,node-01,checkout-api,503,True,normal,market_aware_v1,63.383,53.558,202.922,29.669,0.977,101.799,57.339,2.496
01542735-8813-4cd7-9a9e-75cd491b4d34,2026-04-25T17:12:09.842410-04:00,node-01,payments-api,503,True,normal,market_aware_v1,60.345,55.866,219.592,26.472,0.9,107.596,42.535,2.499
a105da41-4f55-4195-9c49-5225759d1c24,2026-04-25T17:12:09.844392-04:00,node-01,orders-api,429,True,normal,market_aware_v1,66.475,51.427,194.526,32.954,0.77,96.876,76.127,2.045
d7541258-45cb-4f23-8b7c-19baf29a5b64,2026-04-25T17:12:09.846287-04:00,node-01,checkout-api,500,True,anomalous,market_aware_v1,67.295,53.27,234.122,31.127,1.41,110.105,43.233,3.257
c5199abf-0b0d-4afd-8eab-58f89d05e6a9,2026-04-25T17:12:09.848238-04:00,node-01,payments-api,429,True,normal,market_aware_v1,53.949,54.886,228.629,27.052,0.971,108.302,35.953,2.714
378f38a8-c321-47aa-82ba-c39412c064fb,2026-04-25T17:12:09.850148-04:00,node-01,orders-api,429,True,normal,market_aware_v1,64.467,50.886,188.267,30.044,0.787,91.454,79.574,2.041
6e5e118a-9a07-45a0-8857-93ab75203404,2026-04-25T17:12:09.850750-04:00,node-01,checkout-api,502,True,normal,market_aware_v1,57.472,50.029,212.314,27.601,0.926,105.722,46.005,2.624
1ac6c62e-9f5d-431f-a9e4-9b5344e0de76,2026-04-25T17:12:09.851411-04:00,node-01,payments-api,500,True,normal,market_aware_v1,51.391,54.494,213.925,22.839,0.87,101.327,41.109,2.49
3c3525c5-4edb-46cb-807b-4126e97604d7,2026-04-25T17:12:09.851905-04:00,node-01,orders-api,429,True,normal,market_aware_v1,62.078,50.872,191.244,30.373,0.857,101.854,67.468,2.383
88d6e37f-3a93-4f7f-bd3d-bd1d97e8c782,2026-04-25T17:12:09.852423-04:00,node-01,checkout-api,429,True,normal,market_aware_v1,58.882,52.394,209.279,25.731,1.059,99.353,45.391,2.463
155bb6b2-5b98-4a87-aff6-e31a3f1c7c28,2026-04-25T17:12:09.852988-04:00,node-01,payments-api,502,True,anomalous,market_aware_v1,55.067,56.107,223.146,26.724,1.203,103.401,29.216,2.733
c3e97213-f786-4c80-a038-dc19124433a1,2026-04-25T17:12:09.853624-04:00,node-01,orders-api,503,True,normal,market_aware_v1,60.358,46.555,202.116,28.978,0.785,100.508,67.648,2.28
33675573-dfc1-455f-9105-2d18a3f0583a,2026-04-25T17:12:09.854101-04:00,node-01,checkout-api,502,True,normal,market_aware_v1,61.653,49.669,210.748,26.674,1.011,106.315,45.438,2.501
0cb036fa-5c6f-4cec-af47-6406f4dcbdfe,2026-04-25T17:12:09.854573-04:00,node-01,payments-api,429,True,normal,market_aware_v1,54.28,52.853,239.306,24.544,1.054,109.902,29.271,2.648
a2ef77db-26b7-47bf-a903-a0f393c572d1,2026-04-25T17:12:09.855134-04:00,node-01,orders-api,200,True,normal,market_aware_v1,58.614,50.052,189.934,29.446,0.71,89.521,66.479,1.984
33ff7b1b-31ca-4ebb-a869-0ad56447caec,2026-04-25T17:12:09.855613-04:00,node-01,checkout-api,500,True,normal,market_aware_v1,56.563,51.487,195.972,27.761,0.998,99.956,46.656,2.455
064d472a-208c-4fa4-bec1-e76bec2b6c7f,2026-04-25T17:12:09.856067-04:00,node-01,payments-api,502,True,normal,market_aware_v1,54.915,55.418,220.687,23.805,0.946,102.162,27.53,2.461
0ea73b5e-edab-4fac-83c8-23ae166c48d3,2026-04-25T17:12:09.856521-04:00,node-01,orders-api,503,True,normal,market_aware_v1,59.623,45.861,187.171,30.191,0.839,94.201,69.307,2.131
9cee07d9-1382-46e3-bebf-bbd3362aed70,2026-04-25T17:12:09.857703-04:00,node-01,checkout-api,429,True,normal,market_aware_v1,60.036,51.487,215.76,25.999,1.073,102.642,51.169,2.575
113c92e0-03e1-465b-adb9-25db43c9ede5,2026-04-25T17:12:09.858160-04:00,node-01,payments-api,429,True,normal,market_aware_v1,57.397,54.914,234.245,26.432,0.971,106.077,38.195,2.499
38eabcff-c84e-4823-9291-918667583f9d,2026-04-25T17:12:09.858644-04:00,node-01,orders-api,503,True,normal,market_aware_v1,60.176,48.648,186.309,28.464,0.728,93.845,71.868,2.101
19a97cfc-6d9b-4808-ba04-8919690466d8,2026-04-25T17:12:09.859099-04:00,node-01,checkout-api,429,True,anomalous,market_aware_v1,64.352,58.827,224.503,30.834,1.29,105.89,42.879,2.929
a727c9e6-3182-49d3-9f09-5c1c54f138c9,2026-04-25T17:12:09.859555-04:00,node-01,payments-api,503,True,normal,market_aware_v1,57.709,53.133,210.31,27.178,0.895,100.208,41.511,2.35
b4b88954-35e3-4f4a-b175-52a374bd1fce,2026-04-25T17:12:09.860002-04:00,node-01,orders-api,503,True,normal,market_aware_v1,65.905,52.557,214.205,30.849,0.946,107.08,76.394,2.516
4189f127-94fc-4afe-b8d3-708479699c35,2026-04-25T17:12:09.860411-04:00,node-01,checkout-api,502,True,normal,market_aware_v1,61.095,53.244,216.1,27.723,0.951,103.372,55.755,2.557
ce065fcc-adde-4930-ba93-9f98d363c3d2,2026-04-25T17:12:09.860870-04:00,node-01,payments-api,503,True,normal,market_aware_v1,57.858,58.049,242.323,25.552,1.161,114.366,38.593,3.144
783280e8-169c-47e0-b0a3-b0220bd3def5,2026-04-25T17:12:09.861348-04:00,node-01,orders-api,502,True,normal,market_aware_v1,67.193,53.696,211.038,31.132,0.912,109.191,72.168,2.405
5fd31d05-a524-41e9-89e4-12cc490c4fef,2026-04-25T17:12:09.861979-04:00,node-01,checkout-api,500,True,normal,market_aware_v1,63.247,56.177,211.963,28.984,0.948,97.686,59.705,2.374
8498fe23-8d0e-41ea-bb0a-46b98bac2db0,2026-04-25T17:12:09.862520-04:00,node-01,payments-api,500,True,normal,market_aware_v1,65.372,54.206,227.903,26.537,0.985,107.335,40.306,2.586
0f661158-bf7c-4484-b917-7f22159ac316,2026-04-25T17:12:09.863039-04:00,node-01,orders-api,503,True,normal,market_aware_v1,67.472,51.399,208.437,30.936,0.924,110.8,73.548,2.689
19f30f4b-ac9e-4176-bb8a-3dbdf3fe1c16,2026-04-25T17:12:09.863517-04:00,node-01,checkout-api,500,True,normal,market_aware_v1,63.117,51.941,199.238,30.269,0.997,97.01,56.812,2.449
5eb181c7-6721-43e9-8d24-67d90a70c75a,2026-04-25T17:12:09.863964-04:00,node-01,payments-api,503,True,normal,market_aware_v1,65.172,58.413,227.925,26.212,0.931,105.19,41.418,2.553
f7bc8071-56e6-4bfa-a721-3e4ebc97baaf,2026-04-25T17:12:09.864368-04:00,node-01,orders-api,503,True,normal,market_aware_v1,68.317,55.059,203.194,33.182,0.912,106.948,76.844,2.56
1ca27496-0152-4247-8326-f52219a89a0c,2026-04-25T17:12:09.864794-04:00,node-01,checkout-api,500,True,normal,market_aware_v1,66.183,58.182,215.895,30.652,0.965,104.807,56.828,2.601
f576d01d-b0e5-41e1-b7f8-dc7d18a5f083,2026-04-25T17:12:09.865227-04:00,node-01,payments-api,502,True,normal,market_aware_v1,60.637,57.558,236.021,25.23,0.934,109.101,42.003,2.598
d2eeddc2-45a3-4a9e-91e0-cf866cefa027,2026-04-25T17:12:09.865638-04:00,node-01,orders-api,502,True,normal,market_aware_v1,64.037,52.729,207.528,30.553,0.91,107.973,71.558,2.593
42bd7163-924b-46d6-acce-9e492fa01326,2026-04-25T17:12:09.866087-04:00,node-01,checkout-api,503,True,normal,market_aware_v1,63.36,54.182,211.471,30.253,0.914,96.998,61.554,2.376
2c6c8b05-c90f-4a00-a389-7fb033e49128,2026-04-25T17:12:09.866517-04:00,node-01,payments-api,502,True,normal,market_aware_v1,61.98,55.712,227.362,28.671,0.992,100.594,42.378,2.443
d15ab957-1d31-4a6c-a30d-fd8d464befff,2026-04-25T17:12:09.866911-04:00,node-01,orders-api,502,True,normal,market_aware_v1,66.421,49.208,196.068,29.832,0.892,103.685,72.202,2.427
58a0c673-d882-4f4f-811e-d8682bdae586,2026-04-25T17:12:09.867317-04:00,node-01,checkout-api,503,True,normal,market_aware_v1,62.85,57.51,206.4,29.235,0.952,97.631,59.371,2.542
95febd4d-729f-467d-9b0c-726017377419,2026-04-25T17:12:09.867740-04:00,node-01,payments-api,500,True,normal,market_aware_v1,54.927,55.324,205.688,26.387,0.831,94.885,48.453,2.116
9d6eae99-700b-42f2-ae93-fe69b2ff7e9c,2026-04-25T17:12:09.868147-04:00,node-01,orders-api,200,True,normal,market_aware_v1,62.739,52.875,182.973,32.221,0.756,92.2,82.222,1.967
c0d8289d-827a-4207-960a-903a567f25a2,2026-04-25T17:12:09.868593-04:00,node-01,checkout-api,503,True,normal,market_aware_v1,59.877,51.888,211.873,26.961,0.96,97.817,53.679,2.277
f2781a98-1916-4789-922b-428d5fe785a6,2026-04-25T17:12:09.869339-04:00,node-01,payments-api,500,True,normal,market_aware_v1,58.47,56.45,230.731,23.997,0.987,114.204,38.08,2.601
580ef828-a94f-4f70-8fdb-86df6ad00386,2026-04-25T17:12:09.870688-04:00,node-01,orders-api,502,True,normal,market_aware_v1,63.694,51.129,198.418,29.157,0.896,106.631,70.755,2.488
54139dc5-76e4-469d-b6c3-bf47b4e2c249,2026-04-25T17:12:09.871178-04:00,node-01,checkout-api,500,True,normal,market_aware_v1,61.55,53.425,207.303,26.549,0.869,94.728,53.894,2.277
696ffb39-17a0-478a-ab6a-007a32522a43,2026-04-25T17:12:09.871675-04:00,node-01,payments-api,502,True,normal,market_aware_v1,57.158,54.657,225.128,25.964,1.014,107.434,35.511,2.592
4de0fc44-f371-4d63-8250-73528b85946b,2026-04-25T17:12:09.872155-04:00,node-01,orders-api,503,True,normal,market_aware_v1,60.384,50.931,191.698,29.553,0.781,98.991,74.765,2.189
3b03b5cc-6c58-46cc-aadb-acce3ab060e7,2026-04-25T17:12:09.872657-04:00,node-01,checkout-api,503,True,anomalous,market_aware_v1,61.718,52.647,220.007,29.838,1.35,105.359,45.813,3.047
1b2a6236-badb-4ac6-867f-481408ba4e83,2026-04-25T17:12:09.873174-04:00,node-01,payments-api,429,True,normal,market_aware_v1,58.19,54.321,221.479,24.173,0.944,106.792,34.951,2.645
1218d8d7-ef9d-44e5-a4b9-43ca5f5956e8,2026-04-25T17:12:09.873692-04:00,node-01,orders-api,429,True,normal,market_aware_v1,62.915,52.136,198.956,30.84,0.807,97.242,76.46,2.177
c4a2eed2-c632-4720-ade6-b42c5b202559,2026-04-25T17:12:09.874179-04:00,node-01,checkout-api,500,True,normal,market_aware_v1,61.207,55.976,211.945,25.754,1.072,103.534,47.501,2.635
ee8e3ece-278d-4f99-b6cc-49b0175df6ce,2026-04-25T17:12:09.874648-04:00,node-01,payments-api,502,True,normal,market_aware_v1,57.449,53.99,222.035,26.831,0.882,103.302,35.517,2.482
5624a89c-7985-437b-b35d-71f7cc3f5b09,2026-04-25T17:12:09.875114-04:00,node-01,orders-api,502,True,normal,market_aware_v1,61.411,46.986,202.663,29.995,0.924,105.407,70.41,2.421
f559ae63-0d0c-40e4-aaa6-c7770f1ed6d6,2026-04-25T17:12:09.875569-04:00,node-01,checkout-api,429,True,normal,market_aware_v1,60.027,52.309,226.94,30.572,1.025,107.715,47.461,2.647
d82bc29e-4b06-4fec-bbf3-18a8a9250d86,2026-04-25T17:12:09.876026-04:00,node-01,payments-api,500,True,normal,market_aware_v1,56.593,53.406,214.195,27.051,1.058,111.191,35.946,2.831
d9786178-f1a5-4788-9798-ab198c237e29,2026-04-25T17:12:09.876483-04:00,node-01,orders-api,503,True,normal,market_aware_v1,64.983,52.398,193.097,30.003,0.756,97.766,76.971,2.22
3b682a63-5e35-4ad0-9d3d-328c1c638776,2026-04-25T17:12:09.876964-04:00,node-01,checkout-api,500,True,normal,market_aware_v1,61.992,55.599,214.945,28.655,1.091,109.604,52.092,2.817
4889fef6-5d3e-4eac-9335-9421f76f2c5a,2026-04-25T17:12:09.877412-04:00,node-01,payments-api,429,True,normal,market_aware_v1,59.921,58.764,212.321,27.578,0.881,96.171,45.707,2.27
2659b196-1a71-4e7b-8809-b6c2c6e7196d,2026-04-25T17:12:09.877874-04:00,node-01,orders-api,502,True,normal,market_aware_v1,67.348,54.728,208.928,32.49,0.736,101.186,75.812,2.177
c713cc01-2b96-4d26-a594-57f2b5c0ae85,2026-04-25T17:12:09.878315-04:00,node-01,checkout-api,502,True,normal,market_aware_v1,65.16,55.52,207.676,27.893,1.097,108.484,54.109,2.705
2f1a180b-4448-4de6-bcbc-ee0e6b136dbd,2026-04-25T17:12:09.878811-04:00,node-01,payments-api,429,True,normal,market_aware_v1,63.502,60.182,224.464,27.595,1.028,108.939,46.714,2.573
589d5e95-e20d-43be-a4cb-853208cd1b86,2026-04-25T17:12:09.879332-04:00,node-01,orders-api,429,True,anomalous,market_aware_v1,74.413,59.596,218.145,32.827,1.215,111.612,78.944,2.954
5baebb1e-b01b-4b45-8c09-c3920181a636,2026-04-25T17:12:09.879862-04:00,node-01,checkout-api,502,True,normal,market_aware_v1,69.418,56.176,225.537,31.805,1.115,109.051,50.529,2.796
421c0471-065a-4513-b08e-b42905432330,2026-04-25T17:12:09.880660-04:00,node-01,payments-api,502,True,anomalous,market_aware_v1,67.953,61.058,240.291,30.455,1.351,111.669,38.02,3.244
60717da4-47a5-44e0-842b-aa4fa7aec103,2026-04-25T17:12:09.882009-04:00,node-01,orders-api,503,True,anomalous,market_aware_v1,72.064,60.861,219.954,35.254,1.186,108.564,76.556,2.853
7a233045-26e6-43a4-b870-dc53e7a2d3c3,2026-04-25T17:12:09.882523-04:00,node-01,checkout-api,503,True,anomalous,market_aware_v1,71.367,62.201,228.066,30.611,1.381,110.475,50.75,3.211
0569b9fc-03ef-41b2-b3bb-eb5e38418f8d,2026-04-25T17:12:09.883020-04:00,node-01,payments-api,503,True,normal,market_aware_v1,63.937,59.687,221.195,28.525,0.899,104.122,51.857,2.484
9ac838ba-0f28-450b-8dfa-3c2a3339dba6,2026-04-25T17:12:09.883514-04:00,node-01,orders-api,502,True,normal,market_aware_v1,70.626,53.672,206.842,32.167,0.888,108.16,85.675,2.485
faf12cc7-7fb2-44cd-b62c-845afe283a61,2026-04-25T17:12:09.884000-04:00,node-01,checkout-api,503,True,normal,market_aware_v1,69.005,58.702,211.458,31.717,0.991,101.817,62.662,2.473
4651f70b-5bb4-4c36-9a08-a4e676d64c5a,2026-04-25T17:12:09.884515-04:00,node-01,payments-api,429,True,normal,market_aware_v1,71.509,58.167,241.365,28.827,1.001,111.588,42.971,2.677
27dba681-8e81-4a24-af45-d6fd70f64ec6,2026-04-25T17:12:09.884977-04:00,node-01,orders-api,502,True,anomalous,market_aware_v1,76.742,61.55,220.152,33.865,1.198,107.533,74.738,2.856
2d2fe3c5-11b2-4e25-99fc-32619237ec01,2026-04-25T17:12:09.885413-04:00,node-01,checkout-api,429,True,normal,market_aware_v1,67.559,58.469,218.623,31.577,0.991,104.862,61.067,2.465
8ca274ec-a1a9-4257-9fa9-ed271a359375,2026-04-25T17:12:09.885877-04:00,node-01,payments-api,429,True,anomalous,market_aware_v1,65.04,61.638,237.745,29.451,1.315,112.181,38.209,3.123
258155eb-9a23-4635-b26b-6693875f7a6d,2026-04-25T17:12:09.886310-04:00,node-01,orders-api,429,True,normal,market_aware_v1,68.879,54.137,186.696,31.831,0.714,94.375,85.548,1.977
e18ac0ef-ad2c-4a24-a811-7606e5e0ea27,2026-04-25T17:12:09.886768-04:00,node-01,checkout-api,500,True,normal,market_aware_v1,63.757,53.156,217.844,28.143,0.943,101.37,64.737,2.493
95e1f2a3-0c69-4af8-bd6d-dee6824ec1da,2026-04-25T17:12:09.887230-04:00,node-01,payments-api,429,True,normal,market_aware_v1,62.188,57.917,209.437,26.168,0.864,102.497,43.971,2.401
a2be1f45-6838-454d-b9f7-23bc95c988d5,2026-04-25T17:12:09.887692-04:00,node-01,orders-api,429,True,normal,market_aware_v1,61.862,50.76,199.63,32.14,0.906,105.223,72.603,2.424
e7c369ac-7aef-46bf-b8ab-d2dd3f1c06e7,2026-04-25T17:12:09.888179-04:00,node-01,checkout-api,503,True,normal,market_aware_v1,60.429,52.532,216.692,28.394,1.019,101.799,48.062,2.654
27bc3c28-f1c5-435b-b82d-728c32d49fa4,2026-04-25T17:12:09.888738-04:00,node-01,payments-api,500,True,normal,market_aware_v1,60.939,57.026,230.33,25.689,0.949,104.507,31.987,2.523
4cb1deef-865c-4a9c-bd10-046f45b3512a,2026-04-25T17:12:09.889283-04:00,node-01,orders-api,503,True,normal,market_aware_v1,63.912,48.141,240.835,31.692,1.218,117.645,69.47,3.189
da7a0472-7b97-482a-8c7b-ebfbafd43556,2026-04-25T17:12:09.889838-04:00,node-01,checkout-api,429,True,normal,market_aware_v1,57.404,53.099,219.664,27.621,0.97,102.987,43.323,2.608
0b062a88-e590-4911-9a6c-ae8140f6bb04,2026-04-25T17:12:09.890370-04:00,node-01,payments-api,503,True,normal,market_aware_v1,57.553,51.743,222.945,27.125,1.003,108.351,33.605,2.768
c154304f-7eb2-497e-8018-d59c91fa863c,2026-04-25T17:12:09.890875-04:00,node-01,orders-api,503,True,normal,market_aware_v1,63.34,48.642,196.382,28.681,0.72,94.261,74.951,2.083
f3b5d093-14c6-4f52-9739-6ea2a35a3278,2026-04-25T17:12:09.891388-04:00,node-01,checkout-api,429,True,normal,market_aware_v1,58.177,51.332,216.012,26.833,0.993,100.465,39.535,2.66
35738773-dd73-4ddd-af22-c188cd7aeb52,2026-04-25T17:12:09.891854-04:00,node-01,payments-api,502,True,normal,market_aware_v1,55.543,52.166,232.347,26.515,1.086,107.823,34.666,2.993
eea8de37-dae8-47c6-8bc0-4c1e75fc370f,2026-04-25T17:12:09.892402-04:00,node-01,orders-api,500,True,normal,market_aware_v1,60.563,48.601,188.633,26.718,0.947,103.41,64.863,2.239
2249d1e4-f245-414a-bd48-5dd2e2333506,2026-04-25T17:12:09.892857-04:00,node-01,checkout-api,502,True,normal,market_aware_v1,55.225,50.917,210.755,26.37,0.985,104.727,36.651,2.555
dfa279b9-b3cd-4abc-b185-c3361780e915,2026-04-25T17:12:09.893330-04:00,node-01,payments-api,500,True,normal,market_aware_v1,53.284,54.164,200.954,24.439,0.83,93.858,35.677,2.211
d6d4f5ac-f23e-4a09-954a-3198bb981872,2026-04-25T17:12:09.893828-04:00,node-01,orders-api,429,True,normal,market_aware_v1,59.225,49.058,197.867,28.801,0.869,103.75,70.652,2.352
d4cc559a-7940-4283-afcb-d8be7df7d49e,2026-04-25T17:12:09.894318-04:00,node-01,checkout-api,502,True,normal,market_aware_v1,62.18,51.945,214.953,30.245,0.938,99.724,47.019,2.495
92b213ea-4f46-4566-b386-854fca8de181,2026-04-25T17:12:09.894829-04:00,node-01,payments-api,502,True,normal,market_aware_v1,54.907,54.764,204.504,25.095,0.885,94.919,32.818,2.345
ade0025b-ca56-4aca-a099-a6e75cd93a27,2026-04-25T17:12:09.895300-04:00,node-01,orders-api,429,True,normal,market_aware_v1,61.209,44.71,201.669,27.554,0.808,102.752,64.816,2.241
65f6b498-b964-4644-92ba-7bd80af9d737,2026-04-25T17:12:09.895811-04:00,node-01,checkout-api,502,True,normal,market_aware_v1,56.454,51.775,211.855,28.549,0.969,99.088,47.484,2.274
2ead0e1f-1204-4dad-b273-43f2d7fb1dbf,2026-04-25T17:12:09.896330-04:00,node-01,payments-api,503,True,normal,market_aware_v1,55.941,51.541,213.362,25.059,0.812,97.134,40.925,2.373
28800cd5-1ed0-48cf-b9df-c796e5911113,2026-04-25T17:12:09.896928-04:00,node-01,orders-api,502,True,anomalous,market_aware_v1,62.823,51.479,209.163,32.433,1.258,106.742,67.981,2.934
9d714135-f176-4eb6-863a-63ed7695f362,2026-04-25T17:12:09.897425-04:00,node-01,checkout-api,503,True,normal,market_aware_v1,63.31,53.911,231.093,29.387,1.011,103.458,51.156,2.668
095e5961-1097-4991-9847-f73ccdf63d2e,2026-04-25T17:12:09.897976-04:00,node-01,payments-api,502,True,normal,market_aware_v1,56.132,53.148,217.401,25.595,0.91,105.914,33.84,2.584
09c3cc96-6ab6-47fc-9023-5041073739ff,2026-04-25T17:12:09.898415-04:00,node-01,orders-api,502,True,normal,market_aware_v1,67.936,51.085,202.767,32.359,0.827,106.272,71.947,2.505
28493c5f-ffcf-4a81-b665-aafa81257e38,2026-04-25T17:12:09.898910-04:00,node-01,checkout-api,502,True,normal,market_aware_v1,63.837,54.848,205.076,29.199,1.039,103.802,52.142,2.536
1a396821-e177-4e1d-9692-b50fd0e5a519,2026-04-25T17:12:09.899341-04:00,node-01,payments-api,502,True,normal,market_aware_v1,61.11,57.582,230.731,28.181,1.006,109.972,41.113,2.702
9895382e-b667-4f3d-9cc7-66bb909088e7,2026-04-25T17:12:09.899804-04:00,node-01,orders-api,502,True,normal,market_aware_v1,68.43,52.834,202.549,28.869,0.882,100.347,80.28,2.413
17147549-ca62-4283-8822-9008b5d5d3f0,2026-04-25T17:12:09.900693-04:00,node-01,checkout-api,500,True,normal,market_aware_v1,64.868,55.165,209.206,28.756,1.01,101.126,51.167,2.391
09ab7a1d-a357-40d6-94e7-4194ab6c432b,2026-04-25T17:12:09.901134-04:00,node-01,payments-api,503,True,normal,market_aware_v1,60.23,58.25,223.002,28.358,0.982,104.265,44.072,2.629
0ae42d0e-c18f-4d02-b75f-58528f1ab044,2026-04-25T17:12:09.901772-04:00,node-01,orders-api,502,True,normal,market_aware_v1,65.347,54.781,202.531,31.468,0.809,109.212,70.988,2.396
f4ca2f7f-a324-4dcd-9c1c-c872098140a8,2026-04-25T17:12:09.903084-04:00,node-01,checkout-api,429,True,normal,market_aware_v1,65.658,57.517,225.832,29.912,1.091,108.525,54.166,2.748
07e456e8-6176-4423-8fcd-37bffe6c8d38,2026-04-25T17:12:09.903523-04:00,node-01,payments-api,502,True,anomalous,market_aware_v1,65.618,57.112,258.203,29.201,1.252,127.321,35.434,3.566
2fc20cd3-0cb6-4907-853e-dd972796ecf1,2026-04-25T17:12:09.903980-04:00,node-01,orders-api,429,True,normal,market_aware_v1,68.216,52.785,189.891,31.896,0.795,92.984,86.019,2.241
7765c95b-8209-49af-83c1-704d0de7db68,2026-04-25T17:12:09.904479-04:00,node-01,checkout-api,502,True,normal,market_aware_v1,66.076,55.168,209.499,31.899,1.053,107.976,59.521,2.675
8b539dd4-7485-416c-9ac5-27015ee6eadf,2026-04-25T17:12:09.905008-04:00,node-01,payments-api,500,True,normal,market_aware_v1,61.246,58.017,233.941,27.832,1.075,114.405,38.749,3.002
4e7a90c3-c6f2-4443-952a-845095e04f21,2026-04-25T17:12:09.905597-04:00,node-01,orders-api,503,True,normal,market_aware_v1,65.691,54.143,198.647,30.859,0.866,104.536,78.772,2.225
103651df-55a1-49a1-9b45-ebd8ea6ede0e,2026-04-25T17:12:09.906093-04:00,node-01,checkout-api,500,True,normal,market_aware_v1,64.5,59.543,216.15,32.196,0.978,102.866,60.797,2.591
6310f927-5559-4875-9a95-e3da43b36b4d,2026-04-25T17:12:09.906647-04:00,node-01,payments-api,429,True,normal,market_aware_v1,65.202,59.676,252.07,28.198,1.132,114.369,43.338,3.169
fcd03c9e-fc17-41b4-a209-27fafc7cc9c9,2026-04-25T17:12:09.907164-04:00,node-01,orders-api,429,True,normal,market_aware_v1,63.663,51.966,194.321,32.657,0.841,94.89,79.574,2.195
50754f31-dc20-4785-867d-5b8bd9e7927d,2026-04-25T17:12:09.907668-04:00,node-01,checkout-api,500,True,normal,market_aware_v1,64.077,56.017,189.173,29.366,0.796,91.153,59.528,2.098
d3e9f23c-fe72-42d9-975d-4e91c887dc4b,2026-04-25T17:12:09.908188-04:00,node-01,payments-api,503,True,normal,market_aware_v1,56.472,55.876,221.006,25.919,1.026,105.018,40.681,2.565
e592a2da-de33-4d31-8a32-66b6563bf9d3,2026-04-25T17:12:09.908727-04:00,node-01,orders-api,502,True,normal,market_aware_v1,61.905,51.121,194.015,31.085,0.772,92.49,81.013,2.179
ed70a533-b6dc-4845-9684-216b22554802,2026-04-25T17:12:09.909369-04:00,node-01,checkout-api,502,True,normal,market_aware_v1,65.796,54.3,219.518,29.931,0.948,103.823,49.634,2.531
50faa228-1f86-4417-84df-aa11aab0bcf2,2026-04-25T17:12:09.909860-04:00,node-01,payments-api,502,True,normal,market_aware_v1,54.987,55.693,220.976,22.664,0.969,105.452,37.294,2.586
5ca56153-618d-4a52-8ee7-4347e169763b,2026-04-25T17:12:09.910399-04:00,node-01,orders-api,500,True,normal,market_aware_v1,62.692,48.916,203.635,31.447,0.87,99.435,75.245,2.198
e4774af5-0a14-480c-9b90-1fafed111f2b,2026-04-25T17:12:09.911038-04:00,node-01,checkout-api,502,True,anomalous,market_aware_v1,62.623,54.242,217.521,30.052,1.321,103.13,40.486,2.948
aa83651a-e3fe-4204-a6c8-c5e39c2b5c78,2026-04-25T17:12:09.911700-04:00,node-01,payments-api,503,True,normal,market_aware_v1,58.993,53.362,226.133,24.055,1.041,102.616,40.781,2.699
167422f8-aab4-4f1d-bc7c-7e41b7c14eed,2026-04-25T17:12:09.912169-04:00,node-01,orders-api,503,True,normal,market_aware_v1,63.733,47.616,199.742,31.744,0.876,100.696,68.343,2.346
54edf7ab-17c7-4fee-aecb-13e51fabf182,2026-04-25T17:12:09.912605-04:00,node-01,checkout-api,500,True,normal,market_aware_v1,63.419,52.015,214.028,30.537,0.988,103.71,46.208,2.503
41161c40-ac1a-4cd7-9fa8-480093c3eafa,2026-04-25T17:12:09.913075-04:00,node-01,payments-api,500,True,anomalous,market_aware_v1,62.665,57.165,248.025,28.752,1.4,118.107,24.368,3.476
530f7fed-ca84-4d2b-944d-8531a64ed2e0,2026-04-25T17:12:09.913608-04:00,node-01,orders-api,429,True,normal,market_aware_v1,61.582,49.926,206.773,29.491,0.909,102.957,74.237,2.586
6225e1c5-f905-46c0-a9f6-44f00e2293f9,2026-04-25T17:12:09.914120-04:00,node-01,checkout-api,502,True,normal,market_aware_v1,61.649,55.247,214.548,27.83,1.013,102.198,47.642,2.493
f236d76d-053e-49d7-be50-d8bac2aff1ad,2026-04-25T17:12:09.914649-04:00,node-01,payments-api,503,True,normal,market_aware_v1,59.827,54.988,215.794,23.919,0.827,94.244,38.549,2.243
003b488c-b19e-417d-bf87-7c0bc7f136b4,2026-04-25T17:12:09.915189-04:00,node-01,orders-api,503,True,normal,market_aware_v1,66.019,50.893,205.284,30.921,0.845,105.705,66.009,2.48
1fb3a753-a07a-4bed-b9f2-d3b545ecae31,2026-04-25T17:12:09.915692-04:00,node-01,checkout-api,503,True,normal,market_aware_v1,58.587,55.158,207.211,30.064,0.952,97.068,46.532,2.376
c490e765-f51c-4108-ad59-a95d80acb0a6,2026-04-25T17:12:09.916277-04:00,node-01,payments-api,429,True,normal,market_aware_v1,58.628,57.781,229.559,27.317,1.004,106.17,37.089,2.51
c6cfdb54-3fcf-47e2-ac25-9f359dc0be67,2026-04-25T17:12:09.916798-04:00,node-01,orders-api,500,True,normal,market_aware_v1,65.51,49.423,193.074,30.348,0.777,98.92,75.052,2.177
650dc807-9318-4059-87f3-b2554d6d59f7,2026-04-25T17:12:09.917316-04:00,node-01,checkout-api,502,True,normal,market_aware_v1,64.685,54.543,210.58,28.996,0.914,101.087,54.339,2.344
15bf285f-8e0c-4b2b-a549-18316820ff0c,2026-04-25T17:12:09.917858-04:00,node-01,payments-api,502,True,normal,market_aware_v1,59.378,54.343,223.895,26.545,0.952,103.781,39.737,2.403
9260aaca-ee5b-461c-b1f6-a22533a6cf54,2026-04-25T17:12:09.918309-04:00,node-01,orders-api,500,True,normal,market_aware_v1,67.265,53.398,211.321,33.033,0.878,102.123,73.577,2.411
3eab7264-82ac-48ca-bc33-b448c7697a70,2026-04-25T17:12:09.918774-04:00,node-01,checkout-api,429,True,normal,market_aware_v1,66.646,59.015,220.774,29.582,0.991,105.843,51.838,2.588
2a9e0d3d-5c6b-4195-a6b1-ae13d35d176d,2026-04-25T17:12:09.919264-04:00,node-01,payments-api,503,True,normal,market_aware_v1,60.302,55.385,239.772,26.981,0.981,109.536,42.41,2.655
324cb366-73cf-4d57-ba58-5780e7cee75d,2026-04-25T17:12:09.919816-04:00,node-01,orders-api,500,True,normal,market_aware_v1,71.066,52.639,213.591,30.242,0.894,108.318,75.528,2.384
02c73a6f-ec2e-4a88-bb4f-1f6bab671d50,2026-04-25T17:12:09.920278-04:00,node-01,checkout-api,503,True,normal,market_aware_v1,67.172,59.684,222.938,31.504,0.929,101.898,60.185,2.38
b0d75489-a6ea-4deb-92b3-afa74b313502,2026-04-25T17:12:09.921086-04:00,node-01,payments-api,500,True,anomalous,market_aware_v1,66.26,61.982,250.094,30.451,1.356,116.628,39.864,3.325
14178c3d-f4ab-49a8-b054-bf1b9f840621,2026-04-25T17:12:09.922925-04:00,node-01,orders-api,429,True,normal,market_aware_v1,68.077,54.451,193.183,30.804,0.794,98.371,82.484,2.148
33af6b8d-775e-4bb2-8290-c9ec0e9b74c8,2026-04-25T17:12:09.924377-04:00,node-01,checkout-api,502,True,normal,market_aware_v1,70.081,55.366,221.841,30.776,1.043,107.158,50.82,2.579
1b1354f3-00cb-4cd3-9a5d-588d15a4016f,2026-04-25T17:12:09.925108-04:00,node-01,payments-api,429,True,normal,market_aware_v1,63.94,58.317,241.581,30.255,1.114,116.732,40.817,2.924
f0cbec78-908e-4d04-9038-aa1ba2c919e9,2026-04-25T17:12:09.925805-04:00,node-01,orders-api,429,True,normal,market_aware_v1,68.624,55.058,199.618,31.868,0.828,103.25,82.772,2.311
de4f941e-a57b-4711-9c51-4f4071a96931,2026-04-25T17:12:09.926267-04:00,node-01,checkout-api,502,True,normal,market_aware_v1,66.657,60.305,222.729,30.925,0.945,101.683,57.09,2.524
0b4aca82-38fd-43f5-abf9-8562a8a669e6,2026-04-25T17:12:09.926732-04:00,node-01,payments-api,429,True,normal,market_aware_v1,65.337,62.336,227.228,29.586,0.977,109.264,40.885,2.563
37141910-889e-4d43-8e0a-67dadb2639b1,2026-04-25T17:12:09.927179-04:00,node-01,orders-api,502,True,normal,market_aware_v1,73.092,52.79,212.977,33.453,0.867,110.592,80.132,2.48
034fccdb-0acf-4730-a828-031c50c3dc7c,2026-04-25T17:12:09.927619-04:00,node-01,checkout-api,500,True,normal,market_aware_v1,67.413,63.5,208.872,30.598,0.96,105.09,59.583,2.632
baf33f77-04fe-491e-8679-9e686eb05ac7,2026-04-25T17:12:09.928021-04:00,node-01,payments-api,503,True,normal,market_aware_v1,62.111,58.856,215.715,27.984,0.955,101.583,43.578,2.52
3fc35d47-2bcf-4819-945b-06066f094a3c,2026-04-25T17:12:09.928414-04:00,node-01,orders-api,502,True,normal,market_aware_v1,67.024,52.549,202.23,33.417,0.886,102.189,79.075,2.456
004068bf-4ebe-401e-9c79-44112d78d9ff,2026-04-25T17:12:09.929154-04:00,node-01,checkout-api,429,True,normal,market_aware_v1,66.731,59.273,223.095,29.657,0.966,108.854,53.633,2.546
7ffde976-2a33-4efb-b295-27d95a8f5b0f,2026-04-25T17:12:09.930051-04:00,node-01,payments-api,429,True,normal,market_aware_v1,61.785,58.142,215.607,27.262,0.952,107.621,44.968,2.616
3605f6e2-811b-4138-b5c9-d4113da29687,2026-04-25T17:12:09.930511-04:00,node-01,orders-api,502,True,normal,market_aware_v1,67.093,47.115,208.032,32.024,0.872,106.173,69.375,2.381
ee092012-c16f-4b07-8b03-ac7cb12ec0d8,2026-04-25T17:12:09.930968-04:00,node-01,checkout-api,503,True,normal,market_aware_v1,62.363,55.608,220.373,27.827,1.028,106.197,54.791,2.622
27804439-9ba0-4d3f-b872-c33bc779b236,2026-04-25T17:12:09.931416-04:00,node-01,payments-api,502,True,normal,market_aware_v1,60.021,55.79,245.484,26.406,1.132,114.551,37.208,2.861
d764948d-e264-44d7-9650-82761874d327,2026-04-25T17:12:09.931898-04:00,node-01,orders-api,502,True,normal,market_aware_v1,62.681,51.986,206.914,31.345,0.851,104.576,71.829,2.286
c697ae6f-05fe-4103-acd7-800a1a89b773,2026-04-25T17:12:09.932401-04:00,node-01,checkout-api,503,True,normal,market_aware_v1,59.628,49.972,203.393,28.364,0.962,100.114,50.611,2.481
03ebb250-8ec6-4dd2-94a1-472aeef4e187,2026-04-25T17:12:09.932888-04:00,node-01,payments-api,502,True,normal,market_aware_v1,58.765,54.017,233.705,25.046,0.977,105.594,30.796,2.602
4b943dd4-8b98-480e-a16f-e9959212cecb,2026-04-25T17:12:09.933334-04:00,node-01,orders-api,503,True,normal,market_aware_v1,62.475,48.152,192.756,29.402,0.852,98.489,72.564,2.173
5c105869-e380-473d-a13f-4616929e7e0c,2026-04-25T17:12:09.933781-04:00,node-01,checkout-api,429,True,normal,market_aware_v1,63.387,54.328,228.983,26.465,0.999,102.436,41.498,2.63
eef3e219-218d-4e1d-9ec0-e14da5d00fbb,2026-04-25T17:12:09.934203-04:00,node-01,payments-api,429,True,normal,market_aware_v1,56.361,51.857,224.92,24.698,0.928,99.571,28.598,2.407
c46ba465-9e35-4441-ad8a-a073e12eb347,2026-04-25T17:12:09.934635-04:00,node-01,orders-api,500,True,normal,market_aware_v1,56.197,48.632,191.475,28.046,0.888,104.456,61.584,2.358
9f39a355-2e4e-4b0a-ab04-7a1e13c00f9f,2026-04-25T17:12:09.935067-04:00,node-01,checkout-api,503,True,normal,market_aware_v1,57.069,52.874,207.427,28.011,0.976,93.53,47.315,2.461
316b7bb2-bc2f-4de4-99f1-d2ea1fa90282,2026-04-25T17:12:09.935503-04:00,node-01,payments-api,429,True,normal,market_aware_v1,53.994,53.978,216.73,21.793,0.83,96.426,33.205,2.316
acadf50c-3a18-44a1-867d-303f4714030c,2026-04-25T17:12:09.935927-04:00,node-01,orders-api,502,True,normal,market_aware_v1,56.851,47.955,209.079,29.08,0.794,105.632,68.047,2.357
7a805aca-b09f-4215-90b0-ea9cbf7e06cb,2026-04-25T17:12:09.936385-04:00,node-01,checkout-api,500,True,normal,market_aware_v1,58.674,50.535,210.765,26.692,1.037,100.432,50.806,2.557
2bd23bb6-d0b8-4d36-b14a-bb8853ddfa77,2026-04-25T17:12:09.936874-04:00,node-01,payments-api,502,True,normal,market_aware_v1,52.995,52.176,209.354,23.927,0.946,103.003,31.591,2.476
6c08e122-ffe6-4f13-a96a-43bcb52e0bf9,2026-04-25T17:12:09.937371-04:00,node-01,orders-api,503,True,normal,market_aware_v1,65.415,47.716,197.048,30.541,0.77,98.565,69.817,2.202
fc12a506-b523-4085-a677-592507b7f62e,2026-04-25T17:12:09.937870-04:00,node-01,checkout-api,429,True,normal,market_aware_v1,61.348,51.9,223.712,26.621,1.001,104.931,43.328,2.511
b22f3baa-a154-49eb-88bd-27a07df8c8d4,2026-04-25T17:12:09.938409-04:00,node-01,payments-api,502,True,anomalous,market_aware_v1,57.669,59.204,231.838,27.12,1.327,110.558,24.781,3.132
ba518c10-c2cd-48ad-9340-0d265f41677a,2026-04-25T17:12:09.938902-04:00,node-01,orders-api,429,True,normal,market_aware_v1,63.689,50.02,204.544,32.447,0.817,103.861,66.43,2.452
29868326-9d46-4071-96b9-807e41a7df4f,2026-04-25T17:12:09.939406-04:00,node-01,checkout-api,502,True,normal,market_aware_v1,57.915,54.5,222.254,27.441,0.918,103.295,51.593,2.564
df11bc0f-a59d-42e6-b79a-2e1b2bafa377,2026-04-25T17:12:09.939881-04:00,node-01,payments-api,429,True,normal,market_aware_v1,57.744,53.891,218.232,23.074,0.917,101.771,42.245,2.484
012a7cb1-2f68-4c4e-a72c-3b5dba98739e,2026-04-25T17:12:09.940397-04:00,node-01,orders-api,503,True,normal,market_aware_v1,66.67,51.945,213.277,31.207,0.867,102.864,71.215,2.362
784d1065-1d7b-4690-9e81-c177379ba970,2026-04-25T17:12:09.940966-04:00,node-01,checkout-api,500,True,normal,market_aware_v1,59.371,53.104,225.475,29.265,1.084,113.409,50.409,2.929
c8b2bd8c-ae82-4c0c-8b9c-7f9c52a346b0,2026-04-25T17:12:09.941421-04:00,node-01,payments-api,503,True,anomalous,market_aware_v1,64.361,57.286,240.455,27.413,1.197,120.603,35.345,3.105
77c0617b-56db-4994-8c25-ab38faba60b6,2026-04-25T17:12:09.941868-04:00,node-01,orders-api,500,True,normal,market_aware_v1,71.992,52.336,215.844,31.908,0.905,104.928,74.366,2.397
13c4f42b-628d-4bd8-8203-75a3df824b13,2026-04-25T17:12:09.942382-04:00,node-01,checkout-api,429,True,normal,market_aware_v1,64.336,56.577,210.438,28.894,1.052,102.627,48.849,2.467
b3714634-ea7e-4724-9d28-2d38de02be6e,2026-04-25T17:12:09.943215-04:00,node-01,payments-api,429,True,normal,market_aware_v1,58.846,58.695,240.112,25.486,1.031,111.186,37.061,2.819
f400041f-d2c9-47a2-917e-07b08bd58923,2026-04-25T17:12:09.943841-04:00,node-01,orders-api,502,True,normal,market_aware_v1,67.78,54.562,199.418,30.074,0.767,96.176,84.942,2.257
be6894c2-1474-4e20-992c-addaec8331e6,2026-04-25T17:12:09.944338-04:00,node-01,checkout-api,503,True,normal,market_aware_v1,66.499,53.639,207.342,30.234,0.944,99.573,64.121,2.413
ecc982a3-7fbe-461f-bfc3-792d44634ef8,2026-04-25T17:12:09.944839-04:00,node-01,payments-api,503,True,normal,market_aware_v1,62.298,57.049,251.64,28.695,1.028,116.924,38.549,2.779
de4af72c-5113-459a-a71e-624469d081a5,2026-04-25T17:12:09.945349-04:00,node-01,orders-api,503,True,normal,market_aware_v1,64.886,51.048,210.84,32.272,0.854,100.981,76.974,2.29
29c0f596-0f4c-4bdd-a348-88bb9e795561,2026-04-25T17:12:09.945880-04:00,node-01,checkout-api,503,True,normal,market_aware_v1,67.349,59.462,216.987,29.501,1.102,110.177,52.261,2.807
23fd041a-49e2-44a0-9ca4-b555d81c95af,2026-04-25T17:12:09.946388-04:00,node-01,payments-api,500,True,normal,market_aware_v1,63.73,59.535,243.08,28.621,1.03,115.069,40.309,2.858
5d259c94-c8bd-477a-b35f-fcc47c475c89,2026-04-25T17:12:09.946829-04:00,node-01,orders-api,429,True,normal,market_aware_v1,64.61,50.433,204.04,29.814,0.85,103.684,74.612,2.293
76842f66-b011-4bc8-aa78-be8b1b4f876c,2026-04-25T17:12:09.947284-04:00,node-01,checkout-api,502,True,normal,market_aware_v1,65.5,57.583,225.001,30.678,0.928,99.526,52.77,2.378
4c4adfcf-2cdc-466f-a916-60ecc08bfc08,2026-04-25T17:12:09.947785-04:00,node-01,payments-api,429,True,anomalous,market_aware_v1,64.89,60.153,233.745,28.19,1.294,106.7,40.851,2.94
1a95c6b6-852b-40e5-bcd7-b3065d88a1d0,2026-04-25T17:12:09.948275-04:00,node-01,orders-api,500,True,normal,market_aware_v1,65.527,50.94,223.405,29.651,0.955,107.51,79.129,2.514
3263ba9e-98d9-4b72-88ab-c820f2dd9429,2026-04-25T17:12:09.948998-04:00,node-01,checkout-api,500,True,normal,market_aware_v1,64.725,55.054,229.524,28.537,0.975,110.779,53.653,2.708
badc8c85-bd6f-4c4e-bd91-3128471dd01a,2026-04-25T17:12:09.949490-04:00,node-01,payments-api,503,True,normal,market_aware_v1,59.207,60.434,219.942,24.164,0.905,103.434,38.962,2.646
3e7a9cef-4fa4-4963-8e3a-fd63fbed4015,2026-04-25T17:12:09.950011-04:00,node-01,orders-api,503,True,normal,market_aware_v1,63.812,50.757,194.033,31.609,0.82,100.361,77.188,2.368
8059841f-0248-4f5b-8910-92fcb57ec407,2026-04-25T17:12:09.950514-04:00,node-01,checkout-api,503,True,normal,market_aware_v1,66.358,52.738,223.695,26.4,0.917,105.678,55.243,2.577
2fe62014-2457-44d2-9a6e-30803a77e9cc,2026-04-25T17:12:09.950998-04:00,node-01,payments-api,500,True,normal,market_aware_v1,59.603,58.117,226.586,25.389,1.009,107.914,37.451,2.544
8d39dbd4-e74d-4812-9fdd-5c093e759344,2026-04-25T17:12:09.951410-04:00,node-01,orders-api,502,True,normal,market_aware_v1,63.25,47.95,211.484,29.621,0.839,102.103,70.219,2.371
08d7c6da-302b-46ba-9776-656ae074366e,2026-04-25T17:12:09.951878-04:00,node-01,checkout-api,429,True,normal,market_aware_v1,62.756,51.324,222.812,29.614,1.061,109.776,47.983,2.816
bb67857e-2078-4c34-97c8-c56ffbd5fe20,2026-04-25T17:12:09.952345-04:00,node-01,payments-api,503,True,normal,market_aware_v1,53.252,55.537,239.505,24.235,1.057,112.496,29.669,2.829
136b9a3d-037e-4666-9ef6-c2fe9df60a99,2026-04-25T17:12:09.952859-04:00,node-01,orders-api,429,True,normal,market_aware_v1,65.285,49.928,211.238,27.184,0.842,104.628,74.866,2.449
0e8d5aad-121c-495d-b2e4-ef6987ceda5d,2026-04-25T17:12:09.953330-04:00,node-01,checkout-api,500,True,normal,market_aware_v1,59.579,54.672,224.768,26.84,1.077,108.659,39.121,2.763
74305321-20fc-420a-81ca-0b0e6c19caef,2026-04-25T17:12:09.954204-04:00,node-01,payments-api,500,True,normal,market_aware_v1,57.455,53.877,213.892,24.574,0.987,108.107,38.311,2.655
ee3e2fa7-95fb-41e2-a9ac-3416c779d01e,2026-04-25T17:12:09.954702-04:00,node-01,orders-api,429,True,normal,market_aware_v1,62.169,49.773,214.902,30.171,0.926,106.757,64.728,2.499
16bf758c-1d46-4fb9-880a-2f860fe51a1f,2026-04-25T17:12:09.955158-04:00,node-01,checkout-api,502,True,anomalous,market_aware_v1,63.734,52.523,232.831,29.961,1.409,115.983,40.751,3.275
149dfd3b-353f-4ca1-82c7-2296070befef,2026-04-25T17:12:09.955642-04:00,node-01,payments-api,503,True,anomalous,market_aware_v1,62.797,57.186,245.041,26.029,1.326,109.969,31.52,3.091
b40a08c2-c44c-4d74-9b55-7bd0a2532342,2026-04-25T17:12:09.956162-04:00,node-01,orders-api,503,True,normal,market_aware_v1,60.127,51.878,215.485,26.739,0.947,106.11,75.912,2.454
7dd6e112-3e11-4e86-b37d-ef4013df4e1a,2026-04-25T17:12:09.956686-04:00,node-01,checkout-api,502,True,anomalous,market_aware_v1,66.187,57.062,248.263,31.211,1.568,117.595,40.877,3.556
954d5e8f-bc63-4253-a301-b1da64fada28,2026-04-25T17:12:09.957139-04:00,node-01,payments-api,429,True,normal,market_aware_v1,62.954,53.404,234.622,26.685,1.016,109.865,37.047,2.687
8cbddc98-ee06-47f5-b9bd-a2bd580e81aa,2026-04-25T17:12:09.957588-04:00,node-01,orders-api,429,True,normal,market_aware_v1,60.291,49.835,196.086,30.984,0.736,95.443,77.136,2.105
6dea59cb-5f49-42a7-92c7-2346dad7efa7,2026-04-25T17:12:09.958084-04:00,node-01,checkout-api,502,True,normal,market_aware_v1,64.758,52.72,218.4,29.75,1.046,101.099,54.588,2.607
0b798c91-a5b6-458e-81e5-464f7febff41,2026-04-25T17:12:09.958516-04:00,node-01,payments-api,502,True,normal,market_aware_v1,60.165,56.454,238.562,27.635,1.066,113.369,40.029,2.803
d146116c-59de-440f-83dd-39fb201db73b,2026-04-25T17:12:09.959040-04:00,node-01,orders-api,429,True,normal,market_aware_v1,67.292,54.308,208.694,34.01,0.917,108.806,69.573,2.581
09ec08d7-0ea9-45f8-b098-6216df50789b,2026-04-25T17:12:09.959522-04:00,node-01,checkout-api,429,True,normal,market_aware_v1,63.915,54.155,222.213,29.055,1.052,111.694,47.235,2.827
cb2136ea-0f7e-4f90-9183-88b8592a851b,2026-04-25T17:12:09.960026-04:00,node-01,payments-api,500,True,normal,market_aware_v1,63.351,60.491,236.036,25.819,1.031,110.307,42.737,2.719
8e4e40ec-3938-476d-afb1-31e5a5cf895a,2026-04-25T17:12:09.960517-04:00,node-01,orders-api,429,True,normal,market_aware_v1,68.03,55.933,207.47,31.72,0.882,102.171,76.576,2.35
5d5be58c-8f08-401e-91b5-ddf3532f0c47,2026-04-25T17:12:09.960941-04:00,node-01,checkout-api,500,True,normal,market_aware_v1,65.918,54.26,246.559,29.679,1.153,112.157,51.075,2.919
8e9a7f16-ab9f-4adf-a28c-a7668584b0d7,2026-04-25T17:12:09.961414-04:00,node-01,payments-api,429,True,normal,market_aware_v1,65.773,60.318,232.322,27.729,1.066,116.037,33.492,3.022
6547335d-22dd-4b0c-991c-902963ec31b8,2026-04-25T17:12:09.961862-04:00,node-01,orders-api,503,True,anomalous,market_aware_v1,75.473,56.591,224.393,33.716,1.262,116.309,72.264,3.093
157d07b5-3131-46b6-ab67-cfa224083c40,2026-04-25T17:12:09.962309-04:00,node-01,checkout-api,429,True,normal,market_aware_v1,69.239,58.185,230.484,30.801,1.077,104.452,58.619,2.618
3e4761ca-1d34-457c-84ad-2bf8023ae2b3,2026-04-25T17:12:09.962798-04:00,node-01,payments-api,503,True,anomalous,market_aware_v1,68.544,61.656,247.911,28.297,1.422,121.078,40.282,3.48
1d4c2777-3ba6-4c4f-aaf0-b0c27098df33,2026-04-25T17:12:09.963264-04:00,node-01,orders-api,500,True,normal,market_aware_v1,74.408,56.807,219.544,33.701,0.857,109.691,82.028,2.458
1aa3f6c6-fedc-4c69-8188-8263cb179659,2026-04-25T17:12:09.963782-04:00,node-01,checkout-api,502,True,normal,market_aware_v1,69.725,59.078,226.706,30.786,1.02,105.57,61.028,2.605
f6daebe9-eadd-4230-afc7-8ee5a417392f,2026-04-25T17:12:09.964230-04:00,node-01,payments-api,500,True,normal,market_aware_v1,66.89,59.165,225.685,27.295,0.946,109.567,44.121,2.638
1277af36-af53-4b24-9d62-f57bd192c03a,2026-04-25T17:12:09.964680-04:00,node-01,orders-api,429,True,anomalous,market_aware_v1,73.905,56.964,226.543,34.583,1.238,118.6,67.839,3.202
ff95c3a5-f8da-4bc7-b5eb-a9b9232fcee9,2026-04-25T17:12:09.965117-04:00,node-01,checkout-api,429,True,normal,market_aware_v1,68.612,55.2,223.486,32.872,1.011,111.434,58.672,2.699
8def8abb-6a7a-4d98-bcc7-520adbe69607,2026-04-25T17:12:09.965541-04:00,node-01,payments-api,502,True,normal,market_aware_v1,61.548,59.212,224.358,27.56,1.052,108.319,44.394,2.619
f97196c9-a939-4b78-bc60-d80615ff9efc,2026-04-25T17:12:09.965940-04:00,node-01,orders-api,500,True,normal,market_aware_v1,66.631,53.47,215.017,31.171,0.795,107.032,77.099,2.395
f58d92af-e4e5-4ca1-a446-978102a6fa96,2026-04-25T17:12:09.966348-04:00,node-01,checkout-api,500,True,normal,market_aware_v1,68.229,57.576,211.897,30.287,1.121,105.677,57.626,2.68
e0c564b9-687d-4166-a4e3-33524e0972a8,2026-04-25T17:12:09.966858-04:00,node-01,payments-api,503,True,normal,market_aware_v1,63.633,60.608,229.691,26.421,0.943,107.535,42.724,2.54
61e7d6d9-3680-477e-aa12-fc5b89565fca,2026-04-25T17:12:09.967339-04:00,node-01,orders-api,503,True,normal,market_aware_v1,68.869,50.848,203.306,32.705,0.866,108.21,76.799,2.489
0a9dad38-d221-494e-a581-c501a9e295c7,2026-04-25T17:12:09.967826-04:00,node-01,checkout-api,503,True,normal,market_aware_v1,62.267,55.206,225.502,30.617,1.048,105.342,49.417,2.692
bb7d70f6-26c4-497f-aa1f-57547339dc66,2026-04-25T17:12:09.968295-04:00,node-01,payments-api,503,True,normal,market_aware_v1,61.356,58.555,252.21,26.04,1.127,113.384,28.148,2.881
cb2e614f-cbec-47c8-8895-31064e2cf551,2026-04-25T17:12:09.968881-04:00,node-01,orders-api,502,True,normal,market_aware_v1,64.057,54.961,197.783,28.967,0.871,104.844,71.843,2.329
2b7d7e93-63b9-4af1-bb35-9d60e31ca215,2026-04-25T17:12:09.969388-04:00,node-01,checkout-api,503,True,normal,market_aware_v1,65.059,50.64,225.392,28.807,1.04,106.196,51.725,2.566
ce9e489e-4084-4c64-8312-a3a2a21a5bd6,2026-04-25T17:12:09.969894-04:00,node-01,payments-api,503,True,normal,market_aware_v1,59.155,56.047,235.139,26.799,0.999,113.206,29.907,2.814
404ed034-c6d0-4f62-bd13-913b111728bf,2026-04-25T17:12:09.970394-04:00,node-01,orders-api,502,True,normal,market_aware_v1,63.544,51.15,202.598,29.406,0.809,99.055,69.55,2.236
36bf81ab-29e3-4319-9c53-f01d83934d06,2026-04-25T17:12:09.970911-04:00,node-01,checkout-api,503,True,normal,market_aware_v1,58.553,51.658,220.231,27.66,1.001,102.859,49.625,2.551
be1db706-3c1f-4313-8494-91a34a3afdd7,2026-04-25T17:12:09.971400-04:00,node-01,payments-api,500,True,normal,market_aware_v1,56.241,54.719,226.396,23.567,0.922,106.592,36.025,2.498
2281bb30-a11e-4836-bafa-f68b151c3a07,2026-04-25T17:12:09.971882-04:00,node-01,orders-api,500,True,normal,market_aware_v1,58.89,51.857,203.304,28.778,0.903,106.104,67.438,2.467
ca22b944-3de8-4d12-86b2-604de6d55e6e,2026-04-25T17:12:09.972387-04:00,node-01,checkout-api,502,True,normal,market_aware_v1,57.197,48.689,216.39,26.689,0.976,105.769,39.955,2.599
874a13d9-b6fa-46f6-9588-1b52dcdb71b9,2026-04-25T17:12:09.972887-04:00,node-01,payments-api,503,True,normal,market_aware_v1,54.003,53.975,214.953,23.384,1.018,101.723,32.772,2.559
08e5947e-5313-4b48-922b-cce62f61dcda,2026-04-25T17:12:09.973387-04:00,node-01,orders-api,429,True,normal,market_aware_v1,59.405,48.9,184.857,29.068,0.824,95.983,67.906,2.094
dc840b38-fa0f-4c1a-9eaf-7842a10a9922,2026-04-25T17:12:09.973889-04:00,node-01,checkout-api,502,True,normal,market_aware_v1,56.694,54.639,196.956,26.842,0.922,98.19,45.892,2.391
9bdb726a-c3a2-44d7-9c72-64b97e151e56,2026-04-25T17:12:09.974385-04:00,node-01,payments-api,503,True,normal,market_aware_v1,55.64,52.48,227.635,24.803,0.913,99.196,30.978,2.383
dd805bcf-5836-473e-8cc3-f11f441fbbe5,2026-04-25T17:12:09.974880-04:00,node-01,orders-api,500,True,normal,market_aware_v1,63.076,49.783,210.985,28.019,0.855,100.96,67.2,2.289
e7c11a7f-2b1c-4ed4-a338-d8e788a87c9f,2026-04-25T17:12:09.975378-04:00,node-01,checkout-api,502,True,anomalous,market_aware_v1,64.643,51.213,259.172,29.898,1.552,119.043,35.72,3.603
88666f3e-59ce-40fe-b019-bc41b2e0751b,2026-04-25T17:12:09.975882-04:00,node-01,payments-api,502,True,normal,market_aware_v1,56.95,53.852,233.644,25.913,1.052,108.67,33.771,2.688
8611e097-f700-4df6-96ed-fb1c7fa5f11e,2026-04-25T17:12:09.976376-04:00,node-01,orders-api,500,True,normal,market_aware_v1,63.305,51.932,217.884,30.758,0.87,104.61,69.044,2.371
db1ab207-35b4-4fa7-a6d6-491ab7543dad,2026-04-25T17:12:09.976839-04:00,node-01,checkout-api,500,True,normal,market_aware_v1,64.318,51.466,224.816,26.991,1.046,107.291,46.441,2.671
90348f8e-53d8-4921-ae7d-6be305eb84f8,2026-04-25T17:12:09.977329-04:00,node-01,payments-api,502,True,normal,market_aware_v1,63.162,55.681,228.707,23.896,0.989,109.061,31.017,2.592
8b5edaeb-c400-4899-bfee-0127760fdc14,2026-04-25T17:12:09.977798-04:00,node-01,orders-api,429,True,normal,market_aware_v1,68.331,50.271,218.104,28.684,1.019,112.121,68.582,2.863
49fddaa3-6090-406b-b556-f8ba6ecab561,2026-04-25T17:12:09.978243-04:00,node-01,checkout-api,502,True,normal,market_aware_v1,60.555,49.645,216.188,29.927,1.06,99.054,54.255,2.606
1817ea3d-2262-48e7-a485-f7a416fd92a5,2026-04-25T17:12:09.978713-04:00,node-01,payments-api,503,True,normal,market_aware_v1,61.583,56.047,229.988,29.216,0.906,107.275,39.753,2.517
ed0af477-683d-4126-a979-a4a103811d89,2026-04-25T17:12:09.980041-04:00,node-01,orders-api,429,True,normal,market_aware_v1,65.449,53.821,192.76,31.262,0.775,98.66,78.287,2.21
b2410782-8ab1-4445-b2b6-f0a4b2f6a71f,2026-04-25T17:12:09.980528-04:00,node-01,checkout-api,503,True,normal,market_aware_v1,66.374,55.216,204.989,29.961,1.01,104.802,55.272,2.625
8b85f4f5-4014-4c9e-86fe-ee0fabb76dd9,2026-04-25T17:12:09.980979-04:00,node-01,payments-api,429,True,normal,market_aware_v1,62.313,56.129,227.573,27.672,0.937,109.38,40.959,2.727
997b64eb-dcf0-457b-b791-4798e955aca9,2026-04-25T17:12:09.981419-04:00,node-01,orders-api,500,True,normal,market_aware_v1,69.586,51.518,213.691,30.36,0.894,106.917,73.228,2.461
8edfd251-66bc-4f8d-8e8f-f5a6b35b0285,2026-04-25T17:12:09.981896-04:00,node-01,checkout-api,429,True,normal,market_aware_v1,69.424,54.683,222.63,25.995,0.998,106.357,51.053,2.774
9e7ac491-7cb2-44c2-afd6-6bf897ea8c63,2026-04-25T17:12:09.982382-04:00,node-01,payments-api,500,True,normal,market_aware_v1,63.045,61.207,226.149,26.459,0.783,102.558,42.701,2.426
4ba46fce-29cb-454f-9d71-de87cefccbcd,2026-04-25T17:12:09.982863-04:00,node-01,orders-api,503,True,normal,market_aware_v1,70.492,56.874,209.231,31.759,0.88,104.91,80.939,2.419
a3891fef-9229-4525-9650-adb0dc20d80c,2026-04-25T17:12:09.983389-04:00,node-01,checkout-api,502,True,normal,market_aware_v1,65.871,59.563,212.679,29.144,0.981,102.032,60.452,2.536
164430eb-dbab-485e-b031-2ee22b9fcab0,2026-04-25T17:12:09.983893-04:00,node-01,payments-api,503,True,anomalous,market_aware_v1,66.823,61.21,259.804,27.706,1.327,120.036,44.857,3.541
8e2ee1f7-7917-4511-91ad-a2b397cdace8,2026-04-25T17:12:09.984348-04:00,node-01,orders-api,500,True,normal,market_aware_v1,71.109,50.736,228.194,30.264,1.012,116.852,70.665,2.799
ed57b4d1-c333-4c09-aadb-7d03efc9583a,2026-04-25T17:12:09.984871-04:00,node-01,checkout-api,429,True,normal,market_aware_v1,69.199,56.613,214.556,30.388,1.006,108.396,51.06,2.76
b24285f4-2c4f-4587-99ac-eaf3460d8c2a,2026-04-25T17:12:09.985376-04:00,node-01,payments-api,503,True,normal,market_aware_v1,61.797,58.189,238.955,26.023,0.976,112.346,42.882,2.8
002cf355-7e69-4244-8ec7-5a4b72387c4c,2026-04-25T17:12:09.985877-04:00,node-01,orders-api,500,True,anomalous,market_aware_v1,69.515,58.394,229.104,34.079,1.294,116.138,63.746,3.143
3cc996ea-654d-4eb2-951d-3d06c5a09a5a,2026-04-25T17:12:09.986329-04:00,node-01,checkout-api,502,True,normal,market_aware_v1,69.457,52.589,225.476,31.496,1.058,104.017,52.311,2.668
6a23ebf2-9abe-43f8-85e4-37eb8e79402f,2026-04-25T17:12:09.986804-04:00,node-01,payments-api,503,True,normal,market_aware_v1,61.616,59.638,238.98,27.822,1.045,107.139,38.084,2.705
c2e91955-41ee-4388-b278-3e8c43cbe73d,2026-04-25T17:12:09.987282-04:00,node-01,orders-api,503,True,normal,market_aware_v1,67.602,53.157,215.529,29.537,0.937,117.898,63.645,2.686
6351972e-564a-4c87-abd9-8f63a3c613bf,2026-04-25T17:12:09.987782-04:00,node-01,checkout-api,500,True,normal,market_aware_v1,63.003,53.186,234.424,28.905,1.201,118.459,47.332,3.093
2d19c5d3-7604-48c2-b243-8f5bcb514b75,2026-04-25T17:12:09.988254-04:00,node-01,payments-api,500,True,normal,market_aware_v1,58.749,54.523,234.918,23.237,1.018,110.956,36.969,2.639
35bbeea6-21c5-4dec-b4d5-445687d2512a,2026-04-25T17:12:09.988715-04:00,node-01,orders-api,503,True,normal,market_aware_v1,60.683,52.445,212.51,29.006,0.83,105.495,66.625,2.449
4c4ffd3c-847b-4a52-8995-86706d235152,2026-04-25T17:12:09.989206-04:00,node-01,checkout-api,502,True,normal,market_aware_v1,63.176,54.373,223.199,28.734,1.073,109.572,49.486,2.756
17a6cd3c-2a83-41d6-96d7-c96a57c7e666,2026-04-25T17:12:09.989731-04:00,node-01,payments-api,500,True,normal,market_aware_v1,63.371,52.585,236.039,24.334,1.044,109.718,33.916,2.764
aebadecb-6661-4dd4-8b52-007c89bff80c,2026-04-25T17:12:09.990181-04:00,node-01,orders-api,502,True,normal,market_aware_v1,65.986,47.344,212.536,29.585,0.916,106.978,68.109,2.63
099049cc-8ab1-41df-af94-bf506e37df5e,2026-04-25T17:12:09.990678-04:00,node-01,checkout-api,429,True,normal,market_aware_v1,60.041,53.078,221.607,29.025,0.967,105.992,47.416,2.548
de48bd47-65e6-4442-9d84-f1b0b8d108d2,2026-04-25T17:12:09.991135-04:00,node-01,payments-api,502,True,normal,market_aware_v1,58.615,55.647,231.467,23.49,1.055,110.033,32.819,2.845
87601b80-992a-48c9-9ab0-f890325b56a1,2026-04-25T17:12:09.991648-04:00,node-01,orders-api,502,True,normal,market_aware_v1,64.552,47.787,192.849,26.889,0.854,105.158,72.135,2.325
a42d9828-85c9-48c1-b525-f64800c7b65a,2026-04-25T17:12:09.992105-04:00,node-01,checkout-api,502,True,normal,market_aware_v1,60.734,50.762,219.315,29.522,1.079,107.44,46.419,2.72
6f6fc492-61c1-482a-a3a5-374ece31c022,2026-04-25T17:12:09.992630-04:00,node-01,payments-api,502,True,normal,market_aware_v1,60.032,56.281,227.414,27.223,0.982,109.535,37.958,2.63
7d27fb68-13b2-4a13-82f9-88cc1350b7b8,2026-04-25T17:12:09.993087-04:00,node-01,orders-api,500,True,normal,market_aware_v1,63.337,50.071,213.65,30.525,0.865,102.673,69.601,2.329
9ac95199-c4c1-4aa4-94ac-da03958b6e86,2026-04-25T17:12:09.993547-04:00,node-01,checkout-api,500,True,normal,market_aware_v1,67.809,55.823,226.368,27.14,1.026,108.282,46.792,2.65
14ac3353-9662-4cab-be33-6e42eab09d59,2026-04-25T17:12:09.994009-04:00,node-01,payments-api,500,True,normal,market_aware_v1,60.606,52.348,240.551,22.153,0.936,115.226,34.146,2.725
fd72e7f1-ef4a-4449-9902-81848e556269,2026-04-25T17:12:09.994427-04:00,node-01,orders-api,503,True,normal,market_aware_v1,61.912,52.571,188.596,29.386,0.899,100.487,72.895,2.376
2b00327e-bd7e-4daf-97d9-5df5998f3c9c,2026-04-25T17:12:09.994864-04:00,node-01,checkout-api,503,True,normal,market_aware_v1,66.221,52.444,226.706,27.467,1.113,107.576,52.174,2.745
39aaf6ba-9d8a-4876-9748-a246abe436c0,2026-04-25T17:12:09.995303-04:00,node-01,payments-api,500,True,normal,market_aware_v1,61.247,57.738,237.597,27.894,1.032,111.652,35.777,2.769
b040909d-d246-411e-bc5c-3f99cc5240b0,2026-04-25T17:12:09.995751-04:00,node-01,orders-api,500,True,normal,market_aware_v1,66.823,51.192,193.295,32.407,0.822,103.455,75.081,2.274
fa94bbf0-c538-4de2-bf14-3e203782fa68,2026-04-25T17:12:09.996191-04:00,node-01,checkout-api,502,True,normal,market_aware_v1,68.291,56.103,230.269,29.724,1.092,111.332,50.415,2.722
c3e8f832-85ad-4c61-8628-acf9be1fb0ed,2026-04-25T17:12:09.996641-04:00,node-01,payments-api,500,True,normal,market_aware_v1,64.872,58.446,233.535,28.044,0.953,106.781,41.921,2.667
fee0dd3a-406b-4ec9-8257-8b2073e8bfc8,2026-04-25T17:12:09.997066-04:00,node-01,orders-api,502,True,normal,market_aware_v1,68.366,54.381,209.628,30.148,0.817,109.423,75.187,2.421
7c86f7cd-5611-4bd2-a0fb-8d54ebbf81e6,2026-04-25T17:12:09.997544-04:00,node-01,checkout-api,502,True,normal,market_aware_v1,66.177,57.522,225.184,31.408,0.967,101.621,54.521,2.502
6761e7cc-00b5-41d8-b7e1-fef653ce992b,2026-04-25T17:12:09.997999-04:00,node-01,payments-api,500,True,normal,market_aware_v1,68.062,58.62,239.749,27.041,0.995,116.082,39.088,2.784
9cf4a27c-a686-45d2-b124-cc66f52c203c,2026-04-25T17:12:09.998467-04:00,node-01,orders-api,429,True,normal,market_aware_v1,71.82,56.069,217.831,32.816,0.908,106.725,80.159,2.493
6e06901b-568a-4cdc-920a-24304bf373a3,2026-04-25T17:12:09.998945-04:00,node-01,checkout-api,503,True,normal,market_aware_v1,67.863,56.458,235.675,32.623,1.088,112.202,56.819,2.759
b644f332-8368-4081-8481-602022da2fe6,2026-04-25T17:12:09.999375-04:00,node-01,payments-api,503,True,normal,market_aware_v1,65.675,60.959,244.377,29.276,1.106,115.632,42.893,2.972
7e4c76fb-0480-496d-8a61-980ec7bb0c87,2026-04-25T17:12:09.999812-04:00,node-01,orders-api,502,True,normal,market_aware_v1,73.372,55.287,208.249,31.58,0.879,100.945,90.787,2.273
0270a607-6daa-4e24-b9c5-eda6f08ee339,2026-04-25T17:12:10.000273-04:00,node-01,checkout-api,429,True,normal,market_aware_v1,70.257,56.417,224.498,30.128,1.006,103.841,55.223,2.501
51b9d3be-3568-407c-9813-6ce4d516d035,2026-04-25T17:12:10.001145-04:00,node-01,payments-api,502,True,normal,market_aware_v1,65.29,59.505,233.455,28.384,1.01,110.636,46.275,2.686
e690317b-b60e-4056-95c0-f150a5b97412,2026-04-25T17:12:10.001593-04:00,node-01,orders-api,429,True,normal,market_aware_v1,72.24,54.857,194.09,34.005,0.838,99.344,85.972,2.25
d6f5e752-d494-480b-8cf9-f6c2ace8f50c,2026-04-25T17:12:10.002047-04:00,node-01,checkout-api,503,True,normal,market_aware_v1,70.335,57.157,222.524,31.767,1.054,109.663,57.331,2.885
89f7b8b0-13b0-45af-aed1-9fc4136e5baf,2026-04-25T17:12:10.002497-04:00,node-01,payments-api,502,True,normal,market_aware_v1,67.198,58.526,228.659,28.878,0.942,103.548,48.071,2.385
4c7abfde-bd54-4c11-a47e-a398f5717ecd,2026-04-25T17:12:10.003063-04:00,node-01,orders-api,503,True,anomalous,market_aware_v1,73.953,52.338,231.053,33.502,1.303,116.297,67.03,3.154
72e801c7-f286-4d6f-84e3-65ce63f24a95,2026-04-25T17:12:10.003522-04:00,node-01,checkout-api,500,True,normal,market_aware_v1,70.354,56.712,227.707,29.793,1.036,108.028,57.026,2.624
7057d9e6-e51e-4ed9-84cb-71cc050fd7b5,2026-04-25T17:12:10.003955-04:00,node-01,payments-api,503,True,normal,market_aware_v1,65.132,56.849,240.071,25.377,1.049,109.459,40.457,2.702
46b47573-463f-4c70-86e4-37811b837e1d,2026-04-25T17:12:10.004387-04:00,node-01,orders-api,502,True,normal,market_aware_v1,65.802,52.472,204.912,31.213,0.85,105.421,77.434,2.251
1be32e36-41ef-4525-af4c-ee42ba5ec6b6,2026-04-25T17:12:10.004823-04:00,node-01,checkout-api,503,True,normal,market_aware_v1,64.517,53.023,226.177,27.826,1.076,110.746,57.852,2.786
b56b598d-76d7-4535-9080-0ee1e31b7b46,2026-04-25T17:12:10.005233-04:00,node-01,payments-api,429,True,normal,market_aware_v1,60.653,56.21,242.458,26.338,1.045,116.464,35.585,2.856
babed877-4586-44a9-b55d-4fcfd5943651,2026-04-25T17:12:10.005672-04:00,node-01,orders-api,503,True,normal,market_aware_v1,61.913,50.804,197.415,32.793,0.861,97.76,78.431,2.242
07533a2c-9e7f-4fc6-881f-ff3180fc1900,2026-04-25T17:12:10.006131-04:00,node-01,checkout-api,500,True,anomalous,market_aware_v1,62.446,52.573,238.272,30.31,1.146,120.13,45.851,3.123
a579d0f4-d765-4961-b716-71409a9080af,2026-04-25T17:12:10.006607-04:00,node-01,payments-api,429,True,normal,market_aware_v1,58.897,57.129,236.52,24.114,0.948,106.982,39.183,2.623
94d628e6-a29f-4327-987d-c8943a56c529,2026-04-25T17:12:10.007055-04:00,node-01,orders-api,503,True,normal,market_aware_v1,63.316,47.114,209.053,31.839,0.864,109.915,62.407,2.453
47a339cf-9b12-4f00-98db-dfb85eb277fe,2026-04-25T17:12:10.007568-04:00,node-01,checkout-api,502,True,normal,market_aware_v1,60.369,52.26,229.502,28.321,1.087,112.222,41.225,2.898
fca35f35-5259-4c3c-8265-4e57c44dd23c,2026-04-25T17:12:10.007997-04:00,node-01,payments-api,429,True,normal,market_aware_v1,56.846,54.288,227.917,23.74,0.998,103.716,36.162,2.595
d1a54548-bb56-4d64-b84f-5fa413db0977,2026-04-25T17:12:10.008409-04:00,node-01,orders-api,500,True,normal,market_aware_v1,61.27,51.381,205.972,28.723,0.855,111.558,57.775,2.452
c2f56d09-8a81-4a3e-aea4-5981cda0e1d9,2026-04-25T17:12:10.008859-04:00,node-01,checkout-api,429,True,normal,market_aware_v1,62.574,54.164,231.869,26.01,1.169,111.164,33.833,3.082
c1d7f13d-49c4-4e0e-974e-ca929198284c,2026-04-25T17:12:10.009364-04:00,node-01,payments-api,502,True,normal,market_aware_v1,59.205,55.028,244.744,23.34,1.044,114.949,27.461,2.826
4868b8db-0afb-4901-a6f8-914e027e06d6,2026-04-25T17:12:10.009896-04:00,node-01,orders-api,502,True,normal,market_aware_v1,60.821,49.968,204.245,29.651,0.929,102.422,71.424,2.372
49ee234a-39fa-45a1-9de1-7be45bba1379,2026-04-25T17:12:10.010399-04:00,node-01,checkout-api,500,True,normal,market_aware_v1,62.965,54.97,220.444,27.07,1.053,109.691,42.855,2.688
245dbb58-ba3b-4036-a8aa-bee9b8264514,2026-04-25T17:12:10.010885-04:00,node-01,payments-api,500,True,normal,market_aware_v1,54.571,54.364,224.895,23.102,0.926,103.678,38.674,2.585
570028a7-0058-4ff1-9a52-963c17d5b561,2026-04-25T17:12:10.011381-04:00,node-01,orders-api,502,True,anomalous,market_aware_v1,70.185,48.707,231.007,31.517,1.369,117.384,56.497,3.263
9d0aaad2-df43-4d60-9180-ee2cc013362e,2026-04-25T17:12:10.011850-04:00,node-01,checkout-api,503,True,normal,market_aware_v1,62.956,54.866,232.127,29.429,1.118,111.598,39.456,2.917
ca2fea59-402b-443e-a829-1e684b1c4dff,2026-04-25T17:12:10.012293-04:00,node-01,payments-api,500,True,normal,market_aware_v1,56.512,50.711,242.38,23.93,1.091,110.705,28.823,2.817
990277e2-2487-4bf8-a3ec-e51fb2d909b8,2026-04-25T17:12:10.012852-04:00,node-01,orders-api,429,True,normal,market_aware_v1,64.607,48.598,199.079,28.583,0.853,98.237,68.659,2.256
06ecbb72-d703-4070-a07f-9f060b32549e,2026-04-25T17:12:10.013272-04:00,node-01,checkout-api,503,True,normal,market_aware_v1,61.368,52.854,235.993,28.065,1.091,111.547,45.521,2.792
6bbe1a8f-f662-431c-a3c8-7b420b0a29fb,2026-04-25T17:12:10.013756-04:00,node-01,payments-api,500,True,normal,market_aware_v1,55.829,55.505,232.388,23.513,0.929,110.145,34.786,2.779
53eaaa0a-f438-411a-b5fc-c085b17cc485,2026-04-25T17:12:10.014205-04:00,node-01,orders-api,503,True,normal,market_aware_v1,62.935,52.468,209.762,30.287,0.972,111.788,69.739,2.558
8e9b8d33-6a21-487c-84a9-67e94efbb419,2026-04-25T17:12:10.014687-04:00,node-01,checkout-api,429,True,normal,market_aware_v1,62.822,54.798,201.043,31.119,1.042,106.184,54.313,2.671
16b7af82-8b9c-4f5c-977c-247705fc4681,2026-04-25T17:12:10.015919-04:00,node-01,payments-api,502,True,normal,market_aware_v1,60.918,57.364,243.646,25.44,1.077,114.028,38.354,2.966
1dccb31c-6990-4e50-9f6c-e9bb80297cae,2026-04-25T17:12:10.016383-04:00,node-01,orders-api,500,True,normal,market_aware_v1,67.558,53.225,216.283,30.92,0.984,113.817,66.477,2.792
71ab43df-2c44-4fd0-b377-8207856f4b27,2026-04-25T17:12:10.016844-04:00,node-01,checkout-api,429,True,normal,market_aware_v1,64.473,52.627,224.466,29.533,1.073,110.66,54.984,2.784
ba3818b9-9507-4933-9f5e-e15518cf982a,2026-04-25T17:12:10.017309-04:00,node-01,payments-api,503,True,normal,market_aware_v1,64.474,55.577,234.536,25.551,1.007,111.39,36.445,2.628
a71fe5a0-8bf7-4f06-8ef0-40b7d1085f8d,2026-04-25T17:12:10.017772-04:00,node-01,orders-api,500,True,normal,market_aware_v1,70.085,52.468,215.895,31.836,0.842,109.486,74.455,2.478
7452bb57-c512-4688-903b-f6d1eef7f0f4,2026-04-25T17:12:10.018235-04:00,node-01,checkout-api,502,True,normal,market_aware_v1,67.212,57.281,221.781,29.346,1.064,107.269,53.478,2.741
bbef9bfc-ff38-4b7e-869f-73adc2279e38,2026-04-25T17:12:10.018837-04:00,node-01,payments-api,503,True,normal,market_aware_v1,63.653,58.952,247.556,26.904,1.061,119.08,39.647,2.996
c5ef4450-2f88-4371-8da1-e824ef7978c7,2026-04-25T17:12:10.020573-04:00,node-01,orders-api,500,True,anomalous,market_aware_v1,76.329,53.023,233.726,32.765,1.298,117.279,67.105,3.216
ec665097-e4d3-4b3b-a5cb-87da1fd7bea6,2026-04-25T17:12:10.021277-04:00,node-01,checkout-api,502,True,normal,market_aware_v1,67.265,59.066,227.066,28.935,1.057,109.15,45.879,2.721
45c6dbe8-6465-4d9a-9554-0b387ceb30ba,2026-04-25T17:12:10.023241-04:00,node-01,payments-api,502,True,normal,market_aware_v1,64.747,56.205,241.547,28.278,1.05,110.31,44.04,2.65
2cd17831-06b4-4a8a-ba1f-5e996f80e03e,2026-04-25T17:12:10.024057-04:00,node-01,orders-api,502,True,normal,market_aware_v1,68.805,53.53,230.669,31.256,1.101,117.744,77.062,3.133
218d0ba8-8134-4e10-b38c-c5ee83756490,2026-04-25T17:12:10.024591-04:00,node-01,checkout-api,500,True,normal,market_aware_v1,68.284,54.495,234.377,30.018,0.98,105.767,54.978,2.593
cc4260c6-ef81-47d0-9747-c443c8515d30,2026-04-25T17:12:10.025182-04:00,node-01,payments-api,503,True,normal,market_aware_v1,63.619,58.384,224.458,27.39,0.927,108.684,45.787,2.624
1f33a2bf-b6ed-44d1-8ea6-cbdfdbfb58c8,2026-04-25T17:12:10.025721-04:00,node-01,orders-api,503,True,normal,market_aware_v1,68.065,53.968,211.034,35.296,0.939,114.838,71.256,2.596
e3018f3f-08d5-41e5-95f5-fb94712dfb9f,2026-04-25T17:12:10.026257-04:00,node-01,checkout-api,500,True,normal,market_aware_v1,63.333,56.642,217.239,28.072,0.988,104.202,51.927,2.582
6f3e4d0d-d06c-450f-bebe-d2fa371a730f,2026-04-25T17:12:10.026864-04:00,node-01,payments-api,429,True,anomalous,market_aware_v1,66.612,59.765,256.763,28.554,1.39,116.876,32.274,3.302
bc15b2df-1a5b-4ccd-a5d4-03cfea1adfe1,2026-04-25T17:12:10.027413-04:00,node-01,orders-api,503,True,normal,market_aware_v1,68.283,52.572,196.981,32.391,0.884,105.35,74.716,2.361
e9ebde98-141d-41fa-b0b2-ad37ca144fa4,2026-04-25T17:12:10.027932-04:00,node-01,checkout-api,502,True,anomalous,market_aware_v1,70.352,57.039,238.799,30.688,1.324,109.67,45.259,3.165
77920e18-5763-49cb-a508-19833bc074e2,2026-04-25T17:12:10.028419-04:00,node-01,payments-api,429,True,normal,market_aware_v1,65.075,58.281,241.54,26.204,1.051,114.8,29.416,2.935
66dd0efe-0317-4a3f-a9d0-ab0e37391fa3,2026-04-25T17:12:10.028912-04:00,node-01,orders-api,429,True,normal,market_aware_v1,64.296,51.702,213.167,30.952,0.821,107.771,69.434,2.361
eca97b64-a2e5-462d-81b6-8b414fa6392a,2026-04-25T17:12:10.029395-04:00,node-01,checkout-api,503,True,normal,market_aware_v1,59.066,53.984,216.396,28.587,1.007,100.516,51.784,2.477
a7bc07cf-5f9c-4f2a-a9c2-50d75a637352,2026-04-25T17:12:10.029878-04:00,node-01,payments-api,429,True,normal,market_aware_v1,61.002,55.085,249.033,27.113,1.032,114.876,32.303,2.827
5151f587-94c4-47ef-98d9-fe6d80ea2379,2026-04-25T17:12:10.030347-04:00,node-01,orders-api,502,True,normal,market_aware_v1,67.461,46.935,216.532,30.363,0.83,106.681,65.88,2.422
2ddebf9d-be4d-44ae-adf0-36547cd7709d,2026-04-25T17:12:10.031149-04:00,node-01,checkout-api,503,True,anomalous,market_aware_v1,65.944,55.124,243.059,29.807,1.4,115.741,41.177,3.291
a572a51e-b8cf-48a1-8cf4-62e0561a6ffb,2026-04-25T17:12:10.032109-04:00,node-01,payments-api,503,True,normal,market_aware_v1,60.386,56.508,237.149,25.021,1.062,114.476,33.418,2.883
a112dbdd-709d-4ae5-a921-65b25b888c6d,2026-04-25T17:12:10.032861-04:00,node-01,orders-api,500,True,normal,market_aware_v1,63.807,51.866,202.53,28.978,0.963,106.761,77.924,2.49
6a0bc8be-f5af-4a4a-b242-2c681ba85600,2026-04-25T17:12:10.033354-04:00,node-01,checkout-api,500,True,normal,market_aware_v1,61.309,51.877,219.68,28.156,1.155,109.591,47.542,2.823
ecc1660c-3804-47d6-bf33-4e6dc4560b3f,2026-04-25T17:12:10.033852-04:00,node-01,payments-api,500,True,normal,market_aware_v1,57.765,52.996,231.429,24.614,0.976,108.095,42.764,2.679
2def690b-0454-45f3-a974-66e085d442d5,2026-04-25T17:12:10.034331-04:00,node-01,orders-api,429,True,normal,market_aware_v1,65.507,51.012,216.376,28.889,0.875,110.14,67.044,2.434
4bf0d2ce-0110-448f-bb12-fd723033a19f,2026-04-25T17:12:10.034901-04:00,node-01,checkout-api,500,True,anomalous,market_aware_v1,67.993,55.717,236.986,30.947,1.479,115.095,39.259,3.411
0396b62e-d0c2-4558-9aed-c84381ab5a7a,2026-04-25T17:12:10.035357-04:00,node-01,payments-api,500,True,normal,market_aware_v1,61.658,57.08,227.103,26.587,1.047,111.349,40.771,2.779
d847bfc7-818c-4f88-a3e8-7db2f3d8f02d,2026-04-25T17:12:10.035835-04:00,node-01,orders-api,429,True,normal,market_aware_v1,67.782,50.104,233.328,33.376,1.066,115.831,67.281,2.912
d3c87bf6-470c-41b7-b02b-0699f5307ed5,2026-04-25T17:12:10.036430-04:00,node-01,checkout-api,503,True,normal,market_aware_v1,67.22,57.497,251.112,28.494,1.155,116.213,44.323,2.952
34191f2b-1622-4abf-896e-addfebc15b3a,2026-04-25T17:12:10.037011-04:00,node-01,payments-api,503,True,normal,market_aware_v1,64.037,56.674,233.669,25.292,0.959,110.401,37.283,2.645
df4313cd-a804-40b6-ae69-d239264d37c4,2026-04-25T17:12:10.037496-04:00,node-01,orders-api,503,True,normal,market_aware_v1,66.89,51.358,224.093,31.848,0.942,115.756,67.128,2.517
0c602c0c-c412-4826-b751-f824eedd4975,2026-04-25T17:12:10.038014-04:00,node-01,checkout-api,429,True,normal,market_aware_v1,65.445,58.884,235.521,30.864,1.084,109.915,51.248,2.749
557f39bb-eeab-440f-9c67-f9ec5bfb9193,2026-04-25T17:12:10.038520-04:00,node-01,payments-api,500,True,normal,market_aware_v1,65.006,56.461,238.418,27.318,1.043,116.133,39.87,2.86
c7c1f47d-4cc4-41b0-a688-0ab74758fba8,2026-04-25T17:12:10.039030-04:00,node-01,orders-api,429,True,normal,market_aware_v1,70.663,55.51,220.858,31.248,0.873,105.886,80.286,2.419
a9cc4af0-b390-465e-bebc-6079b4dc7d98,2026-04-25T17:12:10.039557-04:00,node-01,checkout-api,502,True,normal,market_aware_v1,65.998,56.021,218.254,31.243,1.1,108.135,54.742,2.879
a980a35d-246d-459c-8d74-59b316a21db8,2026-04-25T17:12:10.040044-04:00,node-01,payments-api,429,True,normal,market_aware_v1,64.424,58.625,242.402,28.843,1.064,110.993,43.758,2.811
a8dcecd7-55e3-4f37-8d7c-f87b128962ce,2026-04-25T17:12:10.040517-04:00,node-01,orders-api,502,True,normal,market_aware_v1,70.38,52.939,208.734,32.77,0.874,107.653,79.283,2.408
63598b8f-6bf5-4463-8452-6cecf10fa6c2,2026-04-25T17:12:10.041018-04:00,node-01,checkout-api,502,True,normal,market_aware_v1,70.662,55.513,235.927,28.535,1.102,114.236,54.574,2.882
b85f1785-d15f-420d-83a5-06d474ad0252,2026-04-25T17:12:10.041659-04:00,node-01,payments-api,503,True,normal,market_aware_v1,63.551,60.655,245.896,27.897,1.071,115.603,45.699,2.879
09b676f2-cb56-47b7-9530-7e452ad3e5bd,2026-04-25T17:12:10.042144-04:00,node-01,orders-api,429,True,normal,market_aware_v1,73.397,55.816,216.772,34.216,0.916,108.08,80.111,2.387
c6973764-6cb7-440b-a2e4-edc18af5db77,2026-04-25T17:12:10.042641-04:00,node-01,checkout-api,502,True,normal,market_aware_v1,66.736,59.244,252.817,30.617,1.168,119.269,49.987,3.025
79308474-0479-417c-85c6-58fcc3cb7046,2026-04-25T17:12:10.043144-04:00,node-01,payments-api,429,True,normal,market_aware_v1,68.135,59.81,249.393,26.703,1.058,116.597,40.742,2.91
3684990b-d712-4649-8357-93a997fafe9e,2026-04-25T17:12:10.043745-04:00,node-01,orders-api,429,True,normal,market_aware_v1,72.841,57.094,209.222,31.683,0.829,103.844,84.435,2.281
527c4ea0-5762-445a-9b23-8c64dde34d90,2026-04-25T17:12:10.044255-04:00,node-01,checkout-api,502,True,normal,market_aware_v1,71.296,57.101,241.841,30.422,1.169,116.597,52.208,3.035
217240af-8720-453e-b17e-1de70bbb2486,2026-04-25T17:12:10.044770-04:00,node-01,payments-api,502,True,normal,market_aware_v1,67.405,60.195,237.944,28.03,1.024,112.023,48.204,2.758
0ba4170b-d052-4a94-b025-4fbf4a3bf27b,2026-04-25T17:12:10.045270-04:00,node-01,orders-api,503,True,normal,market_aware_v1,71.86,51.19,221.166,30.841,0.911,111.957,69.822,2.536
7b109eb0-68f0-49b1-89ef-df99fe3ffc16,2026-04-25T17:12:10.046744-04:00,node-01,checkout-api,500,True,normal,market_aware_v1,68.539,57.074,239.997,28.858,1.223,114.909,58.595,2.872
cf9907bd-7e6a-4c15-9adc-563eb1e2c30b,2026-04-25T17:12:10.047338-04:00,node-01,payments-api,503,True,normal,market_aware_v1,67.125,57.658,222.59,26.551,0.984,108.055,41.039,2.576
81f13c28-df40-4369-8be6-c59bad6381a8,2026-04-25T17:12:10.047824-04:00,node-01,orders-api,500,True,normal,market_aware_v1,70.605,50.507,200.095,31.691,0.96,106.893,79.387,2.417
46a0260e-f419-42b6-8933-a8eefab14b15,2026-04-25T17:12:10.048266-04:00,node-01,checkout-api,502,True,normal,market_aware_v1,67.426,54.952,245.422,30.463,1.076,112.196,43.832,2.793
249dc78e-48ab-4929-8be5-82c60b8ef1e9,2026-04-25T17:12:10.048897-04:00,node-01,payments-api,429,True,anomalous,market_aware_v1,65.143,57.688,247.054,28.793,1.346,115.508,33.206,3.285
c6bbcbde-721f-42bc-8bc6-6df43d65d38f,2026-04-25T17:12:10.049366-04:00,node-01,orders-api,502,True,anomalous,market_aware_v1,67.313,52.682,220.129,31.826,1.321,117.518,66.418,3.216
9e85d18f-3a29-405e-83bb-303ffe3c792f,2026-04-25T17:12:10.049880-04:00,node-01,checkout-api,429,True,normal,market_aware_v1,60.444,58.216,226.339,27.786,1.023,108.043,44.322,2.833
5fd985ab-524d-40a6-a857-c70282605084,2026-04-25T17:12:10.050618-04:00,node-01,payments-api,502,True,normal,market_aware_v1,59.755,56.304,244.456,24.497,0.987,111.552,28.366,2.771
219a665b-be93-4f82-acdc-845dfb45c455,2026-04-25T17:12:10.051113-04:00,node-01,orders-api,502,True,anomalous,market_aware_v1,65.661,50.31,234.856,29.775,1.264,118.324,63.54,3.135
52f92d46-29a9-4e2d-8296-8b719c88a232,2026-04-25T17:12:10.051605-04:00,node-01,checkout-api,502,True,normal,market_aware_v1,63.075,54.79,234.922,30.909,1.083,111.684,44.973,2.9
503afe9b-8d62-424f-9001-dd83c13f458a,2026-04-25T17:12:10.052095-04:00,node-01,payments-api,503,True,normal,market_aware_v1,54.827,56.41,238.477,25.485,1.034,118.452,29.039,2.882
6c9d1f9b-a9c1-46cf-aeb7-775a0e7a4ba4,2026-04-25T17:12:10.052581-04:00,node-01,orders-api,429,True,anomalous,market_aware_v1,69.489,50.615,237.849,31.434,1.492,121.434,62.141,3.663
21dc0039-fba1-4445-aeed-d389333a402d,2026-04-25T17:12:10.053022-04:00,node-01,checkout-api,502,True,anomalous,market_aware_v1,63.893,52.593,244.713,28.45,1.54,120.055,36.065,3.469
29ff027f-8e44-4a22-af83-2c57f4ba385b,2026-04-25T17:12:10.053460-04:00,node-01,payments-api,502,True,normal,market_aware_v1,53.92,55.634,233.466,25.292,0.975,106.518,30.658,2.598
a2268b93-5fb3-4df6-8d2b-9fea390863f8,2026-04-25T17:12:10.053907-04:00,node-01,orders-api,429,True,normal,market_aware_v1,60.949,49.17,194.959,30.098,0.862,103.263,70.238,2.348
c167e990-640e-4cec-b814-202096b870c6,2026-04-25T17:12:10.054334-04:00,node-01,checkout-api,429,True,normal,market_aware_v1,60.782,52.26,219.511,29.677,1.049,104.419,42.278,2.734
bb09e0d1-d97a-4894-b942-fe00bb397216,2026-04-25T17:12:10.054788-04:00,node-01,payments-api,502,True,anomalous,market_aware_v1,59.615,53.623,253.604,24.12,1.177,123.857,24.053,3.116
8d591660-4c33-494e-8b31-beb01fa39264,2026-04-25T17:12:10.055224-04:00,node-01,orders-api,503,True,normal,market_aware_v1,62.537,49.453,215.856,30.125,1.071,110.957,66.448,2.931
fd731edc-4acf-438d-aaec-bfaaf0873bc0,2026-04-25T17:12:10.055669-04:00,node-01,checkout-api,500,True,normal,market_aware_v1,58.699,52.185,236.563,26.898,1.099,113.661,40.438,3.024
9138d905-84ec-465e-8435-50ad3c866b2a,2026-04-25T17:12:10.056089-04:00,node-01,payments-api,500,True,normal,market_aware_v1,58.401,50.942,233.415,23.191,0.968,108.105,30.001,2.665
fb6d8717-d795-43fa-9256-fd3222529369,2026-04-25T17:12:10.056493-04:00,node-01,orders-api,429,True,normal,market_aware_v1,62.525,49.223,232.543,29.858,1.027,118.86,62.494,2.767
4f6ec468-f120-4db3-abce-7219d04c3fd0,2026-04-25T17:12:10.056909-04:00,node-01,checkout-api,502,True,normal,market_aware_v1,64.99,51.391,228.015,26.419,0.976,104.166,52.967,2.449
b6d20dd6-f6f2-4998-af0e-9a5175375b59,2026-04-25T17:12:10.057352-04:00,node-01,payments-api,503,True,anomalous,market_aware_v1,63.44,60.116,265.671,28.615,1.412,132.664,17.65,3.87
06e5c842-8654-4fe6-b1a2-3580f8ee16e7,2026-04-25T17:12:10.057812-04:00,node-01,orders-api,500,True,normal,market_aware_v1,67.553,49.284,211.796,29.36,0.813,106.307,73.81,2.372
517a5495-42e7-4871-ae45-3c4a1bb4218d,2026-04-25T17:12:10.058241-04:00,node-01,checkout-api,502,True,normal,market_aware_v1,64.58,56.07,223.366,28.712,1.094,111.355,49.771,2.806
35116ae0-276b-4b17-b722-9c0968652320,2026-04-25T17:12:10.058665-04:00,node-01,payments-api,502,True,normal,market_aware_v1,64.661,56.849,248.588,26.688,1.125,116.487,30.921,3.013
1b4cd8b8-38aa-46b9-abac-2c941ef5c013,2026-04-25T17:12:10.059114-04:00,node-01,orders-api,503,True,normal,market_aware_v1,65.137,51.469,228.368,28.193,0.988,114.127,64.246,2.692
995f9ee8-cfe5-461a-9585-74cb47294089,2026-04-25T17:12:10.059541-04:00,node-01,checkout-api,429,True,normal,market_aware_v1,63.873,53.704,228.942,28.252,1.119,108.477,48.003,2.781
7dc99951-4554-4e19-85b0-faee1c64bb50,2026-04-25T17:12:10.059949-04:00,node-01,payments-api,429,True,normal,market_aware_v1,61.931,60.308,252.688,25.605,1.128,117.725,37.016,2.944
b389b835-7c70-4c42-92a5-8573a6e69c0b,2026-04-25T17:12:10.060385-04:00,node-01,orders-api,502,True,normal,market_aware_v1,65.984,54.057,207.002,32.165,0.797,104.367,73.416,2.424
0a429910-c992-43b7-be1d-5a6947b5e40c,2026-04-25T17:12:10.060821-04:00,node-01,checkout-api,429,True,normal,market_aware_v1,70.708,56.615,244.197,29.172,1.142,116.008,49.231,2.993
a7be7703-212b-47c8-8b06-3bf8299aa283,2026-04-25T17:12:10.061243-04:00,node-01,payments-api,503,True,normal,market_aware_v1,61.724,59.01,235.573,25.341,1.104,114.686,43.177,2.853
02fae524-1b17-46b3-8053-b22cb7780e19,2026-04-25T17:12:10.061727-04:00,node-01,orders-api,502,True,normal,market_aware_v1,70.546,53.014,210.948,32.152,0.879,109.322,76.904,2.432
cd30e21a-b1e4-4c6b-aee5-4368b8938108,2026-04-25T17:12:10.062184-04:00,node-01,checkout-api,503,True,normal,market_aware_v1,64.269,57.726,234.027,31.599,1.218,112.52,55.512,2.907
539f7de5-9f53-4e8d-8da1-1ed502918622,2026-04-25T17:12:10.062800-04:00,node-01,payments-api,502,True,normal,market_aware_v1,62.839,60.531,238.76,27.231,1.098,114.782,41.062,2.943
3639d0f0-be6b-4991-8333-f1c5e8f4c77f,2026-04-25T17:12:10.063296-04:00,node-01,orders-api,429,True,normal,market_aware_v1,71.841,52.035,216.399,30.315,1.054,114.547,72.426,2.75
a91aae26-d49a-4b29-bc3a-35fa4673789b,2026-04-25T17:12:10.063759-04:00,node-01,checkout-api,503,True,normal,market_aware_v1,69.6,54.718,228.272,29.945,1.126,114.22,51.543,2.97
331bf213-e960-45df-bd46-a078508ca844,2026-04-25T17:12:10.064220-04:00,node-01,payments-api,429,True,normal,market_aware_v1,60.635,56.911,233.207,25.043,0.889,109.582,40.295,2.582
fa387cf4-00bd-4072-90b5-d8aac5556187,2026-04-25T17:12:10.064887-04:00,node-01,orders-api,429,True,normal,market_aware_v1,69.225,52.302,223.968,33.801,1.002,114.486,69.341,2.682
9b336d99-22e9-47de-9106-47d3512edec0,2026-04-25T17:12:10.065937-04:00,node-01,checkout-api,500,True,normal,market_aware_v1,63.855,57.26,252.896,29.712,1.136,115.905,47.006,2.898
562fb1d7-cee3-47fe-91f9-48faf2cd0c0c,2026-04-25T17:12:10.066418-04:00,node-01,payments-api,429,True,normal,market_aware_v1,65.016,57.378,235.614,24.121,1.057,113.387,36.16,2.681
e0aa29bf-da11-4310-b248-59e0f7cb04b7,2026-04-25T17:12:10.066882-04:00,node-01,orders-api,503,True,normal,market_aware_v1,70.105,53.047,219.992,31.726,0.932,116.021,75.257,2.649
e0b1844a-1527-45d2-84f9-ec0230e75fa4,2026-04-25T17:12:10.067367-04:00,node-01,checkout-api,429,True,normal,market_aware_v1,65.633,57.167,235.916,28.697,1.153,113.487,53.89,2.912
314fef83-ec56-408c-902c-769229768204,2026-04-25T17:12:10.067816-04:00,node-01,payments-api,500,True,normal,market_aware_v1,60.257,57.685,234.267,25.544,0.992,111.271,35.418,2.736
f5cf156c-a103-4ea1-8108-ffad7e315259,2026-04-25T17:12:10.068266-04:00,node-01,orders-api,503,True,normal,market_aware_v1,64.837,53.205,211.791,31.613,0.842,103.389,69.457,2.301
a5f7ef23-6be2-4b86-a67d-bd32c8ddafdc,2026-04-25T17:12:10.068694-04:00,node-01,checkout-api,500,True,anomalous,market_aware_v1,68.849,54.276,253.639,30.606,1.552,125.845,34.251,3.619
9a77edfc-0b27-4767-825e-403c67f69cd2,2026-04-25T17:12:10.069164-04:00,node-01,payments-api,429,True,anomalous,market_aware_v1,62.502,53.25,249.654,25.964,1.179,121.864,34.343,3.142
92774b82-81f4-44bb-96a9-2ef2048f0262,2026-04-25T17:12:10.069635-04:00,node-01,orders-api,429,True,normal,market_aware_v1,66.976,50.075,223.104,30.182,0.85,106.149,68.872,2.355
fb4d9741-0225-4ac4-b5c9-af081e697dc8,2026-04-25T17:12:10.070090-04:00,node-01,checkout-api,502,True,normal,market_aware_v1,64.166,53.602,219.717,26.793,0.983,106.253,44.427,2.592
c2793407-6a71-4f24-bd8f-437f61e989c6,2026-04-25T17:12:10.070593-04:00,node-01,payments-api,503,True,normal,market_aware_v1,61.097,53.358,230.323,24.383,1.101,116.567,29.753,2.967
7a41e294-f182-4f55-b7b8-d456c385159c,2026-04-25T17:12:10.071047-04:00,node-01,orders-api,502,True,normal,market_aware_v1,65.496,47.966,220.641,29.555,1.004,109.557,73.309,2.665
e6a21949-6a65-443b-b46b-92b8a11ce0a9,2026-04-25T17:12:10.071796-04:00,node-01,checkout-api,502,True,normal,market_aware_v1,63.352,53.073,243.535,26.26,1.177,112.307,42.42,2.937
ce94203a-c565-49ba-8c30-944e08e068df,2026-04-25T17:12:10.072281-04:00,node-01,payments-api,502,True,normal,market_aware_v1,57.021,54.94,246.295,24.968,1.083,116.651,29.666,2.851
8c58ec06-0a3d-4f2a-9eb0-be0f78d63b6c,2026-04-25T17:12:10.072763-04:00,node-01,orders-api,503,True,normal,market_aware_v1,68.72,49.884,205.915,30.046,0.947,106.541,73.121,2.448
655ff009-89aa-43f8-9e49-0a1742df33a5,2026-04-25T17:12:10.073242-04:00,node-01,checkout-api,429,True,normal,market_aware_v1,58.817,54.775,225.684,28.538,1.004,106.294,53.946,2.559
dfdb57b1-269a-42f6-9d55-5eda86b4ded3,2026-04-25T17:12:10.073725-04:00,node-01,payments-api,500,True,normal,market_aware_v1,56.671,54.039,232.706,24.709,0.968,110.148,38.784,2.622
aeead152-d0c0-4064-b4ea-1d3009f12e79,2026-04-25T17:12:10.074195-04:00,node-01,orders-api,500,True,normal,market_aware_v1,70.432,49.533,214.407,31.047,0.902,108.52,70.49,2.408
b23e7571-4cc1-4d5e-afe6-7eb40c16fa1d,2026-04-25T17:12:10.074670-04:00,node-01,checkout-api,503,True,normal,market_aware_v1,68.916,56.429,230.995,29.377,1.012,109.524,45.682,2.703
82f46e8a-6eba-46b6-822b-c209be27a3a8,2026-04-25T17:12:10.075118-04:00,node-01,payments-api,502,True,normal,market_aware_v1,61.038,54.984,227.609,24.917,0.894,106.282,41.796,2.53
6b739741-2d5f-44d4-a2bd-7e1443bcf793,2026-04-25T17:12:10.075559-04:00,node-01,orders-api,502,True,normal,market_aware_v1,63.813,52.952,212.639,30.982,0.821,108.438,73.492,2.2
d76593e1-558f-411b-8439-57f867028ef0,2026-04-25T17:12:10.076020-04:00,node-01,checkout-api,500,True,anomalous,market_aware_v1,72.137,61.605,266.975,29.92,1.595,124.546,43.672,3.895
9ed81485-9f3d-4d89-9215-79da1283af60,2026-04-25T17:12:10.076405-04:00,node-01,payments-api,500,True,normal,market_aware_v1,67.277,60.477,241.681,25.398,0.983,109.631,39.774,2.666
f7eb642e-7f18-4862-8863-6caa03cb073b,2026-04-25T17:12:10.076937-04:00,node-01,orders-api,429,True,normal,market_aware_v1,71.324,53.723,227.142,31.378,0.928,111.634,77.776,2.61
30da403f-bbfa-4f0a-a26d-71043d4098a0,2026-04-25T17:12:10.077473-04:00,node-01,checkout-api,503,True,normal,market_aware_v1,70.611,60.174,232.178,30.404,1.173,116.234,50.11,2.974
ce141edc-6726-4f02-a434-1fdafa72bf5e,2026-04-25T17:12:10.077977-04:00,node-01,payments-api,500,True,normal,market_aware_v1,65.223,56.392,249.185,28.844,1.059,117.104,38.639,2.905
94907929-d490-4419-90a6-7a1066bb579e,2026-04-25T17:12:10.078481-04:00,node-01,orders-api,429,True,anomalous,market_aware_v1,77.615,58.684,241.156,33.837,1.328,119.375,66.044,3.315
0fbdf3bb-45aa-40f6-98f0-ff48e9d8d1d4,2026-04-25T17:12:10.078988-04:00,node-01,checkout-api,503,True,normal,market_aware_v1,68.45,59.426,242.77,30.58,1.054,118.317,49.768,2.989
f36e301c-ed25-432d-8164-761e765a7bfa,2026-04-25T17:12:10.079487-04:00,node-01,payments-api,429,True,anomalous,market_aware_v1,65.113,59.098,251.858,25.582,1.159,123.124,43.445,3.033
0b639683-5338-4411-9eb0-3c6765bef3e5,2026-04-25T17:12:10.079957-04:00,node-01,orders-api,500,True,normal,market_aware_v1,72.286,58.164,210.251,33.117,0.77,105.829,86.112,2.264
0433173b-d357-45c9-8130-c4ac308fe46e,2026-04-25T17:12:10.080413-04:00,node-01,checkout-api,429,True,normal,market_aware_v1,75.74,55.115,233.756,30.04,1.031,108.034,63.241,2.618
909721f1-84fa-43c8-9764-c33be77b4658,2026-04-25T17:12:10.080895-04:00,node-01,payments-api,429,True,normal,market_aware_v1,71.166,61.727,249.823,27.396,1.063,119.437,34.923,2.895
72dcd9da-4c7e-46b7-b625-723bdf489537,2026-04-25T17:12:10.081401-04:00,node-01,orders-api,429,True,anomalous,market_aware_v1,71.27,55.388,236.211,34.925,1.072,120.347,66.69,2.786
6532a5fe-11e2-482a-bf0c-ac846c70aa29,2026-04-25T17:12:10.081884-04:00,node-01,checkout-api,500,True,normal,market_aware_v1,73.423,57.474,244.017,29.507,1.185,119.778,53.032,3.014
1cc61a5a-5315-4275-ad90-b74e6b7dae90,2026-04-25T17:12:10.082347-04:00,node-01,payments-api,503,True,anomalous,market_aware_v1,64.763,60.627,255.172,27.376,1.256,125.415,38.616,3.162
2e426d78-14dc-40a6-83b2-7fa695dabd66,2026-04-25T17:12:10.082798-04:00,node-01,orders-api,500,True,normal,market_aware_v1,73.285,56.666,219.613,31.742,0.988,119.023,75.939,2.713
86331906-51cf-4e90-b49b-d5b003b0908e,2026-04-25T17:12:10.083227-04:00,node-01,checkout-api,503,True,normal,market_aware_v1,65.778,59.904,216.732,29.052,1.002,107.145,59.909,2.579
d1ec96e1-fffa-4f28-bd24-6d0b7b3dc9f3,2026-04-25T17:12:10.083669-04:00,node-01,payments-api,503,True,normal,market_aware_v1,63.653,59.515,227.224,27.83,0.955,108.714,45.358,2.634
96e469e2-9cfb-4f5b-893c-9e4341bd8672,2026-04-25T17:12:10.084125-04:00,node-01,orders-api,502,True,normal,market_aware_v1,68.878,51.923,207.617,32.511,0.862,108.322,77.587,2.494
98456a80-4f45-41c2-a477-ecd3ccb68953,2026-04-25T17:12:10.084558-04:00,node-01,checkout-api,500,True,normal,market_aware_v1,67.907,56.37,230.502,33.163,1.167,110.545,54.436,3.029
6fb7b714-b40c-4409-8b24-d20a92bd6391,2026-04-25T17:12:10.085025-04:00,node-01,payments-api,502,True,normal,market_aware_v1,64.152,56.904,254.135,26.787,1.056,114.586,36.287,2.747
609e6349-c159-4e8b-bfaa-d14d10d4827a,2026-04-25T17:12:10.085557-04:00,node-01,orders-api,429,True,normal,market_aware_v1,64.895,53.842,226.41,31.654,0.964,116.722,64.125,2.811
488bedbc-fc80-4acc-bc0e-013a26502f0c,2026-04-25T17:12:10.086034-04:00,node-01,checkout-api,500,True,normal,market_aware_v1,62.578,56.949,222.153,29.141,1.182,112.498,49.427,2.87
1df225c2-675e-49ee-82ee-1d431a5e23b4,2026-04-25T17:12:10.086503-04:00,node-01,payments-api,502,True,normal,market_aware_v1,57.896,56.162,246.645,25.162,1.028,116.311,39.257,2.846
1b961e10-6433-4b48-9d8d-5d9d9a308dbd,2026-04-25T17:12:10.086923-04:00,node-01,orders-api,503,True,normal,market_aware_v1,64.215,48.948,220.092,29.717,0.979,114.4,68.491,2.579
b2af3b11-734f-4ede-a7d5-ded8547083da,2026-04-25T17:12:10.087365-04:00,node-01,checkout-api,500,True,normal,market_aware_v1,66.716,53.858,229.352,27.371,1.084,109.408,44.484,2.805
ff80661a-059a-4e4c-94e4-6978eb856d04,2026-04-25T17:12:10.087808-04:00,node-01,payments-api,429,True,normal,market_aware_v1,60.859,54.437,248.873,23.744,1.035,113.457,34.129,2.775
0c84c8ef-02d6-4422-a6a0-3f98209e65f3,2026-04-25T17:12:10.088306-04:00,node-01,orders-api,503,True,normal,market_aware_v1,61.729,48.908,202.218,30.106,1.01,110.941,68.435,2.713
9e21e7c4-784b-47f1-a760-ccbc15d3ea74,2026-04-25T17:12:10.088799-04:00,node-01,checkout-api,503,True,anomalous,market_aware_v1,58.104,51.476,243.279,27.822,1.192,116.637,37.477,3.262
154a1d6c-f494-452e-a5ad-59f9aab812ca,2026-04-25T17:12:10.089275-04:00,node-01,payments-api,429,True,anomalous,market_aware_v1,61.653,52.504,269.197,23.323,1.189,122.361,24.396,3.099
b9e1598e-0381-4673-8e6c-6155427ad4b8,2026-04-25T17:12:10.089756-04:00,node-01,orders-api,429,True,normal,market_aware_v1,64.176,48.104,229.531,29.903,1.042,117.838,65.291,2.814
181a34f4-8ee2-40b0-9be0-2678c922e777,2026-04-25T17:12:10.090237-04:00,node-01,checkout-api,503,True,normal,market_aware_v1,58.946,53.343,224.448,25.157,1.128,108.856,44.659,2.852
f3d707fd-97f2-491a-bce2-d3dfe96fcc21,2026-04-25T17:12:10.090718-04:00,node-01,payments-api,500,True,anomalous,market_aware_v1,59.535,56.424,250.516,23.249,1.123,121.206,31.537,3.086
d195db6a-b9ff-48c5-942c-45ee2599e93f,2026-04-25T17:12:10.091173-04:00,node-01,orders-api,502,True,normal,market_aware_v1,61.258,50.102,222.16,29.961,0.938,110.119,63.381,2.533
67d47e66-9247-421d-b640-700c6f9fa227,2026-04-25T17:12:10.091636-04:00,node-01,checkout-api,503,True,normal,market_aware_v1,65.087,53.126,227.076,26.248,1.101,107.601,44.537,2.844
74fc72a4-8edd-4b5b-892f-44678241cda2,2026-04-25T17:12:10.092115-04:00,node-01,payments-api,502,True,anomalous,market_aware_v1,64.904,54.149,259.368,26.083,1.486,122.363,22.741,3.512
ce41d012-9fb8-4481-b963-e24a0acd4b63,2026-04-25T17:12:10.092610-04:00,node-01,orders-api,429,True,anomalous,market_aware_v1,68.442,50.458,228.363,30.627,1.184,114.368,59.525,3.048
b2f513c8-54c6-419e-a62b-53ff83286af7,2026-04-25T17:12:10.093072-04:00,node-01,checkout-api,429,True,anomalous,market_aware_v1,63.404,52.451,250.867,28.421,1.212,123.185,39.393,3.17
35a297d3-ced3-4a94-8332-508b1eb8e5ea,2026-04-25T17:12:10.093888-04:00,node-01,payments-api,502,True,normal,market_aware_v1,58.28,54.602,226.403,24.467,0.943,111.227,35.562,2.704
b4e9ed5b-62fa-40b7-a261-654d8f416d28,2026-04-25T17:12:10.094324-04:00,node-01,orders-api,502,True,normal,market_aware_v1,65.892,51.324,227.945,31.536,1.039,115.333,71.402,2.845
aa631724-8709-451e-ac8b-830f589d6d0d,2026-04-25T17:12:10.094859-04:00,node-01,checkout-api,503,True,anomalous,market_aware_v1,64.28,57.632,230.47,29.159,1.404,111.385,44.213,3.231
b0686cc5-332f-4c0f-960c-deacec039c2d,2026-04-25T17:12:10.095328-04:00,node-01,payments-api,503,True,normal,market_aware_v1,61.351,59.343,243.011,27.319,1.04,113.386,34.372,2.781
41edf1ef-8953-4eb5-ad69-e4adc629df68,2026-04-25T17:12:10.095848-04:00,node-01,orders-api,503,True,normal,market_aware_v1,67.997,50.308,216.335,30.862,0.937,109.225,60.172,2.463
fbca302c-40ae-426e-b08c-09ac3676414d,2026-04-25T17:12:10.096796-04:00,node-01,checkout-api,500,True,normal,market_aware_v1,65.829,54.768,236.327,27.756,1.048,113.511,57.53,2.899
b15e3f71-60a7-4ce2-97e3-34210965c838,2026-04-25T17:12:10.097296-04:00,node-01,payments-api,429,True,anomalous,market_aware_v1,65.514,57.807,263.619,26.165,1.104,122.162,27.733,2.929
387bfc94-a6d7-4258-b7b8-78160170da00,2026-04-25T17:12:10.097804-04:00,node-01,orders-api,500,True,normal,market_aware_v1,66.129,52.434,215.836,32.51,0.977,109.95,65.01,2.698
4d08c4e8-38f5-4189-b72a-1e7bf15bc373,2026-04-25T17:12:10.098237-04:00,node-01,checkout-api,429,True,normal,market_aware_v1,64.149,57.379,221.177,26.062,0.947,103.01,55.26,2.561
85e61643-57dd-4eb1-be2c-83306fa9e89e,2026-04-25T17:12:10.098688-04:00,node-01,payments-api,500,True,normal,market_aware_v1,66.092,56.072,250.866,28.274,1.057,115.907,38.352,2.891
0935b365-411d-46ed-8ccb-72ac530c9684,2026-04-25T17:12:10.099179-04:00,node-01,orders-api,502,True,normal,market_aware_v1,71.49,55.324,213.832,32.912,0.97,113.535,73.025,2.599
41693936-d2da-4490-8f18-fcb91e25a510,2026-04-25T17:12:10.099672-04:00,node-01,checkout-api,500,True,normal,market_aware_v1,70.046,60.493,237.401,29.655,1.126,114.112,56.517,2.852
395e331c-73e7-43b5-b648-e5392b77b46e,2026-04-25T17:12:10.100169-04:00,node-01,payments-api,500,True,normal,market_aware_v1,65.894,56.243,247.286,26.061,1.022,116.837,43.273,2.83
6519d12b-484b-4a69-99d7-9c0b43f6a571,2026-04-25T17:12:10.100619-04:00,node-01,orders-api,503,True,anomalous,market_aware_v1,70.957,52.649,231.5,30.29,1.006,120.319,74.895,2.808
d4ff495e-ba19-41c6-9e3c-f8e7ddb3ebfd,2026-04-25T17:12:10.101064-04:00,node-01,checkout-api,503,True,anomalous,market_aware_v1,72.149,60.12,266.428,27.388,1.553,122.744,43.49,3.527
51c815c1-2163-465f-8c29-2977ae3b986f,2026-04-25T17:12:10.102029-04:00,node-01,payments-api,500,True,anomalous,market_aware_v1,67.768,61.409,246.275,28.244,1.124,121.84,39.405,3.035
701eb2f8-9c1f-4259-b068-e6c3935e16f5,2026-04-25T17:12:10.102496-04:00,node-01,orders-api,503,True,normal,market_aware_v1,69.894,55.114,220.39,31.335,0.941,115.907,70.199,2.649
d03ee9c8-ff95-4c11-97f0-02f143494427,2026-04-25T17:12:10.102999-04:00,node-01,checkout-api,429,True,anomalous,market_aware_v1,68.813,55.548,248.413,29.444,1.116,122.594,50.226,3.168
1fd31a22-cd9b-48ce-a33d-15be272a59ae,2026-04-25T17:12:10.103419-04:00,node-01,payments-api,502,True,normal,market_aware_v1,64.375,59.393,251.223,28.144,1.151,119.049,36.393,3.056
5c76a336-9a6f-419d-9f0e-077c0ce1c95a,2026-04-25T17:12:10.103918-04:00,node-01,orders-api,503,True,normal,market_aware_v1,64.577,51.859,195.437,31.99,0.98,104.899,79.354,2.46
9244b964-9116-4b3b-8f64-0107d2b13ad1,2026-04-25T17:12:10.104415-04:00,node-01,checkout-api,429,True,normal,market_aware_v1,64.513,53.428,241.838,27.61,1.101,109.381,46.312,2.745
101622fa-7e1c-47b2-8a63-7884f05fd25f,2026-04-25T17:12:10.104914-04:00,node-01,payments-api,502,True,normal,market_aware_v1,62.751,58.126,238.298,27.512,1.089,112.527,45.276,2.905
12f54ef6-f54c-422f-97dc-51a6e7eff3d6,2026-04-25T17:12:10.105411-04:00,node-01,orders-api,429,True,normal,market_aware_v1,62.488,52.604,212.119,27.97,0.861,107.707,73.323,2.382
53f8f2cb-7816-40fa-95b5-b9217ab53902,2026-04-25T17:12:10.105908-04:00,node-01,checkout-api,429,True,normal,market_aware_v1,62.51,52.881,222.4,29.148,1.031,108.582,48.792,2.734
60a0a045-fbce-4026-bca7-9e9f1b2d43fe,2026-04-25T17:12:10.106365-04:00,node-01,payments-api,500,True,normal,market_aware_v1,62.969,57.491,253.372,25.601,1.125,116.772,29.745,2.985
aa1a5b95-38ab-4a98-88bf-0d38de3d4c55,2026-04-25T17:12:10.106865-04:00,node-01,orders-api,500,True,normal,market_aware_v1,64.782,49.845,221.322,30.144,0.807,110.999,67.293,2.417
6d05f4e9-f2ec-41bb-9bf1-af5026c5e315,2026-04-25T17:12:10.107326-04:00,node-01,checkout-api,503,True,normal,market_aware_v1,65.302,54.834,241.004,29.631,1.083,115.586,47.722,2.955
4abba7fe-0788-446f-8ea9-57c6a47c4daf,2026-04-25T17:12:10.107794-04:00,node-01,payments-api,500,True,normal,market_aware_v1,57.489,53.123,248.775,23.621,1.089,119.223,28.485,3.03
4fda509d-8573-4208-aa12-280d422e2ce3,2026-04-25T17:12:10.108255-04:00,node-01,orders-api,429,True,normal,market_aware_v1,66.138,52.034,223.345,30.093,0.967,110.486,69.703,2.563
65dd5ea6-c3a6-40b2-8ce5-a8000c7c7c69,2026-04-25T17:12:10.108718-04:00,node-01,checkout-api,502,True,normal,market_aware_v1,64.572,52.192,233.849,28.487,1.079,117.085,42.811,2.967
b6d63705-39c6-4c67-b392-a254eb70be5f,2026-04-25T17:12:10.109169-04:00,node-01,payments-api,500,True,normal,market_aware_v1,61.252,55.799,230.614,22.662,0.962,107.855,35.835,2.6
00d6511d-ae25-4275-a70c-0126399ae54c,2026-04-25T17:12:10.109785-04:00,node-01,orders-api,500,True,normal,market_aware_v1,65.891,52.872,228.77,28.93,1.035,115.755,71.564,2.822
448ff3e8-5d5e-47f4-bce6-2306e2d6433f,2026-04-25T17:12:10.110213-04:00,node-01,checkout-api,503,True,normal,market_aware_v1,63.782,54.425,236.907,29.032,1.106,112.493,41.795,2.843
2c48f5d6-7f42-4c6e-8e1b-cc582c56718c,2026-04-25T17:12:10.110663-04:00,node-01,payments-api,502,True,anomalous,market_aware_v1,67.083,62.196,265.806,27.4,1.506,121.548,25.881,3.604
5de089e9-99bd-4a8f-95e9-c5757147a64e,2026-04-25T17:12:10.111112-04:00,node-01,orders-api,502,True,normal,market_aware_v1,66.252,51.909,218.043,31.139,0.876,109.367,68.197,2.443
83e6e425-1f11-494d-85d9-8fc895d1d06e,2026-04-25T17:12:10.111579-04:00,node-01,checkout-api,500,True,normal,market_aware_v1,65.574,55.623,232.714,30.252,1.042,111.71,44.408,2.644
1701d5cc-4e86-41d7-a4e2-08520e9913c8,2026-04-25T17:12:10.112048-04:00,node-01,payments-api,429,True,normal,market_aware_v1,63.325,56.64,252.209,25.299,0.978,117.043,32.866,2.842
65c43071-e0f8-4886-87b1-935c022935d2,2026-04-25T17:12:10.112530-04:00,node-01,orders-api,500,True,normal,market_aware_v1,69.278,51.635,216.241,33.268,0.977,114.118,69.566,2.684
1f3764b8-67bd-4890-87a8-49ffa3a1679b,2026-04-25T17:12:10.113218-04:00,node-01,checkout-api,503,True,normal,market_aware_v1,67.85,56.49,240.463,31.244,1.071,114.459,52.677,2.938
c51d3a1c-0706-410c-9d57-f710777fd7b1,2026-04-25T17:12:10.113742-04:00,node-01,payments-api,502,True,normal,market_aware_v1,68.233,59.997,251.083,25.484,1.102,118.094,39.512,3.059
9f52e4da-9100-447d-aad9-54b3a7c1d87f,2026-04-25T17:12:10.114250-04:00,node-01,orders-api,429,True,normal,market_aware_v1,71.836,53.323,226.747,32.584,0.944,112.294,71.626,2.653
ae152c07-c6a2-4f35-a339-47f9e0a85a24,2026-04-25T17:12:10.114742-04:00,node-01,checkout-api,429,True,anomalous,market_aware_v1,71.112,56.54,266.168,29.969,1.316,126.319,46.324,3.496
357e0bbe-7342-4850-832b-d984892f43d7,2026-04-25T17:12:10.115217-04:00,node-01,payments-api,500,True,normal,market_aware_v1,69.603,62.965,250.78,26.417,1.09,118.851,44.118,2.979
97fff11e-557f-4860-930e-9b42c8a40312,2026-04-25T17:12:10.115720-04:00,node-01,orders-api,503,True,anomalous,market_aware_v1,80.627,58.295,240.144,35.248,1.272,118.296,72.478,3.226
edc359ba-a469-46a5-a32e-2e3905639efa,2026-04-25T17:12:10.116184-04:00,node-01,checkout-api,500,True,anomalous,market_aware_v1,77.489,58.636,275.375,34.635,1.703,128.921,51.801,4.047
c86c0b53-2cbc-445e-b008-aeb9aad51466,2026-04-25T17:12:10.116648-04:00,node-01,payments-api,502,True,normal,market_aware_v1,65.991,60.653,245.885,28.254,1.139,116.524,44.7,2.994
3492fd83-9a6d-43c0-8633-2767d0135749,2026-04-25T17:12:10.117726-04:00,node-01,orders-api,429,True,anomalous,market_aware_v1,77.177,56.978,249.134,31.458,1.137,124.788,79.759,3.246
51b80d7b-fc0e-4c51-905c-6c8633ff8cfc,2026-04-25T17:12:10.118190-04:00,node-01,checkout-api,502,True,anomalous,market_aware_v1,66.688,59.851,238.694,33.295,1.183,123.286,47.218,3.021
15bbc1e2-a154-4da3-9703-c899a9b6450a,2026-04-25T17:12:10.118652-04:00,node-01,payments-api,429,True,normal,market_aware_v1,68.6,59.734,251.843,29.448,1.04,118.311,38.993,2.899
7ff7620e-f5ad-4985-a108-e88cf8537702,2026-04-25T17:12:10.119099-04:00,node-01,orders-api,429,True,anomalous,market_aware_v1,73.151,53.521,248.717,32.061,1.127,131.967,68.443,3.101
25849470-539b-4fe8-9077-80a6077ba3bf,2026-04-25T17:12:10.119616-04:00,node-01,checkout-api,503,True,normal,market_aware_v1,75.422,58.026,237.714,28.454,1.069,113.906,56.594,2.891
d282743b-7144-4f56-b5e0-b77ec76fd776,2026-04-25T17:12:10.120110-04:00,node-01,payments-api,429,True,normal,market_aware_v1,64.529,60.173,249.984,27.52,1.076,115.863,43.959,2.862
bd783c70-80f1-4220-9628-cccad15ab4d5,2026-04-25T17:12:10.120801-04:00,node-01,orders-api,429,True,normal,market_aware_v1,73.7,51.374,228.816,31.64,0.996,116.845,81.957,2.656
2ef65706-7c7c-4d97-9363-e58bb00a0336,2026-04-25T17:12:10.122623-04:00,node-01,checkout-api,500,True,normal,market_aware_v1,69.137,60.783,242.143,32.108,1.086,113.574,50.338,3.061
47f90408-9232-42b2-a85a-3cd96f8f3aa9,2026-04-25T17:12:10.124190-04:00,node-01,payments-api,429,True,anomalous,market_aware_v1,70.793,59.566,263.587,26.861,1.124,126.262,37.678,3.122
b51936f1-ac5b-4bcc-ae04-dd06a66f17ed,2026-04-25T17:12:10.124866-04:00,node-01,orders-api,502,True,normal,market_aware_v1,68.75,54.932,225.768,33.95,1.043,118.728,66.793,2.925
939ccff5-cb4b-4bd3-8189-dc5ad46e7302,2026-04-25T17:12:10.125408-04:00,node-01,checkout-api,503,True,normal,market_aware_v1,69.104,56.977,230.713,30.594,1.192,116.381,48.481,2.954
12c1c147-5fb6-46c3-b773-40df227664a9,2026-04-25T17:12:10.125913-04:00,node-01,payments-api,429,True,normal,market_aware_v1,62.813,56.072,255.785,25.966,1.046,116.906,33.749,2.898
0cd19148-ce26-4984-ac0f-b90dd1db6083,2026-04-25T17:12:10.126373-04:00,node-01,orders-api,503,True,normal,market_aware_v1,64.994,50.604,227.287,29.882,0.979,116.077,72.477,2.639
a76d2da1-7b9b-4ada-8c41-67791207d856,2026-04-25T17:12:10.126850-04:00,node-01,checkout-api,502,True,normal,market_aware_v1,65.778,55.178,230.399,26.044,1.05,113.201,39.964,2.785
06989e2d-e3fe-4bc3-ae8a-c32b41d73d7a,2026-04-25T17:12:10.127330-04:00,node-01,payments-api,502,True,normal,market_aware_v1,59.786,57.92,235.903,27.12,1.051,115.09,30.557,2.795
ecad959e-f47f-48f2-8220-6e1d7e43997a,2026-04-25T17:12:10.127789-04:00,node-01,orders-api,502,True,normal,market_aware_v1,67.17,51.603,212.806,28.955,0.884,105.893,70.902,2.387
e6c6e442-9a6a-499f-855d-628405da090f,2026-04-25T17:12:10.128252-04:00,node-01,checkout-api,500,True,normal,market_aware_v1,67.366,55.514,225.3,27.105,1.057,110.895,43.334,2.814
deed6893-cd59-463a-a916-03e493a0a5ec,2026-04-25T17:12:10.128763-04:00,node-01,payments-api,500,True,normal,market_aware_v1,61.385,55.531,255.845,25.24,1.055,118.594,27.444,2.907
e3955129-77c4-4326-979f-18c3fbb534db,2026-04-25T17:12:10.129220-04:00,node-01,orders-api,502,True,normal,market_aware_v1,65.695,49.328,206.436,27.644,0.979,110.962,68.84,2.517
e2bc47e3-e5b6-474a-b95d-6719259eb944,2026-04-25T17:12:10.129668-04:00,node-01,checkout-api,429,True,normal,market_aware_v1,64.131,51.496,234.366,26.273,1.067,116.77,40.494,2.871
20cc3ca9-b8f9-4e2a-9efd-9f9d1ce708ec,2026-04-25T17:12:10.130093-04:00,node-01,payments-api,500,True,normal,market_aware_v1,57.529,53.966,240.797,25.078,1.071,118.872,27.352,3.086
c06f7612-d242-478f-82eb-e9cb7ff7016f,2026-04-25T17:12:10.130555-04:00,node-01,orders-api,500,True,normal,market_aware_v1,63.468,50.742,213.085,30.667,0.835,104.932,64.706,2.356
1e52d730-6f70-4ad2-a970-1afc73b2a984,2026-04-25T17:12:10.131007-04:00,node-01,checkout-api,502,True,normal,market_aware_v1,62.02,49.516,242.819,26.778,1.172,114.658,39.75,3.082
c45797d8-fa41-4343-b0c1-0ecd07211eb2,2026-04-25T17:12:10.131419-04:00,node-01,payments-api,502,True,normal,market_aware_v1,57.238,54.738,231.081,26.164,0.966,109.531,31.079,2.595
8fdacf85-cdbc-4c64-86b4-6d6660ac5223,2026-04-25T17:12:10.131872-04:00,node-01,orders-api,500,True,anomalous,market_aware_v1,64.336,49.492,241.304,30.814,1.282,119.669,49.824,3.214
7afec2a5-f872-4175-867c-c69047ea3140,2026-04-25T17:12:10.132307-04:00,node-01,checkout-api,503,True,normal,market_aware_v1,56.18,54.547,219.998,26.892,0.989,105.654,49.395,2.678
48e8d415-63b3-4712-bef4-b76679e0c715,2026-04-25T17:12:10.132786-04:00,node-01,payments-api,429,True,normal,market_aware_v1,60.337,54.336,232.295,25.458,0.931,113.102,34.053,2.721
39619e8b-18bf-4653-ab09-5547e800bdde,2026-04-25T17:12:10.133215-04:00,node-01,orders-api,500,True,normal,market_aware_v1,65.743,49.517,230.525,29.062,1.13,117.679,64.059,2.719
b6335b55-a767-4f37-8629-8e713070819f,2026-04-25T17:12:10.133664-04:00,node-01,checkout-api,500,True,normal,market_aware_v1,59.837,54.212,233.918,27.426,1.083,113.261,43.553,2.763
8f37779c-0a15-40e0-a7e1-84f2def76561,2026-04-25T17:12:10.134104-04:00,node-01,payments-api,503,True,normal,market_aware_v1,59.993,55.854,235.947,24.903,1.096,111.399,29.546,2.885
a89e9c91-d404-4951-b462-c0b12d167d90,2026-04-25T17:12:10.134553-04:00,node-01,orders-api,503,True,normal,market_aware_v1,61.241,53.195,209.686,30.167,0.969,108.35,65.768,2.657
2ed546c4-2501-4847-b117-9cb09ec36dbf,2026-04-25T17:12:10.135013-04:00,node-01,checkout-api,429,True,normal,market_aware_v1,65.029,54.354,240.823,26.34,1.14,116.496,38.395,2.959
4e2cbe92-b368-4cad-800f-aa7ec78ed954,2026-04-25T17:12:10.135458-04:00,node-01,payments-api,500,True,normal,market_aware_v1,60.179,57.127,243.394,26.634,1.116,113.861,25.904,2.916
f32d27ed-2d54-498e-b86f-a49df1a76dbf,2026-04-25T17:12:10.135895-04:00,node-01,orders-api,429,True,normal,market_aware_v1,67.945,50.331,221.615,28.655,1.024,117.369,70.849,2.814
148433ce-310f-48ad-b49f-115246a55cb6,2026-04-25T17:12:10.136347-04:00,node-01,checkout-api,503,True,normal,market_aware_v1,62.804,55.226,224.157,29.544,1.0,114.113,54.0,2.844
2f39fc60-7e8c-4039-a64c-db868fb201d5,2026-04-25T17:12:10.136786-04:00,node-01,payments-api,429,True,anomalous,market_aware_v1,64.54,60.161,257.881,28.317,1.462,120.17,28.015,3.484
3856ea92-22a5-408a-8a4c-e0ab6eb796e8,2026-04-25T17:12:10.137303-04:00,node-01,orders-api,502,True,anomalous,market_aware_v1,69.877,53.628,228.304,34.514,1.137,120.798,71.615,2.994
a1529397-f7f6-4b56-984e-d951034933f7,2026-04-25T17:12:10.137895-04:00,node-01,checkout-api,503,True,normal,market_aware_v1,65.293,55.637,227.39,28.702,1.154,112.546,54.043,2.872
71532c73-c908-4a9e-b42e-3ec47c335c7d,2026-04-25T17:12:10.138389-04:00,node-01,payments-api,429,True,anomalous,market_aware_v1,62.484,59.338,256.374,29.482,1.16,123.668,31.112,3.127
63344657-3bbb-41de-a458-e0c5fba2c8d5,2026-04-25T17:12:10.138818-04:00,node-01,orders-api,502,True,normal,market_aware_v1,74.312,53.421,230.668,31.66,1.027,114.626,71.733,2.718
302756f2-7ae9-489d-a73b-8538718e17b0,2026-04-25T17:12:10.139306-04:00,node-01,checkout-api,502,True,normal,market_aware_v1,69.176,58.138,238.134,30.13,1.091,118.337,51.574,2.98
22df950e-fb41-404b-b005-df111de5cf15,2026-04-25T17:12:10.139803-04:00,node-01,payments-api,429,True,anomalous,market_aware_v1,65.492,60.87,250.012,26.608,1.076,120.866,34.762,3.061
ad3ebe6a-0a01-4620-903f-4114eff2ce2a,2026-04-25T17:12:10.140332-04:00,node-01,orders-api,502,True,anomalous,market_aware_v1,71.468,53.755,241.183,30.758,0.998,121.778,70.072,2.821
e0a7d27d-9228-4dd3-b708-9fd74ce88233,2026-04-25T17:12:10.140833-04:00,node-01,checkout-api,502,True,anomalous,market_aware_v1,75.178,61.142,269.87,31.143,1.562,120.778,48.366,3.59
6c87f042-66cd-49d1-bf64-4e713e53e7e4,2026-04-25T17:12:10.141309-04:00,node-01,payments-api,500,True,anomalous,market_aware_v1,64.998,60.262,249.043,29.129,1.114,120.552,32.502,3.001
b740cbb0-bd49-46e0-beda-872910aa68a3,2026-04-25T17:12:10.141815-04:00,node-01,orders-api,429,True,normal,market_aware_v1,68.257,52.517,220.164,31.224,0.955,113.248,71.982,2.649
4ec68a0f-5dc1-4a07-8286-7a8d6b1c57f8,2026-04-25T17:12:10.142307-04:00,node-01,checkout-api,502,True,anomalous,market_aware_v1,68.335,56.603,244.011,30.942,1.143,120.815,43.732,2.89
ab112588-e0e8-45f2-b03d-08cc6bd5caaa,2026-04-25T17:12:10.143011-04:00,node-01,payments-api,429,True,normal,market_aware_v1,61.38,57.736,239.757,28.532,1.103,116.049,36.042,2.931
71cfafbb-4d56-45f6-9880-30cff1aa309c,2026-04-25T17:12:10.143510-04:00,node-01,orders-api,429,True,normal,market_aware_v1,67.805,53.518,219.283,31.536,0.902,109.178,71.653,2.673
1dcf97ca-08a2-41d9-b511-7d6f3cd28c73,2026-04-25T17:12:10.144025-04:00,node-01,checkout-api,503,True,anomalous,market_aware_v1,65.639,57.62,243.194,29.806,1.121,120.047,47.651,2.999
b641b637-3787-42a3-a64a-f1794cac3822,2026-04-25T17:12:10.144471-04:00,node-01,payments-api,503,True,normal,market_aware_v1,60.119,58.928,240.489,25.689,1.098,119.384,34.383,2.936
d511d14c-7657-40cc-8df4-31f64d8e1e94,2026-04-25T17:12:10.144898-04:00,node-01,orders-api,502,True,normal,market_aware_v1,67.945,47.919,234.441,30.178,0.903,115.002,66.853,2.549
0101d108-c380-42d1-a873-6d942e02d340,2026-04-25T17:12:10.145405-04:00,node-01,checkout-api,429,True,normal,market_aware_v1,71.16,53.703,236.667,29.918,1.075,113.308,43.945,2.827
0f4f04fd-417b-4a5e-b12a-41bb771c331b,2026-04-25T17:12:10.145870-04:00,node-01,payments-api,500,True,normal,market_aware_v1,62.515,58.634,242.483,26.073,1.033,111.468,34.553,2.753
36a1fb03-7196-4b7a-8ef7-11a7c0b6fb69,2026-04-25T17:12:10.146380-04:00,node-01,orders-api,502,True,normal,market_aware_v1,64.278,50.42,206.04,32.975,0.851,102.856,70.265,2.33
f444fe15-d4e7-4296-8b02-fda3fda886b2,2026-04-25T17:12:10.146806-04:00,node-01,checkout-api,500,True,normal,market_aware_v1,61.251,54.619,243.975,27.316,1.174,119.965,37.783,3.037
440ffd86-d322-410e-ba01-8002c29ebe0c,2026-04-25T17:12:10.147219-04:00,node-01,payments-api,502,True,anomalous,market_aware_v1,61.466,57.134,266.415,22.776,1.188,119.729,35.032,3.3
e540187f-c923-44c7-aeaf-7487f689ad7f,2026-04-25T17:12:10.147657-04:00,node-01,orders-api,502,True,normal,market_aware_v1,65.954,48.652,220.769,29.693,1.023,112.446,66.429,2.73
15ec664a-669b-4b5d-8e39-1b06693163f1,2026-04-25T17:12:10.148112-04:00,node-01,checkout-api,502,True,anomalous,market_aware_v1,68.901,55.507,249.118,31.069,1.522,123.438,40.324,3.628
29b026ea-5eb0-426c-b051-c1fcdb93a154,2026-04-25T17:12:10.148554-04:00,node-01,payments-api,503,True,anomalous,market_aware_v1,61.528,54.549,266.811,25.364,1.103,124.787,24.816,3.154
5f56fdd4-9bd5-4993-91ab-c6a917ee7baf,2026-04-25T17:12:10.149025-04:00,node-01,orders-api,503,True,anomalous,market_aware_v1,72.289,56.587,246.483,32.595,1.383,122.742,57.274,3.349
61ad80b8-0656-4c24-bbe4-db3b722da228,2026-04-25T17:12:10.149533-04:00,node-01,checkout-api,503,True,normal,market_aware_v1,67.468,57.33,233.19,27.696,1.144,116.672,38.824,2.961
135ca9c8-d33c-477a-bc19-435116673a24,2026-04-25T17:12:10.150039-04:00,node-01,payments-api,500,True,normal,market_aware_v1,60.46,54.627,242.616,23.741,1.194,117.246,30.472,2.855
e21dea79-e9e8-4506-8ef6-953185cdefdc,2026-04-25T17:12:10.150536-04:00,node-01,orders-api,500,True,normal,market_aware_v1,65.683,53.011,222.815,30.376,0.95,115.049,65.335,2.558
d45df41b-9e4f-483e-b2cf-62b2aae578c9,2026-04-25T17:12:10.151045-04:00,node-01,checkout-api,502,True,anomalous,market_aware_v1,69.832,58.608,256.724,27.658,1.187,120.349,42.998,3.01
36500e4d-2940-4646-b951-d1515f75d3f5,2026-04-25T17:12:10.151553-04:00,node-01,payments-api,500,True,normal,market_aware_v1,64.512,55.512,248.958,27.844,1.11,114.969,36.189,2.865
5df47173-8e6a-4a3d-b787-3efa2d021d46,2026-04-25T17:12:10.152064-04:00,node-01,orders-api,502,True,anomalous,market_aware_v1,69.832,55.796,242.48,31.513,1.056,122.428,65.432,3.002
6d35564e-ab8b-4fe4-88ce-008340d6dce8,2026-04-25T17:12:10.152563-04:00,node-01,checkout-api,500,True,normal,market_aware_v1,71.399,56.864,250.924,28.404,1.153,118.283,42.706,3.076
64eb6fe8-10c8-4e8c-923f-473cc1fa4168,2026-04-25T17:12:10.153047-04:00,node-01,payments-api,503,True,normal,market_aware_v1,62.538,56.468,252.435,27.336,1.067,119.126,40.22,2.994
07e8f9e4-b7f6-4496-b1c8-1a3c451c2196,2026-04-25T17:12:10.153536-04:00,node-01,orders-api,429,True,normal,market_aware_v1,69.242,53.246,224.83,29.505,0.943,113.094,68.655,2.69
21657457-a08b-4d2c-b017-b51a8d82d826,2026-04-25T17:12:10.154043-04:00,node-01,checkout-api,502,True,anomalous,market_aware_v1,69.675,58.905,250.972,28.693,1.205,120.008,51.933,3.081
ea66caff-bef3-484e-bb59-510d8646486a,2026-04-25T17:12:10.154525-04:00,node-01,payments-api,503,True,normal,market_aware_v1,64.959,56.269,248.271,27.601,1.043,117.842,37.174,2.842
7f6df82d-705e-440c-af88-eb835c48b4b1,2026-04-25T17:12:10.155013-04:00,node-01,orders-api,503,True,anomalous,market_aware_v1,76.041,60.167,252.538,33.148,1.242,119.039,68.992,3.197
c7e9cae8-a620-4b4e-abab-f828ed1c0282,2026-04-25T17:12:10.155507-04:00,node-01,checkout-api,503,True,anomalous,market_aware_v1,71.982,57.997,241.607,30.392,1.107,121.125,47.604,3.059
a6877ddd-87e8-4fea-84bb-f4c4050d7545,2026-04-25T17:12:10.156167-04:00,node-01,payments-api,503,True,anomalous,market_aware_v1,69.367,58.269,258.898,26.438,1.171,120.349,44.638,3.044
5b245ac4-eada-4d5a-8fd3-59318cd71239,2026-04-25T17:12:10.156657-04:00,node-01,orders-api,500,True,normal,market_aware_v1,68.138,53.192,215.924,34.188,0.939,112.01,78.327,2.632
ca0b9856-c0fa-42de-9713-92867501555d,2026-04-25T17:12:10.157110-04:00,node-01,checkout-api,429,True,normal,market_aware_v1,72.898,57.945,231.036,31.69,1.068,112.013,59.164,2.711
ae93a203-6371-4791-a604-722e97d84f0a,2026-04-25T17:12:10.157553-04:00,node-01,payments-api,429,True,normal,market_aware_v1,65.674,61.979,252.455,27.691,1.087,117.619,41.096,2.978
f6710ff0-1649-4c8b-9d1d-c13bf2c7c8b3,2026-04-25T17:12:10.158039-04:00,node-01,orders-api,503,True,anomalous,market_aware_v1,69.749,54.159,230.062,32.996,1.073,120.096,69.372,2.978
c47062db-4ab3-4b57-9d50-9132ea0969f3,2026-04-25T17:12:10.158532-04:00,node-01,checkout-api,429,True,anomalous,market_aware_v1,75.691,61.692,278.006,32.596,1.532,132.331,37.423,3.787
54bb4948-c7b9-49eb-b86d-60eb416c288f,2026-04-25T17:12:10.159197-04:00,node-01,payments-api,502,True,anomalous,market_aware_v1,72.096,60.717,266.183,26.455,1.138,128.034,31.504,3.227
1aab1f34-47f7-42b6-b051-1f77305ffbdf,2026-04-25T17:12:10.159698-04:00,node-01,orders-api,503,True,normal,market_aware_v1,74.109,57.324,227.363,33.375,0.936,116.641,75.355,2.772
af198d9e-15cc-4ea3-8616-df64a62c9ceb,2026-04-25T17:12:10.160175-04:00,node-01,checkout-api,429,True,anomalous,market_aware_v1,71.674,57.963,249.111,28.891,1.248,125.115,42.463,3.115
e2570eeb-2973-473d-9308-d7186a3fa9bc,2026-04-25T17:12:10.160616-04:00,node-01,payments-api,500,True,anomalous,market_aware_v1,66.351,61.255,268.175,30.775,1.062,122.079,37.189,3.021
9d5cf220-3e97-404b-acf2-03f87acab52e,2026-04-25T17:12:10.161249-04:00,node-01,orders-api,429,True,normal,market_aware_v1,75.193,52.785,226.493,30.944,0.937,116.854,67.748,2.553
d272f429-512a-4f6b-a178-e1bc7580840b,2026-04-25T17:12:10.161812-04:00,node-01,checkout-api,429,True,normal,market_aware_v1,67.88,56.577,241.629,29.893,1.123,115.658,52.028,2.982
f85af795-0099-4bd2-b8f0-2b6b1c66c120,2026-04-25T17:12:10.162331-04:00,node-01,payments-api,502,True,anomalous,market_aware_v1,61.906,59.952,258.198,26.119,1.161,124.626,33.492,3.133
c94ab602-5771-4894-b13a-eb4a58ee76f3,2026-04-25T17:12:10.162819-04:00,node-01,orders-api,429,True,normal,market_aware_v1,74.168,52.695,221.086,29.748,0.944,110.148,69.121,2.614
9b5bbff2-63a1-44ca-960b-9888e0f74a47,2026-04-25T17:12:10.163318-04:00,node-01,checkout-api,502,True,anomalous,market_aware_v1,75.188,56.206,249.253,31.563,1.409,119.786,42.959,3.423
c316af79-294d-4d32-91e6-50694e248116,2026-04-25T17:12:10.163834-04:00,node-01,payments-api,429,True,normal,market_aware_v1,59.858,58.033,249.641,24.684,1.018,118.047,34.24,2.914
54f39f6d-faa7-4dec-b4ca-ccdc65820f35,2026-04-25T17:12:10.164338-04:00,node-01,orders-api,503,True,normal,market_aware_v1,66.917,52.222,223.759,28.467,0.952,115.867,63.697,2.686
9399784f-ceb5-4541-a529-a372e261c990,2026-04-25T17:12:10.164813-04:00,node-01,checkout-api,503,True,normal,market_aware_v1,62.928,55.165,233.95,25.877,1.035,112.432,48.76,2.752
41b8eb2f-b660-4150-badb-ab0c38cb2fa3,2026-04-25T17:12:10.165301-04:00,node-01,payments-api,429,True,anomalous,market_aware_v1,61.439,55.736,268.158,25.294,1.27,128.779,28.877,3.595
eb6167b0-07b4-49b7-ade7-577b5583d634,2026-04-25T17:12:10.165793-04:00,node-01,orders-api,502,True,normal,market_aware_v1,66.398,49.895,227.375,29.904,0.943,113.054,60.061,2.639
668ef101-168f-4eff-af97-b9e4d9b97750,2026-04-25T17:12:10.166337-04:00,node-01,checkout-api,429,True,normal,market_aware_v1,61.743,51.91,232.753,28.502,1.053,110.705,39.559,2.677
8456a033-c384-4798-b8b2-ba9a5c20c461,2026-04-25T17:12:10.166837-04:00,node-01,payments-api,503,True,anomalous,market_aware_v1,60.988,56.75,246.231,24.722,1.423,121.893,15.48,3.441
a152fba2-c668-4d6c-86a5-e86602508675,2026-04-25T17:12:10.167321-04:00,node-01,orders-api,500,True,normal,market_aware_v1,64.594,49.974,209.133,28.351,0.888,108.995,63.856,2.359
206fdc9a-f7fd-44b4-8c04-16146461b9f2,2026-04-25T17:12:10.167817-04:00,node-01,checkout-api,500,True,normal,market_aware_v1,63.242,54.772,241.031,28.014,1.173,116.54,38.989,2.952
0ce12af7-858c-49df-8a46-d420b706814f,2026-04-25T17:12:10.168292-04:00,node-01,payments-api,503,True,anomalous,market_aware_v1,58.128,54.282,240.809,23.689,1.042,121.21,18.253,3.023
eec82b6b-79be-4bf3-ad73-c4ad565b67dc,2026-04-25T17:12:10.168809-04:00,node-01,orders-api,429,True,anomalous,market_aware_v1,64.093,48.678,239.473,28.656,1.108,122.286,58.152,2.798
8df1b719-e970-4b02-8d72-5dacb7d9f8c4,2026-04-25T17:12:10.169293-04:00,node-01,checkout-api,500,True,normal,market_aware_v1,61.294,50.647,248.337,27.734,1.175,118.983,34.584,2.989
4437e67d-c66b-452f-ac0e-edb4f93bc794,2026-04-25T17:12:10.169791-04:00,node-01,payments-api,503,True,anomalous,market_aware_v1,56.951,53.84,251.334,24.486,1.111,120.516,23.139,3.115
96aaa234-4a55-4088-9884-323090dbea7c,2026-04-25T17:12:10.170254-04:00,node-01,orders-api,500,True,normal,market_aware_v1,65.254,49.984,228.158,27.715,0.991,118.268,58.817,2.685
39b74850-81b8-4bb3-8f6c-e84f01a3c05c,2026-04-25T17:12:10.170752-04:00,node-01,checkout-api,502,True,normal,market_aware_v1,59.194,54.777,247.839,26.749,1.275,115.875,42.856,3.114
4582c56a-2c52-4a25-95ac-db3cefbd8f1c,2026-04-25T17:12:10.171223-04:00,node-01,payments-api,502,True,anomalous,market_aware_v1,60.885,58.937,259.451,25.339,1.472,122.386,23.842,3.512
73ef46a2-0e96-4c40-834d-3134aaefb367,2026-04-25T17:12:10.171689-04:00,node-01,orders-api,500,True,normal,market_aware_v1,66.433,51.925,229.564,28.321,0.915,109.133,70.29,2.69
9e6ed096-f65d-4d21-92bb-7461a2674c6a,2026-04-25T17:12:10.172137-04:00,node-01,checkout-api,429,True,normal,market_aware_v1,63.364,55.667,219.365,29.787,0.992,104.133,46.761,2.662
93d4fbd9-7a0a-47dd-908d-bac75d1d499c,2026-04-25T17:12:10.172602-04:00,node-01,payments-api,429,True,anomalous,market_aware_v1,62.278,57.283,253.697,27.252,1.214,122.698,31.711,3.065
80e20bb7-9f12-43a4-9373-f7ea61260056,2026-04-25T17:12:10.173094-04:00,node-01,orders-api,502,True,normal,market_aware_v1,72.832,46.891,218.997,31.163,0.87,107.555,72.195,2.511
a0a0acab-8c27-479b-8a07-1e2d1255b03e,2026-04-25T17:12:10.173596-04:00,node-01,checkout-api,502,True,anomalous,market_aware_v1,71.808,57.797,260.812,28.916,1.118,124.783,39.422,3.075
5710c60b-8c64-4fc4-a3fa-045f3e3b41d6,2026-04-25T17:12:10.174081-04:00,node-01,payments-api,429,True,normal,market_aware_v1,61.811,57.27,244.234,27.309,1.006,115.366,39.665,2.793
d3f811c8-338a-40da-973a-f54103ec7297,2026-04-25T17:12:10.174555-04:00,node-01,orders-api,429,True,anomalous,market_aware_v1,72.347,54.677,235.3,30.091,0.98,120.277,70.251,2.713
081605c9-30f1-459d-953b-321775b27e7d,2026-04-25T17:12:10.175027-04:00,node-01,checkout-api,429,True,normal,market_aware_v1,73.007,58.531,235.947,29.939,1.054,109.14,55.934,2.778
43365318-c027-4df5-94a9-4c2215d6d30c,2026-04-25T17:12:10.175506-04:00,node-01,payments-api,500,True,anomalous,market_aware_v1,67.4,63.064,263.174,28.713,1.456,124.906,26.168,3.457
182d2bee-e04e-4c1f-81a2-3af4d05ee849,2026-04-25T17:12:10.176015-04:00,node-01,orders-api,503,True,anomalous,market_aware_v1,73.321,53.805,245.933,30.925,1.407,127.335,65.35,3.583
9d979c8b-4573-4b8e-bbf7-1fdd768182c1,2026-04-25T17:12:10.176526-04:00,node-01,checkout-api,503,True,normal,market_aware_v1,70.919,57.597,252.483,30.489,1.161,118.633,44.666,3.078
7b33c415-c9c1-4d87-abfa-d26e469fa394,2026-04-25T17:12:10.177017-04:00,node-01,payments-api,500,True,anomalous,market_aware_v1,64.017,60.851,255.368,27.598,1.123,123.128,38.86,3.049
e77b782e-fffe-4479-9100-589c98d981d8,2026-04-25T17:12:10.177507-04:00,node-01,orders-api,502,True,normal,market_aware_v1,70.951,53.498,231.636,31.615,0.974,116.083,71.839,2.645
ed6a26a0-a908-412a-a99d-012ff49cdb27,2026-04-25T17:12:10.177980-04:00,node-01,checkout-api,429,True,anomalous,market_aware_v1,71.79,57.783,283.401,28.012,1.575,131.804,46.843,4.056
8f6d94b5-51bb-4ace-96c8-b4da177e1f93,2026-04-25T17:12:10.178485-04:00,node-01,payments-api,502,True,normal,market_aware_v1,62.408,58.58,251.021,25.851,1.066,118.066,38.139,2.991
6570b35b-f856-4174-8971-3b89afd69b71,2026-04-25T17:12:10.178998-04:00,node-01,orders-api,503,True,anomalous,market_aware_v1,70.602,54.445,236.927,33.973,0.972,125.233,70.761,2.936
22a0f72e-8fc3-4bd1-9e9c-8355f881ea96,2026-04-25T17:12:10.179573-04:00,node-01,checkout-api,503,True,anomalous,market_aware_v1,69.241,59.397,246.732,28.325,1.304,120.945,51.373,3.174
ba98bb71-c665-4ecb-8009-5ff29a9dfe33,2026-04-25T17:12:10.180329-04:00,node-01,payments-api,429,True,normal,market_aware_v1,66.914,58.769,251.825,24.675,1.105,116.38,37.906,2.926
bf56b9d3-8c32-4483-b396-9d43da9df4ad,2026-04-25T17:12:10.180807-04:00,node-01,orders-api,502,True,normal,market_aware_v1,74.422,56.015,231.162,30.107,0.995,119.443,73.1,2.775
4e928435-d524-42e2-9c56-580dcb589b54,2026-04-25T17:12:10.181273-04:00,node-01,checkout-api,503,True,anomalous,market_aware_v1,68.184,51.874,244.412,25.9,1.18,122.217,38.469,3.021
a93dd027-9ebb-4063-b076-7784391b7028,2026-04-25T17:12:10.181862-04:00,node-01,payments-api,429,True,normal,market_aware_v1,62.512,58.013,257.059,24.71,1.051,119.88,36.273,2.926
89a2510f-898d-455a-a22b-85188314a88d,2026-04-25T17:12:10.182377-04:00,node-01,orders-api,503,True,anomalous,market_aware_v1,73.156,53.628,232.722,31.091,1.024,121.323,68.185,2.885
31dde1fe-c060-46d2-b27e-da29c46dea72,2026-04-25T17:12:10.182886-04:00,node-01,checkout-api,503,True,anomalous,market_aware_v1,65.129,55.029,246.027,32.842,1.313,121.003,47.157,3.268
efc23678-eecb-4901-81d0-db7675553a7e,2026-04-25T17:12:10.183381-04:00,node-01,payments-api,502,True,normal,market_aware_v1,60.306,57.374,253.833,25.777,1.129,118.922,31.093,3.075
9bd20ed6-f794-4c88-9371-bfa4fa56740c,2026-04-25T17:12:10.183892-04:00,node-01,orders-api,500,True,anomalous,market_aware_v1,69.577,54.697,223.823,33.855,1.255,113.267,63.362,3.057
2909166c-02ba-4df1-a53f-7a7e41ea167e,2026-04-25T17:12:10.184401-04:00,node-01,checkout-api,429,True,anomalous,market_aware_v1,69.916,57.199,257.286,26.997,1.191,123.015,42.12,3.238
cb22daca-b638-4efe-9fbe-461d064f0ada,2026-04-25T17:12:10.184901-04:00,node-01,payments-api,503,True,normal,market_aware_v1,60.783,58.212,249.284,25.393,0.968,118.925,32.925,2.821
0a6cc365-cf0e-465f-a821-0f2a73ea666b,2026-04-25T17:12:10.185403-04:00,node-01,orders-api,502,True,normal,market_aware_v1,66.493,48.709,221.724,29.826,0.959,117.657,57.519,2.74
ac560b72-6648-4b91-a7a5-ffc034c053b5,2026-04-25T17:12:10.185903-04:00,node-01,checkout-api,503,True,normal,market_aware_v1,61.455,52.511,227.04,28.164,1.097,109.176,46.356,2.695
5d549910-05aa-4e46-981b-fdec6328eb24,2026-04-25T17:12:10.186751-04:00,node-01,payments-api,500,True,anomalous,market_aware_v1,56.675,57.232,265.595,26.564,1.208,124.499,19.214,3.247
90a2a923-016c-490b-930c-2b747339d588,2026-04-25T17:12:10.187226-04:00,node-01,orders-api,502,True,normal,market_aware_v1,67.439,51.813,222.264,30.112,0.906,114.15,63.51,2.523
247912fe-5244-4211-9769-78a5257eca75,2026-04-25T17:12:10.187655-04:00,node-01,checkout-api,500,True,normal,market_aware_v1,63.851,49.402,235.794,26.071,1.069,113.303,43.393,2.909
266a5fa9-9cb7-4290-baf3-90cca9617370,2026-04-25T17:12:10.188349-04:00,node-01,payments-api,500,True,anomalous,market_aware_v1,65.616,59.242,267.317,26.006,1.239,124.114,33.83,3.216
d413333d-a4e9-4d55-ad72-6b3c988c12c6,2026-04-25T17:12:10.188847-04:00,node-01,orders-api,429,True,anomalous,market_aware_v1,65.7,52.55,232.798,30.854,1.109,120.933,68.578,3.015
5ebe94ee-e40d-4b77-bdc5-23749b47b478,2026-04-25T17:12:10.189309-04:00,node-01,checkout-api,429,True,normal,market_aware_v1,68.08,53.692,238.375,28.545,1.193,114.265,44.918,3.076
19bad12e-f271-45b5-b6a6-0b8df7c224ea,2026-04-25T17:12:10.189805-04:00,node-01,payments-api,503,True,normal,market_aware_v1,60.991,59.727,258.293,27.995,1.05,115.583,32.532,2.836
8087cc2b-9c02-49e4-aa10-e1725167bb10,2026-04-25T17:12:10.190315-04:00,node-01,orders-api,429,True,anomalous,market_aware_v1,70.351,50.562,237.897,30.537,1.045,125.405,67.257,2.975
5eca7dda-41f1-4122-8daa-2e0c8c08e7f4,2026-04-25T17:12:10.190829-04:00,node-01,checkout-api,429,True,normal,market_aware_v1,63.704,56.588,247.349,30.495,1.092,116.95,50.756,2.805
67ee8e39-2336-41e5-82e0-c3855d57e982,2026-04-25T17:12:10.191326-04:00,node-01,payments-api,502,True,anomalous,market_aware_v1,68.123,58.968,284.972,26.024,1.202,135.267,23.812,3.477
8529b5fc-9c67-4412-a0cf-7dbf8f99bb4d,2026-04-25T17:12:10.191851-04:00,node-01,orders-api,500,True,anomalous,market_aware_v1,71.549,58.837,235.571,32.921,1.082,125.25,71.544,3.1
98d8620a-2930-43a7-b760-6dc87593b070,2026-04-25T17:12:10.192346-04:00,node-01,checkout-api,502,True,normal,market_aware_v1,71.023,59.956,255.786,30.66,1.18,118.031,44.5,3.144
c0899b83-cbf1-4169-9d2e-c66eb37f70c1,2026-04-25T17:12:10.192858-04:00,node-01,payments-api,503,True,anomalous,market_aware_v1,66.042,57.193,257.107,27.918,1.175,123.835,38.695,3.057
bca1514e-dd25-4023-b5c2-b9b40343c015,2026-04-25T17:12:10.193366-04:00,node-01,orders-api,502,True,normal,market_aware_v1,71.654,56.134,225.016,33.506,1.096,117.17,78.471,2.826
e4765626-5482-4881-ae84-abcd7d6288e1,2026-04-25T17:12:10.193873-04:00,node-01,checkout-api,429,True,normal,market_aware_v1,71.758,59.987,247.087,30.217,1.218,115.564,48.216,3.014
bcf5bc7e-0ce6-4379-8102-30164bc1644e,2026-04-25T17:12:10.194372-04:00,node-01,payments-api,500,True,anomalous,market_aware_v1,67.822,61.881,269.249,27.522,1.113,124.337,39.179,3.242
8cd25ba9-c162-43fb-ba02-4a9a15df7f52,2026-04-25T17:12:10.194864-04:00,node-01,orders-api,429,True,normal,market_aware_v1,75.236,56.17,227.128,32.211,0.973,117.108,73.891,2.696
8e2359d1-a553-407d-8adc-911d6f8d92bb,2026-04-25T17:12:10.195367-04:00,node-01,checkout-api,503,True,normal,market_aware_v1,68.83,60.386,236.403,30.475,1.033,115.422,57.735,2.815
321d8e0a-3136-47e3-9e90-580175a6e66c,2026-04-25T17:12:10.195857-04:00,node-01,payments-api,429,True,normal,market_aware_v1,63.754,63.075,253.537,26.743,1.096,117.71,46.227,2.987
af8be61c-5fe3-4466-9974-94ac687185cd,2026-04-25T17:12:10.196343-04:00,node-01,orders-api,503,True,normal,market_aware_v1,74.194,56.33,232.163,31.81,0.955,115.816,79.162,2.688
49385eba-1254-465b-8867-a1c63010b696,2026-04-25T17:12:10.196843-04:00,node-01,checkout-api,429,True,normal,market_aware_v1,75.728,59.308,245.215,32.009,1.143,118.922,47.016,3.073
506ae6cf-5974-407f-a711-d74739dc4a6d,2026-04-25T17:12:10.197331-04:00,node-01,payments-api,500,True,normal,market_aware_v1,70.536,63.054,248.492,27.212,1.122,118.875,42.213,2.951
8bd680fb-f082-421e-a159-66beb39c2591,2026-04-25T17:12:10.197846-04:00,node-01,orders-api,502,True,anomalous,market_aware_v1,76.544,56.13,240.912,34.469,0.987,125.102,73.347,2.913
819e79e9-8c56-4c9c-9f50-cdcfd1ca08a3,2026-04-25T17:12:10.198308-04:00,node-01,checkout-api,503,True,normal,market_aware_v1,72.027,58.851,239.812,30.515,1.122,116.831,57.606,2.931
81a95cb4-daa0-4775-bfde-eab73613fe02,2026-04-25T17:12:10.198805-04:00,node-01,payments-api,503,True,anomalous,market_aware_v1,70.613,58.996,260.573,28.378,1.168,124.801,38.199,3.091
41547277-1c42-4593-93c1-e1d95c887c0e,2026-04-25T17:12:10.199311-04:00,node-01,orders-api,503,True,normal,market_aware_v1,74.526,54.572,243.282,30.352,1.103,119.753,73.418,2.843
14d2b2b7-a799-4eff-a826-1523b5366482,2026-04-25T17:12:10.199821-04:00,node-01,checkout-api,429,True,anomalous,market_aware_v1,70.781,58.801,263.539,29.017,1.215,125.207,43.356,3.162
ff2e7805-ca22-4735-84c0-a81f80108728,2026-04-25T17:12:10.200367-04:00,node-01,payments-api,502,True,anomalous,market_aware_v1,65.943,59.945,268.945,26.168,1.221,128.356,38.794,3.264
55b78907-ee57-4a7d-811d-788acfc7ad2f,2026-04-25T17:12:10.200845-04:00,node-01,orders-api,502,True,anomalous,market_aware_v1,71.81,52.966,259.823,30.272,1.042,125.082,66.651,2.857
ccf5202d-3a23-4aa1-b6b9-85a6876798f6,2026-04-25T17:12:10.201317-04:00,node-01,checkout-api,502,True,normal,market_aware_v1,66.771,55.529,241.565,28.761,1.107,116.597,43.969,2.987
d8219cf2-5688-45cf-975d-0cfddcf276c9,2026-04-25T17:12:10.201775-04:00,node-01,payments-api,500,True,anomalous,market_aware_v1,66.744,61.488,282.821,28.648,1.606,133.309,20.149,4.204
1af36a8e-4a65-456b-a98b-19486fd63d8c,2026-04-25T17:12:10.202699-04:00,node-01,orders-api,502,True,anomalous,market_aware_v1,71.247,49.785,241.541,30.324,1.199,131.927,57.359,3.202
22c0d5b1-5e18-44ac-919d-aa56c73c9a16,2026-04-25T17:12:10.203404-04:00,node-01,checkout-api,500,True,anomalous,market_aware_v1,65.832,58.394,248.52,32.513,1.431,116.322,37.324,3.48
547ad664-6cfd-4ceb-baa8-45c2b5b8e37b,2026-04-25T17:12:10.203951-04:00,node-01,payments-api,429,True,anomalous,market_aware_v1,63.005,57.972,259.561,25.354,1.178,119.684,25.586,3.276
9f938f7b-c876-4b9d-9690-184ff7f30928,2026-04-25T17:12:10.204491-04:00,node-01,orders-api,502,True,normal,market_aware_v1,69.299,46.967,221.529,30.32,1.034,114.345,63.792,2.687
f639f449-d5f5-4e2d-9f96-3c52952c1792,2026-04-25T17:12:10.205007-04:00,node-01,checkout-api,503,True,normal,market_aware_v1,64.765,53.724,236.562,28.732,1.09,110.575,38.139,2.755
9dd293f8-2a48-45a8-96a4-ef6f29dc3f33,2026-04-25T17:12:10.205509-04:00,node-01,payments-api,502,True,anomalous,market_aware_v1,54.497,53.733,241.062,25.401,1.087,120.598,25.87,3.088
1dbf6e91-f9d9-4efe-9617-52b0ec7795c6,2026-04-25T17:12:10.206005-04:00,node-01,orders-api,429,True,normal,market_aware_v1,65.779,49.051,230.37,28.604,1.056,113.185,62.466,2.758
09b73d47-ce65-42f7-8407-106d03c515d5,2026-04-25T17:12:10.206514-04:00,node-01,checkout-api,500,True,normal,market_aware_v1,64.029,53.614,247.683,27.19,1.304,117.64,45.074,3.199
3cc9f6d8-c6ee-455a-a10c-355b169292a6,2026-04-25T17:12:10.206970-04:00,node-01,payments-api,502,True,normal,market_aware_v1,59.941,53.689,242.553,23.347,1.129,118.493,25.176,2.922
e62a9bdb-2143-43d6-a6e9-b801ab8ce6fe,2026-04-25T17:12:10.207489-04:00,node-01,orders-api,429,True,anomalous,market_aware_v1,64.621,49.967,237.033,30.218,1.33,117.659,52.759,3.094
12c7700e-12b6-4e36-a14e-f27c724cef1c,2026-04-25T17:12:10.207967-04:00,node-01,checkout-api,503,True,normal,market_aware_v1,63.776,52.421,246.926,28.038,1.146,116.228,38.108,2.866
7df194e6-c6f7-4b50-ac4e-6c31f3342459,2026-04-25T17:12:10.208419-04:00,node-01,payments-api,429,True,normal,market_aware_v1,59.099,57.572,249.334,25.636,1.107,112.842,29.126,2.902
564e42af-99f3-4413-81fb-bdb7350e24c9,2026-04-25T17:12:10.208933-04:00,node-01,orders-api,503,True,normal,market_aware_v1,66.228,52.994,222.608,28.656,0.932,116.379,62.751,2.592
8f1c43c4-83e4-47a5-85b0-41fba1a3d35a,2026-04-25T17:12:10.209412-04:00,node-01,checkout-api,502,True,anomalous,market_aware_v1,64.229,55.159,247.914,26.852,1.285,126.658,40.688,3.352
ab288250-d39a-4e0b-a482-bd2e50a8b3d9,2026-04-25T17:12:10.209920-04:00,node-01,payments-api,429,True,anomalous,market_aware_v1,63.243,57.579,260.574,23.655,1.2,122.605,28.093,3.169
9e32d16b-1e03-4910-971c-121d0dc225d4,2026-04-25T17:12:10.210411-04:00,node-01,orders-api,429,True,normal,market_aware_v1,65.286,51.41,224.412,27.647,0.959,114.558,67.185,2.664
62803693-4bec-4d5d-ad9f-b1e20bd96336,2026-04-25T17:12:10.210903-04:00,node-01,checkout-api,429,True,anomalous,market_aware_v1,65.698,53.394,246.76,29.216,1.481,122.163,38.989,3.579
ddfad3be-ebbd-4eef-88c6-899e5b6a95d9,2026-04-25T17:12:10.211506-04:00,node-01,payments-api,502,True,anomalous,market_aware_v1,60.091,56.906,269.181,25.227,1.285,126.401,32.479,3.722
bfdaf6e4-6160-42a5-953a-059966cf9ed2,2026-04-25T17:12:10.212053-04:00,node-01,orders-api,502,True,normal,market_aware_v1,71.61,53.67,224.093,30.044,0.954,119.396,65.791,2.735
ad24ee3f-f012-444b-ab4b-043b07b37337,2026-04-25T17:12:10.212564-04:00,node-01,checkout-api,500,True,normal,market_aware_v1,68.325,56.997,252.686,29.115,1.172,117.896,44.971,3.007
db86c703-399b-4e21-9403-8ea0ccb2464d,2026-04-25T17:12:10.213254-04:00,node-01,payments-api,503,True,anomalous,market_aware_v1,67.818,56.646,262.146,25.453,1.11,123.653,35.507,3.147
891a1d57-7004-440c-a6ea-8f9f8858d567,2026-04-25T17:12:10.213882-04:00,node-01,orders-api,500,True,normal,market_aware_v1,73.371,53.74,214.649,29.578,0.858,108.452,72.286,2.364
b782d048-f8a2-4a81-9145-92a8590d84f1,2026-04-25T17:12:10.214356-04:00,node-01,checkout-api,500,True,normal,market_aware_v1,69.447,58.182,246.566,28.603,1.198,118.661,43.804,3.004
9d848526-7dfb-47e4-9a17-1442e4163bac,2026-04-25T17:12:10.214953-04:00,node-01,payments-api,429,True,anomalous,market_aware_v1,68.844,58.364,259.335,27.517,1.192,121.462,37.539,3.043
f8c22b67-1f71-4f11-8e72-19f3fccbacd5,2026-04-25T17:12:10.215413-04:00,node-01,orders-api,500,True,anomalous,market_aware_v1,76.404,60.454,240.459,34.842,1.29,119.524,69.692,3.283
c4aec4b3-6104-40d5-b749-8acb1bf33965,2026-04-25T17:12:10.215880-04:00,node-01,checkout-api,503,True,anomalous,market_aware_v1,76.07,57.643,273.141,27.564,1.613,131.522,37.669,3.922
c57bfbc5-74f1-4bc5-bf8e-263ba2e90859,2026-04-25T17:12:10.216357-04:00,node-01,payments-api,500,True,anomalous,market_aware_v1,62.735,56.969,265.015,26.435,1.133,125.804,30.99,3.082
1ff68d8f-457d-4f6c-bd54-bfe1e377aa6b,2026-04-25T17:12:10.216826-04:00,node-01,orders-api,503,True,anomalous,market_aware_v1,74.926,54.438,228.736,32.495,1.057,121.921,74.845,2.829
58f4bd8d-7538-4fd6-b8d8-eec9e29bb292,2026-04-25T17:12:10.217291-04:00,node-01,checkout-api,503,True,anomalous,market_aware_v1,69.665,58.763,257.777,28.741,1.286,127.992,44.197,3.352
56b15cf4-9305-4830-ad8f-21b36f3ac2db,2026-04-25T17:12:10.217771-04:00,node-01,payments-api,503,True,normal,market_aware_v1,64.784,59.505,255.764,28.801,0.973,118.028,37.083,2.687
534cfca6-2c84-4615-87a4-c31adc8032fe,2026-04-25T17:12:10.218245-04:00,node-01,orders-api,429,True,anomalous,market_aware_v1,69.417,54.759,245.786,34.154,1.024,121.116,71.993,2.868
d1fcf865-9cd6-4248-93f1-13dcef783af4,2026-04-25T17:12:10.218800-04:00,node-01,checkout-api,429,True,normal,market_aware_v1,72.901,57.561,246.541,32.916,1.187,118.092,45.039,3.082
cc68bae7-4422-4cf9-998a-f91445134b0d,2026-04-25T17:12:10.219308-04:00,node-01,payments-api,429,True,anomalous,market_aware_v1,66.311,58.163,255.112,26.161,1.256,126.512,32.062,3.266
403cb80a-0168-41ac-a516-88f02b99e1e5,2026-04-25T17:12:10.219815-04:00,node-01,orders-api,503,True,normal,market_aware_v1,70.695,54.113,232.619,33.498,1.015,117.92,72.207,2.78
9d5a3809-81ec-42d3-8f42-13adfbb30921,2026-04-25T17:12:10.220307-04:00,node-01,checkout-api,502,True,normal,market_aware_v1,68.105,57.072,237.496,28.792,1.001,112.051,48.189,2.774
773cd87a-ac41-48a3-9531-e225809c7d60,2026-04-25T17:12:10.220808-04:00,node-01,payments-api,500,True,anomalous,market_aware_v1,67.136,62.261,269.562,26.955,1.487,126.968,31.523,3.684
02103680-826a-452a-a960-49452a87ae95,2026-04-25T17:12:10.221300-04:00,node-01,orders-api,503,True,normal,market_aware_v1,70.027,54.368,234.069,30.803,0.924,116.756,72.432,2.69
879a2da3-02ec-45c1-a5fc-4edd32b3fb61,2026-04-25T17:12:10.221809-04:00,node-01,checkout-api,502,True,anomalous,market_aware_v1,68.997,54.538,251.622,28.296,1.135,120.5,42.482,2.913
7ff89f5d-368c-4a6a-aabd-9e26b4ddc332,2026-04-25T17:12:10.222296-04:00,node-01,payments-api,502,True,anomalous,market_aware_v1,64.457,54.323,263.2,24.364,1.042,120.121,28.239,3.043
3fc815f7-8ab7-4061-88a7-42cf7fc0da40,2026-04-25T17:12:10.222815-04:00,node-01,orders-api,500,True,anomalous,market_aware_v1,68.519,52.624,231.34,32.199,1.071,125.249,58.062,2.944
14539f23-44d2-4f34-8aca-e963e40e22c3,2026-04-25T17:12:10.223276-04:00,node-01,checkout-api,500,True,anomalous,market_aware_v1,66.779,52.852,260.279,29.087,1.168,124.484,41.737,3.105
90c50297-dba5-4b8d-9006-ca4a56f8b30a,2026-04-25T17:12:10.223719-04:00,node-01,payments-api,503,True,normal,market_aware_v1,59.873,55.411,232.576,24.325,1.002,113.387,32.098,2.829
1c73c9b1-b4ff-418f-b899-647b8f39ea28,2026-04-25T17:12:10.224131-04:00,node-01,orders-api,502,True,normal,market_aware_v1,67.235,54.676,228.296,33.989,1.016,114.113,63.468,2.566
d7767038-0800-4039-a175-f9cd9d3f76c6,2026-04-25T17:12:10.224636-04:00,node-01,checkout-api,500,True,anomalous,market_aware_v1,67.839,55.396,256.623,29.39,1.206,123.599,40.812,3.301
eeda4506-6c10-40bc-b39c-cbc183bdb80c,2026-04-25T17:12:10.225215-04:00,node-01,payments-api,429,True,anomalous,market_aware_v1,65.871,59.441,281.973,27.185,1.432,136.217,28.686,3.951
9b4a2496-ca3f-459e-a840-bcac430bcba5,2026-04-25T17:12:10.225671-04:00,node-01,orders-api,503,True,anomalous,market_aware_v1,70.781,50.609,239.649,28.517,1.021,122.13,69.828,2.846
3d6d3c4d-1711-415e-aae2-e0b49bf6bcc0,2026-04-25T17:12:10.226123-04:00,node-01,checkout-api,502,True,normal,market_aware_v1,66.931,55.613,232.598,28.089,1.117,111.58,47.264,2.797
c88a1e8f-caf9-4d03-a7d6-f0406f987162,2026-04-25T17:12:10.226563-04:00,node-01,payments-api,502,True,normal,market_aware_v1,59.43,57.538,247.11,25.061,1.052,117.532,27.52,2.899
4b0a68a4-7221-490d-9039-475d2a0ff7b4,2026-04-25T17:12:10.226964-04:00,node-01,orders-api,429,True,anomalous,market_aware_v1,67.591,52.878,229.192,30.026,1.058,123.174,58.662,2.978
e55d9501-9518-4a50-8bd5-25d5d3ad8420,2026-04-25T17:12:10.227406-04:00,node-01,checkout-api,429,True,anomalous,market_aware_v1,69.549,55.087,244.164,28.8,1.186,120.375,44.264,3.043
a7de04b0-28af-499e-9dbc-91595bb6b564,2026-04-25T17:12:10.227866-04:00,node-01,payments-api,502,True,anomalous,market_aware_v1,60.912,58.507,265.397,25.637,1.169,126.194,31.451,3.151
32f58e12-148c-4546-8ce4-118a85c26856,2026-04-25T17:12:10.228334-04:00,node-01,orders-api,503,True,anomalous,market_aware_v1,71.649,52.242,252.905,31.2,1.058,128.095,65.406,3.138
01cde647-4946-4099-8ff9-b1dd79c438bf,2026-04-25T17:12:10.228811-04:00,node-01,checkout-api,503,True,anomalous,market_aware_v1,69.299,56.005,248.89,28.835,1.178,125.779,42.393,3.254
61dee88f-8ce9-4cca-8bc4-d7e19adc853b,2026-04-25T17:12:10.229271-04:00,node-01,payments-api,502,True,anomalous,market_aware_v1,65.719,59.711,263.377,26.85,1.171,124.055,37.913,3.18
e0a3d708-7bee-4fb0-8350-b5a36494387d,2026-04-25T17:12:10.229730-04:00,node-01,orders-api,429,True,normal,market_aware_v1,67.682,54.911,227.577,29.735,1.066,115.358,74.56,2.682
c33636d4-9e9e-4ecc-a878-e2b1127dc187,2026-04-25T17:12:10.230179-04:00,node-01,checkout-api,429,True,normal,market_aware_v1,72.516,58.653,252.952,28.11,1.233,119.865,46.483,3.086
8eaa459c-fb6f-461e-9eaf-e83a513b9cad,2026-04-25T17:12:10.230632-04:00,node-01,payments-api,500,True,anomalous,market_aware_v1,71.48,58.047,268.024,25.778,1.105,128.236,33.339,3.14
c9131795-578f-41f7-8871-1046e73aefbd,2026-04-25T17:12:10.231064-04:00,node-01,orders-api,503,True,normal,market_aware_v1,72.217,55.38,234.996,30.441,0.974,119.785,75.816,2.818
603c1afa-66c9-4958-af34-f2dc67f6a4eb,2026-04-25T17:12:10.231508-04:00,node-01,checkout-api,502,True,normal,market_aware_v1,77.421,62.715,242.953,28.791,1.076,113.288,54.757,2.852
07da306d-aa01-413b-8d93-fe8f7915ffc8,2026-04-25T17:12:10.231925-04:00,node-01,payments-api,500,True,anomalous,market_aware_v1,69.76,64.551,269.608,26.797,1.014,122.827,35.914,2.959
db1fd77e-166d-4c50-8aaa-b804118e07b8,2026-04-25T17:12:10.232386-04:00,node-01,orders-api,500,True,anomalous,market_aware_v1,68.022,58.694,238.922,35.57,1.06,121.587,72.716,2.979
e123d4ae-0a2d-4b1e-8530-fb4d867d92b5,2026-04-25T17:12:10.232809-04:00,node-01,checkout-api,429,True,normal,market_aware_v1,74.232,59.939,245.51,32.07,1.171,116.407,58.109,2.963
78fa88ac-0831-4a1f-bc07-85438572f797,2026-04-25T17:12:10.233250-04:00,node-01,payments-api,502,True,normal,market_aware_v1,67.073,64.303,249.978,26.402,0.996,112.111,48.937,2.82
e8eb1b21-4137-447d-ae54-e5da02fbc640,2026-04-25T17:12:10.233715-04:00,node-01,orders-api,500,True,anomalous,market_aware_v1,76.734,54.087,244.996,34.16,0.969,121.384,74.874,2.82
6c09ce3b-229d-49db-a3ff-748450d4befc,2026-04-25T17:12:10.234124-04:00,node-01,checkout-api,502,True,anomalous,market_aware_v1,79.275,57.122,263.426,29.422,1.234,124.121,52.975,3.23
7e569867-6289-49a1-a5b8-b191cd648bc8,2026-04-25T17:12:10.234571-04:00,node-01,payments-api,503,True,anomalous,market_aware_v1,67.445,63.781,285.993,28.378,1.494,139.056,37.871,4.016
970c2b92-8353-4f69-946e-932055d0b6be,2026-04-25T17:12:10.235014-04:00,node-01,orders-api,503,True,anomalous,market_aware_v1,75.255,52.184,243.734,34.553,1.13,125.76,71.48,3.08
40789069-46bd-46ff-992f-a33e177ca611,2026-04-25T17:12:10.235416-04:00,node-01,checkout-api,503,True,anomalous,market_aware_v1,79.239,60.822,273.447,32.996,1.638,130.702,45.595,3.845
e50a177f-24a9-4825-bddf-fe4d062221be,2026-04-25T17:12:10.235904-04:00,node-01,payments-api,500,True,anomalous,market_aware_v1,70.711,63.057,261.918,25.313,1.13,121.618,36.943,3.115
26bceddc-bf6a-4794-a98e-c593f3cb356a,2026-04-25T17:12:10.236331-04:00,node-01,orders-api,429,True,anomalous,market_aware_v1,76.829,57.828,242.692,32.202,1.1,127.379,68.099,3.026
c010b7fe-50bc-48ca-8033-07ae61be898b,2026-04-25T17:12:10.236836-04:00,node-01,checkout-api,502,True,anomalous,market_aware_v1,77.542,60.169,272.131,32.83,1.633,128.924,40.779,4.023
499bde06-7ecc-4be4-8694-4b1423e66c29,2026-04-25T17:12:10.237335-04:00,node-01,payments-api,429,True,anomalous,market_aware_v1,65.42,57.832,265.834,28.449,1.257,128.038,32.136,3.319
79928d7c-185a-488f-a178-8e958a596122,2026-04-25T17:12:10.237804-04:00,node-01,orders-api,503,True,normal,market_aware_v1,67.717,53.834,230.533,30.365,0.978,119.168,69.848,2.611
fe04ecab-9a7a-4a7f-a9be-2f86377d1120,2026-04-25T17:12:10.238251-04:00,node-01,checkout-api,500,True,anomalous,market_aware_v1,67.494,54.35,251.391,30.242,1.104,121.92,39.395,3.052
92041661-e5d4-4501-ac82-8b56687698e6,2026-04-25T17:12:10.238698-04:00,node-01,payments-api,502,True,anomalous,market_aware_v1,64.424,57.173,261.3,25.159,1.142,120.136,36.522,3.103
334aaa66-afd2-4389-b15c-10256204cdb9,2026-04-25T17:12:10.239130-04:00,node-01,orders-api,429,True,normal,market_aware_v1,68.069,52.141,224.07,29.776,0.963,115.715,72.068,2.742
9392414d-9e75-4158-accd-51b1b959e6f8,2026-04-25T17:12:10.239571-04:00,node-01,checkout-api,429,True,normal,market_aware_v1,66.452,55.814,249.679,29.473,1.078,117.191,41.292,2.933
afd73787-8723-4143-8786-6df23db148b8,2026-04-25T17:12:10.239996-04:00,node-01,payments-api,502,True,normal,market_aware_v1,57.585,55.437,253.019,25.675,1.119,119.953,30.77,3.046
e1c4872f-5d39-45b8-a4b0-38aa65189336,2026-04-25T17:12:10.240428-04:00,node-01,orders-api,500,True,anomalous,market_aware_v1,67.514,49.988,236.535,29.608,1.056,120.663,54.96,2.861
f2970cd0-2601-4f2c-9f7f-555061066942,2026-04-25T17:12:10.240861-04:00,node-01,checkout-api,429,True,normal,market_aware_v1,63.378,53.059,237.011,26.631,1.102,110.974,45.18,2.871
c6639c72-b868-4beb-8bf8-9fbda4f373e1,2026-04-25T17:12:10.241289-04:00,node-01,payments-api,502,True,anomalous,market_aware_v1,56.78,56.309,257.796,21.689,1.184,128.386,22.756,3.084
4ada5055-18b5-4768-afea-7160f4f16136,2026-04-25T17:12:10.241716-04:00,node-01,orders-api,429,True,anomalous,market_aware_v1,65.162,50.506,239.586,28.789,1.105,124.848,59.219,2.994
c7832b1f-1789-41a7-931e-651c98b0a7b7,2026-04-25T17:12:10.242118-04:00,node-01,checkout-api,503,True,anomalous,market_aware_v1,64.061,52.164,267.998,28.27,1.42,128.136,38.852,3.798
b743e161-c7ad-4e5f-8d6e-9f99f764cfee,2026-04-25T17:12:10.242555-04:00,node-01,payments-api,502,True,anomalous,market_aware_v1,60.913,55.278,264.346,24.832,1.118,123.462,21.323,3.125
b7c61c3f-6d9e-47ea-90a6-d006d416c438,2026-04-25T17:12:10.243002-04:00,node-01,orders-api,500,True,normal,market_aware_v1,66.036,47.968,233.754,28.083,0.975,112.724,62.392,2.73
4585b78f-17ae-4775-840e-ff90bbd525fe,2026-04-25T17:12:10.243428-04:00,node-01,checkout-api,502,True,normal,market_aware_v1,65.044,53.031,233.137,25.574,1.095,115.647,33.983,2.886
aa714936-f5b9-41db-8f92-2da4a9b3c3f4,2026-04-25T17:12:10.243915-04:00,node-01,payments-api,429,True,normal,market_aware_v1,61.06,57.404,247.338,22.056,1.093,115.064,25.381,2.911
03efeb8a-a429-4e4f-b3d1-fd17e098a3a3,2026-04-25T17:12:10.244400-04:00,node-01,orders-api,502,True,anomalous,market_aware_v1,67.166,54.866,237.624,29.84,1.049,122.523,61.516,3.068
9aaa0afb-1e90-4b78-b186-93be34135c67,2026-04-25T17:12:10.244860-04:00,node-01,checkout-api,502,True,anomalous,market_aware_v1,67.412,55.085,253.606,27.082,1.522,124.361,33.187,3.669
a7221bf6-5ff0-41fd-a351-f5c63ae690e2,2026-04-25T17:12:10.245342-04:00,node-01,payments-api,503,True,anomalous,market_aware_v1,60.82,56.379,258.393,25.414,1.093,125.614,29.1,3.072
cb89a790-e7cf-4fc8-864b-2662fac583ee,2026-04-25T17:12:10.245824-04:00,node-01,orders-api,429,True,normal,market_aware_v1,68.89,49.063,238.002,31.235,0.97,118.87,60.721,2.696
819756a4-2724-4ce2-ac1f-061f9655c23d,2026-04-25T17:12:10.246328-04:00,node-01,checkout-api,503,True,normal,market_aware_v1,67.2,53.006,242.254,29.441,1.153,116.459,38.204,2.998
76641e66-cf5b-4481-9481-8731a8a5d813,2026-04-25T17:12:10.246822-04:00,node-01,payments-api,429,True,anomalous,market_aware_v1,63.206,58.17,262.142,25.18,1.125,128.083,23.18,3.215
106bb0f9-059d-4d8a-bbc9-b32ec14d7b96,2026-04-25T17:12:10.247290-04:00,node-01,orders-api,503,True,normal,market_aware_v1,69.342,50.545,230.24,29.997,0.968,112.941,64.144,2.594
2043e067-bfc0-4dbe-aaf9-7797d620b6b8,2026-04-25T17:12:10.247744-04:00,node-01,checkout-api,429,True,anomalous,market_aware_v1,69.925,53.797,254.777,28.402,1.2,121.283,43.673,3.066
f98bbf63-5bc9-42aa-845a-7b758c7c30f5,2026-04-25T17:12:10.248170-04:00,node-01,payments-api,500,True,anomalous,market_aware_v1,65.83,58.061,268.216,24.813,1.166,125.534,28.661,3.14
8975ae00-7a31-4cba-ade6-32061beaa3cf,2026-04-25T17:12:10.248660-04:00,node-01,orders-api,503,True,anomalous,market_aware_v1,75.168,55.615,244.837,28.096,0.948,122.199,68.947,2.813
06ab60f7-b452-4cb6-89aa-0e0b796bc71a,2026-04-25T17:12:10.249166-04:00,node-01,checkout-api,503,True,anomalous,market_aware_v1,70.201,54.606,251.2,28.533,1.199,122.148,46.874,3.213
2efa5ced-58d4-4748-9fc9-45191cd56f1b,2026-04-25T17:12:10.249649-04:00,node-01,payments-api,500,True,anomalous,market_aware_v1,62.166,57.255,270.784,26.09,1.105,119.993,36.17,3.145
e31ad2a4-9497-4144-8488-7c6a817c594b,2026-04-25T17:12:10.250108-04:00,node-01,orders-api,502,True,normal,market_aware_v1,73.484,55.331,228.819,32.932,0.996,114.747,73.933,2.67
85a4f7b3-9827-4ace-9b83-ddf7c3ffd0e5,2026-04-25T17:12:10.250572-04:00,node-01,checkout-api,503,True,normal,market_aware_v1,71.0,58.396,244.062,31.1,1.109,117.257,47.408,2.957
bf79f6dc-b62f-497f-83a0-239a15ef78f4,2026-04-25T17:12:10.251095-04:00,node-01,payments-api,500,True,anomalous,market_aware_v1,71.277,62.649,277.132,30.24,1.497,130.814,33.152,3.747
3659c327-f9fd-4f22-8cfd-48917f1b4c2b,2026-04-25T17:12:10.251590-04:00,node-01,orders-api,429,True,anomalous,market_aware_v1,76.331,54.239,235.594,35.201,1.327,124.359,67.745,3.281
07c9408e-5b15-432d-b6f1-1358ed543002,2026-04-25T17:12:10.252036-04:00,node-01,checkout-api,503,True,anomalous,market_aware_v1,68.574,57.662,250.807,27.754,1.243,121.061,49.967,3.172
c469ceee-0fc6-4f8d-bed6-0825b6661271,2026-04-25T17:12:10.252500-04:00,node-01,payments-api,500,True,normal,market_aware_v1,67.162,57.377,257.533,27.363,1.132,116.504,39.751,2.953
c0e68706-30a1-4b26-8910-85ec9a5da350,2026-04-25T17:12:10.252994-04:00,node-01,orders-api,502,True,anomalous,market_aware_v1,69.631,52.969,236.102,30.476,0.969,120.296,67.899,2.761
14051cbe-33bf-4d73-84b6-3cb2d74a5023,2026-04-25T17:12:10.253419-04:00,node-01,checkout-api,502,True,anomalous,market_aware_v1,69.314,59.836,262.037,30.219,1.193,127.999,46.956,3.272
16bb351a-17d8-4dc3-8372-2e0fdccabe91,2026-04-25T17:12:10.253861-04:00,node-01,payments-api,503,True,anomalous,market_aware_v1,66.309,60.515,253.07,26.642,1.041,120.126,28.169,2.988
daa5948e-ee8d-48a5-b40c-db6e666a8bd0,2026-04-25T17:12:10.254279-04:00,node-01,orders-api,502,True,anomalous,market_aware_v1,76.33,58.546,239.699,34.549,1.347,127.827,63.969,3.345
7b3bcea0-7b7e-465a-a5fa-fa780baefbf8,2026-04-25T17:12:10.254721-04:00,node-01,checkout-api,500,True,normal,market_aware_v1,65.625,55.214,246.181,31.318,1.113,118.035,45.468,3.045
437e2f23-2996-4615-afb1-e0ac6e6e6a0f,2026-04-25T17:12:10.255144-04:00,node-01,payments-api,503,True,anomalous,market_aware_v1,65.305,57.146,266.823,26.213,1.104,124.743,26.894,3.058
a913cd31-60c0-4e28-bbca-1b4b236f341c,2026-04-25T17:12:10.255625-04:00,node-01,orders-api,429,True,normal,market_aware_v1,71.424,53.385,224.833,30.431,0.89,109.247,75.319,2.523
8faa8f3d-3059-45b5-bcad-5a50207e105b,2026-04-25T17:12:10.256050-04:00,node-01,checkout-api,503,True,anomalous,market_aware_v1,67.044,53.257,267.324,28.297,1.248,121.661,39.654,3.255
685316a1-eff9-4ecd-9e99-d0c310b91a49,2026-04-25T17:12:10.256658-04:00,node-01,payments-api,502,True,anomalous,market_aware_v1,68.103,59.021,281.004,28.495,1.516,131.466,27.981,3.721
5f2ada4c-ebef-49e6-9a79-9273752a1fc8,2026-04-25T17:12:10.257155-04:00,node-01,orders-api,429,True,anomalous,market_aware_v1,75.089,52.007,260.887,32.186,1.312,131.436,62.396,3.663
76e9fb47-9a05-4011-be11-4ce7494469d9,2026-04-25T17:12:10.257642-04:00,node-01,checkout-api,500,True,normal,market_aware_v1,68.79,54.507,255.167,26.988,1.18,118.271,40.937,3.009
bf7b6e4a-16c8-4893-b52f-18f4c77736f1,2026-04-25T17:12:10.258120-04:00,node-01,payments-api,500,True,anomalous,market_aware_v1,58.96,56.935,252.166,25.67,1.042,120.241,28.581,2.944
0a67a2df-dee7-4e83-a306-78c96ffdc77c,2026-04-25T17:12:10.258581-04:00,node-01,orders-api,503,True,anomalous,market_aware_v1,69.327,50.704,227.964,32.413,1.075,122.048,63.309,2.855
94eceda5-4b7e-4b5e-8d14-02520f60fee0,2026-04-25T17:12:10.259017-04:00,node-01,checkout-api,502,True,anomalous,market_aware_v1,65.919,53.463,254.535,29.482,1.179,123.573,42.062,3.172
50487292-36db-4614-88ca-49cbde4b3da9,2026-04-25T17:12:10.259420-04:00,node-01,payments-api,429,True,anomalous,market_aware_v1,65.937,59.63,272.644,27.658,1.409,127.578,19.481,3.644
63ffe057-9e6c-4385-8489-79ba884ac62f,2026-04-25T17:12:10.259861-04:00,node-01,orders-api,503,True,normal,market_aware_v1,70.316,49.775,224.529,30.64,1.042,114.45,67.109,2.62
5b1c9e2c-9f46-479d-90c8-ce574f16e388,2026-04-25T17:12:10.260356-04:00,node-01,checkout-api,429,True,normal,market_aware_v1,65.859,53.801,247.026,26.099,1.193,116.63,46.518,3.064
9d1c7c5e-4a61-48dd-9679-d481e4b5d8f5,2026-04-25T17:12:10.260831-04:00,node-01,payments-api,502,True,anomalous,market_aware_v1,64.988,58.472,267.976,23.942,1.173,130.211,24.471,3.36
2d9db4ac-22d2-4cd3-b2b8-56b8439beeb0,2026-04-25T17:12:10.261417-04:00,node-01,orders-api,503,True,anomalous,market_aware_v1,69.634,53.308,241.293,29.639,0.948,120.538,66.1,2.788
cde3de2b-9620-4ad2-93f2-89d0e166635c,2026-04-25T17:12:10.261944-04:00,node-01,checkout-api,429,True,normal,market_aware_v1,66.688,56.663,243.452,27.66,1.188,116.134,49.013,2.991
f04677bc-663e-4c4f-9329-b416aba4cb6c,2026-04-25T17:12:10.262462-04:00,node-01,payments-api,429,True,anomalous,market_aware_v1,65.029,60.823,265.167,28.024,1.51,123.621,22.759,3.527
29f951b1-24b6-48cd-85af-1f1de9b71be3,2026-04-25T17:12:10.262969-04:00,node-01,orders-api,502,True,normal,market_aware_v1,71.613,53.12,233.953,30.682,1.064,119.23,69.67,2.828
69459bb6-17ca-425b-ad96-675d95fce9fb,2026-04-25T17:12:10.263420-04:00,node-01,checkout-api,502,True,anomalous,market_aware_v1,65.044,57.518,262.447,30.519,1.32,127.529,43.047,3.257
3814413a-f62d-4ed9-96dd-e0a45ccb992b,2026-04-25T17:12:10.263926-04:00,node-01,payments-api,429,True,anomalous,market_aware_v1,64.485,56.529,269.469,27.15,1.219,133.111,26.202,3.295
4ba6f8b5-4498-4870-84e3-2e0c78c0c66b,2026-04-25T17:12:10.264416-04:00,node-01,orders-api,502,True,anomalous,market_aware_v1,73.91,53.044,246.917,30.863,1.052,126.855,64.313,3.058
d061db7c-8c12-49e6-ba12-e4b5f216fcfc,2026-04-25T17:12:10.264909-04:00,node-01,checkout-api,503,True,anomalous,market_aware_v1,70.846,56.056,262.547,30.244,1.3,126.543,48.177,3.289
6c868b5d-7c95-4827-adbb-ad383a7ddd57,2026-04-25T17:12:10.265358-04:00,node-01,payments-api,429,True,anomalous,market_aware_v1,66.502,59.683,271.565,27.002,1.169,133.227,34.642,3.382
6525a702-79a4-4d8b-a644-ba85513ef269,2026-04-25T17:12:10.265821-04:00,node-01,orders-api,429,True,anomalous,market_aware_v1,72.956,55.603,239.955,32.35,1.131,126.793,64.987,2.995
42618077-34c2-43c8-b7b3-1dbea77f0b06,2026-04-25T17:12:10.266320-04:00,node-01,checkout-api,502,True,anomalous,market_aware_v1,73.841,59.458,264.12,29.703,1.264,125.885,47.798,3.371
bbd82b04-ab8d-4ebf-92f8-403dc84508a0,2026-04-25T17:12:10.266837-04:00,node-01,payments-api,502,True,anomalous,market_aware_v1,73.412,59.776,282.841,27.872,1.336,133.162,40.431,3.532
dbc5f6dc-a0e2-4866-a34a-a039e7968abc,2026-04-25T17:12:10.267321-04:00,node-01,orders-api,502,True,anomalous,market_aware_v1,73.326,58.476,231.234,33.947,1.064,120.141,79.625,2.877
d28c4db8-2fdd-47a6-9bec-153ce95e19f4,2026-04-25T17:12:10.267788-04:00,node-01,checkout-api,503,True,normal,market_aware_v1,70.707,56.713,259.055,32.009,1.087,114.693,56.734,2.988
2709edcf-b6bc-4cc0-b5e6-dd6514e379d3,2026-04-25T17:12:10.268270-04:00,node-01,payments-api,502,True,anomalous,market_aware_v1,67.607,64.215,268.607,27.466,1.188,129.037,41.923,3.266
0e04c196-29f7-4746-b70e-9c7b87500339,2026-04-25T17:12:10.268757-04:00,node-01,orders-api,429,True,anomalous,market_aware_v1,76.445,56.26,234.475,33.242,0.994,122.269,70.484,2.786
b088e1b8-cd20-4a44-9f3d-ec3f3d202201,2026-04-25T17:12:10.269226-04:00,node-01,checkout-api,503,True,anomalous,market_aware_v1,72.406,60.498,256.109,30.622,1.316,130.724,52.69,3.365
fdbc2baa-07e8-4da4-a832-151d7a95b542,2026-04-25T17:12:10.269688-04:00,node-01,payments-api,429,True,anomalous,market_aware_v1,72.419,63.366,267.612,29.199,1.204,128.95,37.473,3.285
03b94a0e-1fba-4799-84e4-ab9ef66e55ff,2026-04-25T17:12:10.270153-04:00,node-01,orders-api,500,True,anomalous,market_aware_v1,75.397,60.146,237.466,32.628,0.991,124.186,72.113,2.877
b87fe7ec-f6ac-48b3-b7ee-444abc2529ea,2026-04-25T17:12:10.270618-04:00,node-01,checkout-api,502,True,anomalous,market_aware_v1,75.998,59.227,253.247,27.388,1.052,120.819,53.15,3.013
695e1ce3-9f24-40a4-8d4d-152da33cb7c1,2026-04-25T17:12:10.271069-04:00,node-01,payments-api,502,True,anomalous,market_aware_v1,71.519,65.663,258.452,30.007,1.205,125.191,41.007,3.058
c655149f-d61a-4352-9a0f-f8fdf911db35,2026-04-25T17:12:10.271508-04:00,node-01,orders-api,503,True,anomalous,market_aware_v1,71.632,56.329,252.1,33.727,1.08,127.026,66.337,2.992
ce496a2e-9804-4536-b93f-2df08c0fc153,2026-04-25T17:12:10.271964-04:00,node-01,checkout-api,503,True,anomalous,market_aware_v1,71.124,60.013,258.821,28.926,1.212,121.766,50.138,3.15
69bf2908-7a59-4eb0-88ac-5db14f2582a3,2026-04-25T17:12:10.272411-04:00,node-01,payments-api,503,True,anomalous,market_aware_v1,69.726,62.34,286.175,28.504,1.516,136.349,20.083,3.792
1a3f0323-99d6-476a-9d0c-6c5c2e165ce9,2026-04-25T17:12:10.272887-04:00,node-01,orders-api,502,True,anomalous,market_aware_v1,71.158,57.984,253.218,30.789,1.077,125.73,68.336,3.035
f5280f20-4389-4dbb-bca9-b9e614a52dc4,2026-04-25T17:12:10.273363-04:00,node-01,checkout-api,502,True,anomalous,market_aware_v1,70.366,54.642,256.148,26.314,1.211,123.223,43.985,3.223
87b6eae5-7d7f-4f22-99c5-22c7fa0e8e55,2026-04-25T17:12:10.273905-04:00,node-01,payments-api,500,True,anomalous,market_aware_v1,64.121,62.034,262.848,26.059,1.165,123.556,29.966,3.273
2da25232-f5cd-4230-b6a7-a15f54591963,2026-04-25T17:12:10.274405-04:00,node-01,orders-api,500,True,normal,market_aware_v1,66.217,52.095,228.533,31.371,1.043,116.749,68.377,2.81
209b6f16-d52b-4c45-b6e6-961288002a89,2026-04-25T17:12:10.275772-04:00,node-01,checkout-api,503,True,anomalous,market_aware_v1,66.326,51.492,242.433,26.79,1.133,120.456,49.092,3.126
1946ac39-036a-4136-a4de-48c0d8333bd6,2026-04-25T17:12:10.276261-04:00,node-01,payments-api,429,True,anomalous,market_aware_v1,62.282,54.271,262.898,24.317,1.129,124.542,27.916,3.147
df229d62-3ad6-4173-a7f1-01653b595af1,2026-04-25T17:12:10.276825-04:00,node-01,orders-api,500,True,normal,market_aware_v1,72.143,52.499,243.33,28.852,0.988,118.592,64.322,2.829
35524536-de20-44b7-89a6-b9ff0cd9a0bc,2026-04-25T17:12:10.277291-04:00,node-01,checkout-api,502,True,normal,market_aware_v1,66.761,53.42,234.432,28.766,1.038,115.422,43.614,2.947
5ad6bca3-0c16-4241-bd5d-cb07c33f9b7d,2026-04-25T17:12:10.277784-04:00,node-01,payments-api,429,True,normal,market_aware_v1,63.133,56.713,254.598,25.573,1.148,119.508,30.252,3.066
60b20e7c-e0af-41e4-bf39-c97ba1f602c3,2026-04-25T17:12:10.278247-04:00,node-01,orders-api,503,True,anomalous,market_aware_v1,69.399,49.107,246.99,29.629,1.044,125.965,59.226,2.905
f797a269-fa17-4764-88a1-a93f5d54c81b,2026-04-25T17:12:10.278750-04:00,node-01,checkout-api,502,True,anomalous,market_aware_v1,67.769,54.345,252.205,28.826,1.555,124.848,27.287,3.655
1f41d009-dea9-43cf-98e9-7fcb4348400b,2026-04-25T17:12:10.279238-04:00,node-01,payments-api,502,True,anomalous,market_aware_v1,61.525,57.53,273.812,24.307,1.447,131.807,12.347,3.735
976a1f90-16e9-4a79-97f8-29a331431b98,2026-04-25T17:12:10.279882-04:00,node-01,orders-api,500,True,anomalous,market_aware_v1,64.556,50.94,228.31,30.143,0.998,120.306,63.171,2.717
10ebf32e-f5c3-4df2-b680-cb541d99fd2a,2026-04-25T17:12:10.280573-04:00,node-01,checkout-api,500,True,normal,market_aware_v1,61.393,51.306,240.775,26.191,1.162,115.636,45.329,3.015
0814af7d-7c11-4e34-bf78-10c6804e2c80,2026-04-25T17:12:10.281025-04:00,node-01,payments-api,503,True,anomalous,market_aware_v1,60.277,54.865,258.644,22.582,1.174,127.741,24.224,3.148
f404d162-7d4e-458c-979e-dd6838e0508a,2026-04-25T17:12:10.281480-04:00,node-01,orders-api,500,True,anomalous,market_aware_v1,68.022,52.173,234.615,29.058,1.085,122.148,59.867,2.938
6f211b69-24c5-41e3-bfd0-04198f925e96,2026-04-25T17:12:10.281993-04:00,node-01,checkout-api,503,True,anomalous,market_aware_v1,66.331,56.7,272.215,29.172,1.54,129.994,27.012,3.822
71eff388-29cc-4403-9fab-14f4f791f6a4,2026-04-25T17:12:10.282471-04:00,node-01,payments-api,429,True,normal,market_aware_v1,62.009,54.203,247.587,24.689,1.062,117.129,28.15,2.828
6f21f0dc-b2ba-4f65-ace7-cbbd33ab3f82,2026-04-25T17:12:10.282930-04:00,node-01,orders-api,502,True,normal,market_aware_v1,68.47,50.749,242.822,30.306,0.919,118.814,64.836,2.77
abf1d94c-8838-4c18-bd59-9ed03266b4df,2026-04-25T17:12:10.283391-04:00,node-01,checkout-api,429,True,normal,market_aware_v1,62.99,54.968,248.094,27.457,1.186,119.349,45.404,3.078
2bd86ac0-341c-4ead-9c1e-a45c5251424f,2026-04-25T17:12:10.283875-04:00,node-01,payments-api,500,True,anomalous,market_aware_v1,65.435,59.963,271.336,26.86,1.461,130.718,21.004,3.76
0345b6bc-cef6-44b3-a4c5-42d7d77bbc67,2026-04-25T17:12:10.284378-04:00,node-01,orders-api,503,True,normal,market_aware_v1,66.85,51.915,222.736,27.834,0.914,115.094,63.947,2.655
050d8157-2d54-4a94-aa01-50b8ed505ce1,2026-04-25T17:12:10.284861-04:00,node-01,checkout-api,503,True,anomalous,market_aware_v1,70.732,55.65,246.576,25.749,1.22,126.123,45.136,3.225
828dae2b-4f95-42d5-9239-e6a3e99e524d,2026-04-25T17:12:10.285306-04:00,node-01,payments-api,429,True,anomalous,market_aware_v1,67.139,63.189,269.762,24.974,1.175,132.801,29.486,3.307
a01cc75a-92e5-49da-8688-912f42fc6f90,2026-04-25T17:12:10.285763-04:00,node-01,orders-api,503,True,normal,market_aware_v1,71.596,53.165,236.657,30.683,1.038,118.809,67.7,2.674
edf211a8-e0ee-409d-b526-c20df0390dbd,2026-04-25T17:12:10.286271-04:00,node-01,checkout-api,500,True,anomalous,market_aware_v1,69.27,57.745,257.531,29.643,1.245,124.094,44.792,3.246
086e2e7c-7a01-4490-a34a-66df538606b5,2026-04-25T17:12:10.286692-04:00,node-01,payments-api,429,True,anomalous,market_aware_v1,68.945,61.816,271.788,26.891,1.199,133.226,32.7,3.305
dc753f46-1c60-43ce-9261-3dd5c2610fa3,2026-04-25T17:12:10.287125-04:00,node-01,orders-api,429,True,anomalous,market_aware_v1,76.141,56.39,236.263,30.054,1.044,127.328,71.158,3.016
9181db52-b267-4382-ab92-3f4f633f2cda,2026-04-25T17:12:10.287568-04:00,node-01,checkout-api,500,True,normal,market_aware_v1,71.608,56.101,241.36,29.027,1.107,115.581,51.424,2.895
164a7960-28e7-4289-8766-4e6d5c7e3129,2026-04-25T17:12:10.288040-04:00,node-01,payments-api,429,True,anomalous,market_aware_v1,70.339,57.435,289.474,28.625,1.252,130.856,31.117,3.449
31143877-3d5b-4d46-8bd2-b7e90e1d0beb,2026-04-25T17:12:10.288494-04:00,node-01,orders-api,500,True,anomalous,market_aware_v1,73.525,58.299,255.045,32.169,0.991,129.363,68.177,3.027
759c73fa-40bb-430f-becf-b98d69b2f640,2026-04-25T17:12:10.288918-04:00,node-01,checkout-api,502,True,anomalous,market_aware_v1,67.773,56.808,263.655,29.136,1.224,123.761,51.781,3.17
38571198-f99f-4137-8894-a95b0a9388ae,2026-04-25T17:12:10.289363-04:00,node-01,payments-api,429,True,anomalous,market_aware_v1,67.231,59.206,277.142,27.366,1.207,131.676,30.722,3.259
f27f97ae-2142-4c2b-8bdb-a5ebac0e9b41,2026-04-25T17:12:10.289801-04:00,node-01,orders-api,429,True,anomalous,market_aware_v1,71.639,53.972,251.54,31.617,0.982,123.123,71.551,2.894
2c5ae516-1bdb-43c6-8f2c-c36de8b761fc,2026-04-25T17:12:10.290286-04:00,node-01,checkout-api,503,True,anomalous,market_aware_v1,72.039,58.176,252.449,30.363,1.277,121.522,45.388,3.144
b02c853f-4f35-42af-aadd-7fda959479b2,2026-04-25T17:12:10.291224-04:00,node-01,payments-api,429,True,anomalous,market_aware_v1,73.459,59.193,283.589,27.92,1.529,131.638,24.345,3.816
45f56f6b-9362-475c-bd5b-98f07eb5635a,2026-04-25T17:12:10.291695-04:00,node-01,orders-api,502,True,anomalous,market_aware_v1,71.02,55.37,246.607,29.208,1.06,128.457,69.461,3.085
e3166f8e-a1d2-4715-9ac4-1af55f9291a4,2026-04-25T17:12:10.292165-04:00,node-01,checkout-api,503,True,normal,market_aware_v1,69.99,59.415,235.414,30.356,1.08,111.73,53.108,2.785
59e52d1d-2924-46c2-a683-893529b80bed,2026-04-25T17:12:10.293204-04:00,node-01,payments-api,502,True,anomalous,market_aware_v1,66.969,60.155,261.038,27.843,1.273,131.767,25.777,3.396
846aa579-5f80-4d69-87e7-a9124af8805d,2026-04-25T17:12:10.293833-04:00,node-01,orders-api,503,True,anomalous,market_aware_v1,72.694,55.459,244.569,30.933,1.09,123.892,71.925,3.01
9a88b98c-159d-48ea-a7db-5b8607d7d01d,2026-04-25T17:12:10.295328-04:00,node-01,checkout-api,503,True,anomalous,market_aware_v1,69.456,55.419,252.514,30.213,1.267,125.204,42.921,3.321
44428842-7bf9-4cbc-8abb-b6471663e769,2026-04-25T17:12:10.296106-04:00,node-01,payments-api,503,True,anomalous,market_aware_v1,68.488,60.127,268.904,27.184,1.48,122.16,24.669,3.517
369533c9-a453-4105-aeab-885fe382a463,2026-04-25T17:12:10.296628-04:00,node-01,orders-api,429,True,normal,market_aware_v1,68.603,52.771,234.039,30.246,0.991,117.051,72.336,2.691
716f7f54-49a6-4c39-a9e3-fff83de957f9,2026-04-25T17:12:10.297330-04:00,node-01,checkout-api,429,True,anomalous,market_aware_v1,68.961,52.808,251.416,29.596,1.175,120.195,39.272,3.083
c741e9fa-ef5f-4b13-8b52-0debe9c5a481,2026-04-25T17:12:10.297821-04:00,node-01,payments-api,502,True,anomalous,market_aware_v1,65.985,58.078,264.27,25.211,1.175,126.952,28.931,3.04
6d358005-7fdb-409d-8913-7d82ccf7ee1d,2026-04-25T17:12:10.298474-04:00,node-01,orders-api,502,True,anomalous,market_aware_v1,71.091,51.919,243.598,28.584,1.121,126.18,67.321,2.969
fca4b5fc-c3cc-4406-b7b4-b44a42302891,2026-04-25T17:12:10.298892-04:00,node-01,checkout-api,503,True,anomalous,market_aware_v1,66.634,54.383,252.855,28.635,1.338,126.287,38.587,3.376
dcf36b67-286f-4849-9173-89b0935ca3c9,2026-04-25T17:12:10.299282-04:00,node-01,payments-api,503,True,anomalous,market_aware_v1,61.533,56.224,271.157,23.769,1.113,125.238,27.367,3.14
44ad8d08-ff10-47a8-87b9-c0d910a144a0,2026-04-25T17:12:10.299742-04:00,node-01,orders-api,500,True,anomalous,market_aware_v1,67.799,55.86,255.822,29.448,1.095,128.354,61.769,3.024
10fe989f-a908-4025-bef7-5a0ca75e4a3c,2026-04-25T17:12:10.300206-04:00,node-01,checkout-api,500,True,normal,market_aware_v1,65.324,55.506,247.428,29.0,1.151,119.808,41.108,3.116
e4bb6e44-374b-489f-9cdc-f6ecf9a59699,2026-04-25T17:12:10.300679-04:00,node-01,payments-api,502,True,anomalous,market_aware_v1,62.957,57.304,274.423,26.911,1.243,129.95,22.809,3.315
3c9906cb-e89d-4bee-8be4-d30cd5744faa,2026-04-25T17:12:10.301097-04:00,node-01,orders-api,429,True,anomalous,market_aware_v1,69.982,50.262,234.797,28.208,1.101,123.18,61.812,3.022
ed92050b-0481-46ac-958d-58f003d2749e,2026-04-25T17:12:10.301511-04:00,node-01,checkout-api,500,True,anomalous,market_aware_v1,69.416,56.875,267.098,27.36,1.187,123.334,45.286,3.329
b84b800b-1418-4216-8a68-1155edc95bd7,2026-04-25T17:12:10.301929-04:00,node-01,payments-api,500,True,anomalous,market_aware_v1,69.539,58.564,287.094,26.764,1.196,138.46,30.994,3.435
3cdd6c9e-9663-49de-b9e8-51819af5dfd0,2026-04-25T17:12:10.302373-04:00,node-01,orders-api,500,True,anomalous,market_aware_v1,67.65,55.596,240.844,29.001,1.092,123.587,69.652,2.973
e1e75774-b5de-4f9c-a7dd-82bbcb54445b,2026-04-25T17:12:10.303328-04:00,node-01,checkout-api,502,True,anomalous,market_aware_v1,70.744,56.845,258.555,29.747,1.247,126.531,37.806,3.277
4cd9f8ce-5668-40c3-b642-31887c1eee71,2026-04-25T17:12:10.303752-04:00,node-01,payments-api,502,True,anomalous,market_aware_v1,65.858,59.769,273.577,24.299,1.127,127.771,33.783,3.089
d9076d34-df0c-48a8-81ec-8976441e8bf4,2026-04-25T17:12:10.304358-04:00,node-01,orders-api,503,True,normal,market_aware_v1,71.823,54.626,225.167,31.582,0.895,115.065,65.651,2.662
9aceb452-d83b-4659-ab70-554de955d72f,2026-04-25T17:12:10.304810-04:00,node-01,checkout-api,502,True,anomalous,market_aware_v1,69.887,58.217,282.706,30.993,1.46,136.953,41.67,4.093
245dbe63-91fe-4d37-9380-743c1787b247,2026-04-25T17:12:10.305471-04:00,node-01,payments-api,502,True,normal,market_aware_v1,64.637,62.671,240.325,28.864,1.03,113.53,38.284,2.76
196212a4-6129-428c-add4-6b31c6887af1,2026-04-25T17:12:10.305927-04:00,node-01,orders-api,429,True,normal,market_aware_v1,72.992,55.158,243.043,32.781,0.973,116.448,71.336,2.733
f3b5a462-c1ef-48f4-884e-1af9e5c8a193,2026-04-25T17:12:10.306690-04:00,node-01,checkout-api,502,True,anomalous,market_aware_v1,77.597,59.25,267.731,30.241,1.225,130.761,42.362,3.233
3f26ef07-7aff-4037-ae98-01ac954054f7,2026-04-25T17:12:10.307273-04:00,node-01,payments-api,502,True,anomalous,market_aware_v1,71.14,65.838,264.955,30.24,1.457,127.442,34.653,3.632
473e0f0f-f2f8-46d6-9fad-6324c3064b74,2026-04-25T17:12:10.307871-04:00,node-01,orders-api,503,True,anomalous,market_aware_v1,73.369,54.275,244.422,31.907,0.962,124.947,76.471,2.785
c8e58b31-b08c-4e45-b647-4ae87a240659,2026-04-25T17:12:10.308384-04:00,node-01,checkout-api,500,True,anomalous,market_aware_v1,75.858,58.381,265.81,30.939,1.252,122.915,55.265,3.174
ee5bedf0-6104-46f8-97bb-841681aa9805,2026-04-25T17:12:10.308916-04:00,node-01,payments-api,429,True,anomalous,market_aware_v1,69.513,63.978,267.716,28.576,1.186,129.868,40.468,3.222
a2b7ba6a-3878-455e-ad04-6c941723da90,2026-04-25T17:12:10.309424-04:00,node-01,orders-api,503,True,anomalous,market_aware_v1,74.944,58.879,254.674,33.604,1.098,130.713,65.146,3.2
fcf1fd78-18af-4dbd-9890-af1c3d555804,2026-04-25T17:12:10.309932-04:00,node-01,checkout-api,503,True,anomalous,market_aware_v1,74.119,58.446,264.367,31.041,1.349,126.79,52.335,3.475
16e100c8-eba2-4fda-867e-f017d7912923,2026-04-25T17:12:10.310772-04:00,node-01,payments-api,500,True,anomalous,market_aware_v1,68.861,65.085,265.956,26.601,1.242,129.95,34.119,3.329
ef133e6e-0dd7-42f2-a266-a0ec9bacffbe,2026-04-25T17:12:10.311623-04:00,node-01,orders-api,503,True,anomalous,market_aware_v1,78.88,58.504,242.421,33.204,0.971,123.92,73.521,2.842
e532f90b-e968-4d21-9e72-fa753961ef5b,2026-04-25T17:12:10.312336-04:00,node-01,checkout-api,429,True,anomalous,market_aware_v1,77.027,60.517,271.203,30.011,1.244,130.12,47.595,3.382
98c436e1-a217-45c8-8b07-38e929ac5873,2026-04-25T17:12:10.312873-04:00,node-01,payments-api,503,True,anomalous,market_aware_v1,70.132,62.527,261.895,27.916,1.144,126.042,31.73,3.041
064ca24a-5f66-447c-96b0-1b20596fa9b1,2026-04-25T17:12:10.313353-04:00,node-01,orders-api,502,True,anomalous,market_aware_v1,75.76,56.613,266.02,32.075,1.085,127.878,66.999,3.175
34f76ce0-f950-42c5-90d8-ffa109ba34e9,2026-04-25T17:12:10.313847-04:00,node-01,checkout-api,500,True,anomalous,market_aware_v1,74.28,60.081,265.388,29.822,1.249,125.193,48.325,3.274
54cb528f-da32-4f6c-8ac4-0b398af12ecc,2026-04-25T17:12:10.314342-04:00,node-01,payments-api,500,True,anomalous,market_aware_v1,65.659,62.26,256.508,25.993,1.195,128.715,39.673,3.283
ac0ef1f1-e832-43e0-880e-d306737481fa,2026-04-25T17:12:10.315507-04:00,node-01,orders-api,500,True,anomalous,market_aware_v1,74.04,53.997,258.945,31.564,1.147,131.94,61.805,3.254
096bee36-6413-4d28-9cb3-e293f640704c,2026-04-25T17:12:10.316496-04:00,node-01,checkout-api,503,True,normal,market_aware_v1,68.555,55.633,251.374,29.798,1.134,118.17,42.53,2.92
037066df-2bcb-427b-b52c-9cbade8c3931,2026-04-25T17:12:10.317040-04:00,node-01,payments-api,429,True,anomalous,market_aware_v1,67.106,58.63,259.91,25.327,1.149,122.851,36.122,3.152
fa767a2e-dbb8-4077-a731-ab9776c72487,2026-04-25T17:12:10.317617-04:00,node-01,orders-api,503,True,normal,market_aware_v1,69.993,50.865,238.517,29.387,1.053,119.328,67.096,2.844
2582f84f-63c6-417b-ae87-be3f2dc5d731,2026-04-25T17:12:10.318589-04:00,node-01,checkout-api,503,True,anomalous,market_aware_v1,66.776,57.458,256.713,28.042,1.127,121.257,42.129,2.986
7a7dd550-5ce8-4a19-b9d5-370c6da22fad,2026-04-25T17:12:10.319151-04:00,node-01,payments-api,500,True,anomalous,market_aware_v1,64.79,58.064,265.914,26.045,1.098,125.716,32.6,3.25
8e72052e-119a-4465-a1ad-ce5b977488d3,2026-04-25T17:12:10.319645-04:00,node-01,orders-api,500,True,anomalous,market_aware_v1,69.588,54.605,258.526,30.054,1.456,127.831,56.674,3.512
1cf0140d-5f94-4cab-b558-34f96323ff8b,2026-04-25T17:12:10.320102-04:00,node-01,checkout-api,502,True,anomalous,market_aware_v1,66.427,51.929,270.875,29.426,1.162,126.527,43.485,3.249
8682f1b5-aa7a-44b5-b2dd-a2a165a034bf,2026-04-25T17:12:10.320602-04:00,node-01,payments-api,429,True,anomalous,market_aware_v1,62.002,55.538,257.224,27.195,1.105,125.57,21.548,3.018
f51b54fc-a7c9-4be4-a384-a0ad881e8fbb,2026-04-25T17:12:10.321073-04:00,node-01,orders-api,429,True,anomalous,market_aware_v1,67.397,52.495,273.757,33.741,1.565,133.214,52.892,3.939
539bac40-ab9c-4b41-839c-88a440437b36,2026-04-25T17:12:10.321559-04:00,node-01,checkout-api,502,True,anomalous,market_aware_v1,63.474,54.823,264.264,27.913,1.171,125.354,35.994,3.214
4f84518a-0740-47a6-85da-821f7eeeec67,2026-04-25T17:12:10.322033-04:00,node-01,payments-api,503,True,anomalous,market_aware_v1,60.175,51.615,273.981,23.431,1.176,124.165,25.362,3.09
998aeefd-4c8b-4cf6-8ebb-81504be0a796,2026-04-25T17:12:10.322514-04:00,node-01,orders-api,500,True,anomalous,market_aware_v1,66.728,53.001,244.365,28.326,1.014,122.34,57.386,2.875
f3b6446a-8db5-48a9-953d-5b4b567a831d,2026-04-25T17:12:10.323011-04:00,node-01,checkout-api,429,True,normal,market_aware_v1,63.702,56.641,245.664,24.665,1.191,118.876,41.918,3.062
b88bf14e-233f-41fb-8eab-f16c2ed2badb,2026-04-25T17:12:10.323494-04:00,node-01,payments-api,503,True,anomalous,market_aware_v1,70.675,59.094,293.005,24.476,1.613,135.407,16.331,3.991
46e224bc-087a-4bc7-8414-80dd16f9e93f,2026-04-25T17:12:10.324052-04:00,node-01,orders-api,502,True,anomalous,market_aware_v1,62.43,45.826,257.739,28.598,1.092,130.542,53.918,3.037
aa8ba8c6-4cb0-44ff-8736-a43d03b62c88,2026-04-25T17:12:10.324517-04:00,node-01,checkout-api,502,True,normal,market_aware_v1,64.641,52.519,242.37,26.189,1.179,117.19,44.607,2.881
b0e5755d-3415-4ff3-94ea-2abcfb33b984,2026-04-25T17:12:10.324988-04:00,node-01,payments-api,429,True,normal,market_aware_v1,61.426,58.038,258.326,24.488,1.057,117.686,26.167,2.916
3ab8ddf5-f879-4bc2-b5bc-239cc79ed52b,2026-04-25T17:12:10.325416-04:00,node-01,orders-api,429,True,anomalous,market_aware_v1,67.991,52.119,225.94,30.747,0.997,121.554,63.919,2.787
52e131d4-c62b-411f-b289-5f2119e40824,2026-04-25T17:12:10.325943-04:00,node-01,checkout-api,429,True,anomalous,market_aware_v1,67.249,56.325,262.379,30.862,1.144,124.519,38.849,3.189
059d7b3b-0d08-475c-b1a3-08b49fc3ac28,2026-04-25T17:12:10.326376-04:00,node-01,payments-api,429,True,anomalous,market_aware_v1,58.973,56.987,252.06,25.088,1.142,121.183,34.896,2.956
39570e60-0d57-4781-8e19-45a7666bf9bc,2026-04-25T17:12:10.326862-04:00,node-01,orders-api,502,True,anomalous,market_aware_v1,68.42,51.964,246.747,30.517,1.115,127.444,59.007,3.099
4378962d-2440-4e00-a511-2e027ba5521f,2026-04-25T17:12:10.327340-04:00,node-01,checkout-api,503,True,anomalous,market_aware_v1,70.474,54.535,261.859,30.213,1.226,126.222,40.051,3.218
736125b9-7b0c-4495-a6e5-925273b55d85,2026-04-25T17:12:10.327807-04:00,node-01,payments-api,503,True,anomalous,market_aware_v1,63.31,59.379,272.56,24.337,1.216,130.671,32.452,3.392
63da946a-9d2c-4558-97be-af81d20387ea,2026-04-25T17:12:10.328264-04:00,node-01,orders-api,500,True,normal,market_aware_v1,69.894,53.324,241.119,29.752,1.078,119.932,70.47,2.81
74b29a78-a33f-4483-9248-d6273155329e,2026-04-25T17:12:10.328716-04:00,node-01,checkout-api,429,True,anomalous,market_aware_v1,71.506,53.666,257.412,28.726,1.264,126.887,46.207,3.362
0a03171d-1812-42f1-9d69-1a5c684df101,2026-04-25T17:12:10.329120-04:00,node-01,payments-api,500,True,anomalous,market_aware_v1,66.193,56.975,266.323,25.459,1.168,134.769,32.31,3.283
8f24c7d0-5174-41d0-a560-53b01a28ca78,2026-04-25T17:12:10.329521-04:00,node-01,orders-api,503,True,anomalous,market_aware_v1,72.074,55.634,251.125,32.994,1.161,127.166,68.128,3.124
8efc8964-f532-474b-9998-476ff1a0d541,2026-04-25T17:12:10.329972-04:00,node-01,checkout-api,500,True,anomalous,market_aware_v1,75.323,60.395,285.887,29.67,1.675,137.878,37.981,4.027
6e7147b2-6ed5-45c2-9c97-abf53e1717e6,2026-04-25T17:12:10.330406-04:00,node-01,payments-api,500,True,anomalous,market_aware_v1,68.799,56.983,268.791,26.07,1.109,124.891,42.637,2.929
ba5b4666-867e-4dff-be72-89a02cdd8a44,2026-04-25T17:12:10.330863-04:00,node-01,orders-api,500,True,anomalous,market_aware_v1,73.553,53.862,245.617,32.334,1.006,127.506,69.69,2.951
f3783dcb-3583-4eb6-b392-2a48020f3645,2026-04-25T17:12:10.331310-04:00,node-01,checkout-api,503,True,anomalous,market_aware_v1,67.427,57.886,242.854,29.985,1.127,124.472,47.111,3.177
1c160629-7532-4a18-b1b3-3f87f97fa6e4,2026-04-25T17:12:10.331775-04:00,node-01,payments-api,429,True,anomalous,market_aware_v1,68.94,61.701,271.332,25.508,1.259,126.645,31.134,3.179
eee8d56c-85d8-4704-9186-a297103ecedd,2026-04-25T17:12:10.332226-04:00,node-01,orders-api,502,True,normal,market_aware_v1,74.369,57.138,239.018,34.815,1.072,119.068,74.422,2.897
39da6e2e-d750-4f87-9727-c370de018ed6,2026-04-25T17:12:10.332679-04:00,node-01,checkout-api,500,True,anomalous,market_aware_v1,75.753,56.485,283.104,28.947,1.268,132.52,42.195,3.336
ade9f241-9c94-4e44-b4bc-2ab388bc80cd,2026-04-25T17:12:10.333135-04:00,node-01,payments-api,503,True,normal,market_aware_v1,62.609,58.057,244.764,27.457,1.106,119.012,35.639,2.936
6fd02bd7-7a9e-4193-9584-2b4940e1fce3,2026-04-25T17:12:10.333638-04:00,node-01,orders-api,429,True,anomalous,market_aware_v1,76.14,55.386,237.109,32.229,1.012,122.964,74.698,2.857
11db734d-fcda-43f8-a245-2b14d6ff6eab,2026-04-25T17:12:10.334091-04:00,node-01,checkout-api,429,True,normal,market_aware_v1,69.838,57.896,238.363,32.423,1.223,117.579,47.168,3.032
cc55f0d5-f1ab-4ef2-9bf0-1798ae439a59,2026-04-25T17:12:10.334518-04:00,node-01,payments-api,502,True,anomalous,market_aware_v1,67.808,61.594,265.643,25.382,1.227,125.306,36.469,3.249
8023d4b2-ef92-4e0e-8038-73d4adb21116,2026-04-25T17:12:10.334924-04:00,node-01,orders-api,500,True,anomalous,market_aware_v1,71.896,55.972,258.487,30.301,1.415,129.262,58.407,3.6
8da32871-5864-4854-944f-034a34cdd936,2026-04-25T17:12:10.335329-04:00,node-01,checkout-api,429,True,anomalous,market_aware_v1,70.728,57.286,252.147,27.313,1.164,121.847,44.359,3.135
c9a3c1a7-27aa-4aa6-a7ac-51fc726653a1,2026-04-25T17:12:10.335759-04:00,node-01,payments-api,500,True,anomalous,market_aware_v1,66.225,58.099,271.415,25.456,1.146,128.515,26.296,3.245
4189a56f-52b0-49fc-98b5-a73fc2e9ca8e,2026-04-25T17:12:10.336180-04:00,node-01,orders-api,429,True,anomalous,market_aware_v1,69.782,53.872,244.36,31.207,1.038,130.772,68.039,3.124
f27b0d76-14cf-4f5c-814f-5abb4972e707,2026-04-25T17:12:10.336644-04:00,node-01,checkout-api,500,True,anomalous,market_aware_v1,70.182,58.946,274.455,27.669,1.228,131.33,36.471,3.341
33566bde-5565-4f5c-a581-3fbacd9e915a,2026-04-25T17:12:10.337119-04:00,node-01,payments-api,502,True,anomalous,market_aware_v1,64.2,56.088,275.133,27.629,1.242,127.658,32.056,3.262
58e73f0b-6ab7-49fc-80ae-bde48c38542c,2026-04-25T17:12:10.337607-04:00,node-01,orders-api,503,True,anomalous,market_aware_v1,70.283,54.235,240.764,29.878,1.017,120.516,68.808,2.886
b2c1bb73-a0b7-4343-b66f-2a56b94e7b56,2026-04-25T17:12:10.338078-04:00,node-01,checkout-api,429,True,anomalous,market_aware_v1,63.985,55.623,248.107,28.84,1.142,123.103,41.94,3.11
bfbdf891-6915-4de3-b592-644be213c101,2026-04-25T17:12:10.338547-04:00,node-01,payments-api,429,True,anomalous,market_aware_v1,66.67,55.676,277.87,26.896,1.248,132.537,26.089,3.484
8ad13dae-8cf6-4e35-9ad5-be6f28b4e503,2026-04-25T17:12:10.338980-04:00,node-01,orders-api,502,True,normal,market_aware_v1,69.494,50.362,243.485,30.85,0.999,118.465,66.389,2.777
e7ee3fe1-0c70-4a6c-ba4a-05de4cf6d4fa,2026-04-25T17:12:10.339416-04:00,node-01,checkout-api,500,True,anomalous,market_aware_v1,67.02,56.638,256.662,27.489,1.19,122.04,41.951,3.207
338345ea-689a-4620-a56a-c4d57067ace9,2026-04-25T17:12:10.339886-04:00,node-01,payments-api,502,True,anomalous,market_aware_v1,63.042,56.797,277.361,24.839,1.223,133.57,21.953,3.225
c9e38a76-5f12-49c1-98a3-433b317f5db8,2026-04-25T17:12:10.340333-04:00,node-01,orders-api,502,True,anomalous,market_aware_v1,72.213,51.901,269.243,27.649,1.074,132.234,52.843,3.203
9723f6c2-f13f-4312-ae07-167d3987db5a,2026-04-25T17:12:10.340798-04:00,node-01,checkout-api,503,True,normal,market_aware_v1,69.504,52.695,249.01,27.798,1.096,115.513,48.54,2.938
231e60eb-8d43-48fb-a1c6-c61b78254e38,2026-04-25T17:12:10.341259-04:00,node-01,payments-api,500,True,anomalous,market_aware_v1,63.297,55.556,270.076,26.871,1.231,134.837,25.872,3.527
eca9c479-066c-4ad2-a2bf-31a515e70035,2026-04-25T17:12:10.341709-04:00,node-01,orders-api,500,True,anomalous,market_aware_v1,69.14,56.545,247.394,31.142,0.994,121.386,66.204,2.857
7ae630c2-d9dd-4c21-8998-393e3dba419d,2026-04-25T17:12:10.342149-04:00,node-01,checkout-api,503,True,normal,market_aware_v1,70.054,58.95,241.793,29.501,1.175,116.33,47.535,2.994
54573bab-10de-43cf-9b86-225af7c486a4,2026-04-25T17:12:10.342593-04:00,node-01,payments-api,502,True,anomalous,market_aware_v1,68.365,60.661,280.95,24.383,1.16,134.197,29.68,3.454
d5a78647-548e-4215-8277-208a478989a3,2026-04-25T17:12:10.343036-04:00,node-01,orders-api,429,True,anomalous,market_aware_v1,70.277,56.95,254.85,33.598,1.417,126.329,61.334,3.565
219e1e21-2318-432e-80c2-5eb9f8f17a07,2026-04-25T17:12:10.343491-04:00,node-01,checkout-api,500,True,anomalous,market_aware_v1,73.132,59.199,255.431,30.116,1.237,124.736,47.355,3.114
903e42a9-ddd8-4408-84fa-126e9dcb6efb,2026-04-25T17:12:10.343923-04:00,node-01,payments-api,429,True,anomalous,market_aware_v1,69.719,62.534,267.512,28.579,1.169,126.359,35.338,3.103
4bc23012-c2d4-469a-944c-86dbde0bb116,2026-04-25T17:12:10.344377-04:00,node-01,orders-api,502,True,anomalous,market_aware_v1,84.457,58.317,283.803,35.777,1.698,143.213,65.39,4.409
c3d5119a-fdcd-41f7-8884-03d320054aa4,2026-04-25T17:12:10.344748-04:00,node-01,checkout-api,503,True,anomalous,market_aware_v1,70.342,60.155,258.578,27.524,1.228,125.446,47.82,3.174
546c2757-c52c-41cb-a356-d7cff3a81ede,2026-04-25T17:12:10.345183-04:00,node-01,payments-api,503,True,anomalous,market_aware_v1,69.871,63.23,272.787,27.283,1.195,125.67,32.176,3.157
1c3d2e34-fd9c-4334-9886-a671b5bfe3b5,2026-04-25T17:12:10.345630-04:00,node-01,orders-api,503,True,anomalous,market_aware_v1,75.365,56.262,248.83,33.111,1.09,125.869,66.627,3.026
f3232e4d-fbd7-473c-8c86-5ac80cbb05ea,2026-04-25T17:12:10.346036-04:00,node-01,checkout-api,502,True,anomalous,market_aware_v1,77.336,58.437,267.334,29.718,1.292,129.629,50.734,3.36
a2488a59-8c21-4967-b47a-edd78c8bbaf7,2026-04-25T17:12:10.346413-04:00,node-01,payments-api,429,True,anomalous,market_aware_v1,72.602,62.312,279.057,26.04,1.149,132.433,35.695,3.338
23a91b75-db06-4ee4-b265-858897912ff0,2026-04-25T17:12:10.346863-04:00,node-01,orders-api,502,True,normal,market_aware_v1,76.751,59.184,239.74,33.501,1.007,119.873,70.398,2.854
7a95f6ac-f6a0-4dcd-8223-d815d56834d1,2026-04-25T17:12:10.347350-04:00,node-01,checkout-api,429,True,anomalous,market_aware_v1,75.925,64.252,257.995,33.196,1.191,125.329,53.612,3.279
c29818c6-a510-49b1-ba37-2ae3450d61dc,2026-04-25T17:12:10.347779-04:00,node-01,payments-api,503,True,anomalous,market_aware_v1,75.317,61.193,273.453,30.011,1.494,131.951,31.175,3.627
fe2309a8-1cef-4466-b70d-17609fdbf0ee,2026-04-25T17:12:10.348213-04:00,node-01,orders-api,502,True,anomalous,market_aware_v1,79.663,56.344,252.641,32.966,1.097,122.619,75.446,2.918
af7c3d87-c15e-4ed2-8e00-db382bae4fcb,2026-04-25T17:12:10.349170-04:00,node-01,checkout-api,429,True,anomalous,market_aware_v1,75.353,63.163,267.624,30.694,1.33,132.539,45.435,3.428
bb380b9a-8db5-4ade-a2ad-d2e142532f09,2026-04-25T17:12:10.349611-04:00,node-01,payments-api,503,True,anomalous,market_aware_v1,70.703,60.334,273.903,30.164,1.225,133.482,38.338,3.422
025afb0b-7b77-4f4a-ace1-bcb90f046f63,2026-04-25T17:12:10.350026-04:00,node-01,orders-api,503,True,anomalous,market_aware_v1,72.481,56.129,248.913,32.256,1.129,125.921,72.21,3.139
f6c9822a-3cbf-46dc-bb60-a623607492ca,2026-04-25T17:12:10.350406-04:00,node-01,checkout-api,429,True,anomalous,market_aware_v1,71.623,59.959,259.389,29.99,1.232,125.233,45.335,3.267
0a827560-8af8-4900-80c3-7390b856dd0c,2026-04-25T17:12:10.350853-04:00,node-01,payments-api,503,True,anomalous,market_aware_v1,66.066,58.23,277.671,24.847,1.234,139.547,32.201,3.457
227940e4-0eee-4aad-9f6b-8dd9ebd6b288,2026-04-25T17:12:10.351298-04:00,node-01,orders-api,429,True,anomalous,market_aware_v1,69.418,55.812,244.588,29.416,1.017,126.645,68.27,2.918
59ff94fa-a828-46ac-aa30-56293f1c9f42,2026-04-25T17:12:10.351775-04:00,node-01,checkout-api,503,True,normal,market_aware_v1,70.105,58.357,256.027,28.798,1.068,115.349,51.349,2.809
d54fa3b2-1cdc-4111-85bf-9ccc221f3416,2026-04-25T17:12:10.352218-04:00,node-01,payments-api,502,True,anomalous,market_aware_v1,65.78,58.229,274.876,25.515,1.196,133.476,26.55,3.342
9524a2fd-e170-44a3-b93e-68f8b70e8b10,2026-04-25T17:12:10.352681-04:00,node-01,orders-api,500,True,anomalous,market_aware_v1,69.529,54.276,244.748,29.963,1.046,123.191,64.015,2.877
a81d4765-369c-439f-ad17-3b36718250d2,2026-04-25T17:12:10.353145-04:00,node-01,checkout-api,500,True,anomalous,market_aware_v1,71.849,56.583,283.697,27.161,1.335,132.181,33.272,3.546
a0094beb-e84e-40a1-bbfd-39ac5f55456a,2026-04-25T17:12:10.353572-04:00,node-01,payments-api,429,True,anomalous,market_aware_v1,65.513,59.066,280.855,24.44,1.234,126.538,24.664,3.233
4617ce94-e545-4359-9817-87a6468ec2f5,2026-04-25T17:12:10.354055-04:00,node-01,orders-api,502,True,anomalous,market_aware_v1,69.002,52.624,249.78,29.677,1.137,125.728,61.875,3.099
57686c36-5a48-406f-88cc-edf8bb526275,2026-04-25T17:12:10.354963-04:00,node-01,checkout-api,503,True,anomalous,market_aware_v1,68.475,57.455,268.855,29.043,1.325,128.706,34.594,3.614
e7c766e8-3b0d-49a6-ba2a-b3af1fc962fb,2026-04-25T17:12:10.355441-04:00,node-01,payments-api,503,True,anomalous,market_aware_v1,62.754,55.324,272.208,26.582,1.157,131.296,23.402,3.22
aa43904f-ef8c-4405-87ca-6d1bdf032a40,2026-04-25T17:12:10.355905-04:00,node-01,orders-api,503,True,anomalous,market_aware_v1,71.85,49.467,245.717,28.903,1.087,126.238,60.876,3.006
82b56776-fba6-4bb1-9b03-96162655f8da,2026-04-25T17:12:10.356336-04:00,node-01,checkout-api,502,True,anomalous,market_aware_v1,65.112,55.906,278.78,28.07,1.518,131.116,33.841,3.781
dea128ed-88af-4a34-82ee-d08b2a95dfaf,2026-04-25T17:12:10.357143-04:00,node-01,payments-api,502,True,anomalous,market_aware_v1,64.025,55.947,263.448,25.441,1.204,126.167,24.421,3.164
57ff5b73-d648-4d3e-b858-2e902923dced,2026-04-25T17:12:10.357862-04:00,node-01,orders-api,429,True,anomalous,market_aware_v1,70.034,49.268,234.591,30.728,1.136,123.475,59.89,2.897
5ecb980b-192c-4cc8-ae82-f9055084b568,2026-04-25T17:12:10.358345-04:00,node-01,checkout-api,503,True,anomalous,market_aware_v1,65.24,55.841,246.562,27.196,1.227,121.112,38.267,3.073
62810131-e33d-442e-8973-d04f97fcce4c,2026-04-25T17:12:10.358970-04:00,node-01,payments-api,503,True,anomalous,market_aware_v1,65.031,57.132,265.488,22.067,1.208,130.535,21.647,3.231
937de908-3fe4-4f9d-a9b0-eb90dff4b5f7,2026-04-25T17:12:10.359409-04:00,node-01,orders-api,429,True,anomalous,market_aware_v1,68.924,51.317,230.091,28.762,1.077,121.29,62.665,3.067
13289774-7bf1-4e1b-9da7-7c96260782b0,2026-04-25T17:12:10.359858-04:00,node-01,checkout-api,502,True,anomalous,market_aware_v1,65.585,53.018,266.033,27.639,1.201,119.014,37.959,3.114
f859843f-2fb2-43c2-b0e7-e451ec2e7bd8,2026-04-25T17:12:10.360309-04:00,node-01,payments-api,502,True,anomalous,market_aware_v1,60.854,53.946,265.403,27.532,1.171,127.163,19.727,3.242
d609d375-f8e5-48d6-a5de-95749d8622b5,2026-04-25T17:12:10.360799-04:00,node-01,orders-api,502,True,anomalous,market_aware_v1,69.409,49.328,242.543,27.804,1.061,127.259,59.457,3.05
5bd21033-45e3-40f6-90b1-c723e36a00ee,2026-04-25T17:12:10.361270-04:00,node-01,checkout-api,500,True,anomalous,market_aware_v1,65.501,55.632,256.153,27.969,1.262,126.709,38.312,3.293
6ed45650-a4a1-4dd6-abf0-3bde389d25ac,2026-04-25T17:12:10.361722-04:00,node-01,payments-api,503,True,anomalous,market_aware_v1,61.387,58.782,278.147,25.516,1.155,132.269,16.643,3.329
47666aea-2481-4132-88ea-0a083f9ea26b,2026-04-25T17:12:10.362174-04:00,node-01,orders-api,503,True,anomalous,market_aware_v1,68.469,52.365,235.837,28.957,1.031,125.911,61.826,3.065
5db17638-d2d0-454c-a653-7d4f53da4b01,2026-04-25T17:12:10.362649-04:00,node-01,checkout-api,500,True,anomalous,market_aware_v1,70.013,54.792,256.885,30.466,1.228,124.612,44.582,3.213
0951db30-d97f-49a7-a569-056f2c1a9f83,2026-04-25T17:12:10.363092-04:00,node-01,payments-api,429,True,anomalous,market_aware_v1,74.656,61.26,307.547,27.085,1.683,145.692,17.425,4.233
ade20755-61c4-4f76-8281-a4aa57de5554,2026-04-25T17:12:10.363563-04:00,node-01,orders-api,503,True,anomalous,market_aware_v1,72.35,55.656,238.991,30.555,1.103,122.601,70.213,2.898
46186ce9-0d69-4934-94ab-4a49c27f377e,2026-04-25T17:12:10.364018-04:00,node-01,checkout-api,503,True,anomalous,market_aware_v1,67.2,56.32,243.897,29.356,1.257,123.919,42.123,3.271
459e863d-d1aa-45e0-a201-5bd9b1dfbdf3,2026-04-25T17:12:10.364474-04:00,node-01,payments-api,503,True,anomalous,market_aware_v1,65.037,59.311,257.86,25.178,1.105,122.159,32.139,3.008
743fce6f-c508-40ea-8d2c-2802167da499,2026-04-25T17:12:10.364906-04:00,node-01,orders-api,502,True,anomalous,market_aware_v1,71.927,56.875,255.828,32.139,1.224,129.253,65.259,3.255
289fd322-a06f-435e-be4a-b8598f6cd6ef,2026-04-25T17:12:10.365329-04:00,node-01,checkout-api,429,True,anomalous,market_aware_v1,73.396,59.034,274.559,27.527,1.377,135.683,41.41,3.581
c0fe12f3-6042-466e-8aee-ce70ea5365a9,2026-04-25T17:12:10.365729-04:00,node-01,payments-api,503,True,anomalous,market_aware_v1,67.95,60.394,270.217,27.986,1.221,133.182,42.072,3.447
0b9fcba4-06b2-4283-a9d8-4a72e00b0993,2026-04-25T17:12:10.366189-04:00,node-01,orders-api,429,True,anomalous,market_aware_v1,75.61,54.528,229.763,32.238,1.021,123.283,74.657,2.998
18671ac6-3cfe-4e49-90e8-9a90dde6b085,2026-04-25T17:12:10.366648-04:00,node-01,checkout-api,503,True,anomalous,market_aware_v1,73.198,60.711,275.96,30.183,1.474,139.212,45.703,3.857
e2b7bd55-83b9-4e22-b335-63c67b41622b,2026-04-25T17:12:10.367098-04:00,node-01,payments-api,429,True,anomalous,market_aware_v1,67.865,59.73,281.629,25.152,1.364,140.509,28.464,3.784
60919750-9211-468b-8448-3a8b4f5fb4c6,2026-04-25T17:12:10.367548-04:00,node-01,orders-api,502,True,anomalous,market_aware_v1,75.083,54.945,248.313,30.042,1.028,124.393,65.734,2.99
6ed58802-3ee1-49a4-8ad7-620555104f74,2026-04-25T17:12:10.367999-04:00,node-01,checkout-api,503,True,anomalous,market_aware_v1,73.565,56.34,267.12,29.829,1.246,125.644,44.283,3.201
512ad87f-bae8-464d-b178-ad4bd70486d5,2026-04-25T17:12:10.368414-04:00,node-01,payments-api,502,True,anomalous,market_aware_v1,66.443,60.51,252.657,26.7,1.109,120.181,37.327,2.927
dee07f49-1257-4ade-9435-b1667cb78d9f,2026-04-25T17:12:10.368905-04:00,node-01,orders-api,429,True,anomalous,market_aware_v1,71.918,57.474,251.383,29.293,1.071,128.619,66.698,3.147
3e8c9fd7-eb34-4f7d-bd16-84f4b6ece00b,2026-04-25T17:12:10.369355-04:00,node-01,checkout-api,502,True,normal,market_aware_v1,71.766,56.863,251.108,29.207,1.161,119.376,45.466,3.025
5f7c203f-8b72-4142-8050-b5ad13b28d62,2026-04-25T17:12:10.369845-04:00,node-01,payments-api,502,True,anomalous,market_aware_v1,72.527,59.639,283.804,25.732,1.181,137.772,31.033,3.467
bbadcbc5-e757-4b3c-bf78-ee4fe9c722df,2026-04-25T17:12:10.370302-04:00,node-01,orders-api,500,True,anomalous,market_aware_v1,74.798,56.647,243.462,30.769,1.127,125.657,63.557,3.017
a84409c3-74b6-4ada-a9b7-4d2e5979c249,2026-04-25T17:12:10.370797-04:00,node-01,checkout-api,503,True,anomalous,market_aware_v1,68.304,55.366,261.06,30.294,1.229,123.461,44.272,3.237
bdfaab92-0cd9-4c43-964e-3a4d369cde36,2026-04-25T17:12:10.371275-04:00,node-01,payments-api,429,True,anomalous,market_aware_v1,67.872,58.724,280.001,24.357,1.251,138.065,24.268,3.516
be052702-4cc7-4d5f-8a5c-b49d5c820e01,2026-04-25T17:12:10.371758-04:00,node-01,orders-api,500,True,anomalous,market_aware_v1,75.287,53.217,245.993,29.799,0.999,123.64,71.081,2.857
35226b6e-0210-4945-b4bc-2316125e2cbc,2026-04-25T17:12:10.372231-04:00,node-01,checkout-api,500,True,anomalous,market_aware_v1,68.056,59.677,266.432,27.983,1.174,127.609,53.019,3.393
62738660-4316-4bdf-996d-85a2f2d0ac47,2026-04-25T17:12:10.372687-04:00,node-01,payments-api,500,True,anomalous,market_aware_v1,63.053,57.579,265.295,22.958,1.201,134.067,26.153,3.3
1b8c177f-7de4-4057-972a-96efefa2d2a1,2026-04-25T17:12:10.373185-04:00,node-01,orders-api,429,True,anomalous,market_aware_v1,68.929,55.487,243.355,32.154,0.945,121.542,62.293,2.864
38e4a622-5850-430c-b4b7-11a177a91124,2026-04-25T17:12:10.373656-04:00,node-01,checkout-api,503,True,anomalous,market_aware_v1,66.924,56.863,272.111,28.586,1.306,132.078,34.405,3.367
73983995-3677-4716-95d6-d2a2a4c74871,2026-04-25T17:12:10.374121-04:00,node-01,payments-api,503,True,anomalous,market_aware_v1,63.433,58.278,273.071,25.701,1.173,128.877,27.07,3.166
187ad72d-d47f-4397-8357-4071952c0409,2026-04-25T17:12:10.374577-04:00,node-01,orders-api,429,True,anomalous,market_aware_v1,70.22,50.213,264.745,32.1,1.108,130.922,56.696,3.221
67b296e6-982f-498c-93ad-c996422a256e,2026-04-25T17:12:10.375032-04:00,node-01,checkout-api,502,True,anomalous,market_aware_v1,68.374,54.692,253.128,28.135,1.174,122.829,45.4,3.114
04591aaa-f5b9-4e48-9a89-5f7646735ff6,2026-04-25T17:12:10.375515-04:00,node-01,payments-api,500,True,anomalous,market_aware_v1,64.258,57.148,253.13,24.474,1.126,120.483,33.724,3.015
aebdd0ef-222b-4e69-8582-f676dc2a71bf,2026-04-25T17:12:10.375993-04:00,node-01,orders-api,429,True,anomalous,market_aware_v1,72.643,55.117,248.914,29.704,1.044,126.634,61.116,3.047
35c1a28c-3b00-4057-b604-d08c2fab97bc,2026-04-25T17:12:10.376461-04:00,node-01,checkout-api,429,True,anomalous,market_aware_v1,70.553,57.16,283.213,29.506,1.65,136.692,30.814,4.013
509e476a-8eca-4ae0-bdbb-1439d686cbff,2026-04-25T17:12:10.376928-04:00,node-01,payments-api,502,True,anomalous,market_aware_v1,68.206,55.425,277.606,25.653,1.155,129.925,22.617,3.164
12ff8e3e-bea4-454d-8b10-131b71c95185,2026-04-25T17:12:10.377385-04:00,node-01,orders-api,503,True,anomalous,market_aware_v1,72.769,52.761,252.234,32.544,1.105,131.26,60.149,3.213
830b0d64-45c0-4abc-b9ca-74fc625a1ea6,2026-04-25T17:12:10.377862-04:00,node-01,checkout-api,503,True,anomalous,market_aware_v1,68.168,58.037,264.852,28.677,1.296,131.349,41.054,3.36
e9760817-4374-4458-b24a-41a11f6d15bf,2026-04-25T17:12:10.378326-04:00,node-01,payments-api,429,True,anomalous,market_aware_v1,70.627,61.622,283.057,28.407,1.484,131.38,23.519,3.79
d34d66f5-0545-4632-9590-c3b4f8d2e830,2026-04-25T17:12:10.378833-04:00,node-01,orders-api,503,True,anomalous,market_aware_v1,71.532,53.012,255.829,31.697,1.27,128.895,70.56,3.531
b3c8eac9-222a-409a-bd21-a824b4868930,2026-04-25T17:12:10.379323-04:00,node-01,checkout-api,503,True,anomalous,market_aware_v1,71.922,55.771,286.132,30.454,1.361,139.896,39.755,3.85
662a21c4-ef97-48ac-bd56-8572a9340d6a,2026-04-25T17:12:10.379815-04:00,node-01,payments-api,429,True,anomalous,market_aware_v1,64.133,56.835,288.352,25.755,1.308,138.83,30.306,3.611
58e70d8d-839d-41c6-a896-64de9707f796,2026-04-25T17:12:10.380269-04:00,node-01,orders-api,503,True,anomalous,market_aware_v1,78.693,53.87,273.029,31.126,1.111,130.988,71.576,3.165
ea7e5697-f331-4176-a89d-6ccd0b9b6d1d,2026-04-25T17:12:10.380716-04:00,node-01,checkout-api,500,True,anomalous,market_aware_v1,74.103,60.056,270.065,31.759,1.323,133.935,40.137,3.458
4840e754-a19c-460d-9f33-00feaf7b905a,2026-04-25T17:12:10.381164-04:00,node-01,payments-api,503,True,anomalous,market_aware_v1,72.511,61.585,276.22,29.003,1.261,138.515,33.922,3.517
77ac13ec-2ca7-43bf-ac4b-c9de13f06ffa,2026-04-25T17:12:10.381626-04:00,node-01,orders-api,500,True,anomalous,market_aware_v1,76.23,56.284,247.403,29.598,1.09,129.304,73.033,3.084
2a3360a7-b4a3-43e6-a39e-d592089cf366,2026-04-25T17:12:10.382079-04:00,node-01,checkout-api,502,True,anomalous,market_aware_v1,74.175,56.933,273.205,32.251,1.34,135.366,49.326,3.492
183cfb70-a980-44f6-a4ba-d9f75d469d08,2026-04-25T17:12:10.382537-04:00,node-01,payments-api,500,True,anomalous,market_aware_v1,73.69,66.693,286.933,29.034,1.302,133.151,34.938,3.495
8bdd9ef0-8d10-4076-8680-6bf074e9bff9,2026-04-25T17:12:10.382993-04:00,node-01,orders-api,503,True,anomalous,market_aware_v1,76.464,59.203,253.99,33.414,1.029,127.313,70.196,3.045
e7554b79-bf0b-4268-8406-56529eb3bc11,2026-04-25T17:12:10.383413-04:00,node-01,checkout-api,502,True,anomalous,market_aware_v1,77.332,58.251,265.614,28.373,1.299,127.07,48.969,3.359
178189ae-27ad-426d-80bc-ed2b23c32acd,2026-04-25T17:12:10.383871-04:00,node-01,payments-api,500,True,anomalous,market_aware_v1,75.824,61.745,293.122,31.316,1.263,135.683,38.051,3.468
29968ffb-98b8-4974-b111-959fc55ed87f,2026-04-25T17:12:10.384327-04:00,node-01,orders-api,502,True,anomalous,market_aware_v1,77.781,55.164,259.165,31.019,1.167,133.329,76.006,3.229
302ba0ad-4930-436f-9e01-79e1b7d35286,2026-04-25T17:12:10.384791-04:00,node-01,checkout-api,502,True,anomalous,market_aware_v1,77.099,59.838,280.194,29.842,1.383,138.25,48.079,3.732
2cffc7a0-54c8-4db1-9238-e4d7cee1835f,2026-04-25T17:12:10.385252-04:00,node-01,payments-api,500,True,anomalous,market_aware_v1,71.184,60.295,283.994,28.882,1.322,137.418,32.608,3.514
48ef3e44-30d1-42d8-a00e-9b37d2014843,2026-04-25T17:12:10.385712-04:00,node-01,orders-api,429,True,anomalous,market_aware_v1,76.641,56.286,231.733,33.818,1.088,122.084,73.354,2.926
435e0d23-ed6f-478a-aa02-9ec0120fe2df,2026-04-25T17:12:10.386177-04:00,node-01,checkout-api,429,True,anomalous,market_aware_v1,73.488,58.509,269.241,31.219,1.245,126.541,46.474,3.331
343ab50e-95a7-48fb-bd8b-691834cb2237,2026-04-25T17:12:10.386600-04:00,node-01,payments-api,502,True,anomalous,market_aware_v1,66.194,61.769,257.958,27.046,1.256,130.297,36.005,3.345
f9c962a3-6ba6-439d-a10e-6db6ea8d6cc2,2026-04-25T17:12:10.387032-04:00,node-01,orders-api,500,True,anomalous,market_aware_v1,74.502,52.379,251.671,29.934,1.012,126.396,67.582,2.914
d6cdf0ce-3650-42fa-b3e8-05c0de197594,2026-04-25T17:12:10.387479-04:00,node-01,checkout-api,429,True,anomalous,market_aware_v1,73.118,60.294,281.893,30.412,1.308,136.541,41.147,3.551
0b4c41d0-a180-4979-b4a5-3fc2caa3c32a,2026-04-25T17:12:10.387905-04:00,node-01,payments-api,500,True,anomalous,market_aware_v1,68.291,59.483,286.913,26.176,1.407,141.629,26.918,3.669
1282f79b-8683-40ac-af6c-e23a1d8abcb3,2026-04-25T17:12:10.388316-04:00,node-01,orders-api,429,True,anomalous,market_aware_v1,73.766,54.311,232.276,29.507,1.01,121.104,69.816,2.911
58531a53-6e52-43e2-92c4-e29e7e180135,2026-04-25T17:12:10.388737-04:00,node-01,checkout-api,429,True,anomalous,market_aware_v1,69.26,54.115,267.696,30.195,1.303,129.486,42.685,3.28
62dc2ab8-3306-4aaf-9c7c-0223cd96d0e1,2026-04-25T17:12:10.389131-04:00,node-01,payments-api,503,True,anomalous,market_aware_v1,65.987,59.125,291.329,26.374,1.424,140.762,29.597,3.985
3e535197-2541-4438-8fa4-cdb56e8c1575,2026-04-25T17:12:10.389546-04:00,node-01,orders-api,503,True,normal,market_aware_v1,70.118,57.041,237.885,29.212,1.019,117.835,67.017,2.793
5fc434c9-05ca-4106-97e3-7a65f9e7df96,2026-04-25T17:12:10.389941-04:00,node-01,checkout-api,502,True,normal,market_aware_v1,64.298,52.809,260.324,29.39,1.223,117.304,45.792,3.125
fcbd0700-b762-471a-8af8-32119d9ea686,2026-04-25T17:12:10.390331-04:00,node-01,payments-api,503,True,anomalous,market_aware_v1,64.341,55.305,276.816,23.871,1.318,132.555,27.592,3.65
91bb46b6-06cc-4b00-afff-3299ae3d9471,2026-04-25T17:12:10.390779-04:00,node-01,orders-api,500,True,anomalous,market_aware_v1,69.649,53.572,256.368,31.85,1.172,127.147,61.806,3.401
80b7edf1-952a-48e6-9369-45c14e162263,2026-04-25T17:12:10.391208-04:00,node-01,checkout-api,503,True,normal,market_aware_v1,66.725,53.685,246.833,26.491,1.097,117.193,36.894,2.972
e29fa737-d2ad-4516-9948-f34c66dcf7a0,2026-04-25T17:12:10.391609-04:00,node-01,payments-api,502,True,anomalous,market_aware_v1,57.967,53.655,258.772,25.029,1.153,122.781,27.913,3.016
f3657041-0f1f-4d29-b3a9-93b499cf0cca,2026-04-25T17:12:10.392034-04:00,node-01,orders-api,503,True,anomalous,market_aware_v1,71.051,47.622,241.793,30.011,1.1,125.247,56.277,3.128
d0dd097f-456e-4f94-97e7-5be580881ace,2026-04-25T17:12:10.392400-04:00,node-01,checkout-api,503,True,anomalous,market_aware_v1,69.617,53.556,272.248,26.098,1.339,131.887,36.053,3.327
15a73ee8-9888-49c6-83b9-d82e18031932,2026-04-25T17:12:10.393177-04:00,node-01,payments-api,502,True,anomalous,market_aware_v1,57.859,54.614,272.171,24.479,1.163,130.672,23.568,3.24
b44e36c6-0ce9-4d86-b9e2-201a0d4fde5c,2026-04-25T17:12:10.393597-04:00,node-01,orders-api,429,True,anomalous,market_aware_v1,64.274,48.584,241.26,26.829,0.996,123.415,53.714,2.855
f3824630-4aa9-48fa-a9da-9a2a0c68031e,2026-04-25T17:12:10.394137-04:00,node-01,checkout-api,429,True,anomalous,market_aware_v1,67.639,52.754,272.406,24.9,1.385,130.55,34.087,3.578
603a0d9c-4e18-4815-8655-1cab450d2851,2026-04-25T17:12:10.394648-04:00,node-01,payments-api,500,True,anomalous,market_aware_v1,65.836,57.708,278.771,26.918,1.172,127.061,17.817,3.28
eee206ec-ea15-4470-9eb9-7427a9ab1979,2026-04-25T17:12:10.395069-04:00,node-01,orders-api,500,True,anomalous,market_aware_v1,70.635,50.161,249.966,28.947,1.108,128.721,62.277,3.11
9ed37ae4-81a7-404a-b680-2c133aec6404,2026-04-25T17:12:10.395573-04:00,node-01,checkout-api,429,True,anomalous,market_aware_v1,69.093,55.29,270.962,27.288,1.306,132.138,37.682,3.461
ceb9e59b-4814-496f-a589-e0ed1bdf8ea8,2026-04-25T17:12:10.396025-04:00,node-01,payments-api,502,True,anomalous,market_aware_v1,63.836,60.394,287.326,23.696,1.339,136.22,21.43,3.843
aebc65a0-fee0-46e9-98a4-47bd486ce18a,2026-04-25T17:12:10.396432-04:00,node-01,orders-api,429,True,anomalous,market_aware_v1,71.853,53.293,247.048,31.654,1.104,128.657,57.31,3.058
984a3554-c186-4895-8b07-51745c777fb6,2026-04-25T17:12:10.396844-04:00,node-01,checkout-api,500,True,anomalous,market_aware_v1,71.645,58.09,276.102,29.2,1.322,136.028,43.628,3.582
730888ab-b9f3-423d-8359-991d38eb95d8,2026-04-25T17:12:10.397252-04:00,node-01,payments-api,502,True,anomalous,market_aware_v1,63.022,60.626,267.622,24.268,1.208,127.687,27.83,3.276
07db2d4d-855c-456f-8f5e-76b111963f82,2026-04-25T17:12:10.397736-04:00,node-01,orders-api,503,True,anomalous,market_aware_v1,74.527,54.038,254.41,30.054,1.092,130.214,63.931,3.045
91df02f6-dfaf-4e0f-80f6-31481198877f,2026-04-25T17:12:10.398132-04:00,node-01,checkout-api,502,True,anomalous,market_aware_v1,70.145,57.036,282.408,30.807,1.296,134.096,41.015,3.507
20a819af-2f5a-48b0-b1fa-0c826f978164,2026-04-25T17:12:10.398542-04:00,node-01,payments-api,500,True,anomalous,market_aware_v1,68.129,59.251,274.343,27.247,1.238,127.627,29.709,3.348
685c9be5-4807-4573-ac6b-147af0705e93,2026-04-25T17:12:10.398951-04:00,node-01,orders-api,503,True,anomalous,market_aware_v1,75.423,53.681,259.751,30.698,1.083,128.962,61.862,3.068
cf8c0460-8dd4-439b-b4ce-acb6e4302c48,2026-04-25T17:12:10.399366-04:00,node-01,checkout-api,500,True,anomalous,market_aware_v1,70.159,59.507,281.44,29.388,1.308,137.507,41.51,3.589
7b9ef187-f377-484a-855d-035948e86d38,2026-04-25T17:12:10.399783-04:00,node-01,payments-api,429,True,anomalous,market_aware_v1,68.837,58.643,283.175,29.627,1.199,136.177,32.538,3.412
1a409083-99dc-41f0-8e37-efa469891bcf,2026-04-25T17:12:10.400247-04:00,node-01,orders-api,500,True,anomalous,market_aware_v1,75.217,59.057,258.376,32.583,1.19,131.736,63.924,3.104
217893ee-37a7-4888-b2d9-7fca6ab0f480,2026-04-25T17:12:10.400711-04:00,node-01,checkout-api,503,True,anomalous,market_aware_v1,73.676,60.583,275.659,29.298,1.19,129.813,48.731,3.316
233979b6-d49d-494b-b28d-c8f46c7568e5,2026-04-25T17:12:10.401178-04:00,node-01,payments-api,500,True,anomalous,market_aware_v1,67.12,60.647,278.332,25.939,1.189,128.414,24.364,3.326
c3dbea92-8315-44f3-98fc-79023078892d,2026-04-25T17:12:10.401648-04:00,node-01,orders-api,500,True,anomalous,market_aware_v1,73.208,57.435,256.144,30.459,1.202,134.865,63.981,3.276
0bb4a0b2-ddb1-42d7-9fc7-6bb1ffbb5e92,2026-04-25T17:12:10.402062-04:00,node-01,checkout-api,500,True,anomalous,market_aware_v1,75.894,56.074,268.447,29.942,1.093,124.225,45.07,3.101
53cb888a-d861-4271-9b40-c85306bb24ba,2026-04-25T17:12:10.402473-04:00,node-01,payments-api,500,True,anomalous,market_aware_v1,69.077,61.873,276.051,27.566,1.208,130.219,37.891,3.328
15c49865-95fb-419b-97fa-7695da0bb101,2026-04-25T17:12:10.402904-04:00,node-01,orders-api,500,True,anomalous,market_aware_v1,73.415,56.493,248.466,31.447,1.028,125.184,67.936,2.873
af9d264b-f0be-4f9a-96b9-14531326de15,2026-04-25T17:12:10.403726-04:00,node-01,checkout-api,503,True,anomalous,market_aware_v1,72.688,58.171,258.828,31.26,1.251,127.974,43.017,3.314
7e3e04e5-9356-44ca-b751-4f37fd344612,2026-04-25T17:12:10.404186-04:00,node-01,payments-api,503,True,anomalous,market_aware_v1,70.884,61.306,276.903,28.462,1.608,137.235,24.259,3.879
98b5f4a6-8285-4588-af4b-bf53a9132322,2026-04-25T17:12:10.404653-04:00,node-01,orders-api,503,True,anomalous,market_aware_v1,72.217,53.298,251.598,32.96,1.071,126.695,60.849,2.982
b0e3259f-b774-4714-b36d-c71de25231a7,2026-04-25T17:12:10.405162-04:00,node-01,checkout-api,500,True,anomalous,market_aware_v1,70.965,59.072,264.772,30.806,1.297,128.158,49.178,3.453
c48f0c0f-afa0-4880-8b04-e7a93785cb18,2026-04-25T17:12:10.405639-04:00,node-01,payments-api,500,True,anomalous,market_aware_v1,68.149,61.214,289.886,28.611,1.586,137.58,21.959,3.985
e96c09c1-d697-44a4-b180-eaf193b28547,2026-04-25T17:12:10.406116-04:00,node-01,orders-api,502,True,anomalous,market_aware_v1,72.377,54.363,255.018,32.517,1.106,127.828,59.011,3.221
f3a6f1ce-52b6-4406-a764-460df5a65742,2026-04-25T17:12:10.406577-04:00,node-01,checkout-api,502,True,anomalous,market_aware_v1,73.578,59.827,277.542,31.348,1.655,137.397,35.91,3.995
e1d7c4aa-a5b0-4e29-9470-c38fd9367767,2026-04-25T17:12:10.407045-04:00,node-01,payments-api,429,True,anomalous,market_aware_v1,63.728,59.261,259.371,25.836,1.057,126.147,30.379,3.211
f4480620-003e-4cf9-a4d5-4d2144cadad2,2026-04-25T17:12:10.407509-04:00,node-01,orders-api,503,True,anomalous,market_aware_v1,67.276,52.651,234.35,30.609,1.062,125.059,59.554,3.003
80192d2f-6ddb-49e0-baa3-79f7d9ace8c9,2026-04-25T17:12:10.407928-04:00,node-01,checkout-api,429,True,anomalous,market_aware_v1,67.446,55.097,256.482,27.691,1.239,125.425,39.399,3.223
942b2a38-7686-4f38-8af2-3574b4f1931a,2026-04-25T17:12:10.408371-04:00,node-01,payments-api,503,True,anomalous,market_aware_v1,64.426,58.538,272.545,25.401,1.146,132.403,29.539,3.242
72a6dcf4-1401-4dc9-8240-2ee95e5695ed,2026-04-25T17:12:10.408826-04:00,node-01,orders-api,500,True,anomalous,market_aware_v1,73.069,52.891,252.435,29.117,0.973,125.871,57.681,2.894
e99d3a2d-9a62-4b0f-8430-fff4c32e7963,2026-04-25T17:12:10.409315-04:00,node-01,checkout-api,502,True,anomalous,market_aware_v1,67.596,56.941,283.408,29.531,1.46,134.408,33.254,3.805
f1855a6a-f65b-459b-9080-784e65987257,2026-04-25T17:12:10.409766-04:00,node-01,payments-api,429,True,anomalous,market_aware_v1,63.301,57.925,275.362,23.571,1.271,139.466,20.329,3.621
b6a66af2-6b21-4665-a0f3-2cf88766f130,2026-04-25T17:12:10.410208-04:00,node-01,orders-api,500,True,anomalous,market_aware_v1,72.408,54.955,248.866,29.057,1.058,124.303,62.408,3.02
13f07638-b611-407e-86ac-7bb1ae01e215,2026-04-25T17:12:10.410663-04:00,node-01,checkout-api,429,True,anomalous,market_aware_v1,75.089,57.576,285.502,30.688,1.666,137.037,30.573,4.041
e45a1165-503c-46c5-9222-f5be3d37ca6d,2026-04-25T17:12:10.411084-04:00,node-01,payments-api,429,True,anomalous,market_aware_v1,69.342,61.287,270.187,25.816,1.197,129.667,24.838,3.231
de0d27bf-2bf3-4644-89ad-0e65b8dc7c07,2026-04-25T17:12:10.411534-04:00,node-01,orders-api,503,True,anomalous,market_aware_v1,74.251,54.958,258.483,31.22,1.126,132.841,58.839,3.213
7a08cabb-0d34-447b-a125-b4ed04ea2e49,2026-04-25T17:12:10.411974-04:00,node-01,checkout-api,429,True,anomalous,market_aware_v1,72.828,60.506,286.386,30.696,1.678,139.533,33.371,4.074
8a5f5658-33c9-40cd-9005-4d18d7aa9ca2,2026-04-25T17:12:10.412415-04:00,node-01,payments-api,500,True,anomalous,market_aware_v1,66.43,59.29,293.313,25.741,1.292,136.471,24.568,3.505
391581eb-deaf-448a-b1e5-c15ba81a782d,2026-04-25T17:12:10.412841-04:00,node-01,orders-api,429,True,anomalous,market_aware_v1,72.408,54.42,271.994,32.208,1.105,135.758,57.014,3.34
5bbab57c-8a9a-45eb-98fc-19098af85bb5,2026-04-25T17:12:10.413247-04:00,node-01,checkout-api,500,True,anomalous,market_aware_v1,73.005,59.772,273.894,30.049,1.303,133.941,40.772,3.423
e7d2e99d-6596-43de-975f-90a16e6e1b8b,2026-04-25T17:12:10.413686-04:00,node-01,payments-api,429,True,anomalous,market_aware_v1,70.682,60.616,286.852,25.097,1.281,131.483,26.433,3.414
e52f92d9-e82b-4b4b-96dd-2261c50de05d,2026-04-25T17:12:10.414134-04:00,node-01,orders-api,502,True,anomalous,market_aware_v1,75.53,60.619,255.302,33.114,1.291,125.403,64.648,3.324
0e501b4c-05f2-41f5-9d68-6902b1a0f970,2026-04-25T17:12:10.414579-04:00,node-01,checkout-api,503,True,anomalous,market_aware_v1,73.879,57.866,272.505,30.857,1.37,136.838,45.189,3.51
3d363ed2-4fa6-4af8-b841-c5efca894eb4,2026-04-25T17:12:10.415076-04:00,node-01,payments-api,502,True,anomalous,market_aware_v1,70.709,62.444,292.429,30.208,1.582,137.137,22.668,3.898
ed62dffb-f419-41f3-9c15-d6504dee4f4e,2026-04-25T17:12:10.415533-04:00,node-01,orders-api,500,True,anomalous,market_aware_v1,79.12,58.618,248.995,31.59,1.112,127.995,73.209,3.156
b7f2e26b-ce24-4d20-a35e-d643c190d47c,2026-04-25T17:12:10.415982-04:00,node-01,checkout-api,502,True,anomalous,market_aware_v1,76.098,62.213,269.586,31.767,1.324,132.078,47.323,3.506
2ce2382d-1ef6-4d92-863f-350f35a6b304,2026-04-25T17:12:10.416422-04:00,node-01,payments-api,429,True,anomalous,market_aware_v1,70.203,64.475,277.245,28.318,1.265,135.427,33.88,3.451
5eb1ac62-22e9-4606-8820-f52de86face4,2026-04-25T17:12:10.416915-04:00,node-01,orders-api,503,True,anomalous,market_aware_v1,79.784,59.66,257.767,34.137,1.174,131.378,67.241,3.172
c4e7dc15-887e-4745-a57a-70deb1cf1989,2026-04-25T17:12:10.417319-04:00,node-01,checkout-api,500,True,anomalous,market_aware_v1,77.247,63.919,279.195,31.112,1.365,133.072,48.62,3.482
c684a7b6-eff1-4705-acc6-9f9f23c171db,2026-04-25T17:12:10.418232-04:00,node-01,payments-api,503,True,anomalous,market_aware_v1,71.901,66.024,279.35,28.608,1.156,124.745,36.805,3.104
7ac90673-64b7-40b9-8a68-aa0ad470e6c0,2026-04-25T17:12:10.418738-04:00,node-01,orders-api,429,True,anomalous,market_aware_v1,80.788,57.471,259.794,32.469,1.118,129.417,74.936,3.18
2d556e7d-f730-43d1-aed4-7fcd73adee8d,2026-04-25T17:12:10.419164-04:00,node-01,checkout-api,429,True,anomalous,market_aware_v1,79.62,57.93,281.149,32.722,1.424,138.207,49.024,3.771
46eb1c30-8be1-452f-8499-e98cb63ff877,2026-04-25T17:12:10.419621-04:00,node-01,payments-api,500,True,anomalous,market_aware_v1,67.228,63.839,265.179,28.108,1.083,125.791,35.671,3.019
0f2db829-4d81-4c8c-987d-4c1a31aa372d,2026-04-25T17:12:10.420046-04:00,node-01,orders-api,502,True,anomalous,market_aware_v1,75.166,56.06,255.756,32.456,1.107,129.169,71.753,3.097
7f6d29e7-cfba-4337-b295-59fef1eb1fd0,2026-04-25T17:12:10.420463-04:00,node-01,checkout-api,500,True,anomalous,market_aware_v1,76.556,58.1,268.88,29.843,1.28,130.697,51.676,3.497
8bf9f153-cf46-4bbf-ac37-25e398d29298,2026-04-25T17:12:10.420929-04:00,node-01,payments-api,503,True,anomalous,market_aware_v1,70.117,61.236,286.516,29.305,1.24,136.308,30.509,3.475
18d0793a-fd23-45de-9bb5-7b0627d1563e,2026-04-25T17:12:10.421378-04:00,node-01,orders-api,502,True,anomalous,market_aware_v1,73.161,58.315,266.873,32.865,1.028,127.667,68.669,2.989
abf059ae-0dac-45cc-be0f-09393b75ea86,2026-04-25T17:12:10.421824-04:00,node-01,checkout-api,503,True,anomalous,market_aware_v1,73.769,59.097,261.609,27.697,1.268,129.903,44.757,3.402
df49ea43-50d7-4f61-933c-2e21c251185a,2026-04-25T17:12:10.422240-04:00,node-01,payments-api,502,True,anomalous,market_aware_v1,71.235,62.202,271.803,24.447,1.308,132.477,27.699,3.393
365534d5-065a-4ca5-9b67-00a8c8ad873b,2026-04-25T17:12:10.422680-04:00,node-01,orders-api,502,True,anomalous,market_aware_v1,75.432,55.571,288.609,32.851,1.673,144.101,57.349,4.396
08f85a23-16b2-4add-a6b0-6c112882a861,2026-04-25T17:12:10.423114-04:00,node-01,checkout-api,503,True,normal,market_aware_v1,67.195,53.963,250.429,29.175,1.1,119.1,48.513,3.032
2fe1799d-4e70-49eb-8e99-eceae1fe067b,2026-04-25T17:12:10.423562-04:00,node-01,payments-api,429,True,anomalous,market_aware_v1,66.254,59.727,271.944,24.623,1.153,128.494,18.929,3.249
8e95e29d-7036-47c4-a379-35776a9d143a,2026-04-25T17:12:10.424003-04:00,node-01,orders-api,500,True,anomalous,market_aware_v1,73.392,53.014,249.963,27.416,1.112,131.952,62.371,3.114
649dba3f-4ec9-4e82-bd39-5416c1c37bbc,2026-04-25T17:12:10.424408-04:00,node-01,checkout-api,502,True,anomalous,market_aware_v1,69.106,52.93,260.333,29.178,1.257,128.952,41.183,3.406
d5fa98cf-85ec-47e3-ba69-bf7a6f387dbb,2026-04-25T17:12:10.424874-04:00,node-01,payments-api,503,True,anomalous,market_aware_v1,65.431,56.215,274.816,25.672,1.334,133.885,22.52,3.548
0ab304ce-4a92-4506-ba3d-539f690aa757,2026-04-25T17:12:10.425330-04:00,node-01,orders-api,503,True,anomalous,market_aware_v1,68.353,48.147,250.39,29.665,1.112,129.873,54.333,3.123
9c4b4e9c-1dfe-428a-be23-8478f772fdfd,2026-04-25T17:12:10.425755-04:00,node-01,checkout-api,500,True,anomalous,market_aware_v1,62.296,55.428,259.99,28.717,1.224,121.913,42.177,3.25
2b903ee7-0457-465c-b191-db36b3cddce2,2026-04-25T17:12:10.426203-04:00,node-01,payments-api,500,True,anomalous,market_aware_v1,59.366,57.235,271.457,24.646,1.232,127.531,26.246,3.235
f40b8328-14f8-4c82-9234-827da47223fb,2026-04-25T17:12:10.426727-04:00,node-01,orders-api,502,True,anomalous,market_aware_v1,69.956,51.42,253.077,27.627,1.107,128.281,56.85,3.148
92394d8f-055a-4ebc-b78b-a09df3409a86,2026-04-25T17:12:10.427410-04:00,node-01,checkout-api,502,True,anomalous,market_aware_v1,64.551,56.224,234.58,27.061,1.167,120.704,41.487,3.135
d799ac38-8b08-4cd0-9fca-06a7c7b45757,2026-04-25T17:12:10.427895-04:00,node-01,payments-api,500,True,anomalous,market_aware_v1,64.416,58.588,274.364,22.775,1.204,133.925,25.296,3.441
a375eda2-914c-465b-a4d8-98bf469850b7,2026-04-25T17:12:10.428397-04:00,node-01,orders-api,429,True,anomalous,market_aware_v1,67.126,48.656,253.769,29.063,1.229,133.348,53.74,3.284
fa4ee140-ddb7-45c5-b534-7ea2ee9ac15f,2026-04-25T17:12:10.428845-04:00,node-01,checkout-api,500,True,anomalous,market_aware_v1,66.644,52.621,261.727,27.431,1.247,128.404,35.543,3.333
958656b9-e1d8-4925-b048-8a3cd2a0346f,2026-04-25T17:12:10.429305-04:00,node-01,payments-api,429,True,anomalous,market_aware_v1,60.28,57.201,277.63,24.459,1.177,127.934,26.572,3.216
604f37ed-32d2-4def-8810-b74c36b51180,2026-04-25T17:12:10.429767-04:00,node-01,orders-api,503,True,anomalous,market_aware_v1,66.347,51.679,239.1,28.14,1.063,126.576,65.005,2.945
0f750ebb-c651-4221-911f-96ffe682baec,2026-04-25T17:12:10.430197-04:00,node-01,checkout-api,429,True,anomalous,market_aware_v1,67.554,53.197,258.772,29.681,1.245,125.831,40.103,3.234
0f35a391-7c88-4697-b222-1e234e0ccfca,2026-04-25T17:12:10.430684-04:00,node-01,payments-api,503,True,anomalous,market_aware_v1,64.524,55.662,269.68,24.467,1.227,130.298,25.995,3.278
61bd2d00-8110-480f-b03d-5d2718ef19a6,2026-04-25T17:12:10.431126-04:00,node-01,orders-api,503,True,anomalous,market_aware_v1,73.175,52.408,247.752,31.186,1.052,120.438,66.298,3.068
2cf1a558-7dcb-4219-9eda-d75cac34995e,2026-04-25T17:12:10.431556-04:00,node-01,checkout-api,429,True,anomalous,market_aware_v1,69.65,57.905,268.138,27.676,1.249,129.301,39.614,3.397
6bad398e-4f34-4f12-a16a-c2a45120c53f,2026-04-25T17:12:10.432012-04:00,node-01,payments-api,502,True,anomalous,market_aware_v1,65.067,59.997,276.699,24.874,1.234,130.388,23.312,3.445
f308c4c7-b490-42d1-afc8-50a43448669c,2026-04-25T17:12:10.432468-04:00,node-01,orders-api,500,True,anomalous,market_aware_v1,70.824,53.449,253.82,29.677,1.123,128.497,63.171,3.104
d524b01c-45ef-4273-9ffa-6ab786a28303,2026-04-25T17:12:10.432936-04:00,node-01,checkout-api,503,True,anomalous,market_aware_v1,71.297,57.343,276.219,29.03,1.225,132.747,39.905,3.312
8292cb10-0225-4cd6-9e13-18d88aa01a70,2026-04-25T17:12:10.433368-04:00,node-01,payments-api,500,True,anomalous,market_aware_v1,64.342,60.36,282.76,25.318,1.208,136.939,30.382,3.575
33fe4072-8e28-4f35-a149-991a75f7a069,2026-04-25T17:12:10.433816-04:00,node-01,orders-api,429,True,normal,market_aware_v1,75.078,50.657,247.298,31.358,1.024,119.791,69.706,2.777
4159cfcb-b610-40df-8b12-b67116bcafb9,2026-04-25T17:12:10.434257-04:00,node-01,checkout-api,500,True,anomalous,market_aware_v1,73.119,59.755,269.752,29.782,1.232,130.127,44.408,3.279
681123c1-dde8-4eb6-b92c-47c44294c23b,2026-04-25T17:12:10.434713-04:00,node-01,payments-api,429,True,anomalous,market_aware_v1,66.107,61.432,277.229,28.224,1.206,128.645,33.437,3.299
97f6d661-efe2-4798-a326-241602924f31,2026-04-25T17:12:10.435125-04:00,node-01,orders-api,503,True,anomalous,market_aware_v1,78.777,51.966,274.23,32.974,1.177,136.344,62.517,3.406
274f50c7-41b1-48b4-ab42-f25691190b88,2026-04-25T17:12:10.435572-04:00,node-01,checkout-api,500,True,anomalous,market_aware_v1,76.118,60.372,282.004,29.845,1.319,131.221,47.887,3.554
f0a52f29-98ef-43d6-b617-ca103ef956d2,2026-04-25T17:12:10.436010-04:00,node-01,payments-api,502,True,anomalous,market_aware_v1,67.707,63.495,268.313,25.075,1.31,134.231,31.427,3.447
40735fc9-5a2f-490b-8301-d84766d06273,2026-04-25T17:12:10.436414-04:00,node-01,orders-api,502,True,anomalous,market_aware_v1,81.337,59.206,271.927,29.325,1.228,135.944,65.806,3.37
4b396032-7534-4641-a621-e8d9cfc97ae4,2026-04-25T17:12:10.436835-04:00,node-01,checkout-api,503,True,anomalous,market_aware_v1,72.862,59.528,279.665,29.924,1.353,130.114,45.697,3.485
74d1b401-51be-4be3-b94e-1a9e37f12676,2026-04-25T17:12:10.437244-04:00,node-01,payments-api,429,True,anomalous,market_aware_v1,71.243,56.719,278.313,24.54,1.084,130.833,25.222,3.228
354aadbf-4a27-4711-a2db-e4c09c19142b,2026-04-25T17:12:10.437610-04:00,node-01,orders-api,503,True,anomalous,market_aware_v1,76.314,58.134,267.885,33.021,1.152,137.148,68.216,3.317
4afefd9d-2f55-48b7-b0d7-b7d556351100,2026-04-25T17:12:10.438018-04:00,node-01,checkout-api,500,True,anomalous,market_aware_v1,71.794,59.931,278.031,31.353,1.386,137.472,38.41,3.597
6ee20501-0461-4e05-b631-010aac905bf6,2026-04-25T17:12:10.438491-04:00,node-01,payments-api,429,True,anomalous,market_aware_v1,70.363,60.592,290.76,26.442,1.288,139.045,28.099,3.546
b0ece7e4-1123-457f-8f18-04b8279c6da3,2026-04-25T17:12:10.438958-04:00,node-01,orders-api,429,True,anomalous,market_aware_v1,75.528,57.998,260.496,31.738,1.076,125.998,68.172,2.921
366c51b1-d8a4-4edc-88c1-489f602477b0,2026-04-25T17:12:10.439413-04:00,node-01,checkout-api,429,True,anomalous,market_aware_v1,73.91,57.54,276.497,31.974,1.539,134.663,35.885,3.905
ebc47210-44cc-4f5b-b399-f7832e4dd796,2026-04-25T17:12:10.439830-04:00,node-01,payments-api,429,True,anomalous,market_aware_v1,68.509,61.064,271.922,27.212,1.222,132.527,25.668,3.436
deb70bb2-cc3d-4b68-ab50-c8228f1a0fbf,2026-04-25T17:12:10.440230-04:00,node-01,orders-api,502,True,anomalous,market_aware_v1,74.651,55.412,260.7,31.586,1.19,136.762,53.928,3.378
e7df01a9-7f6c-4b1b-bef4-42a4a9590959,2026-04-25T17:12:10.440649-04:00,node-01,checkout-api,429,True,anomalous,market_aware_v1,72.729,57.204,274.838,29.601,1.313,131.651,35.995,3.435
a0a8b295-c2af-45ee-a73b-d1dd7d37565a,2026-04-25T17:12:10.441045-04:00,node-01,payments-api,503,True,anomalous,market_aware_v1,67.789,56.466,288.177,27.096,1.267,137.542,24.101,3.382
6d404498-fd43-4856-a464-48d9eb4f129a,2026-04-25T17:12:10.441409-04:00,node-01,orders-api,502,True,anomalous,market_aware_v1,75.66,55.956,266.184,32.846,1.475,137.419,57.302,3.763
7cb9b086-6a69-4cbc-a032-7fbc2ae2feb2,2026-04-25T17:12:10.441819-04:00,node-01,checkout-api,502,True,anomalous,market_aware_v1,68.876,55.849,279.212,26.592,1.345,134.594,35.736,3.52
54c47680-0e1c-48ba-b61f-55b5156454fe,2026-04-25T17:12:10.442228-04:00,node-01,payments-api,502,True,anomalous,market_aware_v1,65.596,60.381,283.131,25.729,1.253,135.603,23.19,3.426
d58cb667-09d4-4c17-92ad-5d26bb8c5e0e,2026-04-25T17:12:10.442644-04:00,node-01,orders-api,502,True,anomalous,market_aware_v1,69.77,52.828,252.888,30.983,1.141,128.526,60.699,3.187
6af48133-5eed-4b17-96f1-5249052e89bb,2026-04-25T17:12:10.443131-04:00,node-01,checkout-api,429,True,anomalous,market_aware_v1,73.371,58.586,265.307,27.356,1.315,131.207,39.327,3.387
cf8a7632-b9ff-4609-8b48-ea166ca325e6,2026-04-25T17:12:10.443605-04:00,node-01,payments-api,502,True,anomalous,market_aware_v1,63.56,56.161,283.191,24.884,1.104,124.583,31.961,3.084
9be33d1a-ea13-4bfe-8336-7db3c123e7e6,2026-04-25T17:12:10.444091-04:00,node-01,orders-api,502,True,anomalous,market_aware_v1,69.173,53.881,271.34,29.855,1.324,135.934,60.589,3.813
7db9efc8-27a2-4cef-a573-f055620a57c5,2026-04-25T17:12:10.444554-04:00,node-01,checkout-api,429,True,anomalous,market_aware_v1,72.115,60.332,268.305,32.236,1.515,131.377,33.013,3.6
41384487-6ad2-46f7-8024-f0c30bbebed0,2026-04-25T17:12:10.445008-04:00,node-01,payments-api,502,True,anomalous,market_aware_v1,72.967,60.581,305.961,26.793,1.625,146.208,16.378,4.235
f3821642-84af-49df-97e3-70f6fbf143fe,2026-04-25T17:12:10.445466-04:00,node-01,orders-api,502,True,anomalous,market_aware_v1,71.286,52.84,264.53,32.144,1.153,134.81,58.926,3.202
5b37f6eb-a4c8-457e-8d6d-8a64e248bd7b,2026-04-25T17:12:10.445912-04:00,node-01,checkout-api,429,True,anomalous,market_aware_v1,74.058,57.417,275.571,28.925,1.331,136.578,34.955,3.567
9a3a1109-7817-4456-96e8-5fcf769183ef,2026-04-25T17:12:10.446375-04:00,node-01,payments-api,500,True,anomalous,market_aware_v1,65.382,58.809,266.961,25.245,1.132,126.626,29.273,3.079
3a500003-c080-4b48-8194-7ccb0ea661ab,2026-04-25T17:12:10.446792-04:00,node-01,orders-api,503,True,anomalous,market_aware_v1,76.773,55.669,265.109,32.394,1.155,133.195,60.918,3.283
444d6f44-8e29-4e7c-82f3-57c6a52586b9,2026-04-25T17:12:10.447186-04:00,node-01,checkout-api,502,True,anomalous,market_aware_v1,73.696,58.798,261.545,32.045,1.201,127.33,50.92,3.299
a50d4dae-68f7-45c2-b32d-e319caf46c7b,2026-04-25T17:12:10.447591-04:00,node-01,payments-api,429,True,anomalous,market_aware_v1,68.077,58.394,278.198,27.489,1.291,137.046,24.69,3.539
a002f3aa-c11b-40c2-b588-748d150bfd48,2026-04-25T17:12:10.448021-04:00,node-01,orders-api,500,True,anomalous,market_aware_v1,78.247,55.735,263.529,32.297,1.043,127.668,68.718,3.034
3ef1976a-ef70-44d1-9d97-d27d8f98077c,2026-04-25T17:12:10.448403-04:00,node-01,checkout-api,502,True,anomalous,market_aware_v1,77.142,59.763,278.111,30.085,1.345,134.016,44.781,3.562
4271b86a-157d-4a2e-b0f0-36f6fbc64e26,2026-04-25T17:12:10.449211-04:00,node-01,payments-api,503,True,anomalous,market_aware_v1,69.192,64.278,277.277,27.305,1.245,135.093,34.989,3.578
38b66d5c-11d8-4098-be32-8076a6a7f23f,2026-04-25T17:12:10.449718-04:00,node-01,orders-api,503,True,anomalous,market_aware_v1,74.212,60.836,264.471,33.247,1.087,126.214,69.804,2.975
8a036cce-6f8e-44c2-a094-e859e4a3fbcd,2026-04-25T17:12:10.450214-04:00,node-01,checkout-api,500,True,anomalous,market_aware_v1,73.216,57.771,282.706,29.631,1.357,141.633,43.325,3.669
1df7f358-ac20-47f5-9138-e7547e15872c,2026-04-25T17:12:10.450648-04:00,node-01,payments-api,502,True,anomalous,market_aware_v1,75.013,65.112,282.283,28.62,1.217,132.309,37.053,3.359
b7034fb9-30d8-430e-9003-bf8fda3b7936,2026-04-25T17:12:10.451047-04:00,node-01,orders-api,502,True,anomalous,market_aware_v1,81.109,58.195,268.991,32.606,1.463,135.372,63.744,3.647
ef765400-c746-49fa-90a9-08b3d0158d84,2026-04-25T17:12:10.451473-04:00,node-01,checkout-api,503,True,anomalous,market_aware_v1,75.435,62.623,270.715,31.194,1.278,134.721,51.899,3.526
9a8992d2-99e9-4fac-a814-533c94fd6bb3,2026-04-25T17:12:10.451980-04:00,node-01,payments-api,502,True,anomalous,market_aware_v1,80.071,61.962,301.45,28.768,1.706,150.317,21.823,4.195
dc2cb5b3-f0a1-467d-a671-0dcc07d83389,2026-04-25T17:12:10.452488-04:00,node-01,orders-api,500,True,anomalous,market_aware_v1,75.351,57.878,248.074,32.34,1.28,131.862,74.845,3.454
cb4aea1c-b452-4b96-afe3-596dcf5c4658,2026-04-25T17:12:10.452960-04:00,node-01,checkout-api,500,True,anomalous,market_aware_v1,79.466,60.908,289.2,32.813,1.372,135.354,47.507,3.547
32a59726-3e2d-4b00-936e-e7d815413f49,2026-04-25T17:12:10.453482-04:00,node-01,payments-api,500,True,anomalous,market_aware_v1,69.339,60.4,272.891,27.388,1.248,136.6,35.964,3.537
fd3b539e-ffe4-43e0-8ac0-5b8fa287dcb9,2026-04-25T17:12:10.453937-04:00,node-01,orders-api,500,True,anomalous,market_aware_v1,81.744,59.462,289.189,32.668,1.582,142.801,62.657,3.985
24191b64-7c2a-4437-82f1-55894f7acdc0,2026-04-25T17:12:10.454401-04:00,node-01,checkout-api,503,True,anomalous,market_aware_v1,76.542,57.823,272.403,31.778,1.317,130.435,45.071,3.391
fc607ad1-b5eb-4114-b4f1-29937b3e058d,2026-04-25T17:12:10.454870-04:00,node-01,payments-api,503,True,anomalous,market_aware_v1,72.92,60.499,296.236,30.666,1.285,136.188,29.004,3.469
ede692f2-f0e5-4917-8fdd-64e4ed4f7eb9,2026-04-25T17:12:10.455341-04:00,node-01,orders-api,429,True,anomalous,market_aware_v1,77.483,56.53,288.232,35.526,1.301,141.617,62.379,3.863
af27522c-be89-4fc3-b5e1-7c63e9723aa7,2026-04-25T17:12:10.455779-04:00,node-01,checkout-api,500,True,anomalous,market_aware_v1,72.932,61.264,297.05,30.883,1.505,145.076,35.786,4.186
6edf6d7a-60ea-4099-8072-0e9e2fefe393,2026-04-25T17:12:10.456243-04:00,node-01,payments-api,503,True,anomalous,market_aware_v1,68.11,64.344,276.714,26.347,1.191,126.239,31.853,3.142
ad144057-3d07-41e4-8a88-dc5444ec5158,2026-04-25T17:12:10.456711-04:00,node-01,orders-api,500,True,anomalous,market_aware_v1,75.76,55.143,262.548,31.83,1.113,131.36,64.613,3.071
663cbf5c-9d18-4592-a669-ff1e42c432d5,2026-04-25T17:12:10.457149-04:00,node-01,checkout-api,502,True,anomalous,market_aware_v1,72.488,60.841,282.429,28.353,1.396,135.025,38.522,3.575
1b322dd9-8481-418d-ac53-b2cdbe123430,2026-04-25T17:12:10.457613-04:00,node-01,payments-api,503,True,anomalous,market_aware_v1,62.445,59.201,280.777,26.064,1.327,135.101,19.351,3.451
2e6e69de-8a94-451d-af26-5e03507e1f79,2026-04-25T17:12:10.458092-04:00,node-01,orders-api,500,True,anomalous,market_aware_v1,73.489,58.065,257.345,31.629,1.05,129.962,58.218,3.191
8b8a7c28-430c-4a67-83a7-e019bbb47e49,2026-04-25T17:12:10.458540-04:00,node-01,checkout-api,502,True,anomalous,market_aware_v1,70.514,55.028,276.591,28.25,1.44,141.382,32.576,3.752
2e5b25fd-b69c-4cc3-bd16-cac77c7b2714,2026-04-25T17:12:10.458962-04:00,node-01,payments-api,429,True,anomalous,market_aware_v1,65.462,56.729,282.76,22.981,1.198,131.692,28.525,3.442
538df096-a579-42be-ae3a-1304589b2f99,2026-04-25T17:12:10.459391-04:00,node-01,orders-api,429,True,anomalous,market_aware_v1,74.83,49.419,265.318,32.192,1.119,136.382,54.068,3.273
787d1940-9ff1-4d7b-83ae-0ceee25dd5aa,2026-04-25T17:12:10.459859-04:00,node-01,checkout-api,429,True,anomalous,market_aware_v1,71.88,57.655,286.318,28.595,1.466,139.859,28.216,3.948
2da653f9-ff30-4d79-b7d3-78460fb51cbe,2026-04-25T17:12:10.460301-04:00,node-01,payments-api,503,True,anomalous,market_aware_v1,65.164,56.528,276.995,25.777,1.187,129.745,24.737,3.195
6ae071de-5d7e-4ac2-a959-09dc84ae6569,2026-04-25T17:12:10.460783-04:00,node-01,orders-api,503,True,anomalous,market_aware_v1,68.636,49.211,252.698,27.535,1.099,125.741,63.411,3.026
1b17b905-4a83-4d93-9ea0-7af2c71f5b81,2026-04-25T17:12:10.461249-04:00,node-01,checkout-api,502,True,anomalous,market_aware_v1,70.682,57.123,300.296,31.718,1.761,143.848,23.281,4.456
7db7e012-0948-45e8-aba7-8257da5f703a,2026-04-25T17:12:10.461713-04:00,node-01,payments-api,502,True,anomalous,market_aware_v1,64.472,55.116,284.719,25.632,1.329,137.763,21.312,3.674
829c08ac-edd7-44b6-baa4-c731d55ca083,2026-04-25T17:12:10.462179-04:00,node-01,orders-api,502,True,anomalous,market_aware_v1,68.538,52.355,254.57,26.801,1.129,128.201,55.068,3.061
ec87cd95-1c25-425c-9e4d-aedb78dce18f,2026-04-25T17:12:10.462613-04:00,node-01,checkout-api,500,True,anomalous,market_aware_v1,70.555,51.376,270.866,25.127,1.281,128.419,37.982,3.407
991d0737-31a2-4366-b535-31ba491dc828,2026-04-25T17:12:10.463066-04:00,node-01,payments-api,503,True,anomalous,market_aware_v1,62.393,53.888,277.15,25.432,1.274,135.398,18.503,3.459
ff508052-f019-4dac-b280-2b75cb8b8f8d,2026-04-25T17:12:10.463483-04:00,node-01,orders-api,500,True,anomalous,market_aware_v1,71.547,49.529,263.535,29.256,1.214,137.304,51.984,3.262
51b124ef-623e-4159-a3a0-77c143232545,2026-04-25T17:12:10.463885-04:00,node-01,checkout-api,429,True,anomalous,market_aware_v1,67.327,56.009,279.228,27.514,1.349,136.305,34.336,3.603
688b887e-b55c-4df4-a976-dcf294865e10,2026-04-25T17:12:10.464343-04:00,node-01,payments-api,500,True,anomalous,market_aware_v1,65.572,58.846,288.905,24.417,1.338,140.199,19.739,3.754
9397c185-ec1e-403f-b3de-b8e552f8f241,2026-04-25T17:12:10.464819-04:00,node-01,orders-api,500,True,anomalous,market_aware_v1,70.021,51.62,259.51,30.367,1.199,136.484,61.515,3.345
fa339370-5cc2-4f6c-bd55-58718983b12f,2026-04-25T17:12:10.465250-04:00,node-01,checkout-api,502,True,anomalous,market_aware_v1,71.656,59.37,286.299,31.664,1.615,137.484,30.157,4.137
911513b1-8627-4cea-975f-5b571bf8ca50,2026-04-25T17:12:10.465742-04:00,node-01,payments-api,429,True,anomalous,market_aware_v1,68.737,57.076,288.202,25.778,1.155,131.563,26.385,3.298
3426fd9d-a911-4841-8eeb-2d122afed97b,2026-04-25T17:12:10.466193-04:00,node-01,orders-api,502,True,anomalous,market_aware_v1,75.682,52.705,287.072,31.337,1.237,144.946,53.077,3.47
4e055928-5474-4331-b883-b9d40ce1de6f,2026-04-25T17:12:10.466650-04:00,node-01,checkout-api,503,True,anomalous,market_aware_v1,73.965,57.516,286.275,29.074,1.273,133.317,40.502,3.451
e57367f7-5cc9-481d-91fa-aa1d8add4128,2026-04-25T17:12:10.467100-04:00,node-01,payments-api,503,True,anomalous,market_aware_v1,65.777,59.885,295.86,26.1,1.332,142.023,29.413,3.724
4afca5aa-28aa-474a-ba1e-37f74380b5a1,2026-04-25T17:12:10.467559-04:00,node-01,orders-api,502,True,anomalous,market_aware_v1,70.474,54.678,265.636,32.14,1.2,132.426,65.169,3.412
76b50afd-9ca3-411f-b1bf-7ca5dc5ab3ab,2026-04-25T17:12:10.468028-04:00,node-01,checkout-api,429,True,anomalous,market_aware_v1,75.372,56.716,263.822,29.685,1.255,133.219,43.948,3.379
2a24cc8d-2ded-44bc-9031-0968b162dd1b,2026-04-25T17:12:10.468462-04:00,node-01,payments-api,500,True,anomalous,market_aware_v1,69.493,60.521,282.479,25.641,1.262,132.824,29.947,3.52
0c0f476f-8f3c-4afb-a770-2bf57b7f826e,2026-04-25T17:12:10.468874-04:00,node-01,orders-api,502,True,anomalous,market_aware_v1,73.226,54.557,275.245,32.307,1.194,139.422,62.992,3.445
91874a44-2818-4d8b-aafa-afeb39a0fbbf,2026-04-25T17:12:10.469275-04:00,node-01,checkout-api,500,True,anomalous,market_aware_v1,72.897,58.4,278.748,28.97,1.359,138.457,41.048,3.612
e7c9e60b-e760-4d56-84e0-8619be9701be,2026-04-25T17:12:10.469673-04:00,node-01,payments-api,500,True,anomalous,market_aware_v1,67.68,65.067,277.021,26.742,1.199,131.258,33.191,3.375
c7cf1a1b-313e-49a0-a1a2-53a29f011bec,2026-04-25T17:12:10.470103-04:00,node-01,orders-api,500,True,anomalous,market_aware_v1,77.079,55.698,248.541,33.113,1.183,137.326,65.052,3.393
c330481e-bb8e-4aa4-9ea8-7657d6db1f90,2026-04-25T17:12:10.470522-04:00,node-01,checkout-api,429,True,anomalous,market_aware_v1,77.82,60.672,275.637,29.535,1.338,136.077,46.593,3.492
f8799023-59f5-42bc-b1b7-1d3613ec1602,2026-04-25T17:12:10.470952-04:00,node-01,payments-api,503,True,anomalous,market_aware_v1,66.519,62.027,272.731,24.577,1.262,137.544,32.442,3.361
960ccbe4-3bec-4188-9f03-3fd11b0b1097,2026-04-25T17:12:10.471379-04:00,node-01,orders-api,502,True,anomalous,market_aware_v1,76.816,58.34,271.53,34.072,1.158,133.521,64.699,3.244
d53dcfe8-aab1-493e-9db6-56752721ce39,2026-04-25T17:12:10.471795-04:00,node-01,checkout-api,503,True,anomalous,market_aware_v1,74.438,55.411,262.966,33.293,1.277,132.77,46.046,3.33
4beef35a-1e7f-4b91-a211-893f544ad62f,2026-04-25T17:12:10.472267-04:00,node-01,payments-api,502,True,anomalous,market_aware_v1,70.539,61.342,266.739,23.124,1.139,128.376,34.663,3.132
0e01dd2b-f678-45ec-800a-63657f776162,2026-04-25T17:12:10.472739-04:00,node-01,orders-api,503,True,anomalous,market_aware_v1,73.981,56.606,248.569,30.652,1.084,125.533,71.898,2.99
c8fa4585-eada-4079-be09-3aac5fb1a0e4,2026-04-25T17:12:10.473226-04:00,node-01,checkout-api,503,True,anomalous,market_aware_v1,70.334,61.515,285.717,28.954,1.338,134.47,36.413,3.609
adcee29c-96a5-44d8-a5a7-f41d5b2c875f,2026-04-25T17:12:10.473680-04:00,node-01,payments-api,503,True,anomalous,market_aware_v1,69.275,59.721,296.319,24.623,1.417,146.068,23.725,3.761
019c4f66-6738-4588-b555-970926dcdc77,2026-04-25T17:12:10.474159-04:00,node-01,orders-api,429,True,anomalous,market_aware_v1,75.914,56.67,264.9,31.375,1.213,134.085,59.719,3.365
ad66ccc9-4ee1-4d6a-90e2-60ebe1488707,2026-04-25T17:12:10.474664-04:00,node-01,checkout-api,502,True,anomalous,market_aware_v1,69.163,57.252,287.853,28.893,1.316,135.118,39.54,3.577
71e1fc10-f5fd-48e8-a081-9d85421dd1b7,2026-04-25T17:12:10.475149-04:00,node-01,payments-api,503,True,anomalous,market_aware_v1,65.21,57.575,287.873,25.082,1.084,126.12,31.279,3.26
2f6223ba-d02d-40b2-89fc-8725c51df430,2026-04-25T17:12:10.475667-04:00,node-01,orders-api,503,True,anomalous,market_aware_v1,72.156,56.923,257.611,31.382,1.064,131.351,63.908,3.055
0e6fe74f-180a-470d-9a3e-97f367a7c979,2026-04-25T17:12:10.476204-04:00,node-01,checkout-api,429,True,anomalous,market_aware_v1,71.566,54.476,282.324,26.903,1.345,140.31,29.269,3.618
204fafb6-14d9-4954-89c8-0a26c7b11f80,2026-04-25T17:12:10.476748-04:00,node-01,payments-api,500,True,anomalous,market_aware_v1,61.666,54.67,277.193,23.86,1.232,132.827,25.576,3.547
ebb1d871-2656-4f3c-ba33-bb95578a55d2,2026-04-25T17:12:10.477247-04:00,node-01,orders-api,503,True,anomalous,market_aware_v1,69.877,51.987,256.541,28.755,1.175,133.586,62.134,3.254
f627fc44-290f-4234-8f51-67445d25a358,2026-04-25T17:12:10.477688-04:00,node-01,checkout-api,503,True,anomalous,market_aware_v1,69.364,55.075,277.492,28.157,1.362,138.682,42.336,3.625
6a5f22d8-f1e0-49d6-8c9a-c315efb729a7,2026-04-25T17:12:10.478107-04:00,node-01,payments-api,429,True,anomalous,market_aware_v1,63.704,58.651,279.52,22.859,1.259,132.434,29.651,3.342
dd08215e-a746-4120-96da-43910b0d1fd3,2026-04-25T17:12:10.478546-04:00,node-01,orders-api,502,True,anomalous,market_aware_v1,69.582,53.553,269.422,29.243,1.161,136.673,57.05,3.256
a97056e4-b541-4ec2-9ee3-4797a12aa894,2026-04-25T17:12:10.479017-04:00,node-01,checkout-api,503,True,anomalous,market_aware_v1,69.613,56.777,273.413,25.891,1.386,138.895,29.184,3.656
707fe108-e0dc-458e-a9f6-a5d8d0738392,2026-04-25T17:12:10.479541-04:00,node-01,payments-api,500,True,anomalous,market_aware_v1,63.646,62.299,276.369,23.712,1.177,131.298,27.94,3.243
4e7517f5-d87b-448b-8983-ad867fe86cd9,2026-04-25T17:12:10.480045-04:00,node-01,orders-api,503,True,anomalous,market_aware_v1,73.222,53.103,262.229,29.19,1.13,133.222,62.427,3.275
e0901c8f-e088-432b-ad1d-385ae432c024,2026-04-25T17:12:10.480479-04:00,node-01,checkout-api,503,True,anomalous,market_aware_v1,73.876,57.317,276.055,29.222,1.268,130.817,41.075,3.504
cf16395e-c902-4a74-b17a-7c66b2399716,2026-04-25T17:12:10.480906-04:00,node-01,payments-api,503,True,anomalous,market_aware_v1,67.378,57.901,274.651,24.873,1.181,134.846,26.626,3.407
5dc60f6b-ec20-4213-bea0-f8d60b31e33d,2026-04-25T17:12:10.481402-04:00,node-01,orders-api,429,True,anomalous,market_aware_v1,73.086,54.095,255.986,28.911,1.011,126.073,67.313,2.9
2407c342-ed81-4533-b5ee-678f8104875c,2026-04-25T17:12:10.481853-04:00,node-01,checkout-api,503,True,anomalous,market_aware_v1,81.154,62.963,304.054,30.587,1.858,148.728,36.007,4.692
86d42db5-fc37-492f-87ed-01f0c1c2c3ac,2026-04-25T17:12:10.482349-04:00,node-01,payments-api,500,True,anomalous,market_aware_v1,74.671,58.869,278.746,27.493,1.319,135.392,28.621,3.63
10404f45-c793-4388-8aaa-30aebf17da57,2026-04-25T17:12:10.482828-04:00,node-01,orders-api,502,True,anomalous,market_aware_v1,75.369,57.726,244.67,30.644,1.114,128.67,67.789,3.103
6f20843e-b78e-4405-bed9-40da32b10a0e,2026-04-25T17:12:10.483273-04:00,node-01,checkout-api,429,True,anomalous,market_aware_v1,73.879,62.239,276.496,30.541,1.282,135.388,39.563,3.359
ac34425b-4d15-40c8-918d-283eeb1bef4a,2026-04-25T17:12:10.483720-04:00,node-01,payments-api,502,True,anomalous,market_aware_v1,73.76,61.258,294.812,27.115,1.298,142.238,27.108,3.619
f834e3f0-b165-432d-9f5c-8044efa9b7d0,2026-04-25T17:12:10.484146-04:00,node-01,orders-api,503,True,anomalous,market_aware_v1,78.27,58.855,269.482,34.418,1.545,142.913,59.764,3.868
193eea18-2c94-452c-82b4-3f441e5f42f4,2026-04-25T17:12:10.484581-04:00,node-01,checkout-api,500,True,anomalous,market_aware_v1,77.87,61.254,271.587,30.704,1.355,130.258,41.216,3.483
d2fa97b5-a5a6-439d-82cd-7392c8162875,2026-04-25T17:12:10.485038-04:00,node-01,payments-api,429,True,anomalous,market_aware_v1,73.481,63.014,278.156,28.878,1.348,135.624,44.112,3.588
af1117d4-02f0-44cb-854e-4feb5451dfd4,2026-04-25T17:12:10.485816-04:00,node-01,orders-api,502,True,anomalous,market_aware_v1,81.994,59.95,288.006,32.794,1.389,150.119,64.917,4.092
4be396cf-097c-41ed-b4ee-95495f977da2,2026-04-25T17:12:10.487688-04:00,node-01,checkout-api,502,True,anomalous,market_aware_v1,79.651,61.569,270.907,30.523,1.252,122.674,48.545,3.279
fd06cdc7-144d-4e64-b879-6cd212282eb8,2026-04-25T17:12:10.488138-04:00,node-01,payments-api,500,True,anomalous,market_aware_v1,78.12,63.36,301.604,28.628,1.346,142.346,31.316,3.653
41654df1-87ee-4bc5-85d7-67e3cdfb09ee,2026-04-25T17:12:10.488620-04:00,node-01,orders-api,502,True,anomalous,market_aware_v1,79.169,57.008,247.098,33.215,1.033,123.834,74.114,2.837
31fdddb7-ed4a-460c-8a70-746d1dd769d7,2026-04-25T17:12:10.489045-04:00,node-01,checkout-api,429,True,anomalous,market_aware_v1,78.528,62.42,290.604,30.876,1.5,144.07,50.526,3.878
01903821-50b2-4b7a-b6b0-b627a41910df,2026-04-25T17:12:10.489469-04:00,node-01,payments-api,503,True,anomalous,market_aware_v1,75.2,60.993,294.281,29.353,1.37,150.494,26.928,3.861
84ac78cd-1d68-4bdc-90e2-c14e55f7be16,2026-04-25T17:12:10.489917-04:00,node-01,orders-api,429,True,anomalous,market_aware_v1,73.91,58.742,255.561,33.56,1.149,133.47,70.996,3.206
c97c84c3-8d7a-48f8-b356-8829500e0e17,2026-04-25T17:12:10.490351-04:00,node-01,checkout-api,429,True,anomalous,market_aware_v1,76.097,58.861,293.159,29.242,1.468,138.665,43.08,3.652
12ab8c02-0e3b-452c-bba1-2ac1f38017cc,2026-04-25T17:12:10.490920-04:00,node-01,payments-api,503,True,anomalous,market_aware_v1,73.646,63.138,285.933,26.934,1.318,139.047,24.822,3.56
dd862f7e-f961-40db-9ddd-6b199572fc4f,2026-04-25T17:12:10.491322-04:00,node-01,orders-api,503,True,anomalous,market_aware_v1,79.782,53.184,256.574,32.524,1.211,130.531,64.993,3.14
33f4720c-238b-4582-bd51-b7e9ce98e9d0,2026-04-25T17:12:10.491806-04:00,node-01,checkout-api,502,True,anomalous,market_aware_v1,73.598,62.264,274.128,27.975,1.356,138.624,45.917,3.528
c9de47b1-b3cd-4312-bd0d-7071bc760d97,2026-04-25T17:12:10.492242-04:00,node-01,payments-api,429,True,anomalous,market_aware_v1,71.05,57.511,297.804,26.343,1.274,137.316,26.933,3.575
3574b97a-6e4c-422a-81c5-62b100a2268e,2026-04-25T17:12:10.492675-04:00,node-01,orders-api,503,True,anomalous,market_aware_v1,73.141,55.002,257.314,30.417,1.227,135.857,61.346,3.323
3c894588-3ecb-430b-849d-dcc7e62003a5,2026-04-25T17:12:10.493109-04:00,node-01,checkout-api,500,True,anomalous,market_aware_v1,72.049,59.355,281.909,29.562,1.391,139.937,36.887,3.71
2a461b02-c16d-48f5-a2e3-b87cd0ef68a5,2026-04-25T17:12:10.493557-04:00,node-01,payments-api,500,True,anomalous,market_aware_v1,67.018,61.011,282.116,24.372,1.239,136.31,24.56,3.511
82198e2a-859d-4ab5-aa02-a565fdc0d57d,2026-04-25T17:12:10.493997-04:00,node-01,orders-api,503,True,anomalous,market_aware_v1,74.159,52.865,271.332,29.105,1.162,138.14,60.084,3.308
8950372c-2984-4f18-bd8a-8843a0b66d1e,2026-04-25T17:12:10.494411-04:00,node-01,checkout-api,502,True,anomalous,market_aware_v1,71.658,55.161,274.143,28.035,1.324,136.152,36.628,3.597
8a12843f-9d7e-47d6-84c2-9482120a35a2,2026-04-25T17:12:10.494851-04:00,node-01,payments-api,500,True,anomalous,market_aware_v1,65.294,58.002,266.812,27.412,1.125,126.654,29.496,3.148
58126c95-a909-4175-8906-cb5f3e05ec03,2026-04-25T17:12:10.495300-04:00,node-01,orders-api,429,True,anomalous,market_aware_v1,72.758,50.493,249.876,30.417,1.114,129.184,57.576,3.131
fb16b7e8-5f67-4f4f-b5f2-a004d7bb54ad,2026-04-25T17:12:10.495789-04:00,node-01,checkout-api,503,True,anomalous,market_aware_v1,64.886,56.316,273.342,27.598,1.31,138.214,33.508,3.597
c903e91b-13b2-41b8-ab4b-4e7dd618674b,2026-04-25T17:12:10.496262-04:00,node-01,payments-api,500,True,anomalous,market_aware_v1,69.538,61.312,303.633,25.369,1.642,147.261,15.92,4.186
c18c416d-53b6-4412-b9b8-8505054eb5b4,2026-04-25T17:12:10.496747-04:00,node-01,orders-api,503,True,anomalous,market_aware_v1,66.602,51.872,233.366,30.371,1.058,121.993,57.068,3.003
2b180508-f65b-4037-803f-58c8adc6d2b6,2026-04-25T17:12:10.497221-04:00,node-01,checkout-api,500,True,anomalous,market_aware_v1,66.042,53.628,281.736,25.742,1.295,133.189,30.465,3.382
41796e0e-7852-463b-b049-6d477c45bd20,2026-04-25T17:12:10.497715-04:00,node-01,payments-api,500,True,anomalous,market_aware_v1,63.503,54.387,269.144,26.412,1.256,132.13,17.135,3.354
8166c82a-2438-4b25-88ce-efe976cb2938,2026-04-25T17:12:10.498190-04:00,node-01,orders-api,429,True,anomalous,market_aware_v1,68.944,49.749,264.865,28.205,1.129,130.79,55.792,3.212
13f10a68-d046-4440-b6f3-b75efe09ec78,2026-04-25T17:12:10.498657-04:00,node-01,checkout-api,500,True,anomalous,market_aware_v1,71.437,56.188,286.134,26.432,1.438,137.483,34.183,3.91
5d31ed57-3c38-4f6b-a6b2-fe17677afe85,2026-04-25T17:12:10.499141-04:00,node-01,payments-api,429,True,anomalous,market_aware_v1,59.801,57.723,275.777,25.743,1.231,137.398,17.831,3.529
200b245c-e3f4-414e-958e-caa966588b1c,2026-04-25T17:12:10.499629-04:00,node-01,orders-api,503,True,anomalous,market_aware_v1,66.134,49.899,262.539,30.066,1.127,136.183,50.943,3.223
e2e623c1-d644-4463-a357-a7312c3091c6,2026-04-25T17:12:10.500116-04:00,node-01,checkout-api,500,True,anomalous,market_aware_v1,72.107,60.03,300.359,28.132,1.789,147.799,22.659,4.265
d7929e80-6779-4028-9b89-f09d79bdb661,2026-04-25T17:12:10.500608-04:00,node-01,payments-api,502,True,anomalous,market_aware_v1,66.782,56.894,271.672,24.631,1.133,130.217,23.012,3.094
ff654ae0-008e-42df-b3cb-dea0eaf7bb80,2026-04-25T17:12:10.501080-04:00,node-01,orders-api,429,True,anomalous,market_aware_v1,74.819,56.696,268.768,30.061,1.384,132.569,56.106,3.618
1300b950-a598-4880-ae0f-fd199a8da8b3,2026-04-25T17:12:10.501531-04:00,node-01,checkout-api,502,True,anomalous,market_aware_v1,67.926,54.019,278.667,28.987,1.442,137.534,33.088,3.716
937dff4e-8dc3-4875-9047-60335e2dc823,2026-04-25T17:12:10.501988-04:00,node-01,payments-api,429,True,anomalous,market_aware_v1,67.271,56.718,282.537,25.228,1.226,133.621,25.275,3.41
33a4649d-63ca-4cc7-bce4-8cdd5b00153c,2026-04-25T17:12:10.502411-04:00,node-01,orders-api,429,True,anomalous,market_aware_v1,78.747,52.8,286.596,32.123,1.547,143.042,50.496,3.854
cf205168-3c2c-4559-8335-cbde72690940,2026-04-25T17:12:10.502836-04:00,node-01,checkout-api,500,True,anomalous,market_aware_v1,73.667,55.765,295.728,30.233,1.367,139.86,37.65,3.662
0c58d685-10b1-4cda-8c1e-e49630b4527d,2026-04-25T17:12:10.503268-04:00,node-01,payments-api,500,True,anomalous,market_aware_v1,71.632,60.641,294.674,26.465,1.225,141.259,25.747,3.596
72b87a59-d174-4856-ae4e-d44295cd95f5,2026-04-25T17:12:10.503733-04:00,node-01,orders-api,500,True,anomalous,market_aware_v1,73.786,55.673,285.634,32.102,1.423,148.767,62.164,3.99
a3c15d43-bff3-4f20-8277-173d883493af,2026-04-25T17:12:10.504700-04:00,node-01,checkout-api,502,True,anomalous,market_aware_v1,72.793,59.846,278.939,27.217,1.373,137.58,39.642,3.644
c2f80d5d-f4e9-4170-b561-ede6a493ca2c,2026-04-25T17:12:10.505185-04:00,node-01,payments-api,500,True,anomalous,market_aware_v1,66.584,62.713,279.166,27.792,1.247,128.638,35.559,3.29
f628371e-2cc3-4c43-ad22-0109cb5014e0,2026-04-25T17:12:10.505685-04:00,node-01,orders-api,502,True,anomalous,market_aware_v1,76.05,55.231,261.922,32.557,1.211,136.352,63.034,3.386
df8cc970-0f4e-487f-b0f2-91fd3a6ce292,2026-04-25T17:12:10.506157-04:00,node-01,checkout-api,503,True,anomalous,market_aware_v1,74.954,58.605,270.239,31.302,1.317,133.332,43.895,3.464
dcdc7621-1ae2-417b-88f3-668ffa91171e,2026-04-25T17:12:10.506642-04:00,node-01,payments-api,500,True,anomalous,market_aware_v1,72.318,59.345,297.039,26.304,1.392,143.393,31.338,3.737
bcb2f96b-4411-4433-af26-2b29ea04727e,2026-04-25T17:12:10.507111-04:00,node-01,orders-api,429,True,anomalous,market_aware_v1,76.232,56.219,266.607,32.472,1.234,140.343,62.135,3.491
7a850e85-7ecc-4879-bb09-d732e019b16b,2026-04-25T17:12:10.507581-04:00,node-01,checkout-api,503,True,anomalous,market_aware_v1,77.075,59.57,279.546,27.973,1.287,134.422,40.923,3.473
4fbcf3ad-e81e-44b9-93af-10ed1fcb28b7,2026-04-25T17:12:10.508065-04:00,node-01,payments-api,429,True,anomalous,market_aware_v1,71.735,62.46,287.364,27.752,1.289,138.736,28.343,3.496
092b1f1d-f6de-4a1e-9432-378584168bc1,2026-04-25T17:12:10.508559-04:00,node-01,orders-api,503,True,anomalous,market_aware_v1,78.105,58.921,280.161,33.335,1.37,146.821,65.1,3.943
af46d9dd-1f22-4478-9125-c8efe74a5095,2026-04-25T17:12:10.509051-04:00,node-01,checkout-api,502,True,anomalous,market_aware_v1,74.51,59.696,272.465,29.995,1.402,130.707,37.581,3.411
31d27429-be1c-4683-984b-7e61a7e0a985,2026-04-25T17:12:10.509573-04:00,node-01,payments-api,500,True,anomalous,market_aware_v1,72.298,64.382,306.79,27.393,1.433,146.167,23.338,4.036
b2e342be-79b1-4ca9-a840-de02e31749af,2026-04-25T17:12:10.510025-04:00,node-01,orders-api,429,True,anomalous,market_aware_v1,72.238,55.113,252.086,30.862,1.076,131.205,68.152,3.063
53cb7e80-9502-4c97-8a05-b495408a8317,2026-04-25T17:12:10.510496-04:00,node-01,checkout-api,503,True,anomalous,market_aware_v1,68.416,56.683,265.44,29.716,1.235,126.375,44.482,3.388
acb3d383-3d3b-440c-bb0a-1f2a1d7f96f7,2026-04-25T17:12:10.510958-04:00,node-01,payments-api,502,True,anomalous,market_aware_v1,70.466,60.908,303.249,26.394,1.461,145.222,21.721,3.917
f9af34e5-b796-4861-abd2-349e13d12713,2026-04-25T17:12:10.511469-04:00,node-01,orders-api,502,True,anomalous,market_aware_v1,75.809,54.971,255.686,31.512,1.143,135.781,65.563,3.313
5e2b5a71-71a7-4a37-93bf-d51e2532752f,2026-04-25T17:12:10.511972-04:00,node-01,checkout-api,429,True,anomalous,market_aware_v1,74.922,56.966,314.206,29.011,1.909,150.755,33.852,4.808
be0571d3-661a-491d-b9fe-4eaff192d523,2026-04-25T17:12:10.512420-04:00,node-01,payments-api,500,True,anomalous,market_aware_v1,70.646,60.457,302.508,25.961,1.687,144.599,20.754,4.174
030c4544-c6e6-43da-96a9-93ccc612e761,2026-04-25T17:12:10.512930-04:00,node-01,orders-api,500,True,anomalous,market_aware_v1,71.081,57.747,256.341,29.734,1.026,129.473,59.559,3.037
05c4e207-b99e-421c-98e8-5353c3a57b61,2026-04-25T17:12:10.513422-04:00,node-01,checkout-api,429,True,anomalous,market_aware_v1,73.799,56.024,280.593,27.829,1.334,138.507,36.529,3.577
c7767aaa-46b5-4481-b132-7a5221d9cf47,2026-04-25T17:12:10.513939-04:00,node-01,payments-api,429,True,anomalous,market_aware_v1,63.475,55.234,279.356,25.991,1.177,133.137,24.599,3.367
e0429492-b37d-467e-8ad4-e7f43722792c,2026-04-25T17:12:10.514412-04:00,node-01,orders-api,503,True,anomalous,market_aware_v1,68.136,53.619,277.783,29.028,1.211,139.186,56.04,3.374
697bbef6-b70a-4fb3-b8e6-44a804abdf93,2026-04-25T17:12:10.514861-04:00,node-01,checkout-api,502,True,anomalous,market_aware_v1,70.294,56.255,275.343,27.904,1.283,132.715,39.168,3.569
45d79096-83c5-4ca3-8309-956531929cc9,2026-04-25T17:12:10.515300-04:00,node-01,payments-api,502,True,anomalous,market_aware_v1,69.869,58.278,279.2,26.994,1.123,127.976,21.661,3.139
5f3da116-8986-4d18-9907-3ec1c6b50c9c,2026-04-25T17:12:10.515749-04:00,node-01,orders-api,500,True,anomalous,market_aware_v1,74.414,52.85,260.603,27.126,1.096,130.362,58.126,3.118
17a5a798-f4bf-4312-a2a8-3fdfd6253ad3,2026-04-25T17:12:10.516209-04:00,node-01,checkout-api,502,True,anomalous,market_aware_v1,71.849,55.582,275.486,27.966,1.369,128.646,36.551,3.426
55dddb0d-e72a-43ea-a9b6-4171a341cba5,2026-04-25T17:12:10.516672-04:00,node-01,payments-api,500,True,anomalous,market_aware_v1,64.545,59.747,265.008,24.08,1.106,129.05,25.299,3.159
e5c8f3ee-1fb3-4bb6-adb3-09e6ff9f345a,2026-04-25T17:12:10.517138-04:00,node-01,orders-api,503,True,anomalous,market_aware_v1,72.701,53.777,257.661,28.896,1.229,139.071,57.056,3.404
5ed0e5b3-70bd-45e6-95e7-562b90d53482,2026-04-25T17:12:10.517902-04:00,node-01,checkout-api,502,True,anomalous,market_aware_v1,69.235,58.568,274.234,28.577,1.311,132.365,35.435,3.519
7c97cc61-b92f-4100-b067-b2d7e944187f,2026-04-25T17:12:10.518718-04:00,node-01,payments-api,502,True,anomalous,market_aware_v1,70.364,61.324,311.265,26.132,1.738,147.582,21.694,4.288
e68aeff4-0613-4ac6-9c61-c8608d736ff5,2026-04-25T17:12:10.519210-04:00,node-01,orders-api,502,True,anomalous,market_aware_v1,71.872,56.639,277.17,31.676,1.251,138.199,59.933,3.354
6a78e056-a1dc-479f-8c21-41dd89a0c6e7,2026-04-25T17:12:10.519702-04:00,node-01,checkout-api,429,True,anomalous,market_aware_v1,73.099,60.252,267.416,28.995,1.403,139.093,38.811,3.663
2b9b391c-126a-4c63-b2c2-c35029d3e5ee,2026-04-25T17:12:10.520205-04:00,node-01,payments-api,502,True,anomalous,market_aware_v1,76.925,61.478,305.822,26.613,1.658,150.702,12.583,4.321
cf6b2ac9-c79a-49fa-86f7-6dd8f16ec10d,2026-04-25T17:12:10.520729-04:00,node-01,orders-api,503,True,anomalous,market_aware_v1,80.977,55.199,274.635,31.128,1.27,142.36,62.466,3.442
2a1917f5-e06f-4444-bed2-08d8dcff62f6,2026-04-25T17:12:10.521236-04:00,node-01,checkout-api,502,True,anomalous,market_aware_v1,75.093,59.71,289.035,29.13,1.482,142.922,33.78,3.854
dcb9d1e3-4d6a-45d2-b9bc-6e199dc83dbe,2026-04-25T17:12:10.521755-04:00,node-01,payments-api,429,True,anomalous,market_aware_v1,72.458,60.203,311.088,25.774,1.46,145.024,35.435,4.128
b27b389b-221e-4877-8905-5dfe723a7b80,2026-04-25T17:12:10.522252-04:00,node-01,orders-api,500,True,anomalous,market_aware_v1,76.85,53.786,267.558,31.449,1.231,142.548,66.817,3.564
5aaf5ad1-7345-43a3-a5c5-92e6711cd3df,2026-04-25T17:12:10.522751-04:00,node-01,checkout-api,500,True,anomalous,market_aware_v1,78.079,57.615,290.953,29.711,1.343,138.865,40.717,3.652
6caa0132-f265-4c26-9f33-1e3108d52cbf,2026-04-25T17:12:10.523240-04:00,node-01,payments-api,503,True,anomalous,market_aware_v1,74.236,62.023,286.751,29.466,1.289,135.584,32.286,3.544
b41d7654-def8-4024-947d-00fd8253e89c,2026-04-25T17:12:10.523720-04:00,node-01,orders-api,502,True,anomalous,market_aware_v1,78.736,57.925,255.178,34.672,1.117,130.14,70.173,3.201
5987dbcd-2cf8-497a-b512-ed41825c59c9,2026-04-25T17:12:10.524201-04:00,node-01,checkout-api,500,True,anomalous,market_aware_v1,80.754,62.439,304.354,32.41,1.448,145.69,42.964,3.898
8c151f63-1fcb-4e10-89c9-7b26bdae095a,2026-04-25T17:12:10.524721-04:00,node-01,payments-api,502,True,anomalous,market_aware_v1,78.828,64.417,309.449,27.06,1.699,151.064,28.044,4.33
c29bc4b7-2871-44ac-8fec-3b39f40d724c,2026-04-25T17:12:10.525235-04:00,node-01,orders-api,502,True,anomalous,market_aware_v1,85.029,62.303,279.707,35.925,1.546,141.814,60.099,3.927
f29ceb01-5456-4a03-949e-b620cad71445,2026-04-25T17:12:10.525688-04:00,node-01,checkout-api,503,True,anomalous,market_aware_v1,76.082,59.381,296.961,29.828,1.375,137.85,44.552,3.661
2927cba3-dad8-45e9-a685-fa5c3ac2c938,2026-04-25T17:12:10.526151-04:00,node-01,payments-api,500,True,anomalous,market_aware_v1,74.502,64.879,306.066,27.469,1.484,145.601,35.302,4.06
f522643d-9ac1-4ec6-8781-152aa86af01c,2026-04-25T17:12:10.526604-04:00,node-01,orders-api,429,True,anomalous,market_aware_v1,78.838,59.844,270.258,32.34,1.216,142.44,65.088,3.459
d410879d-6476-4ee0-b045-5aaeddea11f3,2026-04-25T17:12:10.527367-04:00,node-01,checkout-api,429,True,anomalous,market_aware_v1,78.465,61.093,284.656,28.093,1.375,136.747,45.359,3.542
afd91dd5-a41a-4e43-9d65-ea6834ae6042,2026-04-25T17:12:10.527841-04:00,node-01,payments-api,429,True,anomalous,market_aware_v1,75.266,65.34,296.01,27.973,1.247,138.42,31.676,3.449
87b85634-c2c5-4dd2-aef0-f7c93a71a561,2026-04-25T17:12:10.528316-04:00,node-01,orders-api,429,True,anomalous,market_aware_v1,77.804,56.398,267.083,31.465,1.016,137.428,67.066,3.26
97f21e32-2275-45f7-852e-e4201bdb46d9,2026-04-25T17:12:10.528802-04:00,node-01,checkout-api,502,True,anomalous,market_aware_v1,72.389,60.722,287.015,30.792,1.303,143.005,39.031,3.608
f512c603-f06c-433e-9042-46be3da9e7de,2026-04-25T17:12:10.529407-04:00,node-01,payments-api,503,True,anomalous,market_aware_v1,71.17,58.166,294.815,25.414,1.314,139.827,27.337,3.496
8acedb7c-c6c9-48a4-87f0-551d86c226df,2026-04-25T17:12:10.530415-04:00,node-01,orders-api,502,True,anomalous,market_aware_v1,74.249,57.734,266.876,32.441,1.11,132.198,59.774,3.24
5c305c3a-787d-4666-8d6a-97d76c67224c,2026-04-25T17:12:10.530898-04:00,node-01,checkout-api,429,True,anomalous,market_aware_v1,71.999,57.093,279.492,29.394,1.392,137.92,35.136,3.679
bc44363d-47ba-42ec-a336-ab15ff4fc3ad,2026-04-25T17:12:10.531387-04:00,node-01,payments-api,500,True,anomalous,market_aware_v1,67.573,61.561,298.595,24.947,1.3,138.499,24.065,3.648
22e62b6d-9223-4876-9fd3-e3fb184185a9,2026-04-25T17:12:10.531887-04:00,node-01,orders-api,429,True,anomalous,market_aware_v1,70.945,54.88,270.145,30.535,1.185,135.222,59.247,3.323
9c75225c-2965-4a28-967d-21518b9d5419,2026-04-25T17:12:10.532384-04:00,node-01,checkout-api,500,True,anomalous,market_aware_v1,66.925,58.335,278.639,28.052,1.333,134.219,40.448,3.465
0f9e02d2-b793-4ae4-934e-a0de08d2c596,2026-04-25T17:12:10.532858-04:00,node-01,payments-api,429,True,anomalous,market_aware_v1,65.088,56.719,294.928,25.406,1.232,137.65,19.611,3.5
aafa35a2-7f22-454f-a407-855f3362c8e2,2026-04-25T17:12:10.533297-04:00,node-01,orders-api,429,True,anomalous,market_aware_v1,71.298,50.602,269.307,30.993,1.181,128.485,55.647,3.109
20da98e3-41f6-4a32-8103-8cda83243b73,2026-04-25T17:12:10.533765-04:00,node-01,checkout-api,502,True,anomalous,market_aware_v1,71.816,56.996,277.244,26.778,1.245,131.85,36.706,3.41
e214428c-066d-4209-897b-8c8860a65499,2026-04-25T17:12:10.534245-04:00,node-01,payments-api,429,True,anomalous,market_aware_v1,65.307,58.431,270.06,25.55,1.155,131.117,22.987,3.217
c68c7020-2b94-4061-84f2-92126ed5d814,2026-04-25T17:12:10.534689-04:00,node-01,orders-api,503,True,anomalous,market_aware_v1,73.493,53.347,251.642,31.266,1.192,132.433,57.338,3.246
615d68ef-9f7f-47f4-ba8c-ee1b724c50a0,2026-04-25T17:12:10.535124-04:00,node-01,checkout-api,500,True,anomalous,market_aware_v1,70.556,54.773,281.891,29.134,1.366,137.795,34.499,3.723
0152dfcb-e6f9-48d0-bea0-c0b6d8649cec,2026-04-25T17:12:10.535611-04:00,node-01,payments-api,429,True,anomalous,market_aware_v1,66.166,57.02,280.598,22.282,1.148,130.415,18.705,3.193
e4c3d0a7-4192-4434-a3fe-bf86a19e80f8,2026-04-25T17:12:10.536038-04:00,node-01,orders-api,503,True,anomalous,market_aware_v1,68.057,52.364,252.885,28.854,1.061,127.953,52.72,2.987
5269d051-7aad-43cc-a23e-067728a753fe,2026-04-25T17:12:10.536499-04:00,node-01,checkout-api,429,True,anomalous,market_aware_v1,69.449,55.556,299.088,28.486,1.496,149.273,21.434,4.265
7304762f-2bcc-474c-9785-62468695977a,2026-04-25T17:12:10.537198-04:00,node-01,payments-api,502,True,anomalous,market_aware_v1,66.878,63.356,295.775,26.199,1.606,137.818,11.503,3.976
671d4028-ddca-4910-ad23-2ba075264725,2026-04-25T17:12:10.538728-04:00,node-01,orders-api,500,True,anomalous,market_aware_v1,67.529,51.902,263.716,29.31,1.266,139.877,52.448,3.419
902edaef-5a41-454c-8147-a4e9486a12c4,2026-04-25T17:12:10.539184-04:00,node-01,checkout-api,503,True,anomalous,market_aware_v1,67.816,56.194,281.119,27.817,1.259,129.069,32.788,3.28
521faf86-69a4-4749-b917-07859d3c1165,2026-04-25T17:12:10.539711-04:00,node-01,payments-api,503,True,anomalous,market_aware_v1,61.826,56.984,298.293,24.053,1.24,141.548,18.557,3.594
2790c35e-3356-4ca9-8a4a-cee337a5b4dc,2026-04-25T17:12:10.540236-04:00,node-01,orders-api,429,True,anomalous,market_aware_v1,76.153,52.459,278.976,30.483,1.53,141.807,44.935,4.088
599b9484-b0c3-43c2-8c05-692eaf31b366,2026-04-25T17:12:10.540713-04:00,node-01,checkout-api,429,True,anomalous,market_aware_v1,68.115,55.865,272.42,27.444,1.286,130.957,35.309,3.47
a122e556-c38f-4606-a477-4e82418143a4,2026-04-25T17:12:10.541336-04:00,node-01,payments-api,502,True,anomalous,market_aware_v1,65.434,60.803,287.64,23.784,1.16,138.866,23.019,3.461
0b63b9b9-690b-4ba0-a244-d6c3195def1b,2026-04-25T17:12:10.543008-04:00,node-01,orders-api,503,True,anomalous,market_aware_v1,72.067,56.419,238.6,27.931,1.141,126.719,62.956,3.096
3577eb6d-dbfa-4331-b1c5-11d09cce28cb,2026-04-25T17:12:10.544670-04:00,node-01,checkout-api,503,True,anomalous,market_aware_v1,73.659,56.104,287.488,30.599,1.392,136.998,39.858,3.69
4894fd5b-5c63-478a-89a6-2ee6327a71d6,2026-04-25T17:12:10.545453-04:00,node-01,payments-api,502,True,anomalous,market_aware_v1,67.557,59.866,294.494,25.527,1.308,142.351,26.08,3.653
73c6366c-352f-4516-b6d3-bd3825749a18,2026-04-25T17:12:10.546220-04:00,node-01,orders-api,500,True,anomalous,market_aware_v1,76.067,54.902,262.041,28.77,1.164,135.445,64.144,3.294
4d3fba1e-46e1-4d29-9288-370655773fe9,2026-04-25T17:12:10.546721-04:00,node-01,checkout-api,502,True,anomalous,market_aware_v1,78.844,56.559,292.505,28.299,1.49,144.697,35.077,3.782
09c99876-97f4-4abc-a088-a750129c5374,2026-04-25T17:12:10.547212-04:00,node-01,payments-api,502,True,anomalous,market_aware_v1,71.14,61.059,281.81,25.468,1.266,134.82,28.831,3.393
4cd16d0a-7be5-4769-ac1b-f8fe6e003615,2026-04-25T17:12:10.547693-04:00,node-01,orders-api,429,True,anomalous,market_aware_v1,84.763,58.502,294.862,31.158,1.541,141.087,58.829,3.957
181ea0d9-163a-4e87-b04b-7e13d43c948f,2026-04-25T17:12:10.548165-04:00,node-01,checkout-api,503,True,anomalous,market_aware_v1,71.418,57.624,274.749,29.492,1.302,131.345,50.03,3.482
9f0e7bc9-44d3-4baf-9d1e-3e325ce0caad,2026-04-25T17:12:10.548610-04:00,node-01,payments-api,429,True,anomalous,market_aware_v1,69.57,64.524,285.998,26.513,1.228,134.15,33.976,3.519
bfd04956-c777-46ea-a22f-3d6db63d605e,2026-04-25T17:12:10.549091-04:00,node-01,orders-api,502,True,anomalous,market_aware_v1,78.546,62.8,279.605,33.271,1.549,138.377,56.455,3.937
c338fda9-f96d-4340-84dd-0cd8f0598302,2026-04-25T17:12:10.550425-04:00,node-01,checkout-api,429,True,anomalous,market_aware_v1,80.86,64.547,292.746,31.105,1.719,143.494,30.953,4.114
963cf7b9-7e64-42a9-bec4-92d8a7e2422b,2026-04-25T17:12:10.550953-04:00,node-01,payments-api,503,True,anomalous,market_aware_v1,74.723,60.04,286.284,26.347,1.184,135.191,32.665,3.344
db154a6f-c00e-4a5e-b92a-4b281e551e51,2026-04-25T17:12:10.551422-04:00,node-01,orders-api,502,True,anomalous,market_aware_v1,82.861,58.404,287.676,37.229,1.541,141.995,58.768,3.855
bd10e91f-8fb9-46bc-a503-b4917288ab17,2026-04-25T17:12:10.551980-04:00,node-01,checkout-api,503,True,anomalous,market_aware_v1,81.366,59.402,294.444,30.843,1.397,142.372,41.79,3.718
c0aa12b1-3d61-4b67-a72b-8dbac93439f1,2026-04-25T17:12:10.552532-04:00,node-01,payments-api,502,True,anomalous,market_aware_v1,72.041,62.635,298.848,29.744,1.622,137.913,26.978,3.998
88f4e67c-216e-46b5-8a6b-5089266032c2,2026-04-25T17:12:10.552951-04:00,node-01,orders-api,429,True,anomalous,market_aware_v1,77.059,55.146,275.162,31.877,1.112,139.304,61.485,3.32
fb92bcde-a449-4e04-b599-fc17bd079fb5,2026-04-25T17:12:10.553423-04:00,node-01,checkout-api,502,True,anomalous,market_aware_v1,76.791,57.926,295.468,27.869,1.374,140.543,36.321,3.731
0a8cdf44-0c4b-45ad-9fb5-ddcc8100e7e0,2026-04-25T17:12:10.553955-04:00,node-01,payments-api,502,True,anomalous,market_aware_v1,70.618,62.145,296.792,25.578,1.258,134.055,30.628,3.334
d4a4efe7-c59a-494c-8bbe-7771b494d47a,2026-04-25T17:12:10.554415-04:00,node-01,orders-api,503,True,anomalous,market_aware_v1,75.74,55.208,278.31,30.421,1.202,139.31,59.757,3.238
f0c817ee-6bc3-4b1b-93a9-5f78a1da8f1a,2026-04-25T17:12:10.556017-04:00,node-01,checkout-api,500,True,anomalous,market_aware_v1,72.443,58.67,293.434,29.275,1.36,140.009,35.865,3.604
af18656b-444e-4a0a-a0a3-dae309a93a09,2026-04-25T17:12:10.556712-04:00,node-01,payments-api,500,True,anomalous,market_aware_v1,63.944,62.617,283.361,26.44,1.335,137.94,18.937,3.497
ad1f5219-b21b-4c81-82d6-6d2d2fe85bdb,2026-04-25T17:12:10.557193-04:00,node-01,orders-api,503,True,anomalous,market_aware_v1,73.229,56.76,263.928,30.268,1.235,138.859,58.474,3.464
ac3c7234-3c14-4500-9e98-79466c56d814,2026-04-25T17:12:10.557685-04:00,node-01,checkout-api,502,True,anomalous,market_aware_v1,68.587,58.23,283.808,28.163,1.236,131.434,34.634,3.481
f465ebb6-5aa8-46dd-b42c-2d13888d211e,2026-04-25T17:12:10.558168-04:00,node-01,payments-api,500,True,anomalous,market_aware_v1,65.594,57.894,285.399,25.845,1.135,130.704,24.047,3.345
a69db101-a672-4ac2-b828-880e4b6264be,2026-04-25T17:12:10.558692-04:00,node-01,orders-api,502,True,anomalous,market_aware_v1,71.108,52.214,251.481,29.358,1.075,125.164,66.225,3.046
764b8956-4d80-4ea9-8065-e17c93f94df0,2026-04-25T17:12:10.559194-04:00,node-01,checkout-api,429,True,anomalous,market_aware_v1,73.291,57.796,292.935,28.243,1.344,142.629,27.661,3.611
1f7c1325-a315-411c-83d6-62e7a031f077,2026-04-25T17:12:10.559729-04:00,node-01,payments-api,502,True,anomalous,market_aware_v1,65.411,54.625,283.938,25.011,1.334,142.387,17.419,3.732
8c1baf6a-9e8f-4c5f-9157-1a0173a5f5ff,2026-04-25T17:12:10.560243-04:00,node-01,orders-api,502,True,anomalous,market_aware_v1,77.049,54.643,269.874,30.64,1.506,144.837,52.082,3.933
5f38009d-53c7-4c07-9a8d-6b79d890a589,2026-04-25T17:12:10.560761-04:00,node-01,checkout-api,500,True,anomalous,market_aware_v1,69.843,58.422,286.201,28.036,1.31,140.042,31.584,3.647
300169d4-5b95-4921-985e-805cb8802b26,2026-04-25T17:12:10.561253-04:00,node-01,payments-api,429,True,anomalous,market_aware_v1,61.842,59.945,294.253,26.542,1.344,141.974,15.421,3.708
0b7c047e-bf1b-4614-b759-3e59d0480662,2026-04-25T17:12:10.561759-04:00,node-01,orders-api,503,True,anomalous,market_aware_v1,74.447,55.96,262.616,30.0,1.159,128.962,63.09,3.14
daf8ef75-6827-4e14-bce3-d41ebf2cabda,2026-04-25T17:12:10.562232-04:00,node-01,checkout-api,500,True,anomalous,market_aware_v1,74.317,60.587,276.458,27.342,1.4,137.589,29.51,3.679
a9ef3c45-9a36-410d-a621-7e29009d65a0,2026-04-25T17:12:10.562690-04:00,node-01,payments-api,429,True,anomalous,market_aware_v1,68.718,60.575,290.004,24.57,1.274,136.096,24.516,3.462
5cf2ed7d-e823-45fa-b681-9983d7d60014,2026-04-25T17:12:10.563175-04:00,node-01,orders-api,503,True,anomalous,market_aware_v1,77.511,54.641,264.619,31.552,1.189,138.261,58.668,3.396
6a9358f2-510a-4803-a969-d74a5e93a69c,2026-04-25T17:12:10.563645-04:00,node-01,checkout-api,429,True,anomalous,market_aware_v1,73.694,60.755,278.191,30.033,1.245,131.924,37.444,3.304
f6bde7f4-1682-46b6-ae61-06db2db1c91c,2026-04-25T17:12:10.564110-04:00,node-01,payments-api,503,True,anomalous,market_aware_v1,69.594,62.818,285.515,26.487,1.207,137.389,34.896,3.306
684eff8a-f1a4-423b-9dca-efc288e8620d,2026-04-25T17:12:10.564649-04:00,node-01,orders-api,502,True,anomalous,market_aware_v1,77.777,56.273,268.537,30.639,1.172,137.159,65.609,3.356
9593792b-381a-4547-8772-b222b8a4ab52,2026-04-25T17:12:10.565167-04:00,node-01,checkout-api,500,True,anomalous,market_aware_v1,72.944,57.704,269.689,29.263,1.292,135.954,44.489,3.433
534986f8-9013-458a-b6bc-2aabca30bc29,2026-04-25T17:12:10.565682-04:00,node-01,payments-api,502,True,anomalous,market_aware_v1,68.902,64.789,291.997,25.856,1.349,143.42,29.227,3.814
f4002f5a-9a7a-49b7-b5bb-3a51b640e68d,2026-04-25T17:12:10.566187-04:00,node-01,orders-api,503,True,anomalous,market_aware_v1,78.704,58.086,289.895,30.062,1.278,144.598,64.138,3.525
a86456f9-0709-4ac8-b6d7-11c1b137bdec,2026-04-25T17:12:10.566674-04:00,node-01,checkout-api,429,True,anomalous,market_aware_v1,76.406,61.199,281.788,30.055,1.378,135.292,45.856,3.578
51f079d1-4cef-40ab-9955-891706708aaa,2026-04-25T17:12:10.567117-04:00,node-01,payments-api,502,True,anomalous,market_aware_v1,78.459,63.58,293.231,25.479,1.247,135.702,37.728,3.485
b7bf288b-a06c-468d-8ebf-0942d50ffa9d,2026-04-25T17:12:10.567580-04:00,node-01,orders-api,503,True,anomalous,market_aware_v1,76.876,58.487,261.708,32.104,1.112,131.167,68.802,3.229
f40d942c-68c8-4f14-884c-a85143208e58,2026-04-25T17:12:10.568035-04:00,node-01,checkout-api,502,True,anomalous,market_aware_v1,76.799,61.451,275.015,31.588,1.323,128.722,44.272,3.331
f7ba2277-dfa6-44a7-a700-10d3464d980d,2026-04-25T17:12:10.568526-04:00,node-01,payments-api,500,True,anomalous,market_aware_v1,76.326,63.399,303.704,27.944,1.323,144.406,37.453,3.65
8fea6e49-5561-4297-bd82-c7bcfbdd226e,2026-04-25T17:12:10.569013-04:00,node-01,orders-api,502,True,anomalous,market_aware_v1,86.875,62.297,280.978,35.424,1.6,142.387,67.166,4.059
3ac65b1a-ca9f-409a-99ff-3be6e78d7db4,2026-04-25T17:12:10.569512-04:00,node-01,checkout-api,500,True,anomalous,market_aware_v1,82.676,60.854,316.74,32.529,1.653,148.307,41.958,4.299
604822ed-8800-4e1d-9606-c4e572076730,2026-04-25T17:12:10.570025-04:00,node-01,payments-api,503,True,anomalous,market_aware_v1,72.198,61.778,298.974,29.275,1.394,144.28,36.306,3.821
540f7164-ec05-4b2e-ad7c-15f8bb0bb45a,2026-04-25T17:12:10.570541-04:00,node-01,orders-api,429,True,anomalous,market_aware_v1,78.172,59.503,260.107,34.253,1.197,135.672,63.987,3.369
99e0c135-0335-4c20-9c95-80b30bd3ae20,2026-04-25T17:12:10.571036-04:00,node-01,checkout-api,503,True,anomalous,market_aware_v1,76.108,61.941,289.081,29.687,1.358,140.986,44.228,3.692
95db4c42-2261-4453-969d-c8c946204215,2026-04-25T17:12:10.571562-04:00,node-01,payments-api,429,True,anomalous,market_aware_v1,74.138,62.891,306.694,26.747,1.319,144.245,28.194,3.704
48d5b8b5-742a-42b0-adb8-1d9fada6bc00,2026-04-25T17:12:10.572060-04:00,node-01,orders-api,500,True,anomalous,market_aware_v1,82.056,58.523,284.784,33.94,1.56,147.675,57.042,3.934
ec2f6ebb-e31a-4ace-9f55-740219cdc648,2026-04-25T17:12:10.572575-04:00,node-01,checkout-api,502,True,anomalous,market_aware_v1,77.84,61.515,288.57,31.931,1.385,142.622,39.234,3.73
7ff0ec5c-fee7-4940-9d3b-c17a90a9ff15,2026-04-25T17:12:10.573104-04:00,node-01,payments-api,502,True,anomalous,market_aware_v1,69.005,62.311,285.828,27.955,1.319,139.362,26.621,3.602
d9644142-f90c-4fda-b7a8-b867955aa152,2026-04-25T17:12:10.573568-04:00,node-01,orders-api,500,True,anomalous,market_aware_v1,77.547,57.493,282.788,29.659,1.203,144.433,60.521,3.501
7d60af77-93bd-41fb-a66e-28e6526af164,2026-04-25T17:12:10.574051-04:00,node-01,checkout-api,429,True,anomalous,market_aware_v1,73.897,57.936,302.931,29.012,1.397,141.588,39.285,3.827
ca26a394-46d3-481b-89e3-cbbf29abaeef,2026-04-25T17:12:10.574564-04:00,node-01,payments-api,429,True,anomalous,market_aware_v1,70.936,62.572,287.373,26.145,1.269,137.627,23.837,3.497
a44163e5-e71a-46f8-9a7f-e6829f23867b,2026-04-25T17:12:10.575141-04:00,node-01,orders-api,503,True,anomalous,market_aware_v1,76.839,54.806,280.964,29.027,1.314,141.667,59.079,3.636
d95fa85f-98ec-47f4-82fb-7427525e8c0d,2026-04-25T17:12:10.575840-04:00,node-01,checkout-api,503,True,anomalous,market_aware_v1,71.465,55.774,289.876,28.448,1.388,149.11,29.054,3.703
47b24272-b4c2-4fa1-969c-cac4983f841e,2026-04-25T17:12:10.576307-04:00,node-01,payments-api,502,True,anomalous,market_aware_v1,66.716,59.018,294.208,20.991,1.346,136.633,16.258,3.605
f2820404-36d8-4091-a509-46547991faaf,2026-04-25T17:12:10.576816-04:00,node-01,orders-api,429,True,anomalous,market_aware_v1,74.698,55.364,254.355,30.556,1.115,130.503,59.617,3.184
ba62f944-6113-4e9c-b8a9-697c1c96efa6,2026-04-25T17:12:10.577289-04:00,node-01,checkout-api,503,True,anomalous,market_aware_v1,68.606,52.857,285.859,27.858,1.405,139.44,30.786,3.791
2cbff920-a37a-4b30-94ec-1b88a33f78b0,2026-04-25T17:12:10.577785-04:00,node-01,payments-api,503,True,anomalous,market_aware_v1,68.362,56.906,299.059,22.7,1.313,147.236,13.76,3.809
7a34b78b-e934-47e3-88ae-3c6e88083c50,2026-04-25T17:12:10.578251-04:00,node-01,orders-api,500,True,anomalous,market_aware_v1,70.867,50.823,277.845,31.051,1.196,138.744,52.316,3.356
f563dae2-111b-4845-a355-2b7a46fc4a88,2026-04-25T17:12:10.578774-04:00,node-01,checkout-api,500,True,anomalous,market_aware_v1,71.091,55.079,287.641,26.752,1.375,141.723,25.435,3.675
8728f3b8-fd55-442f-87e1-c8208354a013,2026-04-25T17:12:10.579270-04:00,node-01,payments-api,503,True,anomalous,market_aware_v1,61.991,58.31,287.786,23.202,1.247,137.204,22.946,3.457
e8009b0e-b73a-46cc-bce9-5947cc3d8568,2026-04-25T17:12:10.579770-04:00,node-01,orders-api,502,True,anomalous,market_aware_v1,68.08,51.672,276.584,28.115,1.184,141.303,51.979,3.374
f260c8cf-933f-4c55-bded-5cc504091e24,2026-04-25T17:12:10.580238-04:00,node-01,checkout-api,503,True,anomalous,market_aware_v1,72.729,54.541,283.078,26.457,1.444,146.808,25.73,3.83
f52b69ac-5a00-4ffe-905f-b1728d4c6f93,2026-04-25T17:12:10.580685-04:00,node-01,payments-api,502,True,anomalous,market_aware_v1,68.6,59.218,303.886,24.924,1.412,143.139,18.38,3.86
532305cb-a756-4aef-9199-eba5fd8c129a,2026-04-25T17:12:10.581186-04:00,node-01,orders-api,500,True,anomalous,market_aware_v1,72.384,50.133,267.467,30.816,1.162,138.059,56.338,3.378
efbe4e76-6e31-460a-a096-088fa93e71c9,2026-04-25T17:12:10.581685-04:00,node-01,checkout-api,500,True,anomalous,market_aware_v1,73.038,54.211,289.135,31.392,1.626,138.134,27.367,3.937
1744f7c9-e691-40ae-a632-55a93d0d6e0d,2026-04-25T17:12:10.582125-04:00,node-01,payments-api,503,True,anomalous,market_aware_v1,61.8,56.204,282.278,25.21,1.322,140.473,18.464,3.577
21cce103-a707-41dc-ba54-c20e5e4bc0d4,2026-04-25T17:12:10.582605-04:00,node-01,orders-api,503,True,anomalous,market_aware_v1,76.342,52.235,271.477,31.128,1.175,139.308,56.029,3.306
84f2dc5e-69b5-42fb-a175-29775c3ad90e,2026-04-25T17:12:10.583067-04:00,node-01,checkout-api,502,True,anomalous,market_aware_v1,70.209,55.241,274.428,29.617,1.336,134.056,35.252,3.482
94c9939b-94df-49e4-86bf-a22d725257be,2026-04-25T17:12:10.583563-04:00,node-01,payments-api,502,True,anomalous,market_aware_v1,65.558,59.006,290.452,24.001,1.341,140.637,17.392,3.593
8a8647e6-45b9-4db0-9315-383f8d6b7a72,2026-04-25T17:12:10.584037-04:00,node-01,orders-api,429,True,anomalous,market_aware_v1,75.236,56.967,296.43,31.63,1.337,145.964,59.166,3.956
40985857-73b1-4d5c-ad40-b32bcc5ced1e,2026-04-25T17:12:10.584549-04:00,node-01,checkout-api,503,True,anomalous,market_aware_v1,71.35,58.576,264.3,30.703,1.519,127.69,40.154,3.623
4774c9d9-84e3-485f-ba39-df012dd8eb27,2026-04-25T17:12:10.585061-04:00,node-01,payments-api,429,True,anomalous,market_aware_v1,71.318,58.908,300.235,23.575,1.348,144.593,18.754,3.811
643e64de-c3cd-4fbd-a6ca-f51a480d53ff,2026-04-25T17:12:10.585571-04:00,node-01,orders-api,502,True,anomalous,market_aware_v1,75.861,50.402,261.753,32.446,1.229,135.372,67.595,3.308
d5cd58f2-3942-40cf-92b8-4e74cbc8e5c5,2026-04-25T17:12:10.586072-04:00,node-01,checkout-api,503,True,anomalous,market_aware_v1,76.589,60.987,278.837,30.402,1.289,141.438,43.462,3.606
51da6c85-dccc-4761-a09a-63773a4b5f37,2026-04-25T17:12:10.586533-04:00,node-01,payments-api,500,True,anomalous,market_aware_v1,71.337,63.888,315.31,29.103,1.449,152.245,28.21,4.31
d324d17f-7f94-48e4-9fad-738f9cf14284,2026-04-25T17:12:10.587009-04:00,node-01,orders-api,502,True,anomalous,market_aware_v1,72.31,55.265,275.101,31.137,1.222,133.251,71.8,3.293
ccb225dd-dade-4d2d-8959-c6c9d3aa3864,2026-04-25T17:12:10.587525-04:00,node-01,checkout-api,502,True,anomalous,market_aware_v1,77.375,59.058,282.7,30.096,1.342,137.838,40.351,3.745
cd9c5453-9c29-49f1-8bfa-75b55650ae61,2026-04-25T17:12:10.588151-04:00,node-01,payments-api,503,True,anomalous,market_aware_v1,72.559,61.656,292.385,26.255,1.32,140.648,31.399,3.713
375bbda6-5f05-459f-8e86-cb0338fbe240,2026-04-25T17:12:10.588675-04:00,node-01,orders-api,429,True,anomalous,market_aware_v1,77.446,57.252,279.245,31.776,1.247,141.145,62.052,3.541
3e4f45c9-480a-476b-b7e2-46d64ff97801,2026-04-25T17:12:10.589147-04:00,node-01,checkout-api,429,True,anomalous,market_aware_v1,75.098,59.995,287.315,30.294,1.319,136.989,43.909,3.524
601bb9a6-95f7-413b-ab2e-e38c054e8a08,2026-04-25T17:12:10.589609-04:00,node-01,payments-api,429,True,anomalous,market_aware_v1,74.833,63.062,312.798,26.41,1.452,151.634,24.344,4.143
bad6fb11-ebe7-4fc4-acbe-882a46848bcd,2026-04-25T17:12:10.590087-04:00,node-01,orders-api,503,True,anomalous,market_aware_v1,80.447,59.315,268.21,34.219,1.301,138.735,64.769,3.509
f427fbde-9422-48a6-bb23-4d895c340c93,2026-04-25T17:12:10.590604-04:00,node-01,checkout-api,502,True,anomalous,market_aware_v1,74.682,58.571,286.181,30.262,1.395,139.433,37.953,3.673
2861cf3d-ad44-48f0-9be3-3e20bf7dfbba,2026-04-25T17:12:10.591111-04:00,node-01,payments-api,502,True,anomalous,market_aware_v1,74.65,63.601,321.841,29.124,1.305,147.563,26.352,3.888
6611a9c6-b1de-4160-bde7-67b60c2bbe72,2026-04-25T17:12:10.591587-04:00,node-01,orders-api,502,True,anomalous,market_aware_v1,74.736,56.221,263.98,32.698,1.134,135.468,58.275,3.243
0b334bd7-c718-4369-a902-8527f1a3397e,2026-04-25T17:12:10.592078-04:00,node-01,checkout-api,502,True,anomalous,market_aware_v1,74.382,53.397,288.863,28.411,1.364,145.496,39.722,3.73
a176d6d3-cda5-4957-b905-0889e04d5d85,2026-04-25T17:12:10.593003-04:00,node-01,payments-api,429,True,anomalous,market_aware_v1,70.582,59.872,304.036,26.312,1.295,141.239,22.61,3.609
2934765e-e3a6-47e7-aec4-39d709c3363f,2026-04-25T17:12:10.593524-04:00,node-01,orders-api,503,True,anomalous,market_aware_v1,77.153,56.088,278.024,28.258,1.091,136.787,56.081,3.27
924c7a61-0059-4a5b-a872-bce7bbbdce85,2026-04-25T17:12:10.594023-04:00,node-01,checkout-api,503,True,anomalous,market_aware_v1,73.196,60.984,279.244,31.384,1.566,132.861,41.339,3.824
60734c5a-7d48-4e24-aebd-5ad3c54936a7,2026-04-25T17:12:10.594567-04:00,node-01,payments-api,429,True,anomalous,market_aware_v1,69.177,56.705,311.541,26.25,1.426,149.998,25.312,3.943
69444972-5a5d-4784-8ea5-51a2e4fa51f9,2026-04-25T17:12:10.595098-04:00,node-01,orders-api,502,True,anomalous,market_aware_v1,74.321,55.215,268.622,31.796,1.271,136.401,59.115,3.386
3a32aeee-1ff4-4d8a-9078-d4c67c62e541,2026-04-25T17:12:10.595621-04:00,node-01,checkout-api,429,True,anomalous,market_aware_v1,73.359,58.738,290.342,28.874,1.235,141.302,37.95,3.667
0f883a1c-ecf1-49d2-8bd3-2ce2796e5904,2026-04-25T17:12:10.596105-04:00,node-01,payments-api,500,True,anomalous,market_aware_v1,67.13,62.116,288.247,24.913,1.151,136.893,29.834,3.39
e2cfbc5e-6612-4e26-850a-f58688c0bc36,2026-04-25T17:12:10.596633-04:00,node-01,orders-api,502,True,anomalous,market_aware_v1,75.35,52.042,271.968,30.413,1.159,132.967,53.518,3.339
a2f046c7-9a59-4f7c-ac0b-c9f3734759eb,2026-04-25T17:12:10.597169-04:00,node-01,checkout-api,429,True,anomalous,market_aware_v1,74.096,57.84,285.144,29.88,1.652,144.317,23.861,4.012
6dd62033-ea23-4886-8816-aec6bf26d3ed,2026-04-25T17:12:10.597775-04:00,node-01,payments-api,503,True,anomalous,market_aware_v1,66.078,56.734,277.254,26.087,1.243,135.078,19.291,3.412
157c2f02-dd06-4675-8426-3b24c956910e,2026-04-25T17:12:10.598284-04:00,node-01,orders-api,502,True,anomalous,market_aware_v1,73.916,53.64,266.63,30.618,1.17,138.315,56.218,3.274
1e2613fa-57c6-4606-ab29-727e95fd3f08,2026-04-25T17:12:10.598795-04:00,node-01,checkout-api,503,True,anomalous,market_aware_v1,68.364,55.41,287.328,28.44,1.345,134.952,33.598,3.574
8c3950f0-f013-4aff-be23-bc2cea52469c,2026-04-25T17:12:10.599372-04:00,node-01,payments-api,429,True,anomalous,market_aware_v1,67.892,59.118,282.411,24.367,1.267,137.038,23.706,3.455
7c8a016f-a7c3-4391-ab92-228d890a3d45,2026-04-25T17:12:10.599883-04:00,node-01,orders-api,429,True,anomalous,market_aware_v1,73.353,51.37,274.216,30.9,1.216,136.557,57.749,3.416
a52304a4-ce21-43f2-825e-442c48eae901,2026-04-25T17:12:10.600404-04:00,node-01,checkout-api,500,True,anomalous,market_aware_v1,67.907,58.254,281.013,27.238,1.395,138.404,35.629,3.565
433c291b-9f23-4e40-9dd1-75115ae356f9,2026-04-25T17:12:10.600923-04:00,node-01,payments-api,429,True,anomalous,market_aware_v1,69.202,58.753,298.862,24.997,1.308,142.104,15.651,3.675
c51141c9-9b10-4537-a366-9ca405f71183,2026-04-25T17:12:10.601428-04:00,node-01,orders-api,500,True,anomalous,market_aware_v1,70.771,59.094,270.301,29.898,1.183,135.505,61.145,3.349
8b8a4c95-b40c-4299-8c50-a0ea51ac01f7,2026-04-25T17:12:10.601881-04:00,node-01,checkout-api,502,True,anomalous,market_aware_v1,72.094,56.749,274.276,30.641,1.357,139.311,40.284,3.57
13aaf861-f56b-4832-a477-34b59c2e8ec3,2026-04-25T17:12:10.602405-04:00,node-01,payments-api,429,True,anomalous,market_aware_v1,74.39,61.19,300.753,26.794,1.32,145.467,24.029,3.801
af566c13-36da-415a-9493-4f37e14a3326,2026-04-25T17:12:10.602919-04:00,node-01,orders-api,429,True,anomalous,market_aware_v1,77.888,59.12,267.556,33.24,1.082,135.987,65.116,3.086
9fe91b77-b9d0-4484-b524-4fee0a880739,2026-04-25T17:12:10.603452-04:00,node-01,checkout-api,502,True,anomalous,market_aware_v1,75.313,60.717,296.852,27.978,1.406,140.817,41.995,3.686
8b9b3263-d44f-49bd-ad60-7bfb6c6c3144,2026-04-25T17:12:10.603954-04:00,node-01,payments-api,500,True,anomalous,market_aware_v1,72.357,58.755,299.718,26.465,1.292,140.411,26.766,3.682
0a3cc4a6-3de1-4759-9565-2faa7987d163,2026-04-25T17:12:10.604419-04:00,node-01,orders-api,429,True,anomalous,market_aware_v1,77.857,57.896,273.678,31.263,1.261,141.378,56.813,3.538
a9abd9f4-df27-498a-89d0-e60ad89980c3,2026-04-25T17:12:10.605348-04:00,node-01,checkout-api,429,True,anomalous,market_aware_v1,76.66,62.958,293.498,32.495,1.406,142.832,35.55,3.766
f40b6e44-2bee-4b07-bcad-6d3cb087a80a,2026-04-25T17:12:10.605843-04:00,node-01,payments-api,503,True,anomalous,market_aware_v1,70.994,63.672,300.714,29.429,1.36,148.948,33.599,3.825
63d401b2-0f9c-4207-915d-1dd214e9f55e,2026-04-25T17:12:10.606321-04:00,node-01,orders-api,503,True,anomalous,market_aware_v1,80.261,56.943,262.291,33.487,1.156,137.289,68.962,3.244
6ad4f77b-7901-4b3b-9e68-395623110fbf,2026-04-25T17:12:10.606845-04:00,node-01,checkout-api,429,True,anomalous,market_aware_v1,79.452,63.867,295.518,31.148,1.403,145.228,39.898,3.911
65484319-2227-47d6-8be6-b9d6aa4a825b,2026-04-25T17:12:10.607399-04:00,node-01,payments-api,502,True,anomalous,market_aware_v1,72.032,67.238,308.78,27.76,1.406,149.777,25.356,3.941
f2adc43f-0462-49ab-ab65-cad23f842fbd,2026-04-25T17:12:10.607892-04:00,node-01,orders-api,500,True,anomalous,market_aware_v1,80.905,60.909,278.415,33.615,1.275,142.497,67.783,3.512
63724629-2ea1-4d4c-a20b-48a8f92ef213,2026-04-25T17:12:10.608350-04:00,node-01,checkout-api,503,True,anomalous,market_aware_v1,76.435,63.786,297.949,31.136,1.389,143.913,44.356,3.748
315113f1-1b39-4dd5-8899-1b02ae29977c,2026-04-25T17:12:10.608849-04:00,node-01,payments-api,429,True,anomalous,market_aware_v1,69.184,62.277,288.509,27.714,1.29,143.453,37.48,3.688
09d84f3c-f9cc-4198-b2be-7a8a5f2bfd05,2026-04-25T17:12:10.609371-04:00,node-01,orders-api,500,True,anomalous,market_aware_v1,82.224,58.864,283.019,33.092,1.355,154.148,62.548,3.847
086a9cd3-1a67-4f35-8251-a1736194b0e3,2026-04-25T17:12:10.609822-04:00,node-01,checkout-api,429,True,anomalous,market_aware_v1,75.653,64.871,286.898,31.849,1.356,138.217,46.331,3.62
b0547a65-db50-4302-b30b-6f80bfd47883,2026-04-25T17:12:10.610327-04:00,node-01,payments-api,429,True,anomalous,market_aware_v1,76.403,61.83,304.708,25.517,1.409,146.332,25.942,3.851
798ad03a-7877-4f4d-8e5e-064e4895fd0e,2026-04-25T17:12:10.610794-04:00,node-01,orders-api,502,True,anomalous,market_aware_v1,79.082,56.161,268.05,32.804,1.307,139.931,62.747,3.614
a201b035-de01-4c3d-aaca-d9eafd72d8fc,2026-04-25T17:12:10.611290-04:00,node-01,checkout-api,503,True,anomalous,market_aware_v1,75.973,62.562,288.295,30.87,1.355,140.119,46.064,3.718
30207ecc-2a05-4d2f-b374-9d599772ee20,2026-04-25T17:12:10.611757-04:00,node-01,payments-api,429,True,anomalous,market_aware_v1,72.434,62.118,301.179,26.321,1.321,141.262,29.599,3.67
324979f4-4a17-47b1-b37c-e9ffdb99048f,2026-04-25T17:12:10.612304-04:00,node-01,orders-api,502,True,anomalous,market_aware_v1,74.594,55.374,254.389,32.643,1.099,130.496,66.34,3.017
7b52a5dd-a180-4796-b0dc-9db183b1fffa,2026-04-25T17:12:10.612823-04:00,node-01,checkout-api,502,True,anomalous,market_aware_v1,75.946,61.129,281.169,29.118,1.253,134.279,42.643,3.459
5c87e283-d98d-4d58-b1f5-c0602c23f7af,2026-04-25T17:12:10.613352-04:00,node-01,payments-api,429,True,anomalous,market_aware_v1,68.649,62.439,287.015,27.073,1.287,138.233,25.906,3.686
753ff8ba-24d8-4ed2-8faa-fbd622aef403,2026-04-25T17:12:10.613865-04:00,node-01,orders-api,500,True,anomalous,market_aware_v1,74.044,52.88,269.322,31.257,1.214,139.12,58.651,3.414
d7a1ba98-c079-42f1-ab37-073189123935,2026-04-25T17:12:10.614343-04:00,node-01,checkout-api,500,True,anomalous,market_aware_v1,70.237,57.117,294.436,27.542,1.358,138.784,34.385,3.769
f19732d2-d71f-4322-bff8-5598f8bfab2e,2026-04-25T17:12:10.614844-04:00,node-01,payments-api,502,True,anomalous,market_aware_v1,68.411,58.906,302.348,25.341,1.295,141.794,23.544,3.568
7e3b8d77-024f-4e64-8f26-c6e62c286403,2026-04-25T17:12:10.615322-04:00,node-01,orders-api,502,True,anomalous,market_aware_v1,73.673,56.038,270.485,30.492,1.313,143.502,50.098,3.608
98762c96-6b64-4a1f-8181-691b55e990a3,2026-04-25T17:12:10.615781-04:00,node-01,checkout-api,503,True,anomalous,market_aware_v1,68.254,52.514,275.066,25.911,1.426,136.765,28.045,3.636
9520b4bd-9c2b-4797-b6d4-e92e004ef2e6,2026-04-25T17:12:10.616298-04:00,node-01,payments-api,500,True,anomalous,market_aware_v1,64.796,60.103,299.893,25.502,1.297,135.99,17.608,3.554
c656a011-ca00-4398-9bf4-88f93cc9455e,2026-04-25T17:12:10.616811-04:00,node-01,orders-api,503,True,anomalous,market_aware_v1,74.67,52.327,270.51,30.627,1.195,132.732,52.455,3.291
52bd34f1-2117-4355-85d1-89b3d8338ed2,2026-04-25T17:12:10.617307-04:00,node-01,checkout-api,500,True,anomalous,market_aware_v1,67.616,54.137,271.457,26.046,1.404,134.919,29.273,3.633
29c90cc8-747b-486f-ad21-1e5016f83c8e,2026-04-25T17:12:10.617820-04:00,node-01,payments-api,502,True,anomalous,market_aware_v1,62.36,60.811,295.053,24.051,1.56,142.479,8.523,3.963
3b85bf28-a073-4de4-83af-a32caf1f40b7,2026-04-25T17:12:10.618307-04:00,node-01,orders-api,503,True,anomalous,market_aware_v1,73.408,52.236,266.553,28.544,1.207,135.18,52.274,3.283
6cf6ab77-6841-410b-8b4a-fff5d86b9985,2026-04-25T17:12:10.619825-04:00,node-01,checkout-api,502,True,anomalous,market_aware_v1,66.185,52.869,286.094,27.151,1.4,132.67,33.367,3.496
1d725e8d-269a-44d0-b670-9682f99cbe5d,2026-04-25T17:12:10.620539-04:00,node-01,payments-api,502,True,anomalous,market_aware_v1,67.96,60.44,304.525,27.016,1.622,144.743,11.964,4.148
e9d760cb-4899-4cf3-917b-318dab4c554b,2026-04-25T17:12:10.621082-04:00,node-01,orders-api,500,True,anomalous,market_aware_v1,68.629,49.744,278.505,29.699,1.203,143.113,47.586,3.48
fc589a8b-930d-4965-8a06-c10acaca9827,2026-04-25T17:12:10.621571-04:00,node-01,checkout-api,500,True,anomalous,market_aware_v1,70.854,56.509,283.873,26.643,1.28,134.484,31.47,3.521
8cb070c8-f55c-4307-8bc3-177fdafa655a,2026-04-25T17:12:10.622040-04:00,node-01,payments-api,429,True,anomalous,market_aware_v1,65.794,57.66,291.29,24.025,1.403,138.684,13.893,3.814
d7e710a1-65d1-4d3f-8059-22ff67dea9ed,2026-04-25T17:12:10.622532-04:00,node-01,orders-api,503,True,anomalous,market_aware_v1,71.894,55.683,284.26,31.906,1.229,144.235,54.616,3.471
e80ee2b9-6d7a-493c-bace-f26957a1f85c,2026-04-25T17:12:10.623072-04:00,node-01,checkout-api,503,True,anomalous,market_aware_v1,76.073,57.915,303.676,27.391,1.696,145.202,24.028,4.049
8a45901e-deaa-4e27-aa46-c2eddd04b9be,2026-04-25T17:12:10.623596-04:00,node-01,payments-api,503,True,anomalous,market_aware_v1,64.797,57.688,294.34,24.243,1.409,145.082,20.813,3.782
b6d55501-020c-46ad-9d58-5869417d39bb,2026-04-25T17:12:10.624087-04:00,node-01,orders-api,503,True,anomalous,market_aware_v1,70.74,55.528,267.147,30.531,1.276,139.495,53.872,3.431
67ac46a4-c65d-4d1c-b275-6039011798dd,2026-04-25T17:12:10.624613-04:00,node-01,checkout-api,500,True,anomalous,market_aware_v1,71.332,59.815,294.247,30.324,1.347,137.42,31.716,3.664
d89cb21d-b4d9-4d13-84a1-643c3c08989e,2026-04-25T17:12:10.625065-04:00,node-01,payments-api,503,True,anomalous,market_aware_v1,67.49,58.799,289.001,27.36,1.223,136.36,23.736,3.382
90d3c025-bac6-48d9-b3ff-d3683de5aa22,2026-04-25T17:12:10.626113-04:00,node-01,orders-api,429,True,anomalous,market_aware_v1,75.384,54.762,278.249,32.841,1.246,142.999,59.225,3.542
4f05ab11-3459-4698-b38c-6662c9d499ff,2026-04-25T17:12:10.626632-04:00,node-01,checkout-api,500,True,anomalous,market_aware_v1,75.248,56.917,293.826,30.611,1.46,142.735,36.295,3.926
c2bb9605-5b4a-40dd-83a5-bdf6668a072d,2026-04-25T17:12:10.627107-04:00,node-01,payments-api,500,True,anomalous,market_aware_v1,73.059,61.59,301.195,28.849,1.408,146.126,27.07,3.894
fcd61ac6-2bd8-4b59-b1e9-60c2cf3f5319,2026-04-25T17:12:10.627655-04:00,node-01,orders-api,429,True,anomalous,market_aware_v1,77.069,57.769,268.798,32.909,1.172,133.774,66.007,3.228
f74c5c19-d909-4dc6-b321-d7dcb653b2b4,2026-04-25T17:12:10.628147-04:00,node-01,checkout-api,503,True,anomalous,market_aware_v1,73.118,63.051,300.238,30.611,1.394,142.247,35.439,3.634
97397d7a-ad75-4521-ab6b-aac5813346c3,2026-04-25T17:12:10.628664-04:00,node-01,payments-api,502,True,anomalous,market_aware_v1,77.261,64.334,307.776,26.23,1.33,152.171,23.639,3.912
dfe59fdd-1e50-455d-a6ee-63c3914162f3,2026-04-25T17:12:10.629138-04:00,node-01,orders-api,502,True,anomalous,market_aware_v1,79.462,57.454,284.769,30.98,1.274,144.57,56.568,3.639
46fdd2c1-25b9-413c-9ff1-afa376edf648,2026-04-25T17:12:10.629664-04:00,node-01,checkout-api,502,True,anomalous,market_aware_v1,79.31,57.987,293.826,29.459,1.345,144.118,39.54,3.668
d9d86131-bd8d-4c3a-9f0d-e7ed5296bf58,2026-04-25T17:12:10.630113-04:00,node-01,payments-api,429,True,anomalous,market_aware_v1,73.509,59.687,285.342,29.727,1.219,138.407,29.533,3.618
9a350924-818b-464e-b769-a2ad4164e262,2026-04-25T17:12:10.630542-04:00,node-01,orders-api,500,True,anomalous,market_aware_v1,77.733,60.161,256.352,32.794,1.094,128.734,67.647,3.034
9e3d83ef-7072-45c6-81fd-853a9e9c0c5c,2026-04-25T17:12:10.630996-04:00,node-01,checkout-api,500,True,anomalous,market_aware_v1,81.05,60.399,305.935,31.14,1.42,146.69,34.425,3.807
8fe78737-626f-49b7-9eb1-200a27c034d4,2026-04-25T17:12:10.631410-04:00,node-01,payments-api,503,True,anomalous,market_aware_v1,70.908,62.591,298.454,25.781,1.35,143.892,27.375,3.61
f553391f-8af1-4845-9036-6370be6e62de,2026-04-25T17:12:10.631849-04:00,node-01,orders-api,500,True,anomalous,market_aware_v1,78.381,56.344,266.328,31.227,1.155,138.969,67.026,3.278
2efe6141-3f9c-45e0-a5f8-3b149045a975,2026-04-25T17:12:10.632350-04:00,node-01,checkout-api,503,True,anomalous,market_aware_v1,76.906,63.174,296.575,30.467,1.73,145.325,30.128,4.272
f70d6128-0c54-4815-8014-dad7b6c0b362,2026-04-25T17:12:10.632857-04:00,node-01,payments-api,500,True,anomalous,market_aware_v1,67.223,64.019,288.373,26.364,1.271,140.52,22.915,3.668
5e4d76fe-659e-4da0-b911-f1db2f212ea1,2026-04-25T17:12:10.633291-04:00,node-01,orders-api,500,True,anomalous,market_aware_v1,78.891,55.599,283.718,30.552,1.236,140.432,61.137,3.581
adfba754-d8ec-443a-af1b-f429fb3947f7,2026-04-25T17:12:10.633735-04:00,node-01,checkout-api,502,True,anomalous,market_aware_v1,69.39,59.801,297.487,28.904,1.465,144.202,33.232,3.953
454957fb-5006-4644-b796-95f1f5d13f05,2026-04-25T17:12:10.634162-04:00,node-01,payments-api,429,True,anomalous,market_aware_v1,66.223,60.676,301.533,25.664,1.323,144.533,23.451,3.805
14c95159-869f-431e-9558-9cab33bbd715,2026-04-25T17:12:10.634944-04:00,node-01,orders-api,500,True,anomalous,market_aware_v1,77.641,55.111,283.921,28.423,1.232,140.215,57.353,3.458
d20adaff-6fe8-4567-a683-0adcd70300c3,2026-04-25T17:12:10.635386-04:00,node-01,checkout-api,502,True,anomalous,market_aware_v1,73.441,58.516,292.363,30.113,1.492,145.784,31.595,3.917
0952a2f4-cd1b-47c2-a1cf-13aab40a6cb2,2026-04-25T17:12:10.635833-04:00,node-01,payments-api,429,True,anomalous,market_aware_v1,68.025,62.432,290.945,25.424,1.252,135.853,27.812,3.515
98950d55-233f-4371-871e-07c4f4d4e665,2026-04-25T17:12:10.636269-04:00,node-01,orders-api,500,True,anomalous,market_aware_v1,74.338,54.143,263.137,28.838,1.066,129.815,62.026,3.178
258ca4fe-8cb8-405c-83f4-6dd019072154,2026-04-25T17:12:10.636766-04:00,node-01,checkout-api,502,True,anomalous,market_aware_v1,69.787,55.231,283.478,29.737,1.361,140.765,33.23,3.623
c429183e-2545-4908-a2e0-c9a67256c7c4,2026-04-25T17:12:10.637195-04:00,node-01,payments-api,500,True,anomalous,market_aware_v1,67.406,59.189,290.845,27.603,1.286,136.451,25.101,3.529
58ab8fae-78a5-4d70-88df-4c76fdebf22f,2026-04-25T17:12:10.637611-04:00,node-01,orders-api,503,True,anomalous,market_aware_v1,69.098,55.053,273.975,32.333,1.161,137.242,57.524,3.431
b6247f41-bb3c-48bb-90a7-c1567036d123,2026-04-25T17:12:10.638025-04:00,node-01,checkout-api,503,True,anomalous,market_aware_v1,71.964,55.595,295.914,27.894,1.358,143.841,30.907,3.792
fc5ad58c-ae75-4ad9-a124-9f6b9a79c067,2026-04-25T17:12:10.638459-04:00,node-01,payments-api,503,True,anomalous,market_aware_v1,66.336,61.939,289.829,22.913,1.268,140.385,16.841,3.533
175fb42f-4e1a-43d3-b8ec-e3f36d483c85,2026-04-25T17:12:10.638867-04:00,node-01,orders-api,429,True,anomalous,market_aware_v1,77.714,54.817,279.098,29.76,1.283,143.774,51.369,3.581
3d13a610-7404-47c1-9f67-d1c257479a9a,2026-04-25T17:12:10.639316-04:00,node-01,checkout-api,500,True,anomalous,market_aware_v1,68.521,58.097,284.052,28.703,1.368,138.945,33.654,3.702
58230aa1-c48e-43c2-9c2b-68eae7ce681b,2026-04-25T17:12:10.639757-04:00,node-01,payments-api,429,True,anomalous,market_aware_v1,67.198,61.253,299.617,25.49,1.256,141.004,15.204,3.687
2421cdf2-a9b7-4a9c-a94a-50fda5c11535,2026-04-25T17:12:10.640321-04:00,node-01,orders-api,503,True,anomalous,market_aware_v1,72.193,56.356,263.246,29.408,1.126,139.33,62.831,3.405
a53731e3-dfe9-4f52-a28f-c9ab88ac120d,2026-04-25T17:12:10.640780-04:00,node-01,checkout-api,429,True,anomalous,market_aware_v1,72.335,57.954,277.086,28.01,1.315,137.786,40.059,3.606
e43adf4b-61bf-4991-8d13-4e28c7e49798,2026-04-25T17:12:10.641219-04:00,node-01,payments-api,502,True,anomalous,market_aware_v1,69.216,60.791,278.828,26.44,1.239,138.387,24.048,3.484
27af3a9d-8de1-4b02-a208-6f233efc10df,2026-04-25T17:12:10.641703-04:00,node-01,orders-api,429,True,anomalous,market_aware_v1,79.764,58.753,312.495,32.843,1.432,157.022,55.134,4.207
d76030c0-d632-4bee-874b-debfa0d79b98,2026-04-25T17:12:10.642179-04:00,node-01,checkout-api,429,True,anomalous,market_aware_v1,76.961,57.518,291.83,28.313,1.351,142.533,37.218,3.652
f26873b5-75a3-427d-8d7b-385515cfc397,2026-04-25T17:12:10.642632-04:00,node-01,payments-api,429,True,anomalous,market_aware_v1,72.973,61.243,305.539,26.727,1.455,147.211,22.644,3.661
5b8f1b58-dff6-429a-bba6-fd8219879b30,2026-04-25T17:12:10.643067-04:00,node-01,orders-api,429,True,anomalous,market_aware_v1,80.682,59.046,287.176,33.275,1.313,147.748,61.919,3.784
ec9969c3-b7e2-4a8f-9bdc-ea4af1b727f9,2026-04-25T17:12:10.643495-04:00,node-01,checkout-api,502,True,anomalous,market_aware_v1,80.491,61.417,303.472,29.263,1.548,150.627,39.777,4.093
a6fd4712-c47b-4d01-a8cb-3b68a7462c49,2026-04-25T17:12:10.643909-04:00,node-01,payments-api,429,True,anomalous,market_aware_v1,74.059,60.767,312.9,26.921,1.371,148.331,27.203,3.805
c3803942-33b5-48a2-a44b-806d5d6e0b7a,2026-04-25T17:12:10.644347-04:00,node-01,orders-api,429,True,anomalous,market_aware_v1,77.986,57.298,280.899,31.841,1.243,147.322,60.539,3.554
e3d698bc-d2be-45e9-9cca-9c65cdd1687c,2026-04-25T17:12:10.644768-04:00,node-01,checkout-api,429,True,anomalous,market_aware_v1,79.884,63.419,313.991,31.822,1.571,145.948,36.447,3.965
e3385302-769e-4be6-837a-120754681466,2026-04-25T17:12:10.645196-04:00,node-01,payments-api,502,True,anomalous,market_aware_v1,75.265,63.049,297.743,27.823,1.341,140.572,29.158,3.606
4a610889-2df3-4fc5-a0c9-98f01a3be7f7,2026-04-25T17:12:10.645635-04:00,node-01,orders-api,500,True,anomalous,market_aware_v1,80.067,58.561,263.881,33.301,1.201,139.535,69.392,3.325
853489e5-c704-402f-ae5e-64d5bf8a7de3,2026-04-25T17:12:10.646110-04:00,node-01,checkout-api,503,True,anomalous,market_aware_v1,77.08,65.592,293.924,29.871,1.453,143.674,43.293,3.742
a221a1ca-35eb-425c-8214-0ad43664cc52,2026-04-25T17:12:10.646571-04:00,node-01,payments-api,500,True,anomalous,market_aware_v1,74.248,63.74,297.539,29.86,1.235,145.661,32.66,3.708
a45c33b2-d2be-4f1b-949b-6ce27d1e740b,2026-04-25T17:12:10.647048-04:00,node-01,orders-api,502,True,anomalous,market_aware_v1,82.045,59.121,294.432,31.638,1.182,143.656,64.176,3.427
aaf327c0-8fe6-44f8-823c-75f1f7f6e6c8,2026-04-25T17:12:10.647519-04:00,node-01,checkout-api,500,True,anomalous,market_aware_v1,79.409,60.871,295.986,31.361,1.425,144.399,36.562,3.783
946baa46-73ee-4c0b-a274-488f2070a486,2026-04-25T17:12:10.649034-04:00,node-01,payments-api,500,True,anomalous,market_aware_v1,77.645,68.801,307.388,27.318,1.327,147.726,27.557,3.717
6ad06e96-ec9e-4c89-830f-91e111ed0376,2026-04-25T17:12:10.649517-04:00,node-01,orders-api,429,True,anomalous,market_aware_v1,81.391,55.262,289.877,32.527,1.27,147.235,63.763,3.51
765942b0-5a3d-48e8-8068-67de7eb2f831,2026-04-25T17:12:10.649998-04:00,node-01,checkout-api,500,True,anomalous,market_aware_v1,79.433,64.092,282.448,32.047,1.383,137.196,38.015,3.602
19e458cb-28f5-4397-a00f-ebe1f2cfce9e,2026-04-25T17:12:10.650418-04:00,node-01,payments-api,500,True,anomalous,market_aware_v1,78.966,65.991,329.392,29.277,1.574,151.619,24.497,4.298
9cba1a20-0360-4a0b-a3dd-41ce26a8dabe,2026-04-25T17:12:10.651063-04:00,node-01,orders-api,503,True,anomalous,market_aware_v1,79.072,58.406,280.845,30.424,1.253,143.229,64.277,3.555
c57ac2cc-eee3-453c-b941-7609e5528759,2026-04-25T17:12:10.651883-04:00,node-01,checkout-api,429,True,anomalous,market_aware_v1,74.255,60.297,300.626,28.858,1.479,143.464,40.113,3.834
f237aee6-55c4-4944-b113-638260922ed5,2026-04-25T17:12:10.652337-04:00,node-01,payments-api,500,True,anomalous,market_aware_v1,71.467,62.88,312.822,27.286,1.345,149.806,22.205,3.859
d11ee08c-e86a-4051-ac14-75b57510fb36,2026-04-25T17:12:10.652803-04:00,node-01,orders-api,500,True,anomalous,market_aware_v1,75.166,57.35,272.129,29.111,1.225,141.874,61.886,3.496
86aef595-147d-4696-96e9-b5e3ca2bdc12,2026-04-25T17:12:10.653214-04:00,node-01,checkout-api,502,True,anomalous,market_aware_v1,72.029,54.382,304.77,28.96,1.345,140.756,27.761,3.691
755fa4b4-55a5-44a7-9da3-26ff6d26a3fc,2026-04-25T17:12:10.653687-04:00,node-01,payments-api,429,True,anomalous,market_aware_v1,64.782,59.786,293.456,22.565,1.193,135.416,22.683,3.435
ababdcc6-4cfa-48f1-ad83-077ab5bf6520,2026-04-25T17:12:10.654165-04:00,node-01,orders-api,503,True,anomalous,market_aware_v1,72.963,53.894,286.349,28.05,1.325,143.831,57.881,3.645
adb124fc-5828-4e4a-a41c-139091aa6248,2026-04-25T17:12:10.654650-04:00,node-01,checkout-api,429,True,anomalous,market_aware_v1,67.939,59.586,285.416,26.367,1.33,138.716,33.221,3.563
13836697-1560-46ba-b08c-59ac83fdabb6,2026-04-25T17:12:10.655126-04:00,node-01,payments-api,429,True,anomalous,market_aware_v1,65.767,59.973,285.352,25.302,1.34,140.12,19.733,3.573
3af7d840-abb2-4757-bab1-b2294e9e4381,2026-04-25T17:12:10.655599-04:00,node-01,orders-api,500,True,anomalous,market_aware_v1,74.868,52.296,273.985,29.328,1.143,137.341,55.884,3.262
d5c175cf-c123-4f68-92f3-193f91d18307,2026-04-25T17:12:10.656130-04:00,node-01,checkout-api,429,True,anomalous,market_aware_v1,66.424,56.357,287.79,27.815,1.396,140.73,25.701,3.797
cd605a3b-2fb0-4db5-9273-556961a118a2,2026-04-25T17:12:10.656661-04:00,node-01,payments-api,429,True,anomalous,market_aware_v1,64.676,59.001,303.851,24.735,1.438,144.83,20.403,3.902
05afa63b-1461-40f9-b756-d8156446558d,2026-04-25T17:12:10.657162-04:00,node-01,orders-api,500,True,anomalous,market_aware_v1,69.381,51.516,276.216,30.514,1.202,139.861,52.33,3.507
da9926bb-87ee-4a62-a9c1-fd5e894f446e,2026-04-25T17:12:10.657645-04:00,node-01,checkout-api,500,True,anomalous,market_aware_v1,70.734,54.245,289.836,26.58,1.414,144.578,30.038,3.787
3b3e0170-9190-422a-983d-03d4173722cf,2026-04-25T17:12:10.658075-04:00,node-01,payments-api,503,True,anomalous,market_aware_v1,69.852,59.564,305.318,24.64,1.33,148.243,15.263,3.877
dfa690c2-7c7e-4953-a1e1-85980e81239d,2026-04-25T17:12:10.658513-04:00,node-01,orders-api,502,True,anomalous,market_aware_v1,70.783,50.1,279.371,31.047,1.183,139.458,45.936,3.316
1ac1c8d0-4067-46ef-aa2a-5947bcea301e,2026-04-25T17:12:10.658938-04:00,node-01,checkout-api,502,True,anomalous,market_aware_v1,73.44,58.744,298.058,28.796,1.374,141.961,28.171,3.647
de9ba911-3d7e-4ea0-845a-f7784440d458,2026-04-25T17:12:10.659793-04:00,node-01,payments-api,500,True,anomalous,market_aware_v1,69.922,56.752,309.729,24.313,1.327,147.472,16.549,3.744
09ecaa0f-8e49-49b7-b91c-d843466e9baf,2026-04-25T17:12:10.660411-04:00,node-01,orders-api,429,True,anomalous,market_aware_v1,73.007,57.177,287.35,32.981,1.586,139.132,42.444,3.929
45d411d4-a373-4907-ad38-665b7b0af598,2026-04-25T17:12:10.660859-04:00,node-01,checkout-api,503,True,anomalous,market_aware_v1,70.832,58.261,293.525,26.305,1.369,145.079,34.028,3.753
3f59135f-8c9b-4625-b987-536d2f0abe6e,2026-04-25T17:12:10.661295-04:00,node-01,payments-api,503,True,anomalous,market_aware_v1,68.701,59.858,307.585,26.817,1.368,145.096,18.474,3.698
48bed60c-2f1d-4612-ab84-25e236f3bb1d,2026-04-25T17:12:10.661745-04:00,node-01,orders-api,503,True,anomalous,market_aware_v1,74.031,54.8,285.322,29.467,1.353,147.12,55.425,3.856
339d3422-0bd1-4c8f-a266-d48aa1e94364,2026-04-25T17:12:10.662166-04:00,node-01,checkout-api,429,True,anomalous,market_aware_v1,73.348,56.856,294.242,28.68,1.364,138.029,32.627,3.636
1d4b5598-9f17-4199-9584-beee01aa61b6,2026-04-25T17:12:10.662689-04:00,node-01,payments-api,429,True,anomalous,market_aware_v1,70.621,58.148,307.764,26.788,1.327,141.201,21.427,3.793
2b5eeb5d-14e0-4fab-a6db-533f337fd46b,2026-04-25T17:12:10.663194-04:00,node-01,orders-api,500,True,anomalous,market_aware_v1,78.758,55.817,281.658,30.553,1.212,145.105,57.917,3.623
12048ffa-be49-4a54-8f6f-b06c94038abd,2026-04-25T17:12:10.663702-04:00,node-01,checkout-api,429,True,anomalous,market_aware_v1,74.875,56.479,279.961,27.114,1.319,137.204,44.424,3.645
69662cd6-49fc-48ca-ac9d-521978e7d961,2026-04-25T17:12:10.664190-04:00,node-01,payments-api,500,True,anomalous,market_aware_v1,72.83,62.376,308.074,25.138,1.331,145.573,27.351,3.75
21fb54d0-cd5b-46c0-bfda-8ed8ad885e07,2026-04-25T17:12:10.664683-04:00,node-01,orders-api,429,True,anomalous,market_aware_v1,79.558,59.357,296.346,32.627,1.289,149.444,57.709,3.735
cb8cc459-45e3-435c-aca0-9d763f73c425,2026-04-25T17:12:10.665132-04:00,node-01,checkout-api,503,True,anomalous,market_aware_v1,78.419,62.579,317.27,31.226,1.672,144.071,39.31,4.108
3b9279b2-ae48-4e00-a2ea-8fcfe24220c9,2026-04-25T17:12:10.665567-04:00,node-01,payments-api,502,True,anomalous,market_aware_v1,72.179,63.332,298.75,27.456,1.295,141.294,26.117,3.673
8e611a7b-3a7c-490c-a931-a70ea77ea9fa,2026-04-25T17:12:10.666095-04:00,node-01,orders-api,503,True,anomalous,market_aware_v1,80.766,57.501,289.642,31.889,1.232,151.594,54.419,3.687
156a3b74-8e37-4ea4-a22b-349c711de881,2026-04-25T17:12:10.666585-04:00,node-01,checkout-api,500,True,anomalous,market_aware_v1,86.426,62.472,328.37,32.255,1.858,154.441,29.867,4.489
535e4f07-6690-49de-9c14-b8fc7e092b0d,2026-04-25T17:12:10.667028-04:00,node-01,payments-api,500,True,anomalous,market_aware_v1,72.999,63.28,297.048,27.943,1.31,144.02,28.445,3.582
fe45aef4-46a3-4647-b8dd-975667709b1c,2026-04-25T17:12:10.667479-04:00,node-01,orders-api,503,True,anomalous,market_aware_v1,79.561,59.638,297.964,30.029,1.595,145.114,53.043,3.977
f2a6f89a-ab55-464c-962f-d3107b836035,2026-04-25T17:12:10.668261-04:00,node-01,checkout-api,429,True,anomalous,market_aware_v1,77.854,58.156,298.371,26.819,1.334,140.582,39.132,3.699
b5527b9e-fc54-48b3-a800-8c957cad5bb0,2026-04-25T17:12:10.668867-04:00,node-01,payments-api,500,True,anomalous,market_aware_v1,75.207,62.879,319.062,25.944,1.336,142.296,26.939,3.613
9dbbed6a-c4de-4c3a-9996-6808d6ad5197,2026-04-25T17:12:10.669518-04:00,node-01,orders-api,502,True,anomalous,market_aware_v1,78.113,55.239,275.441,31.49,1.271,144.641,57.851,3.679
500f0e92-7a71-416a-a2a8-3fe2be13aa89,2026-04-25T17:12:10.669953-04:00,node-01,checkout-api,502,True,anomalous,market_aware_v1,75.028,58.492,298.608,30.448,1.333,138.543,39.584,3.73
f4d81f74-22c9-496c-ba42-5d05922542e0,2026-04-25T17:12:10.670518-04:00,node-01,payments-api,429,True,anomalous,market_aware_v1,73.916,62.411,307.342,25.039,1.309,145.629,29.391,3.65
b8592f3a-4d8e-4948-a029-e8028195d1d4,2026-04-25T17:12:10.670953-04:00,node-01,orders-api,502,True,anomalous,market_aware_v1,74.388,56.612,262.12,31.509,1.178,141.454,58.387,3.326
66af781b-b95a-4de6-8c0d-2cd8f22b3d9b,2026-04-25T17:12:10.671406-04:00,node-01,checkout-api,500,True,anomalous,market_aware_v1,71.598,57.153,281.538,27.695,1.372,142.55,40.349,3.678
8de2d863-44f8-42bb-b74c-a390b2b9ea78,2026-04-25T17:12:10.672239-04:00,node-01,payments-api,500,True,anomalous,market_aware_v1,71.359,61.847,310.408,27.122,1.374,145.539,20.439,3.715
60dae04e-a211-4323-bdbe-5d214478bfff,2026-04-25T17:12:10.672684-04:00,node-01,orders-api,503,True,anomalous,market_aware_v1,82.643,55.135,289.562,30.095,1.266,145.591,55.32,3.649
ed5a3710-b948-4e8e-8de7-98e7ebef467d,2026-04-25T17:12:10.673075-04:00,node-01,checkout-api,429,True,anomalous,market_aware_v1,72.38,57.025,295.664,31.233,1.301,139.81,38.33,3.678
c5f4ada0-9461-43ee-aaa2-98aeaa3c5f61,2026-04-25T17:12:10.673489-04:00,node-01,payments-api,500,True,anomalous,market_aware_v1,67.025,59.081,289.655,25.791,1.35,141.849,22.402,3.707
1f65d02f-fcb2-42f3-87a6-54eb668b2fd1,2026-04-25T17:12:10.673978-04:00,node-01,orders-api,502,True,anomalous,market_aware_v1,81.59,54.865,292.886,31.612,1.557,143.917,52.212,4.124
883a1744-60fc-4fa2-98a7-e9ba4508723e,2026-04-25T17:12:10.674412-04:00,node-01,checkout-api,500,True,anomalous,market_aware_v1,71.991,57.515,287.414,26.671,1.278,142.951,33.056,3.758
c66bb1c6-3c8e-469c-8f0d-74a8988fbdf1,2026-04-25T17:12:10.674971-04:00,node-01,payments-api,503,True,anomalous,market_aware_v1,68.543,59.696,303.779,23.798,1.377,145.671,15.295,3.771
57885940-63ab-4564-8ae7-b23244ec60fc,2026-04-25T17:12:10.675647-04:00,node-01,orders-api,429,True,anomalous,market_aware_v1,78.352,53.884,300.505,32.792,1.722,155.862,44.78,4.324
5aaa3553-1185-4a84-bcd7-ff56dc1ac41a,2026-04-25T17:12:10.676152-04:00,node-01,checkout-api,503,True,anomalous,market_aware_v1,70.106,56.869,282.684,28.244,1.359,143.326,33.286,3.714
a1f8909b-0235-4756-b8d1-648a4f6ecb6a,2026-04-25T17:12:10.676682-04:00,node-01,payments-api,502,True,anomalous,market_aware_v1,71.292,60.396,313.1,25.024,1.434,149.485,17.986,4.014
285ef8d8-199a-4e57-afb8-cfb519658fea,2026-04-25T17:12:10.677153-04:00,node-01,orders-api,503,True,anomalous,market_aware_v1,71.007,56.466,272.154,29.299,1.075,132.89,63.577,3.031
4ff8cdf7-a26b-47c7-be4e-6a87116b3615,2026-04-25T17:12:10.677638-04:00,node-01,checkout-api,500,True,anomalous,market_aware_v1,78.722,55.267,302.39,29.452,1.326,143.207,28.06,3.742
15410fe5-5332-4e03-95e8-e016945c5c0b,2026-04-25T17:12:10.678133-04:00,node-01,payments-api,503,True,anomalous,market_aware_v1,67.46,59.393,292.418,26.751,1.458,146.876,21.797,3.936
6e9aa431-d89b-4e03-90cc-451b319c3f76,2026-04-25T17:12:10.678581-04:00,node-01,orders-api,500,True,anomalous,market_aware_v1,75.465,52.727,287.729,30.309,1.208,138.945,57.556,3.56
f0985550-73fd-4df1-b80b-db44a15fedb4,2026-04-25T17:12:10.679015-04:00,node-01,checkout-api,429,True,anomalous,market_aware_v1,74.561,59.871,293.287,26.242,1.422,144.695,35.825,3.802
82f2f469-bbc4-4f65-898f-b97e2a5bea58,2026-04-25T17:12:10.679480-04:00,node-01,payments-api,429,True,anomalous,market_aware_v1,69.41,61.938,308.338,25.475,1.444,152.096,22.42,4.016
e3eae1d1-3514-4351-b261-e9069f08aa60,2026-04-25T17:12:10.679928-04:00,node-01,orders-api,503,True,anomalous,market_aware_v1,81.626,56.258,289.027,30.197,1.278,146.355,55.475,3.639
5097fd6a-08ea-4c07-a85e-d9496d5c3c29,2026-04-25T17:12:10.680391-04:00,node-01,checkout-api,429,True,anomalous,market_aware_v1,75.396,56.076,288.122,30.485,1.475,145.335,40.647,3.759
ae2e3d2e-3ede-4a08-9193-74f9c4e1f47c,2026-04-25T17:12:10.680932-04:00,node-01,payments-api,429,True,anomalous,market_aware_v1,72.9,61.186,320.548,25.729,1.378,146.572,26.53,3.941
27586d01-b215-4892-bdc0-0c83c574d4d6,2026-04-25T17:12:10.681423-04:00,node-01,orders-api,502,True,anomalous,market_aware_v1,80.365,57.711,302.519,35.356,1.471,158.35,54.698,4.223
24384b94-0254-4ca6-9f7b-de88bd56ae0d,2026-04-25T17:12:10.681921-04:00,node-01,checkout-api,429,True,anomalous,market_aware_v1,81.627,59.32,304.114,29.617,1.372,140.968,38.77,3.848
72c92e36-55ab-4ae6-971e-a42fe9d5bafb,2026-04-25T17:12:10.682406-04:00,node-01,payments-api,429,True,anomalous,market_aware_v1,74.911,65.698,301.591,26.274,1.416,152.345,25.806,3.983
68949ce6-f0e8-40e5-8df4-e0df06ea5144,2026-04-25T17:12:10.682924-04:00,node-01,orders-api,502,True,anomalous,market_aware_v1,81.228,57.964,284.62,31.622,1.258,143.375,65.39,3.613
231a2a42-7c93-42fc-ba6c-0aacb49e678d,2026-04-25T17:12:10.683421-04:00,node-01,checkout-api,500,True,anomalous,market_aware_v1,81.33,61.252,289.339,31.04,1.428,144.009,39.5,3.741
ea47b3d5-9ef6-45ac-8cea-d1c7fe570153,2026-04-25T17:12:10.683895-04:00,node-01,payments-api,429,True,anomalous,market_aware_v1,77.353,62.368,286.591,30.561,1.326,140.349,32.137,3.587
f1cbb2f0-327e-4cb3-bec3-9ded81edc901,2026-04-25T17:12:10.684387-04:00,node-01,orders-api,429,True,anomalous,market_aware_v1,83.123,60.206,275.298,31.818,1.238,147.381,64.075,3.594
65c64736-9e5b-4252-8335-4ddd19190531,2026-04-25T17:12:10.684882-04:00,node-01,checkout-api,500,True,anomalous,market_aware_v1,78.483,63.263,321.679,32.879,1.696,159.971,43.118,4.588
a43f5b3b-4225-44f3-96af-6d693647b849,2026-04-25T17:12:10.685369-04:00,node-01,payments-api,429,True,anomalous,market_aware_v1,78.956,64.994,319.564,27.139,1.404,151.724,29.386,3.931
fe6f1899-2f2f-4889-acae-c0ca87d9c7f1,2026-04-25T17:12:10.685861-04:00,node-01,orders-api,429,True,anomalous,market_aware_v1,82.767,57.897,300.484,31.047,1.296,151.53,64.301,3.754
d62c8003-6111-4a0c-9c43-26df1f3187b6,2026-04-25T17:12:10.686341-04:00,node-01,checkout-api,503,True,anomalous,market_aware_v1,80.487,61.685,308.766,34.366,1.481,148.806,38.22,3.979
dfdf8b57-c31b-4e6c-9ef4-e69ec38ebbf9,2026-04-25T17:12:10.686833-04:00,node-01,payments-api,503,True,anomalous,market_aware_v1,79.832,65.793,304.349,27.46,1.371,151.274,24.517,3.777
d69878ea-2e46-40c2-82b3-fe4e083a3589,2026-04-25T17:12:10.687419-04:00,node-01,orders-api,500,True,anomalous,market_aware_v1,78.733,58.462,275.586,29.319,1.228,142.696,64.447,3.473
afbdc672-2515-43ff-9683-5e043c73eb93,2026-04-25T17:12:10.687921-04:00,node-01,checkout-api,500,True,anomalous,market_aware_v1,76.749,62.24,312.825,28.336,1.447,149.615,39.854,3.995
85bcf038-2ed1-4a63-a09a-9337fa71045c,2026-04-25T17:12:10.688409-04:00,node-01,payments-api,500,True,anomalous,market_aware_v1,69.52,62.824,305.084,28.134,1.442,145.274,23.943,3.916
d3d740c4-3c4c-4181-91b8-38d110172362,2026-04-25T17:12:10.688893-04:00,node-01,orders-api,500,True,anomalous,market_aware_v1,74.101,59.272,273.22,32.297,1.241,139.33,60.419,3.545
ed1fbf13-e355-4f8f-85a5-1b1f98c34bcf,2026-04-25T17:12:10.689350-04:00,node-01,checkout-api,502,True,anomalous,market_aware_v1,77.84,62.431,307.38,28.546,1.402,151.992,35.768,4.03
097b852e-030d-45b0-a810-c3300e384a5e,2026-04-25T17:12:10.689781-04:00,node-01,payments-api,503,True,anomalous,market_aware_v1,71.35,59.731,311.976,27.308,1.333,143.271,24.497,3.648
4cb06a47-91db-4db8-bdc9-0e1dd9c21dbf,2026-04-25T17:12:10.690222-04:00,node-01,orders-api,500,True,anomalous,market_aware_v1,78.481,56.333,276.046,30.313,1.241,139.331,59.603,3.389
fbf9aee0-9eb8-4511-9035-c921995e687e,2026-04-25T17:12:10.690659-04:00,node-01,checkout-api,502,True,anomalous,market_aware_v1,75.902,60.821,297.53,27.62,1.54,152.225,30.204,4.077
76da8385-faf3-4254-887c-dcdb27ecc1b3,2026-04-25T17:12:10.691107-04:00,node-01,payments-api,500,True,anomalous,market_aware_v1,68.117,58.447,292.202,23.314,1.369,145.051,23.939,3.798
fdfe32ab-585e-4348-9c2a-ebabedca610e,2026-04-25T17:12:10.691588-04:00,node-01,orders-api,500,True,anomalous,market_aware_v1,77.264,54.159,283.615,32.211,1.27,136.384,58.912,3.508
83ce1f45-52fb-40ba-8031-43f3412266dd,2026-04-25T17:12:10.692055-04:00,node-01,checkout-api,429,True,anomalous,market_aware_v1,70.919,58.371,291.608,27.91,1.328,133.282,34.662,3.459
1f353d8b-b984-4764-af72-4f4f607921fb,2026-04-25T17:12:10.692535-04:00,node-01,payments-api,503,True,anomalous,market_aware_v1,65.308,60.707,294.787,24.664,1.368,142.788,21.287,3.679
616bbc48-77e0-426f-b604-c28ca8098cd0,2026-04-25T17:12:10.693005-04:00,node-01,orders-api,502,True,anomalous,market_aware_v1,69.602,53.506,269.185,27.948,1.058,133.086,53.383,3.313
f1f430f9-fbaf-4eef-9cdc-b62979d6817d,2026-04-25T17:12:10.693478-04:00,node-01,checkout-api,502,True,anomalous,market_aware_v1,69.099,54.108,308.064,26.687,1.335,142.836,28.526,3.74
bd0423fa-ec9b-4600-a4d4-a5da7558c2fa,2026-04-25T17:12:10.693944-04:00,node-01,payments-api,429,True,anomalous,market_aware_v1,67.96,61.251,318.806,25.0,1.829,150.763,8.173,4.466
8fa8643a-cedc-4f2e-9637-721b3b82722e,2026-04-25T17:12:10.694396-04:00,node-01,orders-api,500,True,anomalous,market_aware_v1,72.7,50.793,274.61,29.255,1.189,142.758,51.607,3.537
1cb08dce-7636-4c90-8a38-d7c94c7915db,2026-04-25T17:12:10.694873-04:00,node-01,checkout-api,502,True,anomalous,market_aware_v1,68.822,55.737,283.686,28.586,1.391,134.435,33.564,3.549
68bd5c23-9d0d-495a-9ff9-61664b5e8eef,2026-04-25T17:12:10.695365-04:00,node-01,payments-api,500,True,anomalous,market_aware_v1,68.769,54.836,321.778,26.673,1.469,159.13,15.106,4.266
65d90e09-941c-4219-836e-2cbd0da4f854,2026-04-25T17:12:10.695845-04:00,node-01,orders-api,502,True,anomalous,market_aware_v1,69.228,51.859,291.361,27.05,1.353,142.494,49.912,3.554
08e04630-2067-4641-b212-1508f25398cf,2026-04-25T17:12:10.696311-04:00,node-01,checkout-api,502,True,anomalous,market_aware_v1,67.177,57.374,286.057,26.864,1.303,137.139,34.8,3.394
5e37f521-102b-4bcb-bb28-20f1a571be63,2026-04-25T17:12:10.696789-04:00,node-01,payments-api,502,True,anomalous,market_aware_v1,68.296,57.527,322.796,22.089,1.469,149.343,9.265,4.073
92395026-1598-4805-9c62-458d30c79858,2026-04-25T17:12:10.697263-04:00,node-01,orders-api,503,True,anomalous,market_aware_v1,75.143,54.437,272.683,29.367,1.336,150.123,55.141,3.752
5ed2aefe-ed7d-4610-b95e-ab7f034a8c80,2026-04-25T17:12:10.697739-04:00,node-01,checkout-api,502,True,anomalous,market_aware_v1,71.534,54.557,298.016,26.142,1.348,142.666,30.992,3.641
c97bb50a-d678-4b79-8ca7-5250dc0e9794,2026-04-25T17:12:10.698220-04:00,node-01,payments-api,500,True,anomalous,market_aware_v1,73.183,60.751,323.931,24.817,1.727,155.435,6.838,4.526
f69611b1-1ba0-4e00-87e2-7ec229c63b7a,2026-04-25T17:12:10.698740-04:00,node-01,orders-api,500,True,anomalous,market_aware_v1,72.242,53.975,281.094,29.253,1.252,140.32,57.306,3.384
d307e042-6b3e-4ea0-85db-577227164b08,2026-04-25T17:12:10.699251-04:00,node-01,checkout-api,502,True,anomalous,market_aware_v1,72.49,55.438,291.029,28.596,1.428,144.487,28.928,3.803
df70a37b-8f26-4eab-9d6e-a0d4fee45ea2,2026-04-25T17:12:10.699740-04:00,node-01,payments-api,503,True,anomalous,market_aware_v1,69.18,60.145,312.192,26.4,1.462,150.289,19.309,3.994
40e071e5-1734-4698-9d81-f504248ea699,2026-04-25T17:12:10.700201-04:00,node-01,orders-api,503,True,anomalous,market_aware_v1,72.772,58.885,283.186,32.196,1.203,138.948,53.646,3.369
c137ed5b-1f98-46a4-88ac-79775d8aef65,2026-04-25T17:12:10.700683-04:00,node-01,checkout-api,502,True,anomalous,market_aware_v1,72.749,59.717,285.136,27.437,1.316,137.517,36.363,3.665
51c0d603-6f71-4eb1-b5be-76ced1a2447d,2026-04-25T17:12:10.701173-04:00,node-01,payments-api,429,True,anomalous,market_aware_v1,70.691,60.385,308.606,24.722,1.386,150.227,19.713,3.779
b9b06ef7-b4a5-4dc5-8719-bc8c6389e4d0,2026-04-25T17:12:10.701667-04:00,node-01,orders-api,502,True,anomalous,market_aware_v1,78.358,57.424,286.729,30.872,1.228,140.944,63.48,3.48
4941cbe3-caac-4dc8-9264-578f271637da,2026-04-25T17:12:10.702135-04:00,node-01,checkout-api,500,True,anomalous,market_aware_v1,81.865,57.462,313.25,29.787,1.478,148.979,29.969,3.898
1716488d-5978-4474-933b-d5c8083c5041,2026-04-25T17:12:10.702569-04:00,node-01,payments-api,500,True,anomalous,market_aware_v1,72.875,64.496,316.212,26.081,1.493,151.961,23.417,4.057
4269730a-be01-4429-898d-d0cc17bb754d,2026-04-25T17:12:10.703000-04:00,node-01,orders-api,503,True,anomalous,market_aware_v1,78.576,57.987,284.156,32.405,1.223,143.904,62.502,3.537
f4781a5d-58d5-43d0-be15-967629924e06,2026-04-25T17:12:10.703582-04:00,node-01,checkout-api,503,True,anomalous,market_aware_v1,83.273,61.036,304.215,27.893,1.427,150.389,35.753,3.953
9371b013-7ea9-41a2-9232-912147f98a82,2026-04-25T17:12:10.704050-04:00,node-01,payments-api,503,True,anomalous,market_aware_v1,74.555,65.522,311.673,24.474,1.43,148.801,27.49,3.933
aa13b9be-2be7-4526-9feb-3c5d0bed886e,2026-04-25T17:12:10.704541-04:00,node-01,orders-api,502,True,anomalous,market_aware_v1,79.569,56.073,270.782,32.396,1.247,144.399,61.144,3.518
7179c780-7c9c-4805-9d83-b33b8fdbff2b,2026-04-25T17:12:10.704983-04:00,node-01,checkout-api,502,True,anomalous,market_aware_v1,78.932,58.358,305.395,27.172,1.464,148.178,38.053,3.981
d2e5519d-4fc6-4867-9783-5529a7efcc8c,2026-04-25T17:12:10.705837-04:00,node-01,payments-api,503,True,anomalous,market_aware_v1,76.974,61.656,310.047,26.936,1.316,147.32,28.056,3.705
85e25ef8-9391-41dc-b206-23589bde37a1,2026-04-25T17:12:10.706268-04:00,node-01,orders-api,503,True,anomalous,market_aware_v1,79.021,58.782,315.619,34.143,1.567,153.141,56.06,4.39
7a545893-9048-4e80-a9bf-023ef9b412f7,2026-04-25T17:12:10.706702-04:00,node-01,checkout-api,500,True,anomalous,market_aware_v1,76.42,60.101,298.409,29.544,1.339,143.316,39.62,3.675
bf98d8af-9c7e-4c36-974b-167d38f6532f,2026-04-25T17:12:10.707532-04:00,node-01,payments-api,502,True,anomalous,market_aware_v1,72.802,64.007,309.591,24.753,1.339,148.572,23.494,3.873
bb82a2da-2f0a-4d7d-a4b8-32a3dab9e89b,2026-04-25T17:12:10.707988-04:00,node-01,orders-api,500,True,anomalous,market_aware_v1,76.841,56.276,264.96,31.239,1.193,134.812,58.563,3.27
57c0ad9a-e45d-481c-80f7-d18c50f48495,2026-04-25T17:12:10.708476-04:00,node-01,checkout-api,502,True,anomalous,market_aware_v1,76.733,57.671,298.468,27.171,1.413,144.524,37.623,3.839
000bae74-38d7-4998-ad02-0961ff0e0053,2026-04-25T17:12:10.708915-04:00,node-01,payments-api,500,True,anomalous,market_aware_v1,68.995,64.323,309.095,25.791,1.27,145.054,24.451,3.645
9796006d-516f-40f3-a3ed-d76ef82d58a9,2026-04-25T17:12:10.709354-04:00,node-01,orders-api,500,True,anomalous,market_aware_v1,77.863,55.554,284.768,31.571,1.35,149.876,55.474,3.799
5a6972a5-374a-439e-93c5-520bd211a0b4,2026-04-25T17:12:10.709791-04:00,node-01,checkout-api,503,True,anomalous,market_aware_v1,70.183,58.859,290.914,29.237,1.353,140.285,33.391,3.67
aec853ea-80fd-4636-a176-e6754ce8d242,2026-04-25T17:12:10.710232-04:00,node-01,payments-api,429,True,anomalous,market_aware_v1,73.529,59.271,320.486,26.03,1.414,153.111,14.885,3.984
0cd52768-4340-424f-81b5-fd28f8e89e1f,2026-04-25T17:12:10.710699-04:00,node-01,orders-api,500,True,anomalous,market_aware_v1,71.499,57.559,281.445,30.352,1.319,144.685,54.611,3.601
8f9e7c28-7c16-4f90-84ed-38f55dafceb5,2026-04-25T17:12:10.711123-04:00,node-01,checkout-api,502,True,anomalous,market_aware_v1,75.515,61.58,300.542,29.92,1.697,148.427,20.414,4.071
33a1cf4c-0650-4bf4-a0c7-68e69d80c786,2026-04-25T17:12:10.711559-04:00,node-01,payments-api,500,True,anomalous,market_aware_v1,67.779,58.05,307.957,25.472,1.462,152.594,10.127,3.939
28341bb9-305c-4c4e-bfc6-912d3420b069,2026-04-25T17:12:10.711974-04:00,node-01,orders-api,500,True,anomalous,market_aware_v1,71.344,54.748,271.291,30.76,1.273,139.766,52.319,3.455
e210eefd-e5fd-484e-aa86-64ad720c133f,2026-04-25T17:12:10.712389-04:00,node-01,checkout-api,502,True,anomalous,market_aware_v1,78.284,61.451,314.43,28.761,1.83,151.714,22.604,4.435
a3ce858c-bc76-4782-a24a-46e16b51d3b4,2026-04-25T17:12:10.712822-04:00,node-01,payments-api,502,True,anomalous,market_aware_v1,68.148,62.12,298.395,25.117,1.412,140.978,23.962,3.7
53f43c4c-e68a-4324-a3e3-42de2342002a,2026-04-25T17:12:10.713226-04:00,node-01,orders-api,429,True,anomalous,market_aware_v1,74.382,53.74,278.492,29.32,1.21,139.58,53.164,3.523
c7568214-9128-4853-83ea-13fb9028a57c,2026-04-25T17:12:10.713638-04:00,node-01,checkout-api,503,True,anomalous,market_aware_v1,72.153,56.426,301.811,28.452,1.515,145.501,33.928,3.996
d55d85cf-c660-4b3f-8d35-6a025c87d675,2026-04-25T17:12:10.714132-04:00,node-01,payments-api,502,True,anomalous,market_aware_v1,70.789,58.165,309.711,27.5,1.296,144.105,24.564,3.695
41709728-f9ff-4639-b490-b3b0a67ed174,2026-04-25T17:12:10.714595-04:00,node-01,orders-api,503,True,anomalous,market_aware_v1,73.219,54.787,279.599,28.773,1.282,147.003,49.241,3.633
6314d677-007a-4827-b69f-b4c367abdcec,2026-04-25T17:12:10.715047-04:00,node-01,checkout-api,502,True,anomalous,market_aware_v1,71.323,56.699,291.885,26.947,1.47,145.621,32.598,3.724
4a559eb4-301d-412f-8c90-552ba10dada8,2026-04-25T17:12:10.715537-04:00,node-01,payments-api,429,True,anomalous,market_aware_v1,70.918,62.52,300.998,26.416,1.325,142.432,21.237,3.646
d47aae13-ac78-47b2-bfe0-ac61f844f325,2026-04-25T17:12:10.715989-04:00,node-01,orders-api,500,True,anomalous,market_aware_v1,73.62,54.482,274.738,29.853,1.285,140.438,65.148,3.486
6e3979eb-8ad5-4462-b4c9-7c571aebe931,2026-04-25T17:12:10.716404-04:00,node-01,checkout-api,502,True,anomalous,market_aware_v1,77.808,59.775,315.957,29.553,1.455,147.928,37.767,3.818
899a7685-d625-4821-ac9d-ec4672d1cdca,2026-04-25T17:12:10.716828-04:00,node-01,payments-api,500,True,anomalous,market_aware_v1,75.451,62.973,312.255,25.424,1.426,152.629,24.723,4.026
b0077677-6997-48ca-bae8-621812f3d21e,2026-04-25T17:12:10.717243-04:00,node-01,orders-api,429,True,anomalous,market_aware_v1,76.927,58.094,280.68,31.269,1.25,140.448,63.199,3.591
2b1db730-d0e3-489c-b203-b28c3199c91d,2026-04-25T17:12:10.717659-04:00,node-01,checkout-api,502,True,anomalous,market_aware_v1,79.302,58.157,308.442,28.94,1.409,151.321,42.208,3.885
13ee91d2-d26d-453e-a55f-12f835b62881,2026-04-25T17:12:10.718107-04:00,node-01,payments-api,503,True,anomalous,market_aware_v1,75.045,65.796,316.419,27.246,1.399,147.757,24.691,3.85
6c1ad705-07ed-476a-827e-4ae2c5052eb7,2026-04-25T17:12:10.718551-04:00,node-01,orders-api,429,True,anomalous,market_aware_v1,80.705,58.56,270.685,31.111,1.178,138.558,63.568,3.496
d2611e04-56f6-41ad-99fc-cfdf4a5ac031,2026-04-25T17:12:10.718986-04:00,node-01,checkout-api,429,True,anomalous,market_aware_v1,80.387,57.719,298.306,29.934,1.466,144.754,43.122,3.959
c8070bb0-4bc5-4e90-9ef8-02394c0f7399,2026-04-25T17:12:10.719417-04:00,node-01,payments-api,429,True,anomalous,market_aware_v1,75.002,68.839,315.255,25.26,1.357,153.001,24.859,3.818
4c424473-45cc-4acc-b7b2-91c68ef5871f,2026-04-25T17:12:10.719833-04:00,node-01,orders-api,429,True,anomalous,market_aware_v1,85.723,62.139,303.938,32.854,1.269,146.288,57.564,3.661
44c23d6f-b3ee-420a-8e5a-b7e846b10a36,2026-04-25T17:12:10.720257-04:00,node-01,checkout-api,502,True,anomalous,market_aware_v1,76.683,62.168,303.862,29.736,1.455,151.483,44.189,3.988
ce963487-9745-4a7d-aa87-59b819600991,2026-04-25T17:12:10.720671-04:00,node-01,payments-api,503,True,anomalous,market_aware_v1,75.252,64.556,315.791,27.671,1.344,148.475,32.121,3.669
29998b75-7ae1-4bf6-96b8-8ffed1727bfb,2026-04-25T17:12:10.721097-04:00,node-01,orders-api,502,True,anomalous,market_aware_v1,85.178,61.185,286.108,32.983,1.27,149.315,65.021,3.697
7f4c24ef-979d-40b7-ac03-8abfb06e0de3,2026-04-25T17:12:10.721530-04:00,node-01,checkout-api,502,True,anomalous,market_aware_v1,80.317,62.537,297.096,33.448,1.384,140.1,48.669,3.754
49c6c9c5-4ab5-4b22-83d3-ce3c77135cb8,2026-04-25T17:12:10.721956-04:00,node-01,payments-api,429,True,anomalous,market_aware_v1,75.27,64.073,320.031,27.193,1.397,152.382,27.913,3.863
1158a137-3dfe-4b73-9280-4ed863db5c75,2026-04-25T17:12:10.722377-04:00,node-01,orders-api,500,True,anomalous,market_aware_v1,86.291,56.361,283.198,30.829,1.225,144.309,61.828,3.453
5362a240-420f-480b-9cf4-1ccfcc96414c,2026-04-25T17:12:10.722798-04:00,node-01,checkout-api,429,True,anomalous,market_aware_v1,78.058,62.62,297.649,31.048,1.428,147.791,44.442,3.859
58ea005a-1cb7-4213-b2f1-777ce8a276b8,2026-04-25T17:12:10.723211-04:00,node-01,payments-api,429,True,anomalous,market_aware_v1,74.809,64.022,289.574,26.94,1.324,140.0,28.935,3.615
bd6f50fd-608e-4801-b7c5-dbb687d4abe4,2026-04-25T17:12:10.723645-04:00,node-01,orders-api,429,True,anomalous,market_aware_v1,80.729,57.168,283.003,34.174,1.223,142.457,59.278,3.449
d6e4bbc6-35c1-45ed-9fbf-3057bee8bf8a,2026-04-25T17:12:10.724065-04:00,node-01,checkout-api,502,True,anomalous,market_aware_v1,74.771,62.514,310.505,31.34,1.424,145.118,35.594,3.854
d0185d3c-d47e-4383-bc5e-92fa9a219993,2026-04-25T17:12:10.724479-04:00,node-01,payments-api,500,True,anomalous,market_aware_v1,73.988,62.116,314.042,25.758,1.407,147.702,27.027,3.837
e28a169a-f83f-44da-9d1b-dda4462d9aec,2026-04-25T17:12:10.725064-04:00,node-01,orders-api,502,True,anomalous,market_aware_v1,71.659,55.29,278.51,32.093,1.201,138.975,62.571,3.445
e95f3d2f-67ef-4660-a0dd-afb61441cbc6,2026-04-25T17:12:10.725923-04:00,node-01,checkout-api,502,True,anomalous,market_aware_v1,74.821,58.321,300.8,28.6,1.44,146.171,35.058,3.84
c100c081-ac12-407f-ba60-4e4100c02eee,2026-04-25T17:12:10.726352-04:00,node-01,payments-api,429,True,anomalous,market_aware_v1,72.788,60.557,299.911,25.37,1.338,144.541,25.219,3.861
2302b6a9-2ae2-46fa-83f5-6d1791f9eed9,2026-04-25T17:12:10.726872-04:00,node-01,orders-api,500,True,anomalous,market_aware_v1,76.317,54.416,292.424,29.636,1.264,149.78,53.586,3.637
61adb943-e56a-447f-9a1f-92c356e39aba,2026-04-25T17:12:10.727373-04:00,node-01,checkout-api,500,True,anomalous,market_aware_v1,75.679,54.76,286.739,29.596,1.325,137.923,37.195,3.582
b518b77a-37d2-4bf3-a0bd-dd43978912a9,2026-04-25T17:12:10.727882-04:00,node-01,payments-api,429,True,anomalous,market_aware_v1,65.62,56.691,294.52,26.642,1.297,141.558,27.512,3.638
52832b54-70bc-4198-9213-71184cc2b6d2,2026-04-25T17:12:10.728425-04:00,node-01,orders-api,503,True,anomalous,market_aware_v1,75.443,51.192,283.22,29.068,1.528,142.061,49.588,3.881
13d2d714-9c72-4532-a78c-6b2fe3de542c,2026-04-25T17:12:10.728971-04:00,node-01,checkout-api,502,True,anomalous,market_aware_v1,69.718,53.535,303.401,24.526,1.389,147.299,28.348,3.853
ea964eb0-215c-4ffe-bf26-5fa76653ff94,2026-04-25T17:12:10.729605-04:00,node-01,payments-api,429,True,anomalous,market_aware_v1,62.726,58.496,301.329,23.185,1.256,142.222,15.061,3.703
43370533-7e1d-4eba-96cb-dc4cb81be78f,2026-04-25T17:12:10.730213-04:00,node-01,orders-api,500,True,anomalous,market_aware_v1,74.468,52.304,277.525,27.835,1.257,140.953,50.528,3.468
420699f2-62a3-48c2-92e9-8a209f6fa716,2026-04-25T17:12:10.730726-04:00,node-01,checkout-api,429,True,anomalous,market_aware_v1,68.26,58.391,302.91,27.169,1.382,145.376,29.211,3.824
e36b94b2-03c7-4fdc-9e22-0a036fc8ae3f,2026-04-25T17:12:10.731234-04:00,node-01,payments-api,429,True,anomalous,market_aware_v1,67.092,58.881,304.386,23.688,1.362,148.033,13.361,3.861
23472114-e9a3-4a80-a048-27689e410ec7,2026-04-25T17:12:10.731742-04:00,node-01,orders-api,429,True,anomalous,market_aware_v1,73.015,53.738,285.026,28.299,1.197,137.827,52.109,3.212
d1a3c630-ba71-429e-8d3a-8487ea4c4628,2026-04-25T17:12:10.732243-04:00,node-01,checkout-api,502,True,anomalous,market_aware_v1,73.419,55.923,294.117,26.905,1.362,141.047,33.925,3.749
d70720d1-31c3-4e26-957d-eca6b8681938,2026-04-25T17:12:10.732743-04:00,node-01,payments-api,429,True,anomalous,market_aware_v1,62.274,61.515,320.517,26.517,1.478,153.551,10.833,4.057
176ec9a1-4391-4266-814e-178bfd1d2449,2026-04-25T17:12:10.733219-04:00,node-01,orders-api,429,True,anomalous,market_aware_v1,74.174,57.184,292.409,32.236,1.537,146.333,50.855,3.957
179b543f-f729-4c3b-9ba0-9e77ddf4a386,2026-04-25T17:12:10.733660-04:00,node-01,checkout-api,429,True,anomalous,market_aware_v1,75.378,55.379,293.368,27.767,1.304,141.976,28.014,3.745
8ecb33f3-af4b-4a19-9c0e-2ed081099fce,2026-04-25T17:12:10.734165-04:00,node-01,payments-api,502,True,anomalous,market_aware_v1,67.986,61.892,309.713,27.072,1.69,150.869,13.241,4.228
923eedf0-55d5-4681-a095-4eba7e19fb49,2026-04-25T17:12:10.734692-04:00,node-01,orders-api,503,True,anomalous,market_aware_v1,72.461,52.598,280.033,30.409,1.227,139.291,59.282,3.425
90b68731-0940-463e-94b9-a806afcfd934,2026-04-25T17:12:10.735155-04:00,node-01,checkout-api,503,True,anomalous,market_aware_v1,73.866,57.85,306.323,27.637,1.324,148.052,27.408,3.838
9bd341ea-3e83-4f3a-9cbf-ca973935bc21,2026-04-25T17:12:10.735615-04:00,node-01,payments-api,500,True,anomalous,market_aware_v1,70.136,59.828,328.073,25.453,1.541,157.561,10.124,4.423
a5854dbe-ee1a-45d3-8eb7-973658216c24,2026-04-25T17:12:10.736079-04:00,node-01,orders-api,502,True,anomalous,market_aware_v1,74.058,57.52,285.516,29.271,1.207,141.4,52.341,3.432
b86b4124-4eb6-444a-8984-c4dc57636881,2026-04-25T17:12:10.736524-04:00,node-01,checkout-api,429,True,anomalous,market_aware_v1,77.738,62.003,297.354,27.263,1.457,142.64,28.238,3.714
4cec926d-de2d-4560-8a07-8078f1bdb3e7,2026-04-25T17:12:10.737029-04:00,node-01,payments-api,429,True,anomalous,market_aware_v1,71.567,62.333,324.615,25.404,1.503,156.497,18.331,4.149
a53236c8-d50e-485e-9551-4c5b3f651298,2026-04-25T17:12:10.737603-04:00,node-01,orders-api,503,True,anomalous,market_aware_v1,77.215,54.959,294.676,33.101,1.248,145.834,55.026,3.734
f3315510-af66-4608-943e-61d36314ce1c,2026-04-25T17:12:10.738089-04:00,node-01,checkout-api,502,True,anomalous,market_aware_v1,76.04,58.768,282.852,32.71,1.274,140.177,38.801,3.534
6437ba58-47b2-436a-9c76-e4228b0e1ff4,2026-04-25T17:12:10.738799-04:00,node-01,payments-api,502,True,anomalous,market_aware_v1,73.873,64.462,323.527,26.731,1.464,150.124,26.021,4.041
e9f30bf5-b3dc-4ace-be6d-da4f01666b66,2026-04-25T17:12:10.739375-04:00,node-01,orders-api,500,True,anomalous,market_aware_v1,75.781,57.204,291.558,33.042,1.267,146.138,61.528,3.512
123a1ca3-f766-4426-8a53-2eaa2e7635ab,2026-04-25T17:12:10.739919-04:00,node-01,checkout-api,500,True,anomalous,market_aware_v1,81.218,59.399,305.443,31.442,1.42,151.69,35.745,3.897
24a10afb-dbc8-43a6-ae32-b894aa6dbaca,2026-04-25T17:12:10.740427-04:00,node-01,payments-api,500,True,anomalous,market_aware_v1,74.408,61.874,321.506,26.992,1.504,155.301,23.259,4.231
3591d82e-b3ac-4ab1-8058-d9fa5ce2c70d,2026-04-25T17:12:10.741743-04:00,node-01,orders-api,429,True,anomalous,market_aware_v1,83.565,62.136,317.547,34.124,1.818,154.963,51.377,4.666
83badb25-c577-4101-b656-74cdf070f9f3,2026-04-25T17:12:10.742417-04:00,node-01,checkout-api,502,True,anomalous,market_aware_v1,78.911,56.125,314.692,28.15,1.445,152.867,37.016,4.024
70d853b2-ec50-43e2-bbfa-92d85c94d01e,2026-04-25T17:12:10.742922-04:00,node-01,payments-api,502,True,anomalous,market_aware_v1,74.998,64.597,308.852,28.111,1.515,157.798,22.841,4.127
76aecb4b-2f5c-4459-8fce-1f1635f706cd,2026-04-25T17:12:10.743412-04:00,node-01,orders-api,429,True,anomalous,market_aware_v1,78.88,56.295,294.217,32.038,1.237,147.062,59.358,3.74
62a2ef3a-e9a8-41f0-ac5a-3c055fd71c11,2026-04-25T17:12:10.743895-04:00,node-01,checkout-api,502,True,anomalous,market_aware_v1,78.779,62.91,306.149,28.608,1.432,148.563,33.529,3.811
b10fdacb-1e35-4191-95d2-1cd093666151,2026-04-25T17:12:10.744376-04:00,node-01,payments-api,502,True,anomalous,market_aware_v1,71.084,63.376,301.917,26.12,1.331,146.237,30.007,3.836
98a7e9bf-f7cb-4f98-a1de-65924a7e0673,2026-04-25T17:12:10.744885-04:00,node-01,orders-api,500,True,anomalous,market_aware_v1,81.912,56.032,303.177,30.344,1.369,154.325,50.373,3.9
485ed290-1928-44ca-9e18-c685af348d5f,2026-04-25T17:12:10.745381-04:00,node-01,checkout-api,500,True,anomalous,market_aware_v1,74.508,61.847,295.717,30.243,1.471,143.162,40.461,3.827
3db95e85-6fb2-476a-a783-3038e171c9ce,2026-04-25T17:12:10.745883-04:00,node-01,payments-api,502,True,anomalous,market_aware_v1,71.185,60.419,304.059,27.081,1.36,144.633,29.242,3.877
d226f771-ea5c-4900-b51b-da3d63ec6949,2026-04-25T17:12:10.746378-04:00,node-01,orders-api,503,True,anomalous,market_aware_v1,75.433,58.567,281.863,29.325,1.258,144.476,57.926,3.574
b8a67b8d-ba00-4014-9928-9a08a0034386,2026-04-25T17:12:10.746873-04:00,node-01,checkout-api,429,True,anomalous,market_aware_v1,75.827,60.228,309.719,29.329,1.806,148.716,22.714,4.347
2842d97c-8f9f-45b7-862f-a812ea32626f,2026-04-25T17:12:10.747346-04:00,node-01,payments-api,429,True,anomalous,market_aware_v1,68.901,60.183,313.692,24.777,1.51,157.054,22.2,4.202
7f4288bd-aa6e-4357-b47d-95130fb81ecd,2026-04-25T17:12:10.747836-04:00,node-01,orders-api,502,True,anomalous,market_aware_v1,78.517,55.173,275.672,27.964,1.269,144.526,46.884,3.632
26af14b8-d34a-4b10-ba23-e6312ab6379f,2026-04-25T17:12:10.748303-04:00,node-01,checkout-api,503,True,anomalous,market_aware_v1,71.958,55.135,295.492,26.926,1.469,143.92,32.994,3.962
399f1195-27ff-432f-8f6e-3b9c0315606b,2026-04-25T17:12:10.748815-04:00,node-01,payments-api,503,True,anomalous,market_aware_v1,73.543,60.447,311.811,25.543,1.33,143.839,18.128,3.667
78f7e080-e78a-4e9b-a678-0294b74be8e4,2026-04-25T17:12:10.749320-04:00,node-01,orders-api,502,True,anomalous,market_aware_v1,75.62,54.366,287.057,32.955,1.383,151.55,47.345,3.788
fbda10e9-a422-4e98-b71a-92cc32597cdc,2026-04-25T17:12:10.749820-04:00,node-01,checkout-api,429,True,anomalous,market_aware_v1,75.322,58.182,298.749,29.093,1.424,143.821,30.086,3.71
68559237-645a-4975-967d-d9968e0cf57f,2026-04-25T17:12:10.750282-04:00,node-01,payments-api,503,True,anomalous,market_aware_v1,75.105,59.132,315.959,22.455,1.388,149.831,14.715,3.874
74ee19c2-bd35-4572-8339-1411f46f9910,2026-04-25T17:12:10.750784-04:00,node-01,orders-api,503,True,anomalous,market_aware_v1,72.229,56.53,276.488,28.91,1.1,136.722,57.46,3.276
2def1aa4-af59-42dd-9d41-8316497ea71d,2026-04-25T17:12:10.751257-04:00,node-01,checkout-api,429,True,anomalous,market_aware_v1,76.392,62.101,306.787,31.564,1.767,150.256,27.928,4.443
cf357cbe-20de-4dc7-bace-3aa3d24858a1,2026-04-25T17:12:10.751753-04:00,node-01,payments-api,429,True,anomalous,market_aware_v1,75.451,59.151,323.738,26.601,1.529,153.374,12.043,4.27
3c206a1e-29f8-4a55-9f34-017adba44cfe,2026-04-25T17:12:10.752236-04:00,node-01,orders-api,500,True,anomalous,market_aware_v1,75.622,55.237,295.945,29.663,1.325,149.273,46.275,3.661
88951e2e-da8d-4607-bbdb-cfea4acac520,2026-04-25T17:12:10.752716-04:00,node-01,checkout-api,502,True,anomalous,market_aware_v1,76.52,59.391,304.398,27.879,1.454,147.879,27.638,3.922
5bb4ab0a-ee5e-4ca8-a6b1-6b4e1dc2342e,2026-04-25T17:12:10.753176-04:00,node-01,payments-api,503,True,anomalous,market_aware_v1,70.899,59.799,330.214,26.197,1.511,158.794,20.378,4.137
0001073f-6b05-4c32-b9d0-27e16a913da8,2026-04-25T17:12:10.753624-04:00,node-01,orders-api,502,True,anomalous,market_aware_v1,82.401,55.857,311.515,31.929,1.503,158.38,54.417,4.209
0b6fd6a5-05d2-4856-acf7-7c8070c2479d,2026-04-25T17:12:10.754133-04:00,node-01,checkout-api,500,True,anomalous,market_aware_v1,78.262,58.686,304.132,27.851,1.538,152.81,38.31,4.153
40fd0f8b-2e21-4d34-bc52-dd166a76b5a3,2026-04-25T17:12:10.754655-04:00,node-01,payments-api,502,True,anomalous,market_aware_v1,74.999,62.743,317.942,26.959,1.367,147.541,28.909,3.904
d4dd6390-1169-4112-ba4a-0b339b140ddb,2026-04-25T17:12:10.755155-04:00,node-01,orders-api,502,True,anomalous,market_aware_v1,80.361,53.788,290.664,30.925,1.24,148.156,60.014,3.61
341ff2aa-338a-43c8-91e7-a02c4e18dd95,2026-04-25T17:12:10.755755-04:00,node-01,checkout-api,500,True,anomalous,market_aware_v1,80.41,56.532,302.718,30.036,1.502,148.769,40.545,4.047
443cf08e-2459-4952-8e4e-288f9b2288ba,2026-04-25T17:12:10.756249-04:00,node-01,payments-api,503,True,anomalous,market_aware_v1,77.891,64.895,343.641,28.583,1.876,164.253,17.623,4.729
a25c56fb-3ed3-4323-9130-e67eb0ed6bdf,2026-04-25T17:12:10.756743-04:00,node-01,orders-api,429,True,anomalous,market_aware_v1,78.473,57.09,284.997,32.402,1.231,142.713,58.956,3.593
ddfb438f-ed09-4b39-8c32-624b78ff05b7,2026-04-25T17:12:10.757231-04:00,node-01,checkout-api,429,True,anomalous,market_aware_v1,85.393,61.176,331.432,28.974,1.414,150.281,38.973,3.939
fadac484-e69d-4aad-8f17-72e338bfde2e,2026-04-25T17:12:10.757733-04:00,node-01,payments-api,503,True,anomalous,market_aware_v1,74.615,63.336,313.365,31.01,1.469,153.188,28.635,4.058
3db44c47-d0a5-4a94-9fe1-a47a9845627e,2026-04-25T17:12:10.758225-04:00,node-01,orders-api,429,True,anomalous,market_aware_v1,82.978,61.758,292.892,32.931,1.326,151.812,65.868,3.884
1bc85a58-1281-4a4d-b6b8-f0d6de90449b,2026-04-25T17:12:10.758720-04:00,node-01,checkout-api,502,True,anomalous,market_aware_v1,82.043,62.816,315.407,31.402,1.387,148.386,44.858,3.824
56457443-ec09-4c8d-ab98-10815d4a959a,2026-04-25T17:12:10.759205-04:00,node-01,payments-api,500,True,anomalous,market_aware_v1,79.537,62.99,310.884,26.457,1.388,147.732,28.875,3.868
da68091b-b65d-43b7-92bc-e6f4b6cb97dd,2026-04-25T17:12:10.759704-04:00,node-01,orders-api,500,True,anomalous,market_aware_v1,83.675,61.042,278.784,31.596,1.183,138.311,70.333,3.453
4e98e5a4-a4c6-4cb0-967b-9b841a9513e3,2026-04-25T17:12:10.760194-04:00,node-01,checkout-api,502,True,anomalous,market_aware_v1,86.085,62.156,329.417,30.947,1.589,157.035,32.544,4.342
94fe3e1a-ba63-4726-a7cc-95ece8ece3e3,2026-04-25T17:12:10.760667-04:00,node-01,payments-api,502,True,anomalous,market_aware_v1,79.227,68.664,326.877,33.028,1.745,153.581,16.13,4.357
9e2c2be3-bf99-4726-b875-5ccd939684fa,2026-04-25T17:12:10.761107-04:00,node-01,orders-api,500,True,anomalous,market_aware_v1,81.555,58.34,303.894,32.938,1.376,153.67,58.997,3.912
e6a3c1d3-2b02-431d-9212-d52c46d91429,2026-04-25T17:12:10.761546-04:00,node-01,checkout-api,503,True,anomalous,market_aware_v1,78.137,60.997,306.26,29.706,1.6,154.323,42.658,4.18
0f82ea84-b252-46a7-bd9c-a53c0e7dab58,2026-04-25T17:12:10.762043-04:00,node-01,payments-api,502,True,anomalous,market_aware_v1,75.181,65.687,304.214,26.317,1.343,140.143,27.637,3.581
2a88ff43-1920-4cf6-99a0-f0441ae578ab,2026-04-25T17:12:10.762540-04:00,node-01,orders-api,500,True,anomalous,market_aware_v1,88.755,60.267,317.577,32.074,1.695,158.599,46.758,4.392
436ff910-37ae-4bd0-89bd-edabc0f6dfc0,2026-04-25T17:12:10.763034-04:00,node-01,checkout-api,500,True,anomalous,market_aware_v1,78.02,60.252,282.99,31.291,1.44,139.699,44.12,3.653
5c57cd6d-0dcc-44d4-9a73-0dd07a1c610a,2026-04-25T17:12:10.763552-04:00,node-01,payments-api,502,True,anomalous,market_aware_v1,73.239,61.196,328.681,25.635,1.406,156.665,17.127,4.008
b440a6b4-069c-4338-98a2-6ab00b8b1730,2026-04-25T17:12:10.764054-04:00,node-01,orders-api,429,True,anomalous,market_aware_v1,76.644,54.598,284.563,33.354,1.31,146.507,58.994,3.692
0361e183-6e80-46d6-bbaa-00aaadecef58,2026-04-25T17:12:10.764555-04:00,node-01,checkout-api,502,True,anomalous,market_aware_v1,76.661,62.516,311.725,30.449,1.429,149.825,33.801,3.823
4e90ab61-c770-48c6-b0e8-8a3b3baf569c,2026-04-25T17:12:10.765052-04:00,node-01,payments-api,500,True,anomalous,market_aware_v1,71.273,60.909,311.149,26.318,1.382,145.854,21.634,3.84
27cae7f2-a392-4c1f-8dc9-7964f3520db5,2026-04-25T17:12:10.765560-04:00,node-01,orders-api,503,True,anomalous,market_aware_v1,78.213,56.24,282.495,28.81,1.172,142.582,58.068,3.472
38a975f0-ef4f-4d8a-850f-82a118d57da9,2026-04-25T17:12:10.766061-04:00,node-01,checkout-api,502,True,anomalous,market_aware_v1,67.983,54.032,291.667,28.142,1.48,142.319,27.704,3.743
ff856ac0-983a-4e2d-ad6e-335f6c8ee785,2026-04-25T17:12:10.766556-04:00,node-01,payments-api,500,True,anomalous,market_aware_v1,67.174,56.697,306.493,26.641,1.409,153.055,17.265,3.888
78b8692b-8971-473a-828a-c58e27742758,2026-04-25T17:12:10.767047-04:00,node-01,orders-api,503,True,anomalous,market_aware_v1,75.381,55.974,285.769,30.291,1.334,145.824,47.023,3.737
73e31f89-9735-4872-8896-1032bfb72569,2026-04-25T17:12:10.767516-04:00,node-01,checkout-api,502,True,anomalous,market_aware_v1,69.951,58.728,303.935,27.618,1.306,139.003,32.089,3.561
9c43e57d-a0fe-4fef-9b13-7c94dda467fd,2026-04-25T17:12:10.767959-04:00,node-01,payments-api,500,True,anomalous,market_aware_v1,66.986,56.994,312.197,25.187,1.392,148.79,14.125,3.76
8cd7fa05-d316-4857-856e-b5793bc8bad7,2026-04-25T17:12:10.768415-04:00,node-01,orders-api,503,True,anomalous,market_aware_v1,69.763,48.92,275.798,30.187,1.207,134.315,52.833,3.279
23a691c9-bcf1-4505-9bb0-30909ed98c7d,2026-04-25T17:12:10.768921-04:00,node-01,checkout-api,503,True,anomalous,market_aware_v1,70.115,54.762,303.801,27.062,1.374,149.925,25.747,3.88
08401800-1550-4eee-b887-c951bb7ff8c5,2026-04-25T17:12:10.769417-04:00,node-01,payments-api,503,True,anomalous,market_aware_v1,67.402,56.165,307.493,24.038,1.406,149.655,14.914,3.881
1ee13b84-7750-464f-84f1-c51a14679f0f,2026-04-25T17:12:10.769904-04:00,node-01,orders-api,502,True,anomalous,market_aware_v1,74.697,53.834,303.143,29.283,1.367,147.051,47.884,3.877
60f59305-c85b-4e2a-8339-552f0c28757e,2026-04-25T17:12:10.770402-04:00,node-01,checkout-api,502,True,anomalous,market_aware_v1,71.397,54.497,305.616,27.761,1.466,152.018,19.131,4.008
02b95168-4234-4e39-8503-5101d442cfa3,2026-04-25T17:12:10.770890-04:00,node-01,payments-api,503,True,anomalous,market_aware_v1,66.657,56.314,297.059,25.478,1.287,139.558,15.035,3.557
1b633863-65db-4012-945d-e6a3fb096d07,2026-04-25T17:12:10.771384-04:00,node-01,orders-api,502,True,anomalous,market_aware_v1,71.536,57.55,280.071,30.822,1.331,144.263,55.107,3.577
dd8c9210-5912-4231-a314-cfeceb36be69,2026-04-25T17:12:10.771985-04:00,node-01,checkout-api,503,True,anomalous,market_aware_v1,73.036,59.809,311.515,25.521,1.437,143.853,28.118,3.908
2c7afa75-2eb9-4552-a778-9962192f00d9,2026-04-25T17:12:10.772596-04:00,node-01,payments-api,503,True,anomalous,market_aware_v1,74.454,61.448,319.092,25.94,1.679,151.332,15.769,4.383
86a23960-6983-4b69-b047-079d9bb76486,2026-04-25T17:12:10.773078-04:00,node-01,orders-api,429,True,anomalous,market_aware_v1,77.886,51.082,287.728,30.683,1.251,147.558,51.131,3.495
52f73322-08fc-4468-ab77-18ea1a9cb0d6,2026-04-25T17:12:10.773615-04:00,node-01,checkout-api,502,True,anomalous,market_aware_v1,75.809,57.623,310.922,27.172,1.432,151.86,25.052,3.925
84861732-cd9f-48f0-b535-cde5b7e40766,2026-04-25T17:12:10.774120-04:00,node-01,payments-api,503,True,anomalous,market_aware_v1,68.635,64.694,314.362,26.222,1.477,150.432,21.493,4.112
8376c03b-5003-47de-9d1d-da00b57f7dd8,2026-04-25T17:12:10.774626-04:00,node-01,orders-api,503,True,anomalous,market_aware_v1,74.915,57.429,272.747,31.991,1.173,139.421,63.98,3.304
a3a4049e-3427-494d-95db-8da6235a6ea3,2026-04-25T17:12:10.775126-04:00,node-01,checkout-api,503,True,anomalous,market_aware_v1,78.863,60.636,302.363,28.533,1.459,150.182,29.443,4.017
b608b32a-ea2b-46a8-a903-17b39c6a025c,2026-04-25T17:12:10.775647-04:00,node-01,payments-api,503,True,anomalous,market_aware_v1,75.017,59.956,313.936,24.984,1.507,151.328,23.4,4.097
a42275d9-b537-4a97-843d-18e12186d60a,2026-04-25T17:12:10.776140-04:00,node-01,orders-api,502,True,anomalous,market_aware_v1,80.222,55.916,296.181,33.155,1.286,148.504,54.303,3.717
e6e4e825-d365-4128-b2ae-31f9813830d3,2026-04-25T17:12:10.776658-04:00,node-01,checkout-api,500,True,anomalous,market_aware_v1,76.119,62.319,298.143,29.256,1.409,143.169,34.905,3.803
f4f29ddc-c0d8-4d53-a3cb-1e3d441c0a8a,2026-04-25T17:12:10.777134-04:00,node-01,payments-api,500,True,anomalous,market_aware_v1,74.456,60.126,314.359,25.25,1.356,148.704,23.779,3.956
ebed9461-88fd-4c4a-b7fc-2a238fa2b15c,2026-04-25T17:12:10.777601-04:00,node-01,orders-api,502,True,anomalous,market_aware_v1,81.038,56.945,295.928,32.453,1.347,149.075,62.137,3.76
1eb4d349-b693-4b52-bde0-a5c8d4858ad8,2026-04-25T17:12:10.778058-04:00,node-01,checkout-api,429,True,anomalous,market_aware_v1,78.712,58.881,311.087,29.807,1.533,150.002,34.247,3.941
1ff773ea-5c5a-496a-b445-044cc3ca08c0,2026-04-25T17:12:10.778530-04:00,node-01,payments-api,429,True,anomalous,market_aware_v1,73.912,63.982,312.016,25.63,1.417,150.414,28.51,3.957
699c7011-1aa3-49d1-9db2-bdb33cf6a564,2026-04-25T17:12:10.779030-04:00,node-01,orders-api,500,True,anomalous,market_aware_v1,80.606,58.075,295.911,30.174,1.39,148.937,65.838,3.776
c0a75e45-3c40-4f89-9e39-ed134c8d40e8,2026-04-25T17:12:10.779508-04:00,node-01,checkout-api,502,True,anomalous,market_aware_v1,76.136,62.462,308.046,28.918,1.467,145.653,38.971,3.829
81280ec6-49b1-40c9-bb06-fc18002d28a5,2026-04-25T17:12:10.780002-04:00,node-01,payments-api,502,True,anomalous,market_aware_v1,78.132,59.514,331.525,29.829,1.502,161.202,20.515,4.157
db7e87a6-c70b-46ac-a59e-aecaba8a386d,2026-04-25T17:12:10.780487-04:00,node-01,orders-api,500,True,anomalous,market_aware_v1,80.557,58.735,298.31,31.886,1.316,151.809,58.986,3.699
9b10295c-977e-434d-92c7-e4cd4325f7a3,2026-04-25T17:12:10.780959-04:00,node-01,checkout-api,429,True,anomalous,market_aware_v1,78.004,60.835,311.462,32.003,1.463,149.194,36.943,3.976
3c7bfce3-7df4-4353-b9b4-3fd9327bc9bf,2026-04-25T17:12:10.781411-04:00,node-01,payments-api,500,True,anomalous,market_aware_v1,73.792,61.55,324.516,27.168,1.521,155.28,17.924,4.2
1fc78a63-a948-4e68-a747-3fe95012aeb6,2026-04-25T17:12:10.781875-04:00,node-01,orders-api,500,True,anomalous,market_aware_v1,82.425,57.907,289.043,31.452,1.229,141.86,56.564,3.452
9765517e-d2e6-4b70-90e1-2cef06db3fff,2026-04-25T17:12:10.782349-04:00,node-01,checkout-api,502,True,anomalous,market_aware_v1,80.755,63.039,303.82,28.965,1.408,143.385,35.145,3.793
11d0be5a-2dce-4462-8dba-d696c5c12277,2026-04-25T17:12:10.782836-04:00,node-01,payments-api,503,True,anomalous,market_aware_v1,72.899,60.689,318.802,25.221,1.34,150.631,23.239,3.765
5fc761e5-bb01-42f8-9f27-7c8ffad0bd1c,2026-04-25T17:12:10.783306-04:00,node-01,orders-api,502,True,anomalous,market_aware_v1,77.019,56.301,296.408,29.21,1.261,147.248,55.8,3.659
2b6f51db-b826-44bb-adb5-f75e23c54a2b,2026-04-25T17:12:10.783774-04:00,node-01,checkout-api,502,True,anomalous,market_aware_v1,72.682,62.894,312.741,29.629,1.441,146.901,31.271,3.933
56e469a0-035e-4ca6-97bb-ad6771737806,2026-04-25T17:12:10.784229-04:00,node-01,payments-api,500,True,anomalous,market_aware_v1,69.944,60.969,315.049,24.925,1.428,154.65,16.244,4.001
a0f425fd-b726-4652-9920-627ae63c8837,2026-04-25T17:12:10.784708-04:00,node-01,orders-api,502,True,anomalous,market_aware_v1,78.564,52.366,299.898,28.454,1.254,152.562,52.651,3.692
d2c2a98a-9c82-423d-9956-d4f5852da572,2026-04-25T17:12:10.785172-04:00,node-01,checkout-api,500,True,anomalous,market_aware_v1,78.848,62.901,325.235,30.706,1.852,160.601,17.159,4.573
e688b141-4f30-4e78-b615-47f5be04c6fe,2026-04-25T17:12:10.785660-04:00,node-01,payments-api,503,True,anomalous,market_aware_v1,68.243,61.497,307.9,27.026,1.429,152.736,19.864,4.132
b4367a35-1976-4ebf-89e7-3fb17cff64df,2026-04-25T17:12:10.786131-04:00,node-01,orders-api,503,True,anomalous,market_aware_v1,74.744,57.045,286.574,31.278,1.197,144.282,51.235,3.581
8f15bb93-e8ba-4376-982a-d2fd4ce586f3,2026-04-25T17:12:10.786572-04:00,node-01,checkout-api,502,True,anomalous,market_aware_v1,71.005,55.524,288.149,26.245,1.355,141.919,33.129,3.543
88091264-90aa-44fd-8743-c9bd1c30d1f9,2026-04-25T17:12:10.787023-04:00,node-01,payments-api,429,True,anomalous,market_aware_v1,72.021,62.325,313.034,27.214,1.655,152.122,8.783,4.275
17502c52-e3b9-44eb-a71a-db19ddf7eb49,2026-04-25T17:12:10.787549-04:00,node-01,orders-api,429,True,anomalous,market_aware_v1,79.486,53.739,291.897,30.678,1.343,146.308,52.702,3.8
3131168b-8b57-4cfc-b36e-82bab231006e,2026-04-25T17:12:10.788065-04:00,node-01,checkout-api,500,True,anomalous,market_aware_v1,78.484,57.605,326.278,27.676,1.686,161.321,25.198,4.533
1ec5d171-50df-4c6e-8a52-45b3ffafb5ca,2026-04-25T17:12:10.788561-04:00,node-01,payments-api,503,True,anomalous,market_aware_v1,69.686,59.02,312.695,24.408,1.38,150.081,15.806,3.775
79d3a519-8252-4876-a84e-0b2ba68d2a40,2026-04-25T17:12:10.789008-04:00,node-01,orders-api,502,True,anomalous,market_aware_v1,78.092,51.824,291.912,30.022,1.251,144.436,51.282,3.635
120b038a-303d-4e32-a6f1-e6826c4e4e94,2026-04-25T17:12:10.789484-04:00,node-01,checkout-api,502,True,anomalous,market_aware_v1,74.874,57.936,306.636,27.98,1.455,151.321,26.824,4.031
6c4e7bb9-b33a-4ad8-a077-6f04862c3dfb,2026-04-25T17:12:10.790051-04:00,node-01,payments-api,500,True,anomalous,market_aware_v1,80.279,63.821,330.464,25.4,1.778,157.717,16.244,4.535
53da4f90-748e-4604-bb27-355a82012250,2026-04-25T17:12:10.790543-04:00,node-01,orders-api,503,True,anomalous,market_aware_v1,76.264,56.76,290.757,28.772,1.322,145.984,57.987,3.695
0d9a786c-f3a0-4286-8ff6-54b433d1b845,2026-04-25T17:12:10.791022-04:00,node-01,checkout-api,500,True,anomalous,market_aware_v1,76.312,61.359,296.17,31.603,1.463,149.825,36.359,3.936
d1f48fea-0b7b-4e2e-8ef2-627f895e8058,2026-04-25T17:12:10.791563-04:00,node-01,payments-api,429,True,anomalous,market_aware_v1,70.583,60.485,312.459,27.093,1.285,150.465,25.084,3.671
8428dd73-9a93-4021-a64b-43e4c0e85937,2026-04-25T17:12:10.792084-04:00,node-01,orders-api,503,True,anomalous,market_aware_v1,80.204,59.561,290.652,32.613,1.25,145.717,53.647,3.639
7fa788f6-aa53-49e4-b95b-66affd82e25a,2026-04-25T17:12:10.792595-04:00,node-01,checkout-api,503,True,anomalous,market_aware_v1,79.555,60.214,312.871,28.898,1.478,153.016,33.817,4.067
b11b4fad-679d-4400-bc2b-caf82f5ef789,2026-04-25T17:12:10.793107-04:00,node-01,payments-api,429,True,anomalous,market_aware_v1,77.755,62.951,329.392,27.683,1.423,154.36,28.37,4.003
ea296070-a966-4c5e-a6df-f2abe499fb4c,2026-04-25T17:12:10.793620-04:00,node-01,orders-api,502,True,anomalous,market_aware_v1,82.052,59.671,296.132,33.197,1.419,155.554,53.945,3.889
1b221398-7f5f-49ca-941a-b89a14df35f3,2026-04-25T17:12:10.794113-04:00,node-01,checkout-api,502,True,anomalous,market_aware_v1,82.989,64.871,327.904,29.783,1.599,158.802,39.008,4.221
b823f8cb-bd11-4225-ae7f-9ed08e88d63e,2026-04-25T17:12:10.794599-04:00,node-01,payments-api,429,True,anomalous,market_aware_v1,78.214,61.668,315.954,26.078,1.465,156.731,27.515,4.052
904b8f68-e74c-4ec5-bf98-9c19e16f93ca,2026-04-25T17:12:10.795026-04:00,node-01,orders-api,429,True,anomalous,market_aware_v1,81.012,59.003,304.357,32.194,1.357,152.189,62.344,3.969
9a146b5d-12df-47e7-b302-a0ad7647b1a7,2026-04-25T17:12:10.795464-04:00,node-01,checkout-api,429,True,anomalous,market_aware_v1,78.016,63.891,294.064,31.094,1.354,138.414,47.384,3.618
90f12a38-867c-4bce-9e20-4105390647b6,2026-04-25T17:12:10.795915-04:00,node-01,payments-api,502,True,anomalous,market_aware_v1,81.001,65.237,325.509,27.431,1.602,157.117,25.879,4.429
a03811c6-9703-40ab-a1a3-ae5041b04a78,2026-04-25T17:12:10.796353-04:00,node-01,orders-api,502,True,anomalous,market_aware_v1,80.943,57.984,299.969,32.449,1.307,148.187,67.55,3.749
16233d65-19b0-4b75-8369-2ecaee1b1a58,2026-04-25T17:12:10.796781-04:00,node-01,checkout-api,502,True,anomalous,market_aware_v1,83.062,64.425,302.174,30.818,1.496,152.226,38.548,4.108
f8a62fe7-2d9d-458d-bf0a-40422bc83905,2026-04-25T17:12:10.797231-04:00,node-01,payments-api,503,True,anomalous,market_aware_v1,78.144,62.921,329.319,32.134,1.395,156.589,25.019,4.083
c868f97b-039b-4dd1-9095-1632a42d09de,2026-04-25T17:12:10.797673-04:00,node-01,orders-api,502,True,anomalous,market_aware_v1,83.502,60.937,281.317,31.168,1.3,147.694,62.587,3.682
42451990-c65a-4766-97ad-406f28108acc,2026-04-25T17:12:10.798131-04:00,node-01,checkout-api,500,True,anomalous,market_aware_v1,82.683,66.919,309.276,31.091,1.738,148.273,38.257,4.397
6201d7ed-37e5-4990-bbfc-0b34060eec6f,2026-04-25T17:12:10.798595-04:00,node-01,payments-api,502,True,anomalous,market_aware_v1,80.086,67.903,346.237,28.225,1.9,173.818,12.894,4.989
384f7385-0c5d-4015-a4f3-2be8fa142065,2026-04-25T17:12:10.799036-04:00,node-01,orders-api,429,True,anomalous,market_aware_v1,79.101,57.308,297.303,33.12,1.45,151.199,61.095,3.774
778f3216-a123-492e-84bd-06d4e3dca921,2026-04-25T17:12:10.799550-04:00,node-01,checkout-api,429,True,anomalous,market_aware_v1,78.59,61.831,313.051,32.396,1.549,153.169,34.343,4.131
65534fa2-3d3d-4ce2-800b-924cb51ecaba,2026-04-25T17:12:10.800317-04:00,node-01,payments-api,503,True,anomalous,market_aware_v1,69.553,62.376,318.54,26.385,1.382,155.446,19.352,3.954
b4e2cbea-1736-4243-a3b5-d96517e6ca73,2026-04-25T17:12:10.800854-04:00,node-01,orders-api,429,True,anomalous,market_aware_v1,81.926,54.238,305.201,30.654,1.343,149.636,57.642,3.777
89b8ee1a-56b0-451e-9c80-929df5a96ac1,2026-04-25T17:12:10.801381-04:00,node-01,checkout-api,429,True,anomalous,market_aware_v1,79.018,62.309,325.876,31.668,1.802,152.326,27.571,4.401
3357979c-00c4-4942-99e1-3c2fbccf4a91,2026-04-25T17:12:10.801882-04:00,node-01,payments-api,500,True,anomalous,market_aware_v1,72.2,59.686,345.671,26.609,1.613,166.272,18.09,4.713
25a0935e-9b2d-44fb-aa80-114b63255e26,2026-04-25T17:12:10.802375-04:00,node-01,orders-api,503,True,anomalous,market_aware_v1,76.314,54.718,301.372,31.382,1.412,156.729,48.577,4.035
42849434-c0f1-4d05-bda9-65a9ea6ff99e,2026-04-25T17:12:10.802868-04:00,node-01,checkout-api,429,True,anomalous,market_aware_v1,72.195,60.544,308.108,29.448,1.477,151.485,27.4,4.003
6d312c63-452e-40eb-926d-eb8df15c78c2,2026-04-25T17:12:10.803349-04:00,node-01,payments-api,502,True,anomalous,market_aware_v1,71.743,58.387,323.828,24.817,1.421,155.48,14.323,4.066
7f61de5c-479e-4d3b-925a-a333027e5a0a,2026-04-25T17:12:10.803863-04:00,node-01,orders-api,503,True,anomalous,market_aware_v1,77.779,53.935,295.968,29.659,1.18,146.496,59.021,3.53
7bf14d1a-3d4a-4992-aa4c-948048e41e7d,2026-04-25T17:12:10.804375-04:00,node-01,checkout-api,500,True,anomalous,market_aware_v1,71.333,57.919,290.266,27.216,1.449,141.36,33.041,3.77
637af495-33ba-4521-a9b6-4422b8e975c2,2026-04-25T17:12:10.804828-04:00,node-01,payments-api,503,True,anomalous,market_aware_v1,69.419,58.955,320.635,22.288,1.366,148.549,9.898,3.877
6795b1ff-869a-43c4-897c-09a1a52cf1d7,2026-04-25T17:12:10.805279-04:00,node-01,orders-api,500,True,anomalous,market_aware_v1,74.684,54.525,294.277,28.422,1.183,149.169,46.579,3.574
d7702233-77c1-4da1-b0a5-7ecffbd9092b,2026-04-25T17:12:10.805713-04:00,node-01,checkout-api,503,True,anomalous,market_aware_v1,71.722,54.345,300.266,25.756,1.283,134.65,31.953,3.449
4fcc8a42-01b5-422c-9a91-89736068add3,2026-04-25T17:12:10.806553-04:00,node-01,payments-api,502,True,anomalous,market_aware_v1,71.047,59.638,320.235,25.711,1.734,152.219,9.283,4.445
acbd88e1-7744-4d59-9569-dedd00c93932,2026-04-25T17:12:10.807003-04:00,node-01,orders-api,500,True,anomalous,market_aware_v1,77.215,49.694,280.731,31.734,1.238,143.193,48.046,3.378
92dff2ba-4ef1-4bd1-9d60-886978b31616,2026-04-25T17:12:10.807412-04:00,node-01,checkout-api,502,True,anomalous,market_aware_v1,75.146,58.542,306.569,25.646,1.431,148.192,24.73,4.049
d3142e05-d9c8-42b9-b3be-efb266b3265e,2026-04-25T17:12:10.807918-04:00,node-01,payments-api,503,True,anomalous,market_aware_v1,66.094,58.351,301.382,25.04,1.385,150.838,13.623,3.932
05e4fdb6-39c8-4798-95f2-bce0a32f4d95,2026-04-25T17:12:10.808395-04:00,node-01,orders-api,503,True,anomalous,market_aware_v1,76.811,56.367,284.906,30.836,1.187,144.3,49.048,3.679
e67e8286-554a-4bd1-b808-80ae6a435e86,2026-04-25T17:12:10.808877-04:00,node-01,checkout-api,503,True,anomalous,market_aware_v1,73.324,54.858,306.622,27.399,1.466,150.314,21.489,4.0
1edf32bf-e481-4fa9-a512-e1b2c0a057df,2026-04-25T17:12:10.809354-04:00,node-01,payments-api,503,True,anomalous,market_aware_v1,72.934,59.767,318.219,25.312,1.459,152.483,21.608,3.996
c3e09396-26e7-413d-9275-accd0cdef9f5,2026-04-25T17:12:10.809828-04:00,node-01,orders-api,429,True,anomalous,market_aware_v1,76.655,60.714,299.738,30.202,1.755,154.789,45.799,4.473
175f6e70-36a9-4075-a07f-ff112d2cf537,2026-04-25T17:12:10.810274-04:00,node-01,checkout-api,500,True,anomalous,market_aware_v1,74.017,59.052,318.262,27.343,1.493,155.097,28.727,4.107
03a8cd3d-4614-457c-ba82-d9d4941c6517,2026-04-25T17:12:10.810734-04:00,node-01,payments-api,500,True,anomalous,market_aware_v1,70.096,58.806,314.258,26.026,1.401,146.541,15.875,3.878
daaf91f8-03fe-4409-a4e9-2a4fed7d058a,2026-04-25T17:12:10.811416-04:00,node-01,orders-api,502,True,anomalous,market_aware_v1,74.346,57.382,301.554,29.828,1.388,153.631,49.844,3.928
7cd13123-7fbb-4938-9ca5-47008c4b185c,2026-04-25T17:12:10.811943-04:00,node-01,checkout-api,500,True,anomalous,market_aware_v1,76.826,56.704,317.249,29.798,1.519,151.206,26.357,3.991
b601e612-b5f0-420c-821e-ec4b3968c13b,2026-04-25T17:12:10.812415-04:00,node-01,payments-api,502,True,anomalous,market_aware_v1,76.734,65.633,331.083,28.563,1.759,157.929,13.115,4.537
6633e67d-55e5-47cf-a1b9-3d45eb3306aa,2026-04-25T17:12:10.812919-04:00,node-01,orders-api,503,True,anomalous,market_aware_v1,77.101,53.491,287.187,30.951,1.255,147.804,64.051,3.641
1b5db29b-3f7d-420c-89fd-b31ed9baf1d0,2026-04-25T17:12:10.813408-04:00,node-01,checkout-api,502,True,anomalous,market_aware_v1,80.639,60.885,315.619,30.34,1.829,155.566,27.951,4.576
78321484-411b-4949-8012-73ef0abf8fec,2026-04-25T17:12:10.813904-04:00,node-01,payments-api,429,True,anomalous,market_aware_v1,76.776,62.403,340.95,28.434,1.95,161.871,14.9,4.979
18272732-6ba9-4df5-b307-3d90e3ac2b07,2026-04-25T17:12:10.814405-04:00,node-01,orders-api,500,True,anomalous,market_aware_v1,86.133,56.098,311.859,33.391,1.643,154.124,55.483,4.219
fad12658-0630-4852-88d5-3bb0cfa909f1,2026-04-25T17:12:10.814888-04:00,node-01,checkout-api,503,True,anomalous,market_aware_v1,79.941,58.123,319.937,28.238,1.497,157.685,36.093,4.162
ae50b3e2-cc7c-4f6a-9c15-33b20d9ec212,2026-04-25T17:12:10.815340-04:00,node-01,payments-api,429,True,anomalous,market_aware_v1,79.787,66.026,328.783,29.119,1.755,152.213,18.579,4.354
46c82088-5b0f-44c2-8413-8bfd890ea2d8,2026-04-25T17:12:10.815819-04:00,node-01,orders-api,502,True,anomalous,market_aware_v1,79.211,57.375,284.78,33.224,1.175,146.891,63.622,3.552
9e6839d5-a801-4921-a4e8-39ac1eb38f3b,2026-04-25T17:12:10.816292-04:00,node-01,checkout-api,500,True,anomalous,market_aware_v1,79.769,60.813,314.322,30.085,1.565,154.055,31.634,4.076
b1335793-aa35-4b19-afe8-fa0c4a941638,2026-04-25T17:12:10.816763-04:00,node-01,payments-api,500,True,anomalous,market_aware_v1,76.623,63.131,307.218,29.408,1.436,155.342,22.636,4.027
f17d90d7-a7ca-48d7-af8f-591e9223069b,2026-04-25T17:12:10.817260-04:00,node-01,orders-api,502,True,anomalous,market_aware_v1,83.488,60.865,327.297,34.562,1.513,159.507,57.238,4.368
b710a312-80da-4354-a6d8-368fa2597c28,2026-04-25T17:12:10.817756-04:00,node-01,checkout-api,429,True,anomalous,market_aware_v1,78.634,58.04,298.703,26.532,1.404,151.525,32.85,3.863
c6d30578-0912-4af8-93f4-5e7d6ed4ffa9,2026-04-25T17:12:10.818249-04:00,node-01,payments-api,429,True,anomalous,market_aware_v1,75.13,62.335,338.361,30.006,1.458,157.13,17.007,4.213
8603b865-fb1c-4c52-bca1-602ddecfbe7d,2026-04-25T17:12:10.818739-04:00,node-01,orders-api,502,True,anomalous,market_aware_v1,81.037,59.48,308.827,32.267,1.414,153.82,51.282,3.94
800597ca-9a0f-4215-931c-0b15e2e274a5,2026-04-25T17:12:10.819225-04:00,node-01,checkout-api,503,True,anomalous,market_aware_v1,72.794,60.488,290.054,29.338,1.36,137.844,40.16,3.56
2f587592-be98-4d13-9126-4388faea162b,2026-04-25T17:12:10.819733-04:00,node-01,payments-api,500,True,anomalous,market_aware_v1,74.378,60.89,304.392,23.389,1.395,148.357,24.739,3.778
f5428c04-ff53-418d-9a2a-1d79249c3fa9,2026-04-25T17:12:10.820219-04:00,node-01,orders-api,500,True,anomalous,market_aware_v1,77.371,55.99,301.999,32.375,1.345,150.368,54.847,3.797
01b04a11-2493-4621-a399-a60af72a1773,2026-04-25T17:12:10.820715-04:00,node-01,checkout-api,503,True,anomalous,market_aware_v1,76.713,58.457,317.907,30.304,1.57,157.444,30.936,4.25
a7d5fa0a-ec3f-496b-856f-3c9f446eec20,2026-04-25T17:12:10.821129-04:00,node-01,payments-api,500,True,anomalous,market_aware_v1,73.528,63.774,321.691,24.932,1.475,157.626,13.04,4.087
22aa0244-c4da-43a9-9a86-d5342fb88a64,2026-04-25T17:12:10.821555-04:00,node-01,orders-api,500,True,anomalous,market_aware_v1,75.947,57.679,297.526,30.416,1.377,152.798,48.431,3.884
a3760cfc-8d69-4843-a36e-d5149b5701a4,2026-04-25T17:12:10.821984-04:00,node-01,checkout-api,500,True,anomalous,market_aware_v1,72.833,59.521,284.901,29.768,1.361,135.673,39.975,3.55
db53fdea-0f63-4e47-8bdc-feb350e5b449,2026-04-25T17:12:10.822392-04:00,node-01,payments-api,502,True,anomalous,market_aware_v1,68.88,62.428,324.637,22.731,1.552,161.102,18.19,4.268
b7540ba7-9815-4e7d-8e12-ed1ddc97f1db,2026-04-25T17:12:10.822802-04:00,node-01,orders-api,500,True,anomalous,market_aware_v1,77.041,57.228,302.566,32.7,1.272,151.483,51.087,3.706
f215147b-853e-4ece-891e-b9ae602ad1d2,2026-04-25T17:12:10.823283-04:00,node-01,checkout-api,502,True,anomalous,market_aware_v1,73.368,58.071,312.883,29.19,1.491,148.941,30.234,3.911
eae72f24-864a-407f-8bde-6411f3640354,2026-04-25T17:12:10.823780-04:00,node-01,payments-api,502,True,anomalous,market_aware_v1,75.076,63.696,331.289,26.774,1.735,150.333,15.728,4.351
64924bc7-6166-4c87-8ba6-938bf3641e80,2026-04-25T17:12:10.824202-04:00,node-01,orders-api,500,True,anomalous,market_aware_v1,78.681,57.513,289.492,29.194,1.366,144.279,51.249,3.549
c4502d32-651b-4d79-b9e8-5b40c41a82be,2026-04-25T17:12:10.824673-04:00,node-01,checkout-api,503,True,anomalous,market_aware_v1,79.933,58.353,303.292,28.909,1.4,151.876,31.725,3.893
48c3a12d-6a19-4632-8ece-ff3f75aeeb28,2026-04-25T17:12:10.825221-04:00,node-01,payments-api,500,True,anomalous,market_aware_v1,73.12,63.096,313.636,27.603,1.411,151.253,16.268,3.991
a97b0999-80b4-4192-93d3-8c3b3626b1e6,2026-04-25T17:12:10.825710-04:00,node-01,orders-api,429,True,anomalous,market_aware_v1,74.343,59.068,294.065,29.038,1.32,150.613,52.104,3.611
dfa25ed2-2446-4a48-89a3-759fa2d5a00e,2026-04-25T17:12:10.826200-04:00,node-01,checkout-api,503,True,anomalous,market_aware_v1,76.204,58.061,313.257,27.755,1.562,156.637,35.006,4.154
9cb45346-91cd-40cb-b6ae-75dc5786da78,2026-04-25T17:12:10.826722-04:00,node-01,payments-api,500,True,anomalous,market_aware_v1,71.964,62.431,325.792,27.157,1.542,156.929,22.593,4.346
3dd65ebd-ed1c-4a10-942f-71e5c7335846,2026-04-25T17:12:10.827196-04:00,node-01,orders-api,500,True,anomalous,market_aware_v1,81.019,54.892,308.87,30.403,1.399,160.606,48.477,4.055
49b3b584-0828-48aa-980e-e58bf637295c,2026-04-25T17:12:10.827704-04:00,node-01,checkout-api,500,True,anomalous,market_aware_v1,76.728,60.763,297.949,28.68,1.49,141.175,34.578,3.844
0b2521be-4964-4d1b-b9a4-e1dcd4f78b5a,2026-04-25T17:12:10.828213-04:00,node-01,payments-api,429,True,anomalous,market_aware_v1,77.772,67.477,338.422,27.487,1.839,166.611,10.169,4.822
bbe2c48a-ece2-4763-bdf5-19c83ca11e6e,2026-04-25T17:12:10.828708-04:00,node-01,orders-api,429,True,anomalous,market_aware_v1,75.951,57.092,293.185,33.598,1.32,149.999,58.834,3.7
793e4a05-231f-4927-9558-a5ece14d664d,2026-04-25T17:12:10.829236-04:00,node-01,checkout-api,429,True,anomalous,market_aware_v1,76.156,60.991,315.481,29.805,1.557,150.027,38.362,4.037
8b9e2f6b-2503-45ee-9756-76c1b1f9f8f6,2026-04-25T17:12:10.829776-04:00,node-01,payments-api,503,True,anomalous,market_aware_v1,79.076,67.204,319.073,28.292,1.443,157.761,24.445,4.004
cacae4ff-5e5d-4177-912d-0dec94985d8f,2026-04-25T17:12:10.830288-04:00,node-01,orders-api,503,True,anomalous,market_aware_v1,81.326,57.91,285.117,33.525,1.351,149.148,59.515,3.704
df6e9821-080a-4f2d-9ba7-c4a4d3cf2eb0,2026-04-25T17:12:10.830825-04:00,node-01,checkout-api,503,True,anomalous,market_aware_v1,88.29,63.35,321.676,32.807,1.816,155.956,32.96,4.584
884e16be-a3f2-4bca-876b-3bae25e74b8e,2026-04-25T17:12:10.831335-04:00,node-01,payments-api,429,True,anomalous,market_aware_v1,82.384,70.816,335.646,27.617,1.813,161.801,22.502,4.646
f9daeec4-bb50-43d6-b736-3c9b2f55b70f,2026-04-25T17:12:10.831857-04:00,node-01,orders-api,502,True,anomalous,market_aware_v1,83.255,58.475,292.885,33.622,1.232,148.464,62.859,3.597
f3aae1ab-a130-4a06-8782-948c8b6d2d0b,2026-04-25T17:12:10.832381-04:00,node-01,checkout-api,503,True,anomalous,market_aware_v1,78.514,62.252,308.212,30.335,1.449,149.342,41.969,3.952
a7b2a220-23e3-4d4d-995f-d5a32d5b8d3e,2026-04-25T17:12:10.832893-04:00,node-01,payments-api,502,True,anomalous,market_aware_v1,76.51,64.832,322.302,28.529,1.438,152.86,35.025,4.043
724ffb80-2e2d-48f4-9dfe-94bf6fc48ca7,2026-04-25T17:12:10.833414-04:00,node-01,orders-api,502,True,anomalous,market_aware_v1,86.576,63.15,292.324,30.925,1.239,145.796,63.217,3.474
8bfda361-f6da-43f7-8765-19552f283f90,2026-04-25T17:12:10.833911-04:00,node-01,checkout-api,429,True,anomalous,market_aware_v1,86.536,65.495,322.128,31.572,1.539,157.278,35.965,4.208
84ce2d72-12d3-40f8-a6df-6da25081d710,2026-04-25T17:12:10.834385-04:00,node-01,payments-api,500,True,anomalous,market_aware_v1,82.329,68.245,333.947,28.779,1.878,160.92,19.269,4.651
3ac8f0bf-4b6c-428a-a9e8-73ab15de5adf,2026-04-25T17:12:10.834843-04:00,node-01,orders-api,503,True,anomalous,market_aware_v1,83.574,58.587,300.287,33.104,1.318,150.713,63.58,3.678
68c8427d-fd45-4697-bf6d-dd9f4bf44682,2026-04-25T17:12:10.835381-04:00,node-01,checkout-api,503,True,anomalous,market_aware_v1,80.349,62.395,317.069,30.838,1.539,154.07,38.626,4.048
88d95d15-27e3-420e-a5d4-ed507ab6b0dc,2026-04-25T17:12:10.835845-04:00,node-01,payments-api,503,True,anomalous,market_aware_v1,76.011,66.997,320.134,27.24,1.425,156.43,28.098,4.01
71b58f7c-47fb-413b-b87b-0534630ea9ed,2026-04-25T17:12:10.836338-04:00,node-01,orders-api,500,True,anomalous,market_aware_v1,85.213,60.492,312.101,31.559,1.424,153.342,67.098,4.042
ed836bec-e6b7-487c-8306-786d13067895,2026-04-25T17:12:10.836812-04:00,node-01,checkout-api,502,True,anomalous,market_aware_v1,79.693,58.216,307.671,29.402,1.358,143.341,31.819,3.803
3d346d74-df3d-4f57-86bf-fc0d1146704e,2026-04-25T17:12:10.837246-04:00,node-01,payments-api,502,True,anomalous,market_aware_v1,75.998,65.127,325.47,27.226,1.514,158.066,20.185,4.023
6f4a7944-cb72-4125-9a88-5c0cfd55ce99,2026-04-25T17:12:10.837676-04:00,node-01,orders-api,502,True,anomalous,market_aware_v1,84.193,56.358,295.394,29.133,1.327,152.543,56.723,3.8
4edcbe48-45be-4190-a39c-0f0e56583b5e,2026-04-25T17:12:10.838162-04:00,node-01,checkout-api,429,True,anomalous,market_aware_v1,78.148,62.758,335.468,30.581,1.803,160.635,24.134,4.696
ccb50b09-17d3-40f9-855c-0f475908a36a,2026-04-25T17:12:10.838605-04:00,node-01,payments-api,429,True,anomalous,market_aware_v1,74.351,63.897,314.288,25.067,1.277,150.25,21.907,3.816
2d289705-b471-4157-98d8-2d2f40d9a816,2026-04-25T17:12:10.839051-04:00,node-01,orders-api,500,True,anomalous,market_aware_v1,83.051,57.738,312.079,31.878,1.589,163.295,53.269,4.538
58595b05-cef9-4e02-aff9-7bd67332c61a,2026-04-25T17:12:10.839549-04:00,node-01,checkout-api,429,True,anomalous,market_aware_v1,75.764,59.287,311.017,29.607,1.355,144.764,35.041,3.656
3e872eac-8a26-4046-a697-2a9e8a673a53,2026-04-25T17:12:10.839985-04:00,node-01,payments-api,429,True,anomalous,market_aware_v1,75.328,62.705,335.401,26.265,1.792,160.534,12.787,4.619
15cb5e29-7c09-4fae-ac91-f368bc0291d2,2026-04-25T17:12:10.840401-04:00,node-01,orders-api,500,True,anomalous,market_aware_v1,75.407,56.565,293.637,32.115,1.348,148.161,45.647,3.784
874dfb88-0fbc-4ef8-9b38-85d3e4d89e9c,2026-04-25T17:12:10.840868-04:00,node-01,checkout-api,429,True,anomalous,market_aware_v1,71.858,58.4,297.765,27.632,1.257,143.13,33.356,3.686
8b11f74f-c6d4-4b3a-8c28-d843c1e54672,2026-04-25T17:12:10.841334-04:00,node-01,payments-api,502,True,anomalous,market_aware_v1,72.494,59.942,338.15,26.516,1.831,163.084,0.377,4.681
97fe3625-eb9e-4282-8394-40d9ecf00530,2026-04-25T17:12:10.841755-04:00,node-01,orders-api,503,True,anomalous,market_aware_v1,74.788,56.293,285.236,28.214,1.297,152.353,53.335,3.641
1bb4e63b-cdf0-4305-9294-64eb42b3afb5,2026-04-25T17:12:10.842190-04:00,node-01,checkout-api,500,True,anomalous,market_aware_v1,72.177,56.033,303.343,28.262,1.282,136.824,23.985,3.465
1c994d82-82d3-4ee1-9b09-8191850b11d1,2026-04-25T17:12:10.842672-04:00,node-01,payments-api,429,True,anomalous,market_aware_v1,66.833,58.574,318.595,23.53,1.386,149.684,14.122,4.067
ad828a67-ef30-46b3-98f7-1769e8004438,2026-04-25T17:12:10.843171-04:00,node-01,orders-api,500,True,anomalous,market_aware_v1,71.884,54.17,288.323,30.904,1.343,149.963,47.45,3.685
20e4d10e-54b0-49b6-ab6d-148c818564c5,2026-04-25T17:12:10.843683-04:00,node-01,checkout-api,503,True,anomalous,market_aware_v1,76.19,56.523,319.616,26.594,1.429,146.683,23.216,3.938
49308571-9168-4cdd-a4ec-1fbec4502288,2026-04-25T17:12:10.844162-04:00,node-01,payments-api,429,True,anomalous,market_aware_v1,69.174,59.62,331.931,24.494,1.469,158.873,13.292,4.1
274ba8e9-20da-416e-af9a-5db9fac501e4,2026-04-25T17:12:10.844652-04:00,node-01,orders-api,503,True,anomalous,market_aware_v1,75.285,54.602,300.032,31.678,1.557,145.977,47.159,3.981
62df0d74-a867-4ad8-9cca-6f82b20856a7,2026-04-25T17:12:10.845120-04:00,node-01,checkout-api,500,True,anomalous,market_aware_v1,73.058,55.481,309.982,30.49,1.779,152.69,18.72,4.404
834f4ed9-8c1c-4fea-959e-2bed4c3dc80e,2026-04-25T17:12:10.845610-04:00,node-01,payments-api,429,True,anomalous,market_aware_v1,72.427,58.571,324.656,25.897,1.462,152.562,14.526,4.034
30667cab-878d-4139-aec1-4e04e8c42ee8,2026-04-25T17:12:10.846042-04:00,node-01,orders-api,429,True,anomalous,market_aware_v1,74.977,55.96,304.683,29.749,1.35,154.744,48.378,3.868
cc6801f0-e03e-452e-b4bd-f2a9d9653eab,2026-04-25T17:12:10.846555-04:00,node-01,checkout-api,502,True,anomalous,market_aware_v1,75.549,60.964,321.872,29.815,1.467,149.337,32.818,3.895
96f2912c-bce6-416f-ab2c-f4a47ac934ed,2026-04-25T17:12:10.847013-04:00,node-01,payments-api,503,True,anomalous,market_aware_v1,70.799,59.202,319.263,23.892,1.38,150.655,18.28,3.982
00956326-fcee-4764-9af4-2f692e4feefb,2026-04-25T17:12:10.847481-04:00,node-01,orders-api,429,True,anomalous,market_aware_v1,77.904,54.178,291.421,28.689,1.315,147.166,45.98,3.609
be09654b-b2e1-4686-8c1e-8b281431afb7,2026-04-25T17:12:10.847966-04:00,node-01,checkout-api,500,True,anomalous,market_aware_v1,75.889,58.484,306.016,30.797,1.473,147.468,30.972,3.971
2aa5b9a9-1e44-4b45-8046-33d3490ce003,2026-04-25T17:12:10.848426-04:00,node-01,payments-api,429,True,anomalous,market_aware_v1,70.575,62.729,302.607,27.119,1.301,145.704,20.296,3.759
9c57a712-2a76-42f5-b9c4-8b1bb05c0172,2026-04-25T17:12:10.848884-04:00,node-01,orders-api,429,True,anomalous,market_aware_v1,82.394,59.101,306.404,33.463,1.268,152.805,51.402,3.681
2ccb7908-6646-42a1-9dfa-ea8055b559ae,2026-04-25T17:12:10.849311-04:00,node-01,checkout-api,503,True,anomalous,market_aware_v1,79.053,58.86,310.934,30.183,1.388,150.732,37.014,3.86
7a6efca3-d1e8-42ab-8856-9fea1f1ddccd,2026-04-25T17:12:10.849732-04:00,node-01,payments-api,503,True,anomalous,market_aware_v1,72.445,65.028,345.952,27.568,1.621,164.727,19.229,4.629
e35f87b8-decd-4299-9a74-13b087018c63,2026-04-25T17:12:10.850157-04:00,node-01,orders-api,502,True,anomalous,market_aware_v1,84.394,57.819,305.803,33.762,1.306,151.875,54.894,3.762
0a788f26-8b76-4bdb-a2b5-b9b52d2ef5b4,2026-04-25T17:12:10.850612-04:00,node-01,checkout-api,503,True,anomalous,market_aware_v1,80.082,60.508,308.324,29.882,1.476,153.71,36.839,4.063
aadedaf1-8909-401e-be43-b73f8250e6c4,2026-04-25T17:12:10.851042-04:00,node-01,payments-api,503,True,anomalous,market_aware_v1,77.976,64.39,336.653,26.508,1.517,162.746,25.231,4.33
6186aa69-315f-446d-aca3-2880f98abb25,2026-04-25T17:12:10.851530-04:00,node-01,orders-api,429,True,anomalous,market_aware_v1,85.853,60.171,319.313,32.328,1.727,161.703,52.314,4.543
7fd4e1aa-260c-4260-9b86-f2c1a9a3063a,2026-04-25T17:12:10.851965-04:00,node-01,checkout-api,502,True,anomalous,market_aware_v1,83.942,67.05,348.818,31.675,1.991,162.639,28.98,4.994
c10bddc2-081e-47b8-b17d-22e2829752db,2026-04-25T17:12:10.852388-04:00,node-01,payments-api,502,True,anomalous,market_aware_v1,76.521,67.053,326.54,28.563,1.445,157.262,23.755,4.047
c8611ca5-44b7-4f08-9f02-42f7b0b18172,2026-04-25T17:12:10.852829-04:00,node-01,orders-api,500,True,anomalous,market_aware_v1,85.795,56.965,311.001,32.377,1.504,162.162,54.577,4.14
441aec57-dc00-4950-9a55-a2f54bb33fda,2026-04-25T17:12:10.853255-04:00,node-01,checkout-api,500,True,anomalous,market_aware_v1,84.774,63.758,340.661,30.862,1.951,164.966,30.572,4.899
60ac3ecf-9e4c-4abd-9d5e-9066a38baf70,2026-04-25T17:12:10.853674-04:00,node-01,payments-api,429,True,anomalous,market_aware_v1,74.833,62.918,335.499,27.596,1.486,166.534,16.197,4.295
09a208ca-3a5e-442a-9087-c2e23cef3b38,2026-04-25T17:12:10.854107-04:00,node-01,orders-api,502,True,anomalous,market_aware_v1,80.129,57.305,299.052,29.666,1.305,150.535,60.532,3.793
3f3b81ea-1b20-4127-abe2-445d8271f677,2026-04-25T17:12:10.854561-04:00,node-01,checkout-api,500,True,anomalous,market_aware_v1,82.516,59.748,335.429,28.71,1.732,160.031,34.492,4.596
7ac021f0-feaa-45b9-b280-83b2ee63a6cf,2026-04-25T17:12:10.854971-04:00,node-01,payments-api,429,True,anomalous,market_aware_v1,72.538,61.778,305.229,27.77,1.396,149.556,16.566,3.878
b6e778b1-5e3c-4af1-aa8c-a324539db800,2026-04-25T17:12:10.855384-04:00,node-01,orders-api,500,True,anomalous,market_aware_v1,78.495,58.924,286.36,32.213,1.302,148.105,54.526,3.683
34f61a66-6ac8-411d-911e-65751b9b7712,2026-04-25T17:12:10.855806-04:00,node-01,checkout-api,429,True,anomalous,market_aware_v1,78.006,56.861,323.066,29.48,1.663,159.58,25.749,4.218
c97a7782-45c5-4cd8-b0e8-2351b228a551,2026-04-25T17:12:10.856238-04:00,node-01,payments-api,500,True,anomalous,market_aware_v1,74.526,61.199,322.965,26.64,1.465,151.839,17.277,4.008
bc3f8d57-7482-4981-950f-7aeebb6c79b7,2026-04-25T17:12:10.856669-04:00,node-01,orders-api,429,True,anomalous,market_aware_v1,77.967,58.766,299.265,32.158,1.368,148.928,49.74,3.836
40c0f6a3-9dda-4c63-895d-71582031393b,2026-04-25T17:12:10.857101-04:00,node-01,checkout-api,429,True,anomalous,market_aware_v1,71.011,57.344,297.834,30.031,1.453,149.398,37.434,3.992
3f53ddc5-c959-46f5-a82a-2d5c8db001c2,2026-04-25T17:12:10.857543-04:00,node-01,payments-api,502,True,anomalous,market_aware_v1,70.146,63.119,316.211,23.456,1.515,158.354,15.249,4.15
db9f81c6-5edb-4849-ad00-c51585d0f2ec,2026-04-25T17:12:10.857975-04:00,node-01,orders-api,502,True,anomalous,market_aware_v1,80.295,57.337,290.433,30.533,1.347,150.594,51.695,3.954
0fc3fd7f-c158-48bb-8cb9-91afa612543a,2026-04-25T17:12:10.858562-04:00,node-01,checkout-api,500,True,anomalous,market_aware_v1,78.073,56.907,322.032,29.833,1.424,157.595,27.347,4.034
9f96964e-ad9a-4271-bcf3-b424fba9591a,2026-04-25T17:12:10.859004-04:00,node-01,payments-api,500,True,anomalous,market_aware_v1,72.11,61.56,344.504,23.997,1.563,164.06,11.901,4.339
f704bcf7-39da-48d6-a4c6-7a6b1d45debd,2026-04-25T17:12:10.859414-04:00,node-01,orders-api,502,True,anomalous,market_aware_v1,76.207,55.689,305.627,29.587,1.274,148.187,50.372,3.652
55830f18-0035-49b4-894f-3f9d0a94b48f,2026-04-25T17:12:10.859892-04:00,node-01,checkout-api,503,True,anomalous,market_aware_v1,70.817,55.262,305.729,28.134,1.38,146.771,28.266,3.84
599a9589-7f7f-4843-8cff-f16e1cf2a331,2026-04-25T17:12:10.860332-04:00,node-01,payments-api,429,True,anomalous,market_aware_v1,74.006,60.449,314.174,23.347,1.463,155.427,13.514,4.18
bf5ae6c0-2af1-434b-97a1-1cc5e056130b,2026-04-25T17:12:10.860817-04:00,node-01,orders-api,500,True,anomalous,market_aware_v1,81.963,57.841,310.161,32.751,1.651,156.972,48.649,4.325
6bc408bd-1d06-4b78-9b23-35963decedcd,2026-04-25T17:12:10.861323-04:00,node-01,checkout-api,500,True,anomalous,market_aware_v1,75.209,59.85,306.581,28.188,1.452,150.587,31.343,3.898
cbf7e49f-b7a5-4ad3-b8d8-2352291f5fd8,2026-04-25T17:12:10.861824-04:00,node-01,payments-api,502,True,anomalous,market_aware_v1,67.249,63.622,316.941,25.873,1.265,143.449,18.262,3.568
8ca45ae8-b578-421a-b233-91b6f5d00682,2026-04-25T17:12:10.862393-04:00,node-01,orders-api,500,True,anomalous,market_aware_v1,77.862,57.48,292.057,28.427,1.278,150.473,56.271,3.723
b80994f1-2c8d-49a3-8847-53415b59a2b1,2026-04-25T17:12:10.863068-04:00,node-01,checkout-api,500,True,anomalous,market_aware_v1,78.304,61.183,323.247,30.139,1.556,156.683,35.275,4.165
df2d426d-3152-4a0a-892a-b1564a1722e7,2026-04-25T17:12:10.863772-04:00,node-01,payments-api,502,True,anomalous,market_aware_v1,75.102,62.389,331.466,25.8,1.464,161.365,16.647,4.202
6c0d57e8-0998-4b1e-a807-1d768bb32a3e,2026-04-25T17:12:10.864399-04:00,node-01,orders-api,502,True,anomalous,market_aware_v1,82.385,59.748,308.669,30.92,1.268,150.843,55.294,3.786
b76b53d2-00a7-4bb4-93b1-45fcf5d36b3e,2026-04-25T17:12:10.864935-04:00,node-01,checkout-api,503,True,anomalous,market_aware_v1,78.502,60.766,314.04,29.0,1.429,150.908,40.476,4.019
64e8930c-7d56-4604-879f-38a37531b818,2026-04-25T17:12:10.865417-04:00,node-01,payments-api,502,True,anomalous,market_aware_v1,77.187,61.53,330.736,26.481,1.48,160.169,14.332,4.225
bdbe4f5a-d661-485e-b0be-9ee95b4b5e14,2026-04-25T17:12:10.866365-04:00,node-01,orders-api,502,True,anomalous,market_aware_v1,84.962,56.746,307.148,33.503,1.395,152.912,62.376,3.816
fcd453e1-6e32-46c9-8d97-e2e64e68e289,2026-04-25T17:12:10.866863-04:00,node-01,checkout-api,502,True,anomalous,market_aware_v1,85.59,62.207,310.071,32.383,1.476,151.975,36.963,4.052
85f04630-38dc-4a01-897c-7961260cc64e,2026-04-25T17:12:10.867366-04:00,node-01,payments-api,503,True,anomalous,market_aware_v1,77.84,67.645,316.156,27.15,1.447,149.081,30.27,3.955
ed103566-3d54-4d51-8c61-198de3cf6773,2026-04-25T17:12:10.867885-04:00,node-01,orders-api,500,True,anomalous,market_aware_v1,86.349,59.108,303.444,32.694,1.374,154.613,57.182,3.818
af8c9824-b110-462a-a9a4-7387a9700cb6,2026-04-25T17:12:10.868719-04:00,node-01,checkout-api,502,True,anomalous,market_aware_v1,87.657,62.898,330.509,31.607,1.635,158.576,37.577,4.477
fa56fe37-65b9-4a63-8558-9207d5a8bc63,2026-04-25T17:12:10.869311-04:00,node-01,payments-api,503,True,anomalous,market_aware_v1,78.401,66.789,318.475,27.779,1.478,159.101,27.191,4.148
0fecf3bd-542f-4c25-94ce-c26617c1c153,2026-04-25T17:12:10.869897-04:00,node-01,orders-api,429,True,anomalous,market_aware_v1,90.212,62.624,315.943,32.303,1.753,162.185,55.925,4.506
92f80ca8-8ca6-4be1-8d96-0855b6190f9c,2026-04-25T17:12:10.870518-04:00,node-01,checkout-api,503,True,anomalous,market_aware_v1,85.944,67.758,314.373,31.835,1.503,152.521,41.334,4.06
3091a244-9c47-4adf-b483-dd3af6bceb68,2026-04-25T17:12:10.871414-04:00,node-01,payments-api,502,True,anomalous,market_aware_v1,84.29,65.598,350.673,28.113,1.851,166.851,16.297,4.794
3975e31b-54be-4eb6-a919-f89c83a8a26c,2026-04-25T17:12:10.871867-04:00,node-01,orders-api,502,True,anomalous,market_aware_v1,83.985,60.336,298.335,32.404,1.352,155.711,58.503,4.029
f1b3724b-d48a-465d-b8e6-da2cd56421dd,2026-04-25T17:12:10.872367-04:00,node-01,checkout-api,503,True,anomalous,market_aware_v1,88.724,66.389,349.387,30.497,1.852,169.087,31.849,4.828
c1bb4259-89f3-4282-b626-b13702a93ff0,2026-04-25T17:12:10.872802-04:00,node-01,payments-api,429,True,anomalous,market_aware_v1,77.884,65.394,330.444,27.324,1.458,158.467,23.09,4.162
8374a4bb-56c5-46d8-9052-35e65938319e,2026-04-25T17:12:10.873321-04:00,node-01,orders-api,429,True,anomalous,market_aware_v1,84.583,61.264,312.326,29.142,1.441,157.585,54.84,4.021
6c450f14-08bd-4241-a5af-bb314009eb77,2026-04-25T17:12:10.873847-04:00,node-01,checkout-api,429,True,anomalous,market_aware_v1,81.878,64.522,322.884,32.059,1.846,159.642,29.35,4.662
bde7bceb-a615-47c6-b1da-dec771ae36c8,2026-04-25T17:12:10.874310-04:00,node-01,payments-api,500,True,anomalous,market_aware_v1,81.728,65.519,340.497,27.057,1.826,160.565,14.967,4.706
8b451bef-10c4-4b75-bca9-00bab920b6dd,2026-04-25T17:12:10.874778-04:00,node-01,orders-api,500,True,anomalous,market_aware_v1,82.578,57.53,293.349,28.983,1.33,151.723,54.718,3.844
4d88b08e-81fb-4eee-a284-ae5629ce88b9,2026-04-25T17:12:10.875179-04:00,node-01,checkout-api,500,True,anomalous,market_aware_v1,81.0,61.697,328.466,30.57,1.947,162.636,22.547,4.916
bf2e5756-9ecf-4fc5-bea4-a4ef8a4a1313,2026-04-25T17:12:10.875691-04:00,node-01,payments-api,429,True,anomalous,market_aware_v1,74.037,61.266,328.164,25.687,1.426,156.321,18.832,3.95
ce06b2ba-9577-4b85-94f3-c8b9fcd828bc,2026-04-25T17:12:10.876200-04:00,node-01,orders-api,429,True,anomalous,market_aware_v1,78.498,53.945,294.775,29.48,1.207,146.145,55.243,3.58
a63cc69b-9324-4ea6-afae-7f221a567d7c,2026-04-25T17:12:10.876725-04:00,node-01,checkout-api,502,True,anomalous,market_aware_v1,76.458,56.14,315.863,27.447,1.423,147.789,30.666,3.876
25571472-6357-4ead-a418-bddbf76007ea,2026-04-25T17:12:10.878050-04:00,node-01,payments-api,429,True,anomalous,market_aware_v1,74.853,61.526,324.145,25.953,1.444,158.129,9.105,4.152
a0e66d0f-6ed8-4c54-8e90-58ead556876c,2026-04-25T17:12:10.878534-04:00,node-01,orders-api,502,True,anomalous,market_aware_v1,80.651,54.866,326.389,32.856,1.629,161.72,50.519,4.591
69b0ea34-235c-4471-b6c6-ee0288019d7f,2026-04-25T17:12:10.879009-04:00,node-01,checkout-api,502,True,anomalous,market_aware_v1,72.261,57.982,315.794,26.807,1.518,156.617,25.122,4.127
89961d49-5e31-4d56-be2b-56ab0ae3b32d,2026-04-25T17:12:10.879413-04:00,node-01,payments-api,502,True,anomalous,market_aware_v1,69.254,61.397,332.676,24.732,1.799,165.207,9.487,4.784
73b94608-fbac-44c3-a370-ed7642e4549d,2026-04-25T17:12:10.879874-04:00,node-01,orders-api,429,True,anomalous,market_aware_v1,78.102,55.711,326.669,29.458,1.515,163.96,46.261,4.561
42f9025d-3cb4-4bd4-a566-7b14823bc035,2026-04-25T17:12:10.880356-04:00,node-01,checkout-api,503,True,anomalous,market_aware_v1,71.694,59.129,302.886,28.997,1.476,145.123,29.817,4.129
7d6af2bc-095c-4236-a475-1f9484471251,2026-04-25T17:12:10.880840-04:00,node-01,payments-api,429,True,anomalous,market_aware_v1,70.21,59.556,322.132,23.749,1.417,151.114,9.454,3.95
bd9ee8a8-fd06-42c2-8fa1-83100b25352c,2026-04-25T17:12:10.881271-04:00,node-01,orders-api,429,True,anomalous,market_aware_v1,72.986,53.404,288.381,29.402,1.268,148.695,47.896,3.703
7efa0e6e-4f2c-4cb3-8f54-8e2629d50ce0,2026-04-25T17:12:10.881730-04:00,node-01,checkout-api,500,True,anomalous,market_aware_v1,76.721,55.285,317.874,27.948,1.553,153.493,25.034,4.057
8058a1cd-393d-4b47-8dbf-00c94be77d8f,2026-04-25T17:12:10.882240-04:00,node-01,payments-api,500,True,anomalous,market_aware_v1,71.896,62.277,343.273,26.281,1.91,166.986,5.084,4.937
e1ae52dd-3aaa-4fb7-ab02-ef38c9fae087,2026-04-25T17:12:10.882725-04:00,node-01,orders-api,502,True,anomalous,market_aware_v1,76.677,57.784,285.604,29.989,1.177,143.334,52.696,3.323
c76dbc65-d356-4149-a4c8-2cb98ef212f7,2026-04-25T17:12:10.883175-04:00,node-01,checkout-api,502,True,anomalous,market_aware_v1,70.532,53.538,317.411,26.619,1.542,156.056,28.575,4.172
a78897c6-9fdc-4f44-8b32-e98796df4b3d,2026-04-25T17:12:10.884876-04:00,node-01,payments-api,429,True,anomalous,market_aware_v1,67.652,59.525,307.825,23.05,1.39,147.416,15.799,3.898
1facc7b8-31a7-4b37-a8c5-a1761e6e87b9,2026-04-25T17:12:10.885377-04:00,node-01,orders-api,500,True,anomalous,market_aware_v1,78.475,53.04,296.492,29.123,1.349,156.755,44.238,3.831
7c81d9a5-8410-4f04-98d9-34c7359e3c60,2026-04-25T17:12:10.885871-04:00,node-01,checkout-api,502,True,anomalous,market_aware_v1,75.347,62.285,308.395,30.332,1.442,148.13,27.499,3.825
ee043b50-dd62-4b5c-ab88-5779ee70d690,2026-04-25T17:12:10.886382-04:00,node-01,payments-api,500,True,anomalous,market_aware_v1,72.721,59.266,309.636,26.676,1.37,143.311,15.93,3.921
4c8f3570-c0e4-463e-a20d-dd97981c6bf7,2026-04-25T17:12:10.886836-04:00,node-01,orders-api,429,True,anomalous,market_aware_v1,78.916,51.451,291.556,33.015,1.243,147.935,48.14,3.75
65abb8a3-60b6-4642-a714-4a50ec6ab8de,2026-04-25T17:12:10.887222-04:00,node-01,checkout-api,500,True,anomalous,market_aware_v1,74.219,60.915,320.572,28.258,1.569,159.039,29.998,4.339
2533874e-4a43-43dd-8903-009d1d2c8a45,2026-04-25T17:12:10.887945-04:00,node-01,payments-api,502,True,anomalous,market_aware_v1,72.695,62.007,321.577,26.703,1.447,155.822,15.354,4.078
05dd9d9c-6a39-4c12-816f-781d9ba6c7cb,2026-04-25T17:12:10.889967-04:00,node-01,orders-api,429,True,anomalous,market_aware_v1,81.901,56.285,301.208,34.624,1.377,156.111,50.077,3.895
e1d52288-1883-485b-be1a-3d5bd6980263,2026-04-25T17:12:10.890471-04:00,node-01,checkout-api,500,True,anomalous,market_aware_v1,79.534,62.828,319.013,27.854,1.542,156.504,31.503,4.199
860882d4-4545-4095-8241-9d3657b30e0a,2026-04-25T17:12:10.890933-04:00,node-01,payments-api,429,True,anomalous,market_aware_v1,76.014,61.674,334.612,25.079,1.539,161.982,20.331,4.21
c7462265-2677-47e9-91ff-c79ab18dc61f,2026-04-25T17:12:10.891397-04:00,node-01,orders-api,429,True,anomalous,market_aware_v1,80.821,59.139,304.716,33.483,1.316,161.476,53.85,4.006
aa24093c-dcea-499d-b01e-b13e35a12ea4,2026-04-25T17:12:10.891891-04:00,node-01,checkout-api,500,True,anomalous,market_aware_v1,82.321,63.353,333.712,31.52,1.963,163.178,24.066,4.822
c4bc3bb3-d330-49bf-8423-2c64c7f0604e,2026-04-25T17:12:10.892343-04:00,node-01,payments-api,500,True,anomalous,market_aware_v1,72.424,64.191,332.365,26.384,1.441,158.235,20.403,4.051
5a7aa0a0-0b50-4589-8f23-ef8d27d21e2e,2026-04-25T17:12:10.892793-04:00,node-01,orders-api,429,True,anomalous,market_aware_v1,85.694,59.252,316.377,31.58,1.541,158.829,51.457,4.282
35cd4a35-3fe7-4ea5-896d-050164341013,2026-04-25T17:12:10.893246-04:00,node-01,checkout-api,500,True,anomalous,market_aware_v1,82.469,62.831,341.817,28.063,1.755,163.661,33.005,4.811
cf3d52f0-ecfc-408f-a600-fa53710c9bd6,2026-04-25T17:12:10.893766-04:00,node-01,payments-api,429,True,anomalous,market_aware_v1,78.345,66.801,330.007,28.874,1.447,160.348,25.636,4.148
19ac6eaf-ac8e-4c2c-b86b-ac87ed919226,2026-04-25T17:12:10.894202-04:00,node-01,orders-api,500,True,anomalous,market_aware_v1,87.482,58.028,297.76,32.628,1.37,150.692,57.047,3.721
d456b949-ab61-4967-8956-edbaee6b3cc3,2026-04-25T17:12:10.894711-04:00,node-01,checkout-api,429,True,anomalous,market_aware_v1,81.142,64.208,307.186,30.77,1.435,149.034,36.439,3.956
b458ebd8-6d7e-40ec-af89-39f1abfc8f8b,2026-04-25T17:12:10.895196-04:00,node-01,payments-api,429,True,anomalous,market_aware_v1,75.742,64.514,325.772,26.002,1.486,154.871,20.116,4.065
88b28344-327f-45c3-a376-ffc9a9dc2a3d,2026-04-25T17:12:10.895668-04:00,node-01,orders-api,429,True,anomalous,market_aware_v1,82.344,57.223,292.067,31.586,1.376,149.141,54.807,3.567
4f00803b-e5f0-40c0-bb16-1fc9b77612f1,2026-04-25T17:12:10.896110-04:00,node-01,checkout-api,500,True,anomalous,market_aware_v1,78.258,59.731,318.6,28.384,1.616,159.189,27.39,4.227
3a1a1309-c29a-4aeb-b578-6489333087b3,2026-04-25T17:12:10.896581-04:00,node-01,payments-api,500,True,anomalous,market_aware_v1,76.682,64.074,329.139,27.763,1.601,156.221,16.727,4.376
d68b89a9-2b18-465f-bae6-e7816e3bb2ab,2026-04-25T17:12:10.897051-04:00,node-01,orders-api,429,True,anomalous,market_aware_v1,83.922,61.022,320.404,31.73,1.724,165.724,49.554,4.578
d97fb791-b7ed-4eda-86b7-0b6b191e2e48,2026-04-25T17:12:10.897500-04:00,node-01,checkout-api,500,True,anomalous,market_aware_v1,78.267,59.254,330.765,27.445,1.6,165.869,25.853,4.495
e1cd554f-407e-4359-8035-d44e7f5ab71c,2026-04-25T17:12:10.897978-04:00,node-01,payments-api,503,True,anomalous,market_aware_v1,77.044,61.502,321.944,25.78,1.473,157.546,15.288,4.051
3883ef13-4da6-45fd-afdc-abf9564a686c,2026-04-25T17:12:10.898509-04:00,node-01,orders-api,429,True,anomalous,market_aware_v1,79.876,55.719,296.015,31.522,1.345,157.693,55.155,3.928
02aea353-9ad5-47c5-ac6e-18fc86b3120f,2026-04-25T17:12:10.898989-04:00,node-01,checkout-api,500,True,anomalous,market_aware_v1,70.602,57.797,323.342,26.571,1.535,160.916,29.737,4.299
250b2885-0116-4d83-b6bf-1a8289ab969f,2026-04-25T17:12:10.900111-04:00,node-01,payments-api,500,True,anomalous,market_aware_v1,76.844,63.674,347.951,26.747,1.944,166.296,10.194,4.819
19065ae4-0458-485f-8fbc-f4935453703e,2026-04-25T17:12:10.900590-04:00,node-01,orders-api,429,True,anomalous,market_aware_v1,77.578,57.892,306.48,31.506,1.438,158.529,49.308,3.885
99afbbab-8163-43e6-86f6-d328d59cfc93,2026-04-25T17:12:10.901045-04:00,node-01,checkout-api,500,True,anomalous,market_aware_v1,76.22,60.436,322.882,26.364,1.495,160.816,22.7,4.221
450f8e77-ffb9-47c9-9ad7-fc1c53fd257a,2026-04-25T17:12:10.901929-04:00,node-01,payments-api,502,True,anomalous,market_aware_v1,68.88,60.429,320.108,24.984,1.442,150.569,16.516,3.834
45cb3476-57e0-48a1-b3b2-66102824d198,2026-04-25T17:12:10.903191-04:00,node-01,orders-api,429,True,anomalous,market_aware_v1,77.459,54.981,298.184,27.236,1.298,152.558,45.825,3.606
f9b16dac-c31e-4ba6-b975-0ca53be95fbf,2026-04-25T17:12:10.903997-04:00,node-01,checkout-api,500,True,anomalous,market_aware_v1,76.443,58.973,318.96,27.074,1.493,155.524,27.205,4.075
679fe457-80ac-4ff2-bc9f-cb7dec307689,2026-04-25T17:12:10.904554-04:00,node-01,payments-api,503,True,anomalous,market_aware_v1,75.532,61.33,325.644,24.331,1.466,165.733,8.274,4.3
3d3c4739-5abb-4851-be82-9321bb8490bc,2026-04-25T17:12:10.904993-04:00,node-01,orders-api,502,True,anomalous,market_aware_v1,76.995,55.738,302.858,29.203,1.281,152.655,43.248,3.82
590eefaa-7bad-4074-b37c-b9a3b60d0f05,2026-04-25T17:12:10.905420-04:00,node-01,checkout-api,500,True,anomalous,market_aware_v1,76.873,56.112,317.481,30.992,1.548,158.004,26.571,4.234
79320237-a4dc-4e96-b888-df3cc59bf63f,2026-04-25T17:12:10.905859-04:00,node-01,payments-api,503,True,anomalous,market_aware_v1,74.172,62.304,328.469,24.092,1.434,155.939,16.628,3.977
29b97200-43e2-485a-93f7-2f95049da504,2026-04-25T17:12:10.906286-04:00,node-01,orders-api,500,True,anomalous,market_aware_v1,81.468,54.468,298.479,30.471,1.247,150.46,56.189,3.695
3ba5354c-a8c7-4c72-85f1-42e9b3128e05,2026-04-25T17:12:10.907084-04:00,node-01,checkout-api,500,True,anomalous,market_aware_v1,77.829,59.434,315.134,28.117,1.495,151.282,26.172,4.011
657e5271-6686-4dae-ae27-4bcf5adb6466,2026-04-25T17:12:10.907511-04:00,node-01,payments-api,429,True,anomalous,market_aware_v1,73.061,63.779,324.996,27.166,1.487,159.87,20.651,4.3
4711e5b4-51e4-4b94-a2b5-cb289f441fb1,2026-04-25T17:12:10.907938-04:00,node-01,orders-api,503,True,anomalous,market_aware_v1,81.41,56.563,295.629,31.308,1.315,150.876,54.083,3.704
b9ca3318-0528-4c7b-a417-ee2aa20335c6,2026-04-25T17:12:10.908401-04:00,node-01,checkout-api,500,True,anomalous,market_aware_v1,79.524,63.757,319.89,29.592,1.534,160.97,31.901,4.281
4749e359-18e9-4792-8226-d7d239545af6,2026-04-25T17:12:10.908850-04:00,node-01,payments-api,500,True,anomalous,market_aware_v1,77.37,63.583,331.319,25.408,1.461,160.456,21.863,4.255
0edaf1e2-0154-4dd9-96de-f5574720aa78,2026-04-25T17:12:10.909272-04:00,node-01,orders-api,429,True,anomalous,market_aware_v1,85.309,60.119,313.846,33.343,1.707,158.594,52.057,4.404
09df6b04-b907-4d72-920e-f7223315d9f4,2026-04-25T17:12:10.909715-04:00,node-01,checkout-api,503,True,anomalous,market_aware_v1,82.836,62.274,324.359,29.602,1.434,153.296,36.063,3.879
74314484-7362-4e11-9e7d-6ffd5ab5a947,2026-04-25T17:12:10.910175-04:00,node-01,payments-api,429,True,anomalous,market_aware_v1,83.331,64.931,353.424,29.594,1.569,168.102,14.6,4.457
b0597c3d-beb7-4072-b3d3-1969aad14bc8,2026-04-25T17:12:10.910604-04:00,node-01,orders-api,429,True,anomalous,market_aware_v1,89.034,62.92,303.705,32.131,1.307,154.484,63.068,3.666
340b0bb0-7636-4a76-9e90-7955a19487ca,2026-04-25T17:12:10.911045-04:00,node-01,checkout-api,500,True,anomalous,market_aware_v1,84.217,66.2,329.123,29.407,1.533,158.761,32.62,4.11
08c27258-188d-486d-95ca-a417dc6f69a8,2026-04-25T17:12:10.911501-04:00,node-01,payments-api,503,True,anomalous,market_aware_v1,78.251,65.38,324.08,28.096,1.513,159.9,22.839,4.091
f26c9b1a-0498-47be-92e7-4fd9cc2729a5,2026-04-25T17:12:10.911934-04:00,node-01,orders-api,500,True,anomalous,market_aware_v1,83.158,62.422,294.812,32.791,1.399,151.853,64.678,3.875
48ed5586-18ff-4a28-94f4-ade8548f000c,2026-04-25T17:12:10.912358-04:00,node-01,checkout-api,429,True,anomalous,market_aware_v1,83.052,67.813,323.954,31.866,1.5,155.361,38.986,4.19
a8d4ddc4-1fdd-4457-820c-584f5847b333,2026-04-25T17:12:10.912793-04:00,node-01,payments-api,503,True,anomalous,market_aware_v1,78.935,70.332,324.442,27.49,1.449,153.843,24.028,4.117
08863d77-c360-4d61-84a5-10fb89ab1168,2026-04-25T17:12:10.913233-04:00,node-01,orders-api,429,True,anomalous,market_aware_v1,86.703,61.482,304.167,31.018,1.317,155.977,61.897,3.819
4d5aea67-57bd-493a-8e9d-19deb32caf44,2026-04-25T17:12:10.913662-04:00,node-01,checkout-api,429,True,anomalous,market_aware_v1,83.305,62.504,334.993,31.332,1.614,162.471,35.364,4.415
ad2fca73-35d0-4d2c-be5e-a4717dee6d87,2026-04-25T17:12:10.914077-04:00,node-01,payments-api,503,True,anomalous,market_aware_v1,78.041,65.326,349.218,27.092,1.532,166.956,30.28,4.435
c9046675-928d-4291-b709-972450f23d9e,2026-04-25T17:12:10.914532-04:00,node-01,orders-api,503,True,anomalous,market_aware_v1,87.228,63.278,316.782,33.585,1.705,161.909,50.323,4.506
ca859372-a080-4640-8299-7d277e6d6d4f,2026-04-25T17:12:10.914972-04:00,node-01,checkout-api,503,True,anomalous,market_aware_v1,79.277,63.599,342.858,30.951,1.566,158.591,29.937,4.272
1290badc-d931-48ff-8541-0446f8c4a1aa,2026-04-25T17:12:10.915405-04:00,node-01,payments-api,500,True,anomalous,market_aware_v1,77.382,68.092,343.132,27.282,1.61,165.132,17.462,4.477
c2a15788-75cc-43c7-8186-db8aa8a5dfda,2026-04-25T17:12:10.915853-04:00,node-01,orders-api,429,True,anomalous,market_aware_v1,83.619,60.491,301.455,31.771,1.449,156.233,46.831,3.888
7a129eed-70b4-4ad9-8de4-4bf459543582,2026-04-25T17:12:10.916319-04:00,node-01,checkout-api,500,True,anomalous,market_aware_v1,76.968,63.15,318.031,29.199,1.573,161.881,30.124,4.344
5a6d9030-ac75-4bb5-8265-48bd1bcf9b08,2026-04-25T17:12:10.916799-04:00,node-01,payments-api,500,True,anomalous,market_aware_v1,77.101,63.175,324.233,28.577,1.433,151.593,20.083,4.006
bedd609c-e0f8-4bcb-9053-27b76c1e92a6,2026-04-25T17:12:10.917540-04:00,node-01,orders-api,429,True,anomalous,market_aware_v1,80.597,54.523,310.145,31.217,1.36,157.583,51.404,4.03
e13f208b-120d-43d5-9206-3741ee39d01a,2026-04-25T17:12:10.918009-04:00,node-01,checkout-api,500,True,anomalous,market_aware_v1,77.24,58.904,345.633,29.745,1.781,168.534,25.748,4.844
cacacadf-3f87-4133-a73b-d168a467d3d4,2026-04-25T17:12:10.918420-04:00,node-01,payments-api,429,True,anomalous,market_aware_v1,70.519,58.707,336.887,25.961,1.405,156.857,9.915,4.135
6df72237-eafe-43c4-ab1f-4279c667b2ff,2026-04-25T17:12:10.919125-04:00,node-01,orders-api,429,True,anomalous,market_aware_v1,78.562,58.943,294.827,31.453,1.409,153.999,51.599,3.936
143552f2-2705-4528-a26c-8717a9ef2385,2026-04-25T17:12:10.919546-04:00,node-01,checkout-api,500,True,anomalous,market_aware_v1,77.798,60.817,334.911,28.628,1.885,163.725,22.867,4.79
b6519e3e-a802-47f4-b8e1-ad746794a5e1,2026-04-25T17:12:10.919988-04:00,node-01,payments-api,500,True,anomalous,market_aware_v1,73.759,60.438,328.217,24.881,1.425,155.238,9.039,3.93
8f633da1-2994-41bb-a9be-74b8b26f7023,2026-04-25T17:12:10.920482-04:00,node-01,orders-api,503,True,anomalous,market_aware_v1,74.045,54.382,298.388,28.5,1.363,155.85,41.848,3.992
e4d00e85-40de-440d-9a0e-56aca1b6caf0,2026-04-25T17:12:10.920964-04:00,node-01,checkout-api,502,True,anomalous,market_aware_v1,70.23,55.241,310.257,28.414,1.451,147.057,36.142,3.952
4626961c-6732-4719-a12d-55b755a1dbd6,2026-04-25T17:12:10.921419-04:00,node-01,payments-api,503,True,anomalous,market_aware_v1,69.516,60.205,333.343,24.245,1.537,160.143,6.559,4.192
ce145c05-94a9-4c24-a24c-11efbb39283d,2026-04-25T17:12:10.921903-04:00,node-01,orders-api,500,True,anomalous,market_aware_v1,73.341,55.276,288.108,28.384,1.235,151.734,42.409,3.681
5d3558a6-b544-4254-835a-8391c30de727,2026-04-25T17:12:10.922388-04:00,node-01,checkout-api,500,True,anomalous,market_aware_v1,74.588,55.188,316.875,26.714,1.532,158.47,15.91,4.288
3fbaa7ab-ad5e-4173-bc5b-898000229f24,2026-04-25T17:12:10.922867-04:00,node-01,payments-api,502,True,anomalous,market_aware_v1,69.266,59.623,328.124,22.617,1.519,155.395,15.3,4.411
9f9169ac-ff6b-4f9c-b1ec-2ba2214a6fb6,2026-04-25T17:12:10.923335-04:00,node-01,orders-api,500,True,anomalous,market_aware_v1,81.557,55.265,329.676,29.333,1.638,167.296,42.416,4.67
94884e48-360b-4451-bca5-6fec2215f25a,2026-04-25T17:12:10.923817-04:00,node-01,checkout-api,503,True,anomalous,market_aware_v1,69.462,55.428,309.319,24.805,1.52,151.863,26.613,4.079
c179f653-45c8-45dc-b2f0-3de9833283a7,2026-04-25T17:12:10.924282-04:00,node-01,payments-api,500,True,anomalous,market_aware_v1,72.885,59.675,355.202,24.612,1.73,169.393,12.457,4.821
08011045-4a8d-4c0b-9f15-e4df03aa2961,2026-04-25T17:12:10.924760-04:00,node-01,orders-api,502,True,anomalous,market_aware_v1,77.283,52.526,291.577,30.943,1.297,146.994,46.064,3.727
bcf248d8-e942-416d-a881-822c286c846b,2026-04-25T17:12:10.925227-04:00,node-01,checkout-api,502,True,anomalous,market_aware_v1,69.92,61.348,306.884,29.033,1.491,149.89,25.224,4.049
35a99bcf-750f-471e-8921-b102d90088d9,2026-04-25T17:12:10.925710-04:00,node-01,payments-api,502,True,anomalous,market_aware_v1,70.269,64.245,327.295,25.682,1.482,157.31,9.852,4.258
4d2b77af-2e65-4b52-b0b3-17ac590b31e7,2026-04-25T17:12:10.926167-04:00,node-01,orders-api,502,True,anomalous,market_aware_v1,79.276,59.954,317.688,30.516,1.774,160.893,46.743,4.58
e3a3e9a1-e86d-4b0d-9a6d-d782df5a4ec7,2026-04-25T17:12:10.926668-04:00,node-01,checkout-api,500,True,anomalous,market_aware_v1,76.527,62.469,328.123,28.852,1.57,159.804,26.007,4.313
d61b2f26-c2eb-4290-9b83-e8ecb60cf2f3,2026-04-25T17:12:10.927141-04:00,node-01,payments-api,502,True,anomalous,market_aware_v1,72.959,62.783,350.605,27.299,1.553,167.328,9.52,4.291
679ef8ca-61cc-496c-8cb7-2f0aa137ec78,2026-04-25T17:12:10.927588-04:00,node-01,orders-api,503,True,anomalous,market_aware_v1,83.389,59.741,308.715,32.574,1.379,155.039,47.33,3.88
477614ff-d646-427e-841b-ffecd4b6d500,2026-04-25T17:12:10.928041-04:00,node-01,checkout-api,500,True,anomalous,market_aware_v1,82.55,61.43,336.934,28.428,1.97,164.828,27.363,4.814
a932fa69-0f75-4947-98bc-779b7cf5e6a3,2026-04-25T17:12:10.928522-04:00,node-01,payments-api,503,True,anomalous,market_aware_v1,75.403,61.825,330.333,27.955,1.507,157.899,20.763,4.017
6fef7295-3d90-4664-8873-62fa6d75f65b,2026-04-25T17:12:10.929011-04:00,node-01,orders-api,429,True,anomalous,market_aware_v1,81.824,58.789,310.366,31.585,1.401,158.564,55.237,4.108
7033d9f9-07b4-47a7-83ec-d4c071e411c1,2026-04-25T17:12:10.929489-04:00,node-01,checkout-api,502,True,anomalous,market_aware_v1,75.386,63.217,314.616,30.379,1.636,158.642,25.656,4.302
c1f5b304-9cb3-4630-b8c8-05141aa6f456,2026-04-25T17:12:10.929969-04:00,node-01,payments-api,503,True,anomalous,market_aware_v1,75.43,65.235,343.975,27.114,1.65,163.965,19.292,4.67
99a4c380-d8c0-4d83-b595-81f22997598e,2026-04-25T17:12:10.930417-04:00,node-01,orders-api,503,True,anomalous,market_aware_v1,87.316,58.615,327.65,31.866,1.825,169.619,43.474,4.878
83c6a2a7-308e-4bcb-9afb-a914223c4e8b,2026-04-25T17:12:10.930900-04:00,node-01,checkout-api,502,True,anomalous,market_aware_v1,79.3,59.515,322.478,30.419,1.474,152.524,33.346,4.033
3945ee5c-a80b-4b29-8eb8-c11641d52c05,2026-04-25T17:12:10.931388-04:00,node-01,payments-api,500,True,anomalous,market_aware_v1,79.545,64.82,324.141,28.594,1.513,162.066,15.978,4.229
dbd38aff-7989-499f-b756-6dcea9d409ba,2026-04-25T17:12:10.931820-04:00,node-01,orders-api,503,True,anomalous,market_aware_v1,86.751,58.189,316.163,33.411,1.776,167.296,49.972,4.628
babeb83e-b8bd-44b1-8329-a49a3603820a,2026-04-25T17:12:10.932246-04:00,node-01,checkout-api,500,True,anomalous,market_aware_v1,82.033,61.035,328.077,28.786,1.544,158.755,28.255,4.231
a22e1219-c53f-4fc6-9b5b-63c6c8c365c2,2026-04-25T17:12:10.932699-04:00,node-01,payments-api,500,True,anomalous,market_aware_v1,78.847,65.049,338.284,27.815,1.532,167.519,13.585,4.445
33e7de6c-af5e-42a2-8b42-1e2be82f81af,2026-04-25T17:12:10.933112-04:00,node-01,orders-api,502,True,anomalous,market_aware_v1,80.249,62.025,312.508,32.247,1.376,156.89,50.64,3.908
8c9b1d7e-60ee-4897-9f40-55f0ea6428a4,2026-04-25T17:12:10.933613-04:00,node-01,checkout-api,429,True,anomalous,market_aware_v1,80.916,62.485,335.069,30.811,1.557,161.493,25.557,4.327
29f5f622-fb6d-48a4-9a7b-b37767dc8909,2026-04-25T17:12:10.934068-04:00,node-01,payments-api,429,True,anomalous,market_aware_v1,77.079,63.116,350.837,27.545,1.523,161.819,15.837,4.305
b544092c-1271-4c96-8f17-5af7ba7bfc65,2026-04-25T17:12:10.934510-04:00,node-01,orders-api,500,True,anomalous,market_aware_v1,82.831,59.303,325.319,32.564,1.439,161.389,46.953,4.057
85ab6660-c7bb-4165-a9c7-f94b57464080,2026-04-25T17:12:10.934983-04:00,node-01,checkout-api,500,True,anomalous,market_aware_v1,80.308,59.995,323.677,28.588,1.577,159.337,31.73,4.314
43774025-ebef-41ab-8772-4a0eff91eb06,2026-04-25T17:12:10.935417-04:00,node-01,payments-api,500,True,anomalous,market_aware_v1,73.222,61.776,337.553,23.557,1.417,155.682,18.067,3.998
eba1495d-69b8-48a4-ade2-81fa4f5b68ba,2026-04-25T17:12:10.935862-04:00,node-01,orders-api,503,True,anomalous,market_aware_v1,84.789,57.742,316.209,31.859,1.694,159.98,52.285,4.436
be540a0a-68d3-434e-91e7-7e9321e8abde,2026-04-25T17:12:10.936490-04:00,node-01,checkout-api,502,True,anomalous,market_aware_v1,74.018,60.2,321.701,28.517,1.658,156.899,26.906,4.332
68831c39-ec2b-4954-9269-6b1bed532eb5,2026-04-25T17:12:10.936946-04:00,node-01,payments-api,502,True,anomalous,market_aware_v1,71.292,61.877,329.364,25.91,1.453,149.459,17.744,3.852
50e7eaa5-40f0-4174-a107-0591b95b95b1,2026-04-25T17:12:10.937425-04:00,node-01,orders-api,429,True,anomalous,market_aware_v1,83.018,57.109,320.211,31.477,1.701,158.218,41.997,4.363
ffa71dbd-21a4-4c12-adca-7224c8ee529e,2026-04-25T17:12:10.937894-04:00,node-01,checkout-api,503,True,anomalous,market_aware_v1,75.852,56.441,327.501,28.817,1.572,160.128,16.927,4.382
568ba980-669a-49db-ba5d-36df936ddd30,2026-04-25T17:12:10.938423-04:00,node-01,payments-api,500,True,anomalous,market_aware_v1,72.799,61.106,329.408,27.373,1.496,162.225,13.126,4.179
fe23bb6b-a33e-40c3-85ad-f2dbd067b391,2026-04-25T17:12:10.938918-04:00,node-01,orders-api,503,True,anomalous,market_aware_v1,76.995,55.838,308.44,29.795,1.344,159.148,41.471,3.966
f9e81758-9acd-418e-92e2-ce1df9546673,2026-04-25T17:12:10.939411-04:00,node-01,checkout-api,502,True,anomalous,market_aware_v1,77.946,59.915,336.755,28.813,1.709,164.836,31.606,4.678
4638b510-6e44-4cd5-bd75-15a297cfdce9,2026-04-25T17:12:10.940676-04:00,node-01,payments-api,502,True,anomalous,market_aware_v1,75.096,60.636,333.338,25.578,1.412,158.897,14.356,4.084
48107a33-e71c-4335-97e8-fe8b6e5a643a,2026-04-25T17:12:10.941151-04:00,node-01,orders-api,429,True,anomalous,market_aware_v1,81.533,58.339,303.704,28.179,1.494,158.288,50.778,4.028
7c07c952-c04b-4ade-8c83-321ed83cbc47,2026-04-25T17:12:10.941594-04:00,node-01,checkout-api,500,True,anomalous,market_aware_v1,76.253,57.921,325.519,26.779,1.539,158.733,27.231,4.176
42033cd9-5352-4f71-832a-26afec4a8c49,2026-04-25T17:12:10.942032-04:00,node-01,payments-api,502,True,anomalous,market_aware_v1,71.128,61.958,331.65,22.779,1.52,161.014,14.03,4.339
de0eaf2e-e2fc-4ac2-a9a9-c80d9586d56e,2026-04-25T17:12:10.942480-04:00,node-01,orders-api,502,True,anomalous,market_aware_v1,85.878,56.596,324.763,31.426,1.636,172.571,46.144,4.822
accd488a-ce25-4153-a7f9-b9997edf3ae7,2026-04-25T17:12:10.942923-04:00,node-01,checkout-api,502,True,anomalous,market_aware_v1,85.548,64.26,338.371,29.014,1.889,155.811,25.473,4.712
a358d500-8e59-49fa-a6fc-71b3858f9183,2026-04-25T17:12:10.943396-04:00,node-01,payments-api,429,True,anomalous,market_aware_v1,71.149,63.195,324.177,26.756,1.485,156.422,16.969,4.169
891e3dac-5782-4ffc-94d5-d81ca442a3a4,2026-04-25T17:12:10.943856-04:00,node-01,orders-api,500,True,anomalous,market_aware_v1,83.219,55.796,313.101,29.696,1.404,160.024,54.876,4.037
d7154b82-6b29-4715-8c2b-4345374da498,2026-04-25T17:12:10.944279-04:00,node-01,checkout-api,500,True,anomalous,market_aware_v1,77.706,62.971,318.853,26.305,1.548,157.229,30.954,4.284
b1e1ae84-8fcb-4939-a8d7-0966b4cff6a8,2026-04-25T17:12:10.944719-04:00,node-01,payments-api,503,True,anomalous,market_aware_v1,78.369,65.959,344.742,26.531,1.537,159.44,19.656,4.182
1a83f038-8065-40df-b974-65c27a747c40,2026-04-25T17:12:10.945147-04:00,node-01,orders-api,502,True,anomalous,market_aware_v1,82.319,57.549,296.915,33.421,1.296,148.521,55.986,3.581
4b3cd3b5-7995-4474-b0eb-8b9b20c30328,2026-04-25T17:12:10.945584-04:00,node-01,checkout-api,503,True,anomalous,market_aware_v1,80.41,62.845,319.167,28.217,1.594,155.359,33.33,4.185
c3105c7b-b611-4664-965c-8ff7410d99ae,2026-04-25T17:12:10.946032-04:00,node-01,payments-api,429,True,anomalous,market_aware_v1,79.852,66.307,343.328,31.003,1.458,162.125,20.483,4.332
8b7ee950-247a-46e9-bec3-361b8194c323,2026-04-25T17:12:10.946495-04:00,node-01,orders-api,502,True,anomalous,market_aware_v1,87.544,58.745,318.74,31.409,1.466,160.768,60.219,3.974
d24a915c-8d96-4dce-891d-7c520ed62210,2026-04-25T17:12:10.946964-04:00,node-01,checkout-api,500,True,anomalous,market_aware_v1,83.187,63.489,322.721,30.115,1.519,162.752,36.839,4.246
aef0cd57-503f-44d7-8dcb-b4ea0d71c5fd,2026-04-25T17:12:10.947416-04:00,node-01,payments-api,429,True,anomalous,market_aware_v1,80.941,65.662,346.473,30.326,1.613,164.001,28.985,4.635
c4b679a9-9dd3-4cbd-a682-af8ff77f9ebb,2026-04-25T17:12:10.947870-04:00,node-01,orders-api,500,True,anomalous,market_aware_v1,82.821,60.922,295.521,30.735,1.384,151.885,66.243,3.944
83df9d23-21ba-40ba-9d92-d5017ab8280a,2026-04-25T17:12:10.948316-04:00,node-01,checkout-api,429,True,anomalous,market_aware_v1,83.176,64.966,307.823,31.929,1.438,146.571,45.048,3.8
a919bdce-2e00-4054-a5a1-39c92344b566,2026-04-25T17:12:10.948781-04:00,node-01,payments-api,500,True,anomalous,market_aware_v1,85.192,64.788,363.58,25.933,1.68,172.708,20.528,5.023
a693dc3f-2360-4452-a23c-47bd856442f4,2026-04-25T17:12:10.949255-04:00,node-01,orders-api,503,True,anomalous,market_aware_v1,82.824,61.203,311.242,30.87,1.389,160.062,53.967,3.86
9bafd2d1-dfde-4430-945a-154bd8381396,2026-04-25T17:12:10.949718-04:00,node-01,checkout-api,502,True,anomalous,market_aware_v1,86.316,64.124,331.624,31.675,1.618,169.615,32.084,4.517
7593e369-46e5-47f4-bf7b-6535222436b3,2026-04-25T17:12:10.950167-04:00,node-01,payments-api,502,True,anomalous,market_aware_v1,79.579,65.252,336.172,28.367,1.397,156.884,23.087,4.032
bf2cae56-8980-47e6-9231-c7838e54befd,2026-04-25T17:12:10.950669-04:00,node-01,orders-api,429,True,anomalous,market_aware_v1,88.015,60.788,317.291,31.598,1.415,160.253,57.308,3.949
fec668da-2a03-441b-81a7-04fe826102b5,2026-04-25T17:12:10.951156-04:00,node-01,checkout-api,429,True,anomalous,market_aware_v1,82.66,66.983,341.181,29.375,1.743,167.499,32.46,4.628
13312f16-e3f2-4ff2-a5be-761deb050c83,2026-04-25T17:12:10.951638-04:00,node-01,payments-api,429,True,anomalous,market_aware_v1,77.815,61.97,332.511,27.069,1.421,155.941,22.433,4.142
11c0d9a2-9959-4300-af8d-21379be98e89,2026-04-25T17:12:10.952102-04:00,node-01,orders-api,503,True,anomalous,market_aware_v1,82.153,57.983,288.211,28.394,1.296,152.228,56.085,3.775
e9e85809-b776-4c47-a352-c5f58f32b83c,2026-04-25T17:12:10.952569-04:00,node-01,checkout-api,502,True,anomalous,market_aware_v1,83.871,64.177,311.569,28.804,1.489,150.459,42.26,4.106
8af98bf9-d37c-4feb-a2f6-071d4cc8cc9e,2026-04-25T17:12:10.953067-04:00,node-01,payments-api,500,True,anomalous,market_aware_v1,78.369,64.05,341.209,27.001,1.518,160.917,11.554,4.25
1d03d130-f24d-4a89-8948-16eb6ec6bfdc,2026-04-25T17:12:10.953546-04:00,node-01,orders-api,429,True,anomalous,market_aware_v1,78.785,59.192,304.485,30.126,1.367,152.295,52.54,3.934
e21bfd82-41bd-4022-838d-f7706860007d,2026-04-25T17:12:10.954022-04:00,node-01,checkout-api,429,True,anomalous,market_aware_v1,81.833,59.82,321.553,26.292,1.523,153.037,26.56,4.049
ea93270a-9980-42c4-9ae4-2b5c4dc814b5,2026-04-25T17:12:10.954501-04:00,node-01,payments-api,429,True,anomalous,market_aware_v1,70.983,60.476,326.937,27.442,1.498,158.256,13.141,4.266
35084757-b2d8-409f-b90d-ba7a0ea5078e,2026-04-25T17:12:10.954982-04:00,node-01,orders-api,500,True,anomalous,market_aware_v1,78.75,57.323,296.986,31.167,1.367,152.826,46.713,3.786
438d25c8-eed4-4180-8321-c7b799d5f27b,2026-04-25T17:12:10.955586-04:00,node-01,checkout-api,503,True,anomalous,market_aware_v1,78.709,61.779,342.996,27.763,1.983,164.264,16.007,5.059
6571d78b-e976-44ee-b891-7ad08627039b,2026-04-25T17:12:10.956027-04:00,node-01,payments-api,429,True,anomalous,market_aware_v1,70.467,59.992,324.59,27.163,1.519,156.972,16.591,4.264
de11c5b3-2050-4197-ac78-c48e4ff59855,2026-04-25T17:12:10.956434-04:00,node-01,orders-api,502,True,anomalous,market_aware_v1,77.525,56.198,315.919,30.31,1.336,159.0,42.562,4.055
0b152b9b-6882-4cfd-843c-26fafda74385,2026-04-25T17:12:10.956951-04:00,node-01,checkout-api,503,True,anomalous,market_aware_v1,74.467,57.167,339.133,25.755,1.636,165.079,22.787,4.577
091f77b6-488a-4e53-ade3-724d559adc9e,2026-04-25T17:12:10.957404-04:00,node-01,payments-api,429,True,anomalous,market_aware_v1,68.456,56.979,314.074,25.828,1.408,153.302,15.437,3.945
e4309c18-09c3-46bc-b6f2-5029eb4bc4cb,2026-04-25T17:12:10.957816-04:00,node-01,orders-api,502,True,anomalous,market_aware_v1,79.41,54.2,305.312,29.381,1.374,153.93,48.958,3.977
81869524-4363-40f1-8d06-78c268a9b3b9,2026-04-25T17:12:10.958230-04:00,node-01,checkout-api,500,True,anomalous,market_aware_v1,72.783,54.81,289.017,26.188,1.425,146.54,28.916,3.753
457512b4-11db-49e7-9f46-6cca55fff76a,2026-04-25T17:12:10.958680-04:00,node-01,payments-api,502,True,anomalous,market_aware_v1,69.47,59.442,327.979,22.527,1.456,156.439,9.97,4.049
2afcc585-3851-4634-a643-64fa5be61bf6,2026-04-25T17:12:10.959121-04:00,node-01,orders-api,502,True,anomalous,market_aware_v1,74.582,54.621,276.924,28.194,1.246,141.619,50.948,3.438
bc72587e-bc8d-48fe-a2b2-c87a24bff1a3,2026-04-25T17:12:10.959538-04:00,node-01,checkout-api,500,True,anomalous,market_aware_v1,72.896,59.202,322.804,29.374,1.457,154.688,25.907,3.952
d1e13210-412e-4c97-94da-90c43e2768aa,2026-04-25T17:12:10.959999-04:00,node-01,payments-api,502,True,anomalous,market_aware_v1,74.942,58.683,348.736,24.708,1.59,168.627,2.382,4.467
429933ea-86fa-4ae7-991d-908c4c8a0eac,2026-04-25T17:12:10.960415-04:00,node-01,orders-api,429,True,anomalous,market_aware_v1,75.891,53.977,311.63,29.916,1.449,160.051,41.725,4.002
5dd55b7b-4847-4032-90f2-b121318314c8,2026-04-25T17:12:10.960864-04:00,node-01,checkout-api,502,True,anomalous,market_aware_v1,75.033,57.741,314.541,28.195,1.531,156.015,19.474,4.135
d1f6f645-fa5c-4d80-abc7-7b1631cf4028,2026-04-25T17:12:10.961304-04:00,node-01,payments-api,502,True,anomalous,market_aware_v1,75.688,59.024,353.446,23.615,1.57,166.77,9.741,4.423
db1fa37c-c481-4a44-a449-ac151768fbd5,2026-04-25T17:12:10.961733-04:00,node-01,orders-api,503,True,anomalous,market_aware_v1,77.383,55.897,299.408,31.826,1.641,155.353,42.191,4.223
0549b672-e27b-4fbb-96ec-b0bb93db9e39,2026-04-25T17:12:10.962163-04:00,node-01,checkout-api,429,True,anomalous,market_aware_v1,73.326,59.885,317.562,27.06,1.58,160.688,28.744,4.294
dc54b7c2-aeea-425a-91f1-6b912bf60d81,2026-04-25T17:12:10.962607-04:00,node-01,payments-api,500,True,anomalous,market_aware_v1,76.85,62.718,343.502,25.145,1.452,156.706,13.327,4.092
bf26138e-2f00-4359-8929-35164181aaf4,2026-04-25T17:12:10.963036-04:00,node-01,orders-api,502,True,anomalous,market_aware_v1,80.653,57.346,308.029,30.303,1.312,152.475,58.726,3.831
80dd8c43-aac4-4a9f-80c9-b8e09e78192c,2026-04-25T17:12:10.963469-04:00,node-01,checkout-api,500,True,anomalous,market_aware_v1,81.154,58.008,323.714,30.761,1.864,164.794,23.644,4.783
30105ed0-ba13-4f5b-bd87-9ffc346c92a5,2026-04-25T17:12:10.963909-04:00,node-01,payments-api,500,True,anomalous,market_aware_v1,76.92,62.717,336.102,27.737,1.561,159.182,18.216,4.247
5ba80b9d-d654-4acd-9cb5-081c0eeb4df2,2026-04-25T17:12:10.964315-04:00,node-01,orders-api,503,True,anomalous,market_aware_v1,83.418,60.982,318.472,30.924,1.44,159.166,45.49,4.065
216e84b0-db19-4c50-9531-b9cabd48eed2,2026-04-25T17:12:10.964758-04:00,node-01,checkout-api,503,True,anomalous,market_aware_v1,79.455,59.963,332.642,29.781,1.571,163.066,25.365,4.297
05eeebea-f4fd-4925-8ac4-f43ad09dad85,2026-04-25T17:12:10.965519-04:00,node-01,payments-api,502,True,anomalous,market_aware_v1,77.899,63.902,341.351,28.359,1.505,167.156,14.354,4.336
a4f58134-10f0-4c98-8fe2-ef31a0df30bf,2026-04-25T17:12:10.965953-04:00,node-01,orders-api,500,True,anomalous,market_aware_v1,87.76,61.137,319.397,33.549,1.694,159.326,53.104,4.546
9bfbd9ad-ba2e-4074-92d4-1ce90ceb71c2,2026-04-25T17:12:10.966404-04:00,node-01,checkout-api,503,True,anomalous,market_aware_v1,80.479,65.654,331.372,29.515,1.63,156.518,29.048,4.217
87fd4d15-da13-4274-9ebc-3065eb2fad87,2026-04-25T17:12:10.966853-04:00,node-01,payments-api,502,True,anomalous,market_aware_v1,77.031,64.639,344.446,21.848,1.439,160.186,20.579,4.159
26cb35f6-6e26-4d8e-943f-5ca49868c3fb,2026-04-25T17:12:10.967338-04:00,node-01,orders-api,500,True,anomalous,market_aware_v1,82.811,58.714,303.066,30.702,1.422,151.195,60.063,3.864
db516c90-bf65-40de-b04e-ab8937cac1e7,2026-04-25T17:12:10.967821-04:00,node-01,checkout-api,500,True,anomalous,market_aware_v1,79.802,60.899,334.386,28.983,1.647,163.45,33.716,4.346
2af4ff1e-75a1-4865-b075-4ff3d396b6d6,2026-04-25T17:12:10.968283-04:00,node-01,payments-api,502,True,anomalous,market_aware_v1,73.788,63.199,321.021,26.319,1.455,160.975,23.861,4.207
ceccdc29-70d4-4f5c-98e4-43ffe72be010,2026-04-25T17:12:10.968728-04:00,node-01,orders-api,503,True,anomalous,market_aware_v1,90.238,59.415,324.51,31.204,1.686,166.137,46.846,4.528
c1acf3f3-a038-4d22-ac35-10f5563fd8f5,2026-04-25T17:12:10.969171-04:00,node-01,checkout-api,429,True,anomalous,market_aware_v1,79.596,62.615,317.145,30.747,1.579,159.05,24.792,4.212
02dc52a5-7b5a-41a4-a84e-7b32613bf680,2026-04-25T17:12:10.969608-04:00,node-01,payments-api,503,True,anomalous,market_aware_v1,74.489,64.515,342.126,27.52,1.779,165.804,9.948,4.627
778c098c-f2f7-4d64-b91f-3504c33de15a,2026-04-25T17:12:10.970048-04:00,node-01,orders-api,429,True,anomalous,market_aware_v1,79.821,57.444,308.258,31.715,1.44,156.074,54.219,4.091
71c9df92-919a-4e22-be49-48e8588a3b2b,2026-04-25T17:12:10.970500-04:00,node-01,checkout-api,502,True,anomalous,market_aware_v1,76.368,60.99,320.765,27.038,1.607,158.629,29.697,4.284
13bf30be-7017-46b1-966e-8cfaf715978e,2026-04-25T17:12:10.970951-04:00,node-01,payments-api,503,True,anomalous,market_aware_v1,79.175,66.042,356.166,28.259,1.764,165.647,11.57,4.666
15698868-1dd9-489f-95a2-c1e44cd4a1cc,2026-04-25T17:12:10.971393-04:00,node-01,orders-api,429,True,anomalous,market_aware_v1,81.955,56.595,323.964,31.306,1.597,164.434,39.965,4.578
cc7c2a8c-ff33-4840-990c-bc1d889c1c47,2026-04-25T17:12:10.971883-04:00,node-01,checkout-api,502,True,anomalous,market_aware_v1,76.435,64.065,311.574,29.091,1.447,155.78,36.405,4.083
dfc000f9-26f7-4afd-a6b5-6c3513ac877c,2026-04-25T17:12:10.972348-04:00,node-01,payments-api,503,True,anomalous,market_aware_v1,71.744,60.345,301.888,25.192,1.398,147.651,19.299,3.812
41ba339e-9d77-4537-b563-44774d877cad,2026-04-25T17:12:10.972826-04:00,node-01,orders-api,503,True,anomalous,market_aware_v1,79.1,55.896,312.086,31.067,1.314,154.769,49.11,3.864
9887e8fc-e667-4c77-82d2-d001dcb0960b,2026-04-25T17:12:10.973305-04:00,node-01,checkout-api,502,True,anomalous,market_aware_v1,81.975,61.148,338.642,27.802,1.66,165.315,25.6,4.489
cea2bbc2-2bf8-470e-bfb4-c4368d24a85e,2026-04-25T17:12:10.973785-04:00,node-01,payments-api,500,True,anomalous,market_aware_v1,75.721,62.56,361.193,25.698,1.922,167.44,9.214,4.857
490397e6-477c-4e72-b782-c7002448091b,2026-04-25T17:12:10.974233-04:00,node-01,orders-api,502,True,anomalous,market_aware_v1,79.368,57.34,301.987,32.432,1.341,150.82,48.256,3.704
696488d0-0879-4006-928a-0ac890082444,2026-04-25T17:12:10.974704-04:00,node-01,checkout-api,500,True,anomalous,market_aware_v1,75.473,59.168,316.237,28.296,1.568,159.335,26.782,4.215
095c5ca9-82b3-46fc-b569-f46c2a332d40,2026-04-25T17:12:10.975171-04:00,node-01,payments-api,429,True,anomalous,market_aware_v1,71.357,62.436,320.022,24.979,1.435,157.503,16.823,4.132
199a1e60-8f54-4d65-a2a3-0d93a1d7e016,2026-04-25T17:12:10.975647-04:00,node-01,orders-api,502,True,anomalous,market_aware_v1,76.725,53.233,309.708,28.735,1.513,162.941,42.44,4.218
665fee52-e3d3-4443-9f1d-a6d05497f522,2026-04-25T17:12:10.976103-04:00,node-01,checkout-api,429,True,anomalous,market_aware_v1,78.48,59.951,318.801,27.588,1.507,154.166,25.135,4.114
e6600f87-a07e-49b2-bfed-1fd754330ff3,2026-04-25T17:12:10.976550-04:00,node-01,payments-api,500,True,anomalous,market_aware_v1,81.476,62.402,364.841,27.8,1.946,176.562,0.868,5.09
34f68bdb-5e1c-4cb3-b165-af26bdb6fd13,2026-04-25T17:12:10.976993-04:00,node-01,orders-api,503,True,anomalous,market_aware_v1,82.955,55.979,304.61,30.753,1.361,157.047,53.904,4.044
616f354d-77dd-4c82-934d-b29aebddae01,2026-04-25T17:12:10.977413-04:00,node-01,checkout-api,500,True,anomalous,market_aware_v1,80.056,61.302,332.425,27.386,1.6,158.318,29.78,4.428
1a6b4448-41d0-4e99-bbc5-f52b5d20d29b,2026-04-25T17:12:10.977853-04:00,node-01,payments-api,503,True,anomalous,market_aware_v1,76.718,58.9,330.332,27.51,1.403,156.518,19.465,4.1
435022c1-0c8b-4193-ad01-fd604ada4446,2026-04-25T17:12:10.978269-04:00,node-01,orders-api,503,True,anomalous,market_aware_v1,82.824,60.862,310.618,32.188,1.315,159.643,56.504,3.844
f706736f-847f-47c3-b82c-4abae5d63225,2026-04-25T17:12:10.978682-04:00,node-01,checkout-api,500,True,anomalous,market_aware_v1,82.654,64.887,339.114,28.813,1.491,159.075,32.11,4.226
6e0e859c-6297-4f00-b6d5-f0a28c683469,2026-04-25T17:12:10.979091-04:00,node-01,payments-api,429,True,anomalous,market_aware_v1,78.669,63.21,332.864,26.71,1.538,156.644,23.13,4.146
bdfc431c-0021-48e6-a500-e77f7d4ca8a1,2026-04-25T17:12:10.979517-04:00,node-01,orders-api,503,True,anomalous,market_aware_v1,82.027,59.495,304.829,30.285,1.382,154.763,57.807,3.915
d714b9ce-4001-4ee3-b5f6-0bd44313f472,2026-04-25T17:12:10.979922-04:00,node-01,checkout-api,503,True,anomalous,market_aware_v1,79.27,65.858,318.437,28.581,1.493,154.956,32.464,4.0
a1cfd955-b3ad-4621-9997-ff46ec292ff0,2026-04-25T17:12:10.980369-04:00,node-01,payments-api,429,True,anomalous,market_aware_v1,79.354,67.059,352.471,25.003,1.638,169.813,18.826,4.48
096e44f7-a164-4745-b7b7-a661d667df0e,2026-04-25T17:12:10.980862-04:00,node-01,orders-api,503,True,anomalous,market_aware_v1,85.05,57.105,319.665,32.657,1.518,166.596,52.463,4.287
62db7d57-f670-4b4e-8767-4b9e31239614,2026-04-25T17:12:10.981325-04:00,node-01,checkout-api,429,True,anomalous,market_aware_v1,84.071,64.104,323.839,30.841,1.588,161.212,38.618,4.422
ebca1526-a5ed-4e70-9084-eaa9bb59151d,2026-04-25T17:12:10.981766-04:00,node-01,payments-api,500,True,anomalous,market_aware_v1,80.309,66.466,354.064,28.9,1.663,171.913,18.915,4.649
e3481ebd-21c0-4bcd-8504-4e9650732eaf,2026-04-25T17:12:10.982187-04:00,node-01,orders-api,502,True,anomalous,market_aware_v1,88.489,58.692,316.554,32.192,1.514,164.371,57.503,4.101
045912dc-7ac9-496d-b2de-43c660788f7d,2026-04-25T17:12:10.982666-04:00,node-01,checkout-api,503,True,anomalous,market_aware_v1,85.743,64.644,344.646,31.939,1.596,167.303,31.742,4.633
db83ca3c-fb89-4878-b9eb-ca1352546ff3,2026-04-25T17:12:10.983118-04:00,node-01,payments-api,502,True,anomalous,market_aware_v1,78.901,65.353,337.625,27.191,1.509,161.488,29.138,4.199
edf98a13-5bb2-4fa5-bcec-231931e9e23c,2026-04-25T17:12:10.983551-04:00,node-01,orders-api,429,True,anomalous,market_aware_v1,85.692,61.602,318.743,36.349,1.416,165.428,56.067,4.091
eaa82053-9229-4efc-951f-3ed5afed4781,2026-04-25T17:12:10.983974-04:00,node-01,checkout-api,502,True,anomalous,market_aware_v1,84.543,63.283,325.899,30.91,1.587,156.688,35.235,4.118
5c115f36-6803-4e66-8289-76f9bf227812,2026-04-25T17:12:10.984416-04:00,node-01,payments-api,502,True,anomalous,market_aware_v1,80.242,66.336,341.905,28.622,1.518,166.859,21.459,4.407
53951068-d62e-43a0-851b-d72cc4138757,2026-04-25T17:12:10.984872-04:00,node-01,orders-api,429,True,anomalous,market_aware_v1,84.468,62.841,317.132,31.369,1.455,166.553,52.233,4.218
105e9e6a-7fb9-4420-a8ad-21c98c72b92f,2026-04-25T17:12:10.985268-04:00,node-01,checkout-api,502,True,anomalous,market_aware_v1,87.002,62.567,343.83,27.801,1.586,169.109,35.428,4.5
e3967da6-5b36-43d8-afd4-da61712faa30,2026-04-25T17:12:10.985701-04:00,node-01,payments-api,500,True,anomalous,market_aware_v1,78.363,62.971,339.515,29.945,1.572,163.34,19.237,4.339
d729b5fd-9640-4322-b90a-345314e79a5a,2026-04-25T17:12:10.986128-04:00,node-01,orders-api,500,True,anomalous,market_aware_v1,87.549,57.958,314.499,32.744,1.465,161.629,52.638,4.115
0cf95d48-ec0b-45d4-8e57-9d6e87f879e3,2026-04-25T17:12:10.986554-04:00,node-01,checkout-api,503,True,anomalous,market_aware_v1,81.196,62.113,332.644,27.001,1.557,159.617,26.521,4.185
97781f60-101e-40d1-bed3-48589acaab25,2026-04-25T17:12:10.986971-04:00,node-01,payments-api,503,True,anomalous,market_aware_v1,78.256,61.647,334.91,24.268,1.444,160.868,15.8,4.091
b281e9d6-2057-4232-b60d-15b5b5266443,2026-04-25T17:12:10.987388-04:00,node-01,orders-api,502,True,anomalous,market_aware_v1,82.336,60.45,306.118,30.954,1.338,153.781,56.031,3.888
212d9ee1-e748-41cd-a366-3278face6328,2026-04-25T17:12:10.987830-04:00,node-01,checkout-api,502,True,anomalous,market_aware_v1,79.427,60.217,317.977,29.881,1.566,152.818,35.564,4.225
8017c4d9-1595-419c-8998-4d665cae7ee0,2026-04-25T17:12:10.988264-04:00,node-01,payments-api,500,True,anomalous,market_aware_v1,74.977,62.883,336.184,27.699,1.495,161.861,9.539,4.291
8202c6ff-635d-4b71-8d2f-3e81791850f4,2026-04-25T17:12:10.988735-04:00,node-01,orders-api,503,True,anomalous,market_aware_v1,80.997,54.565,307.643,32.461,1.37,158.163,48.323,4.043
6d913625-e647-4c7f-a3ca-7b0bdaeb08c8,2026-04-25T17:12:10.989206-04:00,node-01,checkout-api,502,True,anomalous,market_aware_v1,78.549,59.61,324.278,28.801,1.913,163.299,17.806,4.87
481f0d47-e052-40bd-bddf-5e4db1562f7c,2026-04-25T17:12:10.989651-04:00,node-01,payments-api,503,True,anomalous,market_aware_v1,68.451,60.611,333.664,23.065,1.488,160.261,7.092,4.187
8dc5629e-2a22-482f-a1f6-10dac4db53e6,2026-04-25T17:12:10.990079-04:00,node-01,orders-api,503,True,anomalous,market_aware_v1,77.263,56.48,313.618,26.859,1.458,161.471,46.403,4.181
72b60fc1-9825-4be6-8e8e-419d0431b1e9,2026-04-25T17:12:10.990519-04:00,node-01,checkout-api,503,True,anomalous,market_aware_v1,71.761,60.902,322.546,26.979,1.604,160.392,22.923,4.248
1934e8a8-8753-4dce-8556-5abb77f64bb6,2026-04-25T17:12:10.990957-04:00,node-01,payments-api,503,True,anomalous,market_aware_v1,71.741,57.691,345.426,25.184,1.423,163.138,6.552,4.265
f2094e3c-e4f5-4d17-bf97-217c3456d163,2026-04-25T17:12:10.991428-04:00,node-01,orders-api,429,True,anomalous,market_aware_v1,77.768,53.017,326.43,29.835,1.379,165.52,40.483,4.094
342d261e-e49e-4d41-8dc6-1527376a2718,2026-04-25T17:12:10.991924-04:00,node-01,checkout-api,500,True,anomalous,market_aware_v1,71.058,56.764,313.827,27.422,1.524,158.664,25.125,4.13
ce07a6a8-366f-4e4b-95c0-63faf3debb3e,2026-04-25T17:12:10.992372-04:00,node-01,payments-api,503,True,anomalous,market_aware_v1,70.526,64.638,330.763,26.25,1.471,159.723,7.218,4.291
d04b4938-f5e0-4d81-a4f8-81b6de8560ac,2026-04-25T17:12:10.992822-04:00,node-01,orders-api,429,True,anomalous,market_aware_v1,78.421,53.097,306.542,28.492,1.374,156.659,45.444,3.894
7cf38836-fb2a-4dbb-ae83-b012463ba4fc,2026-04-25T17:12:10.993258-04:00,node-01,checkout-api,502,True,anomalous,market_aware_v1,77.255,53.676,323.233,26.601,1.53,157.051,23.025,4.275
a333227a-9819-4e12-9d9e-6ad5a10d9ca9,2026-04-25T17:12:10.993760-04:00,node-01,payments-api,500,True,anomalous,market_aware_v1,76.086,59.217,354.645,26.71,1.852,168.321,3.621,4.845
6972b6b5-0389-4a90-a1ec-04a5abc1fea3,2026-04-25T17:12:10.994220-04:00,node-01,orders-api,503,True,anomalous,market_aware_v1,77.067,55.594,298.483,30.239,1.35,148.376,47.622,3.639
728dee5f-f91c-449b-83c0-3805b63e0e01,2026-04-25T17:12:10.994690-04:00,node-01,checkout-api,502,True,anomalous,market_aware_v1,76.115,58.287,327.732,28.835,1.602,162.503,22.245,4.321
c723d4c0-6eda-41c7-9ec2-5604692015ee,2026-04-25T17:12:10.995175-04:00,node-01,payments-api,503,True,anomalous,market_aware_v1,70.018,60.182,335.218,22.713,1.469,153.1,18.764,4.052
c7e80fd4-0ca8-4955-941c-2f3b9a203e9a,2026-04-25T17:12:10.995651-04:00,node-01,orders-api,502,True,anomalous,market_aware_v1,77.967,56.675,303.356,27.799,1.369,152.279,52.665,3.935
fd30985e-f2b8-4e53-9dbb-808fd81b2a68,2026-04-25T17:12:10.996119-04:00,node-01,checkout-api,429,True,anomalous,market_aware_v1,82.218,58.561,333.453,29.728,1.532,158.35,24.391,4.07
ce186800-9214-4785-a2df-da5a78af2c10,2026-04-25T17:12:10.996558-04:00,node-01,payments-api,429,True,anomalous,market_aware_v1,72.603,62.497,347.47,24.377,1.765,168.974,11.791,4.802
13edb25f-efd7-4662-b43a-30b13f52f5ba,2026-04-25T17:12:10.996980-04:00,node-01,orders-api,503,True,anomalous,market_aware_v1,85.743,55.894,331.231,31.283,1.48,166.665,45.075,4.243
8b2a20f2-201e-4a70-a7f5-a7747ea05265,2026-04-25T17:12:10.997437-04:00,node-01,checkout-api,429,True,anomalous,market_aware_v1,82.677,60.069,315.799,29.065,1.525,156.163,23.723,4.155
3771faa9-eac6-487e-9222-d9f41fe2d511,2026-04-25T17:12:10.998600-04:00,node-01,payments-api,502,True,anomalous,market_aware_v1,78.424,61.058,349.922,25.051,1.56,164.67,18.818,4.25
8c80cc42-9b42-463d-b81f-93b7a690b1bf,2026-04-25T17:12:10.999062-04:00,node-01,orders-api,502,True,anomalous,market_aware_v1,81.346,60.005,303.773,30.117,1.509,165.62,55.178,4.249
42cd3ccf-90d5-40da-aa05-cd7fdc94c456,2026-04-25T17:12:10.999542-04:00,node-01,checkout-api,429,True,anomalous,market_aware_v1,76.716,60.612,317.011,31.514,1.499,152.841,33.33,4.083
fd9feedf-984c-4b4a-a65a-ec42fb896f7b,2026-04-25T17:12:10.999957-04:00,node-01,payments-api,502,True,anomalous,market_aware_v1,81.678,65.193,348.562,25.503,1.532,166.381,16.495,4.424
d29524ca-6d40-4a01-afc0-e125173ab9ba,2026-04-25T17:12:11.000398-04:00,node-01,orders-api,502,True,anomalous,market_aware_v1,84.595,61.407,317.02,29.377,1.422,158.963,51.027,3.952
499f74af-874d-42b2-ac3b-b23a3516d004,2026-04-25T17:12:11.000831-04:00,node-01,checkout-api,502,True,anomalous,market_aware_v1,87.227,61.802,342.953,29.321,1.563,166.708,28.319,4.307
22d55bd3-fd1f-4b40-b45a-d20a16d2aa9e,2026-04-25T17:12:11.001288-04:00,node-01,payments-api,500,True,anomalous,market_aware_v1,78.715,63.514,343.953,28.842,1.388,159.669,19.737,4.137
1bd1b278-9de1-4046-af9e-241e083ea925,2026-04-25T17:12:11.001733-04:00,node-01,orders-api,502,True,anomalous,market_aware_v1,85.004,56.589,325.484,32.089,1.549,166.256,50.513,4.137
9a8ef47f-3327-450e-af60-17dd456d93a8,2026-04-25T17:12:11.002156-04:00,node-01,checkout-api,503,True,anomalous,market_aware_v1,81.548,62.253,328.711,32.272,1.645,162.618,29.802,4.329
86325172-705f-44f3-823e-dfaa4e6178cc,2026-04-25T17:12:11.002659-04:00,node-01,payments-api,429,True,anomalous,market_aware_v1,81.539,62.808,350.975,26.049,1.698,166.015,16.662,4.575
6fb709f7-a13c-4376-9959-fcdfb5bb82b6,2026-04-25T17:12:11.003090-04:00,node-01,orders-api,503,True,anomalous,market_aware_v1,85.154,60.777,317.564,32.923,1.419,161.044,55.459,4.102
747fb30d-a12b-4a81-bc4b-33a7bbde851e,2026-04-25T17:12:11.003521-04:00,node-01,checkout-api,503,True,anomalous,market_aware_v1,82.841,59.906,335.848,30.997,1.565,165.593,28.783,4.32
412afb54-117b-4a08-b0a9-52e6f6d154c4,2026-04-25T17:12:11.003922-04:00,node-01,payments-api,503,True,anomalous,market_aware_v1,76.722,65.775,341.732,25.511,1.485,164.068,12.975,4.289
0742d118-3966-4287-90ba-5227395cf411,2026-04-25T17:12:11.004337-04:00,node-01,orders-api,502,True,anomalous,market_aware_v1,84.745,60.091,313.013,30.919,1.461,156.482,55.779,3.981
a75b250c-3d1e-4135-bc64-b964d175ecb2,2026-04-25T17:12:11.004832-04:00,node-01,checkout-api,503,True,anomalous,market_aware_v1,80.763,60.404,328.567,31.036,1.64,159.156,30.652,4.355
73564cb0-6e5e-400d-915f-608087dfe19d,2026-04-25T17:12:11.005328-04:00,node-01,payments-api,503,True,anomalous,market_aware_v1,80.085,66.782,340.532,27.253,1.578,159.813,17.297,4.228
569ef600-d52a-4c50-b33d-0bd4574035ee,2026-04-25T17:12:11.005819-04:00,node-01,orders-api,503,True,anomalous,market_aware_v1,84.231,58.547,318.526,30.892,1.289,157.287,46.992,3.972
6cdedd6e-02a9-43a2-a257-40287f1ef72a,2026-04-25T17:12:11.006272-04:00,node-01,checkout-api,503,True,anomalous,market_aware_v1,80.587,60.853,330.953,28.003,1.627,165.297,24.265,4.371
0e287ffd-b795-4cd3-a3bf-8306681d4ba0,2026-04-25T17:12:11.006758-04:00,node-01,payments-api,429,True,anomalous,market_aware_v1,75.558,62.521,337.756,27.411,1.531,166.602,10.976,4.324
a00602d7-9a64-4612-b1cb-49d8a4e56206,2026-04-25T17:12:11.007644-04:00,node-01,orders-api,502,True,anomalous,market_aware_v1,79.521,55.861,321.198,30.347,1.44,160.687,44.446,4.05
04bdf73a-8494-4c96-ae7a-becf41988a54,2026-04-25T17:12:11.008203-04:00,node-01,checkout-api,502,True,anomalous,market_aware_v1,77.194,60.242,329.399,29.323,1.555,160.322,28.68,4.244
03ba175d-87c5-458d-9176-9b36ed6fd1c0,2026-04-25T17:12:11.008678-04:00,node-01,payments-api,503,True,anomalous,market_aware_v1,68.999,63.71,330.119,24.456,1.437,160.396,8.429,4.166
d7ad0960-edbe-41c4-b158-5976585b9078,2026-04-25T17:12:11.009168-04:00,node-01,orders-api,429,True,anomalous,market_aware_v1,76.824,53.873,296.398,28.716,1.299,148.05,48.734,3.602
afd20e1b-779c-417a-bd7c-7e00f9c09c5c,2026-04-25T17:12:11.009608-04:00,node-01,checkout-api,502,True,anomalous,market_aware_v1,78.571,58.807,342.871,28.282,1.639,160.998,22.701,4.341
b10122ff-6a29-441c-9df1-ee736f4f8eac,2026-04-25T17:12:11.010082-04:00,node-01,payments-api,429,True,anomalous,market_aware_v1,70.768,60.441,331.448,23.517,1.613,165.688,9.414,4.381
9dcd3b7c-fcf4-4dc4-8cd6-dbecb47e4fa3,2026-04-25T17:12:11.010564-04:00,node-01,orders-api,500,True,anomalous,market_aware_v1,79.374,60.878,316.677,29.384,1.383,163.971,47.889,4.051
10464d34-514d-440b-b043-3f47dc9c18cb,2026-04-25T17:12:11.011044-04:00,node-01,checkout-api,500,True,anomalous,market_aware_v1,77.531,61.361,324.673,27.301,1.795,165.491,22.614,4.894
72f089eb-522a-4e7c-863e-d034f6e46ec1,2026-04-25T17:12:11.011513-04:00,node-01,payments-api,500,True,anomalous,market_aware_v1,78.404,60.666,338.395,25.531,1.558,166.467,11.332,4.448
c52c0b61-94fe-4706-8483-b783290d18c9,2026-04-25T17:12:11.011978-04:00,node-01,orders-api,503,True,anomalous,market_aware_v1,83.349,56.804,320.572,31.05,1.383,164.152,52.877,4.063
8cdf7e7b-e1aa-4d2f-b693-ec1c92be7a88,2026-04-25T17:12:11.012421-04:00,node-01,checkout-api,500,True,anomalous,market_aware_v1,79.033,58.371,323.692,29.905,1.505,156.191,35.443,4.183
ef89c5b5-c574-44e3-bc90-18ef8158d72d,2026-04-25T17:12:11.012892-04:00,node-01,payments-api,500,True,anomalous,market_aware_v1,77.067,61.014,352.026,25.009,1.622,169.15,9.535,4.517
ced1da8c-4ccb-4ea1-bd87-4cdfbf1da3ff,2026-04-25T17:12:11.013346-04:00,node-01,orders-api,500,True,anomalous,market_aware_v1,80.406,59.948,297.999,31.242,1.355,154.838,56.294,3.809
ac38b534-7b6f-495c-b46c-4a63b896d92d,2026-04-25T17:12:11.013788-04:00,node-01,checkout-api,503,True,anomalous,market_aware_v1,78.52,61.271,326.313,29.457,1.514,156.48,32.377,4.222
87d66d43-ad06-42c0-b997-280cd7032c87,2026-04-25T17:12:11.014268-04:00,node-01,payments-api,429,True,anomalous,market_aware_v1,78.789,63.877,362.759,27.822,1.784,179.93,11.124,5.098
f3c6ffb0-f236-492e-9ab1-76274e769f51,2026-04-25T17:12:11.014739-04:00,node-01,orders-api,503,True,anomalous,market_aware_v1,80.488,60.603,313.27,31.326,1.438,160.087,58.488,3.985
1d5d9c6e-13ab-49ea-9c98-b2a404ad0518,2026-04-25T17:12:11.015214-04:00,node-01,checkout-api,500,True,anomalous,market_aware_v1,83.666,65.305,330.791,28.679,1.61,164.063,30.743,4.387
10b9624f-c923-4105-9295-2756b47dd539,2026-04-25T17:12:11.015706-04:00,node-01,payments-api,502,True,anomalous,market_aware_v1,75.9,64.753,342.065,26.279,1.492,160.31,23.801,4.226
1d8e44e5-1e41-4380-a1a1-19d0e90c8d32,2026-04-25T17:12:11.016137-04:00,node-01,orders-api,429,True,anomalous,market_aware_v1,91.789,60.899,331.92,32.627,1.419,164.188,52.889,4.145
6cc8eaac-2b0d-4984-b2f3-0cb088b6ab88,2026-04-25T17:12:11.016571-04:00,node-01,checkout-api,503,True,anomalous,market_aware_v1,83.643,65.424,332.391,30.726,1.548,160.3,29.922,4.264
1cec1d8d-6f2c-457a-9075-5ca87f166f2c,2026-04-25T17:12:11.017014-04:00,node-01,payments-api,500,True,anomalous,market_aware_v1,82.583,67.002,350.279,28.001,1.505,168.587,25.616,4.376
4cdce87e-6d1a-4ab0-95d2-cce3ccb5f82c,2026-04-25T17:12:11.017409-04:00,node-01,orders-api,429,True,anomalous,market_aware_v1,91.053,60.111,317.682,32.257,1.388,158.787,59.288,3.915
99e06aaf-bcf8-485e-b141-4303dab7bcfe,2026-04-25T17:12:11.017890-04:00,node-01,checkout-api,429,True,anomalous,market_aware_v1,81.686,67.5,336.889,31.261,1.471,161.389,36.592,4.264
480d9750-d456-4b5d-94fc-e2a1f331302e,2026-04-25T17:12:11.018344-04:00,node-01,payments-api,429,True,anomalous,market_aware_v1,82.784,69.462,361.989,29.452,1.632,174.104,22.383,4.608
d48af08c-4ad5-4c97-aead-217fee668e52,2026-04-25T17:12:11.018810-04:00,node-01,orders-api,429,True,anomalous,market_aware_v1,86.476,59.77,317.886,34.481,1.428,160.267,56.781,4.116
cf5e710c-938a-41e0-917d-89c7e4778e4b,2026-04-25T17:12:11.019295-04:00,node-01,checkout-api,429,True,anomalous,market_aware_v1,86.668,68.695,315.5,30.22,1.603,155.092,42.256,4.168
50cd7819-9985-479b-90d3-51401b97a0a8,2026-04-25T17:12:11.019782-04:00,node-01,payments-api,503,True,anomalous,market_aware_v1,82.681,64.669,343.73,26.939,1.578,170.154,15.454,4.391
1a1bb563-1b9f-4fb0-8f20-071c7a6ee774,2026-04-25T17:12:11.020254-04:00,node-01,orders-api,500,True,anomalous,market_aware_v1,87.645,60.662,321.26,33.778,1.363,164.117,51.903,4.013
bebe6948-57b2-47c1-b5df-033b2087c68e,2026-04-25T17:12:11.020728-04:00,node-01,checkout-api,429,True,anomalous,market_aware_v1,82.701,67.218,334.537,27.023,1.5,157.674,32.42,4.242
2dc59030-3dbe-4b2f-9624-84fb50f27829,2026-04-25T17:12:11.021173-04:00,node-01,payments-api,503,True,anomalous,market_aware_v1,76.544,64.929,334.399,26.67,1.509,164.294,23.886,4.199
830f62be-2999-493e-92ad-39f862b9f4a2,2026-04-25T17:12:11.021633-04:00,node-01,orders-api,502,True,anomalous,market_aware_v1,84.212,60.301,309.538,33.054,1.433,163.682,50.278,4.154
c6a0755e-9568-43db-a43d-f040a7043aca,2026-04-25T17:12:11.022057-04:00,node-01,checkout-api,502,True,anomalous,market_aware_v1,88.63,64.113,363.27,30.854,1.779,176.499,24.968,5.108
eb55cc24-8fa4-4e7c-9102-179e1346a9cd,2026-04-25T17:12:11.022511-04:00,node-01,payments-api,429,True,anomalous,market_aware_v1,76.544,63.634,339.526,26.152,1.482,164.209,17.278,4.232
f8f693fe-0297-4d88-ad2a-a94d6f7c4455,2026-04-25T17:12:11.022939-04:00,node-01,orders-api,500,True,anomalous,market_aware_v1,82.486,58.141,311.342,31.412,1.43,159.534,53.381,3.993
728163af-3d36-44ce-9592-f337087047f3,2026-04-25T17:12:11.023419-04:00,node-01,checkout-api,503,True,anomalous,market_aware_v1,80.169,62.009,320.815,28.478,1.485,155.208,32.818,4.181
90bfcb7a-ae44-4955-96a1-d89f4806e2b7,2026-04-25T17:12:11.023880-04:00,node-01,payments-api,503,True,anomalous,market_aware_v1,74.102,64.357,351.505,26.47,1.433,161.818,11.793,4.298
493c273a-7aa2-4f69-9187-1e058fe3a679,2026-04-25T17:12:11.024316-04:00,node-01,orders-api,503,True,anomalous,market_aware_v1,82.887,63.68,343.171,31.577,1.852,167.968,35.177,4.691
ef0cbf04-31c8-47df-bf3c-051baef8ca01,2026-04-25T17:12:11.024754-04:00,node-01,checkout-api,429,True,anomalous,market_aware_v1,75.426,58.229,327.387,29.233,1.656,166.456,24.867,4.5
364d3319-9796-41be-a992-6703d3024b34,2026-04-25T17:12:11.025183-04:00,node-01,payments-api,429,True,anomalous,market_aware_v1,74.249,62.657,339.861,25.939,1.532,165.958,8.341,4.446
72eb636c-b4ae-47c9-874c-6f121ad411ee,2026-04-25T17:12:11.025643-04:00,node-01,orders-api,429,True,anomalous,market_aware_v1,76.972,57.337,317.577,28.365,1.519,166.377,40.567,4.198
0eb88547-526d-4e64-8539-cb369c6b2b5c,2026-04-25T17:12:11.026077-04:00,node-01,checkout-api,503,True,anomalous,market_aware_v1,75.092,55.26,325.178,28.509,1.579,155.884,23.139,4.125
97ab0a7b-0eda-4ddb-8091-b14bc8a536e4,2026-04-25T17:12:11.026536-04:00,node-01,payments-api,500,True,anomalous,market_aware_v1,74.183,62.294,333.68,23.878,1.434,157.073,14.173,3.961
1b1f76fc-f9b3-4496-b50f-bf5a064e59dc,2026-04-25T17:12:11.026977-04:00,node-01,orders-api,502,True,anomalous,market_aware_v1,76.447,53.396,321.329,29.781,1.533,165.416,40.258,4.31
70c22f54-c1a7-49d6-bd22-1bac61eee524,2026-04-25T17:12:11.027413-04:00,node-01,checkout-api,503,True,anomalous,market_aware_v1,77.162,60.273,340.468,28.13,1.658,163.259,20.131,4.343
e4bb1149-dd3a-465a-9c6b-9ceea5b84a78,2026-04-25T17:12:11.027853-04:00,node-01,payments-api,502,True,anomalous,market_aware_v1,72.962,59.372,332.502,26.008,1.424,152.935,11.714,4.053
02fe5b3b-849c-48c7-b62e-f3d2b57dde49,2026-04-25T17:12:11.028318-04:00,node-01,orders-api,502,True,anomalous,market_aware_v1,79.422,53.556,301.089,28.808,1.308,152.986,50.151,3.818
b15ec41c-ea52-46ed-9af9-42946117819d,2026-04-25T17:12:11.028766-04:00,node-01,checkout-api,503,True,anomalous,market_aware_v1,72.005,53.876,341.169,29.244,1.585,162.663,16.936,4.356
28934984-e7bb-47f8-9101-56e8a993f405,2026-04-25T17:12:11.029194-04:00,node-01,payments-api,502,True,anomalous,market_aware_v1,68.062,60.747,329.725,24.854,1.539,158.45,7.739,4.247
091cf22d-5ff7-4328-8fde-f666f0ec9a7a,2026-04-25T17:12:11.029656-04:00,node-01,orders-api,429,True,anomalous,market_aware_v1,77.438,51.499,306.721,30.539,1.351,155.68,39.648,3.949
48f42f24-acf7-4448-b7dc-4e6b245348f4,2026-04-25T17:12:11.030076-04:00,node-01,checkout-api,502,True,anomalous,market_aware_v1,77.751,59.113,335.242,26.924,1.555,159.507,20.185,4.202
ecc24884-3497-4245-8691-6fd4993c6fc7,2026-04-25T17:12:11.030488-04:00,node-01,payments-api,503,True,anomalous,market_aware_v1,78.289,63.601,351.264,28.241,1.888,170.121,2.78,5.032
5054d6ac-c23a-4727-8379-d6ea66bc358f,2026-04-25T17:12:11.030908-04:00,node-01,orders-api,502,True,anomalous,market_aware_v1,78.177,57.388,322.085,32.193,1.446,163.699,41.845,4.179
897da621-71d8-4994-b031-f72fbb2a2d41,2026-04-25T17:12:11.031350-04:00,node-01,checkout-api,502,True,anomalous,market_aware_v1,79.29,62.564,329.679,27.967,1.609,157.643,25.123,4.22
ebe9d18d-b4b0-4c52-81b7-1f215b756237,2026-04-25T17:12:11.031809-04:00,node-01,payments-api,502,True,anomalous,market_aware_v1,76.679,59.778,345.403,24.78,1.566,165.419,10.477,4.39
45ac9754-d859-407a-aa7e-db8adadab50e,2026-04-25T17:12:11.032229-04:00,node-01,orders-api,502,True,anomalous,market_aware_v1,84.843,57.464,331.57,33.389,1.841,172.596,42.521,4.715
d57aafe7-1582-4947-bcc0-44b20ae457e0,2026-04-25T17:12:11.032674-04:00,node-01,checkout-api,502,True,anomalous,market_aware_v1,79.561,62.594,337.115,29.463,1.678,166.398,25.86,4.457
65fe85a9-44f9-42ce-aaf5-952be43646fd,2026-04-25T17:12:11.033297-04:00,node-01,payments-api,500,True,anomalous,market_aware_v1,76.656,61.739,344.495,26.573,1.512,164.185,15.991,4.337
15161ded-18a0-43d4-933c-0a39f09ce1de,2026-04-25T17:12:11.033779-04:00,node-01,orders-api,503,True,anomalous,market_aware_v1,84.684,59.421,332.908,32.197,1.379,165.303,50.792,4.089
cf1312f7-5a9d-420d-9195-9f0c079703fc,2026-04-25T17:12:11.034241-04:00,node-01,checkout-api,500,True,anomalous,market_aware_v1,83.391,59.772,341.402,32.106,1.708,167.182,31.345,4.525
51f82759-3f83-4bf9-94a5-9f7d748ea6b0,2026-04-25T17:12:11.034717-04:00,node-01,payments-api,503,True,anomalous,market_aware_v1,75.923,62.288,337.93,27.658,1.616,164.815,16.31,4.411
c40ef43e-8529-4e22-8937-a97dfa2845bb,2026-04-25T17:12:11.035185-04:00,node-01,orders-api,502,True,anomalous,market_aware_v1,80.881,56.881,319.606,30.336,1.44,160.09,49.034,4.002
9ffd732f-aa0f-4e9c-8429-67343a775192,2026-04-25T17:12:11.035661-04:00,node-01,checkout-api,503,True,anomalous,market_aware_v1,84.526,60.558,346.47,29.696,1.641,168.435,34.786,4.486
630ee47a-2adb-424e-9116-41113ee5ed27,2026-04-25T17:12:11.036126-04:00,node-01,payments-api,429,True,anomalous,market_aware_v1,77.989,62.831,331.008,25.306,1.502,154.905,21.006,4.096
53b789eb-8f26-4c69-a76d-4e4d75712092,2026-04-25T17:12:11.036599-04:00,node-01,orders-api,502,True,anomalous,market_aware_v1,80.39,61.934,310.341,31.067,1.334,155.715,49.478,3.977
eef93813-e1c2-47c9-b4cd-54328a89f135,2026-04-25T17:12:11.037113-04:00,node-01,checkout-api,503,True,anomalous,market_aware_v1,84.014,63.884,366.008,29.208,1.781,173.364,22.108,4.674
3be639a7-29f3-47ad-9e0e-e702aee813c9,2026-04-25T17:12:11.037588-04:00,node-01,payments-api,500,True,anomalous,market_aware_v1,75.376,67.295,356.838,25.823,1.555,167.043,18.255,4.367
1a0b44db-a119-4f2a-b0ae-f77d54660394,2026-04-25T17:12:11.038056-04:00,node-01,orders-api,429,True,anomalous,market_aware_v1,81.216,60.781,298.804,32.094,1.328,156.825,54.882,3.932
0f1ffbf2-ee0b-483b-86f6-414e3e94f05d,2026-04-25T17:12:11.038525-04:00,node-01,checkout-api,503,True,anomalous,market_aware_v1,85.514,62.679,336.544,30.149,1.669,166.745,29.27,4.473
d2a3abc7-a32d-4458-a283-f96dc5574c34,2026-04-25T17:12:11.039052-04:00,node-01,payments-api,429,True,anomalous,market_aware_v1,77.611,63.272,349.124,28.361,1.594,169.909,14.27,4.413
fac96202-1652-4c5e-aa8d-37b8bf7e028d,2026-04-25T17:12:11.039546-04:00,node-01,orders-api,429,True,anomalous,market_aware_v1,79.794,57.945,319.221,31.617,1.386,156.834,46.393,3.998
57695eff-f409-40af-8403-e98c553360a2,2026-04-25T17:12:11.039983-04:00,node-01,checkout-api,429,True,anomalous,market_aware_v1,83.037,64.654,353.011,30.83,1.896,177.121,24.437,5.181
f09e6493-f3f7-45b8-9d85-aa88f6d49b1e,2026-04-25T17:12:11.040514-04:00,node-01,payments-api,503,True,anomalous,market_aware_v1,79.628,61.009,344.37,26.653,1.536,161.05,14.564,4.301
eb371c93-2252-475f-b4e9-bae374490114,2026-04-25T17:12:11.041132-04:00,node-01,orders-api,429,True,anomalous,market_aware_v1,82.576,56.808,312.316,29.96,1.404,157.88,51.894,4.088
16e267d8-55ea-41bc-aa85-bc1349e02624,2026-04-25T17:12:11.042100-04:00,node-01,checkout-api,502,True,anomalous,market_aware_v1,80.551,61.795,333.476,28.445,1.771,171.013,22.266,4.602
3c0c37b2-0cc4-46a3-903f-5229afee7da7,2026-04-25T17:12:11.042688-04:00,node-01,payments-api,429,True,anomalous,market_aware_v1,81.674,66.947,355.501,26.661,1.988,177.544,1.435,5.119
3529d035-7274-450b-a78f-e5b52cb982da,2026-04-25T17:12:11.043105-04:00,node-01,orders-api,429,True,anomalous,market_aware_v1,80.304,58.398,320.383,28.834,1.514,163.02,52.69,4.106
31674930-91fb-43db-8263-b0fd9cd227dc,2026-04-25T17:12:11.043851-04:00,node-01,checkout-api,429,True,anomalous,market_aware_v1,82.316,59.116,334.155,28.98,1.542,165.62,26.67,4.383
7118272d-0bd9-419e-9603-065e1986feda,2026-04-25T17:12:11.044335-04:00,node-01,payments-api,429,True,anomalous,market_aware_v1,73.888,64.603,341.261,23.271,1.476,161.042,18.799,4.235
0c6a80b3-539b-41c0-bb86-0f1824baa224,2026-04-25T17:12:11.044818-04:00,node-01,orders-api,429,True,anomalous,market_aware_v1,76.44,54.928,311.253,27.93,1.359,158.711,49.368,3.997
606a8f3b-ed53-491f-a94d-59f2042c9a25,2026-04-25T17:12:11.045274-04:00,node-01,checkout-api,429,True,anomalous,market_aware_v1,79.867,58.831,332.234,26.554,1.619,164.414,27.969,4.487
fe29e429-7e94-47bb-b65a-8cdcff1ccc04,2026-04-25T17:12:11.045753-04:00,node-01,payments-api,429,True,anomalous,market_aware_v1,78.687,64.047,359.997,24.759,1.97,176.218,0.0,5.057
7cbce185-5d30-4c66-84bc-e19dac220a64,2026-04-25T17:12:11.046214-04:00,node-01,orders-api,429,True,anomalous,market_aware_v1,84.168,59.739,331.157,30.371,1.748,163.987,49.245,4.554
00345821-5966-44ba-bc98-d190ab8ad71c,2026-04-25T17:12:11.046681-04:00,node-01,checkout-api,502,True,anomalous,market_aware_v1,76.311,63.032,320.736,30.761,1.445,152.442,28.765,4.144
0d5a578b-ba63-4645-8f50-c79ac0c05854,2026-04-25T17:12:11.047146-04:00,node-01,payments-api,500,True,anomalous,market_aware_v1,73.236,61.222,342.243,25.836,1.571,166.845,14.965,4.439
67ee7d3b-bbcf-4fc3-94e4-d7b1ec35d238,2026-04-25T17:12:11.047621-04:00,node-01,orders-api,500,True,anomalous,market_aware_v1,79.797,55.623,330.65,29.229,1.38,158.17,46.235,4.052
194b559e-b193-45c7-8bbb-1aa8d8a70631,2026-04-25T17:12:11.048083-04:00,node-01,checkout-api,429,True,anomalous,market_aware_v1,80.62,60.499,320.478,30.032,1.516,155.32,28.58,4.081
0b16bca1-74ab-4e9d-9ceb-30dfaf2074ec,2026-04-25T17:12:11.048613-04:00,node-01,payments-api,500,True,anomalous,market_aware_v1,72.662,63.983,336.787,28.463,1.512,164.694,13.99,4.329
937d2192-3e3c-406e-bdc8-2117cd8f1676,2026-04-25T17:12:11.049067-04:00,node-01,orders-api,502,True,anomalous,market_aware_v1,83.076,57.361,314.241,31.298,1.359,155.994,54.713,3.926
9b67ae86-0dbb-4ac2-8220-ec381f3d7778,2026-04-25T17:12:11.049492-04:00,node-01,checkout-api,503,True,anomalous,market_aware_v1,82.28,63.494,321.349,27.205,1.58,164.702,26.076,4.27
7b2b874d-129a-4084-bd8a-c3a49cdd3ec9,2026-04-25T17:12:11.049920-04:00,node-01,payments-api,500,True,anomalous,market_aware_v1,82.841,67.61,367.593,27.49,1.927,178.396,6.129,5.017
4b0e3298-3983-4815-b090-a98e6ebf9d25,2026-04-25T17:12:11.050460-04:00,node-01,orders-api,500,True,anomalous,market_aware_v1,83.959,59.905,320.73,34.554,1.443,162.161,53.486,4.209
6d83e7c1-b6fc-4a60-836f-c49ebd554611,2026-04-25T17:12:11.050880-04:00,node-01,checkout-api,429,True,anomalous,market_aware_v1,79.167,59.058,324.671,30.708,1.593,160.167,33.977,4.198
47023351-ffb5-4a40-a58b-f25042b72ac0,2026-04-25T17:12:11.051326-04:00,node-01,payments-api,500,True,anomalous,market_aware_v1,79.107,65.016,342.762,27.23,1.542,162.353,23.306,4.305
b2e28396-806b-4817-8662-775584a1fe20,2026-04-25T17:12:11.051742-04:00,node-01,orders-api,429,True,anomalous,market_aware_v1,86.909,61.127,319.916,34.401,1.435,162.544,54.722,4.128
18a8a58a-7d71-4e92-9501-47aac6bb01ca,2026-04-25T17:12:11.052161-04:00,node-01,checkout-api,502,True,anomalous,market_aware_v1,82.515,65.368,332.229,29.22,1.496,157.854,30.733,4.177
cc93f2ca-c752-4564-91b6-cfcb7f1611d7,2026-04-25T17:12:11.052595-04:00,node-01,payments-api,503,True,anomalous,market_aware_v1,81.181,64.767,358.138,26.743,1.637,170.153,13.217,4.648
aef21f5b-f225-455f-a644-ebca5e66efb0,2026-04-25T17:12:11.053020-04:00,node-01,orders-api,502,True,anomalous,market_aware_v1,88.757,60.502,331.939,33.282,1.636,172.597,57.868,4.766
95842cb1-4cfb-43f3-848f-a943f303a308,2026-04-25T17:12:11.053490-04:00,node-01,checkout-api,503,True,anomalous,market_aware_v1,84.908,64.961,345.232,29.379,1.635,163.991,35.138,4.438
a0de8ea9-eadf-4ee8-8416-3ab038b7bd9c,2026-04-25T17:12:11.053936-04:00,node-01,payments-api,500,True,anomalous,market_aware_v1,77.337,68.512,355.793,27.138,1.658,174.994,12.746,4.676
aaface2e-fe40-4b1c-9aef-fa75b48fedda,2026-04-25T17:12:11.054354-04:00,node-01,orders-api,503,True,anomalous,market_aware_v1,90.821,64.324,326.677,34.567,1.72,161.636,49.676,4.387
c3299336-fda9-4614-b6f6-2cb82a6af6bc,2026-04-25T17:12:11.054891-04:00,node-01,checkout-api,500,True,anomalous,market_aware_v1,89.417,67.818,358.53,33.23,1.927,174.395,26.375,5.049
e42e0317-f4b4-43d3-9506-f6024459566b,2026-04-25T17:12:11.055308-04:00,node-01,payments-api,503,True,anomalous,market_aware_v1,78.092,71.032,339.053,27.643,1.577,165.13,25.279,4.444
a718c385-fc7a-4230-837c-5c9629f23e8a,2026-04-25T17:12:11.055738-04:00,node-01,orders-api,429,True,anomalous,market_aware_v1,87.785,57.873,314.987,30.3,1.419,159.828,60.144,3.996
be8a8bd0-46a5-4611-88c4-692faf1590e5,2026-04-25T17:12:11.056219-04:00,node-01,checkout-api,429,True,anomalous,market_aware_v1,86.053,62.468,340.576,29.943,1.565,160.639,35.31,4.099
97436ac0-7a3a-4338-8680-3a2cdfcb8286,2026-04-25T17:12:11.057298-04:00,node-01,payments-api,500,True,anomalous,market_aware_v1,80.64,64.236,364.711,25.679,1.655,173.447,10.068,4.736
a33d48b4-3bd3-4d0c-9c5b-28cdd3572bca,2026-04-25T17:12:11.057755-04:00,node-01,orders-api,502,True,anomalous,market_aware_v1,91.965,58.162,343.675,33.268,1.735,171.611,45.856,4.728
b194820f-08dc-4bce-8e73-7a364bb5488d,2026-04-25T17:12:11.058174-04:00,node-01,checkout-api,429,True,anomalous,market_aware_v1,85.0,62.812,339.947,30.623,1.686,165.345,31.861,4.448
5b748fb1-6416-42c9-80cd-8469d5420b72,2026-04-25T17:12:11.058615-04:00,node-01,payments-api,502,True,anomalous,market_aware_v1,77.562,64.174,343.599,27.469,1.541,166.371,22.492,4.409
773fd2d5-12a7-4ad5-9d0f-51bc16ba7d9d,2026-04-25T17:12:11.059096-04:00,node-01,orders-api,500,True,anomalous,market_aware_v1,82.371,57.729,324.3,30.608,1.524,169.881,50.065,4.301
c03df2ab-4be9-4908-ae26-318976b4fd12,2026-04-25T17:12:11.059549-04:00,node-01,checkout-api,500,True,anomalous,market_aware_v1,81.34,61.555,332.411,26.737,1.647,161.586,28.467,4.409
91bde6b4-a38b-42a8-82e6-b097babd13cf,2026-04-25T17:12:11.060007-04:00,node-01,payments-api,503,True,anomalous,market_aware_v1,73.739,61.464,340.757,25.738,1.56,162.77,13.682,4.431
87facce7-e99e-4db3-9c3a-c5acdf9c6c1d,2026-04-25T17:12:11.060409-04:00,node-01,orders-api,503,True,anomalous,market_aware_v1,83.42,55.882,303.071,31.595,1.282,151.773,55.232,3.738
db55e413-1bdf-468e-8be4-8d15dfe78cf6,2026-04-25T17:12:11.060833-04:00,node-01,checkout-api,503,True,anomalous,market_aware_v1,82.377,61.361,338.617,28.051,1.676,168.629,21.976,4.526
e4fa600c-2e3a-4c35-b1b4-cd0751e1c17a,2026-04-25T17:12:11.061263-04:00,node-01,payments-api,500,True,anomalous,market_aware_v1,74.782,60.57,349.9,26.302,1.55,169.358,12.247,4.604
0303cb48-27a1-49a5-8174-c1794ecd95e1,2026-04-25T17:12:11.061717-04:00,node-01,orders-api,500,True,anomalous,market_aware_v1,78.34,51.983,321.333,30.736,1.417,161.136,46.719,4.086
8a1f8e02-d78a-44ba-b170-e1ebf1a6a462,2026-04-25T17:12:11.062117-04:00,node-01,checkout-api,429,True,anomalous,market_aware_v1,74.536,58.27,317.022,27.04,1.566,159.843,22.828,4.205
daf4948b-7301-41d0-a61d-51d3622a157f,2026-04-25T17:12:11.062551-04:00,node-01,payments-api,503,True,anomalous,market_aware_v1,76.423,61.346,376.902,25.131,1.806,173.384,7.891,5.1
4daf9e80-4c0b-46bc-b939-5e3351de293a,2026-04-25T17:12:11.062982-04:00,node-01,orders-api,502,True,anomalous,market_aware_v1,80.987,56.517,312.748,31.02,1.402,160.761,51.248,4.175
119cdfe1-6b57-4a2d-8e9c-f73061d9f531,2026-04-25T17:12:11.063420-04:00,node-01,checkout-api,429,True,anomalous,market_aware_v1,73.38,57.801,330.293,27.704,1.663,160.09,21.907,4.301
07e1224e-3bd5-4673-83f5-bfcf2575e459,2026-04-25T17:12:11.063869-04:00,node-01,payments-api,502,True,anomalous,market_aware_v1,72.286,61.353,333.525,23.339,1.45,162.927,6.268,4.176
fd510ffe-2d40-4472-86d5-af652554d7f7,2026-04-25T17:12:11.064312-04:00,node-01,orders-api,500,True,anomalous,market_aware_v1,77.206,56.56,318.018,28.94,1.403,160.523,45.595,3.953
b16fdcaf-5c70-4a4c-ae28-ba8283a33b6d,2026-04-25T17:12:11.064772-04:00,node-01,checkout-api,429,True,anomalous,market_aware_v1,74.432,59.949,315.995,25.62,1.615,159.322,25.728,4.217
3af08576-a683-459e-bbdd-2a4aa3475415,2026-04-25T17:12:11.065192-04:00,node-01,payments-api,503,True,anomalous,market_aware_v1,70.866,62.15,350.44,23.05,1.615,174.097,4.995,4.518
8c2a0ab2-269b-44cf-9b17-773019afdfc2,2026-04-25T17:12:11.065647-04:00,node-01,orders-api,500,True,anomalous,market_aware_v1,73.183,52.37,301.816,28.141,1.335,155.724,45.194,3.804
dc669fac-f9aa-4b0c-b5fa-5b0818f0a71d,2026-04-25T17:12:11.066089-04:00,node-01,checkout-api,503,True,anomalous,market_aware_v1,78.581,59.772,338.318,29.319,1.63,164.632,25.346,4.405
d9ac6c1a-68c7-47fa-acd3-ce8a83b921a9,2026-04-25T17:12:11.066571-04:00,node-01,payments-api,503,True,anomalous,market_aware_v1,72.672,61.943,332.828,23.652,1.544,160.699,7.221,4.387
f235b2f0-d8d5-4543-9fb1-1c2de5f01341,2026-04-25T17:12:11.067051-04:00,node-01,orders-api,502,True,anomalous,market_aware_v1,80.824,56.073,316.208,30.733,1.315,164.779,48.528,4.017
d6b60cee-c704-448c-ad13-6afd8a343750,2026-04-25T17:12:11.067532-04:00,node-01,checkout-api,500,True,anomalous,market_aware_v1,77.324,59.761,333.2,29.64,1.582,155.426,20.944,4.198
7868de9c-97d5-4017-b77e-4692bfd742a1,2026-04-25T17:12:11.068042-04:00,node-01,payments-api,429,True,anomalous,market_aware_v1,77.244,58.487,346.222,26.418,1.626,170.128,13.624,4.501
e2fb4105-d70a-4783-9ba8-a4dcf71c2482,2026-04-25T17:12:11.068526-04:00,node-01,orders-api,502,True,anomalous,market_aware_v1,80.328,59.809,318.146,32.543,1.498,158.096,50.138,4.038
e7850552-8d17-4d9b-9d6d-60534ea6a95d,2026-04-25T17:12:11.068990-04:00,node-01,checkout-api,500,True,anomalous,market_aware_v1,78.231,61.062,336.409,28.7,1.705,162.213,21.343,4.344
e563824a-f7bf-4aa1-a04d-c5c61d582fae,2026-04-25T17:12:11.069410-04:00,node-01,payments-api,502,True,anomalous,market_aware_v1,75.581,66.263,346.723,26.421,1.638,167.456,8.855,4.498
8135aeee-a964-44ac-8d7f-6c766fde60b6,2026-04-25T17:12:11.069876-04:00,node-01,orders-api,500,True,anomalous,market_aware_v1,81.639,60.83,312.669,32.381,1.388,157.081,56.99,3.809
090b35a0-3de8-4e60-9721-74148c87193f,2026-04-25T17:12:11.070389-04:00,node-01,checkout-api,429,True,anomalous,market_aware_v1,82.567,64.393,339.884,29.663,1.581,167.087,26.597,4.486
39376215-9734-4a55-8d85-38a35d358cb1,2026-04-25T17:12:11.070894-04:00,node-01,payments-api,502,True,anomalous,market_aware_v1,77.504,65.528,343.853,25.369,1.579,165.759,18.214,4.554
01ebd64f-41db-4267-8126-1106b93b1ece,2026-04-25T17:12:11.071352-04:00,node-01,orders-api,502,True,anomalous,market_aware_v1,83.193,58.738,318.609,32.556,1.408,167.258,52.481,4.299
acdebaf8-2099-411a-9405-3fb99ea2ad90,2026-04-25T17:12:11.071854-04:00,node-01,checkout-api,429,True,anomalous,market_aware_v1,82.237,63.754,324.494,28.967,1.631,164.177,33.026,4.403
a6a66cf2-7c16-403d-8b09-2dbf8d4febee,2026-04-25T17:12:11.072319-04:00,node-01,payments-api,503,True,anomalous,market_aware_v1,80.686,61.691,343.558,25.796,1.582,164.55,12.979,4.306
22f58b63-3c63-47fd-9a94-d43ab9f0ec44,2026-04-25T17:12:11.072830-04:00,node-01,orders-api,503,True,anomalous,market_aware_v1,85.784,63.177,339.29,31.025,1.739,168.267,54.306,4.607
8bd64067-9898-40fb-ab54-252fe6886812,2026-04-25T17:12:11.073308-04:00,node-01,checkout-api,429,True,anomalous,market_aware_v1,81.926,61.043,339.084,28.859,1.64,167.739,32.789,4.449
a0a7793f-ebfa-40ab-bd48-9644acc3b81b,2026-04-25T17:12:11.073782-04:00,node-01,payments-api,502,True,anomalous,market_aware_v1,81.395,66.14,331.95,27.414,1.546,162.337,20.047,4.316
e8b9d470-1c5a-4886-be10-6545d4788e43,2026-04-25T17:12:11.074219-04:00,node-01,orders-api,502,True,anomalous,market_aware_v1,91.088,56.796,311.169,31.95,1.505,160.441,50.314,4.269
f6b8c361-2ddd-406f-b2d9-609bdbdfc909,2026-04-25T17:12:11.074661-04:00,node-01,checkout-api,502,True,anomalous,market_aware_v1,83.414,65.134,344.34,29.293,1.66,165.136,20.958,4.279
cd65aa04-c433-4603-a8ed-40de7f5bf934,2026-04-25T17:12:11.075076-04:00,node-01,payments-api,500,True,anomalous,market_aware_v1,74.846,62.668,342.266,26.514,1.576,165.538,15.41,4.317
5eb85bee-0ee1-4e25-a1ce-3a68a2937718,2026-04-25T17:12:11.075521-04:00,node-01,orders-api,500,True,anomalous,market_aware_v1,88.216,57.197,330.32,33.829,1.52,167.262,47.278,4.209
9608e403-8f53-4a32-afe4-2734cf074165,2026-04-25T17:12:11.075973-04:00,node-01,checkout-api,503,True,anomalous,market_aware_v1,81.307,61.521,333.996,28.07,1.529,162.986,25.104,4.467
efad417a-9f6b-42d3-8a7f-66ec76991f26,2026-04-25T17:12:11.076413-04:00,node-01,payments-api,503,True,anomalous,market_aware_v1,78.381,67.549,362.058,26.308,1.82,177.606,11.299,5.112
ddeba65f-5a74-4989-8788-d2a79bdc8e04,2026-04-25T17:12:11.076843-04:00,node-01,orders-api,503,True,anomalous,market_aware_v1,81.137,60.105,325.192,32.258,1.385,162.729,47.988,4.118
10988be8-eee7-4a3d-8d9b-feda27ce1868,2026-04-25T17:12:11.077265-04:00,node-01,checkout-api,502,True,anomalous,market_aware_v1,82.563,58.563,323.609,29.788,1.588,160.678,28.907,4.229
947f6cd1-9fa7-4560-89ac-af18c9d594ca,2026-04-25T17:12:11.077727-04:00,node-01,payments-api,503,True,anomalous,market_aware_v1,73.704,61.923,342.603,25.239,1.567,163.647,8.118,4.367
5189c5b5-a2bb-41f8-bc41-761fba8788aa,2026-04-25T17:12:11.078184-04:00,node-01,orders-api,429,True,anomalous,market_aware_v1,79.061,55.927,314.478,30.435,1.456,161.334,45.03,4.211
a7529947-5960-42b4-8d62-4a1bdbcd0d0f,2026-04-25T17:12:11.078594-04:00,node-01,checkout-api,503,True,anomalous,market_aware_v1,78.422,61.436,336.928,31.423,1.989,166.705,15.665,4.849
3de39f5b-be11-4179-9a34-0bb286fc2441,2026-04-25T17:12:11.079034-04:00,node-01,payments-api,429,True,anomalous,market_aware_v1,74.503,61.897,350.063,24.88,1.553,168.021,5.903,4.383
bfa27a31-dcc2-4a3a-aa24-8f5a5515aa9d,2026-04-25T17:12:11.079783-04:00,node-01,orders-api,429,True,anomalous,market_aware_v1,79.416,52.168,309.99,30.444,1.39,159.207,50.962,3.925
71c07de3-4986-41d2-b4f3-245b55efb2ab,2026-04-25T17:12:11.080216-04:00,node-01,checkout-api,503,True,anomalous,market_aware_v1,77.946,59.206,320.386,30.009,1.48,157.782,25.988,4.216
4b4d189e-a159-4fbb-8aa4-8d29b2a7f807,2026-04-25T17:12:11.080707-04:00,node-01,payments-api,500,True,anomalous,market_aware_v1,74.824,61.636,333.504,27.071,1.477,159.687,14.327,4.144
8eb5b652-a337-4f3e-9796-feaeda35caf2,2026-04-25T17:12:11.081171-04:00,node-01,orders-api,502,True,anomalous,market_aware_v1,82.407,57.837,314.026,30.504,1.39,163.716,46.237,4.05
b6cfeb18-cfd2-4252-8bc0-7c6016467296,2026-04-25T17:12:11.081630-04:00,node-01,checkout-api,502,True,anomalous,market_aware_v1,77.033,61.787,330.503,28.339,1.48,153.393,24.514,3.971
4f5debe7-461b-4836-9d4c-a7bb593596d9,2026-04-25T17:12:11.082075-04:00,node-01,payments-api,500,True,anomalous,market_aware_v1,74.33,61.699,343.191,23.866,1.445,164.055,7.848,4.2
1dc604f4-4077-411a-958e-21b45fa6d435,2026-04-25T17:12:11.082641-04:00,node-01,orders-api,500,True,anomalous,market_aware_v1,81.638,55.99,336.407,30.462,1.537,172.194,43.297,4.487
30c77a0f-f198-4d3b-824c-6c038918ecb1,2026-04-25T17:12:11.083280-04:00,node-01,checkout-api,429,True,anomalous,market_aware_v1,81.569,59.245,329.832,29.619,1.546,161.614,34.395,4.17
7772192a-531a-4205-8945-6456e11354ff,2026-04-25T17:12:11.083746-04:00,node-01,payments-api,503,True,anomalous,market_aware_v1,78.553,63.52,343.446,25.673,1.542,168.818,12.444,4.465
8bf51445-0d71-4322-82c4-f09c90b5c8bf,2026-04-25T17:12:11.084212-04:00,node-01,orders-api,503,True,anomalous,market_aware_v1,84.765,57.621,324.581,30.927,1.494,160.984,54.021,4.142
f184c54a-2851-40ff-a25f-6f73d9ee80d1,2026-04-25T17:12:11.084652-04:00,node-01,checkout-api,503,True,anomalous,market_aware_v1,91.566,63.331,384.383,30.325,2.106,179.482,17.945,5.627
6a10fd5c-1f12-4940-8933-465f7ae5d673,2026-04-25T17:12:11.085147-04:00,node-01,payments-api,503,True,anomalous,market_aware_v1,79.359,65.14,371.598,26.989,1.931,177.5,0.818,5.201
418ca4b3-4a01-4e02-8d30-e987ed4fc8ab,2026-04-25T17:12:11.085625-04:00,node-01,orders-api,500,True,anomalous,market_aware_v1,81.145,61.817,336.584,30.857,1.376,165.376,46.808,4.058
3563858d-db08-4b5b-88ed-ce154231f4ed,2026-04-25T17:12:11.086071-04:00,node-01,checkout-api,429,True,anomalous,market_aware_v1,82.987,61.727,350.091,28.712,1.67,172.803,30.891,4.529
cd012196-be39-4837-9e62-d3cd561e490b,2026-04-25T17:12:11.086825-04:00,node-01,payments-api,500,True,anomalous,market_aware_v1,75.26,66.853,344.997,25.289,1.53,169.233,17.757,4.468
ddc127b7-cbe2-44a0-b743-eccd9a037ced,2026-04-25T17:12:11.087378-04:00,node-01,orders-api,503,True,anomalous,market_aware_v1,89.26,57.45,335.017,31.711,1.456,169.83,52.841,4.099
c769c5c0-c998-4aa0-a07c-69f22a515614,2026-04-25T17:12:11.088157-04:00,node-01,checkout-api,429,True,anomalous,market_aware_v1,88.505,64.897,338.732,30.598,1.694,169.437,34.948,4.525
a7f95d51-bbd1-4a0b-9b16-d43280633c4f,2026-04-25T17:12:11.088648-04:00,node-01,payments-api,502,True,anomalous,market_aware_v1,77.15,70.745,353.48,28.962,1.617,171.352,18.367,4.548
129e1f1d-e02f-4a27-8bff-7ca8acdede25,2026-04-25T17:12:11.089116-04:00,node-01,orders-api,502,True,anomalous,market_aware_v1,90.274,61.261,323.364,31.73,1.501,167.712,58.885,4.162
c04af42b-1282-4450-8419-eea856f03932,2026-04-25T17:12:11.089592-04:00,node-01,checkout-api,500,True,anomalous,market_aware_v1,85.12,62.015,342.967,30.011,1.527,164.944,33.443,4.407
3badac1c-9eec-4b9c-80be-e3712ebf5f52,2026-04-25T17:12:11.090065-04:00,node-01,payments-api,503,True,anomalous,market_aware_v1,77.911,66.169,358.616,28.628,1.623,177.821,20.962,4.674
eac15357-b79d-4726-a168-9ece9c61ee02,2026-04-25T17:12:11.090537-04:00,node-01,orders-api,502,True,anomalous,market_aware_v1,85.066,63.027,321.964,34.137,1.473,161.46,54.214,4.112
f9d885be-392c-4685-bb2b-d085b81f6ca9,2026-04-25T17:12:11.091005-04:00,node-01,checkout-api,500,True,anomalous,market_aware_v1,84.795,65.152,341.916,30.013,1.608,164.402,33.42,4.45
1b65ca90-f7f2-4d3c-8168-83f12d4dd021,2026-04-25T17:12:11.091472-04:00,node-01,payments-api,429,True,anomalous,market_aware_v1,80.873,66.301,352.003,27.138,1.637,175.722,15.382,4.717
47d002e6-cd49-47d9-be8b-12a60f12e7df,2026-04-25T17:12:11.091920-04:00,node-01,orders-api,500,True,anomalous,market_aware_v1,87.624,60.92,325.339,34.605,1.424,165.717,55.481,4.151
b535f9de-ff95-490f-9cdb-5cb3f1340862,2026-04-25T17:12:11.092397-04:00,node-01,checkout-api,500,True,anomalous,market_aware_v1,90.892,63.185,336.99,32.972,1.845,162.602,28.716,4.655
e8255845-7f33-49ad-b8bb-3d2c8ec56a9e,2026-04-25T17:12:11.092868-04:00,node-01,payments-api,429,True,anomalous,market_aware_v1,82.407,64.933,365.507,27.871,1.649,176.837,18.187,4.719
2eb9e838-a253-4ec9-8bb5-1fcc63387761,2026-04-25T17:12:11.093373-04:00,node-01,orders-api,429,True,anomalous,market_aware_v1,87.857,57.978,323.838,32.537,1.451,166.731,48.875,4.181
5de01857-70aa-4e15-a945-d4924f951d66,2026-04-25T17:12:11.093834-04:00,node-01,checkout-api,503,True,anomalous,market_aware_v1,83.391,61.431,343.14,30.252,1.661,164.103,33.007,4.343
0163b708-40cf-4831-951f-f720e2262e74,2026-04-25T17:12:11.094283-04:00,node-01,payments-api,429,True,anomalous,market_aware_v1,82.14,69.317,355.052,31.965,1.848,167.949,17.895,4.818
162355cb-f204-4607-a0b0-492059ac9efd,2026-04-25T17:12:11.094758-04:00,node-01,orders-api,503,True,anomalous,market_aware_v1,85.753,60.781,337.184,31.899,1.536,176.751,44.244,4.49
43f6353c-38a1-4fe0-8dc1-284596e1dbb6,2026-04-25T17:12:11.095231-04:00,node-01,checkout-api,502,True,anomalous,market_aware_v1,84.333,63.819,351.268,29.595,1.955,171.971,19.041,5.145
eba0bf0c-a17f-4bde-b583-20dd856c6334,2026-04-25T17:12:11.095715-04:00,node-01,payments-api,429,True,anomalous,market_aware_v1,81.305,65.258,361.912,28.25,1.568,166.508,16.097,4.447
7a8c2d21-338c-4654-bc52-7321c94c5efb,2026-04-25T17:12:11.096197-04:00,node-01,orders-api,500,True,anomalous,market_aware_v1,83.124,54.281,328.803,29.578,1.319,165.1,39.929,4.064
1a8f0b2a-17c9-44f2-a127-baf83a72877d,2026-04-25T17:12:11.096678-04:00,node-01,checkout-api,500,True,anomalous,market_aware_v1,79.737,56.581,343.802,27.568,1.563,164.351,23.322,4.527
4d392047-8e7c-4ae0-92e3-9b7991d13c25,2026-04-25T17:12:11.097135-04:00,node-01,payments-api,503,True,anomalous,market_aware_v1,75.645,61.572,341.178,25.155,1.583,163.848,10.708,4.377
f506ca02-6533-46de-8fff-7d78b349deed,2026-04-25T17:12:11.097582-04:00,node-01,orders-api,502,True,anomalous,market_aware_v1,80.08,55.011,309.988,29.29,1.431,161.254,42.65,4.149
6972834a-ec3c-4e29-84c0-50a8b75523e9,2026-04-25T17:12:11.098082-04:00,node-01,checkout-api,500,True,anomalous,market_aware_v1,76.391,61.253,336.418,27.118,1.647,164.103,19.458,4.4
0fda29a6-0c57-4c21-81a7-ea49acfd970b,2026-04-25T17:12:11.098566-04:00,node-01,payments-api,502,True,anomalous,market_aware_v1,72.761,61.321,353.6,23.773,1.58,167.978,2.486,4.343
e490b7f2-0150-4efc-adaa-58c96706486a,2026-04-25T17:12:11.099042-04:00,node-01,orders-api,503,True,anomalous,market_aware_v1,79.049,55.031,318.093,29.472,1.356,163.255,39.759,4.079
0ea82110-e11b-41f7-bf6e-c4d3fe6c3f45,2026-04-25T17:12:11.099500-04:00,node-01,checkout-api,500,True,anomalous,market_aware_v1,76.744,57.124,356.164,27.604,1.819,172.151,12.325,4.971
b8fed571-dcf1-445d-8106-a1eabc3cabdf,2026-04-25T17:12:11.099935-04:00,node-01,payments-api,503,True,anomalous,market_aware_v1,72.148,60.569,333.036,22.678,1.55,164.223,4.139,4.407
0dfa4a0f-4c79-4fb8-80d4-ac678e54ed45,2026-04-25T17:12:11.100402-04:00,node-01,orders-api,429,True,anomalous,market_aware_v1,84.201,56.312,345.657,29.687,1.824,177.64,32.791,4.953
60f80b3a-046e-4a67-95de-2fc18d96b638,2026-04-25T17:12:11.100878-04:00,node-01,checkout-api,503,True,anomalous,market_aware_v1,75.422,55.98,331.444,25.28,1.669,162.129,14.91,4.478
6969fe83-44c1-4baf-b3e4-7173210f7ba8,2026-04-25T17:12:11.101346-04:00,node-01,payments-api,502,True,anomalous,market_aware_v1,75.072,61.6,336.749,22.604,1.481,160.453,6.562,4.296
e93e4f1b-98f4-489e-85b5-2afdc06790aa,2026-04-25T17:12:11.101814-04:00,node-01,orders-api,503,True,anomalous,market_aware_v1,78.147,57.057,325.493,31.176,1.445,163.445,38.378,4.253
d7ba4b2b-9255-46f5-9be9-0da9b8e59913,2026-04-25T17:12:11.102270-04:00,node-01,checkout-api,503,True,anomalous,market_aware_v1,79.167,58.525,343.578,27.727,1.637,167.137,13.893,4.515
0c4a7ba4-58f2-4cf6-ab0b-3464c01ca299,2026-04-25T17:12:11.102713-04:00,node-01,payments-api,502,True,anomalous,market_aware_v1,72.228,59.529,338.909,24.593,1.508,163.341,12.277,4.272
287e54fa-8acc-4d2d-a69c-f62153599264,2026-04-25T17:12:11.103139-04:00,node-01,orders-api,502,True,anomalous,market_aware_v1,77.656,56.513,323.674,29.181,1.46,163.092,48.535,4.269
8edcc2b2-ec15-4dfc-85f3-d43d05b26bde,2026-04-25T17:12:11.103584-04:00,node-01,checkout-api,502,True,anomalous,market_aware_v1,81.902,60.159,340.693,27.522,1.701,166.135,24.18,4.433
df55a1b9-0bb3-42b9-bea4-1ec6f8bbb2e4,2026-04-25T17:12:11.104021-04:00,node-01,payments-api,502,True,anomalous,market_aware_v1,78.294,61.256,346.817,23.322,1.626,169.617,12.558,4.338
1d143542-d066-4300-b906-8a00afa4ae74,2026-04-25T17:12:11.104494-04:00,node-01,orders-api,429,True,anomalous,market_aware_v1,82.232,57.882,317.485,31.708,1.501,164.698,52.231,4.248
de12409e-1253-4a07-85f5-cb18e1895d2e,2026-04-25T17:12:11.104964-04:00,node-01,checkout-api,500,True,anomalous,market_aware_v1,83.169,59.292,341.506,28.069,1.635,167.707,27.016,4.404
782d35c5-4339-446b-af6e-8f3c1d96686c,2026-04-25T17:12:11.105417-04:00,node-01,payments-api,503,True,anomalous,market_aware_v1,79.209,62.1,328.458,23.662,1.465,164.731,20.162,4.296
23f73d07-fabe-4c56-9836-5de551a170c4,2026-04-25T17:12:11.105860-04:00,node-01,orders-api,429,True,anomalous,market_aware_v1,83.654,60.645,320.017,29.11,1.494,161.885,51.265,4.186
9bf63e52-0383-4a9c-b80e-f1da8fe1a9a1,2026-04-25T17:12:11.106315-04:00,node-01,checkout-api,500,True,anomalous,market_aware_v1,81.608,58.433,353.533,28.164,1.69,163.8,22.866,4.56
5230d198-0ba3-48e1-bfac-a2507bd41b21,2026-04-25T17:12:11.106758-04:00,node-01,payments-api,500,True,anomalous,market_aware_v1,83.753,62.694,354.539,24.852,1.551,168.771,14.909,4.445
c3e4cb7e-8768-47cf-be81-aea2dcd13e9b,2026-04-25T17:12:11.107218-04:00,node-01,orders-api,502,True,anomalous,market_aware_v1,87.491,61.084,331.92,31.753,1.443,159.551,49.895,4.099
7306c485-bbc8-4808-b902-99b9605e61d5,2026-04-25T17:12:11.107652-04:00,node-01,checkout-api,503,True,anomalous,market_aware_v1,84.081,63.335,337.775,31.047,1.576,160.966,37.195,4.338
a5324be8-70a1-432c-84c2-ec0a4f4d3427,2026-04-25T17:12:11.108468-04:00,node-01,payments-api,429,True,anomalous,market_aware_v1,81.733,70.118,370.892,28.827,1.848,169.351,8.621,4.914
cdacda52-e0db-4a76-be75-48f696f894a2,2026-04-25T17:12:11.108908-04:00,node-01,orders-api,502,True,anomalous,market_aware_v1,87.46,62.187,329.059,32.77,1.457,165.545,51.467,4.296
6d7e6a00-553f-40bc-94cb-89bb8683e6a1,2026-04-25T17:12:11.109353-04:00,node-01,checkout-api,503,True,anomalous,market_aware_v1,87.239,67.254,356.035,29.243,1.697,164.272,34.424,4.707
34a363f6-6418-4bf8-b0d2-269a6b0784b2,2026-04-25T17:12:11.109806-04:00,node-01,payments-api,503,True,anomalous,market_aware_v1,79.866,63.668,363.259,28.414,1.705,174.463,17.109,4.999
5a84c10e-e00d-4922-89ac-0e864ebed28d,2026-04-25T17:12:11.110242-04:00,node-01,orders-api,503,True,anomalous,market_aware_v1,85.103,58.952,334.583,32.534,1.455,170.229,50.771,4.357
e0934e7e-34d2-460a-9f3f-c7ec0db3024b,2026-04-25T17:12:11.110697-04:00,node-01,checkout-api,502,True,anomalous,market_aware_v1,83.103,61.795,348.822,29.837,1.757,171.391,29.402,4.63
86bc7b58-4d21-433d-8267-4f38b5239ebf,2026-04-25T17:12:11.111167-04:00,node-01,payments-api,503,True,anomalous,market_aware_v1,81.212,67.992,372.882,29.051,1.948,176.855,7.244,5.024
2473f0bd-6d00-4513-88e0-dce2a87ed7c0,2026-04-25T17:12:11.111589-04:00,node-01,orders-api,429,True,anomalous,market_aware_v1,81.085,62.134,335.501,29.673,1.405,168.001,45.526,4.24
4079a214-3e4d-40fb-9e43-a0e3c8686450,2026-04-25T17:12:11.112105-04:00,node-01,checkout-api,502,True,anomalous,market_aware_v1,81.706,61.603,344.951,31.547,1.661,164.978,22.206,4.504
3115a141-b8b3-4412-b945-ab24ec4de541,2026-04-25T17:12:11.113113-04:00,node-01,payments-api,429,True,anomalous,market_aware_v1,80.488,61.743,346.075,26.743,1.492,162.054,17.832,4.201
896fe6f9-50ae-41da-9622-b2a4a323ddfc,2026-04-25T17:12:11.113682-04:00,node-01,orders-api,500,True,anomalous,market_aware_v1,82.112,61.342,323.81,29.217,1.467,161.606,51.134,4.146
288f08ce-022c-4ba1-afed-f53d819a2f88,2026-04-25T17:12:11.114202-04:00,node-01,checkout-api,429,True,anomalous,market_aware_v1,78.924,62.66,343.479,30.405,1.671,167.604,24.813,4.507
cbbd0518-f3ac-469d-a579-5757f1951d45,2026-04-25T17:12:11.114650-04:00,node-01,payments-api,429,True,anomalous,market_aware_v1,78.27,62.183,357.178,26.43,1.559,172.557,12.171,4.44
af0a7ea0-4df9-44cf-92e8-a4f20c355833,2026-04-25T17:12:11.115146-04:00,node-01,orders-api,500,True,anomalous,market_aware_v1,80.467,60.343,320.576,29.39,1.402,158.172,52.65,4.078
2facf5fd-113e-4c5d-bdb2-36b2db7ae359,2026-04-25T17:12:11.115696-04:00,node-01,checkout-api,503,True,anomalous,market_aware_v1,82.003,62.543,353.116,27.849,1.618,167.631,27.095,4.503
c8ed468a-b4ab-4ad0-8934-1306703e172a,2026-04-25T17:12:11.116195-04:00,node-01,payments-api,503,True,anomalous,market_aware_v1,70.123,61.175,337.548,27.857,1.521,159.83,11.778,4.112
3c7dd7d2-1573-4bef-85d8-1ce588108b85,2026-04-25T17:12:11.116668-04:00,node-01,orders-api,429,True,anomalous,market_aware_v1,78.56,58.141,316.715,33.117,1.399,162.859,44.692,4.005
9f3860f1-0ce4-4d62-aabc-80919fc30446,2026-04-25T17:12:11.117137-04:00,node-01,checkout-api,429,True,anomalous,market_aware_v1,78.516,58.349,327.363,29.271,1.604,165.445,21.41,4.41
0c055496-437a-4df2-add4-d9e0c7212ed0,2026-04-25T17:12:11.117638-04:00,node-01,payments-api,429,True,anomalous,market_aware_v1,78.475,61.424,352.105,24.159,1.722,174.344,11.477,4.726
d5624fa6-92a0-47f2-a458-b4ec7a2accc0,2026-04-25T17:12:11.118103-04:00,node-01,orders-api,500,True,anomalous,market_aware_v1,83.518,54.92,329.394,30.727,1.521,167.682,42.285,4.374
99b803d2-96b4-4fb9-a531-228c3b165373,2026-04-25T17:12:11.118606-04:00,node-01,checkout-api,502,True,anomalous,market_aware_v1,80.355,59.898,352.006,28.922,1.691,169.766,21.889,4.516
bf58bf38-d77e-4ccf-b30c-fe9e26e8f731,2026-04-25T17:12:11.119114-04:00,node-01,payments-api,429,True,anomalous,market_aware_v1,71.924,62.92,359.348,24.688,1.523,168.167,3.609,4.424
5b3bb457-8669-4e50-b32f-fc4550a2dd2c,2026-04-25T17:12:11.119620-04:00,node-01,orders-api,502,True,anomalous,market_aware_v1,80.712,56.868,330.359,29.954,1.557,169.107,49.7,4.387
68fd143b-8ecc-4bea-bd5d-0223ab21d41e,2026-04-25T17:12:11.120113-04:00,node-01,checkout-api,429,True,anomalous,market_aware_v1,76.999,61.11,319.18,28.953,1.509,154.727,30.422,4.21
04537b89-e49f-445a-abf7-1082e226fbf6,2026-04-25T17:12:11.120613-04:00,node-01,payments-api,429,True,anomalous,market_aware_v1,76.479,63.455,349.341,26.472,1.615,172.278,13.298,4.474
75ba83dc-eb33-4d78-becd-38417a285af3,2026-04-25T17:12:11.121063-04:00,node-01,orders-api,502,True,anomalous,market_aware_v1,81.925,59.994,327.234,32.538,1.706,163.064,42.387,4.551
b071eea5-81fb-40d3-85ef-47b4a282300b,2026-04-25T17:12:11.121504-04:00,node-01,checkout-api,500,True,anomalous,market_aware_v1,81.408,65.615,351.512,27.506,1.738,172.975,22.581,4.745
1b4e16d2-9d66-48ad-8169-b868baec1fd4,2026-04-25T17:12:11.121960-04:00,node-01,payments-api,502,True,anomalous,market_aware_v1,77.074,67.315,361.509,26.89,1.684,168.939,10.692,4.466
3c86b1fa-6e4a-471a-8aa4-68b5ab85f725,2026-04-25T17:12:11.122423-04:00,node-01,orders-api,429,True,anomalous,market_aware_v1,84.464,59.593,323.629,31.801,1.471,166.601,51.63,4.233
2e92466a-636e-4ffa-88b5-63f63497108a,2026-04-25T17:12:11.122916-04:00,node-01,checkout-api,503,True,anomalous,market_aware_v1,85.248,64.373,333.318,30.493,1.618,162.532,31.844,4.328
815554b6-431c-42b0-9b0e-d65dfa15f40d,2026-04-25T17:12:11.123410-04:00,node-01,payments-api,503,True,anomalous,market_aware_v1,83.519,66.303,355.275,28.247,1.814,167.342,17.831,4.783
5a3ded40-8a36-4962-a310-595de2c48a07,2026-04-25T17:12:11.123886-04:00,node-01,orders-api,500,True,anomalous,market_aware_v1,83.983,60.355,343.247,32.932,1.51,168.607,54.507,4.215
3f4585ef-e498-4b66-bd88-70c65fafafd5,2026-04-25T17:12:11.124322-04:00,node-01,checkout-api,500,True,anomalous,market_aware_v1,82.613,63.892,357.891,28.397,1.703,166.877,29.313,4.576
2ad8c34b-ed1d-4bb3-8f63-983d6aada2fd,2026-04-25T17:12:11.124852-04:00,node-01,payments-api,500,True,anomalous,market_aware_v1,79.12,66.417,344.415,25.473,1.595,168.331,16.842,4.428
9b89a101-115c-48de-8898-e396d32e91e0,2026-04-25T17:12:11.125355-04:00,node-01,orders-api,429,True,anomalous,market_aware_v1,91.29,62.692,337.61,34.061,1.567,170.745,43.162,4.304
69775c80-3fd0-456f-b755-10d8c1e6ed9e,2026-04-25T17:12:11.125829-04:00,node-01,checkout-api,500,True,anomalous,market_aware_v1,87.238,68.456,361.391,32.406,1.682,175.903,31.054,4.827
7d414098-11a6-40ba-9d1b-b3fe4f99e694,2026-04-25T17:12:11.126296-04:00,node-01,payments-api,500,True,anomalous,market_aware_v1,80.135,73.508,350.356,25.4,1.562,164.316,21.857,4.312
60ee4aa8-1b1b-4a7d-af65-65173816f01d,2026-04-25T17:12:11.126800-04:00,node-01,orders-api,429,True,anomalous,market_aware_v1,84.261,64.213,326.5,32.162,1.466,167.803,57.999,4.209
025c77c8-d5d5-4c55-af8a-110f9ee7eee7,2026-04-25T17:12:11.127287-04:00,node-01,checkout-api,429,True,anomalous,market_aware_v1,89.513,66.801,354.964,30.334,1.754,171.814,26.56,4.903
16c1483d-d187-4840-9719-5c2d5caf11a9,2026-04-25T17:12:11.127792-04:00,node-01,payments-api,502,True,anomalous,market_aware_v1,84.276,65.715,358.343,28.594,1.519,169.891,21.63,4.459
600792b7-02a8-48da-9254-e80db1ddaed0,2026-04-25T17:12:11.128280-04:00,node-01,orders-api,503,True,anomalous,market_aware_v1,88.38,62.946,334.355,34.24,1.499,167.973,58.599,4.225
b8d69dfb-1681-4c85-893f-a58f1ae458b4,2026-04-25T17:12:11.128778-04:00,node-01,checkout-api,429,True,anomalous,market_aware_v1,85.913,64.901,343.386,30.17,1.667,170.81,30.626,4.537
9e85c79f-4e1b-40b8-b37e-fc875faeaeee,2026-04-25T17:12:11.129233-04:00,node-01,payments-api,500,True,anomalous,market_aware_v1,77.099,65.284,347.491,29.118,1.673,169.316,17.412,4.421
2032a0cb-801a-46b4-8862-ee0515b1dfc6,2026-04-25T17:12:11.129733-04:00,node-01,orders-api,503,True,anomalous,market_aware_v1,89.898,59.075,329.475,34.454,1.595,170.19,50.488,4.358
f328b79b-a0b3-4395-8875-7b61f0003638,2026-04-25T17:12:11.130255-04:00,node-01,checkout-api,500,True,anomalous,market_aware_v1,87.638,62.882,344.967,32.473,1.655,168.543,29.927,4.503
7a79e654-8047-4ae7-b27a-74ca65303d28,2026-04-25T17:12:11.130765-04:00,node-01,payments-api,429,True,anomalous,market_aware_v1,79.634,64.873,348.87,28.447,1.602,167.449,14.854,4.452
d360af18-77f8-4009-b794-83135be0ea61,2026-04-25T17:12:11.131245-04:00,node-01,orders-api,500,True,anomalous,market_aware_v1,86.006,58.728,324.66,32.352,1.457,164.908,50.078,4.141
a775dad5-1307-4032-ae51-d5ce6c80615f,2026-04-25T17:12:11.131741-04:00,node-01,checkout-api,503,True,anomalous,market_aware_v1,80.603,63.805,347.355,31.252,1.674,168.637,27.017,4.523
bd6b278e-603f-470a-beb0-976e052867d5,2026-04-25T17:12:11.132224-04:00,node-01,payments-api,502,True,anomalous,market_aware_v1,77.693,62.661,334.245,24.374,1.546,159.101,13.44,4.202
6555ae5e-e94a-4e2d-8a2b-eb2fd4a1f7ad,2026-04-25T17:12:11.132708-04:00,node-01,orders-api,429,True,anomalous,market_aware_v1,84.546,59.312,332.421,31.021,1.624,171.222,50.086,4.639
dfccccfc-4e72-418a-af98-500cc312bdb4,2026-04-25T17:12:11.133175-04:00,node-01,checkout-api,503,True,anomalous,market_aware_v1,78.584,58.269,342.673,27.475,1.672,167.631,30.424,4.495
4aeea7a5-fe47-4fe3-969f-d30e2198fe8d,2026-04-25T17:12:11.133681-04:00,node-01,payments-api,500,True,anomalous,market_aware_v1,83.925,64.919,358.551,27.139,1.965,174.729,0.109,5.018
643b0136-0ead-44b3-a8f0-b9183c5f03ec,2026-04-25T17:12:11.134187-04:00,node-01,orders-api,500,True,anomalous,market_aware_v1,81.022,58.957,324.252,30.151,1.463,165.594,48.52,4.343
ef02063e-097d-4794-8054-3fb42474aaa9,2026-04-25T17:12:11.134686-04:00,node-01,checkout-api,502,True,anomalous,market_aware_v1,75.056,57.752,355.883,24.997,1.702,171.6,15.619,4.575
4fa60cf1-8eb5-4d3f-867d-d8162a9093e9,2026-04-25T17:12:11.135135-04:00,node-01,payments-api,503,True,anomalous,market_aware_v1,79.552,60.974,375.601,27.326,1.942,175.389,0.0,5.047
95c37910-8267-418e-8743-c612f31231e6,2026-04-25T17:12:11.135614-04:00,node-01,orders-api,500,True,anomalous,market_aware_v1,83.781,51.331,317.628,28.959,1.467,161.734,36.937,4.028
45a24d74-071c-44cc-8cb0-49488f518fbb,2026-04-25T17:12:11.136083-04:00,node-01,checkout-api,503,True,anomalous,market_aware_v1,75.895,58.35,337.752,28.474,1.533,165.609,15.485,4.414
71b9230b-2466-4a84-8113-e82fd8fd9a01,2026-04-25T17:12:11.136588-04:00,node-01,payments-api,502,True,anomalous,market_aware_v1,74.469,60.59,369.069,24.077,1.61,173.01,0.0,4.607
8717e91e-e462-4b10-8220-f0d9bc084357,2026-04-25T17:12:11.137057-04:00,node-01,orders-api,429,True,anomalous,market_aware_v1,79.643,54.341,328.102,30.472,1.449,171.907,38.147,4.266
9a46e6ac-926e-489e-8c95-f1fe1a6cac97,2026-04-25T17:12:11.137575-04:00,node-01,checkout-api,502,True,anomalous,market_aware_v1,79.686,61.271,358.054,24.497,1.7,167.343,14.672,4.55
568613a0-ef32-4a33-9465-51c3eff266f1,2026-04-25T17:12:11.138045-04:00,node-01,payments-api,502,True,anomalous,market_aware_v1,73.296,60.328,357.256,23.431,1.618,171.539,0.731,4.677
50f4c5ae-cac8-43d5-bdc6-dd1668ea3527,2026-04-25T17:12:11.138522-04:00,node-01,orders-api,503,True,anomalous,market_aware_v1,73.185,55.804,305.704,29.364,1.429,160.701,43.16,4.114
472bbcde-1420-4349-95fd-b412faadea0d,2026-04-25T17:12:11.138959-04:00,node-01,checkout-api,503,True,anomalous,market_aware_v1,76.237,59.82,354.822,25.914,1.743,173.125,8.985,4.713
290027c1-fecc-4177-811d-4e446aab7009,2026-04-25T17:12:11.139406-04:00,node-01,payments-api,500,True,anomalous,market_aware_v1,78.018,62.748,379.028,25.963,1.835,179.143,7.886,5.184
4ed401a7-66ee-405a-98f9-fc5b89b4ec83,2026-04-25T17:12:11.139831-04:00,node-01,orders-api,502,True,anomalous,market_aware_v1,83.125,57.788,325.626,31.082,1.428,160.055,49.724,4.017
d1a3719d-d9dc-4cc2-bfad-367d32715605,2026-04-25T17:12:11.140327-04:00,node-01,checkout-api,502,True,anomalous,market_aware_v1,81.882,56.787,340.898,26.911,1.68,170.186,19.015,4.518
af25b0a1-8891-4a2f-bcc4-712bbb36108f,2026-04-25T17:12:11.140817-04:00,node-01,payments-api,503,True,anomalous,market_aware_v1,72.452,62.552,341.416,27.547,1.504,165.577,9.184,4.191
f8356268-c97e-4b50-a462-4e3617ff33f6,2026-04-25T17:12:11.141288-04:00,node-01,orders-api,429,True,anomalous,market_aware_v1,83.582,57.145,332.857,28.753,1.479,168.154,48.243,4.271
4fa5c0f5-c75c-4c09-ae4e-4bf6e210888a,2026-04-25T17:12:11.141772-04:00,node-01,checkout-api,503,True,anomalous,market_aware_v1,83.774,59.262,339.671,29.228,1.552,164.965,22.194,4.366
3fef93b2-1137-4de6-a582-6f7220bb11b3,2026-04-25T17:12:11.142326-04:00,node-01,payments-api,429,True,anomalous,market_aware_v1,76.713,62.537,348.292,25.994,1.547,167.457,14.817,4.394
0fa7b697-8312-41c3-9726-606b4dca823d,2026-04-25T17:12:11.142811-04:00,node-01,orders-api,503,True,anomalous,market_aware_v1,85.217,58.394,341.242,32.024,1.521,169.723,45.209,4.316
fe5c624e-454b-4e78-9db8-f9d6902b2297,2026-04-25T17:12:11.143281-04:00,node-01,checkout-api,502,True,anomalous,market_aware_v1,81.204,61.581,362.499,31.203,1.899,179.66,24.187,5.333
45968091-31b8-4e62-ab6d-b244a21ff5db,2026-04-25T17:12:11.143912-04:00,node-01,payments-api,503,True,anomalous,market_aware_v1,74.671,64.609,329.337,26.271,1.628,169.33,16.055,4.492
e8dc009d-f72d-4d7d-b635-9b4d286eff69,2026-04-25T17:12:11.144420-04:00,node-01,orders-api,502,True,anomalous,market_aware_v1,88.405,58.918,328.64,32.237,1.356,165.742,51.384,4.065
2b5779fe-8957-4a08-984d-4eb846d3f2f7,2026-04-25T17:12:11.144904-04:00,node-01,checkout-api,429,True,anomalous,market_aware_v1,79.359,65.899,334.109,30.356,1.658,165.351,36.274,4.575
297d1c84-57c3-4613-828c-649481506896,2026-04-25T17:12:11.145400-04:00,node-01,payments-api,429,True,anomalous,market_aware_v1,82.574,66.43,355.443,25.151,1.59,171.627,14.624,4.464
818eb196-4a98-4485-a59e-5250c051c2ed,2026-04-25T17:12:11.145914-04:00,node-01,orders-api,429,True,anomalous,market_aware_v1,91.369,58.928,345.63,32.376,1.622,178.234,50.109,4.556
70196ddb-81f2-4e94-8f25-b4f65e64cf09,2026-04-25T17:12:11.146399-04:00,node-01,checkout-api,503,True,anomalous,market_aware_v1,85.042,58.869,352.443,29.869,1.771,172.683,23.46,4.805
b3e48f03-b118-4d54-8982-df253b2c8d56,2026-04-25T17:12:11.146905-04:00,node-01,payments-api,502,True,anomalous,market_aware_v1,81.386,62.264,353.157,24.704,1.583,170.734,12.241,4.572
1ec8d3b0-cb0c-4146-9c3f-168dbec3f19b,2026-04-25T17:12:11.147336-04:00,node-01,orders-api,429,True,anomalous,market_aware_v1,86.481,60.149,338.68,32.557,1.536,163.939,51.578,4.185
5e70ded5-a235-4cd9-ba6a-3b871c2d55c1,2026-04-25T17:12:11.147837-04:00,node-01,checkout-api,503,True,anomalous,market_aware_v1,82.022,65.756,353.561,30.365,1.56,168.965,25.0,4.434
60ea5d7a-e6d0-438e-9e3d-9458916ac87d,2026-04-25T17:12:11.148325-04:00,node-01,payments-api,502,True,anomalous,market_aware_v1,81.538,64.915,349.619,23.52,1.526,168.348,13.631,4.278
4dfb0579-b5e4-4727-acd4-78b44aaf02e1,2026-04-25T17:12:11.148829-04:00,node-01,orders-api,503,True,anomalous,market_aware_v1,86.989,60.305,318.91,31.755,1.449,160.267,49.821,4.028
b4b48645-640e-46df-ba52-556168274f93,2026-04-25T17:12:11.149318-04:00,node-01,checkout-api,503,True,anomalous,market_aware_v1,82.084,62.236,349.29,33.285,1.671,169.082,23.447,4.506
dc7fbcf8-eccc-4bf4-bd42-e4421b715d11,2026-04-25T17:12:11.149796-04:00,node-01,payments-api,429,True,anomalous,market_aware_v1,77.88,63.746,352.361,27.581,1.567,168.341,11.226,4.539
f52eb7ef-393e-478d-b5e0-f4c9056ede83,2026-04-25T17:12:11.150280-04:00,node-01,orders-api,502,True,anomalous,market_aware_v1,87.32,60.34,346.206,31.223,1.517,178.329,43.233,4.542
bccebf27-1e8f-42cf-93de-567ff051e82c,2026-04-25T17:12:11.150774-04:00,node-01,checkout-api,503,True,anomalous,market_aware_v1,81.942,61.268,340.072,30.596,1.727,167.751,26.671,4.592
b2e96429-7cac-4e3c-908e-f9b088d6b5af,2026-04-25T17:12:11.151272-04:00,node-01,payments-api,429,True,anomalous,market_aware_v1,76.952,62.543,362.392,25.249,1.658,173.666,8.981,4.58
c740906d-fbc5-4f14-a723-b181d7716e29,2026-04-25T17:12:11.151777-04:00,node-01,orders-api,503,True,anomalous,market_aware_v1,79.184,55.71,323.635,31.783,1.481,164.343,49.916,4.185
bf50fa0b-3744-4b72-95f8-5fac2830d50c,2026-04-25T17:12:11.152250-04:00,node-01,checkout-api,429,True,anomalous,market_aware_v1,82.452,59.739,373.684,28.501,1.948,179.772,19.315,5.296
a2ca71c1-ee6a-4365-ae4f-14178a11a55c,2026-04-25T17:12:11.152672-04:00,node-01,payments-api,503,True,anomalous,market_aware_v1,76.987,65.985,358.293,24.503,1.855,164.616,10.342,4.756
bf00b30d-0370-4585-b344-7994bdd63573,2026-04-25T17:12:11.153105-04:00,node-01,orders-api,429,True,anomalous,market_aware_v1,82.618,57.599,322.348,31.298,1.476,166.656,46.034,4.123
0af08d2e-6f4e-4223-8e2a-a663dc632b26,2026-04-25T17:12:11.153543-04:00,node-01,checkout-api,502,True,anomalous,market_aware_v1,81.906,59.072,355.514,27.03,1.683,176.137,17.703,4.784
5c852c72-dac4-4163-8202-e98ff3c9fc41,2026-04-25T17:12:11.153992-04:00,node-01,payments-api,500,True,anomalous,market_aware_v1,72.64,65.057,362.803,27.106,1.65,172.682,10.339,4.592
c537c402-d250-4d83-bee3-d7aa35973988,2026-04-25T17:12:11.154411-04:00,node-01,orders-api,503,True,anomalous,market_aware_v1,86.27,58.797,341.267,30.396,1.73,168.171,37.892,4.657
75450d18-2808-42de-a662-2fc630b1aace,2026-04-25T17:12:11.154922-04:00,node-01,checkout-api,429,True,anomalous,market_aware_v1,79.539,63.013,349.156,26.915,1.499,166.27,19.607,4.338
4961086b-08a9-4e7a-8818-579ee858e3e8,2026-04-25T17:12:11.155407-04:00,node-01,payments-api,502,True,anomalous,market_aware_v1,76.163,59.004,355.891,25.114,1.624,170.13,8.789,4.525
6470c5cd-fc18-49f9-9b2c-24e5e1111443,2026-04-25T17:12:11.155908-04:00,node-01,orders-api,429,True,anomalous,market_aware_v1,81.328,58.661,325.081,31.907,1.525,165.515,43.12,4.355
72918751-d315-4e82-bede-a745a5a54eb1,2026-04-25T17:12:11.156411-04:00,node-01,checkout-api,502,True,anomalous,market_aware_v1,79.449,60.863,358.389,28.576,1.682,169.406,17.853,4.503
9a4699e5-d703-44bd-b101-cfd66b6eaab6,2026-04-25T17:12:11.156892-04:00,node-01,payments-api,500,True,anomalous,market_aware_v1,75.624,62.83,356.958,26.041,1.619,172.392,12.841,4.479
380bed26-4194-40d5-9574-2f9315752ce4,2026-04-25T17:12:11.157380-04:00,node-01,orders-api,429,True,anomalous,market_aware_v1,83.964,59.704,332.374,28.609,1.52,167.392,44.879,4.196
241f0a77-7c22-471f-9f68-ed044f895ed8,2026-04-25T17:12:11.157864-04:00,node-01,checkout-api,502,True,anomalous,market_aware_v1,81.461,61.66,346.273,28.767,1.56,168.086,29.146,4.476
d98c1b22-dd29-4c54-b56c-ac54e56caa43,2026-04-25T17:12:11.158391-04:00,node-01,payments-api,500,True,anomalous,market_aware_v1,76.064,65.088,336.23,26.992,1.442,164.273,19.966,4.187
1208a166-5296-4e46-ab3e-5e00e3baeeb2,2026-04-25T17:12:11.158885-04:00,node-01,orders-api,500,True,anomalous,market_aware_v1,81.941,62.107,328.492,31.065,1.464,169.75,53.015,4.312
bb9897fb-8106-4e42-9d87-4e80df962fb2,2026-04-25T17:12:11.159369-04:00,node-01,checkout-api,503,True,anomalous,market_aware_v1,89.552,65.126,355.885,29.956,1.714,171.297,26.736,4.753
e008c7d0-f503-4edc-aaaa-8210a4254dbe,2026-04-25T17:12:11.159877-04:00,node-01,payments-api,502,True,anomalous,market_aware_v1,78.502,65.584,343.647,26.316,1.645,169.762,11.885,4.535
b13aa995-af81-4b3b-a29d-16bbabd22dc4,2026-04-25T17:12:11.160348-04:00,node-01,orders-api,429,True,anomalous,market_aware_v1,88.858,58.914,340.877,33.814,1.518,176.531,53.087,4.472
1e809de7-ef0a-4b28-8961-2246c199c939,2026-04-25T17:12:11.160841-04:00,node-01,checkout-api,429,True,anomalous,market_aware_v1,81.213,63.066,346.328,31.131,1.602,168.563,24.49,4.439
c4616e81-85fc-425c-941e-bca55a6dc35a,2026-04-25T17:12:11.161309-04:00,node-01,payments-api,429,True,anomalous,market_aware_v1,84.625,66.463,363.046,27.475,1.572,171.672,22.645,4.489
7ff859ca-6887-4c22-a842-0d0b4a29cfa7,2026-04-25T17:12:11.161779-04:00,node-01,orders-api,429,True,anomalous,market_aware_v1,88.707,62.715,333.955,33.142,1.556,166.865,58.444,4.231
c5ded71b-cd81-4691-b3b2-5fc404633550,2026-04-25T17:12:11.162228-04:00,node-01,checkout-api,503,True,anomalous,market_aware_v1,85.104,64.007,366.147,31.985,1.774,180.418,27.803,4.881
f1588304-9ce1-49e3-9be1-3251c53186d0,2026-04-25T17:12:11.162670-04:00,node-01,payments-api,502,True,anomalous,market_aware_v1,86.954,66.838,359.907,26.423,1.627,180.557,12.563,4.615
e62151ae-e66d-4fea-a872-dc9f8f038157,2026-04-25T17:12:11.163090-04:00,node-01,orders-api,503,True,anomalous,market_aware_v1,93.036,64.264,339.53,33.237,1.513,164.554,62.138,4.494
2d339f6f-8822-4076-a2df-9343cbdbb3b9,2026-04-25T17:12:11.163520-04:00,node-01,checkout-api,502,True,anomalous,market_aware_v1,86.942,62.937,342.362,29.899,1.611,162.875,38.979,4.451
28b044b0-21ac-4ad9-b403-0b81ef3f6890,2026-04-25T17:12:11.163962-04:00,node-01,payments-api,502,True,anomalous,market_aware_v1,89.02,67.964,368.511,25.312,1.652,176.682,13.767,4.774
91957880-ab7f-45c0-887b-955c2ae9608c,2026-04-25T17:12:11.164512-04:00,node-01,orders-api,500,True,anomalous,market_aware_v1,87.528,60.73,340.83,31.342,1.472,171.571,51.974,4.368
8ec3c63b-9978-4ca8-8e60-06561d819ba2,2026-04-25T17:12:11.164962-04:00,node-01,checkout-api,503,True,anomalous,market_aware_v1,88.942,63.772,356.412,30.1,1.781,175.679,27.286,4.734
075b92a2-820b-4a58-8ae4-dfc1796ccb21,2026-04-25T17:12:11.165393-04:00,node-01,payments-api,502,True,anomalous,market_aware_v1,84.16,64.569,363.278,26.499,1.602,169.946,17.662,4.444
0580105e-56fd-4daa-b187-f292eb81182e,2026-04-25T17:12:11.165895-04:00,node-01,orders-api,503,True,anomalous,market_aware_v1,87.383,58.725,350.104,31.74,1.556,175.302,51.579,4.479
1663ef54-76a3-4861-b671-c60b94416d03,2026-04-25T17:12:11.166376-04:00,node-01,checkout-api,500,True,anomalous,market_aware_v1,82.843,61.358,338.873,31.699,1.632,173.191,30.999,4.532
44a07d4c-dad7-4c9c-863e-4afc950b1125,2026-04-25T17:12:11.166881-04:00,node-01,payments-api,503,True,anomalous,market_aware_v1,83.829,66.858,383.847,28.57,2.014,184.476,6.615,5.309
1add2234-21e4-4257-8538-d7f842041935,2026-04-25T17:12:11.167370-04:00,node-01,orders-api,429,True,anomalous,market_aware_v1,88.195,59.825,336.283,32.633,1.471,171.098,49.056,4.316
ffc07710-3be1-4b82-87bf-0577892cd078,2026-04-25T17:12:11.167846-04:00,node-01,checkout-api,500,True,anomalous,market_aware_v1,89.16,64.317,354.467,33.08,1.939,173.222,19.723,4.888
1c688f46-7af7-46a8-8344-2cca76f9a648,2026-04-25T17:12:11.168337-04:00,node-01,payments-api,503,True,anomalous,market_aware_v1,84.464,67.876,365.904,25.972,2.015,178.807,2.671,5.169
ca329f10-87f7-4b0b-bccf-f20f8508e390,2026-04-25T17:12:11.168852-04:00,node-01,orders-api,429,True,anomalous,market_aware_v1,80.798,57.225,344.275,30.139,1.564,175.762,48.742,4.509
fe8d1931-7440-4f69-ac19-6c1ddb2404ce,2026-04-25T17:12:11.169357-04:00,node-01,checkout-api,503,True,anomalous,market_aware_v1,82.289,57.932,347.718,28.693,1.598,168.041,25.375,4.493
d028c0a8-09de-4020-9fa2-7764e1f08820,2026-04-25T17:12:11.169821-04:00,node-01,payments-api,429,True,anomalous,market_aware_v1,79.115,66.154,354.991,27.562,1.507,167.336,4.782,4.373
5954667a-82fe-455c-9efb-e5dc08c51c21,2026-04-25T17:12:11.170246-04:00,node-01,orders-api,502,True,anomalous,market_aware_v1,81.463,55.382,340.581,29.591,1.539,171.147,41.123,4.288
